# Blender 4.2.3 LTS
# www.blender.org
mtllib doll_standflower_2.mtl
o zip.001
v 0.037766 0.893554 0.165667
v -0.038725 0.893554 0.165667
v 0.037782 0.891075 0.160130
v -0.038753 0.891076 0.160130
v -0.025537 1.015129 0.111102
v 0.025523 1.015128 0.111102
v -0.025549 1.012695 0.105667
v 0.025538 1.012695 0.105667
v 0.016833 0.936197 0.184077
v 0.016833 0.921981 0.152937
v -0.017336 0.936197 0.184077
v -0.017336 0.921982 0.152937
v -0.017336 0.923460 0.193958
v -0.017336 0.907900 0.159257
v 0.016833 0.923460 0.193958
v 0.016833 0.907900 0.159257
v -0.017336 0.998051 0.156379
v 0.016833 0.998050 0.156379
v 0.016833 0.984237 0.124995
v -0.017336 0.984237 0.124995
v -0.017336 0.998318 0.118675
v -0.017336 1.013909 0.153455
v 0.016833 0.998318 0.118675
v 0.016833 1.013909 0.153455
v -0.038890 0.910615 0.151379
v -0.038888 0.913090 0.156899
v -0.066874 0.941530 0.144135
v -0.066880 0.939069 0.138638
v 0.066882 0.939066 0.138639
v 0.066878 0.941527 0.144136
v 0.037844 0.908106 0.152503
v 0.037840 0.910584 0.158024
v 0.051863 0.985084 0.118032
v 0.051852 0.987528 0.123490
v -0.051882 0.985085 0.118031
v -0.051873 0.987529 0.123490
v -0.017336 0.941066 0.201095
v 0.016833 0.941066 0.201095
v 0.016833 1.007511 0.171340
v -0.017336 1.007512 0.171340
v 0.040622 0.711540 0.227309
v 0.034559 0.789080 0.206284
v 0.042145 0.709022 0.221951
v 0.035706 0.788545 0.200388
v -0.036286 0.788546 0.200388
v -0.035137 0.789081 0.206284
v -0.042549 0.709022 0.221951
v -0.041028 0.711540 0.227309
v 0.027343 0.881453 0.181238
v 0.023567 0.929729 0.168148
v 0.028389 0.879077 0.175840
v 0.024341 0.929052 0.162290
v -0.025232 0.929052 0.162290
v -0.024457 0.929729 0.168148
v -0.029170 0.879078 0.175840
v -0.028125 0.881453 0.181238
v -0.000474 0.700980 0.224131
v -0.000475 0.703498 0.229489
v -0.000478 0.797485 0.197964
v -0.000478 0.798020 0.203860
v 0.036060 0.944411 0.158125
v -0.000486 0.951639 0.156165
v 0.036551 0.946754 0.163531
v -0.000486 0.953982 0.161572
v -0.038439 0.944411 0.158125
v -0.038928 0.946754 0.163532
v -0.070474 0.693214 0.226237
v -0.000564 0.680839 0.229592
v -0.071685 0.693851 0.232105
v -0.000564 0.681476 0.235461
v 0.067415 0.693214 0.226237
v 0.068625 0.693850 0.232105
v -0.000485 0.871225 0.177969
v -0.000485 0.873601 0.183367
v -0.000435 0.936279 0.160330
v -0.000435 0.936957 0.166188
v -0.037950 0.945726 0.166204
v -0.000486 0.952954 0.164244
v 0.035568 0.945726 0.166204
v -0.000435 0.939260 0.167957
v -0.026008 0.932032 0.169917
v -0.030215 0.880360 0.183928
v -0.051592 0.837023 0.195679
v -0.000485 0.872508 0.186057
v 0.029436 0.880359 0.183928
v -0.000550 0.837023 0.195679
v 0.048917 0.837022 0.195679
v 0.025115 0.932032 0.169917
v -0.037435 0.791669 0.207976
v -0.069262 0.696234 0.233853
v -0.044070 0.710162 0.230076
v -0.000564 0.683860 0.237208
v -0.000474 0.702120 0.232257
v -0.000478 0.800608 0.205552
v 0.036853 0.791669 0.207976
v 0.043669 0.710162 0.230076
v 0.066206 0.696234 0.233853
v 0.049721 0.834964 0.187801
v 0.050526 0.836564 0.193409
v -0.052396 0.834964 0.187802
v -0.053200 0.836564 0.193409
v -0.000550 0.834889 0.187814
vn 0.5755 -0.2915 0.7640
vn -0.5739 -0.2922 0.7650
vn 0.7065 -0.6451 0.2909
vn -0.7059 -0.6451 0.2923
vn -0.3232 0.9042 0.2791
vn 0.3232 0.9042 0.2792
vn -0.4148 0.8308 -0.3711
vn 0.4150 0.8308 -0.3709
vn 0.9037 0.1512 -0.4006
vn 0.3036 0.6454 0.7009
vn -0.9037 0.1512 -0.4006
vn -0.3036 0.6454 0.7009
vn -0.6320 -0.5379 0.5579
vn -0.3020 0.0945 0.9486
vn 0.6320 -0.5379 0.5578
vn 0.3020 0.0945 0.9486
vn -0.9038 -0.3994 -0.1538
vn 0.9038 -0.3994 -0.1538
vn 0.3038 0.0946 0.9480
vn -0.3038 0.0945 0.9480
vn -0.3018 0.6459 0.7012
vn -0.6319 0.7744 -0.0302
vn 0.3017 0.6459 0.7012
vn 0.6320 0.7744 -0.0302
vn -0.9325 -0.3292 0.1484
vn -0.5647 0.1263 0.8156
vn -0.7715 0.0921 0.6295
vn -0.9757 -0.1998 0.0905
vn 0.9782 -0.1893 0.0855
vn 0.7723 0.1015 0.6271
vn 0.9374 -0.3175 0.1434
vn 0.5707 0.1313 0.8106
vn 0.8763 0.4404 -0.1955
vn 0.6560 0.6005 0.4571
vn -0.8763 0.4403 -0.1955
vn -0.6562 0.6004 0.4570
vn -0.6286 0.0140 0.7776
vn 0.6286 0.0140 0.7776
vn 0.6286 0.5709 0.5282
vn -0.6286 0.5709 0.5282
vn -0.6867 0.6578 0.3093
vn -0.7015 -0.4507 0.5521
vn -0.2850 -0.0376 -0.9578
vn -0.3176 -0.4956 -0.8084
vn 0.3163 -0.4952 -0.8092
vn 0.7024 -0.4485 0.5526
vn 0.2874 -0.0368 -0.9571
vn 0.6907 0.6549 0.3068
vn -0.7651 0.5924 0.2523
vn -0.7541 -0.4486 0.4797
vn -0.3237 -0.0183 -0.9460
vn -0.3446 -0.5061 -0.7907
vn 0.3421 -0.5059 -0.7918
vn 0.7542 -0.4475 0.4805
vn 0.3267 -0.0176 -0.9450
vn 0.7687 0.5891 0.2491
vn -0.0011 0.3585 -0.9335
vn -0.0004 0.9996 0.0265
vn 0.0027 -0.7676 -0.6410
vn 0.0033 -0.8466 0.5323
vn 0.5660 0.3119 -0.7631
vn 0.0018 0.4845 -0.8748
vn 0.6942 0.7185 0.0426
vn 0.0028 0.9995 -0.0306
vn -0.5626 0.3161 -0.7639
vn -0.6904 0.7223 0.0413
vn -0.5963 -0.5964 -0.5373
vn 0.0028 -0.8548 -0.5190
vn -0.7748 -0.4807 0.4106
vn 0.0031 -0.8712 0.4909
vn 0.5956 -0.5971 -0.5373
vn 0.7745 -0.4812 0.4106
vn -0.0019 0.3408 -0.9401
vn -0.0013 1.0000 0.0032
vn 0.0020 -0.7647 -0.6444
vn 0.0019 -0.8606 0.5093
vn -0.4465 0.5405 0.7131
vn 0.0020 0.7059 0.7083
vn 0.4481 0.5381 0.7139
vn -0.0000 -0.1145 0.9934
vn 0.1845 0.1003 0.9777
vn 0.1611 0.3701 0.9149
vn -0.4588 0.2857 0.8413
vn 0.0003 0.6045 0.7966
vn -0.1609 0.3703 0.9149
vn -0.0000 0.2617 0.9652
vn 0.4589 0.2846 0.8417
vn -0.1848 0.0991 0.9778
vn 0.1487 0.1344 0.9797
vn -0.3581 -0.0129 0.9336
vn 0.1219 0.3459 0.9303
vn 0.0013 -0.2268 0.9739
vn 0.0004 0.5952 0.8036
vn 0.0004 -0.0930 0.9957
vn -0.1487 0.1334 0.9798
vn -0.1217 0.3461 0.9303
vn 0.3587 -0.0120 0.9334
vn 0.6520 -0.1203 -0.7486
vn 0.9652 0.1737 0.1954
vn -0.6520 -0.1199 -0.7487
vn -0.9651 0.1751 0.1949
vn -0.0000 -0.2617 -0.9652
vt 0.930435 1.137609
vt 0.910682 1.137609
vt 0.931555 1.136557
vt 0.909745 1.136557
vt 0.914087 1.185605
vt 0.927274 1.185605
vt 0.913700 1.186223
vt 0.927645 1.186239
vt 0.563461 1.142031
vt 0.583744 1.142031
vt 0.563461 1.146322
vt 0.583741 1.146314
vt 0.571394 1.152809
vt 0.583744 1.152809
vt 0.570600 1.159067
vt 0.583738 1.159067
vt 0.542551 1.146322
vt 0.542551 1.142031
vt 0.523114 1.142031
vt 0.523101 1.146314
vt 0.523114 1.152809
vt 0.535424 1.152809
vt 0.523088 1.159067
vt 0.534633 1.159067
vt 0.909771 1.144949
vt 0.910639 1.145320
vt 0.903412 1.156549
vt 0.902419 1.156549
vt 0.938821 1.156548
vt 0.937953 1.156548
vt 0.931508 1.144207
vt 0.930454 1.144333
vt 0.934712 1.175165
vt 0.933587 1.174256
vt 0.906635 1.175143
vt 0.907766 1.174256
vt 0.560686 1.152809
vt 0.560686 1.159067
vt 0.545326 1.159067
vt 0.545326 1.152809
vt 0.583744 1.163934
vt 0.563461 1.163934
vt 0.542551 1.163934
vt 0.523114 1.163934
vt 0.915540 1.149549
vt 0.915540 1.142541
vt 0.925693 1.142541
vt 0.925693 1.149549
vt 0.915546 1.172699
vt 0.925687 1.172699
vt 0.925687 1.179683
vt 0.915546 1.179683
vt 0.183824 0.075974
vt 0.183660 0.383101
vt 0.191616 0.065902
vt 0.190720 0.393188
vt 0.058267 0.382778
vt 0.053849 0.382778
vt 0.059164 0.063208
vt 0.054745 0.063208
vt 0.184121 0.730803
vt 0.185709 0.921785
vt 0.190734 0.721167
vt 0.192527 0.931704
vt 0.051161 0.931704
vt 0.060187 0.922350
vt 0.049369 0.721167
vt 0.058368 0.730917
vt 0.120941 0.065902
vt 0.120941 0.075987
vt 0.050278 0.065902
vt 0.061933 0.076245
vt 0.049382 0.393188
vt 0.115563 0.432627
vt 0.058327 0.383089
vt 0.115563 0.422527
vt 0.235238 0.994435
vt 0.121723 0.994435
vt 0.235103 0.988085
vt 0.121656 0.988085
vt 0.008208 0.994435
vt 0.008208 0.988085
vt 0.007930 0.014262
vt 0.119628 0.014262
vt 0.006141 0.004473
vt 0.119669 0.004459
vt 0.231327 0.014262
vt 0.233183 0.004459
vt 0.117356 0.693381
vt 0.117356 0.703030
vt 0.121837 0.931704
vt 0.121837 0.922055
vt 0.011772 0.981732
vt 0.121723 0.981732
vt 0.231687 0.981732
vt 0.192182 0.921857
vt 0.123905 0.928468
vt 0.123905 0.921857
vt 0.055628 0.921857
vt 0.050831 0.928468
vt 0.053836 0.717917
vt 0.049038 0.711308
vt 0.011772 0.558858
vt 0.119423 0.690131
vt 0.119423 0.683521
vt 0.190390 0.717917
vt 0.195201 0.711308
vt 0.121723 0.558858
vt 0.231687 0.558858
vt 0.196994 0.928468
vt 0.049038 0.390494
vt 0.011772 0.011169
vt 0.049935 0.055489
vt 0.121723 0.011169
vt 0.123008 0.055489
vt 0.117630 0.429933
vt 0.117630 0.422216
vt 0.190376 0.382778
vt 0.195201 0.390494
vt 0.196097 0.055489
vt 0.191272 0.063208
vt 0.123008 0.063208
vt 0.231687 0.011169
vt 0.235238 0.004251
vt 0.121723 0.004251
vt 0.008208 0.004251
vt 0.231394 0.565687
vt 0.237372 0.565970
vt 0.231394 0.991460
vt 0.003885 0.988085
vt 0.003885 0.559424
vt 0.008208 0.559424
vt 0.003885 0.004251
vt 0.119669 0.565404
vt 0.007930 0.565687
vt 0.119669 0.991460
vt 0.007930 0.991460
s 1
usemtl Material.005
f 1/1/1 2/2/2 3/3/3
f 2/2/2 4/4/4 3/3/3
f 5/5/5 6/6/6 7/7/7
f 6/6/6 8/8/8 7/7/7
f 9/9/9 10/10/10 11/11/11
f 10/10/10 12/12/12 11/11/11
f 13/13/13 14/14/14 15/15/15
f 14/14/14 16/16/16 15/15/15
f 11/11/11 17/17/17 9/9/9
f 17/17/17 18/18/18 9/9/9
f 19/19/19 18/18/18 20/20/20
f 18/18/18 17/17/17 20/20/20
f 21/21/21 22/22/22 23/23/23
f 22/22/22 24/24/24 23/23/23
f 4/4/4 2/2/2 25/25/25
f 2/2/2 26/26/26 25/25/25
f 26/26/26 27/27/27 25/25/25
f 25/25/25 27/27/27 28/28/28
f 29/29/29 30/30/30 31/31/31
f 30/30/30 32/32/32 31/31/31
f 32/32/32 1/1/1 31/31/31
f 31/31/31 1/1/1 3/3/3
f 29/29/29 33/33/33 30/30/30
f 30/30/30 33/33/33 34/34/34
f 33/33/33 8/8/8 34/34/34
f 34/34/34 8/8/8 6/6/6
f 7/7/7 35/35/35 5/5/5
f 5/5/5 35/35/35 36/36/36
f 35/35/35 28/28/28 36/36/36
f 36/36/36 28/28/28 27/27/27
f 13/13/13 15/15/15 37/37/37
f 15/15/15 38/38/38 37/37/37
f 38/38/38 39/39/39 37/37/37
f 37/37/37 39/39/39 40/40/40
f 40/40/40 39/39/39 22/22/22
f 39/39/39 24/24/24 22/22/22
f 12/12/12 14/14/14 11/11/11
f 14/14/14 13/13/13 11/11/11
f 13/13/13 37/37/37 11/11/11
f 11/11/11 37/37/37 17/17/17
f 37/37/37 40/40/40 17/17/17
f 40/40/40 22/22/22 17/17/17
f 17/17/17 22/22/22 20/20/20
f 22/22/22 21/21/21 20/20/20
f 16/16/16 10/41/10 15/15/15
f 10/41/10 9/42/9 15/15/15
f 15/15/15 9/42/9 38/38/38
f 38/38/38 9/42/9 39/39/39
f 9/42/9 18/43/18 39/39/39
f 39/39/39 18/43/18 24/24/24
f 24/24/24 18/43/18 23/23/23
f 18/43/18 19/44/19 23/23/23
f 36/36/36 27/27/27 12/45/12
f 27/27/27 26/26/26 12/45/12
f 12/45/12 26/26/26 14/46/14
f 26/26/26 2/2/2 14/46/14
f 14/46/14 2/2/2 1/1/1
f 16/47/16 14/46/14 1/1/1
f 1/1/1 32/32/32 16/47/16
f 16/47/16 32/32/32 10/48/10
f 32/32/32 30/30/30 10/48/10
f 10/48/10 30/30/30 34/34/34
f 20/49/20 10/48/10 19/50/19
f 10/48/10 34/34/34 19/50/19
f 19/50/19 34/34/34 23/51/23
f 34/34/34 6/6/6 23/51/23
f 6/6/6 5/5/5 23/51/23
f 23/51/23 5/5/5 21/52/21
f 5/5/5 36/36/36 21/52/21
f 21/52/21 36/36/36 20/49/20
f 36/36/36 12/45/12 20/49/20
f 20/49/20 12/45/12 10/48/10
f 41/53/41 42/54/42 43/55/43
f 42/54/42 44/56/44 43/55/43
f 45/57/45 46/58/46 47/59/47
f 46/58/46 48/60/48 47/59/47
f 49/61/49 50/62/50 51/63/51
f 50/62/50 52/64/52 51/63/51
f 53/65/53 54/66/54 55/67/55
f 54/66/54 56/68/56 55/67/55
f 43/55/43 57/69/57 41/53/41
f 41/53/41 57/69/57 58/70/58
f 57/69/57 47/71/47 58/70/58
f 58/70/58 47/71/47 48/72/48
f 45/73/45 59/74/59 46/75/46
f 46/75/46 59/74/59 60/76/60
f 59/74/59 44/56/44 60/76/60
f 60/76/60 44/56/44 42/54/42
f 61/77/61 62/78/62 63/79/63
f 63/79/63 62/78/62 64/80/64
f 62/78/62 65/81/65 64/80/64
f 64/80/64 65/81/65 66/82/66
f 67/83/67 68/84/68 69/85/69
f 69/85/69 68/84/68 70/86/70
f 68/84/68 71/87/71 70/86/70
f 70/86/70 71/87/71 72/88/72
f 51/63/51 73/89/73 49/61/49
f 49/61/49 73/89/73 74/90/74
f 73/89/73 55/67/55 74/90/74
f 74/90/74 55/67/55 56/68/56
f 53/65/53 75/91/75 54/66/54
f 54/66/54 75/91/75 76/92/76
f 75/91/75 52/64/52 76/92/76
f 76/92/76 52/64/52 50/62/50
f 66/82/66 77/93/77 64/80/64
f 77/93/77 78/94/78 64/80/64
f 78/94/78 79/95/79 64/80/64
f 64/80/64 79/95/79 63/79/63
f 50/96/50 80/97/80 76/98/76
f 76/98/76 80/97/80 54/99/54
f 80/97/80 81/100/81 54/99/54
f 54/99/54 81/100/81 56/101/56
f 56/101/56 81/100/81 82/102/82
f 82/102/82 81/100/81 83/103/83
f 83/103/83 81/100/81 77/93/77
f 77/93/77 81/100/81 78/94/78
f 81/100/81 80/97/80 78/94/78
f 74/104/74 84/105/84 49/106/49
f 49/106/49 84/105/84 85/107/85
f 84/105/84 86/108/86 85/107/85
f 86/108/86 87/109/87 85/107/85
f 87/109/87 79/95/79 85/107/85
f 85/107/85 79/95/79 88/110/88
f 79/95/79 78/94/78 88/110/88
f 78/94/78 80/97/80 88/110/88
f 80/97/80 50/96/50 88/110/88
f 88/110/88 50/96/50 85/107/85
f 50/96/50 49/106/49 85/107/85
f 74/104/74 56/101/56 84/105/84
f 56/101/56 82/102/82 84/105/84
f 84/105/84 82/102/82 86/108/86
f 82/102/82 83/103/83 86/108/86
f 86/108/86 83/103/83 89/111/89
f 83/103/83 90/112/90 89/111/89
f 89/111/89 90/112/90 91/113/91
f 90/112/90 92/114/92 91/113/91
f 92/114/92 93/115/93 91/113/91
f 93/115/93 48/60/48 91/113/91
f 91/113/91 48/60/48 89/111/89
f 48/60/48 46/58/46 89/111/89
f 89/111/89 46/58/46 94/116/94
f 46/58/46 60/117/60 94/116/94
f 60/117/60 42/118/42 94/116/94
f 94/116/94 42/118/42 95/119/95
f 95/119/95 42/118/42 96/120/96
f 42/118/42 41/121/41 96/120/96
f 96/120/96 41/121/41 93/115/93
f 41/121/41 58/122/58 93/115/93
f 93/115/93 58/122/58 48/60/48
f 93/115/93 92/114/92 96/120/96
f 92/114/92 97/123/97 96/120/96
f 96/120/96 97/123/97 95/119/95
f 97/123/97 87/109/87 95/119/95
f 87/109/87 86/108/86 95/119/95
f 95/119/95 86/108/86 94/116/94
f 86/108/86 89/111/89 94/116/94
f 72/124/72 97/123/97 70/125/70
f 97/123/97 92/114/92 70/125/70
f 92/114/92 90/112/90 70/125/70
f 70/125/70 90/112/90 69/126/69
f 71/87/71 98/127/98 72/124/72
f 98/127/98 99/128/99 72/124/72
f 72/124/72 99/128/99 97/123/97
f 97/123/97 99/128/99 87/109/87
f 87/109/87 99/128/99 79/95/79
f 79/95/79 99/128/99 63/79/63
f 99/128/99 98/127/98 63/79/63
f 63/79/63 98/127/98 61/129/61
f 65/130/65 100/131/100 101/132/101
f 100/131/100 67/133/67 101/132/101
f 67/133/67 69/126/69 101/132/101
f 69/126/69 90/112/90 101/132/101
f 90/112/90 83/103/83 101/132/101
f 83/103/83 77/93/77 101/132/101
f 77/93/77 66/82/66 101/132/101
f 101/132/101 66/82/66 65/130/65
f 44/56/44 59/74/59 102/134/102
f 59/74/59 45/73/45 102/134/102
f 102/134/102 45/73/45 100/135/100
f 100/135/100 45/73/45 67/83/67
f 45/73/45 47/71/47 67/83/67
f 67/83/67 47/71/47 68/84/68
f 47/71/47 57/69/57 68/84/68
f 57/69/57 43/55/43 68/84/68
f 68/84/68 43/55/43 71/87/71
f 43/55/43 44/56/44 71/87/71
f 71/87/71 44/56/44 98/127/98
f 44/56/44 102/134/102 98/127/98
f 102/134/102 51/63/51 98/127/98
f 98/127/98 51/63/51 61/129/61
f 51/63/51 52/64/52 61/129/61
f 61/129/61 52/64/52 62/136/62
f 52/64/52 75/91/75 62/136/62
f 75/91/75 53/65/53 62/136/62
f 62/136/62 53/65/53 65/137/65
f 65/137/65 53/65/53 100/135/100
f 53/65/53 55/67/55 100/135/100
f 100/135/100 55/67/55 102/134/102
f 55/67/55 73/89/73 102/134/102
f 102/134/102 73/89/73 51/63/51
o eyes.001
v 0.236808 1.533501 0.549596
v 0.260026 1.498950 0.532906
v 0.256546 1.542750 0.541853
v 0.276752 1.540501 0.530815
v 0.292012 1.527356 0.519437
v 0.298236 1.506839 0.510768
v 0.293758 1.484448 0.507133
v 0.279777 1.466184 0.509503
v 0.260040 1.456938 0.517244
v 0.239834 1.459186 0.528284
v 0.224574 1.472326 0.539664
v 0.218349 1.492841 0.548332
v 0.222827 1.515232 0.551967
v 0.216345 1.560574 0.555103
v 0.192129 1.528930 0.559211
v 0.184373 1.490147 0.552914
v 0.195154 1.454615 0.537899
v 0.221585 1.431863 0.518186
v 0.256582 1.427971 0.499063
v 0.290769 1.443983 0.485655
v 0.314985 1.475612 0.481552
v 0.322741 1.514393 0.487852
v 0.311960 1.549930 0.502866
v 0.285529 1.572698 0.522573
v 0.250532 1.576595 0.541692
v 0.204119 1.572917 0.547949
v 0.243594 1.591419 0.532461
v 0.284006 1.586914 0.510390
v 0.314525 1.560622 0.487635
v 0.326975 1.519587 0.470296
v 0.318018 1.474812 0.463018
v 0.290056 1.438289 0.467755
v 0.250581 1.419792 0.483245
v 0.210169 1.424286 0.505327
v 0.179650 1.450564 0.528085
v 0.167201 1.491590 0.545424
v 0.176157 1.536374 0.552695
v 0.203406 1.567212 0.530060
v 0.237593 1.583236 0.516647
v 0.272590 1.579334 0.497532
v 0.299021 1.556562 0.477829
v 0.309802 1.521031 0.462806
v 0.302046 1.482262 0.456495
v 0.277830 1.450623 0.460604
v 0.243643 1.434605 0.474018
v 0.208646 1.438492 0.493146
v 0.182216 1.461255 0.512852
v 0.171434 1.496785 0.527868
v 0.179190 1.535567 0.534168
v -0.298683 1.506815 0.510792
v -0.260473 1.498928 0.532927
v -0.292458 1.527338 0.519455
v -0.277198 1.540487 0.530829
v -0.256993 1.542739 0.541865
v -0.237255 1.533488 0.549609
v -0.223274 1.515216 0.551982
v -0.218796 1.492819 0.548351
v -0.225021 1.472298 0.539687
v -0.240281 1.459151 0.528312
v -0.260486 1.456900 0.517275
v -0.280224 1.466148 0.509534
v -0.294205 1.484418 0.507161
v -0.312406 1.549916 0.502882
v -0.323188 1.514369 0.487877
v -0.315432 1.475575 0.481587
v -0.291216 1.443932 0.485697
v -0.257029 1.427918 0.499104
v -0.222032 1.431816 0.518222
v -0.195601 1.454584 0.537924
v -0.184820 1.490127 0.552931
v -0.192576 1.528919 0.559222
v -0.216791 1.560573 0.555105
v -0.250978 1.576597 0.541692
v -0.285975 1.572695 0.522578
v -0.284452 1.586916 0.510390
v -0.244041 1.591420 0.532461
v -0.204565 1.572918 0.547949
v -0.176603 1.536366 0.552704
v -0.167647 1.491572 0.545440
v -0.180097 1.450531 0.528111
v -0.210616 1.424243 0.505359
v -0.251028 1.419738 0.483287
v -0.290503 1.438232 0.467803
v -0.318465 1.474769 0.463059
v -0.327421 1.519564 0.470322
v -0.314972 1.560611 0.487649
v -0.238039 1.583237 0.516647
v -0.203853 1.567213 0.530060
v -0.179637 1.535558 0.534178
v -0.171881 1.496767 0.527885
v -0.182662 1.461226 0.512876
v -0.209093 1.438451 0.493179
v -0.244090 1.434557 0.474058
v -0.278277 1.450576 0.460646
v -0.302493 1.482216 0.456539
v -0.310249 1.521008 0.462832
v -0.299467 1.556556 0.477838
v -0.273037 1.579335 0.497533
vn 0.3321 -0.0610 0.9413
vn 0.4468 -0.2298 0.8646
vn 0.4278 -0.0161 0.9037
vn 0.5257 -0.0270 0.8502
vn 0.5996 -0.0908 0.7951
vn 0.6298 -0.1903 0.7531
vn 0.6081 -0.2990 0.7354
vn 0.5403 -0.3877 0.7469
vn 0.4446 -0.4326 0.7843
vn 0.3467 -0.4217 0.8378
vn 0.2728 -0.3579 0.8930
vn 0.2426 -0.2583 0.9351
vn 0.2643 -0.1496 0.9528
vn 0.0755 0.2612 0.9623
vn -0.1097 0.0189 0.9938
vn -0.1690 -0.2780 0.9456
vn -0.0865 -0.5501 0.8306
vn 0.1157 -0.7241 0.6799
vn 0.3831 -0.7538 0.5338
vn 0.6444 -0.6315 0.4312
vn 0.8298 -0.3893 0.3999
vn 0.8892 -0.0923 0.4481
vn 0.8068 0.1797 0.5629
vn 0.6046 0.3540 0.7135
vn 0.3370 0.3838 0.8597
vn -0.4807 0.7537 0.4482
vn -0.0391 0.9607 0.2749
vn 0.4130 0.9103 0.0281
vn 0.7543 0.6162 -0.2264
vn 0.8938 0.1569 -0.4202
vn 0.7936 -0.3446 -0.5014
vn 0.4805 -0.7537 -0.4484
vn 0.0391 -0.9607 -0.2750
vn -0.4128 -0.9104 -0.0282
vn -0.7544 -0.6162 0.2262
vn -0.8938 -0.1569 0.4202
vn -0.7936 0.3446 0.5015
vn -0.6551 0.7270 -0.2057
vn -0.3148 0.8865 -0.3392
vn 0.0334 0.8477 -0.5295
vn 0.2963 0.6211 -0.7256
vn 0.4041 0.2674 -0.8747
vn 0.3272 -0.1192 -0.9374
vn 0.0857 -0.4348 -0.8965
vn -0.2546 -0.5944 -0.7628
vn -0.6029 -0.5556 -0.5726
vn -0.8661 -0.3287 -0.3766
vn -0.9735 0.0254 -0.2272
vn -0.8962 0.4119 -0.1647
vn -0.6298 -0.1901 0.7532
vn -0.4468 -0.2295 0.8647
vn -0.5996 -0.0906 0.7952
vn -0.5257 -0.0268 0.8503
vn -0.4277 -0.0158 0.9038
vn -0.3320 -0.0607 0.9413
vn -0.2642 -0.1494 0.9528
vn -0.2425 -0.2581 0.9352
vn -0.2727 -0.3576 0.8932
vn -0.3466 -0.4214 0.8380
vn -0.4445 -0.4323 0.7845
vn -0.5402 -0.3874 0.7470
vn -0.6080 -0.2987 0.7356
vn -0.8067 0.1798 0.5629
vn -0.8892 -0.0922 0.4482
vn -0.8298 -0.3890 0.4001
vn -0.6445 -0.6312 0.4315
vn -0.3831 -0.7537 0.5340
vn -0.1155 -0.7240 0.6801
vn 0.0866 -0.5498 0.8308
vn 0.1691 -0.2778 0.9456
vn 0.1097 0.0191 0.9938
vn -0.0755 0.2614 0.9623
vn -0.3369 0.3839 0.8597
vn -0.6046 0.3541 0.7135
vn -0.4130 0.9103 0.0280
vn 0.0391 0.9607 0.2749
vn 0.4808 0.7537 0.4482
vn 0.7936 0.3446 0.5014
vn 0.8938 -0.1567 0.4202
vn 0.7544 -0.6161 0.2263
vn 0.4130 -0.9103 -0.0282
vn -0.0390 -0.9607 -0.2750
vn -0.4806 -0.7537 -0.4482
vn -0.7936 -0.3447 -0.5014
vn -0.8938 0.1567 -0.4202
vn -0.7545 0.6160 -0.2264
vn 0.3148 0.8865 -0.3392
vn 0.6552 0.7269 -0.2057
vn 0.8963 0.4118 -0.1647
vn 0.9735 0.0254 -0.2272
vn 0.8661 -0.3286 -0.3766
vn 0.6030 -0.5555 -0.5726
vn 0.2546 -0.5943 -0.7629
vn -0.0858 -0.4347 -0.8965
vn -0.3270 -0.1194 -0.9375
vn -0.4041 0.2670 -0.8749
vn -0.2967 0.6209 -0.7256
vn -0.0336 0.8476 -0.5295
vt 0.329240 0.370404
vt 0.372424 0.301460
vt 0.369360 0.381721
vt 0.409972 0.371421
vt 0.440209 0.342257
vt 0.451962 0.302047
vt 0.442088 0.261557
vt 0.413219 0.231647
vt 0.373108 0.220321
vt 0.332496 0.230622
vt 0.302259 0.259785
vt 0.290506 0.300004
vt 0.300381 0.340484
vt 0.293877 0.420001
vt 0.243883 0.368193
vt 0.226776 0.298065
vt 0.247139 0.228410
vt 0.299512 0.177900
vt 0.369860 0.160063
vt 0.439340 0.179673
vt 0.489326 0.231480
vt 0.506441 0.301600
vt 0.486078 0.371255
vt 0.433705 0.421765
vt 0.363357 0.439611
vt 0.278175 0.436960
vt 0.358407 0.459606
vt 0.439639 0.439005
vt 0.500113 0.380678
vt 0.523618 0.300259
vt 0.503861 0.219276
vt 0.446134 0.159458
vt 0.365911 0.136812
vt 0.284679 0.157413
vt 0.224204 0.215740
vt 0.200691 0.296161
vt 0.220448 0.377142
vt 0.255153 0.466020
vt 0.353123 0.493666
vt 0.452313 0.468511
vt 0.526155 0.397287
vt 0.554865 0.299082
vt 0.530737 0.200202
vt 0.460256 0.127152
vt 0.362286 0.099498
vt 0.263096 0.124661
vt 0.189254 0.195877
vt 0.160544 0.294090
vt 0.184664 0.392962
vt 0.563244 0.662850
vt 0.677813 0.662019
vt 0.579482 0.720086
vt 0.622166 0.761601
vt 0.679859 0.776269
vt 0.737093 0.760150
vt 0.778524 0.717570
vt 0.793075 0.659936
vt 0.776825 0.602699
vt 0.734140 0.561185
vt 0.676460 0.546528
vt 0.619225 0.562635
vt 0.577782 0.605215
vt 0.508193 0.761366
vt 0.480048 0.662217
vt 0.505241 0.562400
vt 0.577025 0.488659
vt 0.676150 0.460734
vt 0.776056 0.486129
vt 0.849999 0.558035
vt 0.878132 0.657184
vt 0.852939 0.757001
vt 0.781167 0.830754
vt 0.682042 0.858666
vt 0.582124 0.833271
vt 0.568405 0.857811
vt 0.683779 0.887136
vt 0.798235 0.854896
vt 0.881109 0.769734
vt 0.910210 0.654480
vt 0.877711 0.539995
vt 0.792343 0.456965
vt 0.676969 0.427642
vt 0.562513 0.459879
vt 0.479625 0.545040
vt 0.450537 0.660296
vt 0.483037 0.774783
vt 0.685776 0.933622
vt 0.824557 0.894537
vt 0.925046 0.791299
vt 0.960312 0.651542
vt 0.920915 0.512739
vt 0.817412 0.412080
vt 0.677527 0.376529
vt 0.538757 0.415613
vt 0.438269 0.518852
vt 0.403003 0.658608
vt 0.442387 0.797412
vt 0.545903 0.898071
s 1
usemtl Material.003
f 103/138/103 104/139/104 105/140/105
f 105/140/105 104/139/104 106/141/106
f 106/141/106 104/139/104 107/142/107
f 107/142/107 104/139/104 108/143/108
f 108/143/108 104/139/104 109/144/109
f 109/144/109 104/139/104 110/145/110
f 110/145/110 104/139/104 111/146/111
f 111/146/111 104/139/104 112/147/112
f 112/147/112 104/139/104 113/148/113
f 113/148/113 104/139/104 114/149/114
f 114/149/114 104/139/104 115/150/115
f 104/139/104 103/138/103 115/150/115
f 116/151/116 103/138/103 105/140/105
f 117/152/117 103/138/103 116/151/116
f 103/138/103 117/152/117 115/150/115
f 117/152/117 118/153/118 115/150/115
f 115/150/115 118/153/118 114/149/114
f 118/153/118 119/154/119 114/149/114
f 114/149/114 119/154/119 113/148/113
f 119/154/119 120/155/120 113/148/113
f 113/148/113 120/155/120 112/147/112
f 120/155/120 121/156/121 112/147/112
f 112/147/112 121/156/121 111/146/111
f 121/156/121 122/157/122 111/146/111
f 111/146/111 122/157/122 110/145/110
f 122/157/122 123/158/123 110/145/110
f 110/145/110 123/158/123 109/144/109
f 123/158/123 124/159/124 109/144/109
f 109/144/109 124/159/124 108/143/108
f 124/159/124 125/160/125 108/143/108
f 108/143/108 125/160/125 107/142/107
f 125/160/125 126/161/126 107/142/107
f 107/142/107 126/161/126 106/141/106
f 126/161/126 127/162/127 106/141/106
f 106/141/106 127/162/127 105/140/105
f 127/162/127 116/151/116 105/140/105
f 128/163/128 127/162/127 129/164/129
f 127/162/127 126/161/126 129/164/129
f 129/164/129 126/161/126 130/165/130
f 126/161/126 125/160/125 130/165/130
f 130/165/130 125/160/125 131/166/131
f 125/160/125 124/159/124 131/166/131
f 131/166/131 124/159/124 132/167/132
f 124/159/124 123/158/123 132/167/132
f 132/167/132 123/158/123 133/168/133
f 123/158/123 122/157/122 133/168/133
f 133/168/133 122/157/122 134/169/134
f 122/157/122 121/156/121 134/169/134
f 134/169/134 121/156/121 135/170/135
f 121/156/121 120/155/120 135/170/135
f 135/170/135 120/155/120 136/171/136
f 120/155/120 119/154/119 136/171/136
f 136/171/136 119/154/119 137/172/137
f 119/154/119 118/153/118 137/172/137
f 137/172/137 118/153/118 138/173/138
f 118/153/118 117/152/117 138/173/138
f 138/173/138 117/152/117 139/174/139
f 117/152/117 116/151/116 139/174/139
f 139/174/139 116/151/116 128/163/128
f 116/151/116 127/162/127 128/163/128
f 140/175/140 129/164/129 141/176/141
f 129/164/129 130/165/130 141/176/141
f 141/176/141 130/165/130 142/177/142
f 130/165/130 131/166/131 142/177/142
f 142/177/142 131/166/131 143/178/143
f 131/166/131 132/167/132 143/178/143
f 143/178/143 132/167/132 144/179/144
f 132/167/132 133/168/133 144/179/144
f 144/179/144 133/168/133 145/180/145
f 133/168/133 134/169/134 145/180/145
f 145/180/145 134/169/134 146/181/146
f 134/169/134 135/170/135 146/181/146
f 146/181/146 135/170/135 147/182/147
f 135/170/135 136/171/136 147/182/147
f 147/182/147 136/171/136 148/183/148
f 136/171/136 137/172/137 148/183/148
f 148/183/148 137/172/137 149/184/149
f 137/172/137 138/173/138 149/184/149
f 149/184/149 138/173/138 150/185/150
f 138/173/138 139/174/139 150/185/150
f 150/185/150 139/174/139 151/186/151
f 139/174/139 128/163/128 151/186/151
f 151/186/151 128/163/128 140/175/140
f 128/163/128 129/164/129 140/175/140
f 152/187/152 153/188/153 154/189/154
f 154/189/154 153/188/153 155/190/155
f 155/190/155 153/188/153 156/191/156
f 156/191/156 153/188/153 157/192/157
f 157/192/157 153/188/153 158/193/158
f 158/193/158 153/188/153 159/194/159
f 159/194/159 153/188/153 160/195/160
f 160/195/160 153/188/153 161/196/161
f 161/196/161 153/188/153 162/197/162
f 162/197/162 153/188/153 163/198/163
f 163/198/163 153/188/153 164/199/164
f 153/188/153 152/187/152 164/199/164
f 154/189/154 165/200/165 152/187/152
f 165/200/165 166/201/166 152/187/152
f 152/187/152 166/201/166 164/199/164
f 166/201/166 167/202/167 164/199/164
f 164/199/164 167/202/167 163/198/163
f 167/202/167 168/203/168 163/198/163
f 163/198/163 168/203/168 162/197/162
f 168/203/168 169/204/169 162/197/162
f 162/197/162 169/204/169 161/196/161
f 169/204/169 170/205/170 161/196/161
f 161/196/161 170/205/170 160/195/160
f 170/205/170 171/206/171 160/195/160
f 160/195/160 171/206/171 159/194/159
f 171/206/171 172/207/172 159/194/159
f 159/194/159 172/207/172 158/193/158
f 172/207/172 173/208/173 158/193/158
f 158/193/158 173/208/173 157/192/157
f 173/208/173 174/209/174 157/192/157
f 157/192/157 174/209/174 156/191/156
f 174/209/174 175/210/175 156/191/156
f 156/191/156 175/210/175 155/190/155
f 175/210/175 176/211/176 155/190/155
f 155/190/155 176/211/176 154/189/154
f 176/211/176 165/200/165 154/189/154
f 177/212/177 176/211/176 178/213/178
f 176/211/176 175/210/175 178/213/178
f 178/213/178 175/210/175 179/214/179
f 175/210/175 174/209/174 179/214/179
f 179/214/179 174/209/174 180/215/180
f 174/209/174 173/208/173 180/215/180
f 180/215/180 173/208/173 181/216/181
f 173/208/173 172/207/172 181/216/181
f 181/216/181 172/207/172 182/217/182
f 172/207/172 171/206/171 182/217/182
f 182/217/182 171/206/171 183/218/183
f 171/206/171 170/205/170 183/218/183
f 183/218/183 170/205/170 184/219/184
f 170/205/170 169/204/169 184/219/184
f 184/219/184 169/204/169 185/220/185
f 169/204/169 168/203/168 185/220/185
f 185/220/185 168/203/168 186/221/186
f 168/203/168 167/202/167 186/221/186
f 186/221/186 167/202/167 187/222/187
f 167/202/167 166/201/166 187/222/187
f 187/222/187 166/201/166 188/223/188
f 166/201/166 165/200/165 188/223/188
f 188/223/188 165/200/165 177/212/177
f 165/200/165 176/211/176 177/212/177
f 189/224/189 178/213/178 190/225/190
f 178/213/178 179/214/179 190/225/190
f 190/225/190 179/214/179 191/226/191
f 179/214/179 180/215/180 191/226/191
f 191/226/191 180/215/180 192/227/192
f 180/215/180 181/216/181 192/227/192
f 192/227/192 181/216/181 193/228/193
f 181/216/181 182/217/182 193/228/193
f 193/228/193 182/217/182 194/229/194
f 182/217/182 183/218/183 194/229/194
f 194/229/194 183/218/183 195/230/195
f 183/218/183 184/219/184 195/230/195
f 195/230/195 184/219/184 196/231/196
f 184/219/184 185/220/185 196/231/196
f 196/231/196 185/220/185 197/232/197
f 185/220/185 186/221/186 197/232/197
f 197/232/197 186/221/186 198/233/198
f 186/221/186 187/222/187 198/233/198
f 198/233/198 187/222/187 199/234/199
f 187/222/187 188/223/188 199/234/199
f 199/234/199 188/223/188 200/235/200
f 188/223/188 177/212/177 200/235/200
f 200/235/200 177/212/177 189/224/189
f 177/212/177 178/213/178 189/224/189
o Cap
v 0.215031 0.869949 0.634167
v 0.294728 0.873968 0.628266
v 0.142468 0.858377 0.665843
v 0.085791 0.840648 0.719472
v 0.051837 0.818900 0.788586
v 0.044700 0.795756 0.864849
v 0.065242 0.774008 0.939062
v 0.110985 0.756279 1.002275
v 0.176412 0.744707 1.046863
v 0.253631 0.740688 1.067448
v 0.333328 0.744707 1.061547
v 0.405891 0.756279 1.029871
v 0.462568 0.774008 0.976243
v 0.496522 0.795756 0.907129
v 0.503659 0.818900 0.830865
v 0.483116 0.840648 0.756652
v 0.437373 0.858377 0.693439
v 0.371947 0.869949 0.648851
v 0.355858 0.934193 0.699257
v 0.289717 0.938038 0.681815
v 0.221488 0.934193 0.686683
v 0.159362 0.923952 0.713693
v 0.110772 0.909817 0.760213
v 0.080370 0.891419 0.819295
v 0.074259 0.871600 0.884600
v 0.093174 0.852977 0.948275
v 0.132345 0.837795 1.002405
v 0.188371 0.827886 1.040587
v 0.254495 0.824445 1.058214
v 0.322741 0.827886 1.053160
v 0.384878 0.837795 1.026036
v 0.433412 0.852977 0.980113
v 0.462487 0.871600 0.920929
v 0.468598 0.891419 0.855624
v 0.451010 0.909817 0.792051
v 0.411895 0.923952 0.737324
v 0.300126 0.897747 0.570582
v 0.300137 0.902583 0.570462
v 0.300174 0.899943 0.570062
v 0.299770 0.894687 0.574386
v 0.299991 0.895995 0.572023
v 0.398237 0.892641 0.596736
v 0.396359 0.889660 0.600134
v 0.397468 0.890922 0.598009
v 0.398756 0.897450 0.596752
v 0.398667 0.894817 0.596317
v 0.198865 0.892641 0.578080
v 0.198353 0.897450 0.577999
v 0.198521 0.894817 0.577588
v 0.200080 0.889660 0.581767
v 0.199385 0.890922 0.579473
v 0.106521 0.877922 0.618393
v 0.105680 0.882671 0.618452
v 0.105930 0.880053 0.618007
v 0.108722 0.875124 0.621659
v 0.107452 0.876280 0.619611
v -0.010591 0.855391 0.682392
v -0.011882 0.860029 0.682716
v -0.011519 0.857438 0.682205
v -0.007043 0.852925 0.684864
v -0.009099 0.853886 0.683279
v -0.053660 0.827816 0.770063
v -0.055246 0.832253 0.770984
v -0.054809 0.829713 0.770323
v -0.049223 0.825954 0.770741
v -0.051798 0.826563 0.770202
v -0.062727 0.798411 0.866959
v -0.064360 0.802696 0.868383
v -0.063911 0.800193 0.867596
v -0.058150 0.797005 0.866132
v -0.060806 0.797348 0.866471
v -0.036671 0.770813 0.961090
v -0.038125 0.774920 0.963164
v -0.037721 0.772462 0.962215
v -0.032631 0.769940 0.958315
v -0.034974 0.769972 0.959791
v 0.066536 0.748247 1.045696
v 0.065473 0.752278 1.048123
v 0.065779 0.749839 1.047086
v 0.069402 0.747605 1.041860
v 0.067743 0.747502 1.043954
v 0.149798 0.733512 1.102437
v 0.149032 0.737499 1.105067
v 0.149264 0.735071 1.103979
v 0.151774 0.733001 1.097988
v 0.150635 0.732822 1.100440
v 0.247909 0.728406 1.128591
v 0.247651 0.732366 1.131357
v 0.247756 0.729945 1.130235
v 0.248364 0.727974 1.123737
v 0.248112 0.727749 1.126425
v 0.349170 0.733512 1.121093
v 0.349435 0.737499 1.123820
v 0.349409 0.735071 1.122708
v 0.348053 0.733001 1.116355
v 0.348718 0.732822 1.118975
v 0.441517 0.748248 1.080783
v 0.442108 0.752278 1.083367
v 0.442000 0.749839 1.082290
v 0.439422 0.747607 1.076478
v 0.440657 0.747504 1.078846
v 0.550131 0.770814 1.015998
v 0.551174 0.774920 1.018308
v 0.550953 0.772463 1.017300
v 0.546681 0.769946 1.012512
v 0.548707 0.769975 1.014402
v 0.593197 0.798411 0.928338
v 0.594538 0.802696 0.930040
v 0.594243 0.800193 0.929184
v 0.588853 0.797008 0.926677
v 0.591400 0.797349 0.927502
v 0.602264 0.827817 0.831442
v 0.603652 0.832253 0.832642
v 0.603345 0.829713 0.831911
v 0.597779 0.825956 0.831286
v 0.600409 0.826565 0.831233
v 0.576210 0.855390 0.737307
v 0.577417 0.860029 0.737861
v 0.577155 0.857438 0.737292
v 0.572267 0.852922 0.739089
v 0.574581 0.853885 0.737906
v 0.481502 0.877922 0.653484
v 0.482315 0.882671 0.653697
v 0.482152 0.880053 0.653213
v 0.478742 0.875123 0.656292
v 0.480365 0.876279 0.654510
v 0.396349 0.959642 0.616897
v 0.397115 0.955761 0.614294
v 0.396883 0.958162 0.615375
v 0.394377 0.959835 0.621261
v 0.395514 0.960199 0.618859
v 0.298239 0.964748 0.590743
v 0.297793 0.964862 0.595514
v 0.298040 0.965272 0.592874
v 0.298495 0.960894 0.588004
v 0.298391 0.963288 0.589119
v 0.196980 0.959642 0.598240
v 0.198109 0.959835 0.602895
v 0.197437 0.960199 0.600323
v 0.196711 0.955761 0.595541
v 0.196738 0.958162 0.596646
v 0.104637 0.944915 0.638550
v 0.106754 0.945266 0.642773
v 0.105506 0.945539 0.640453
v 0.104038 0.940982 0.635995
v 0.104148 0.943396 0.637064
v -0.012436 0.921370 0.702122
v -0.008966 0.921886 0.705506
v -0.011001 0.922004 0.703652
v -0.013501 0.917817 0.700027
v -0.013269 0.919980 0.700916
v -0.055543 0.894778 0.790210
v -0.051189 0.895963 0.791817
v -0.053743 0.895740 0.791026
v -0.056887 0.890564 0.788527
v -0.056592 0.893049 0.789378
v -0.064610 0.865376 0.887105
v -0.060114 0.867036 0.887199
v -0.062750 0.866545 0.887287
v -0.066001 0.861006 0.885925
v -0.065694 0.863530 0.886650
v -0.038554 0.837790 0.981239
v -0.034596 0.840019 0.979393
v -0.036918 0.839196 0.980613
v -0.039766 0.833231 0.980706
v -0.039504 0.835802 0.981270
v 0.064652 0.815242 1.065848
v 0.067435 0.817753 1.062952
v 0.065798 0.816765 1.064785
v 0.063831 0.810588 1.065665
v 0.063996 0.813183 1.066141
v 0.147913 0.800515 1.122590
v 0.149806 0.803184 1.119087
v 0.148688 0.802105 1.121274
v 0.147390 0.795810 1.122610
v 0.147481 0.798417 1.123035
v 0.246024 0.795409 1.148744
v 0.246389 0.798158 1.144834
v 0.246163 0.797032 1.147258
v 0.246009 0.790677 1.148899
v 0.245972 0.793291 1.149291
v 0.347283 0.800515 1.141246
v 0.346073 0.803184 1.137453
v 0.346765 0.802105 1.139809
v 0.347793 0.795809 1.141363
v 0.347625 0.798417 1.141764
v 0.439629 0.815242 1.100935
v 0.437441 0.817755 1.097569
v 0.438704 0.816766 1.099676
v 0.440466 0.810588 1.100909
v 0.440217 0.813183 1.101346
v 0.548244 0.837791 1.036145
v 0.544701 0.840023 1.033587
v 0.546754 0.839198 1.035223
v 0.549532 0.833231 1.035850
v 0.549170 0.835802 1.036355
v 0.591310 0.865376 0.948483
v 0.586875 0.867036 0.947742
v 0.589449 0.866545 0.948318
v 0.592896 0.861006 0.947582
v 0.592459 0.863530 0.948238
v 0.600377 0.894778 0.851588
v 0.595800 0.895963 0.852360
v 0.598457 0.895740 0.852056
v 0.602010 0.890564 0.850184
v 0.601562 0.893049 0.850965
v 0.574362 0.921369 0.757036
v 0.570328 0.921882 0.759728
v 0.572670 0.922001 0.758277
v 0.575797 0.917817 0.755171
v 0.575404 0.919980 0.756003
v 0.479614 0.944915 0.673641
v 0.476758 0.945264 0.677404
v 0.478411 0.945537 0.675352
v 0.480673 0.940982 0.671239
v 0.480368 0.943396 0.672270
v 0.172326 0.923595 0.891781
v 0.104009 0.890653 0.887634
v 0.137409 0.909264 0.890228
v 0.182325 0.914480 0.923470
v 0.120217 0.874896 0.941527
v 0.150589 0.896632 0.933122
v 0.201748 0.906270 0.949445
v 0.153359 0.862051 0.987327
v 0.176978 0.886404 0.969590
v 0.229427 0.901375 0.968307
v 0.200763 0.853667 1.019632
v 0.214722 0.879728 0.995312
v 0.262093 0.899674 0.977016
v 0.256710 0.850755 1.034546
v 0.259270 0.877409 1.007188
v 0.295808 0.901375 0.974519
v 0.314452 0.853667 1.030271
v 0.305247 0.879728 1.003783
v 0.326506 0.906270 0.961119
v 0.367026 0.862051 1.007321
v 0.347109 0.886404 0.985510
v 0.350410 0.914480 0.939199
v 0.408090 0.874896 0.968466
v 0.379805 0.896632 0.954571
v 0.364790 0.923595 0.909791
v 0.432691 0.890653 0.918391
v 0.399389 0.909264 0.914744
v 0.272359 0.931340 0.867310
v 0.264623 0.931910 0.868247
v 0.257526 0.933492 0.872224
v 0.250673 0.935322 0.877825
v 0.247446 0.935776 0.883920
v 0.246803 0.935468 0.890795
v 0.208771 0.931955 0.892186
v 0.250162 0.933976 0.897568
v 0.215542 0.927522 0.911352
v 0.254611 0.932667 0.903375
v 0.227567 0.922727 0.928005
v 0.260950 0.931847 0.907506
v 0.244821 0.919101 0.939190
v 0.268416 0.931590 0.909444
v 0.265143 0.917877 0.944425
v 0.276113 0.931847 0.908925
v 0.286083 0.919101 0.943051
v 0.283108 0.932667 0.906042
v 0.305113 0.922727 0.935261
v 0.288557 0.933976 0.901161
v 0.320019 0.927522 0.921128
v 0.291789 0.935467 0.895004
v 0.328903 0.931955 0.903427
v 0.292433 0.935776 0.888129
v 0.290393 0.935322 0.881542
v 0.286023 0.933492 0.874891
v 0.279787 0.931910 0.869666
v 0.215011 0.872127 0.634992
v 0.294650 0.876143 0.629095
v 0.142502 0.860563 0.666645
v 0.085813 0.842853 0.720221
v 0.051869 0.821122 0.789282
v 0.044735 0.797989 0.865511
v 0.065278 0.776256 0.939670
v 0.111043 0.758540 1.002831
v 0.176421 0.746976 1.047387
v 0.253583 0.742960 1.067957
v 0.333222 0.746976 1.062060
v 0.405732 0.758540 1.030407
v 0.462414 0.776256 0.976831
v 0.496356 0.797989 0.907771
v 0.503489 0.821121 0.831544
v 0.482949 0.842852 0.757384
v 0.437191 0.860563 0.694221
v 0.371813 0.872127 0.649665
v 0.355923 0.931971 0.698563
v 0.289777 0.935814 0.681125
v 0.221553 0.931973 0.685982
v 0.159392 0.921728 0.713001
v 0.110834 0.907586 0.759547
v 0.080435 0.889186 0.818634
v 0.074667 0.869435 0.883846
v 0.093743 0.850896 0.947397
v 0.132802 0.835755 1.001379
v 0.188669 0.825873 1.039453
v 0.254606 0.822442 1.057030
v 0.322659 0.825873 1.051991
v 0.384620 0.835755 1.024944
v 0.433016 0.850893 0.979150
v 0.462221 0.869434 0.920117
v 0.468657 0.889186 0.854962
v 0.451073 0.907586 0.791385
v 0.411994 0.921726 0.736644
v 0.299930 0.898750 0.572675
v 0.299925 0.902068 0.572724
v 0.299958 0.900023 0.572379
v 0.299677 0.896793 0.575378
v 0.299849 0.897760 0.573537
v 0.397464 0.893674 0.598675
v 0.396150 0.891771 0.601096
v 0.397010 0.892703 0.599437
v 0.397766 0.896976 0.598806
v 0.397711 0.894936 0.598438
v 0.199265 0.893674 0.580129
v 0.198945 0.896976 0.580201
v 0.199067 0.894935 0.579850
v 0.200107 0.891771 0.582751
v 0.199570 0.892703 0.580962
v 0.107266 0.879023 0.620306
v 0.106747 0.882261 0.620482
v 0.106926 0.880239 0.620104
v 0.108815 0.877255 0.622597
v 0.107815 0.878108 0.621007
v -0.009375 0.856603 0.683965
v -0.010174 0.859782 0.684281
v -0.009917 0.857779 0.683861
v -0.006880 0.855083 0.685726
v -0.008477 0.855769 0.684500
v -0.052060 0.829253 0.770958
v -0.053008 0.832295 0.771630
v -0.052704 0.830329 0.771108
v -0.049013 0.828153 0.771479
v -0.050988 0.828575 0.771051
v -0.061074 0.800018 0.867291
v -0.062050 0.802970 0.868259
v -0.061738 0.801030 0.867652
v -0.057930 0.799232 0.866778
v -0.059969 0.799450 0.867024
v -0.035269 0.772627 0.960681
v -0.036166 0.775489 0.962039
v -0.035881 0.773577 0.961323
v -0.032436 0.772203 0.958828
v -0.034251 0.772181 0.959937
v 0.067537 0.750180 1.044867
v 0.066889 0.753000 1.046421
v 0.067106 0.751098 1.045644
v 0.069542 0.749891 1.042284
v 0.068244 0.749776 1.043884
v 0.150486 0.735482 1.101401
v 0.150013 0.738288 1.103108
v 0.150179 0.736388 1.102291
v 0.151859 0.735300 1.098353
v 0.150978 0.735117 1.100237
v 0.248021 0.730405 1.127401
v 0.247853 0.733195 1.129190
v 0.247932 0.731301 1.128349
v 0.248332 0.730279 1.124071
v 0.248139 0.730060 1.126138
v 0.348686 0.735482 1.119948
v 0.348834 0.738287 1.121713
v 0.348822 0.736388 1.120879
v 0.347902 0.735300 1.116698
v 0.348418 0.735117 1.118713
v 0.440657 0.750173 1.079795
v 0.440993 0.752993 1.081451
v 0.440926 0.751091 1.080645
v 0.439199 0.749893 1.076869
v 0.440161 0.749774 1.078688
v 0.548809 0.772624 1.015363
v 0.549428 0.775479 1.016871
v 0.549283 0.773570 1.016112
v 0.546389 0.772208 1.012985
v 0.547960 0.772181 1.014431
v 0.591512 0.800019 0.928358
v 0.592291 0.802970 0.929490
v 0.592097 0.801030 0.928836
v 0.588514 0.799235 0.927270
v 0.590476 0.799452 0.927891
v 0.600526 0.829254 0.832025
v 0.601333 0.832295 0.832861
v 0.601131 0.830329 0.832292
v 0.597432 0.828155 0.831972
v 0.599457 0.828577 0.831918
v 0.574708 0.856615 0.738598
v 0.575426 0.859793 0.739046
v 0.575253 0.857791 0.738588
v 0.571943 0.855082 0.739900
v 0.573736 0.855776 0.738971
v 0.480388 0.879024 0.655207
v 0.480855 0.882268 0.655466
v 0.480751 0.880243 0.655064
v 0.478471 0.877253 0.657194
v 0.479732 0.878107 0.655807
v 0.395686 0.957631 0.617867
v 0.396133 0.954970 0.616253
v 0.395971 0.956825 0.617050
v 0.394367 0.957566 0.620736
v 0.395227 0.957889 0.618933
v 0.298134 0.962708 0.591862
v 0.297839 0.962588 0.595009
v 0.298026 0.962948 0.593022
v 0.298293 0.960062 0.590171
v 0.298216 0.961913 0.590991
v 0.197452 0.957631 0.599317
v 0.198216 0.957565 0.602384
v 0.197705 0.957889 0.600450
v 0.197312 0.954970 0.597648
v 0.197323 0.956825 0.598462
v 0.105448 0.942942 0.639485
v 0.106896 0.943004 0.642239
v 0.105936 0.943250 0.640492
v 0.105114 0.940258 0.637929
v 0.105183 0.942117 0.638712
v -0.011220 0.919463 0.702679
v -0.008766 0.919629 0.704966
v -0.010378 0.919763 0.703528
v -0.011785 0.917236 0.701490
v -0.011647 0.918795 0.702095
v -0.053899 0.893128 0.790173
v -0.050956 0.893727 0.791207
v -0.052909 0.893604 0.790614
v -0.054641 0.890288 0.789076
v -0.054452 0.892196 0.789722
v -0.062907 0.863902 0.886513
v -0.059872 0.864822 0.886517
v -0.061881 0.864496 0.886599
v -0.063683 0.860964 0.885706
v -0.063485 0.862900 0.886266
v -0.037100 0.836530 0.979926
v -0.034374 0.837830 0.978627
v -0.036160 0.837259 0.979565
v -0.037798 0.833477 0.979484
v -0.037627 0.835443 0.979938
v 0.065707 0.814075 1.064130
v 0.067602 0.815571 1.062155
v 0.066340 0.814860 1.063559
v 0.065257 0.810996 1.063868
v 0.065360 0.812975 1.064264
v 0.148664 0.799411 1.120682
v 0.149945 0.801011 1.118262
v 0.149093 0.800237 1.119942
v 0.148380 0.796282 1.120555
v 0.148434 0.798274 1.120915
v 0.246216 0.794333 1.146687
v 0.246468 0.795987 1.143993
v 0.246294 0.795178 1.145854
v 0.246221 0.791190 1.146637
v 0.246189 0.793186 1.146974
v 0.346899 0.799411 1.139232
v 0.346089 0.801011 1.136616
v 0.346615 0.800237 1.138426
v 0.347201 0.796282 1.139160
v 0.347082 0.798274 1.139503
v 0.438881 0.814074 1.099064
v 0.437422 0.815573 1.096755
v 0.438383 0.814862 1.098374
v 0.439360 0.810990 1.098899
v 0.439188 0.812970 1.099267
v 0.547039 0.836519 1.034611
v 0.544624 0.837833 1.032799
v 0.546195 0.837254 1.034069
v 0.547796 0.833466 1.034316
v 0.547546 0.835432 1.034726
v 0.589746 0.863902 0.947586
v 0.586763 0.864822 0.947027
v 0.588722 0.864496 0.947480
v 0.590659 0.860964 0.946936
v 0.590360 0.862900 0.947450
v 0.598769 0.893128 0.851248
v 0.595685 0.893727 0.851718
v 0.597714 0.893604 0.851498
v 0.599701 0.890288 0.850308
v 0.599396 0.892196 0.850907
v 0.573049 0.919467 0.757326
v 0.570230 0.919627 0.759155
v 0.572074 0.919764 0.758021
v 0.573815 0.917246 0.756254
v 0.573570 0.918802 0.756825
v 0.478616 0.942949 0.674394
v 0.476716 0.943002 0.676852
v 0.477965 0.943252 0.675305
v 0.479222 0.940265 0.672914
v 0.479012 0.942125 0.673674
v 0.173046 0.921532 0.890975
v 0.105177 0.888841 0.886752
v 0.138405 0.907347 0.889359
v 0.182992 0.912459 0.922522
v 0.121303 0.873122 0.940480
v 0.151507 0.894743 0.932115
v 0.202272 0.904294 0.948329
v 0.154224 0.860361 0.985976
v 0.177701 0.884572 0.968346
v 0.229764 0.899414 0.967096
v 0.201302 0.852035 1.018060
v 0.215179 0.877943 0.993887
v 0.262213 0.897724 0.975748
v 0.256866 0.849143 1.032872
v 0.259411 0.875641 1.005678
v 0.295703 0.899419 0.973258
v 0.314214 0.852035 1.028626
v 0.305063 0.877943 1.002298
v 0.326205 0.904291 0.959929
v 0.366428 0.860361 1.005834
v 0.346630 0.884577 0.984146
v 0.349931 0.912443 0.938176
v 0.407210 0.873119 0.967244
v 0.379076 0.894741 0.953424
v 0.364243 0.921524 0.908877
v 0.431697 0.888833 0.917330
v 0.398568 0.907335 0.913729
v 0.272288 0.929138 0.868067
v 0.264550 0.929688 0.868939
v 0.257238 0.931214 0.872616
v 0.250586 0.933011 0.878107
v 0.247426 0.933446 0.883937
v 0.246896 0.933177 0.890385
v 0.209145 0.929748 0.891543
v 0.250234 0.931714 0.897018
v 0.215889 0.925347 0.910596
v 0.254724 0.930424 0.902758
v 0.227842 0.920613 0.927067
v 0.261055 0.929621 0.906831
v 0.245003 0.917005 0.938192
v 0.268477 0.929369 0.908745
v 0.265239 0.915778 0.943422
v 0.276120 0.929626 0.908224
v 0.286102 0.916996 0.942055
v 0.283098 0.930432 0.905386
v 0.305008 0.920604 0.934310
v 0.288562 0.931721 0.900577
v 0.319794 0.925349 0.920323
v 0.291833 0.933160 0.894687
v 0.328635 0.929755 0.902709
v 0.293065 0.933534 0.888088
v 0.291122 0.933110 0.881517
v 0.286139 0.931230 0.875437
v 0.279762 0.929622 0.870098
v 0.300595 0.414309 0.939810
v 0.298040 0.426389 0.943237
v 0.294942 0.413806 0.976341
v 0.297498 0.401725 0.972914
v 0.298720 0.402228 0.935968
v 0.295622 0.389645 0.969072
v 0.291361 0.437013 0.945836
v 0.288263 0.424429 0.978940
v 0.259978 0.540214 1.373868
v 0.292640 0.391605 0.932175
v 0.289542 0.379021 0.965279
v 0.257381 0.528276 1.377737
v 0.281365 0.444898 0.947293
v 0.278268 0.432314 0.980397
v 0.258144 0.552151 1.369585
v 0.283088 0.383720 0.928889
v 0.279990 0.371136 0.961993
v 0.250666 0.517779 1.380724
v 0.269258 0.449093 0.947434
v 0.266160 0.436510 0.980538
v 0.252100 0.562649 1.365404
v 0.288041 0.582026 1.420942
v 0.291703 0.558192 1.429494
v 0.286518 0.534359 1.437217
v 0.271216 0.379524 0.926504
v 0.268119 0.366941 0.959609
v 0.240643 0.509987 1.382470
v 0.273112 0.513400 1.443182
v 0.256499 0.449093 0.946240
v 0.253401 0.436510 0.979344
v 0.242575 0.570441 1.361829
v 0.275974 0.602985 1.412594
v 0.285625 0.590919 1.446761
v 0.289287 0.567085 1.455313
v 0.284102 0.543251 1.463037
v 0.258457 0.379524 0.925311
v 0.255360 0.366941 0.958415
v 0.228521 0.505841 1.382764
v 0.253101 0.497844 1.446667
v 0.270696 0.522293 1.469001
v 0.244628 0.444898 0.943856
v 0.241530 0.432314 0.976960
v 0.217959 0.574587 1.358098
v 0.230718 0.574587 1.359292
v 0.256958 0.618541 1.405457
v 0.273558 0.611878 1.438413
v 0.285011 0.591675 1.449339
v 0.288653 0.567970 1.457844
v 0.283496 0.544264 1.465527
v 0.246350 0.383720 0.925451
v 0.243252 0.371136 0.958555
v 0.215762 0.505841 1.381570
v 0.228900 0.489566 1.447253
v 0.250685 0.506736 1.472486
v 0.270162 0.523418 1.471459
v 0.235076 0.437013 0.940569
v 0.231978 0.424429 0.973673
v 0.205837 0.570441 1.358391
v 0.207811 0.626819 1.398007
v 0.233285 0.626819 1.400391
v 0.254541 0.627434 1.431276
v 0.273008 0.612522 1.441036
v 0.283716 0.591923 1.451200
v 0.287300 0.568602 1.459569
v 0.282226 0.545280 1.467126
v 0.236354 0.391605 0.926908
v 0.233256 0.379021 0.960012
v 0.203426 0.489566 1.444869
v 0.226483 0.498459 1.473072
v 0.250258 0.507945 1.474926
v 0.269108 0.524771 1.472962
v 0.228995 0.426389 0.936776
v 0.225898 0.413806 0.969880
v 0.195814 0.562649 1.360137
v 0.183610 0.618541 1.398593
v 0.205395 0.635711 1.423826
v 0.230869 0.635711 1.426210
v 0.254094 0.627995 1.433937
v 0.271909 0.612432 1.443032
v 0.281742 0.591662 1.452347
v 0.285227 0.568981 1.460485
v 0.280293 0.546299 1.467835
v 0.229676 0.402228 0.929507
v 0.226578 0.389645 0.962611
v 0.203905 0.509987 1.379032
v 0.179753 0.497844 1.439803
v 0.201010 0.498459 1.470688
v 0.226187 0.499712 1.475508
v 0.249527 0.509549 1.476373
v 0.267535 0.526353 1.473511
v 0.227120 0.414309 0.932934
v 0.224022 0.401725 0.966038
v 0.189099 0.552151 1.363124
v 0.163599 0.602985 1.402078
v 0.181194 0.627434 1.424412
v 0.205212 0.636227 1.426527
v 0.230548 0.636227 1.428898
v 0.253300 0.627654 1.436048
v 0.270258 0.611608 1.444402
v 0.279088 0.590893 1.452777
v 0.282436 0.569107 1.460594
v 0.277696 0.547321 1.467654
v 0.194380 0.517779 1.375457
v 0.160737 0.513400 1.432666
v 0.177337 0.506736 1.465622
v 0.200850 0.499712 1.473137
v 0.225845 0.501450 1.476946
v 0.248491 0.511549 1.476828
v 0.265442 0.528163 1.473106
v 0.186502 0.540214 1.366993
v 0.150192 0.582026 1.408043
v 0.161183 0.611878 1.427897
v 0.181140 0.627994 1.427110
v 0.205210 0.635754 1.428758
v 0.230136 0.635754 1.431091
v 0.252161 0.626413 1.437610
v 0.268058 0.610051 1.445146
v 0.250675 0.624271 1.438622
v 0.229037 0.631837 1.433991
v 0.205752 0.631837 1.431812
v 0.210052 0.609161 1.440025
v 0.211039 0.611117 1.439443
v 0.211479 0.612177 1.439120
v 0.213895 0.613229 1.438983
v 0.214897 0.613769 1.438891
v 0.217577 0.613408 1.439266
v 0.218709 0.613217 1.439438
v 0.220369 0.611664 1.440128
v 0.221130 0.610770 1.440508
v 0.221027 0.607544 1.441609
v 0.237105 0.595745 1.447177
v 0.238359 0.598264 1.446427
v 0.238528 0.598672 1.446302
v 0.241582 0.600022 1.446123
v 0.241945 0.600218 1.446090
v 0.245339 0.599752 1.446567
v 0.245757 0.599682 1.446631
v 0.247874 0.597665 1.447523
v 0.248181 0.597305 1.447676
v 0.248081 0.594177 1.448744
v 0.245931 0.592228 1.449214
v 0.245504 0.591762 1.449335
v 0.242305 0.591320 1.449188
v 0.241657 0.591213 1.449164
v 0.238863 0.592501 1.448459
v 0.238340 0.592793 1.448310
v 0.237273 0.595265 1.447358
v 0.219370 0.606060 1.441965
v 0.218448 0.605053 1.442226
v 0.215986 0.604716 1.442111
v 0.214601 0.604485 1.442061
v 0.212440 0.605472 1.441519
v 0.211285 0.606116 1.441189
v 0.210452 0.608023 1.440454
v 0.183630 0.624271 1.432348
v 0.165338 0.610051 1.435534
v 0.180873 0.595745 1.441915
v 0.182127 0.598264 1.441165
v 0.182296 0.598672 1.441040
v 0.185350 0.600022 1.440861
v 0.185713 0.600218 1.440828
v 0.189106 0.599752 1.441305
v 0.189525 0.599682 1.441369
v 0.191642 0.597665 1.442261
v 0.191949 0.597305 1.442414
v 0.191849 0.594177 1.443482
v 0.189698 0.592228 1.443952
v 0.189272 0.591762 1.444073
v 0.186072 0.591320 1.443926
v 0.185425 0.591213 1.443902
v 0.182631 0.592501 1.443197
v 0.182108 0.592793 1.443048
v 0.181041 0.595265 1.442096
v 0.153084 0.590893 1.440986
v 0.148344 0.569107 1.448046
v 0.166317 0.568007 1.450107
v 0.167622 0.570596 1.449337
v 0.167738 0.570876 1.449252
v 0.170935 0.572268 1.449072
v 0.171154 0.572385 1.449051
v 0.174701 0.571907 1.449548
v 0.174967 0.571863 1.449588
v 0.177164 0.569807 1.450502
v 0.177392 0.569538 1.450616
v 0.177294 0.566465 1.451665
v 0.175101 0.564501 1.452136
v 0.174718 0.564083 1.452245
v 0.179196 0.543262 1.459835
v 0.180082 0.545019 1.459312
v 0.180624 0.546325 1.458913
v 0.182793 0.547269 1.458791
v 0.184043 0.547943 1.458676
v 0.186450 0.547618 1.459013
v 0.187854 0.547382 1.459226
v 0.189345 0.545987 1.459846
v 0.208738 0.568007 1.454076
v 0.210043 0.570596 1.453307
v 0.210159 0.570876 1.453221
v 0.213356 0.572268 1.453041
v 0.213575 0.572385 1.453021
v 0.217122 0.571907 1.453518
v 0.217388 0.571863 1.453558
v 0.219584 0.569807 1.454471
v 0.219813 0.569538 1.454585
v 0.219715 0.566465 1.455635
v 0.217522 0.564501 1.456106
v 0.217139 0.564083 1.456214
v 0.213880 0.563637 1.456063
v 0.213292 0.563539 1.456041
v 0.210433 0.564844 1.455324
v 0.209975 0.565100 1.455193
v 0.208872 0.567623 1.454221
v 0.190274 0.544895 1.460309
v 0.190170 0.541622 1.461426
v 0.188682 0.540289 1.461746
v 0.187589 0.539096 1.462055
v 0.185378 0.538794 1.461952
v 0.183742 0.538521 1.461893
v 0.181801 0.539407 1.461406
v 0.180427 0.540174 1.461014
v 0.179679 0.541886 1.460354
v 0.171459 0.563637 1.452093
v 0.170871 0.563539 1.452072
v 0.168012 0.564844 1.451355
v 0.167554 0.565100 1.451224
v 0.166451 0.567623 1.450251
v 0.151692 0.547321 1.455863
v 0.162722 0.528163 1.463493
v 0.180105 0.513944 1.470018
v 0.201743 0.506377 1.474648
v 0.207504 0.529386 1.467263
v 0.208154 0.530676 1.466879
v 0.208935 0.532557 1.466305
v 0.210528 0.533251 1.466215
v 0.212356 0.534236 1.466046
v 0.214124 0.533998 1.466294
v 0.216167 0.533654 1.466604
v 0.217262 0.532629 1.467059
v 0.218584 0.531076 1.467718
v 0.236652 0.540712 1.466090
v 0.237494 0.542383 1.465593
v 0.238080 0.543794 1.465162
v 0.240144 0.544692 1.465045
v 0.241500 0.545423 1.464920
v 0.243789 0.545115 1.465241
v 0.245311 0.544858 1.465472
v 0.252724 0.568007 1.458192
v 0.254029 0.570596 1.457423
v 0.254146 0.570876 1.457337
v 0.257342 0.572268 1.457157
v 0.257561 0.572385 1.457137
v 0.261108 0.571907 1.457634
v 0.261374 0.571863 1.457674
v 0.263571 0.569807 1.458587
v 0.263799 0.569538 1.458701
v 0.263701 0.566465 1.459751
v 0.261508 0.564501 1.460222
v 0.261125 0.564083 1.460330
v 0.257867 0.563637 1.460179
v 0.257279 0.563539 1.460157
v 0.254419 0.564844 1.459440
v 0.253961 0.565100 1.459309
v 0.252859 0.567623 1.458337
v 0.246729 0.543531 1.466061
v 0.247730 0.542355 1.466560
v 0.247625 0.539061 1.467685
v 0.246210 0.537794 1.467989
v 0.245045 0.536520 1.468318
v 0.242941 0.536233 1.468221
v 0.241197 0.535942 1.468158
v 0.239351 0.536785 1.467695
v 0.237882 0.537605 1.467275
v 0.237171 0.539233 1.466647
v 0.218476 0.527691 1.468873
v 0.217383 0.526712 1.469108
v 0.215893 0.525084 1.469530
v 0.214269 0.524862 1.469454
v 0.212045 0.524492 1.469373
v 0.210620 0.525142 1.469016
v 0.208732 0.526196 1.468476
v 0.208182 0.527454 1.467992
v 0.225028 0.506377 1.476827
v 0.247150 0.513944 1.476292
v 0.188336 0.528276 1.371276
v 0.148669 0.534359 1.424318
v 0.158321 0.522293 1.458485
v 0.177304 0.507945 1.468099
v 0.200919 0.501450 1.474614
v 0.225459 0.503671 1.477386
v 0.145008 0.558192 1.415766
v 0.147776 0.590919 1.433862
v 0.161236 0.612522 1.430576
v 0.181528 0.627654 1.429332
v 0.205390 0.634290 1.430520
v 0.229632 0.634290 1.432788
v 0.182358 0.626413 1.431078
v 0.163314 0.611609 1.434395
v 0.150556 0.591662 1.440071
v 0.145621 0.568981 1.447421
v 0.149106 0.546299 1.455559
v 0.160590 0.526353 1.463504
v 0.178688 0.511549 1.470296
v 0.201217 0.503671 1.475117
v 0.146253 0.543252 1.450137
v 0.158390 0.523418 1.460999
v 0.177754 0.509549 1.469657
v 0.142592 0.567085 1.441585
v 0.147902 0.591675 1.436509
v 0.161947 0.612432 1.432742
v 0.148829 0.591923 1.438578
v 0.143755 0.568602 1.446136
v 0.147338 0.545280 1.454504
v 0.159146 0.524771 1.462672
v 0.146387 0.544264 1.452696
v 0.142745 0.567970 1.444191
v 0.212544 0.599990 1.413399
v 0.213531 0.601947 1.412817
v 0.213970 0.603006 1.412493
v 0.216386 0.604058 1.412357
v 0.217389 0.604598 1.412265
v 0.220069 0.604237 1.412640
v 0.221201 0.604046 1.412812
v 0.222861 0.602493 1.413502
v 0.223622 0.601599 1.413881
v 0.223519 0.598374 1.414982
v 0.239596 0.586574 1.420551
v 0.240851 0.589093 1.419801
v 0.241020 0.589501 1.419676
v 0.244074 0.590852 1.419497
v 0.244437 0.591047 1.419463
v 0.247830 0.590582 1.419941
v 0.248249 0.590511 1.420004
v 0.250366 0.588495 1.420897
v 0.250673 0.588135 1.421050
v 0.250573 0.585006 1.422118
v 0.248422 0.583057 1.422588
v 0.247996 0.582591 1.422709
v 0.244796 0.582150 1.422561
v 0.244149 0.582042 1.422538
v 0.241355 0.583330 1.421833
v 0.240832 0.583622 1.421683
v 0.239765 0.586094 1.420732
v 0.221862 0.596890 1.415338
v 0.220940 0.595882 1.415599
v 0.218477 0.595545 1.415485
v 0.217092 0.595315 1.415434
v 0.214932 0.596301 1.414893
v 0.213777 0.596945 1.414563
v 0.212944 0.598852 1.413828
v 0.183364 0.586574 1.415289
v 0.184618 0.589093 1.414539
v 0.184788 0.589501 1.414414
v 0.187841 0.590852 1.414234
v 0.188205 0.591047 1.414201
v 0.191598 0.590582 1.414679
v 0.192017 0.590511 1.414742
v 0.194134 0.588495 1.415635
v 0.194440 0.588135 1.415788
v 0.194340 0.585006 1.416856
v 0.192190 0.583057 1.417326
v 0.191764 0.582591 1.417446
v 0.188564 0.582150 1.417299
v 0.187917 0.582042 1.417276
v 0.185122 0.583330 1.416570
v 0.184600 0.583622 1.416421
v 0.183533 0.586094 1.415470
v 0.168808 0.558836 1.423480
v 0.170114 0.561425 1.422711
v 0.170230 0.561705 1.422625
v 0.173427 0.563097 1.422445
v 0.173646 0.563215 1.422425
v 0.177193 0.562737 1.422922
v 0.177458 0.562692 1.422962
v 0.179655 0.560636 1.423875
v 0.179884 0.560368 1.423989
v 0.179785 0.557294 1.425039
v 0.177593 0.555330 1.425510
v 0.177210 0.554912 1.425618
v 0.181687 0.534091 1.433208
v 0.182573 0.535848 1.432686
v 0.183115 0.537154 1.432287
v 0.185285 0.538098 1.432165
v 0.186534 0.538772 1.432050
v 0.188941 0.538447 1.432387
v 0.190346 0.538211 1.432600
v 0.191837 0.536816 1.433219
v 0.211229 0.558836 1.427450
v 0.212535 0.561425 1.426680
v 0.212651 0.561705 1.426595
v 0.215848 0.563097 1.426414
v 0.216067 0.563215 1.426394
v 0.219614 0.562737 1.426891
v 0.219879 0.562692 1.426931
v 0.222076 0.560636 1.427845
v 0.222304 0.560368 1.427959
v 0.222206 0.557294 1.429008
v 0.220014 0.555330 1.429479
v 0.219631 0.554912 1.429588
v 0.216372 0.554467 1.429436
v 0.215784 0.554369 1.429415
v 0.212925 0.555674 1.428698
v 0.212466 0.555929 1.428567
v 0.211364 0.558453 1.427595
v 0.192766 0.535724 1.433682
v 0.192661 0.532451 1.434800
v 0.191173 0.531119 1.435120
v 0.190081 0.529925 1.435429
v 0.187870 0.529623 1.435326
v 0.186233 0.529350 1.435266
v 0.184293 0.530236 1.434780
v 0.182919 0.531003 1.434387
v 0.182171 0.532715 1.433727
v 0.173951 0.554467 1.425467
v 0.173363 0.554369 1.425445
v 0.170504 0.555674 1.424728
v 0.170045 0.555930 1.424597
v 0.168943 0.558453 1.423625
v 0.209995 0.520215 1.440636
v 0.210646 0.521506 1.440253
v 0.211426 0.523387 1.439678
v 0.213020 0.524080 1.439588
v 0.214848 0.525065 1.439420
v 0.216616 0.524827 1.439667
v 0.218658 0.524483 1.439977
v 0.219753 0.523459 1.440432
v 0.221076 0.521905 1.441091
v 0.239143 0.531541 1.439463
v 0.239986 0.533212 1.438966
v 0.240572 0.534623 1.438535
v 0.242635 0.535522 1.438419
v 0.243991 0.536252 1.438294
v 0.246281 0.535944 1.438614
v 0.247803 0.535687 1.438845
v 0.255216 0.558836 1.431566
v 0.256521 0.561425 1.430796
v 0.256637 0.561705 1.430711
v 0.259834 0.563097 1.430531
v 0.260053 0.563215 1.430511
v 0.263600 0.562737 1.431007
v 0.263866 0.562692 1.431047
v 0.266062 0.560636 1.431961
v 0.266291 0.560368 1.432075
v 0.266193 0.557294 1.433124
v 0.264000 0.555330 1.433595
v 0.263617 0.554912 1.433704
v 0.260358 0.554467 1.433552
v 0.259770 0.554369 1.433531
v 0.256911 0.555674 1.432814
v 0.256453 0.555929 1.432683
v 0.255350 0.558453 1.431710
v 0.249221 0.534361 1.439435
v 0.250222 0.533184 1.439934
v 0.250117 0.529890 1.441058
v 0.248702 0.528623 1.441363
v 0.247536 0.527349 1.441692
v 0.245433 0.527062 1.441594
v 0.243688 0.526771 1.441531
v 0.241843 0.527614 1.441068
v 0.240374 0.528434 1.440648
v 0.239662 0.530062 1.440021
v 0.220967 0.518520 1.442247
v 0.219875 0.517541 1.442482
v 0.218385 0.515913 1.442903
v 0.216761 0.515692 1.442827
v 0.214536 0.515321 1.442747
v 0.213111 0.515971 1.442390
v 0.211223 0.517025 1.441850
v 0.210674 0.518283 1.441365
v 0.209335 0.559982 0.993016
v 0.208950 0.573640 0.997125
v 0.308181 0.559981 1.002266
v 0.307797 0.573640 1.006375
v 0.195243 0.525487 1.143610
v 0.198531 0.539850 1.108468
v 0.197408 0.535796 1.120473
v 0.196312 0.531009 1.132187
v 0.192209 0.504252 1.176030
v 0.193193 0.512064 1.165514
v 0.194204 0.519143 1.154707
v 0.195660 0.512085 1.139153
v 0.192726 0.491639 1.170499
v 0.193670 0.499131 1.160419
v 0.194647 0.505946 1.149970
v 0.198916 0.526192 1.104359
v 0.197796 0.522166 1.116325
v 0.196711 0.517464 1.127923
v 0.294506 0.512085 1.148403
v 0.297762 0.526192 1.113609
v 0.296643 0.522166 1.125575
v 0.295557 0.517464 1.137173
v 0.291573 0.491639 1.179749
v 0.292516 0.499131 1.169668
v 0.293494 0.505946 1.159220
v 0.294089 0.525487 1.152860
v 0.291056 0.504252 1.185279
v 0.292040 0.512064 1.174764
v 0.293051 0.519143 1.163957
v 0.297378 0.539850 1.117718
v 0.296254 0.535796 1.129722
v 0.295158 0.531009 1.141437
v 0.200615 0.454799 1.218206
v 0.227832 0.443341 1.235361
v 0.211957 0.447161 1.229006
v 0.191531 0.481533 1.183271
v 0.193806 0.466256 1.202961
v 0.199901 0.465874 1.225838
v 0.190821 0.492552 1.190865
v 0.193094 0.477307 1.210577
v 0.227116 0.454440 1.243010
v 0.211241 0.458251 1.236649
v 0.274257 0.465874 1.232796
v 0.244328 0.454440 1.244620
v 0.261107 0.458251 1.241315
v 0.289667 0.492552 1.200115
v 0.283777 0.477307 1.219063
v 0.274971 0.454799 1.225164
v 0.290378 0.481533 1.192521
v 0.284489 0.466256 1.211447
v 0.245043 0.443341 1.236971
v 0.261822 0.447160 1.233672
v 0.208594 0.585705 1.000929
v 0.208210 0.599364 1.005038
v 0.307441 0.585705 1.010179
v 0.307056 0.599364 1.014288
v 0.192451 0.544558 1.173446
v 0.195739 0.558921 1.138304
v 0.194616 0.554867 1.150308
v 0.193520 0.550080 1.162022
v 0.189417 0.523323 1.205865
v 0.190401 0.531135 1.195350
v 0.191412 0.538213 1.184543
v 0.192868 0.531156 1.168989
v 0.189935 0.510710 1.200335
v 0.190878 0.518202 1.190254
v 0.191856 0.525017 1.179806
v 0.196124 0.545263 1.134195
v 0.195004 0.541237 1.146161
v 0.193919 0.536535 1.157759
v 0.291715 0.531156 1.178238
v 0.294970 0.545263 1.143444
v 0.293851 0.541237 1.155410
v 0.292765 0.536535 1.167008
v 0.288781 0.510709 1.209585
v 0.289725 0.518202 1.199504
v 0.290702 0.525017 1.189055
v 0.291297 0.544558 1.182696
v 0.288264 0.523323 1.215115
v 0.289248 0.531135 1.204599
v 0.290259 0.538213 1.193793
v 0.294586 0.558921 1.147553
v 0.293463 0.554867 1.159558
v 0.292366 0.550080 1.171272
v 0.197823 0.473870 1.248042
v 0.225040 0.462412 1.265196
v 0.209165 0.466231 1.258842
v 0.188739 0.500604 1.213107
v 0.191014 0.485327 1.232797
v 0.197109 0.484945 1.255674
v 0.188029 0.511623 1.220701
v 0.190302 0.496378 1.240413
v 0.224324 0.473511 1.272845
v 0.208450 0.477322 1.266485
v 0.271465 0.484945 1.262632
v 0.241536 0.473511 1.274456
v 0.258315 0.477322 1.271151
v 0.286876 0.511623 1.229950
v 0.280985 0.496378 1.248899
v 0.272179 0.473870 1.255000
v 0.287586 0.500604 1.222357
v 0.281698 0.485327 1.241283
v 0.242251 0.462412 1.266807
v 0.259030 0.466231 1.263508
v 0.332380 0.901528 0.503022
v 0.332968 0.909267 0.496743
v 0.277694 0.909267 0.491571
v 0.277106 0.901528 0.497849
v 0.335304 0.898505 0.471770
v 0.335454 0.908360 0.470169
v 0.280181 0.908360 0.464997
v 0.280031 0.898505 0.466598
v 0.337546 0.894052 0.447815
v 0.337753 0.903793 0.445607
v 0.282479 0.903793 0.440435
v 0.282272 0.894052 0.442643
v 0.339800 0.887495 0.423728
v 0.340094 0.896983 0.420588
v 0.284820 0.896983 0.415416
v 0.284526 0.887495 0.418556
v 0.342087 0.877774 0.399294
v 0.342486 0.886814 0.395030
v 0.287212 0.886814 0.389858
v 0.286813 0.877774 0.394122
v 0.344427 0.863801 0.374282
v 0.344933 0.872200 0.368871
v 0.289660 0.872200 0.363698
v 0.289153 0.863801 0.369110
v 0.346842 0.844458 0.348473
v 0.347445 0.852087 0.342033
v 0.292171 0.852087 0.336861
v 0.291568 0.844458 0.343301
v 0.349349 0.818609 0.321682
v 0.350030 0.825433 0.314408
v 0.294756 0.825433 0.309236
v 0.294075 0.818609 0.316509
v 0.351962 0.785128 0.293758
v 0.352702 0.791193 0.285851
v 0.297428 0.791193 0.280678
v 0.296688 0.785128 0.288586
v 0.354693 0.742908 0.264571
v 0.355477 0.748299 0.256197
v 0.300203 0.748299 0.251025
v 0.299420 0.742908 0.259398
v 0.357968 0.681552 0.229573
v 0.358769 0.686625 0.221013
v 0.303496 0.686625 0.215841
v 0.302695 0.681552 0.224401
v 0.310400 0.876297 0.530504
v 0.315037 0.869193 0.480952
v 0.315541 0.904447 0.475561
v 0.313012 0.907827 0.502589
v 0.317132 0.865767 0.458566
v 0.317766 0.900809 0.451784
v 0.319144 0.860646 0.437062
v 0.320093 0.894887 0.426922
v 0.321171 0.852819 0.415401
v 0.322500 0.885592 0.401197
v 0.323257 0.841284 0.393112
v 0.324976 0.871899 0.374736
v 0.325441 0.824921 0.369764
v 0.327513 0.852902 0.347631
v 0.327754 0.802551 0.345050
v 0.330112 0.827754 0.319847
v 0.330212 0.773022 0.318785
v 0.332790 0.795581 0.291231
v 0.332817 0.735360 0.290939
v 0.335575 0.755329 0.261470
v 0.336747 0.664735 0.248939
v 0.339555 0.683832 0.218937
v 0.285806 0.876297 0.528203
v 0.290443 0.869193 0.478650
v 0.290948 0.904447 0.473259
v 0.288419 0.907827 0.500288
v 0.292538 0.865767 0.456265
v 0.293173 0.900809 0.449482
v 0.294550 0.860645 0.434761
v 0.295499 0.894887 0.424621
v 0.296577 0.852819 0.413099
v 0.297906 0.885592 0.398895
v 0.298663 0.841284 0.390810
v 0.300382 0.871899 0.372435
v 0.300848 0.824921 0.367463
v 0.302919 0.852902 0.345329
v 0.303160 0.802551 0.342749
v 0.305519 0.827754 0.317546
v 0.305618 0.773022 0.316483
v 0.308196 0.795581 0.288930
v 0.308224 0.735360 0.288638
v 0.310981 0.755329 0.259169
v 0.312154 0.664735 0.246638
v 0.314962 0.683832 0.216636
v 0.328731 0.887813 0.511040
v 0.329897 0.896873 0.501315
v 0.279863 0.896873 0.496633
v 0.279205 0.887813 0.506406
v 0.332035 0.879520 0.480689
v 0.332242 0.894051 0.478630
v 0.281767 0.894051 0.473907
v 0.281589 0.879520 0.475968
v 0.334199 0.876134 0.458139
v 0.334403 0.890509 0.455351
v 0.283963 0.890509 0.450631
v 0.283646 0.876134 0.453409
v 0.336315 0.870791 0.435639
v 0.336627 0.884833 0.431473
v 0.286208 0.884833 0.426755
v 0.285741 0.870791 0.430906
v 0.338462 0.862538 0.412770
v 0.338917 0.875973 0.406938
v 0.288510 0.875974 0.402221
v 0.287875 0.862538 0.408036
v 0.340664 0.850364 0.389243
v 0.341277 0.862915 0.381701
v 0.290872 0.862915 0.376984
v 0.290075 0.850364 0.384509
v 0.342950 0.833216 0.364783
v 0.343713 0.844689 0.355700
v 0.293302 0.844689 0.350983
v 0.292367 0.833216 0.360050
v 0.345341 0.810017 0.339165
v 0.346234 0.820352 0.328822
v 0.295812 0.820352 0.324104
v 0.294770 0.810017 0.334432
v 0.347857 0.779699 0.312209
v 0.348853 0.788952 0.300901
v 0.298419 0.788952 0.296182
v 0.297299 0.779699 0.307478
v 0.350522 0.741253 0.283778
v 0.351580 0.749483 0.271714
v 0.301154 0.749483 0.266996
v 0.299956 0.741253 0.279046
v 0.353533 0.680080 0.246880
v 0.354620 0.687352 0.235358
v 0.304912 0.687352 0.230707
v 0.303842 0.680080 0.242230
v 0.327332 0.888466 0.507840
v 0.328029 0.894072 0.500390
v 0.281870 0.894072 0.496071
v 0.281173 0.888466 0.503520
v 0.329938 0.882147 0.479994
v 0.330051 0.891419 0.478788
v 0.283892 0.891419 0.474469
v 0.283779 0.882147 0.475674
v 0.332048 0.878695 0.457438
v 0.332215 0.887881 0.455660
v 0.286056 0.887881 0.451341
v 0.285889 0.878695 0.453119
v 0.334177 0.873279 0.434695
v 0.334425 0.882254 0.432037
v 0.288266 0.882254 0.427718
v 0.288018 0.873279 0.430376
v 0.336344 0.864910 0.411534
v 0.336692 0.873501 0.407811
v 0.290533 0.873501 0.403492
v 0.290185 0.864910 0.407215
v 0.338574 0.852579 0.387706
v 0.339024 0.860604 0.382889
v 0.292865 0.860604 0.378570
v 0.292415 0.852579 0.383387
v 0.340888 0.835244 0.362972
v 0.341431 0.842579 0.357170
v 0.295272 0.842579 0.352851
v 0.294729 0.835244 0.358653
v 0.343307 0.811850 0.337126
v 0.343925 0.818456 0.330519
v 0.297766 0.818456 0.326200
v 0.297148 0.811850 0.332806
v 0.345846 0.781345 0.309993
v 0.346522 0.787258 0.302770
v 0.300363 0.787258 0.298451
v 0.299687 0.781345 0.305674
v 0.348520 0.742696 0.281417
v 0.349238 0.747993 0.273739
v 0.303079 0.747993 0.269420
v 0.302361 0.742696 0.277098
v 0.351833 0.683054 0.246008
v 0.352569 0.688059 0.238146
v 0.306410 0.688059 0.233827
v 0.305674 0.683054 0.241689
v 0.322452 0.876519 0.530550
v 0.323037 0.883441 0.524293
v 0.282340 0.883441 0.520485
v 0.281755 0.876519 0.526742
v 0.325865 0.869124 0.494076
v 0.325973 0.878403 0.492920
v 0.285276 0.878403 0.489112
v 0.285168 0.869124 0.490268
v 0.327977 0.865796 0.471502
v 0.328139 0.874991 0.469774
v 0.287442 0.874991 0.465965
v 0.287280 0.865796 0.467693
v 0.330108 0.860504 0.448730
v 0.330353 0.869494 0.446121
v 0.289655 0.869494 0.442313
v 0.289411 0.860504 0.444922
v 0.332280 0.852262 0.425524
v 0.332624 0.860873 0.421848
v 0.291927 0.860873 0.418039
v 0.291583 0.852262 0.421716
v 0.334516 0.840061 0.401629
v 0.334962 0.848112 0.396856
v 0.294265 0.848112 0.393048
v 0.293819 0.840061 0.397821
v 0.336839 0.822862 0.376802
v 0.337378 0.830228 0.371040
v 0.296681 0.830228 0.367232
v 0.296142 0.822862 0.372993
v 0.339270 0.799609 0.350829
v 0.339884 0.806251 0.344259
v 0.299187 0.806251 0.340451
v 0.298572 0.799609 0.347021
v 0.341824 0.769253 0.323531
v 0.342497 0.775206 0.316341
v 0.301800 0.775206 0.312533
v 0.301127 0.769253 0.319723
v 0.344517 0.730762 0.294747
v 0.345233 0.736100 0.287097
v 0.304536 0.736100 0.283289
v 0.303820 0.730762 0.290939
v 0.348942 0.658922 0.247468
v 0.349675 0.663970 0.239632
v 0.308978 0.663970 0.235824
v 0.308245 0.658922 0.243659
v 0.243636 0.821120 0.626457
v 0.244036 0.812622 0.622181
v 0.342483 0.821120 0.635707
v 0.342883 0.812621 0.631430
v 0.249131 0.840824 0.567734
v 0.246075 0.821601 0.600388
v 0.247121 0.827571 0.589207
v 0.248140 0.833979 0.578323
v 0.251928 0.864152 0.537848
v 0.251023 0.855938 0.547514
v 0.250091 0.848162 0.557476
v 0.248701 0.849053 0.572330
v 0.251405 0.871548 0.543432
v 0.250538 0.863672 0.552698
v 0.249637 0.856173 0.562331
v 0.245675 0.830100 0.604664
v 0.246718 0.836039 0.593519
v 0.247727 0.842357 0.582741
v 0.347548 0.849053 0.581580
v 0.344522 0.830100 0.613914
v 0.345565 0.836039 0.602769
v 0.346573 0.842357 0.591991
v 0.350252 0.871548 0.552681
v 0.349385 0.863672 0.561947
v 0.348483 0.856173 0.571580
v 0.347978 0.840824 0.576983
v 0.350774 0.864152 0.547098
v 0.349870 0.855938 0.556764
v 0.348938 0.848162 0.566726
v 0.344922 0.821601 0.609637
v 0.345968 0.827571 0.598457
v 0.346987 0.833978 0.587572
v 0.267649 0.909495 0.501846
v 0.297465 0.921297 0.491230
v 0.280724 0.917363 0.494132
v 0.252502 0.881958 0.531710
v 0.258242 0.897693 0.514372
v 0.268352 0.903725 0.494330
v 0.253202 0.876217 0.524232
v 0.258944 0.891936 0.506872
v 0.298170 0.915515 0.483697
v 0.281428 0.911585 0.486605
v 0.342709 0.903725 0.501288
v 0.315381 0.915515 0.485308
v 0.331293 0.911585 0.491271
v 0.352048 0.876217 0.533481
v 0.349627 0.891936 0.515358
v 0.342005 0.909495 0.508804
v 0.351349 0.881957 0.540960
v 0.348925 0.897693 0.522858
v 0.314676 0.921297 0.492840
v 0.330589 0.917363 0.498798
v 0.253100 0.870246 0.525314
v 0.253800 0.864505 0.517836
v 0.252526 0.852441 0.531452
v 0.252004 0.859836 0.537036
v 0.351947 0.870246 0.534564
v 0.350850 0.859837 0.546285
v 0.351373 0.852440 0.540702
v 0.352647 0.864505 0.527085
v 0.298387 0.912987 0.481380
v 0.281645 0.909053 0.484282
v 0.268248 0.897784 0.495450
v 0.258840 0.885982 0.507976
v 0.349524 0.885982 0.516462
v 0.342604 0.897783 0.502408
v 0.331511 0.909053 0.488948
v 0.315598 0.912987 0.482990
v 0.244234 0.809408 0.620061
v 0.244635 0.800910 0.615784
v 0.343481 0.800910 0.625034
v 0.343081 0.809408 0.629311
v 0.246674 0.809890 0.593991
v 0.345521 0.809890 0.603241
v 0.299092 0.907204 0.473847
v 0.316303 0.907204 0.475457
v 0.246274 0.818388 0.598268
v 0.345120 0.818388 0.607518
v 0.259542 0.880224 0.500476
v 0.268951 0.892014 0.487934
v 0.282350 0.903274 0.476754
v 0.332215 0.903274 0.481421
v 0.343307 0.892013 0.494891
v 0.350225 0.880224 0.508962
v 0.251621 0.844226 0.541118
v 0.251136 0.851960 0.546302
v 0.250689 0.836450 0.551080
v 0.250235 0.844461 0.555935
v 0.249729 0.829113 0.561337
v 0.249299 0.837341 0.565934
v 0.349983 0.851960 0.555551
v 0.350468 0.844226 0.550368
v 0.349082 0.844461 0.565184
v 0.349536 0.836450 0.560330
v 0.348146 0.837341 0.575184
v 0.348576 0.829113 0.570587
v 0.247720 0.815859 0.582811
v 0.346567 0.815859 0.592061
v 0.248739 0.822267 0.571926
v 0.347585 0.822267 0.581176
v 0.247317 0.824328 0.587123
v 0.248325 0.830645 0.576345
v 0.346163 0.824328 0.596373
v 0.347172 0.830645 0.585595
v 0.251203 0.552324 0.545593
v 0.251603 0.543825 0.541316
v 0.350050 0.552324 0.554842
v 0.350450 0.543825 0.550566
v 0.274467 0.629653 0.296984
v 0.271411 0.610430 0.329638
v 0.272457 0.616400 0.318458
v 0.273476 0.622807 0.307573
v 0.277263 0.652981 0.267099
v 0.276359 0.644767 0.276765
v 0.275427 0.636991 0.286727
v 0.274037 0.637882 0.301581
v 0.276741 0.660377 0.272682
v 0.275874 0.652501 0.281949
v 0.274972 0.645002 0.291581
v 0.271011 0.618929 0.333915
v 0.272054 0.624868 0.322770
v 0.273062 0.631186 0.311992
v 0.372883 0.637882 0.310831
v 0.369858 0.618929 0.343164
v 0.370900 0.624868 0.332020
v 0.371909 0.631186 0.321242
v 0.375588 0.660377 0.281932
v 0.374720 0.652501 0.291198
v 0.373819 0.645002 0.300831
v 0.373313 0.629653 0.306234
v 0.376110 0.652981 0.276349
v 0.375206 0.644767 0.286015
v 0.374273 0.636991 0.295976
v 0.370258 0.610430 0.338888
v 0.371304 0.616400 0.327708
v 0.372323 0.622807 0.316823
v 0.292985 0.698324 0.231097
v 0.322801 0.710126 0.220480
v 0.306059 0.706192 0.223382
v 0.277838 0.670786 0.260961
v 0.283578 0.686522 0.243623
v 0.293688 0.692554 0.223580
v 0.278537 0.665046 0.253482
v 0.284279 0.680765 0.236123
v 0.323506 0.704344 0.212948
v 0.306764 0.700414 0.215855
v 0.368044 0.692554 0.230538
v 0.340717 0.704344 0.214558
v 0.356629 0.700414 0.220521
v 0.377384 0.665045 0.262732
v 0.374963 0.680765 0.244608
v 0.367341 0.698324 0.238054
v 0.376684 0.670786 0.270210
v 0.374261 0.686522 0.252108
v 0.340012 0.710126 0.222091
v 0.355925 0.706192 0.228049
v 0.251972 0.536363 0.537375
v 0.252372 0.527865 0.533098
v 0.350819 0.536363 0.546624
v 0.351219 0.527865 0.542348
v 0.275614 0.619093 0.284721
v 0.272559 0.599870 0.317375
v 0.273605 0.605840 0.306194
v 0.274623 0.612247 0.295310
v 0.278411 0.642421 0.254835
v 0.277506 0.634207 0.264501
v 0.276574 0.626431 0.274463
v 0.276718 0.632297 0.272923
v 0.277888 0.649817 0.260419
v 0.277021 0.641940 0.269685
v 0.276120 0.634442 0.279318
v 0.272158 0.608369 0.321651
v 0.273201 0.614308 0.310506
v 0.274210 0.620626 0.299729
v 0.374031 0.627321 0.298567
v 0.371005 0.608369 0.330901
v 0.372048 0.614308 0.319756
v 0.373057 0.620626 0.308978
v 0.376735 0.649817 0.269668
v 0.375868 0.641940 0.278934
v 0.374967 0.634442 0.288567
v 0.374461 0.619093 0.293970
v 0.377258 0.642421 0.264085
v 0.376353 0.634207 0.273751
v 0.375421 0.626431 0.283713
v 0.371405 0.599870 0.326624
v 0.372452 0.605839 0.315444
v 0.373470 0.612247 0.304559
v 0.294132 0.687764 0.218833
v 0.323948 0.699566 0.208217
v 0.307207 0.695632 0.211119
v 0.278985 0.660226 0.248697
v 0.284725 0.675962 0.231359
v 0.294836 0.681994 0.211317
v 0.279685 0.654485 0.241219
v 0.285427 0.670205 0.223859
v 0.324653 0.693784 0.200684
v 0.307911 0.689854 0.203592
v 0.369192 0.681994 0.218275
v 0.341865 0.693784 0.202295
v 0.357777 0.689854 0.208258
v 0.378532 0.654485 0.250468
v 0.376110 0.670205 0.232345
v 0.368488 0.687764 0.225791
v 0.377832 0.660226 0.257947
v 0.375408 0.675962 0.239845
v 0.341160 0.699566 0.209827
v 0.357072 0.695632 0.215785
v 0.306414 0.458866 0.503387
v 0.226716 0.454847 0.509288
v 0.154153 0.443275 0.540963
v 0.097477 0.425545 0.594592
v 0.063522 0.403797 0.663706
v 0.056386 0.380654 0.739970
v 0.076928 0.358905 0.814183
v 0.122671 0.341176 0.877396
v 0.188098 0.329604 0.921984
v 0.265317 0.325585 0.942569
v 0.345014 0.329604 0.936668
v 0.417577 0.341176 0.904992
v 0.474254 0.358905 0.851363
v 0.508208 0.380654 0.782249
v 0.515344 0.403797 0.705986
v 0.494802 0.425545 0.631773
v 0.449059 0.443275 0.568560
v 0.383633 0.454847 0.523972
v 0.309345 0.426103 0.472059
v 0.222507 0.421724 0.478489
v 0.143442 0.409115 0.513002
v 0.081687 0.389797 0.571436
v 0.044691 0.366101 0.646743
v 0.036915 0.340883 0.729839
v 0.059298 0.317186 0.810703
v 0.109139 0.297868 0.879579
v 0.180428 0.285260 0.928163
v 0.264566 0.280881 0.950592
v 0.351404 0.285260 0.944162
v 0.430469 0.297868 0.909649
v 0.492224 0.317186 0.851214
v 0.529220 0.340883 0.775908
v 0.536996 0.366101 0.692811
v 0.514614 0.389797 0.611948
v 0.464772 0.409115 0.543071
v 0.393483 0.421724 0.494488
v 0.213056 0.940083 0.655266
v 0.292754 0.944101 0.649365
v 0.140493 0.928511 0.686942
v 0.083817 0.910781 0.740570
v 0.049862 0.889033 0.809685
v 0.042726 0.865889 0.885948
v 0.063268 0.844141 0.960161
v 0.109011 0.826412 1.023374
v 0.174438 0.814840 1.067962
v 0.251657 0.810821 1.088547
v 0.331354 0.814840 1.082646
v 0.403917 0.826412 1.050970
v 0.460594 0.844141 0.997342
v 0.494548 0.865889 0.928227
v 0.501684 0.889033 0.851964
v 0.481142 0.910781 0.777751
v 0.435399 0.928511 0.714538
v 0.369972 0.940083 0.669950
v 0.305731 0.456652 0.510681
v 0.228681 0.452767 0.516386
v 0.158528 0.441579 0.547009
v 0.103734 0.424439 0.598857
v 0.070908 0.403413 0.665675
v 0.064009 0.381038 0.739405
v 0.083868 0.360012 0.811154
v 0.128092 0.342872 0.872267
v 0.191345 0.331684 0.915374
v 0.265999 0.327799 0.935275
v 0.343049 0.331684 0.929569
v 0.413202 0.342872 0.898946
v 0.467996 0.360012 0.847099
v 0.500822 0.381038 0.780281
v 0.507722 0.403413 0.706551
v 0.487862 0.424439 0.634802
v 0.443638 0.441579 0.573689
v 0.380385 0.452767 0.530582
v 0.309139 0.433429 0.474263
v 0.222301 0.429050 0.480693
v 0.143236 0.416441 0.515206
v 0.081481 0.397123 0.573640
v 0.044484 0.373427 0.648947
v 0.036709 0.348209 0.732043
v 0.059091 0.324512 0.812907
v 0.108933 0.305195 0.881783
v 0.180222 0.292586 0.930367
v 0.264360 0.288207 0.952796
v 0.351198 0.292586 0.946366
v 0.430262 0.305194 0.911852
v 0.492018 0.324512 0.853418
v 0.529014 0.348209 0.778112
v 0.536790 0.373427 0.695015
v 0.514407 0.397123 0.614152
v 0.464566 0.416441 0.545275
v 0.393277 0.429050 0.496692
v 0.215021 0.938002 0.662364
v 0.292071 0.941888 0.656659
v 0.144868 0.926815 0.692988
v 0.090074 0.909675 0.744835
v 0.057248 0.888649 0.811653
v 0.050349 0.866274 0.885383
v 0.070208 0.845248 0.957132
v 0.114432 0.828108 1.018245
v 0.177685 0.816920 1.061352
v 0.252339 0.813035 1.081253
v 0.329389 0.816920 1.075547
v 0.399542 0.828108 1.044924
v 0.454336 0.845248 0.993077
v 0.487162 0.866274 0.926259
v 0.494062 0.888649 0.852529
v 0.474202 0.909675 0.780780
v 0.429978 0.926815 0.719667
v 0.366725 0.938002 0.676560
v 0.306414 0.458866 0.503387
v 0.226716 0.454847 0.509288
v 0.154153 0.443275 0.540963
v 0.097477 0.425545 0.594592
v 0.063522 0.403797 0.663706
v 0.056386 0.380654 0.739970
v 0.076928 0.358905 0.814183
v 0.122671 0.341176 0.877396
v 0.188098 0.329604 0.921984
v 0.265317 0.325585 0.942569
v 0.345014 0.329604 0.936668
v 0.417577 0.341176 0.904992
v 0.474254 0.358905 0.851363
v 0.508208 0.380654 0.782249
v 0.515344 0.403797 0.705986
v 0.494802 0.425545 0.631773
v 0.449059 0.443275 0.568560
v 0.383633 0.454847 0.523972
v 0.309345 0.426103 0.472059
v 0.222507 0.421724 0.478489
v 0.143442 0.409115 0.513002
v 0.081687 0.389797 0.571436
v 0.044691 0.366101 0.646743
v 0.036915 0.340883 0.729839
v 0.059298 0.317186 0.810703
v 0.109139 0.297868 0.879579
v 0.180428 0.285260 0.928163
v 0.264566 0.280881 0.950592
v 0.351404 0.285260 0.944162
v 0.430469 0.297868 0.909649
v 0.492224 0.317186 0.851214
v 0.529220 0.340883 0.775908
v 0.536996 0.366101 0.692811
v 0.514614 0.389797 0.611948
v 0.464772 0.409115 0.543071
v 0.393483 0.421724 0.494488
v 0.222905 0.453230 0.493176
v 0.226716 0.454847 0.509288
v 0.224438 0.455845 0.500473
v 0.222116 0.447001 0.487395
v 0.307959 0.457519 0.486878
v 0.308509 0.451357 0.480998
v 0.306414 0.458866 0.503387
v 0.307260 0.460022 0.494341
v 0.390367 0.453230 0.508846
v 0.392214 0.447001 0.503312
v 0.383633 0.454847 0.523972
v 0.387506 0.455845 0.515733
v 0.460190 0.440880 0.556430
v 0.463137 0.434457 0.551645
v 0.449059 0.443275 0.568560
v 0.455497 0.443820 0.562068
v 0.509007 0.421960 0.623891
v 0.512722 0.415238 0.620168
v 0.494802 0.425545 0.631773
v 0.503034 0.425395 0.627759
v 0.530929 0.398750 0.703092
v 0.534990 0.391663 0.700616
v 0.515344 0.403797 0.705986
v 0.524381 0.402795 0.704882
v 0.523313 0.374051 0.784480
v 0.527254 0.366575 0.783285
v 0.508208 0.380654 0.782249
v 0.516965 0.378744 0.784135
v 0.487078 0.350841 0.858239
v 0.490448 0.343000 0.858205
v 0.474254 0.358905 0.851363
v 0.481680 0.356143 0.855958
v 0.426592 0.331921 0.915471
v 0.429010 0.323782 0.916339
v 0.417577 0.341176 0.904992
v 0.422781 0.337719 0.911689
v 0.349153 0.319571 0.949275
v 0.350351 0.311238 0.950675
v 0.345014 0.329604 0.936668
v 0.347373 0.325693 0.944606
v 0.264100 0.315282 0.955573
v 0.263960 0.306881 0.957072
v 0.265317 0.325585 0.942569
v 0.264552 0.321517 0.950739
v 0.181692 0.319571 0.933605
v 0.180254 0.311238 0.934758
v 0.188098 0.329604 0.921984
v 0.184306 0.325693 0.929347
v 0.111868 0.331921 0.886021
v 0.109332 0.323782 0.886424
v 0.122671 0.341176 0.877396
v 0.116315 0.337719 0.883011
v 0.063051 0.350841 0.818560
v 0.059746 0.343000 0.817902
v 0.076928 0.358905 0.814183
v 0.068779 0.356143 0.817320
v 0.041129 0.374051 0.739359
v 0.037478 0.366575 0.737454
v 0.056386 0.380654 0.739969
v 0.047431 0.378744 0.740197
v 0.048745 0.398750 0.657971
v 0.045214 0.391663 0.654785
v 0.063522 0.403797 0.663706
v 0.054847 0.402795 0.660945
v 0.084981 0.421960 0.584212
v 0.082021 0.415238 0.579865
v 0.097476 0.425545 0.594592
v 0.090133 0.425395 0.589122
v 0.145466 0.440880 0.526979
v 0.143458 0.434457 0.521731
v 0.154153 0.443275 0.540963
v 0.149031 0.443820 0.533390
v 0.306473 0.456632 0.502729
v 0.226795 0.452571 0.508798
v 0.154216 0.441045 0.540293
v 0.097414 0.427775 0.595263
v 0.063961 0.401596 0.663084
v 0.056828 0.378492 0.739222
v 0.077009 0.356678 0.813508
v 0.122785 0.338970 0.876656
v 0.188178 0.327382 0.921290
v 0.265254 0.327815 0.943240
v 0.344951 0.331834 0.937338
v 0.417451 0.339032 0.904091
v 0.474191 0.356715 0.850573
v 0.508256 0.378424 0.781577
v 0.515230 0.401574 0.705301
v 0.493093 0.426229 0.633201
v 0.449057 0.441032 0.567932
v 0.383695 0.452617 0.523301
v 0.309141 0.425323 0.474244
v 0.223107 0.420984 0.480614
v 0.144775 0.408492 0.514808
v 0.083592 0.389353 0.572701
v 0.046939 0.365876 0.647309
v 0.039235 0.340893 0.729635
v 0.061410 0.317415 0.809750
v 0.110790 0.298277 0.877988
v 0.181418 0.285785 0.926121
v 0.264777 0.281446 0.948342
v 0.350810 0.285785 0.941972
v 0.429142 0.298277 0.907778
v 0.490325 0.317415 0.849885
v 0.526978 0.340892 0.775277
v 0.534682 0.365876 0.692950
v 0.512507 0.389354 0.612837
v 0.463127 0.408492 0.544598
v 0.392499 0.420984 0.496465
v 0.223404 0.451314 0.494403
v 0.226837 0.452560 0.508863
v 0.224736 0.453549 0.500728
v 0.222711 0.445828 0.489318
v 0.307840 0.455572 0.488151
v 0.308324 0.450145 0.482979
v 0.306442 0.456572 0.502979
v 0.307234 0.457709 0.494619
v 0.389648 0.451314 0.509960
v 0.391273 0.445828 0.505091
v 0.383512 0.452538 0.523683
v 0.387166 0.453549 0.515927
v 0.458964 0.439055 0.557198
v 0.461555 0.433397 0.552988
v 0.448953 0.441007 0.568038
v 0.454892 0.441571 0.562082
v 0.507426 0.420271 0.624169
v 0.510693 0.414352 0.620893
v 0.492890 0.424743 0.632834
v 0.502242 0.423218 0.627516
v 0.529189 0.397231 0.702794
v 0.532760 0.390990 0.700614
v 0.515192 0.401566 0.705334
v 0.523506 0.400706 0.704337
v 0.521629 0.372711 0.783590
v 0.525094 0.366129 0.782537
v 0.508021 0.378448 0.781523
v 0.516118 0.376749 0.783280
v 0.485656 0.349670 0.856812
v 0.488620 0.342767 0.856780
v 0.474140 0.356716 0.850576
v 0.480971 0.354237 0.854822
v 0.425610 0.330887 0.913629
v 0.427737 0.323722 0.914389
v 0.417400 0.339081 0.903991
v 0.422303 0.335885 0.910335
v 0.348734 0.318627 0.947187
v 0.349788 0.311291 0.948415
v 0.345021 0.327443 0.935800
v 0.347190 0.323906 0.943124
v 0.264300 0.314369 0.953439
v 0.264177 0.306974 0.954754
v 0.265399 0.323428 0.941696
v 0.264693 0.319746 0.949232
v 0.182490 0.318627 0.931631
v 0.181227 0.311291 0.932642
v 0.188299 0.327472 0.921069
v 0.184761 0.323906 0.927924
v 0.113175 0.330887 0.884393
v 0.110944 0.323722 0.884745
v 0.122886 0.339004 0.876584
v 0.117036 0.335885 0.881769
v 0.064713 0.349670 0.817422
v 0.061807 0.342767 0.816841
v 0.077269 0.356734 0.813413
v 0.069685 0.354237 0.816335
v 0.042949 0.372711 0.738797
v 0.039740 0.366129 0.737119
v 0.056833 0.378474 0.739279
v 0.048422 0.376749 0.739514
v 0.050510 0.397231 0.658001
v 0.047406 0.390990 0.655196
v 0.063903 0.401574 0.663127
v 0.055809 0.400706 0.660572
v 0.086482 0.420271 0.584778
v 0.083880 0.414352 0.580953
v 0.097715 0.423294 0.594045
v 0.090956 0.423218 0.589029
v 0.146528 0.439055 0.527961
v 0.144763 0.433397 0.523344
v 0.154336 0.441008 0.540461
v 0.149624 0.441571 0.533516
vn 0.0333 -0.9339 -0.3560
vn 0.0084 -0.9351 -0.3542
vn -0.0115 -0.9064 -0.4223
vn 0.0399 -0.9038 -0.4261
vn -0.0146 -0.9387 -0.3445
vn -0.0398 -0.9146 -0.4025
vn -0.0096 -0.9468 -0.3217
vn -0.0697 -0.9264 -0.3700
vn -0.0137 -0.9542 -0.2988
vn -0.0905 -0.9442 -0.3167
vn -0.0151 -0.9586 -0.2844
vn -0.0942 -0.9562 -0.2772
vn -0.0153 -0.9653 -0.2608
vn -0.0837 -0.9718 -0.2204
vn -0.0245 -0.9708 -0.2386
vn -0.0604 -0.9814 -0.1822
vn -0.0037 -0.9744 -0.2249
vn -0.0364 -0.9870 -0.1568
vn 0.0204 -0.9756 -0.2185
vn 0.0134 -0.9896 -0.1435
vn 0.0454 -0.9744 -0.2203
vn 0.0648 -0.9870 -0.1473
vn 0.0684 -0.9708 -0.2299
vn 0.0958 -0.9811 -0.1680
vn 0.0662 -0.9653 -0.2527
vn 0.1254 -0.9711 -0.2030
vn 0.0712 -0.9586 -0.2756
vn 0.1453 -0.9561 -0.2546
vn 0.0727 -0.9539 -0.2913
vn 0.1491 -0.9439 -0.2946
vn 0.0720 -0.9465 -0.3146
vn 0.1390 -0.9270 -0.3483
vn 0.0783 -0.9387 -0.3358
vn 0.1164 -0.9145 -0.3875
vn 0.0575 -0.9351 -0.3496
vn 0.0897 -0.9064 -0.4128
vn 0.4213 0.3395 -0.8410
vn 0.4252 0.2036 -0.8819
vn 0.0909 0.2210 -0.9710
vn 0.0870 0.3569 -0.9301
vn -0.2542 0.2036 -0.9455
vn -0.2580 0.3394 -0.9046
vn -0.4581 0.1760 -0.8713
vn -0.4619 0.3110 -0.8306
vn -0.7330 0.1059 -0.6720
vn -0.7371 0.2492 -0.6282
vn -0.9607 -0.0178 -0.2770
vn -0.9645 0.1186 -0.2361
vn -0.9916 -0.1179 0.0532
vn -0.9954 0.0183 0.0941
vn -0.8410 -0.2442 0.4827
vn -0.8449 -0.1056 0.5244
vn -0.6081 -0.3102 0.7308
vn -0.6118 -0.1752 0.7713
vn -0.4214 -0.3386 0.8413
vn -0.4252 -0.2028 0.8821
vn -0.0871 -0.3560 0.9304
vn -0.0909 -0.2202 0.9712
vn 0.2580 -0.3386 0.9049
vn 0.2541 -0.2028 0.9457
vn 0.4787 -0.3071 0.8225
vn 0.4748 -0.1723 0.8631
vn 0.7494 -0.2400 0.6171
vn 0.7454 -0.1011 0.6589
vn 0.9645 -0.1179 0.2362
vn 0.9606 0.0183 0.2772
vn 0.9954 -0.0177 -0.0940
vn 0.9915 0.1186 -0.0531
vn 0.8548 0.1014 -0.5089
vn 0.8507 0.2451 -0.4649
vn 0.6267 0.1730 -0.7598
vn 0.6228 0.3080 -0.7192
vn -0.3130 0.9497 0.0104
vn -0.0497 0.9708 -0.2345
vn 0.0108 0.9826 -0.1853
vn 0.0304 0.9453 -0.3249
vn 0.0313 0.9544 -0.2970
vn 0.1235 0.9779 -0.1686
vn 0.0374 0.9919 -0.1212
vn 0.0088 0.9999 -0.0073
vn -0.0187 0.9905 0.1361
vn -0.2713 0.9623 0.0177
vn -0.0277 0.9541 0.2981
vn 0.0040 0.9743 0.2253
vn -0.0198 0.9760 0.2168
vn -0.0257 0.9548 0.2961
vn -0.0461 0.9745 0.2196
vn -0.0277 0.9533 0.3009
vn -0.0607 0.9714 0.2295
vn -0.0132 0.9548 0.2968
vn -0.0263 0.9578 0.2862
vn -0.0861 0.9689 0.2320
vn -0.0281 0.9585 0.2837
vn -0.1001 0.9599 0.2617
vn -0.1041 0.9505 0.2928
vn -0.0269 0.9573 0.2880
vn -0.0953 0.9397 0.3285
vn -0.0713 0.9370 0.3420
vn -0.0598 0.9333 0.3541
vn -0.0338 0.9319 0.3610
vn -0.0070 0.9333 0.3590
vn 0.0083 0.9369 0.3494
vn 0.0333 0.9404 0.3384
vn -0.0269 0.9573 0.2879
vn 0.0480 0.9505 0.3070
vn 0.0498 0.9600 0.2757
vn -0.0249 0.9585 0.2840
vn 0.0422 0.9683 0.2462
vn -0.0269 0.9578 0.2861
vn 0.0183 0.9713 0.2371
vn -0.0423 0.9555 0.2921
vn -0.5013 0.7780 0.3787
vn 0.4516 0.7736 0.4446
vn -0.4897 0.7436 0.4553
vn -0.4660 0.7619 0.4498
vn -0.3888 0.7053 0.5927
vn -0.3710 0.7254 0.5798
vn -0.2422 0.6794 0.6926
vn -0.2317 0.7007 0.6748
vn -0.0691 0.6704 0.7388
vn -0.0672 0.6922 0.7186
vn 0.1095 0.6794 0.7256
vn 0.1025 0.7007 0.7060
vn 0.2721 0.7053 0.6546
vn 0.2570 0.7254 0.6386
vn 0.3992 0.7451 0.5344
vn 0.3778 0.7629 0.5246
vn -0.5190 0.7822 0.3447
vn 0.4267 0.7813 0.4555
vn -0.0795 -0.7649 -0.6392
vn 0.0608 -0.7578 -0.6496
vn -0.1717 -0.4437 -0.8796
vn 0.0841 -0.4308 -0.8985
vn -0.1561 -0.7851 -0.5994
vn -0.3197 -0.4726 -0.8213
vn -0.2671 -0.8085 -0.5244
vn -0.5223 -0.5205 -0.6754
vn -0.3475 -0.8638 -0.3648
vn -0.6870 -0.6166 -0.3845
vn -0.3594 -0.9025 -0.2373
vn -0.7096 -0.6900 -0.1427
vn -0.3103 -0.9486 -0.0630
vn -0.6020 -0.7789 0.1758
vn -0.2150 -0.9761 0.0302
vn -0.4298 -0.8298 0.3559
vn -0.1475 -0.9852 0.0868
vn -0.2956 -0.8456 0.4446
vn -0.0115 -0.9923 0.1231
vn -0.0478 -0.8585 0.5106
vn 0.1288 -0.9853 0.1127
vn 0.2079 -0.8456 0.4917
vn 0.2133 -0.9746 0.0680
vn 0.3693 -0.8266 0.4246
vn 0.3208 -0.9471 -0.0123
vn 0.5676 -0.7768 0.2727
vn 0.3969 -0.9026 -0.1667
vn 0.7236 -0.6901 -0.0087
vn 0.4088 -0.8640 -0.2941
vn 0.7462 -0.6168 -0.2505
vn 0.3624 -0.8120 -0.4576
vn 0.6450 -0.5258 -0.5545
vn 0.2717 -0.7851 -0.5566
vn 0.4782 -0.4733 -0.7398
vn 0.1968 -0.7649 -0.6134
vn 0.3319 -0.4437 -0.8324
vn 0.4104 -0.0510 -0.9105
vn 0.0931 -0.0345 -0.9951
vn 0.0752 0.5906 -0.8035
vn 0.3913 0.5741 -0.7192
vn 0.0450 0.8757 -0.4807
vn 0.2848 0.8633 -0.4168
vn -0.2344 -0.0510 -0.9708
vn -0.2511 0.5741 -0.7793
vn -0.2025 0.8633 -0.4624
vn -0.4276 -0.0796 -0.9005
vn -0.4446 0.5491 -0.7077
vn -0.3485 0.8471 -0.4013
vn -0.6878 -0.1465 -0.7110
vn -0.6963 0.5087 -0.5063
vn -0.5219 0.8188 -0.2390
vn -0.9037 -0.2643 -0.3370
vn -0.9187 0.3663 -0.1478
vn -0.7059 0.7082 0.0157
vn -0.9329 -0.3592 -0.0241
vn -0.9485 0.2704 0.1652
vn -0.7314 0.6329 0.2540
vn -0.7902 -0.4785 0.3830
vn -0.8058 0.1539 0.5719
vn -0.6244 0.5410 0.5634
vn -0.5697 -0.5407 0.6189
vn -0.5855 0.0893 0.8057
vn -0.4530 0.5011 0.7373
vn -0.3931 -0.5656 0.7250
vn -0.4092 0.0614 0.9104
vn -0.3224 0.4744 0.8192
vn -0.0758 -0.5821 0.8096
vn -0.0931 0.0449 0.9946
vn -0.0826 0.4619 0.8831
vn 0.2517 -0.5656 0.7853
vn 0.2332 0.0614 0.9705
vn 0.1648 0.4744 0.8648
vn 0.4610 -0.5373 0.7063
vn 0.4418 0.0914 0.8925
vn 0.3210 0.5016 0.8033
vn 0.7169 -0.4753 0.5100
vn 0.6972 0.1589 0.6991
vn 0.5174 0.5462 0.6588
vn 0.9212 -0.3593 0.1494
vn 0.9014 0.2704 0.3383
vn 0.6716 0.6329 0.3852
vn 0.9505 -0.2643 -0.1635
vn 0.9301 0.3665 0.0249
vn 0.6907 0.7083 0.1459
vn 0.8168 -0.1516 -0.5567
vn 0.7872 0.5056 -0.3530
vn 0.5636 0.8166 -0.1245
vn 0.6014 -0.0818 -0.7947
vn 0.5823 0.5456 -0.6027
vn 0.4283 0.8439 -0.3231
vn 0.1231 0.9919 -0.0321
vn 0.0059 0.9980 -0.0633
vn -0.1150 0.9919 -0.0543
vn -0.1850 0.9826 -0.0164
vn -0.2676 0.9621 0.0532
vn -0.3578 0.9169 0.1766
vn -0.3733 0.8794 0.2956
vn -0.3254 0.8316 0.4500
vn -0.2325 0.8179 0.5263
vn -0.1736 0.8019 0.5717
vn -0.0564 0.7958 0.6029
vn 0.0645 0.8019 0.5940
vn 0.1377 0.8177 0.5589
vn 0.2400 0.8347 0.4957
vn 0.3120 0.8794 0.3597
vn 0.3189 0.9170 0.2396
vn 0.2557 0.9605 0.1100
vn 0.1913 0.9813 0.0205
vn -0.1609 0.9476 0.2760
vn -0.1493 0.9340 0.3244
vn -0.0307 0.9713 0.2360
vn -0.0400 0.9836 0.1760
vn -0.3093 0.8857 0.3462
vn -0.2861 0.8674 0.4072
vn -0.1181 0.9077 0.4026
vn -0.0486 0.9630 0.2650
vn -0.2248 0.8485 0.4791
vn -0.0778 0.9002 0.4284
vn -0.0455 0.9559 0.2900
vn -0.1448 0.8418 0.5200
vn -0.0414 0.9015 0.4308
vn -0.0259 0.9536 0.3001
vn -0.0516 0.8374 0.5441
vn -0.0083 0.9040 0.4276
vn -0.0030 0.9536 0.3009
vn 0.0454 0.8395 0.5414
vn 0.0452 0.9117 0.4083
vn 0.0045 0.9595 0.2817
vn 0.1289 0.8497 0.5112
vn 0.0965 0.9333 0.3459
vn -0.0023 0.9681 0.2504
vn 0.2059 0.8744 0.4394
vn 0.1153 0.9443 0.3083
vn 0.2349 0.8892 0.3927
vn -0.3941 0.8110 0.4324
vn -0.4277 0.8233 0.3733
vn -0.3105 0.7864 0.5340
vn -0.1959 0.7662 0.6121
vn -0.0606 0.7591 0.6481
vn 0.0789 0.7662 0.6378
vn 0.2056 0.7841 0.5855
vn 0.3132 0.8119 0.4927
vn 0.3526 0.8284 0.4353
vn 0.0084 0.9113 0.4117
vn -0.0084 0.9352 0.3541
vn -0.0333 0.9339 0.3559
vn -0.0389 0.9089 0.4152
vn 0.0146 0.9387 0.3444
vn 0.0353 0.9182 0.3946
vn 0.0095 0.9468 0.3217
vn 0.0589 0.9306 0.3611
vn 0.0136 0.9542 0.2988
vn 0.0783 0.9462 0.3139
vn 0.0816 0.9569 0.2786
vn 0.0150 0.9586 0.2844
vn 0.0714 0.9710 0.2281
vn 0.0152 0.9652 0.2609
vn 0.0545 0.9803 0.1899
vn 0.0245 0.9708 0.2387
vn 0.0313 0.9854 0.1676
vn 0.0037 0.9744 0.2250
vn -0.0145 0.9877 0.1554
vn -0.0205 0.9756 0.2186
vn -0.0618 0.9854 0.1589
vn -0.0454 0.9744 0.2204
vn -0.0683 0.9708 0.2300
vn -0.0910 0.9800 0.1769
vn -0.0661 0.9653 0.2528
vn -0.1149 0.9704 0.2125
vn -0.0711 0.9586 0.2756
vn -0.1332 0.9569 0.2582
vn -0.1366 0.9460 0.2940
vn -0.0726 0.9539 0.2913
vn -0.1271 0.9311 0.3420
vn -0.0719 0.9465 0.3145
vn -0.1101 0.9183 0.3804
vn -0.0782 0.9387 0.3358
vn -0.0847 0.9113 0.4030
vn -0.0574 0.9352 0.3495
vn -0.0907 -0.2289 0.9692
vn -0.4253 -0.2115 0.8800
vn -0.4220 -0.3308 0.8441
vn -0.0873 -0.3483 0.9333
vn 0.2547 -0.2115 0.9436
vn 0.2581 -0.3308 0.9077
vn 0.4584 -0.1845 0.8694
vn 0.4618 -0.3018 0.8341
vn 0.7336 -0.1137 0.6700
vn 0.7376 -0.2374 0.6321
vn 0.9616 0.0098 0.2744
vn 0.9649 -0.1097 0.2386
vn 0.9924 0.1098 -0.0553
vn 0.9958 -0.0096 -0.0912
vn 0.8417 0.2366 -0.4853
vn 0.8452 0.1141 -0.5221
vn 0.6085 0.3021 -0.7338
vn 0.6118 0.1847 -0.7692
vn 0.4220 0.3310 -0.8440
vn 0.4253 0.2117 -0.8799
vn 0.0873 0.3484 -0.9333
vn 0.0907 0.2291 -0.9692
vn -0.2580 0.3310 -0.9077
vn -0.2547 0.2117 -0.9436
vn -0.4785 0.2991 -0.8256
vn -0.4752 0.1816 -0.8609
vn -0.7496 0.2323 -0.6198
vn -0.7461 0.1097 -0.6567
vn -0.9649 0.1098 -0.2385
vn -0.9616 -0.0095 -0.2744
vn -0.9958 0.0097 0.0913
vn -0.9924 -0.1097 0.0556
vn -0.8550 -0.1093 0.5069
vn -0.8519 -0.2332 0.4689
vn -0.6266 -0.1814 0.7579
vn -0.6233 -0.2989 0.7226
vn -0.0118 -0.9823 0.1868
vn -0.0197 -0.9505 0.3100
vn 0.2894 -0.9572 -0.0011
vn 0.2437 -0.9698 -0.0094
vn 0.0217 -0.9909 -0.1330
vn -0.0085 -0.9999 0.0086
vn -0.0365 -0.9918 0.1223
vn -0.1102 -0.9763 0.1861
vn -0.0308 -0.9531 0.3012
vn -0.0294 -0.9425 0.3328
vn 0.0210 -0.9730 -0.2300
vn 0.0018 -0.9714 -0.2373
vn 0.0277 -0.9541 -0.2982
vn 0.0257 -0.9548 -0.2962
vn 0.0426 -0.9717 -0.2324
vn 0.0277 -0.9532 -0.3010
vn 0.0557 -0.9694 -0.2389
vn 0.0132 -0.9548 -0.2969
vn 0.0262 -0.9578 -0.2862
vn 0.0769 -0.9676 -0.2404
vn 0.0282 -0.9585 -0.2836
vn 0.0874 -0.9602 -0.2654
vn 0.0906 -0.9521 -0.2920
vn 0.0272 -0.9573 -0.2877
vn 0.0819 -0.9436 -0.3207
vn 0.0275 -0.9572 -0.2880
vn 0.0648 -0.9403 -0.3343
vn 0.0274 -0.9571 -0.2884
vn 0.0541 -0.9378 -0.3428
vn 0.0272 -0.9571 -0.2886
vn 0.0326 -0.9367 -0.3485
vn 0.0270 -0.9571 -0.2886
vn 0.0104 -0.9378 -0.3469
vn 0.0268 -0.9571 -0.2886
vn -0.0030 -0.9403 -0.3402
vn 0.0266 -0.9571 -0.2885
vn 0.0264 -0.9572 -0.2881
vn -0.0218 -0.9441 -0.3289
vn 0.0266 -0.9573 -0.2878
vn -0.0348 -0.9521 -0.3037
vn -0.0366 -0.9602 -0.2769
vn 0.0250 -0.9585 -0.2838
vn -0.0318 -0.9671 -0.2523
vn 0.0269 -0.9578 -0.2861
vn -0.0112 -0.9693 -0.2457
vn 0.0423 -0.9554 -0.2921
vn 0.4873 -0.7455 -0.4548
vn 0.9313 -0.3414 -0.1271
vn 0.4993 -0.7792 -0.3788
vn 0.4649 -0.7628 -0.4494
vn 0.3872 -0.7073 -0.5915
vn 0.3701 -0.7264 -0.5791
vn 0.2412 -0.6815 -0.6909
vn 0.2312 -0.7018 -0.6738
vn 0.0690 -0.6725 -0.7369
vn 0.0671 -0.6933 -0.7175
vn -0.1088 -0.6815 -0.7237
vn -0.1021 -0.7018 -0.7050
vn -0.2707 -0.7073 -0.6530
vn -0.2562 -0.7264 -0.6377
vn -0.3969 -0.7467 -0.5337
vn -0.3764 -0.7639 -0.5241
vn -0.8916 -0.3424 -0.2962
vn -0.4246 -0.7829 -0.4548
vn -0.0590 0.7737 0.6307
vn 0.0735 0.7804 0.6209
vn -0.0837 0.4400 0.8941
vn 0.1698 0.4528 0.8753
vn 0.1478 0.7961 0.5869
vn 0.3185 0.4750 0.8203
vn 0.2443 0.8255 0.5089
vn 0.5128 0.5351 0.6714
vn 0.3231 0.8747 0.3612
vn 0.6794 0.6248 0.3847
vn 0.3343 0.9108 0.2422
vn 0.7018 0.6973 0.1458
vn 0.2842 0.9553 0.0809
vn 0.5911 0.7893 -0.1662
vn 0.2042 0.9788 -0.0152
vn 0.4285 0.8314 -0.3539
vn 0.1376 0.9884 -0.0643
vn 0.2925 0.8509 -0.4364
vn 0.0092 0.9951 -0.0986
vn 0.0470 0.8636 -0.5019
vn -0.1232 0.9884 -0.0888
vn -0.2065 0.8509 -0.4831
vn -0.2047 0.9775 -0.0505
vn -0.3679 0.8288 -0.4216
vn -0.2993 0.9535 0.0344
vn -0.5592 0.7867 -0.2616
vn -0.3730 0.9110 0.1761
vn -0.7165 0.6975 0.0131
vn -0.3841 0.8749 0.2950
vn -0.7388 0.6250 0.2520
vn -0.3379 0.8283 0.4469
vn -0.6353 0.5396 0.5525
vn -0.2606 0.7967 0.5453
vn -0.4766 0.4767 0.7386
vn -0.1874 0.7805 0.5965
vn -0.3292 0.4528 0.8286
vn -0.0931 0.0240 0.9954
vn -0.4117 0.0406 0.9104
vn -0.3936 -0.5635 0.7263
vn -0.0759 -0.5801 0.8110
vn -0.2807 -0.8696 0.4062
vn -0.0439 -0.8819 0.4694
vn 0.2356 0.0406 0.9710
vn 0.2520 -0.5635 0.7867
vn 0.2005 -0.8696 0.4512
vn 0.4300 0.0651 0.9005
vn 0.4467 -0.5339 0.7179
vn 0.3474 -0.8487 0.3988
vn 0.6899 0.1397 0.7103
vn 0.6979 -0.5044 0.5084
vn 0.5042 -0.8356 0.2183
vn 0.9075 0.2540 0.3346
vn 0.9227 -0.3541 0.1525
vn 0.6972 -0.7166 -0.0210
vn 0.9369 0.3491 0.0210
vn 0.9524 -0.2585 -0.1617
vn 0.7226 -0.6422 -0.2558
vn 0.7924 0.4724 -0.3859
vn 0.8081 -0.1460 -0.5707
vn 0.6119 -0.5580 -0.5605
vn 0.5729 0.5285 -0.6264
vn 0.5885 -0.0715 -0.8053
vn 0.4514 -0.5042 -0.7363
vn 0.3949 0.5570 -0.7307
vn 0.4108 -0.0485 -0.9104
vn 0.3189 -0.4856 -0.8139
vn 0.0763 0.5736 -0.8156
vn 0.0931 -0.0320 -0.9951
vn 0.0821 -0.4733 -0.8771
vn -0.2524 0.5570 -0.7912
vn -0.2348 -0.0485 -0.9708
vn -0.1623 -0.4857 -0.8589
vn -0.4626 0.5256 -0.7139
vn -0.4447 -0.0743 -0.8926
vn -0.3192 -0.5058 -0.8014
vn -0.7186 0.4688 -0.5137
vn -0.6996 -0.1504 -0.6986
vn -0.5062 -0.5623 -0.6538
vn -0.9245 0.3492 -0.1532
vn -0.9058 -0.2585 -0.3356
vn -0.6626 -0.6422 -0.3854
vn -0.9538 0.2540 0.1605
vn -0.9349 -0.3542 -0.0211
vn -0.6812 -0.7167 -0.1496
vn -0.8186 0.1442 0.5559
vn -0.7891 -0.5009 0.3555
vn -0.5431 -0.8327 0.1080
vn -0.6038 0.0679 0.7943
vn -0.5861 -0.5311 0.6119
vn -0.4261 -0.8463 0.3198
vn -0.0030 -0.9995 0.0322
vn -0.1103 -0.9939 0.0036
vn 0.1077 -0.9939 0.0240
vn 0.1752 -0.9845 -0.0041
vn 0.2399 -0.9674 -0.0806
vn 0.3290 -0.9255 -0.1875
vn 0.3442 -0.8909 -0.2964
vn 0.2946 -0.8503 -0.4360
vn 0.2192 -0.8304 -0.5121
vn 0.1614 -0.8200 -0.5492
vn 0.0541 -0.8144 -0.5778
vn -0.0566 -0.8200 -0.5696
vn -0.1265 -0.8309 -0.5418
vn -0.2132 -0.8528 -0.4768
vn -0.2833 -0.8909 -0.3550
vn -0.2886 -0.9256 -0.2451
vn -0.2244 -0.9657 -0.1309
vn -0.1769 -0.9834 -0.0395
vn 0.0327 -0.9709 -0.2373
vn 0.1493 -0.9341 -0.3244
vn 0.1609 -0.9476 -0.2759
vn 0.0400 -0.9837 -0.1752
vn 0.2862 -0.8674 -0.4071
vn 0.3094 -0.8857 -0.3461
vn 0.0486 -0.9630 -0.2650
vn 0.1180 -0.9078 -0.4026
vn 0.2248 -0.8485 -0.4791
vn 0.0453 -0.9561 -0.2896
vn 0.0778 -0.9002 -0.4284
vn 0.1448 -0.8418 -0.5199
vn 0.0259 -0.9536 -0.2999
vn 0.0414 -0.9015 -0.4308
vn 0.0516 -0.8375 -0.5441
vn 0.0032 -0.9538 -0.3003
vn 0.0084 -0.9040 -0.4275
vn -0.0454 -0.8396 -0.5414
vn -0.0044 -0.9594 -0.2821
vn -0.0451 -0.9117 -0.4083
vn -0.1288 -0.8497 -0.5112
vn 0.0017 -0.9677 -0.2519
vn -0.0965 -0.9333 -0.3460
vn -0.2060 -0.8744 -0.4394
vn -0.1157 -0.9442 -0.3084
vn -0.2350 -0.8892 -0.3927
vn 0.4278 -0.8233 -0.3732
vn 0.3941 -0.8110 -0.4324
vn 0.3105 -0.7864 -0.5340
vn 0.1959 -0.7662 -0.6121
vn 0.0606 -0.7591 -0.6481
vn -0.0790 -0.7662 -0.6378
vn -0.2056 -0.7841 -0.5855
vn -0.3132 -0.8119 -0.4926
vn -0.3527 -0.8284 -0.4352
vn -0.0870 -0.3576 0.9298
vn 0.2580 -0.3402 0.9043
vn 0.5721 -0.2902 0.7671
vn 0.5721 -0.2904 0.7670
vn 0.8183 -0.1923 0.5416
vn 0.8173 -0.1930 0.5429
vn 0.9653 -0.0906 0.2449
vn 0.9653 -0.0907 0.2450
vn 0.9963 0.0097 -0.0858
vn 0.9963 0.0098 -0.0859
vn 0.9074 0.0960 -0.4092
vn 0.9067 0.0967 -0.4106
vn 0.7082 0.1516 -0.6896
vn 0.7082 0.1518 -0.6895
vn 0.4252 0.2020 -0.8823
vn 0.0909 0.2194 -0.9714
vn -0.2541 0.2020 -0.9458
vn -0.5682 0.1517 -0.8088
vn -0.5682 0.1515 -0.8088
vn -0.8154 0.0937 -0.5713
vn -0.8145 0.0939 -0.5725
vn -0.9628 0.0062 -0.2703
vn -0.9627 0.0061 -0.2703
vn -0.9937 -0.0942 0.0604
vn -0.9937 -0.0942 0.0605
vn -0.9044 -0.1950 0.3794
vn -0.9038 -0.1952 0.3808
vn -0.7043 -0.2905 0.6478
vn -0.7043 -0.2903 0.6478
vn -0.4213 -0.3402 0.8407
vn -0.3225 -0.2581 -0.9107
vn -0.5553 -0.0741 -0.8284
vn -0.5595 -0.0855 -0.8244
vn -0.3299 -0.2733 -0.9036
vn -0.7773 -0.0444 -0.6275
vn -0.7806 -0.0452 -0.6234
vn -0.9570 0.0028 -0.2901
vn -0.9572 0.0032 -0.2893
vn 0.9918 0.0580 0.1138
vn 0.9595 0.2760 -0.0566
vn 0.9674 0.2441 -0.0668
vn 0.9956 0.0059 0.0934
vn 0.8578 0.2543 -0.4468
vn 0.8531 0.2815 -0.4392
vn 0.7236 -0.1269 -0.6784
vn 0.7279 -0.0942 -0.6792
vn 0.4838 -0.1809 -0.8563
vn 0.4989 -0.1657 -0.8507
vn 0.0674 -0.3236 -0.9438
vn 0.0710 -0.3134 -0.9470
vn -0.0888 -0.2972 0.9507
vn -0.4238 -0.2813 0.8610
vn -0.4234 -0.2813 0.8612
vn -0.0893 -0.2973 0.9506
vn 0.2567 -0.2841 0.9238
vn 0.2564 -0.2842 0.9239
vn 0.5731 -0.2360 0.7848
vn 0.5731 -0.2358 0.7848
vn 0.8126 -0.1465 0.5641
vn 0.8136 -0.1458 0.5628
vn 0.9633 -0.0499 0.2639
vn 0.9631 -0.0485 0.2649
vn 0.9313 -0.3415 -0.1271
vn 0.4515 0.7736 0.4446
vn -0.9961 -0.0464 0.0747
vn -0.8916 -0.3425 -0.2962
vn -0.5189 0.7822 0.3448
vn -0.9960 -0.0481 0.0747
vn -0.9071 -0.1436 0.3957
vn -0.9079 -0.1434 0.3940
vn -0.7087 -0.2346 0.6654
vn -0.7085 -0.2348 0.6656
vn -0.1333 0.3617 -0.9227
vn -0.1066 0.3092 -0.9450
vn -0.1077 0.3109 -0.9443
vn -0.1338 0.3625 -0.9223
vn 0.2761 0.3102 -0.9097
vn 0.2996 0.3528 -0.8864
vn 0.2992 0.3522 -0.8868
vn 0.2745 0.3079 -0.9110
vn -0.0521 0.1775 -0.9827
vn -0.0531 0.2724 -0.9607
vn -0.0528 0.2690 -0.9617
vn -0.0520 0.1738 -0.9834
vn -0.0794 0.3394 -0.9373
vn -0.0793 0.3372 -0.9381
vn 0.2315 0.2737 -0.9335
vn 0.2231 0.1368 -0.9652
vn 0.2237 0.1425 -0.9642
vn 0.2319 0.2775 -0.9323
vn 0.2521 0.3332 -0.9085
vn 0.2527 0.3348 -0.9078
vn -0.1160 0.3598 -0.9258
vn -0.1157 0.3590 -0.9262
vn 0.2820 0.3490 -0.8937
vn 0.2823 0.3496 -0.8933
vn -0.9962 -0.0257 -0.0829
vn -0.9962 -0.0180 -0.0852
vn 0.9954 0.0071 0.0958
vn 0.9214 0.3268 0.2104
vn 0.9436 0.3182 0.0914
vn 0.9935 -0.0432 0.1049
vn 0.9488 -0.3143 -0.0307
vn 0.9158 -0.3898 0.0965
vn 0.7369 0.6061 0.2993
vn 0.7684 0.6364 0.0671
vn 0.9957 0.0002 0.0926
vn 0.7868 -0.5978 -0.1536
vn 0.7327 -0.6773 0.0662
vn 0.9251 -0.3246 0.1972
vn 0.4651 0.8122 0.3522
vn 0.4983 0.8661 0.0405
vn 0.9458 0.3237 -0.0268
vn 0.5287 -0.8087 -0.2579
vn 0.4728 -0.8808 0.0247
vn 0.7427 -0.6107 0.2747
vn 0.1387 0.9213 0.3632
vn 0.1725 0.9849 0.0115
vn 0.7817 0.6065 -0.1454
vn 0.8370 0.0903 -0.5398
vn 0.8784 -0.1793 -0.4430
vn 0.8197 -0.4489 -0.3557
vn 0.2063 -0.9209 -0.3307
vn 0.1651 -0.9862 -0.0155
vn 0.4711 -0.8230 0.3172
vn 0.6681 -0.6860 -0.2882
vn -0.2037 0.9213 0.3311
vn -0.1716 0.9849 -0.0207
vn 0.5240 0.8151 -0.2472
vn 0.7005 0.3273 -0.6342
vn 0.9459 0.3235 -0.0229
vn 0.9372 0.3459 0.0444
vn 0.9868 0.0232 0.1602
vn 0.9957 -0.0000 0.0932
vn 0.9166 -0.2995 0.2648
vn 0.9253 -0.3235 0.1980
vn -0.1594 -0.9862 -0.0458
vn -0.1413 -0.9209 -0.3633
vn 0.1435 -0.9360 0.3215
vn 0.4417 -0.8620 -0.2488
vn 0.7351 -0.5833 0.3455
vn 0.7433 -0.6080 0.2790
vn -0.5224 0.8122 0.2598
vn -0.4972 0.8661 -0.0526
vn -0.1412 0.9258 -0.3507
vn 0.2038 0.9258 -0.3184
vn 0.4854 0.5033 -0.7149
vn 0.7821 0.6080 -0.1362
vn 0.7738 0.6296 -0.0686
vn 0.8631 0.4129 0.2910
vn 0.9099 0.1077 0.4005
vn 0.8436 -0.1975 0.4994
vn -0.4692 -0.8808 -0.0635
vn -0.4717 -0.8086 -0.3515
vn -0.2007 -0.9360 0.2893
vn 0.1680 -0.9556 -0.2421
vn 0.4642 -0.7939 0.3927
vn 0.4716 -0.8192 0.3263
vn 0.6719 -0.4659 0.5758
vn -0.7797 0.6061 0.1574
vn -0.7676 0.6364 -0.0766
vn -0.4690 0.8151 -0.3401
vn -0.0705 0.5969 -0.7992
vn 0.2176 0.5969 -0.7722
vn 0.5240 0.8192 -0.2331
vn 0.5164 0.8403 -0.1653
vn 0.7085 0.6812 0.1841
vn 0.6152 0.4581 0.6416
vn 0.6508 0.2266 0.7247
vn 0.6004 -0.0048 0.7997
vn -0.7323 -0.6773 -0.0709
vn -0.7446 -0.5978 -0.2969
vn -0.1202 -0.9556 -0.2691
vn -0.1201 -0.9556 -0.2691
vn 0.1365 -0.9060 0.4006
vn 0.1431 -0.9316 0.3342
vn 0.4156 -0.6651 0.6204
vn 0.4702 -0.2084 0.8576
vn -0.9444 0.3268 0.0358
vn -0.9442 0.3182 -0.0853
vn -0.7412 0.6065 -0.2879
vn -0.3443 0.5033 -0.7926
vn -0.1431 0.9316 -0.3342
vn -0.1491 0.9523 -0.2661
vn 0.1958 0.9523 -0.2339
vn 0.2027 0.9316 -0.3019
vn 0.4650 0.8804 0.0927
vn 0.4980 0.6616 0.5606
vn 0.2654 0.3039 0.9150
vn 0.2480 0.4170 0.8744
vn 0.2408 0.1909 0.9516
vn -0.9178 -0.3898 -0.0751
vn -0.9267 -0.3143 -0.2062
vn -0.5218 -0.8230 0.2243
vn -0.3879 -0.8620 -0.3264
vn -0.2084 -0.9060 0.3684
vn -0.2027 -0.9316 0.3019
vn 0.1058 -0.7711 0.6279
vn 0.2758 -0.3595 0.8915
vn 0.1772 0.0914 0.9799
vn -0.9959 0.0071 -0.0905
vn -0.9958 -0.0432 -0.0813
vn -0.9244 0.3237 -0.2018
vn -0.5707 0.3273 -0.7531
vn -0.5706 0.3273 -0.7531
vn -0.4716 0.8192 -0.3263
vn -0.4767 0.8403 -0.2582
vn -0.1643 0.9864 -0.0027
vn 0.1619 0.9864 0.0278
vn 0.3133 0.8127 0.4912
vn 0.1908 0.5164 0.8348
vn -0.0107 0.3234 0.9462
vn -0.0145 0.3485 0.9372
vn -0.0161 0.2983 0.9543
vn -0.7808 -0.6107 0.1321
vn -0.6030 -0.6860 -0.4071
vn -0.5290 -0.7939 0.2998
vn -0.5240 -0.8192 0.2331
vn -0.2204 -0.7711 0.5974
vn 0.0408 -0.4398 0.8971
vn 0.0822 0.0176 0.9965
vn -0.0302 0.2763 0.9606
vn -0.9956 0.0002 -0.0938
vn -0.7223 0.0903 -0.6857
vn -0.7433 0.6080 -0.2790
vn -0.7477 0.6296 -0.2110
vn -0.4742 0.8804 0.0048
vn -0.1640 0.8931 0.4189
vn 0.0834 0.8931 0.4420
vn 0.1005 0.5902 0.8010
vn -0.0272 0.3705 0.9284
vn -0.0472 0.3869 0.9209
vn -0.0722 0.3956 0.9156
vn -0.0990 0.3957 0.9131
vn -0.0882 0.3244 0.9418
vn -0.0881 0.3244 0.9418
vn -0.0881 0.3245 0.9418
vn -0.0882 0.3245 0.9418
vn -0.0879 0.3246 0.9418
vn -0.0857 0.3235 0.9424
vn -0.0877 0.3240 0.9420
vn -0.0874 0.3239 0.9421
vn -0.0872 0.3242 0.9420
vn -0.0881 0.3249 0.9416
vn -0.0873 0.3243 0.9419
vn -0.0890 0.3246 0.9417
vn -0.0886 0.3246 0.9417
vn -0.1244 0.3869 0.9137
vn -0.0881 0.3243 0.9418
vn -0.1455 0.3705 0.9173
vn -0.0856 0.3242 0.9421
vn -0.0875 0.3255 0.9415
vn -0.1017 0.3164 0.9431
vn -0.0874 0.3244 0.9419
vn -0.0890 0.3241 0.9418
vn -0.0870 0.3257 0.9415
vn -0.1596 0.3485 0.9236
vn -0.1651 0.3234 0.9318
vn -0.0885 0.3244 0.9418
vn -0.0900 0.3267 0.9408
vn -0.0895 0.3241 0.9418
vn -0.0877 0.3241 0.9420
vn -0.0888 0.3241 0.9419
vn -0.0881 0.3223 0.9425
vn -0.0882 0.3238 0.9420
vn -0.0865 0.3248 0.9418
vn -0.0901 0.3226 0.9422
vn -0.0886 0.3247 0.9417
vn -0.0894 0.3225 0.9423
vn -0.0882 0.3243 0.9418
vn -0.0887 0.3242 0.9418
vn -0.0876 0.3243 0.9419
vn -0.0880 0.3244 0.9418
vn -0.1612 0.2983 0.9408
vn -0.1485 0.2763 0.9495
vn -0.1285 0.2599 0.9571
vn -0.1036 0.2512 0.9624
vn -0.0898 0.3247 0.9416
vn -0.0883 0.3244 0.9418
vn -0.0881 0.3246 0.9417
vn -0.0888 0.3244 0.9417
vn -0.0842 0.3253 0.9419
vn -0.0864 0.3251 0.9417
vn -0.0884 0.3240 0.9419
vn -0.0886 0.3238 0.9420
vn -0.0896 0.3292 0.9400
vn -0.0874 0.3247 0.9418
vn -0.0884 0.3252 0.9415
vn -0.0878 0.3239 0.9420
vn -0.0875 0.3235 0.9422
vn -0.0768 0.2512 0.9649
vn -0.0513 0.2599 0.9643
vn -0.9456 -0.3246 0.0221
vn -0.7395 -0.4489 -0.5016
vn -0.7864 -0.5833 0.2031
vn -0.7821 -0.6080 0.1362
vn -0.5235 -0.6651 0.5325
vn -0.2066 -0.4398 0.8740
vn -0.0326 -0.0216 0.9992
vn -0.7809 -0.1793 -0.5983
vn -0.9253 0.3235 -0.1980
vn -0.9292 0.3459 -0.1303
vn -0.7304 0.6812 0.0495
vn -0.3990 0.8127 0.4246
vn -0.0117 0.6295 0.7769
vn -0.1326 0.6295 0.7656
vn -0.2474 0.5902 0.7684
vn -0.3423 0.5164 0.7849
vn -0.4060 0.4170 0.8132
vn -0.4305 0.3039 0.8499
vn -0.4132 0.1909 0.8904
vn -0.3559 0.0914 0.9300
vn -0.2657 0.0176 0.9639
vn -0.1534 -0.0216 0.9879
vn -0.9498 -0.2995 0.0901
vn -0.9459 -0.3235 0.0229
vn -0.7670 -0.4659 0.4411
vn -0.4365 -0.3594 0.8248
vn -0.9957 -0.0000 -0.0932
vn -0.9994 0.0232 -0.0257
vn -0.9021 0.4128 0.1258
vn -0.5933 0.6616 0.4584
vn -0.7236 0.4581 0.5163
vn -0.7739 0.2266 0.5914
vn -0.7383 -0.0048 0.6744
vn -0.6211 -0.2084 0.7555
vn -0.9216 -0.1975 0.3342
vn -0.9685 0.1077 0.2247
vn 0.8960 -0.3872 0.2172
vn 0.9253 -0.3236 0.1980
vn 0.3922 -0.8578 0.3322
vn 0.3921 -0.8578 0.3322
vn -0.1692 -0.9366 0.3068
vn -0.2027 -0.9315 0.3019
vn -0.2028 -0.9315 0.3019
vn -0.7100 -0.6836 0.1690
vn -0.7821 -0.6081 0.1362
vn 0.8982 -0.3829 0.2159
vn 0.3979 -0.8553 0.3318
vn 0.4718 -0.8191 0.3263
vn 0.4716 -0.8193 0.3263
vn 0.4715 -0.8193 0.3263
vn -0.1717 -0.9363 0.3064
vn -0.7160 -0.6780 0.1665
vn -0.7822 -0.6080 0.1362
vn -0.6762 0.6747 -0.2957
vn -0.7433 0.6081 -0.2790
vn -0.1139 0.9360 -0.3330
vn -0.1432 0.9315 -0.3342
vn 0.4569 0.8533 -0.2512
vn 0.4568 0.8533 -0.2512
vn 0.5239 0.8192 -0.2331
vn 0.9234 0.3813 -0.0449
vn 0.9460 0.3235 -0.0229
vn -0.6718 0.6788 -0.2966
vn -0.6717 0.6788 -0.2967
vn -0.7432 0.6081 -0.2790
vn -0.1124 0.9362 -0.3330
vn 0.4534 0.8549 -0.2520
vn 0.9218 0.3849 -0.0463
vn 0.9459 0.3236 -0.0229
vn 0.3978 -0.8553 0.3318
vn -0.2025 -0.9316 0.3019
vn -0.7821 -0.6081 0.1363
vn -0.1430 0.9316 -0.3342
vn 0.4568 0.8534 -0.2512
vn 0.5241 0.8191 -0.2331
vn 0.5238 0.8193 -0.2332
vn 0.8960 -0.3873 0.2172
vn 0.9252 -0.3236 0.1980
vn 0.4719 -0.8191 0.3263
vn -0.2024 -0.9316 0.3019
vn -0.2029 -0.9315 0.3018
vn -0.7820 -0.6082 0.1363
vn -0.7823 -0.6079 0.1362
vn -0.2026 -0.9316 0.3019
vn -0.2029 -0.9315 0.3019
vn 0.5242 0.8191 -0.2331
vn -0.6717 0.6788 -0.2966
vn -0.1433 0.9315 -0.3343
vn 0.5241 0.8192 -0.2331
vn 0.3921 -0.8579 0.3322
vn 0.4717 -0.8192 0.3263
vn -0.1693 -0.9366 0.3068
vn 0.9253 -0.3234 0.1980
vn 0.9252 -0.3237 0.1981
vn -0.1433 0.9315 -0.3342
vn -0.1429 0.9316 -0.3342
vn 0.5239 0.8193 -0.2332
vn -0.0873 0.3239 0.9421
vn -0.0879 0.3236 0.9421
vn -0.0880 0.3248 0.9417
vn -0.0884 0.3260 0.9412
vn -0.0881 0.3247 0.9417
vn -0.0878 0.3245 0.9418
vn -0.0883 0.3242 0.9418
vn -0.0881 0.3243 0.9419
vn -0.0876 0.3249 0.9417
vn -0.0897 0.3258 0.9412
vn -0.0878 0.3247 0.9417
vn -0.0874 0.3257 0.9414
vn -0.0882 0.3242 0.9419
vn -0.0879 0.3243 0.9419
vn -0.0884 0.3243 0.9418
vn -0.0883 0.3243 0.9418
vn -0.0889 0.3237 0.9420
vn -0.0905 0.3233 0.9420
vn -0.0893 0.3206 0.9430
vn -0.0927 0.3171 0.9439
vn -0.0892 0.3179 0.9439
vn -0.0878 0.3257 0.9414
vn -0.0842 0.3227 0.9428
vn -0.0906 0.3141 0.9450
vn -0.0883 0.3236 0.9421
vn -0.0884 0.3246 0.9417
vn -0.0885 0.3242 0.9418
vn -0.0888 0.3228 0.9423
vn -0.0884 0.3231 0.9422
vn -0.0880 0.3242 0.9419
vn -0.0881 0.3240 0.9419
vn -0.0882 0.3236 0.9421
vn -0.0880 0.3243 0.9418
vn -0.0882 0.3246 0.9417
vn -0.0857 0.3246 0.9420
vn -0.0904 0.3117 0.9459
vn -0.0879 0.3251 0.9416
vn -0.9986 -0.0487 -0.0228
vn -0.9986 -0.0451 -0.0280
vn 0.9854 -0.0487 0.1629
vn 0.9865 -0.0451 0.1577
vn 0.0577 -0.7855 -0.6161
vn 0.0565 -0.7948 -0.6043
vn 0.0892 0.2892 -0.9531
vn -0.0283 0.9527 0.3027
vn -0.2521 -0.5601 0.7891
vn 0.1013 -0.5601 0.8222
vn 0.1038 -0.5599 0.8221
vn -0.2545 -0.5599 0.7885
vn 0.0269 -0.9573 -0.2880
vn 0.0283 -0.9528 -0.3021
vn -0.0575 0.7865 0.6149
vn -0.0565 0.7953 0.6035
vn -0.0565 0.7953 0.6036
vn 0.0531 -0.8216 -0.5675
vn 0.0483 -0.8551 -0.5163
vn 0.0430 -0.8872 -0.4595
vn -0.0324 0.9375 0.3465
vn -0.0378 0.9141 0.4037
vn -0.0433 0.8856 0.4624
vn 0.0322 -0.9382 -0.3446
vn 0.0375 -0.9154 -0.4008
vn -0.0532 0.8212 0.5682
vn -0.0485 0.8537 0.5185
vn -0.9747 -0.1660 0.1497
vn -0.9767 -0.1609 0.1421
vn -0.8615 -0.3246 0.3905
vn -0.8673 -0.3192 0.3819
vn 0.9334 -0.1609 0.3208
vn 0.9300 -0.1660 0.3279
vn 0.7814 -0.3192 0.5362
vn 0.7741 -0.3246 0.5435
vn -0.6075 -0.4769 0.6352
vn -0.6004 -0.4797 0.6399
vn 0.4712 -0.4797 0.7402
vn 0.4791 -0.4769 0.7369
vn 0.0576 -0.7855 -0.6161
vn 0.0483 -0.8550 -0.5163
vn 0.0101 0.9941 -0.1078
vn 0.0032 0.9994 -0.0338
vn -0.0130 -0.9903 0.1385
vn -0.0089 -0.9954 0.0955
vn 0.0207 0.9751 -0.2210
vn -0.0207 -0.9751 0.2210
vn 0.0294 0.9489 -0.3141
vn -0.0294 -0.9489 0.3141
vn 0.0399 0.9037 -0.4262
vn -0.0399 -0.9037 0.4262
vn 0.0506 0.8396 -0.5409
vn -0.0506 -0.8396 0.5409
vn 0.0602 0.7628 -0.6438
vn -0.0602 -0.7628 0.6438
vn 0.0681 0.6827 -0.7276
vn -0.0681 -0.6827 0.7276
vn 0.0741 0.6069 -0.7914
vn -0.0741 -0.6069 0.7914
vn 0.0788 0.5342 -0.8417
vn -0.0788 -0.5342 0.8417
vn 0.0808 0.4972 -0.8639
vn -0.0808 -0.4971 0.8639
vn -0.0722 0.6317 0.7718
vn 0.0473 -0.8613 -0.5060
vn 0.9956 -0.0000 0.0932
vn -0.9956 -0.0000 -0.0932
vn 0.0128 0.9906 -0.1365
vn 0.0115 0.9923 -0.1230
vn -0.0696 0.6645 0.7440
vn -0.0132 -0.9900 0.1407
vn -0.0136 -0.9893 0.1453
vn 0.0178 0.9816 -0.1900
vn -0.0178 -0.9816 0.1900
vn 0.0266 0.9585 -0.2838
vn -0.0266 -0.9585 0.2838
vn 0.0372 0.9169 -0.3974
vn -0.0372 -0.9169 0.3974
vn 0.0481 0.8564 -0.5140
vn -0.0481 -0.8564 0.5140
vn 0.0580 0.7830 -0.6193
vn 0.0580 0.7830 -0.6194
vn -0.0580 -0.7830 0.6193
vn 0.0660 0.7056 -0.7056
vn -0.0660 -0.7056 0.7056
vn 0.0722 0.6318 -0.7717
vn -0.0722 -0.6318 0.7717
vn 0.0775 0.5552 -0.8281
vn -0.0775 -0.5552 0.8281
vn 0.0800 0.5129 -0.8547
vn -0.0800 -0.5128 0.8548
vn 0.0499 -0.8447 -0.5330
vn 0.9943 -0.0081 0.1062
vn 0.9950 0.0010 0.1003
vn 0.9950 -0.0016 0.0999
vn 0.9944 -0.0156 0.1047
vn 0.0114 0.9924 -0.1222
vn 0.0127 0.9907 -0.1357
vn -0.9970 -0.0067 -0.0776
vn -0.9961 0.0007 -0.0878
vn -0.9963 -0.0015 -0.0862
vn -0.9971 -0.0091 -0.0756
vn -0.0244 -0.9650 0.2610
vn -0.0191 -0.9788 0.2041
vn 0.9956 0.0043 0.0935
vn 0.9957 0.0030 0.0929
vn 0.0177 0.9817 -0.1894
vn -0.9955 0.0040 -0.0943
vn -0.9956 0.0030 -0.0934
vn -0.0176 -0.9819 0.1883
vn 0.9958 0.0053 0.0918
vn 0.9958 0.0048 0.0917
vn 0.0265 0.9586 -0.2835
vn -0.9955 0.0052 -0.0949
vn -0.9955 0.0049 -0.0945
vn -0.0265 -0.9587 0.2833
vn 0.9959 0.0057 0.0908
vn 0.9959 0.0055 0.0908
vn 0.0372 0.9170 -0.3973
vn 0.0372 0.9169 -0.3973
vn -0.9954 0.0056 -0.0957
vn -0.9954 0.0055 -0.0956
vn -0.0372 -0.9170 0.3972
vn 0.9959 0.0054 0.0900
vn 0.0481 0.8564 -0.5141
vn -0.9953 0.0053 -0.0964
vn -0.9953 0.0054 -0.0965
vn -0.0481 -0.8564 0.5141
vn 0.9960 0.0045 0.0896
vn 0.9960 0.0047 0.0895
vn 0.0580 0.7829 -0.6194
vn -0.9953 0.0045 -0.0967
vn -0.9953 0.0046 -0.0969
vn -0.0580 -0.7828 0.6195
vn 0.9960 0.0035 0.0896
vn 0.9960 0.0037 0.0895
vn 0.0660 0.7055 -0.7057
vn -0.9953 0.0036 -0.0967
vn -0.9953 0.0037 -0.0969
vn -0.0660 -0.7054 0.7057
vn 0.9960 0.0027 0.0898
vn 0.9960 0.0027 0.0897
vn -0.9953 0.0028 -0.0964
vn -0.9953 0.0028 -0.0965
vn -0.0722 -0.6318 0.7718
vn 0.9961 0.0004 0.0881
vn 0.9961 0.0006 0.0879
vn 0.0777 0.5522 -0.8301
vn -0.9951 -0.0000 -0.0985
vn -0.9951 0.0001 -0.0988
vn -0.0773 -0.5577 0.8264
vn 0.9959 -0.0055 0.0905
vn 0.9959 -0.0051 0.0899
vn 0.0803 0.5063 -0.8586
vn -0.9954 -0.0046 -0.0953
vn -0.9954 -0.0043 -0.0960
vn -0.0797 -0.5177 0.8518
vn -0.0633 0.7340 0.6762
vn 0.0496 -0.8467 -0.5297
vn -0.0127 -0.9907 0.1354
vn -0.0113 -0.9926 0.1208
vn 0.0173 0.9826 -0.1848
vn 0.0205 0.9754 -0.2194
vn -0.0722 -0.6319 0.7717
vn 0.0722 0.6319 -0.7717
vn -0.0775 -0.5549 0.8283
vn 0.0775 0.5549 -0.8283
vn -0.0800 -0.5123 0.8551
vn 0.0800 0.5121 -0.8552
vn 0.0559 -0.8003 -0.5970
vn -0.0499 0.8446 0.5330
vn 0.0141 0.9885 -0.1509
vn 0.0147 0.9875 -0.1572
vn -0.0160 -0.9852 0.1709
vn -0.0184 -0.9802 0.1970
vn 0.0173 0.9826 -0.1847
vn -0.0173 -0.9826 0.1847
vn 0.0261 0.9600 -0.2786
vn -0.0261 -0.9600 0.2786
vn 0.0367 0.9191 -0.3924
vn -0.0367 -0.9191 0.3924
vn 0.0477 0.8592 -0.5094
vn -0.0477 -0.8592 0.5094
vn 0.0576 0.7863 -0.6151
vn -0.0576 -0.7863 0.6151
vn 0.0657 0.7094 -0.7017
vn -0.0657 -0.7094 0.7017
vn 0.0719 0.6361 -0.7683
vn -0.0719 -0.6361 0.7683
vn 0.0761 0.5762 -0.8137
vn -0.0761 -0.5762 0.8137
vn 0.0777 0.5514 -0.8306
vn -0.0777 -0.5514 0.8306
vn -0.0690 0.6722 0.7371
vn 0.0503 -0.8417 -0.5376
vn -0.9884 0.0606 -0.1390
vn -0.9854 0.0776 -0.1518
vn 0.9971 0.0606 0.0468
vn 0.9964 0.0776 0.0337
vn -0.0617 0.7492 0.6595
vn -0.0610 0.7563 0.6514
vn -0.0832 -0.4511 0.8886
vn 0.0396 -0.9052 -0.4232
vn 0.0354 -0.9252 -0.3779
vn -0.1169 0.7825 -0.6116
vn 0.2283 0.7825 -0.5793
vn 0.2213 0.7834 -0.5807
vn -0.1097 0.7834 -0.6117
vn -0.0354 0.9252 0.3779
vn -0.0396 0.9054 0.4228
vn 0.0616 -0.7499 -0.6587
vn 0.0609 -0.7567 -0.6509
vn -0.0586 0.7770 0.6267
vn -0.0555 0.8033 0.5930
vn -0.0521 0.8292 0.5565
vn 0.0454 -0.8730 -0.4855
vn 0.0488 -0.8520 -0.5213
vn 0.0523 -0.8279 -0.5584
vn -0.0453 0.8737 0.4844
vn -0.0486 0.8531 0.5195
vn 0.0587 -0.7767 -0.6272
vn 0.0556 -0.8022 -0.5944
vn -0.9376 0.2278 -0.2626
vn -0.9266 0.2515 -0.2797
vn -0.7855 0.4532 -0.4214
vn -0.7620 0.4773 -0.4377
vn 0.9624 0.2515 -0.1030
vn 0.9701 0.2278 -0.0841
vn 0.8299 0.4773 -0.2888
vn 0.8501 0.4532 -0.2683
vn -0.4599 0.6830 -0.5674
vn -0.4837 0.6718 -0.5610
vn 0.5794 0.6718 -0.4615
vn 0.5572 0.6830 -0.4722
vn -0.0630 0.7450 0.6641
vn -0.1139 0.7644 0.6346
vn -0.0639 0.7481 0.6605
vn -0.0610 0.7486 0.6602
vn -0.0526 0.7498 0.6596
vn -0.0705 0.7355 0.6739
vn -0.0620 0.7453 0.6638
vn 0.0623 -0.7470 -0.6619
vn 0.0556 -0.7360 -0.6747
vn 0.0628 -0.7433 -0.6660
vn 0.0606 -0.7478 -0.6612
vn 0.0045 -0.7654 -0.6435
vn 0.0455 -0.7513 -0.6584
vn 0.0606 -0.7562 -0.6516
vn -0.8306 0.4015 -0.3859
vn -0.8189 0.4157 -0.3957
vn 0.8781 0.4157 -0.2369
vn 0.8878 0.4015 -0.2251
vn -0.5278 0.6492 -0.5477
vn -0.5617 0.6301 -0.5362
vn 0.6514 0.6301 -0.4227
vn 0.6203 0.6492 -0.4403
vn 0.0359 -0.9226 -0.3841
vn 0.0279 -0.9543 -0.2977
vn -0.0279 0.9543 0.2977
vn -0.0359 0.9227 0.3838
vn 0.0367 -0.9192 -0.3921
vn 0.0294 -0.9490 -0.3140
vn -0.0294 0.9490 0.3140
vn -0.0367 0.9194 0.3917
vn -0.0918 -0.1677 0.9816
vn -0.0848 0.7924 0.6041
vn -0.1243 -0.0371 0.9915
vn -0.0771 0.8385 0.5394
vn -0.0518 0.8893 0.4545
vn -0.2567 0.2718 -0.9275
vn -0.5717 0.2216 -0.7900
vn -0.8177 0.1446 -0.5572
vn -0.9650 0.0502 -0.2573
vn -0.9960 -0.0502 0.0737
vn -0.9960 -0.0502 0.0738
vn -0.9069 -0.1446 0.3959
vn -0.7083 -0.2216 0.6702
vn -0.4243 -0.2718 0.8637
vn -0.0892 -0.2892 0.9531
vn 0.2567 -0.2718 0.9275
vn 0.5717 -0.2216 0.7900
vn 0.8177 -0.1446 0.5572
vn 0.9650 -0.0502 0.2573
vn 0.9960 0.0502 -0.0737
vn 0.9069 0.1446 -0.3959
vn 0.7083 0.2216 -0.6702
vn 0.4243 0.2718 -0.8637
vn 0.0796 0.5202 -0.8503
vn 0.0878 0.3350 -0.9381
vn -0.2577 0.3176 -0.9125
vn -0.2553 0.5033 -0.8255
vn -0.5723 0.2674 -0.7752
vn -0.5601 0.4547 -0.6924
vn -0.8180 0.1905 -0.5427
vn -0.7983 0.3802 -0.4671
vn -0.9652 0.0962 -0.2431
vn -0.9409 0.2889 -0.1768
vn -0.9962 -0.0041 0.0875
vn -0.9709 0.1916 0.1437
vn -0.9071 -0.0984 0.4093
vn -0.8846 0.1003 0.4555
vn -0.7088 -0.1752 0.6833
vn -0.6924 0.0258 0.7210
vn -0.4251 -0.2254 0.8766
vn -0.4175 -0.0229 0.9084
vn -0.0904 -0.2428 0.9659
vn -0.0931 -0.0397 0.9949
vn 0.2551 -0.2254 0.9403
vn 0.2417 -0.0229 0.9701
vn 0.5697 -0.1752 0.8029
vn 0.5466 0.0258 0.8370
vn 0.8154 -0.0984 0.5704
vn 0.7847 0.1003 0.6117
vn 0.9626 -0.0041 0.2708
vn 0.9274 0.1916 0.3213
vn 0.9936 0.0963 -0.0598
vn 0.9574 0.2889 0.0009
vn 0.9045 0.1905 -0.3815
vn 0.8711 0.3802 -0.3109
vn 0.7062 0.2674 -0.6556
vn 0.6789 0.4547 -0.5765
vn 0.4225 0.3176 -0.8489
vn 0.4040 0.5033 -0.7638
vn 0.0551 0.8064 -0.5888
vn -0.0183 0.9806 0.1953
vn -0.0693 0.9891 0.1297
vn 0.0891 0.2892 -0.9531
vn 0.0439 0.9891 0.1405
vn 0.0910 0.9808 0.1727
vn 0.1240 0.9680 0.2182
vn 0.0653 0.9578 0.2799
vn -0.0146 0.9877 0.1559
vn 0.0628 0.9531 0.2960
vn -0.0356 0.9583 0.2836
vn 0.0491 0.9381 0.3428
vn 0.0261 0.9327 0.3598
vn -0.1084 -0.0119 0.9940
vn -0.0072 0.9099 0.4149
vn 0.0903 -0.2455 -0.9652
vn -0.0351 0.9265 0.3747
vn -0.1085 0.7923 0.6005
vn -0.0670 0.9270 0.3691
vn 0.0273 -0.9566 -0.2901
vn -0.0931 0.9295 0.3570
vn 0.0217 0.9983 0.0544
vn -0.1076 0.9509 0.2900
vn 0.0270 -0.9573 -0.2879
vn -0.1173 0.9487 0.2935
vn -0.1869 0.9523 0.2413
vn -0.0318 0.9399 0.3400
vn -0.0318 0.9398 0.3403
vn -0.0270 0.9573 0.2880
vn -0.2172 0.8698 0.4430
vn 0.0144 -0.9880 -0.1539
vn -0.1243 0.9805 0.1524
vn -0.1624 0.9684 0.1895
vn -0.0270 0.9571 0.2884
vn -0.2143 0.8223 -0.5271
vn 0.0512 0.8357 -0.5467
vn -0.4560 0.7838 -0.4216
vn -0.6447 0.7248 -0.2430
vn -0.7578 0.6523 -0.0128
vn -0.7816 0.5752 0.2412
vn -0.7132 0.5028 0.4884
vn -0.5608 0.4437 0.6990
vn -0.3429 0.4052 0.8475
vn -0.0857 0.3918 0.9160
vn 0.1797 0.4052 0.8964
vn 0.4214 0.4437 0.7909
vn 0.6102 0.5028 0.6123
vn 0.7233 0.5752 0.3821
vn 0.7471 0.6523 0.1281
vn 0.6786 0.7248 -0.1191
vn 0.5263 0.7838 -0.3297
vn 0.3084 0.8223 -0.4782
vn 0.0112 0.9928 -0.1196
vn -0.1279 0.9857 -0.1093
vn 0.1460 0.9857 -0.0836
vn 0.2601 0.9656 -0.0058
vn 0.3400 0.9346 0.1045
vn 0.3758 0.8967 0.2340
vn 0.3634 0.8563 0.3671
vn 0.3041 0.8183 0.4877
vn 0.2052 0.7874 0.5813
vn 0.0786 0.7672 0.6366
vn -0.0605 0.7602 0.6469
vn -0.1953 0.7672 0.6110
vn -0.3095 0.7874 0.5332
vn -0.3893 0.8183 0.4228
vn -0.4252 0.8563 0.2933
vn -0.4127 0.8967 0.1602
vn -0.3535 0.9346 0.0396
vn -0.2545 0.9656 -0.0540
vn 0.2577 -0.3158 0.9132
vn -0.0878 -0.3332 0.9387
vn -0.0796 -0.5192 0.8509
vn 0.2553 -0.5023 0.8261
vn 0.5723 -0.2656 0.7758
vn 0.5603 -0.4537 0.6930
vn 0.8180 -0.1888 0.5433
vn 0.7985 -0.3792 0.4676
vn 0.9653 -0.0945 0.2436
vn 0.9412 -0.2878 0.1772
vn 0.9962 0.0059 -0.0870
vn 0.9712 -0.1905 -0.1433
vn 0.9071 0.1002 -0.4088
vn 0.8848 -0.0991 -0.4552
vn 0.7088 0.1770 -0.6828
vn 0.6926 -0.0246 -0.7209
vn 0.4251 0.2272 -0.8762
vn 0.4176 0.0240 -0.9083
vn 0.0903 0.2446 -0.9654
vn 0.0931 0.0409 -0.9948
vn -0.2552 0.2272 -0.9398
vn -0.2418 0.0240 -0.9700
vn -0.5698 0.1770 -0.8025
vn -0.5468 -0.0246 -0.8369
vn -0.8155 0.1002 -0.5700
vn -0.7850 -0.0991 -0.6115
vn -0.9628 0.0059 -0.2703
vn -0.9277 -0.1905 -0.3210
vn -0.9937 -0.0945 0.0603
vn -0.9577 -0.2878 -0.0005
vn -0.9046 -0.1888 0.3821
vn -0.8714 -0.3792 0.3114
vn -0.7063 -0.2656 0.6562
vn -0.6791 -0.4537 0.5770
vn -0.4226 -0.3158 0.8495
vn -0.4042 -0.5023 0.7644
vn -0.0953 -0.1679 0.9812
vn -0.0213 0.9733 0.2287
vn -0.0353 0.9808 0.1916
vn 0.1129 -0.9919 -0.0587
vn -0.4232 -0.1337 0.8961
vn 0.0125 0.9783 0.2069
vn -0.7847 -0.0795 0.6148
vn 0.0056 0.9709 0.2396
vn -0.7419 -0.6466 0.1775
vn -0.9002 0.0159 0.4351
vn -0.9701 0.0344 0.2402
vn 0.0701 0.9511 0.3008
vn -0.9613 0.1672 -0.2190
vn 0.0292 0.9527 0.3023
vn -0.8640 0.2501 -0.4371
vn 0.0374 0.9448 0.3254
vn 0.8938 0.1465 -0.4240
vn 0.0526 0.9179 0.3933
vn -0.1730 -0.4390 -0.8817
vn -0.2550 0.3161 -0.9138
vn 0.0846 -0.4260 -0.9007
vn 0.0849 0.3343 -0.9386
vn 0.1318 0.3916 -0.9107
vn -0.0826 0.9387 0.3347
vn 0.7063 0.3388 -0.6216
vn -0.0730 0.9411 0.3300
vn 0.8979 0.2656 -0.3511
vn -0.0892 0.9451 0.3143
vn 0.0550 0.9545 0.2932
vn 0.1501 -0.9419 -0.3005
vn 0.1647 -0.9480 -0.2723
vn 0.1733 -0.9512 -0.2552
vn 0.9037 -0.0547 0.4246
vn 0.2481 -0.9522 -0.1780
vn 0.2296 -0.9550 -0.1879
vn 0.2418 -0.9679 -0.0689
vn -0.0108 0.9745 0.2241
vn 0.7034 -0.1404 0.6968
vn 0.4156 -0.9035 0.1045
vn -0.0640 0.9757 0.2098
vn -0.0640 0.9757 0.2097
vn -0.0462 0.9677 0.2477
vn -0.0462 0.9677 0.2478
vn -0.0510 -0.8367 0.5453
vn 0.2140 -0.8233 0.5257
vn 0.4554 -0.7848 0.4203
vn 0.6439 -0.7259 0.2420
vn 0.7568 -0.6535 0.0121
vn 0.7805 -0.5766 -0.2415
vn 0.7122 -0.5042 -0.4884
vn 0.5601 -0.4453 -0.6986
vn 0.3425 -0.4068 -0.8469
vn 0.0857 -0.3934 -0.9154
vn -0.1794 -0.4068 -0.8957
vn -0.4207 -0.4453 -0.7904
vn -0.6092 -0.5042 -0.6120
vn -0.7222 -0.5766 -0.3822
vn -0.7459 -0.6535 -0.1285
vn -0.6776 -0.7259 0.1183
vn -0.5254 -0.7848 0.3285
vn -0.3078 -0.8233 0.4768
vn 0.1266 -0.9865 0.1035
vn -0.0106 -0.9935 0.1136
vn -0.1435 -0.9866 0.0781
vn -0.2563 -0.9666 0.0015
vn -0.3853 -0.9198 -0.0747
vn -0.3735 -0.8965 -0.2380
vn -0.3580 -0.8588 -0.3664
vn -0.2997 -0.8213 -0.4854
vn -0.2019 -0.7909 -0.5777
vn -0.0771 -0.7709 -0.6323
vn 0.0601 -0.7639 -0.6425
vn 0.1930 -0.7710 -0.6069
vn 0.3058 -0.7908 -0.5303
vn 0.3844 -0.8214 -0.4213
vn 0.4197 -0.8589 -0.2936
vn 0.4074 -0.8987 -0.1624
vn 0.3492 -0.9361 -0.0433
vn 0.2516 -0.9666 0.0491
vn 0.0312 -0.9422 -0.3335
vn 0.0146 -0.9431 -0.3323
vn -0.0006 -0.9455 -0.3257
vn -0.0124 -0.9492 -0.3145
vn -0.0195 -0.9537 -0.3000
vn -0.0210 -0.9586 -0.2841
vn -0.0167 -0.9631 -0.2686
vn -0.0072 -0.9668 -0.2554
vn 0.0065 -0.9692 -0.2461
vn 0.0226 -0.9701 -0.2418
vn 0.0393 -0.9692 -0.2430
vn 0.0544 -0.9668 -0.2496
vn 0.0663 -0.9631 -0.2608
vn 0.0734 -0.9586 -0.2753
vn 0.0749 -0.9537 -0.2912
vn 0.0706 -0.9492 -0.3067
vn 0.0610 -0.9455 -0.3199
vn 0.0473 -0.9431 -0.3292
vn 0.2543 -0.1958 0.9471
vn -0.0881 -0.2836 0.9549
vn -0.0884 -0.2829 0.9551
vn 0.2513 -0.1960 0.9478
vn -0.4243 -0.2715 0.8639
vn -0.4243 -0.2718 0.8638
vn -0.7071 -0.1818 0.6833
vn -0.7096 -0.1896 0.6786
vn 0.4064 0.9116 0.0625
vn 0.3955 0.9171 0.0496
vn -0.9942 0.0176 0.1061
vn -0.9938 0.0263 0.1080
vn -0.9654 0.0565 -0.2545
vn -0.9655 0.0565 -0.2542
vn -0.8176 0.2165 -0.5334
vn -0.8160 0.2162 -0.5360
vn -0.5715 0.3473 -0.7435
vn -0.5701 0.3460 -0.7452
vn 0.2553 -0.2719 0.9278
vn 0.2585 -0.2704 0.9274
vn -0.0859 -0.2891 0.9534
vn 0.4266 0.2837 -0.8588
vn 0.4240 0.2838 -0.8600
vn 0.7076 0.2570 -0.6582
vn 0.7066 0.2573 -0.6592
vn 0.9063 0.1537 -0.3936
vn 0.9065 0.1525 -0.3937
vn 0.9782 0.2069 -0.0199
vn 0.9780 0.2072 -0.0258
vn 0.9480 0.1056 0.3004
vn 0.9489 0.1050 0.2976
vn -0.8190 0.1441 -0.5555
vn -0.8190 0.1454 -0.5550
vn 0.5689 -0.2215 0.7920
vt 0.750000 0.948390
vt 0.805556 0.948390
vt 0.805556 0.995105
vt 0.750000 0.995105
vt 0.861111 0.948390
vt 0.861111 0.995175
vt 0.916667 0.948390
vt 0.916667 0.996807
vt 0.972222 0.948390
vt 0.972222 0.996877
vt -0.027778 0.948390
vt 0.027778 0.948390
vt 0.027778 0.996877
vt -0.027778 0.996877
vt 0.083333 0.948390
vt 0.083333 0.996807
vt 0.138889 0.948390
vt 0.138889 0.995175
vt 0.194444 0.948390
vt 0.194444 0.995105
vt 0.250000 0.948390
vt 0.250000 0.995105
vt 0.305556 0.948390
vt 0.305556 0.995105
vt 0.361111 0.948390
vt 0.361111 0.995174
vt 0.416667 0.948390
vt 0.416667 0.996838
vt 0.472222 0.948390
vt 0.472222 0.996908
vt 0.527778 0.948390
vt 0.527778 0.996908
vt 0.583333 0.948390
vt 0.583333 0.996838
vt 0.638889 0.948390
vt 0.638889 0.995174
vt 0.694444 0.948390
vt 0.694444 0.995105
vt 0.694444 1.000000
vt 0.750000 1.000000
vt 0.805556 1.000000
vt 0.861111 1.000000
vt 0.916667 1.000000
vt 0.972222 1.000000
vt -0.027778 1.000000
vt 0.027778 1.000000
vt 0.083333 1.000000
vt 0.138889 1.000000
vt 0.194444 1.000000
vt 0.250000 1.000000
vt 0.305556 1.000000
vt 0.361111 1.000000
vt 0.416667 1.000000
vt 0.472222 1.000000
vt 0.527778 1.000000
vt 0.583333 1.000000
vt 0.638889 1.000000
vt 0.583333 1.000000
vt 0.638888 1.000000
vt 0.694444 1.000000
vt 0.750000 1.000000
vt 0.805556 1.000000
vt 0.861112 1.000000
vt -2.308933 1.000000
vt -5.478976 1.000000
vt 0.472222 1.000000
vt 0.527779 1.000000
vt 0.805556 0.997553
vt 0.750000 0.997553
vt 0.861111 0.997587
vt 0.916667 0.998404
vt 0.972222 0.998439
vt 0.027778 0.998439
vt -0.027778 0.998439
vt 0.083333 0.998404
vt 0.138889 0.997587
vt 0.194444 0.997553
vt 0.250000 0.997553
vt 0.305556 0.997553
vt 0.361111 0.997587
vt 0.416667 0.998419
vt 0.472222 0.998454
vt 0.527778 0.998454
vt 0.583333 0.998419
vt 0.638889 0.997587
vt 0.694444 0.997553
vt -1.390494 1.000000
vt 0.083333 1.000000
vt 0.083333 1.000000
vt -2.808765 1.000000
vt 0.138889 1.000000
vt 0.138889 1.000000
vt 0.194444 1.000000
vt 0.194444 1.000000
vt 0.250000 1.000000
vt 0.250000 1.000000
vt 0.305555 1.000000
vt 0.305555 1.000000
vt 0.361111 1.000000
vt 0.361111 1.000000
vt 0.416667 1.000000
vt 0.416666 1.000000
vt 0.472222 1.000000
vt 0.750000 0.000000
vt 0.805556 0.000000
vt 0.805556 0.500000
vt 0.750000 0.500000
vt 0.694444 0.000000
vt 0.694444 0.500000
vt 0.861111 0.000000
vt 0.861111 0.500000
vt 0.638889 0.000000
vt 0.638889 0.500000
vt 0.916667 0.000000
vt 0.916667 0.500000
vt 0.583333 0.000000
vt 0.583333 0.500000
vt 0.972222 0.000000
vt 0.972222 0.500000
vt 0.527778 0.000000
vt 0.527778 0.500000
vt 0.027778 0.000000
vt 0.027778 0.500000
vt -0.027778 0.500000
vt -0.027778 0.000000
vt 0.472222 0.500000
vt 0.472222 0.000000
vt 0.083333 0.000000
vt 0.083333 0.500000
vt 0.416667 0.500000
vt 0.416667 0.000000
vt 0.138889 0.000000
vt 0.138889 0.500000
vt 0.361111 0.500000
vt 0.361111 0.000000
vt 0.194444 0.000000
vt 0.194444 0.500000
vt 0.805555 1.000000
vt 0.305556 0.500000
vt 0.305556 0.000000
vt 0.416667 1.000000
vt 0.250000 0.000000
vt 0.250000 0.500000
vt 0.194444 1.000000
vt 0.361111 1.000000
vt 0.638889 1.000000
vt 0.916667 1.000000
vt 1.285436 1.000000
vt 0.740127 1.000000
vt 0.724232 1.000000
vt 0.747488 1.000000
vt 0.759506 1.000000
vt 0.797386 1.000000
vt 0.814295 1.000000
vt 0.844136 1.000000
vt 0.855294 1.000000
vt 0.855593 1.000000
vt 0.824348 1.000000
vt 0.795361 1.000000
vt 0.857384 1.000000
vt 0.812885 1.000000
vt 0.815681 1.000000
vt 0.825698 1.000000
vt 0.826918 1.000000
vt 0.823723 1.000000
vt 0.823235 1.000000
vt 0.812660 1.000000
vt 0.810919 1.000000
vt 0.796120 1.000000
vt 0.785671 1.000000
vt 0.783110 1.000000
vt 0.777665 1.000000
vt 0.776307 1.000000
vt 0.792682 1.000000
vt 0.779953 1.000000
vt 0.798103 1.000000
vt 0.782400 1.000000
vt 0.758266 1.000000
vt 0.743836 1.000000
vt 0.779164 1.000000
vt 0.728806 1.000000
vt 0.439509 1.000000
vt 0.722410 1.000000
vt 0.720605 1.000000
vt 0.138889 1.000000
vt 0.376775 1.000000
vt 0.387450 1.000000
vt 0.388983 1.000000
vt 0.421969 1.000000
vt 0.425990 1.000000
vt 0.462699 1.000000
vt 0.467136 1.000000
vt 0.487345 1.000000
vt 0.490065 1.000000
vt 0.485764 1.000000
vt 0.463989 1.000000
vt 0.459821 1.000000
vt 0.430216 1.000000
vt 0.424281 1.000000
vt 0.379045 1.000000
vt 0.392163 1.000000
vt 0.194444 1.000000
vt 0.250000 1.000000
vt 0.329809 1.000000
vt 0.331002 1.000000
vt 0.331012 1.000000
vt 0.397399 1.000000
vt 0.345289 1.000000
vt 0.346276 1.000000
vt 0.388672 1.000000
vt 0.379408 1.000000
vt 0.377961 1.000000
vt 0.412567 1.000000
vt 0.415444 1.000000
vt 0.385789 1.000000
vt 0.417183 1.000000
vt 0.425710 1.000000
vt 0.430716 1.000000
vt 0.446420 1.000000
vt 0.452291 1.000000
vt 0.562160 1.000000
vt 0.440661 1.000000
vt 0.384176 1.000000
vt 0.368802 1.000000
vt 0.367202 1.000000
vt 0.574389 1.000000
vt 0.575631 1.000000
vt 0.595392 1.000000
vt 0.596803 1.000000
vt 0.612556 1.000000
vt 0.613652 1.000000
vt 0.617397 1.000000
vt 0.608647 1.000000
vt 0.594612 1.000000
vt 0.592014 1.000000
vt 0.577101 1.000000
vt 0.574312 1.000000
vt 0.562060 1.000000
vt 0.562376 1.000000
vt 0.564024 1.000000
vt 0.455771 1.000000
vt 0.454605 1.000000
vt 0.448759 1.000000
vt 0.444549 1.000000
vt 0.436426 1.000000
vt 0.430452 1.000000
vt 0.362384 1.000000
vt 0.414827 1.000000
vt 0.359674 1.000000
vt 0.343874 1.000000
vt 0.418049 1.000000
vt 0.331230 1.000000
vt 0.341246 1.000000
vt 0.305555 1.000000
vt 0.361111 1.000000
vt 0.416667 1.000000
vt 0.423263 1.000000
vt 0.506125 1.000000
vt 0.509288 1.000000
vt 0.513496 1.000000
vt 0.519130 1.000000
vt 0.525831 1.000000
vt 0.538557 1.000000
vt 0.540386 1.000000
vt 0.603479 1.000000
vt 0.536629 1.000000
vt 0.530943 1.000000
vt 0.608716 1.000000
vt 0.612912 1.000000
vt 0.619645 1.000000
vt 0.624307 1.000000
vt 0.628835 1.000000
vt 0.631631 1.000000
vt 0.704566 1.000000
vt 0.714488 1.000000
vt 0.715525 1.000000
vt 0.617591 1.000000
vt 0.724581 1.000000
vt 0.725252 1.000000
vt 0.728800 1.000000
vt 0.729033 1.000000
vt 0.726215 1.000000
vt 0.725786 1.000000
vt 0.717295 1.000000
vt 0.708823 1.000000
vt 0.707131 1.000000
vt 0.700805 1.000000
vt 0.699583 1.000000
vt 0.703665 1.000000
vt 0.698307 1.000000
vt 0.698375 1.000000
vt 0.631922 1.000000
vt 0.631634 1.000000
vt 0.624959 1.000000
vt 0.619610 1.000000
vt 0.614790 1.000000
vt 0.609728 1.000000
vt 0.605348 1.000000
vt 0.601988 1.000000
vt 0.600720 1.000000
vt 0.602668 1.000000
vt 0.535938 1.000000
vt 0.531800 1.000000
vt 0.525899 1.000000
vt 0.521211 1.000000
vt 0.514670 1.000000
vt 0.506406 1.000000
vt 0.506871 1.000000
vt 0.511298 1.000000
vt 0.305556 1.000000
vt 1.128829 1.000000
vt 0.383952 1.000000
vt 0.261421 1.000000
vt 0.138889 1.000000
vt 0.194444 1.000000
vt 0.250000 1.000000
vt 0.305555 1.000000
vt 0.416667 1.000000
vt 0.740067 0.000000
vt 0.743694 1.000000
vt 0.665009 1.000000
vt 0.671289 0.000000
vt 0.259934 0.000000
vt 0.328711 0.000000
vt 0.334991 1.000000
vt 0.256306 1.000000
vt 0.000000 0.206470
vt 0.000000 0.000000
vt 0.129966 0.000000
vt 0.259933 0.000000
vt 0.328711 1.000000
vt 0.259934 1.000000
vt 0.129967 1.000000
vt 0.000000 1.000000
vt 0.000000 0.793530
vt 0.000000 0.587060
vt 0.000000 0.412940
vt 1.000000 0.000000
vt 1.000000 1.000000
vt 0.399443 0.000000
vt 0.399443 1.000000
vt 1.000000 0.412940
vt 1.000000 0.587060
vt 0.600557 1.000000
vt 0.600557 0.000000
vt 0.743694 0.000000
vt 0.871847 0.000000
vt 1.000000 0.206470
vt 1.000000 0.793530
vt 0.871847 1.000000
vt 0.665009 0.000000
vt 0.610006 1.000000
vt 0.614193 0.000000
vt 0.555003 1.000000
vt 0.557096 0.000000
vt 0.500000 1.000000
vt 0.500000 0.000000
vt 0.385807 0.000000
vt 0.389994 1.000000
vt 0.442904 0.000000
vt 0.444997 1.000000
vt 0.385807 1.000000
vt 0.442904 1.000000
vt 0.432962 0.000000
vt 0.432962 1.000000
vt 0.466481 0.000000
vt 0.466481 1.000000
vt 0.567038 1.000000
vt 0.567038 0.000000
vt 0.533519 1.000000
vt 0.533519 0.000000
vt 0.610006 0.000000
vt 0.555003 0.000000
vt 0.870034 0.000000
vt 0.128153 1.000000
vt 0.129967 0.000000
vt -4.347377 -1.668386
vt -5.867257 -1.668386
vt -6.364606 -1.668386
vt -4.611194 -1.668386
vt -4.347377 1.668383
vt -5.867257 1.668383
vt -4.611194 1.668384
vt -6.364606 1.668384
vt -3.007373 -1.668386
vt -3.304328 -1.668386
vt -3.007373 1.668384
vt -3.304328 1.668384
vt -1.679960 -1.668386
vt -2.026369 -1.668386
vt -1.679960 1.668384
vt -2.026369 1.668384
vt -0.379817 -1.668386
vt -0.783393 -1.668386
vt -0.379817 1.668384
vt -0.783393 1.668384
vt 0.877831 -1.668386
vt 0.419076 -1.668385
vt 0.877831 1.668384
vt 0.419076 1.668384
vt 2.079016 -1.668385
vt 1.574256 -1.668385
vt 2.079017 1.668384
vt 1.574256 1.668384
vt 3.212049 -1.668385
vt 2.673084 -1.668385
vt 3.212049 1.668385
vt 2.673084 1.668385
vt 4.267066 -1.668384
vt 3.704675 -1.668384
vt 4.267066 1.668385
vt 3.704675 1.668385
vt 5.234970 -1.668384
vt 4.657374 -1.668384
vt 5.234970 1.668386
vt 4.657375 1.668386
vt 6.195987 -1.668384
vt 5.613130 -1.668383
vt 6.195987 1.668386
vt 5.613130 1.668386
vt -8.495459 -0.506892
vt -5.755432 -0.506894
vt -4.830996 -0.506907
vt -6.334146 -0.506912
vt -4.521369 -0.506900
vt -3.520223 -0.506898
vt -3.367742 -0.506910
vt -2.186487 -0.506894
vt -2.252031 -0.506907
vt -0.861462 -0.506903
vt -1.164515 -0.506899
vt 0.429588 -0.506899
vt -0.099777 -0.506902
vt 1.665705 -0.506902
vt 0.939489 -0.506905
vt 2.834039 -0.506905
vt 1.943941 -0.506899
vt 3.928393 -0.506898
vt 2.898340 -0.506896
vt 4.948447 -0.506901
vt 4.097581 -0.506888
vt 6.163358 -0.506910
vt -4.830996 0.977765
vt -5.755432 0.977777
vt -8.495459 0.977779
vt -6.334146 0.977760
vt -3.520223 0.977774
vt -4.521369 0.977772
vt -2.186487 0.977776
vt -3.367742 0.977763
vt -0.861462 0.977769
vt -2.252031 0.977765
vt 0.429588 0.977772
vt -1.164515 0.977773
vt 1.665705 0.977770
vt -0.099777 0.977770
vt 2.834039 0.977767
vt 0.939489 0.977767
vt 3.928393 0.977773
vt 1.943941 0.977773
vt 4.948447 0.977770
vt 2.898340 0.977776
vt 6.163358 0.977761
vt 4.097581 0.977784
vt -7.081967 -1.494895
vt -5.469690 -1.522689
vt -5.098027 -1.523540
vt -6.361102 -1.510245
vt -5.098027 1.523537
vt -6.361102 1.510243
vt -5.469690 1.522687
vt -7.081968 1.494893
vt -4.225181 -1.525874
vt -3.814483 -1.522473
vt -3.814483 1.522470
vt -4.225181 1.525872
vt -3.017749 -1.526535
vt -2.533347 -1.521850
vt -2.533347 1.521848
vt -3.017749 1.526533
vt -1.839649 -1.526922
vt -1.269570 -1.521490
vt -1.269570 1.521489
vt -1.839649 1.526920
vt -0.691700 -1.526988
vt -0.038213 -1.521429
vt -0.038213 1.521428
vt -0.691700 1.526987
vt 0.423625 -1.526788
vt 1.147474 -1.521613
vt 1.147474 1.521613
vt 0.423625 1.526787
vt 1.500705 -1.526441
vt 2.277657 -1.521936
vt 2.277657 1.521935
vt 1.500705 1.526441
vt 2.531283 -1.526059
vt 3.345283 -1.522295
vt 3.345283 1.522295
vt 2.531283 1.526060
vt 3.505942 -1.526288
vt 4.345749 -1.522081
vt 4.345750 1.522082
vt 3.505942 1.526289
vt 4.572333 -1.499869
vt 5.364592 -1.500397
vt 5.364592 1.500400
vt 4.572334 1.499872
vt -5.164573 -1.393266
vt -5.395463 -1.393266
vt -6.894748 -1.393265
vt -6.366802 -1.393266
vt -5.164573 1.393263
vt -6.366803 1.393263
vt -5.395463 1.393264
vt -6.894749 1.393263
vt -3.889585 -1.393266
vt -4.152007 -1.393266
vt -3.889585 1.393264
vt -4.152007 1.393264
vt -2.622297 -1.393266
vt -2.931932 -1.393265
vt -2.622297 1.393264
vt -2.931932 1.393264
vt -1.374497 -1.393265
vt -1.738997 -1.393265
vt -1.374496 1.393264
vt -1.738997 1.393264
vt -0.158538 -1.393265
vt -0.576389 -1.393265
vt -0.158538 1.393264
vt -0.576389 1.393264
vt 1.014350 -1.393265
vt 0.551578 -1.393265
vt 1.014350 1.393264
vt 0.551578 1.393264
vt 2.135067 -1.393265
vt 1.638463 -1.393265
vt 2.135067 1.393265
vt 1.638463 1.393265
vt 3.196252 -1.393264
vt 2.676084 -1.393264
vt 3.196252 1.393265
vt 2.676084 1.393265
vt 4.191300 -1.393264
vt 3.655502 -1.393264
vt 4.191300 1.393265
vt 3.655502 1.393265
vt 5.206205 -1.393263
vt 4.664838 -1.393263
vt 5.206205 1.393266
vt 4.664838 1.393266
vt -6.222307 -1.228404
vt -7.947697 -1.228404
vt -8.429628 -1.228404
vt -6.450405 -1.228404
vt -6.222307 1.228402
vt -7.947696 1.228402
vt -6.450405 1.228402
vt -8.429628 1.228402
vt -4.944033 -1.228404
vt -5.203743 -1.228404
vt -4.944033 1.228402
vt -5.203743 1.228402
vt -3.672756 -1.228404
vt -3.979828 -1.228404
vt -3.672756 1.228402
vt -3.979828 1.228402
vt -2.419930 -1.228404
vt -2.782089 -1.228404
vt -2.419930 1.228402
vt -2.782089 1.228402
vt -1.197583 -1.228404
vt -1.613372 -1.228404
vt -1.197583 1.228402
vt -1.613372 1.228403
vt -0.016623 -1.228403
vt -0.477643 -1.228403
vt -0.016623 1.228403
vt -0.477643 1.228403
vt 1.114164 -1.228403
vt 0.619008 -1.228403
vt 1.114164 1.228403
vt 0.619008 1.228403
vt 2.187740 -1.228403
vt 1.668746 -1.228403
vt 2.187740 1.228403
vt 1.668746 1.228403
vt 3.197830 -1.228402
vt 2.662968 -1.228402
vt 3.197830 1.228404
vt 2.662969 1.228404
vt 4.686754 -1.228402
vt 4.146216 -1.228402
vt 4.686754 1.228405
vt 4.146216 1.228405
vt 0.194444 0.500000
vt 0.305556 0.500000
vt 0.361111 0.500000
vt 0.416667 0.500000
vt 0.416667 0.000000
vt 0.361111 0.000000
vt 0.305556 0.000000
vt 0.194444 0.000000
vt 0.750000 0.349613
vt 0.805556 0.349613
vt 0.861111 0.349613
vt 0.916667 0.349613
vt 0.972222 0.349613
vt -0.027778 0.349613
vt 0.027778 0.349613
vt 0.083333 0.349613
vt 0.138889 0.349613
vt 0.194444 0.349613
vt 0.250000 0.349613
vt 0.305556 0.349613
vt 0.361111 0.349613
vt 0.416667 0.349613
vt 0.472222 0.349613
vt 0.527778 0.349613
vt 0.583333 0.349613
vt 0.638889 0.349613
vt 0.694444 0.349613
s 1
usemtl Green
f 741/339/850 742/340/851 743/341/852
f 743/341/852 744/342/853 741/339/850
f 745/343/854 741/339/850 744/342/853
f 744/342/853 746/344/855 745/343/854
f 742/340/851 747/345/856 748/346/857
f 748/346/857 743/341/852 742/340/851
f 743/341/852 749/275/858 744/342/853
f 750/347/859 745/343/854 746/344/855
f 746/344/855 751/348/860 750/347/859
f 744/342/853 752/274/861 746/344/855
f 747/345/856 753/349/862 754/350/863
f 754/350/863 748/346/857 747/345/856
f 748/346/857 755/276/864 743/341/852
f 743/341/852 755/276/864 749/275/858
f 744/342/853 749/275/858 752/274/861
f 756/351/865 750/347/859 751/348/860
f 751/348/860 757/352/866 756/351/865
f 746/344/855 758/292/867 751/348/860
f 746/344/855 752/274/861 758/292/867
f 753/349/862 759/353/868 760/354/869
f 760/354/869 754/350/863 753/349/862
f 754/350/863 761/277/870 748/346/857
f 748/346/857 761/277/870 755/276/864
f 755/276/871 762/276/871 763/275/872
f 763/275/872 749/275/872 755/276/871
f 749/275/872 763/275/872 764/274/873
f 764/274/873 752/274/873 749/275/872
f 765/355/874 756/351/865 757/352/866
f 757/352/866 766/356/875 765/355/874
f 751/348/860 767/291/876 757/352/866
f 751/348/860 758/292/867 767/291/876
f 752/274/873 764/274/873 768/292/877
f 768/292/877 758/292/877 752/274/873
f 769/357/878 770/358/879 760/359/869
f 760/359/869 759/360/868 769/357/878
f 760/354/869 771/278/880 754/350/863
f 754/350/863 771/278/880 761/277/870
f 761/277/881 772/277/881 762/276/871
f 762/276/871 755/276/871 761/277/881
f 765/355/874 766/356/875 777/361/888
f 777/361/888 776/362/889 765/355/874
f 757/352/866 778/290/890 766/356/875
f 757/352/866 767/291/876 778/290/890
f 758/292/877 768/292/877 779/291/891
f 779/291/891 767/291/891 758/292/877
f 781/363/894 782/364/895 770/358/879
f 770/358/879 769/357/878 781/363/894
f 783/281/896 784/280/897 760/359/869
f 760/359/869 770/358/879 783/281/896
f 760/354/869 784/279/897 771/278/880
f 771/278/898 785/278/898 772/277/881
f 772/277/881 761/277/881 771/278/898
f 776/362/889 777/361/888 791/365/904
f 791/365/904 790/366/905 776/362/889
f 778/290/890 792/289/906 777/361/888
f 777/361/888 766/356/875 778/290/890
f 767/291/891 779/291/891 793/290/907
f 793/290/907 778/290/907 767/291/891
f 796/367/911 797/368/912 782/364/895
f 782/364/895 781/363/894 796/367/911
f 782/364/895 798/282/913 770/358/879
f 798/282/913 783/281/896 770/358/879
f 783/281/914 799/281/914 800/280/915
f 800/280/915 784/280/915 783/281/914
f 784/279/915 800/279/915 785/278/898
f 785/278/898 771/278/898 784/279/915
f 790/366/905 791/365/904 807/369/922
f 807/369/922 806/370/923 790/366/905
f 777/361/888 792/289/906 791/365/904
f 778/290/907 793/290/907 808/289/924
f 808/289/924 792/289/925 778/290/907
f 812/371/930 813/372/931 797/368/912
f 797/368/912 796/367/911 812/371/930
f 797/368/912 814/283/932 782/364/895
f 814/283/932 798/282/913 782/364/895
f 798/282/933 815/282/933 799/281/914
f 799/281/914 783/281/914 798/282/933
f 806/370/923 807/369/922 824/374/943
f 824/374/943 823/375/944 806/370/923
f 791/365/904 825/376/945 807/369/922
f 792/289/906 825/376/945 791/365/904
f 792/289/925 808/289/924 826/376/946
f 826/376/946 825/376/946 792/289/925
f 831/377/952 832/378/953 813/372/931
f 813/372/931 812/371/930 831/377/952
f 813/372/931 833/379/954 797/368/912
f 833/379/954 814/283/932 797/368/912
f 814/283/955 834/283/956 815/282/933
f 815/282/933 798/282/933 814/283/955
f 823/375/944 824/374/943 832/378/953
f 832/378/953 831/377/952 823/375/944
f 807/369/922 843/380/966 824/374/943
f 825/376/945 843/380/966 807/369/922
f 825/376/946 826/376/946 844/380/967
f 844/380/967 843/380/967 825/376/946
f 832/378/953 850/285/974 813/372/931
f 850/285/974 833/379/954 813/372/931
f 833/379/975 851/379/975 834/283/956
f 834/283/956 814/283/955 833/379/975
f 824/374/943 1024/545/1044 832/378/953
f 843/380/966 1024/545/1044 824/374/943
f 843/380/967 844/380/967 1025/545/1045
f 1025/545/1045 1024/545/1045 843/380/967
f 1024/545/1044 850/285/974 832/378/953
f 850/285/1051 1030/285/1051 851/379/975
f 851/379/975 833/379/975 850/285/1051
f 1024/545/1045 1025/545/1045 1030/285/1051
f 1030/285/1051 850/285/1051 1024/545/1045
f 1244/554/1178 1247/555/1179 1217/556/1070
f 1217/556/1070 1221/557/1070 1244/554/1178
f 1257/558/1180 1231/559/885 1235/560/885
f 1235/560/885 1254/561/1181 1257/558/1180
f 1243/562/1182 1241/563/1182 1245/564/1182
f 1245/564/1182 1244/565/1182 1221/559/1183
f 1221/559/1183 1231/566/1183 1257/567/1182
f 1245/564/1182 1221/559/1183 1257/567/1182
f 1257/567/1182 1258/568/1182 1256/569/1182
f 1256/569/1182 1260/570/1182 1259/571/1182
f 1257/567/1182 1256/569/1182 1259/571/1182
f 1245/564/1182 1257/567/1182 1259/571/1182
f 1243/562/1182 1245/564/1182 1259/571/1182
f 1242/572/1182 1243/562/1182 1259/571/1182
f 1209/563/1184 1210/573/1184 1212/574/1184
f 1212/574/1184 1211/569/1184 1209/563/1184
f 1214/575/1185 1238/576/1185 1212/569/296
f 1212/569/296 1210/563/296 1214/575/1185
f 1242/577/1186 1259/578/1187 1252/571/1188
f 1252/571/1188 1249/572/1189 1242/577/1186
f 1210/569/1070 1209/563/1070 1224/575/1070
f 1224/575/1070 1214/576/1070 1210/569/1070
f 1211/573/885 1212/574/885 1238/579/885
f 1238/579/885 1228/580/885 1211/573/885
f 1209/573/1190 1211/574/1190 1228/579/1191
f 1228/579/1191 1224/580/1191 1209/573/1190
f 1247/581/1192 1248/582/1192 1246/573/1192
f 1246/573/1192 1250/583/1192 1249/577/1192
f 1249/577/1192 1252/578/1192 1253/584/1192
f 1246/573/1192 1249/577/1192 1253/584/1192
f 1253/584/1192 1251/574/1192 1255/585/1192
f 1255/585/1192 1254/555/1192 1235/556/1193
f 1253/584/1192 1255/585/1192 1235/556/1193
f 1246/573/1192 1253/584/1192 1235/556/1193
f 1247/581/1192 1246/573/1192 1235/556/1193
f 1217/586/1194 1247/581/1192 1235/556/1193
f 1221/557/1070 1217/556/1070 1218/587/1070
f 1218/587/1070 1222/588/1070 1221/557/1070
f 1222/588/1070 1218/587/1070 1219/589/1070
f 1219/589/1070 1223/590/1070 1222/588/1070
f 1223/590/1070 1219/589/1070 1213/591/1070
f 1213/591/1070 1220/592/1070 1223/590/1070
f 1235/560/885 1231/559/885 1232/593/885
f 1232/593/885 1236/594/885 1235/560/885
f 1236/594/885 1232/593/885 1233/595/885
f 1233/595/885 1237/596/885 1236/594/885
f 1237/596/885 1233/595/885 1227/592/885
f 1227/592/885 1234/591/885 1237/596/885
f 1231/566/1183 1221/559/1183 1222/593/1195
f 1222/593/1195 1232/597/1195 1231/566/1183
f 1232/597/1195 1222/593/1195 1223/595/1196
f 1223/595/1196 1233/598/1196 1232/597/1195
f 1233/598/1196 1223/595/1196 1220/592/1197
f 1220/592/1197 1227/591/1197 1233/598/1196
f 1238/576/1185 1214/575/1185 1215/599/1198
f 1215/599/1198 1239/600/1198 1238/576/1185
f 1239/600/1198 1215/599/1198 1216/601/1199
f 1216/601/1199 1240/602/1199 1239/600/1198
f 1240/602/1199 1216/601/1199 1213/592/1200
f 1213/592/1200 1234/591/1200 1240/602/1199
f 1214/576/1070 1224/575/1070 1225/599/1070
f 1225/599/1070 1215/600/1070 1214/576/1070
f 1215/600/1070 1225/599/1070 1226/601/1070
f 1226/601/1070 1216/602/1070 1215/600/1070
f 1216/602/1070 1226/601/1070 1220/592/1070
f 1220/592/1070 1213/591/1070 1216/602/1070
f 1228/580/885 1238/579/885 1239/603/885
f 1239/603/885 1229/604/885 1228/580/885
f 1229/604/885 1239/603/885 1240/605/885
f 1240/605/885 1230/606/885 1229/604/885
f 1230/606/885 1240/605/885 1234/591/885
f 1234/591/885 1227/592/885 1230/606/885
f 1224/580/1191 1228/579/1191 1229/603/1201
f 1229/603/1201 1225/604/1201 1224/580/1191
f 1225/604/1201 1229/603/1201 1230/605/1202
f 1230/605/1202 1226/606/1202 1225/604/1201
f 1226/606/1202 1230/605/1202 1227/591/1197
f 1227/591/1197 1220/592/1197 1226/606/1202
f 1217/586/1194 1235/556/1193 1236/587/1203
f 1236/587/1203 1218/607/1203 1217/586/1194
f 1218/607/1203 1236/587/1203 1237/589/1204
f 1237/589/1204 1219/608/1204 1218/607/1203
f 1219/608/1204 1237/589/1204 1234/591/1200
f 1234/591/1200 1213/592/1200 1219/608/1204
f 1247/555/1179 1244/554/1178 1245/609/1205
f 1245/609/1205 1248/585/1206 1247/555/1179
f 1248/585/1206 1245/609/1205 1241/573/1207
f 1241/573/1207 1246/574/1208 1248/585/1206
f 1257/558/1180 1254/561/1181 1255/610/1209
f 1255/610/1209 1258/611/1210 1257/558/1180
f 1258/611/1210 1255/610/1209 1251/569/1211
f 1251/569/1211 1256/563/1212 1258/611/1210
f 1242/577/1186 1249/572/1189 1250/562/1213
f 1250/562/1213 1243/583/1214 1242/577/1186
f 1243/583/1214 1250/562/1213 1246/563/1208
f 1246/563/1208 1241/573/1207 1243/583/1214
f 1252/571/1188 1259/578/1187 1260/584/1215
f 1260/584/1215 1253/570/1216 1252/571/1188
f 1253/570/1216 1260/584/1215 1256/574/1212
f 1256/574/1212 1251/569/1211 1253/570/1216
f 1296/554/1178 1299/555/1179 1269/556/1070
f 1269/556/1070 1273/557/1070 1296/554/1178
f 1309/558/1180 1283/559/885 1287/560/885
f 1287/560/885 1306/561/1181 1309/558/1180
f 1295/562/1182 1293/563/1217 1297/564/1182
f 1297/564/1182 1296/565/1182 1273/559/1183
f 1273/559/1183 1283/566/1183 1309/567/1182
f 1297/564/1182 1273/559/1183 1309/567/1182
f 1309/567/1182 1310/568/1217 1308/569/1182
f 1308/569/1182 1312/570/1182 1311/571/1182
f 1309/567/1182 1308/569/1182 1311/571/1182
f 1297/564/1182 1309/567/1182 1311/571/1182
f 1295/562/1182 1297/564/1182 1311/571/1182
f 1294/572/1182 1295/562/1182 1311/571/1182
f 1261/563/1184 1262/573/1184 1264/574/1184
f 1264/574/1184 1263/569/1184 1261/563/1184
f 1266/575/1185 1290/576/1185 1264/569/296
f 1264/569/296 1262/563/296 1266/575/1185
f 1294/577/1186 1311/578/1187 1304/571/1188
f 1304/571/1188 1301/572/1189 1294/577/1186
f 1262/569/1070 1261/563/1070 1276/575/1070
f 1276/575/1070 1266/576/1070 1262/569/1070
f 1263/573/885 1264/574/885 1290/579/885
f 1290/579/885 1280/580/885 1263/573/885
f 1261/573/1190 1263/574/1190 1280/579/1191
f 1280/579/1191 1276/580/1191 1261/573/1190
f 1299/581/1192 1300/582/1192 1298/573/1192
f 1298/573/1192 1302/583/1192 1301/577/1192
f 1301/577/1192 1304/578/1192 1305/584/1192
f 1298/573/1192 1301/577/1192 1305/584/1192
f 1305/584/1192 1303/574/1192 1307/585/1192
f 1307/585/1192 1306/555/1192 1287/556/1193
f 1305/584/1192 1307/585/1192 1287/556/1193
f 1298/573/1192 1305/584/1192 1287/556/1193
f 1299/581/1192 1298/573/1192 1287/556/1193
f 1269/586/1194 1299/581/1192 1287/556/1193
f 1273/557/1070 1269/556/1070 1270/587/1070
f 1270/587/1070 1274/588/1070 1273/557/1070
f 1274/588/1070 1270/587/1070 1271/589/1070
f 1271/589/1070 1275/590/1070 1274/588/1070
f 1275/590/1070 1271/589/1070 1265/591/1070
f 1265/591/1070 1272/592/1070 1275/590/1070
f 1287/560/885 1283/559/885 1284/593/885
f 1284/593/885 1288/594/885 1287/560/885
f 1288/594/885 1284/593/885 1285/595/885
f 1285/595/885 1289/596/885 1288/594/885
f 1289/596/885 1285/595/885 1279/592/885
f 1279/592/885 1286/591/885 1289/596/885
f 1283/566/1183 1273/559/1183 1274/593/1195
f 1274/593/1195 1284/597/1195 1283/566/1183
f 1284/597/1195 1274/593/1195 1275/595/1218
f 1275/595/1218 1285/598/1196 1284/597/1195
f 1285/598/1196 1275/595/1218 1272/592/1197
f 1272/592/1197 1279/591/1197 1285/598/1196
f 1290/576/1185 1266/575/1185 1267/599/1198
f 1267/599/1198 1291/600/1198 1290/576/1185
f 1291/600/1198 1267/599/1198 1268/601/1199
f 1268/601/1199 1292/602/1199 1291/600/1198
f 1292/602/1199 1268/601/1199 1265/592/1200
f 1265/592/1200 1286/591/1200 1292/602/1199
f 1266/576/1070 1276/575/1070 1277/599/1070
f 1277/599/1070 1267/600/1070 1266/576/1070
f 1267/600/1070 1277/599/1070 1278/601/1070
f 1278/601/1070 1268/602/1070 1267/600/1070
f 1268/602/1070 1278/601/1070 1272/592/1070
f 1272/592/1070 1265/591/1070 1268/602/1070
f 1280/580/885 1290/579/885 1291/603/885
f 1291/603/885 1281/604/885 1280/580/885
f 1281/604/885 1291/603/885 1292/605/885
f 1292/605/885 1282/606/885 1281/604/885
f 1282/606/885 1292/605/885 1286/591/885
f 1286/591/885 1279/592/885 1282/606/885
f 1276/580/1191 1280/579/1191 1281/603/1201
f 1281/603/1201 1277/604/1201 1276/580/1191
f 1277/604/1201 1281/603/1201 1282/605/1202
f 1282/605/1202 1278/606/1202 1277/604/1201
f 1278/606/1202 1282/605/1202 1279/591/1197
f 1279/591/1197 1272/592/1197 1278/606/1202
f 1269/586/1194 1287/556/1193 1288/587/1203
f 1288/587/1203 1270/607/1203 1269/586/1194
f 1270/607/1203 1288/587/1203 1289/589/1204
f 1289/589/1204 1271/608/1204 1270/607/1203
f 1271/608/1204 1289/589/1204 1286/591/1200
f 1286/591/1200 1265/592/1200 1271/608/1204
f 1299/555/1179 1296/554/1178 1297/609/1205
f 1297/609/1205 1300/585/1206 1299/555/1179
f 1300/585/1206 1297/609/1205 1293/573/1207
f 1293/573/1207 1298/574/1208 1300/585/1206
f 1309/558/1180 1306/561/1181 1307/610/1209
f 1307/610/1209 1310/611/1210 1309/558/1180
f 1310/611/1210 1307/610/1209 1303/569/1211
f 1303/569/1211 1308/563/1212 1310/611/1210
f 1294/577/1186 1301/572/1189 1302/562/1213
f 1302/562/1213 1295/583/1214 1294/577/1186
f 1295/583/1214 1302/562/1213 1298/563/1208
f 1298/563/1208 1293/573/1207 1295/583/1214
f 1304/571/1188 1311/578/1187 1312/584/1215
f 1312/584/1215 1305/570/1216 1304/571/1188
f 1305/570/1216 1312/584/1215 1308/574/1212
f 1308/574/1212 1303/569/1211 1305/570/1216
f 1318/612/885 1314/613/885 1313/614/885
f 1313/614/885 1317/615/885 1318/612/885
f 1319/616/1219 1315/617/1220 1314/613/1220
f 1314/613/1220 1318/612/1219 1319/616/1219
f 1320/618/1070 1316/619/1070 1315/617/1070
f 1315/617/1070 1319/616/1070 1320/618/1070
f 1317/615/1221 1313/614/1222 1316/619/1222
f 1316/619/1222 1320/618/1221 1317/615/1221
f 1322/620/885 1318/612/885 1317/615/885
f 1317/615/885 1321/621/885 1322/620/885
f 1323/622/1223 1319/616/1219 1318/612/1219
f 1318/612/1219 1322/620/1223 1323/622/1223
f 1324/623/1070 1320/618/1070 1319/616/1070
f 1319/616/1070 1323/622/1070 1324/623/1070
f 1321/621/1224 1317/615/1221 1320/618/1221
f 1320/618/1221 1324/623/1224 1321/621/1224
f 1326/624/885 1322/620/885 1321/621/885
f 1321/621/885 1325/625/885 1326/624/885
f 1327/626/1225 1323/622/1223 1322/620/1223
f 1322/620/1223 1326/624/1225 1327/626/1225
f 1328/627/1070 1324/623/1070 1323/622/1070
f 1323/622/1070 1327/626/1070 1328/627/1070
f 1325/625/1226 1321/621/1224 1324/623/1224
f 1324/623/1224 1328/627/1226 1325/625/1226
f 1330/628/885 1326/624/885 1325/625/885
f 1325/625/885 1329/629/885 1330/628/885
f 1331/630/1227 1327/626/1225 1326/624/1225
f 1326/624/1225 1330/628/1227 1331/630/1227
f 1332/631/1070 1328/627/1070 1327/626/1070
f 1327/626/1070 1331/630/1070 1332/631/1070
f 1329/629/1228 1325/625/1226 1328/627/1226
f 1328/627/1226 1332/631/1228 1329/629/1228
f 1334/632/885 1330/628/885 1329/629/885
f 1329/629/885 1333/633/885 1334/632/885
f 1335/634/1229 1331/630/1227 1330/628/1227
f 1330/628/1227 1334/632/1229 1335/634/1229
f 1336/635/1070 1332/631/1070 1331/630/1070
f 1331/630/1070 1335/634/1070 1336/635/1070
f 1333/633/1230 1329/629/1228 1332/631/1228
f 1332/631/1228 1336/635/1230 1333/633/1230
f 1338/636/885 1334/632/885 1333/633/885
f 1333/633/885 1337/637/885 1338/636/885
f 1339/638/1231 1335/634/1229 1334/632/1229
f 1334/632/1229 1338/636/1231 1339/638/1231
f 1340/639/1070 1336/635/1070 1335/634/1070
f 1335/634/1070 1339/638/1070 1340/639/1070
f 1337/637/1232 1333/633/1230 1336/635/1230
f 1336/635/1230 1340/639/1232 1337/637/1232
f 1342/640/885 1338/636/885 1337/637/885
f 1337/637/885 1341/641/885 1342/640/885
f 1343/642/1233 1339/638/1231 1338/636/1231
f 1338/636/1231 1342/640/1233 1343/642/1233
f 1344/643/1070 1340/639/1070 1339/638/1070
f 1339/638/1070 1343/642/1070 1344/643/1070
f 1341/641/1234 1337/637/1232 1340/639/1232
f 1340/639/1232 1344/643/1234 1341/641/1234
f 1346/644/885 1342/640/885 1341/641/885
f 1341/641/885 1345/645/885 1346/644/885
f 1347/646/1235 1343/642/1233 1342/640/1233
f 1342/640/1233 1346/644/1235 1347/646/1235
f 1348/647/1070 1344/643/1070 1343/642/1070
f 1343/642/1070 1347/646/1070 1348/647/1070
f 1345/645/1236 1341/641/1234 1344/643/1234
f 1344/643/1234 1348/647/1236 1345/645/1236
f 1350/648/885 1346/644/885 1345/645/885
f 1345/645/885 1349/649/885 1350/648/885
f 1351/650/1237 1347/646/1235 1346/644/1235
f 1346/644/1235 1350/648/1237 1351/650/1237
f 1352/651/1070 1348/647/1070 1347/646/1070
f 1347/646/1070 1351/650/1070 1352/651/1070
f 1349/649/1238 1345/645/1236 1348/647/1236
f 1348/647/1236 1352/651/1238 1349/649/1238
f 1354/652/885 1350/648/885 1349/649/885
f 1349/649/885 1353/653/885 1354/652/885
f 1355/654/1239 1351/650/1237 1350/648/1237
f 1350/648/1237 1354/652/1239 1355/654/1239
f 1356/655/1070 1352/651/1070 1351/650/1070
f 1351/650/1070 1355/654/1070 1356/655/1070
f 1353/653/1240 1349/649/1238 1352/651/1238
f 1352/651/1238 1356/655/1240 1353/653/1240
f 1315/617/1241 1316/619/1241 1313/614/1241
f 1313/614/1241 1314/613/1241 1315/617/1241
f 1353/653/1242 1356/655/1242 1355/654/1242
f 1355/654/1242 1354/652/1242 1353/653/1242
f 1357/656/885 1358/657/885 1359/658/885
f 1359/658/885 1360/659/885 1357/656/885
f 1358/657/885 1361/660/1243 1362/661/885
f 1362/661/885 1359/658/885 1358/657/885
f 1361/660/1243 1363/662/885 1364/663/885
f 1364/663/885 1362/661/885 1361/660/1243
f 1363/662/885 1365/664/885 1366/665/885
f 1366/665/885 1364/663/885 1363/662/885
f 1365/664/885 1367/666/885 1368/667/885
f 1368/667/885 1366/665/885 1365/664/885
f 1367/666/885 1369/668/885 1370/669/885
f 1370/669/885 1368/667/885 1367/666/885
f 1369/668/885 1371/670/885 1372/671/885
f 1372/671/885 1370/669/885 1369/668/885
f 1371/670/885 1373/672/885 1374/673/885
f 1374/673/885 1372/671/885 1371/670/885
f 1373/672/885 1375/674/1243 1376/675/885
f 1376/675/885 1374/673/885 1373/672/885
f 1375/674/1243 1377/676/1243 1378/677/1243
f 1378/677/1243 1376/675/885 1375/674/1243
f 1381/678/1070 1380/679/1070 1379/680/1070
f 1379/680/1070 1382/681/1070 1381/678/1070
f 1384/682/1070 1383/683/1070 1380/679/1070
f 1380/679/1070 1381/678/1070 1384/682/1070
f 1386/684/1070 1385/685/1070 1383/683/1070
f 1383/683/1070 1384/682/1070 1386/684/1070
f 1388/686/1070 1387/687/1070 1385/685/1070
f 1385/685/1070 1386/684/1070 1388/686/1070
f 1390/688/1070 1389/689/1070 1387/687/1070
f 1387/687/1070 1388/686/1070 1390/688/1070
f 1392/690/1070 1391/691/1070 1389/689/1070
f 1389/689/1070 1390/688/1070 1392/690/1070
f 1394/692/1070 1393/693/1070 1391/691/1070
f 1391/691/1070 1392/690/1070 1394/692/1070
f 1396/694/1070 1395/695/1070 1393/693/1070
f 1393/693/1070 1394/692/1070 1396/694/1070
f 1398/696/1070 1397/697/1070 1395/695/1070
f 1395/695/1070 1396/694/1070 1398/696/1070
f 1400/698/1244 1399/699/1244 1397/697/1070
f 1397/697/1070 1398/696/1070 1400/698/1244
f 1381/678/1245 1382/681/1246 1360/659/1246
f 1360/659/1246 1359/658/1245 1381/678/1245
f 1382/681/1247 1379/680/1247 1357/656/1247
f 1357/656/1247 1360/659/1247 1382/681/1247
f 1379/680/1248 1380/679/1249 1358/657/1249
f 1358/657/1249 1357/656/1248 1379/680/1248
f 1384/682/1250 1381/678/1245 1359/658/1245
f 1359/658/1245 1362/661/1250 1384/682/1250
f 1380/679/1249 1383/683/1251 1361/660/1251
f 1361/660/1251 1358/657/1249 1380/679/1249
f 1386/684/1252 1384/682/1250 1362/661/1250
f 1362/661/1250 1364/663/1252 1386/684/1252
f 1383/683/1251 1385/685/1253 1363/662/1253
f 1363/662/1253 1361/660/1251 1383/683/1251
f 1388/686/1254 1386/684/1252 1364/663/1252
f 1364/663/1252 1366/665/1254 1388/686/1254
f 1385/685/1253 1387/687/1255 1365/664/1255
f 1365/664/1255 1363/662/1253 1385/685/1253
f 1390/688/1256 1388/686/1254 1366/665/1254
f 1366/665/1254 1368/667/1256 1390/688/1256
f 1387/687/1255 1389/689/1257 1367/666/1257
f 1367/666/1257 1365/664/1255 1387/687/1255
f 1392/690/1258 1390/688/1256 1368/667/1256
f 1368/667/1256 1370/669/1259 1392/690/1258
f 1389/689/1257 1391/691/1260 1369/668/1260
f 1369/668/1260 1367/666/1257 1389/689/1257
f 1394/692/1261 1392/690/1258 1370/669/1259
f 1370/669/1259 1372/671/1261 1394/692/1261
f 1391/691/1260 1393/693/1262 1371/670/1262
f 1371/670/1262 1369/668/1260 1391/691/1260
f 1396/694/1263 1394/692/1261 1372/671/1261
f 1372/671/1261 1374/673/1263 1396/694/1263
f 1393/693/1262 1395/695/1264 1373/672/1264
f 1373/672/1264 1371/670/1262 1393/693/1262
f 1398/696/1265 1396/694/1263 1374/673/1263
f 1374/673/1263 1376/675/1265 1398/696/1265
f 1395/695/1264 1397/697/1266 1375/674/1266
f 1375/674/1266 1373/672/1264 1395/695/1264
f 1400/698/1267 1398/696/1265 1376/675/1265
f 1376/675/1265 1378/677/1267 1400/698/1267
f 1397/697/1266 1399/699/1268 1377/676/1268
f 1377/676/1268 1375/674/1266 1397/697/1266
f 1399/699/1269 1400/698/1269 1378/677/1269
f 1378/677/1269 1377/676/1269 1399/699/1269
f 1401/700/1270 1405/701/1271 1406/702/1272
f 1406/702/1272 1402/703/1273 1401/700/1270
f 1402/703/1274 1406/702/1275 1407/704/1275
f 1407/704/1275 1403/705/1274 1402/703/1274
f 1403/705/1276 1407/704/1277 1408/706/1278
f 1408/706/1278 1404/707/1279 1403/705/1276
f 1404/707/1280 1408/706/1281 1405/701/1281
f 1405/701/1281 1401/700/1280 1404/707/1280
f 1405/701/1271 1409/708/1282 1410/709/1283
f 1410/709/1283 1406/702/1272 1405/701/1271
f 1406/702/1275 1410/709/1284 1411/710/1284
f 1411/710/1284 1407/704/1275 1406/702/1275
f 1407/704/1277 1411/710/1285 1412/711/1286
f 1412/711/1286 1408/706/1278 1407/704/1277
f 1408/706/1281 1412/711/1287 1409/708/1287
f 1409/708/1287 1405/701/1281 1408/706/1281
f 1409/708/1282 1413/712/1288 1414/713/1289
f 1414/713/1289 1410/709/1283 1409/708/1282
f 1410/709/1284 1414/713/1290 1415/714/1290
f 1415/714/1290 1411/710/1284 1410/709/1284
f 1411/710/1285 1415/714/1291 1416/715/1292
f 1416/715/1292 1412/711/1286 1411/710/1285
f 1412/711/1287 1416/715/1293 1413/712/1293
f 1413/712/1293 1409/708/1287 1412/711/1287
f 1413/712/1288 1417/716/1294 1418/717/1295
f 1418/717/1295 1414/713/1289 1413/712/1288
f 1414/713/1290 1418/717/1296 1419/718/1297
f 1419/718/1297 1415/714/1290 1414/713/1290
f 1415/714/1291 1419/718/1298 1420/719/1299
f 1420/719/1299 1416/715/1292 1415/714/1291
f 1416/715/1293 1420/719/1300 1417/716/1300
f 1417/716/1300 1413/712/1293 1416/715/1293
f 1417/716/1294 1421/720/1301 1422/721/1301
f 1422/721/1301 1418/717/1295 1417/716/1294
f 1418/717/1296 1422/721/1302 1423/722/1302
f 1423/722/1302 1419/718/1297 1418/717/1296
f 1419/718/1298 1423/722/1303 1424/723/1304
f 1424/723/1304 1420/719/1299 1419/718/1298
f 1420/719/1300 1424/723/1305 1421/720/1305
f 1421/720/1305 1417/716/1300 1420/719/1300
f 1421/720/1301 1425/724/1306 1426/725/1307
f 1426/725/1307 1422/721/1301 1421/720/1301
f 1422/721/1302 1426/725/1308 1427/726/1308
f 1427/726/1308 1423/722/1302 1422/721/1302
f 1423/722/1303 1427/726/1309 1428/727/1310
f 1428/727/1310 1424/723/1304 1423/722/1303
f 1424/723/1305 1428/727/1311 1425/724/1311
f 1425/724/1311 1421/720/1305 1424/723/1305
f 1425/724/1306 1429/728/1312 1430/729/1313
f 1430/729/1313 1426/725/1307 1425/724/1306
f 1426/725/1308 1430/729/1314 1431/730/1314
f 1431/730/1314 1427/726/1308 1426/725/1308
f 1427/726/1309 1431/730/1315 1432/731/1316
f 1432/731/1316 1428/727/1310 1427/726/1309
f 1428/727/1311 1432/731/1317 1429/728/1317
f 1429/728/1317 1425/724/1311 1428/727/1311
f 1429/728/1312 1433/732/1318 1434/733/1319
f 1434/733/1319 1430/729/1313 1429/728/1312
f 1430/729/1314 1434/733/1263 1435/734/1263
f 1435/734/1263 1431/730/1314 1430/729/1314
f 1431/730/1315 1435/734/1320 1436/735/1321
f 1436/735/1321 1432/731/1316 1431/730/1315
f 1432/731/1317 1436/735/1322 1433/732/1322
f 1433/732/1322 1429/728/1317 1432/731/1317
f 1433/732/1318 1437/736/1323 1438/737/1324
f 1438/737/1324 1434/733/1319 1433/732/1318
f 1434/733/1263 1438/737/1325 1439/738/1325
f 1439/738/1325 1435/734/1263 1434/733/1263
f 1435/734/1320 1439/738/1326 1440/739/1327
f 1440/739/1327 1436/735/1321 1435/734/1320
f 1436/735/1322 1440/739/1328 1437/736/1328
f 1437/736/1328 1433/732/1322 1436/735/1322
f 1437/736/1323 1441/740/1329 1442/741/1330
f 1442/741/1330 1438/737/1324 1437/736/1323
f 1438/737/1325 1442/741/1331 1443/742/1331
f 1443/742/1331 1439/738/1325 1438/737/1325
f 1439/738/1326 1443/742/1332 1444/743/1333
f 1444/743/1333 1440/739/1327 1439/738/1326
f 1440/739/1328 1444/743/1334 1441/740/1334
f 1441/740/1334 1437/736/1328 1440/739/1328
f 1401/700/1335 1402/703/1335 1403/705/1335
f 1403/705/1335 1404/707/1335 1401/700/1335
f 1443/742/1336 1442/741/1336 1441/740/1336
f 1441/740/1336 1444/743/1336 1443/742/1336
f 1450/744/1070 1449/745/1070 1445/746/1070
f 1445/746/1070 1446/747/1070 1450/744/1070
f 1451/748/1337 1450/744/1337 1446/747/1338
f 1446/747/1338 1447/749/1338 1451/748/1337
f 1452/750/885 1451/748/885 1447/749/885
f 1447/749/885 1448/751/885 1452/750/885
f 1449/745/1339 1452/750/1339 1448/751/1340
f 1448/751/1340 1445/746/1340 1449/745/1339
f 1454/752/1070 1453/753/1070 1449/745/1070
f 1449/745/1070 1450/744/1070 1454/752/1070
f 1455/754/1251 1454/752/1251 1450/744/1337
f 1450/744/1337 1451/748/1337 1455/754/1251
f 1456/755/885 1455/754/885 1451/748/885
f 1451/748/885 1452/750/885 1456/755/885
f 1453/753/1250 1456/755/1250 1452/750/1339
f 1452/750/1339 1449/745/1339 1453/753/1250
f 1458/756/1070 1457/757/1070 1453/753/1070
f 1453/753/1070 1454/752/1070 1458/756/1070
f 1459/758/1253 1458/756/1253 1454/752/1251
f 1454/752/1251 1455/754/1251 1459/758/1253
f 1460/759/885 1459/758/885 1455/754/885
f 1455/754/885 1456/755/885 1460/759/885
f 1457/757/1252 1460/759/1252 1456/755/1250
f 1456/755/1250 1453/753/1250 1457/757/1252
f 1462/760/1070 1461/761/1070 1457/757/1070
f 1457/757/1070 1458/756/1070 1462/760/1070
f 1463/762/1255 1462/760/1255 1458/756/1253
f 1458/756/1253 1459/758/1253 1463/762/1255
f 1464/763/885 1463/762/885 1459/758/885
f 1459/758/885 1460/759/885 1464/763/885
f 1461/761/1254 1464/763/1254 1460/759/1252
f 1460/759/1252 1457/757/1252 1461/761/1254
f 1466/764/1070 1465/765/1070 1461/761/1070
f 1461/761/1070 1462/760/1070 1466/764/1070
f 1467/766/1257 1466/764/1257 1462/760/1255
f 1462/760/1255 1463/762/1255 1467/766/1257
f 1468/767/885 1467/766/885 1463/762/885
f 1463/762/885 1464/763/885 1468/767/885
f 1465/765/1256 1468/767/1256 1464/763/1254
f 1464/763/1254 1461/761/1254 1465/765/1256
f 1470/768/1070 1469/769/1070 1465/765/1070
f 1465/765/1070 1466/764/1070 1470/768/1070
f 1471/770/1260 1470/768/1260 1466/764/1257
f 1466/764/1257 1467/766/1257 1471/770/1260
f 1472/771/885 1471/770/885 1467/766/885
f 1467/766/885 1468/767/885 1472/771/885
f 1469/769/1258 1472/771/1258 1468/767/1256
f 1468/767/1256 1465/765/1256 1469/769/1258
f 1474/772/1070 1473/773/1070 1469/769/1070
f 1469/769/1070 1470/768/1070 1474/772/1070
f 1475/774/1262 1474/772/1262 1470/768/1260
f 1470/768/1260 1471/770/1260 1475/774/1262
f 1476/775/885 1475/774/885 1471/770/885
f 1471/770/885 1472/771/885 1476/775/885
f 1473/773/1261 1476/775/1261 1472/771/1258
f 1472/771/1258 1469/769/1258 1473/773/1261
f 1478/776/1070 1477/777/1070 1473/773/1070
f 1473/773/1070 1474/772/1070 1478/776/1070
f 1479/778/1341 1478/776/1264 1474/772/1262
f 1474/772/1262 1475/774/1262 1479/778/1341
f 1480/779/885 1479/778/885 1475/774/885
f 1475/774/885 1476/775/885 1480/779/885
f 1477/777/1342 1480/779/1263 1476/775/1261
f 1476/775/1261 1473/773/1261 1477/777/1342
f 1482/780/1070 1481/781/1070 1477/777/1070
f 1477/777/1070 1478/776/1070 1482/780/1070
f 1483/782/1343 1482/780/1343 1478/776/1264
f 1478/776/1264 1479/778/1341 1483/782/1343
f 1484/783/885 1483/782/885 1479/778/885
f 1479/778/885 1480/779/885 1484/783/885
f 1481/781/1344 1484/783/1344 1480/779/1263
f 1480/779/1263 1477/777/1342 1481/781/1344
f 1486/784/1070 1485/785/1070 1481/781/1070
f 1481/781/1070 1482/780/1070 1486/784/1070
f 1487/786/1345 1486/784/1345 1482/780/1343
f 1482/780/1343 1483/782/1343 1487/786/1345
f 1488/787/885 1487/786/885 1483/782/885
f 1483/782/885 1484/783/885 1488/787/885
f 1485/785/1346 1488/787/1346 1484/783/1344
f 1484/783/1344 1481/781/1344 1485/785/1346
f 1447/749/1347 1446/747/1347 1445/746/1347
f 1445/746/1347 1448/751/1347 1447/749/1347
f 1485/785/1348 1486/784/1348 1487/786/1348
f 1487/786/1348 1488/787/1348 1485/785/1348
f 1494/788/885 1490/789/885 1489/790/885
f 1489/790/885 1493/791/885 1494/788/885
f 1495/792/1349 1491/793/1350 1490/789/1350
f 1490/789/1350 1494/788/1349 1495/792/1349
f 1496/794/1070 1492/795/1070 1491/793/1070
f 1491/793/1070 1495/792/1070 1496/794/1070
f 1493/791/1351 1489/790/1352 1492/795/1352
f 1492/795/1352 1496/794/1351 1493/791/1351
f 1498/796/885 1494/788/885 1493/791/885
f 1493/791/885 1497/797/885 1498/796/885
f 1499/798/1353 1495/792/1349 1494/788/1349
f 1494/788/1349 1498/796/1353 1499/798/1353
f 1500/799/1070 1496/794/1070 1495/792/1070
f 1495/792/1070 1499/798/1070 1500/799/1070
f 1497/797/1354 1493/791/1351 1496/794/1351
f 1496/794/1351 1500/799/1354 1497/797/1354
f 1502/800/885 1498/796/885 1497/797/885
f 1497/797/885 1501/801/885 1502/800/885
f 1503/802/1355 1499/798/1353 1498/796/1353
f 1498/796/1353 1502/800/1355 1503/802/1355
f 1504/803/1070 1500/799/1070 1499/798/1070
f 1499/798/1070 1503/802/1070 1504/803/1070
f 1501/801/1356 1497/797/1354 1500/799/1354
f 1500/799/1354 1504/803/1356 1501/801/1356
f 1506/804/885 1502/800/885 1501/801/885
f 1501/801/885 1505/805/885 1506/804/885
f 1507/806/1357 1503/802/1355 1502/800/1355
f 1502/800/1355 1506/804/1357 1507/806/1357
f 1508/807/1070 1504/803/1070 1503/802/1070
f 1503/802/1070 1507/806/1070 1508/807/1070
f 1505/805/1358 1501/801/1356 1504/803/1356
f 1504/803/1356 1508/807/1358 1505/805/1358
f 1510/808/885 1506/804/885 1505/805/885
f 1505/805/885 1509/809/885 1510/808/885
f 1511/810/1359 1507/806/1357 1506/804/1357
f 1506/804/1357 1510/808/1359 1511/810/1359
f 1512/811/1070 1508/807/1070 1507/806/1070
f 1507/806/1070 1511/810/1070 1512/811/1070
f 1509/809/1360 1505/805/1358 1508/807/1358
f 1508/807/1358 1512/811/1360 1509/809/1360
f 1514/812/885 1510/808/885 1509/809/885
f 1509/809/885 1513/813/885 1514/812/885
f 1515/814/1361 1511/810/1359 1510/808/1359
f 1510/808/1359 1514/812/1361 1515/814/1361
f 1516/815/1070 1512/811/1070 1511/810/1070
f 1511/810/1070 1515/814/1070 1516/815/1070
f 1513/813/1362 1509/809/1360 1512/811/1360
f 1512/811/1360 1516/815/1362 1513/813/1362
f 1518/816/885 1514/812/885 1513/813/885
f 1513/813/885 1517/817/885 1518/816/885
f 1519/818/1363 1515/814/1361 1514/812/1361
f 1514/812/1361 1518/816/1363 1519/818/1363
f 1520/819/1070 1516/815/1070 1515/814/1070
f 1515/814/1070 1519/818/1070 1520/819/1070
f 1517/817/1364 1513/813/1362 1516/815/1362
f 1516/815/1362 1520/819/1364 1517/817/1364
f 1522/820/885 1518/816/885 1517/817/885
f 1517/817/885 1521/821/885 1522/820/885
f 1523/822/1365 1519/818/1363 1518/816/1363
f 1518/816/1363 1522/820/1365 1523/822/1365
f 1524/823/1070 1520/819/1070 1519/818/1070
f 1519/818/1070 1523/822/1070 1524/823/1070
f 1521/821/1366 1517/817/1364 1520/819/1364
f 1520/819/1364 1524/823/1366 1521/821/1366
f 1526/824/885 1522/820/885 1521/821/885
f 1521/821/885 1525/825/885 1526/824/885
f 1527/826/1367 1523/822/1365 1522/820/1365
f 1522/820/1365 1526/824/1367 1527/826/1367
f 1528/827/1070 1524/823/1070 1523/822/1070
f 1523/822/1070 1527/826/1070 1528/827/1070
f 1525/825/1368 1521/821/1366 1524/823/1366
f 1524/823/1366 1528/827/1368 1525/825/1368
f 1530/828/885 1526/824/885 1525/825/885
f 1525/825/885 1529/829/885 1530/828/885
f 1531/830/1369 1527/826/1367 1526/824/1367
f 1526/824/1367 1530/828/1369 1531/830/1369
f 1532/831/1070 1528/827/1070 1527/826/1070
f 1527/826/1070 1531/830/1070 1532/831/1070
f 1529/829/1370 1525/825/1368 1528/827/1368
f 1528/827/1368 1532/831/1370 1529/829/1370
f 1491/793/1371 1492/795/1371 1489/790/1371
f 1489/790/1371 1490/789/1371 1491/793/1371
f 1529/829/1372 1532/831/1372 1531/830/1372
f 1531/830/1372 1530/828/1372 1529/829/1372
f 1568/554/1373 1571/555/1374 1541/556/1070
f 1541/556/1070 1545/557/1070 1568/554/1373
f 1581/558/1375 1555/559/885 1559/560/885
f 1559/560/885 1578/561/1376 1581/558/1375
f 1567/562/1377 1565/563/1377 1569/564/1377
f 1569/564/1377 1568/565/1377 1545/559/1378
f 1545/559/1378 1555/566/1378 1581/567/1377
f 1569/564/1377 1545/559/1378 1581/567/1377
f 1581/567/1377 1582/568/1377 1580/569/1377
f 1580/569/1377 1584/570/1377 1583/571/1377
f 1581/567/1377 1580/569/1377 1583/571/1377
f 1569/564/1377 1581/567/1377 1583/571/1377
f 1567/562/1377 1569/564/1377 1583/571/1377
f 1566/572/1377 1567/562/1377 1583/571/1377
f 1533/563/1379 1534/573/1379 1536/574/1379
f 1536/574/1379 1535/569/1379 1533/563/1379
f 1538/575/1380 1562/576/1380 1536/569/1381
f 1536/569/1381 1534/563/1381 1538/575/1380
f 1566/577/1382 1583/578/1383 1576/571/1384
f 1576/571/1384 1573/572/1385 1566/577/1382
f 1534/569/1070 1533/563/1070 1548/575/1070
f 1548/575/1070 1538/576/1070 1534/569/1070
f 1535/573/885 1536/574/885 1562/579/885
f 1562/579/885 1552/580/885 1535/573/885
f 1533/573/1386 1535/574/1386 1552/579/1387
f 1552/579/1387 1548/580/1387 1533/573/1386
f 1571/581/1388 1572/582/1388 1570/573/1388
f 1570/573/1388 1574/583/1388 1573/577/1388
f 1573/577/1388 1576/578/1388 1577/584/1388
f 1570/573/1388 1573/577/1388 1577/584/1388
f 1577/584/1388 1575/574/1388 1579/585/1388
f 1579/585/1388 1578/555/1388 1559/556/1389
f 1577/584/1388 1579/585/1388 1559/556/1389
f 1570/573/1388 1577/584/1388 1559/556/1389
f 1571/581/1388 1570/573/1388 1559/556/1389
f 1541/586/1389 1571/581/1388 1559/556/1389
f 1545/557/1070 1541/556/1070 1542/587/1070
f 1542/587/1070 1546/588/1070 1545/557/1070
f 1546/588/1070 1542/587/1070 1543/589/1070
f 1543/589/1070 1547/590/1070 1546/588/1070
f 1547/590/1070 1543/589/1070 1537/591/1070
f 1537/591/1070 1544/592/1070 1547/590/1070
f 1559/560/885 1555/559/885 1556/593/885
f 1556/593/885 1560/594/885 1559/560/885
f 1560/594/885 1556/593/885 1557/595/885
f 1557/595/885 1561/596/885 1560/594/885
f 1561/596/885 1557/595/885 1551/592/885
f 1551/592/885 1558/591/885 1561/596/885
f 1555/566/1378 1545/559/1378 1546/593/1390
f 1546/593/1390 1556/597/1390 1555/566/1378
f 1556/597/1390 1546/593/1390 1547/595/1391
f 1547/595/1391 1557/598/1391 1556/597/1390
f 1557/598/1391 1547/595/1391 1544/592/1392
f 1544/592/1392 1551/591/1392 1557/598/1391
f 1562/576/1380 1538/575/1380 1539/599/1393
f 1539/599/1393 1563/600/1393 1562/576/1380
f 1563/600/1393 1539/599/1393 1540/601/1394
f 1540/601/1394 1564/602/1394 1563/600/1393
f 1564/602/1394 1540/601/1394 1537/592/1395
f 1537/592/1395 1558/591/1395 1564/602/1394
f 1538/576/1070 1548/575/1070 1549/599/1070
f 1549/599/1070 1539/600/1070 1538/576/1070
f 1539/600/1070 1549/599/1070 1550/601/1070
f 1550/601/1070 1540/602/1070 1539/600/1070
f 1540/602/1070 1550/601/1070 1544/592/1070
f 1544/592/1070 1537/591/1070 1540/602/1070
f 1552/580/885 1562/579/885 1563/603/885
f 1563/603/885 1553/604/885 1552/580/885
f 1553/604/885 1563/603/885 1564/605/885
f 1564/605/885 1554/606/885 1553/604/885
f 1554/606/885 1564/605/885 1558/591/885
f 1558/591/885 1551/592/885 1554/606/885
f 1548/580/1387 1552/579/1387 1553/603/1396
f 1553/603/1396 1549/604/1396 1548/580/1387
f 1549/604/1396 1553/603/1396 1554/605/1397
f 1554/605/1397 1550/606/1397 1549/604/1396
f 1550/606/1397 1554/605/1397 1551/591/1392
f 1551/591/1392 1544/592/1392 1550/606/1397
f 1541/586/1389 1559/556/1389 1560/587/1398
f 1560/587/1398 1542/607/1398 1541/586/1389
f 1542/607/1398 1560/587/1398 1561/589/1399
f 1561/589/1399 1543/608/1399 1542/607/1398
f 1543/608/1399 1561/589/1399 1558/591/1395
f 1558/591/1395 1537/592/1395 1543/608/1399
f 1571/555/1374 1568/554/1373 1569/609/1400
f 1569/609/1400 1572/585/1401 1571/555/1374
f 1572/585/1401 1569/609/1400 1565/573/1402
f 1565/573/1402 1570/574/1403 1572/585/1401
f 1581/558/1375 1578/561/1376 1579/610/1404
f 1579/610/1404 1582/611/1405 1581/558/1375
f 1582/611/1405 1579/610/1404 1575/569/1406
f 1575/569/1406 1580/563/1407 1582/611/1405
f 1566/577/1382 1573/572/1385 1574/562/1408
f 1574/562/1408 1567/583/1409 1566/577/1382
f 1567/583/1409 1574/562/1408 1570/563/1403
f 1570/563/1403 1565/573/1402 1567/583/1409
f 1576/571/1384 1583/578/1383 1584/584/1410
f 1584/584/1410 1577/570/1411 1576/571/1384
f 1577/570/1411 1584/584/1410 1580/574/1407
f 1580/574/1407 1575/569/1406 1577/570/1411
f 1585/554/1373 1586/555/1374 1587/556/1070
f 1587/556/1070 1588/557/1070 1585/554/1373
f 1589/558/1375 1590/559/885 1591/560/885
f 1591/560/885 1592/561/1376 1589/558/1375
f 1594/562/1412 1595/563/1413 1596/564/1414
f 1596/564/1414 1585/565/1377 1588/559/1378
f 1588/559/1378 1590/566/1378 1589/567/1415
f 1596/564/1414 1588/559/1378 1589/567/1415
f 1589/567/1415 1597/568/1377 1598/569/1416
f 1598/569/1416 1599/570/1417 1600/571/1418
f 1589/567/1415 1598/569/1416 1600/571/1418
f 1596/564/1414 1589/567/1415 1600/571/1418
f 1594/562/1412 1596/564/1414 1600/571/1418
f 1593/572/1377 1594/562/1412 1600/571/1418
f 1601/563/1379 1602/573/1379 1603/574/1379
f 1603/574/1379 1604/569/1379 1601/563/1379
f 1605/575/1380 1606/576/1380 1603/569/1381
f 1603/569/1381 1602/563/1381 1605/575/1380
f 1593/577/1382 1600/578/1383 1608/571/1384
f 1608/571/1384 1607/572/1385 1593/577/1382
f 1602/569/1070 1601/563/1070 1609/575/1070
f 1609/575/1070 1605/576/1070 1602/569/1070
f 1604/573/885 1603/574/885 1606/579/885
f 1606/579/885 1610/580/885 1604/573/885
f 1601/573/1386 1604/574/1386 1610/579/1387
f 1610/579/1387 1609/580/1387 1601/573/1386
f 1586/581/1388 1611/582/1388 1612/573/1419
f 1612/573/1419 1613/583/1420 1607/577/1421
f 1607/577/1421 1608/578/1388 1614/584/1422
f 1612/573/1419 1607/577/1421 1614/584/1422
f 1614/584/1422 1615/574/1423 1616/585/1424
f 1616/585/1424 1592/555/1388 1591/556/1425
f 1614/584/1422 1616/585/1424 1591/556/1425
f 1612/573/1419 1614/584/1422 1591/556/1425
f 1586/581/1388 1612/573/1419 1591/556/1425
f 1587/586/1389 1586/581/1388 1591/556/1425
f 1588/557/1070 1587/556/1070 1617/587/1070
f 1617/587/1070 1618/588/1070 1588/557/1070
f 1618/588/1070 1617/587/1070 1619/589/1070
f 1619/589/1070 1620/590/1070 1618/588/1070
f 1620/590/1070 1619/589/1070 1621/591/1070
f 1621/591/1070 1622/592/1070 1620/590/1070
f 1591/560/885 1590/559/885 1623/593/885
f 1623/593/885 1624/594/885 1591/560/885
f 1624/594/885 1623/593/885 1625/595/885
f 1625/595/885 1626/596/885 1624/594/885
f 1626/596/885 1625/595/885 1627/592/885
f 1627/592/885 1628/591/885 1626/596/885
f 1590/566/1378 1588/559/1378 1618/593/1390
f 1618/593/1390 1623/597/1390 1590/566/1378
f 1623/597/1390 1618/593/1390 1620/595/1391
f 1620/595/1391 1625/598/1391 1623/597/1390
f 1625/598/1391 1620/595/1391 1622/592/1392
f 1622/592/1392 1627/591/1392 1625/598/1391
f 1606/576/1380 1605/575/1380 1629/599/1393
f 1629/599/1393 1630/600/1393 1606/576/1380
f 1630/600/1393 1629/599/1393 1631/601/1394
f 1631/601/1394 1632/602/1394 1630/600/1393
f 1632/602/1394 1631/601/1394 1621/592/1395
f 1621/592/1395 1628/591/1395 1632/602/1394
f 1605/576/1070 1609/575/1070 1633/599/1070
f 1633/599/1070 1629/600/1070 1605/576/1070
f 1629/600/1070 1633/599/1070 1634/601/1070
f 1634/601/1070 1631/602/1070 1629/600/1070
f 1631/602/1070 1634/601/1070 1622/592/1070
f 1622/592/1070 1621/591/1070 1631/602/1070
f 1610/580/885 1606/579/885 1630/603/885
f 1630/603/885 1635/604/885 1610/580/885
f 1635/604/885 1630/603/885 1632/605/885
f 1632/605/885 1636/606/885 1635/604/885
f 1636/606/885 1632/605/885 1628/591/885
f 1628/591/885 1627/592/885 1636/606/885
f 1609/580/1387 1610/579/1387 1635/603/1396
f 1635/603/1396 1633/604/1396 1609/580/1387
f 1633/604/1396 1635/603/1396 1636/605/1397
f 1636/605/1397 1634/606/1397 1633/604/1396
f 1634/606/1397 1636/605/1397 1627/591/1392
f 1627/591/1392 1622/592/1392 1634/606/1397
f 1587/586/1389 1591/556/1425 1624/587/1398
f 1624/587/1398 1617/607/1398 1587/586/1389
f 1617/607/1398 1624/587/1398 1626/589/1399
f 1626/589/1399 1619/608/1399 1617/607/1398
f 1619/608/1399 1626/589/1399 1628/591/1395
f 1628/591/1395 1621/592/1395 1619/608/1399
f 1586/555/1374 1585/554/1373 1596/609/1400
f 1596/609/1400 1611/585/1401 1586/555/1374
f 1611/585/1401 1596/609/1400 1595/573/1426
f 1595/573/1426 1612/574/1427 1611/585/1401
f 1589/558/1375 1592/561/1376 1616/610/1404
f 1616/610/1404 1597/611/1405 1589/558/1375
f 1597/611/1405 1616/610/1404 1615/569/1428
f 1615/569/1428 1598/563/1429 1597/611/1405
f 1593/577/1382 1607/572/1385 1613/562/1430
f 1613/562/1430 1594/583/1431 1593/577/1382
f 1594/583/1431 1613/562/1430 1612/563/1427
f 1612/563/1427 1595/573/1426 1594/583/1431
f 1608/571/1384 1600/578/1383 1599/584/1432
f 1599/584/1432 1614/570/1433 1608/571/1384
f 1614/570/1433 1599/584/1432 1598/574/1429
f 1598/574/1429 1615/569/1428 1614/570/1433
f 1672/554/1373 1675/555/1374 1645/556/1070
f 1645/556/1070 1649/557/1070 1672/554/1373
f 1685/558/1375 1659/559/885 1663/560/885
f 1663/560/885 1682/561/1376 1685/558/1375
f 1671/562/1377 1669/563/1377 1673/564/1377
f 1673/564/1377 1672/565/1377 1649/559/1378
f 1649/559/1378 1659/566/1378 1685/567/1377
f 1673/564/1377 1649/559/1378 1685/567/1377
f 1685/567/1377 1686/568/1377 1684/569/1377
f 1684/569/1377 1688/570/1377 1687/571/1377
f 1685/567/1377 1684/569/1377 1687/571/1377
f 1673/564/1377 1685/567/1377 1687/571/1377
f 1671/562/1377 1673/564/1377 1687/571/1377
f 1670/572/1377 1671/562/1377 1687/571/1377
f 1637/563/1379 1638/573/1379 1640/574/1379
f 1640/574/1379 1639/569/1379 1637/563/1379
f 1642/575/1434 1666/576/1434 1640/569/1435
f 1640/569/1435 1638/563/1435 1642/575/1434
f 1670/577/1382 1687/578/1383 1680/571/1384
f 1680/571/1384 1677/572/1385 1670/577/1382
f 1638/569/1070 1637/563/1070 1652/575/1070
f 1652/575/1070 1642/576/1070 1638/569/1070
f 1639/573/885 1640/574/885 1666/579/885
f 1666/579/885 1656/580/885 1639/573/885
f 1637/573/1436 1639/574/1436 1656/579/1437
f 1656/579/1437 1652/580/1437 1637/573/1436
f 1675/581/1388 1676/582/1388 1674/573/1388
f 1674/573/1388 1678/583/1388 1677/577/1388
f 1677/577/1388 1680/578/1388 1681/584/1388
f 1674/573/1388 1677/577/1388 1681/584/1388
f 1681/584/1388 1679/574/1388 1683/585/1388
f 1683/585/1388 1682/555/1388 1663/556/1389
f 1681/584/1388 1683/585/1388 1663/556/1389
f 1674/573/1388 1681/584/1388 1663/556/1389
f 1675/581/1388 1674/573/1388 1663/556/1389
f 1645/586/1389 1675/581/1388 1663/556/1389
f 1649/557/1070 1645/556/1070 1646/587/1070
f 1646/587/1070 1650/588/1070 1649/557/1070
f 1650/588/1070 1646/587/1070 1647/589/1070
f 1647/589/1070 1651/590/1070 1650/588/1070
f 1651/590/1070 1647/589/1070 1641/591/1070
f 1641/591/1070 1648/592/1070 1651/590/1070
f 1663/560/885 1659/559/885 1660/593/885
f 1660/593/885 1664/594/885 1663/560/885
f 1664/594/885 1660/593/885 1661/595/885
f 1661/595/885 1665/596/885 1664/594/885
f 1665/596/885 1661/595/885 1655/592/885
f 1655/592/885 1662/591/885 1665/596/885
f 1659/566/1378 1649/559/1378 1650/593/1390
f 1650/593/1390 1660/597/1390 1659/566/1378
f 1660/597/1390 1650/593/1390 1651/595/1391
f 1651/595/1391 1661/598/1391 1660/597/1390
f 1661/598/1391 1651/595/1391 1648/592/1392
f 1648/592/1392 1655/591/1392 1661/598/1391
f 1666/576/1434 1642/575/1434 1643/599/1393
f 1643/599/1393 1667/600/1393 1666/576/1434
f 1667/600/1393 1643/599/1393 1644/601/1394
f 1644/601/1394 1668/602/1394 1667/600/1393
f 1668/602/1394 1644/601/1394 1641/592/1395
f 1641/592/1395 1662/591/1395 1668/602/1394
f 1642/576/1070 1652/575/1070 1653/599/1070
f 1653/599/1070 1643/600/1070 1642/576/1070
f 1643/600/1070 1653/599/1070 1654/601/1070
f 1654/601/1070 1644/602/1070 1643/600/1070
f 1644/602/1070 1654/601/1070 1648/592/1070
f 1648/592/1070 1641/591/1070 1644/602/1070
f 1656/580/885 1666/579/885 1667/603/885
f 1667/603/885 1657/604/885 1656/580/885
f 1657/604/885 1667/603/885 1668/605/885
f 1668/605/885 1658/606/885 1657/604/885
f 1658/606/885 1668/605/885 1662/591/885
f 1662/591/885 1655/592/885 1658/606/885
f 1652/580/1437 1656/579/1437 1657/603/1396
f 1657/603/1396 1653/604/1396 1652/580/1437
f 1653/604/1396 1657/603/1396 1658/605/1397
f 1658/605/1397 1654/606/1397 1653/604/1396
f 1654/606/1397 1658/605/1397 1655/591/1392
f 1655/591/1392 1648/592/1392 1654/606/1397
f 1645/586/1389 1663/556/1389 1664/587/1398
f 1664/587/1398 1646/607/1398 1645/586/1389
f 1646/607/1398 1664/587/1398 1665/589/1399
f 1665/589/1399 1647/608/1399 1646/607/1398
f 1647/608/1399 1665/589/1399 1662/591/1395
f 1662/591/1395 1641/592/1395 1647/608/1399
f 1675/555/1374 1672/554/1373 1673/609/1400
f 1673/609/1400 1676/585/1401 1675/555/1374
f 1676/585/1401 1673/609/1400 1669/573/1402
f 1669/573/1402 1674/574/1403 1676/585/1401
f 1685/558/1375 1682/561/1376 1683/610/1404
f 1683/610/1404 1686/611/1405 1685/558/1375
f 1686/611/1405 1683/610/1404 1679/569/1406
f 1679/569/1406 1684/563/1407 1686/611/1405
f 1670/577/1382 1677/572/1385 1678/562/1408
f 1678/562/1408 1671/583/1409 1670/577/1382
f 1671/583/1409 1678/562/1408 1674/563/1403
f 1674/563/1403 1669/573/1402 1671/583/1409
f 1680/571/1384 1687/578/1383 1688/584/1410
f 1688/584/1410 1681/570/1411 1680/571/1384
f 1681/570/1411 1688/584/1410 1684/574/1407
f 1684/574/1407 1679/569/1406 1681/570/1411
f 1724/554/1373 1727/555/1374 1697/556/1070
f 1697/556/1070 1701/557/1070 1724/554/1373
f 1737/558/1375 1711/559/885 1715/560/885
f 1715/560/885 1734/561/1376 1737/558/1375
f 1723/562/1377 1721/563/1377 1725/564/1377
f 1725/564/1377 1724/565/1377 1701/559/1378
f 1701/559/1378 1711/566/1378 1737/567/1377
f 1725/564/1377 1701/559/1378 1737/567/1377
f 1737/567/1377 1738/568/1377 1736/569/1377
f 1736/569/1377 1740/570/1377 1739/571/1377
f 1737/567/1377 1736/569/1377 1739/571/1377
f 1725/564/1377 1737/567/1377 1739/571/1377
f 1723/562/1377 1725/564/1377 1739/571/1377
f 1722/572/1377 1723/562/1377 1739/571/1377
f 1689/563/1379 1690/573/1379 1692/574/1379
f 1692/574/1379 1691/569/1379 1689/563/1379
f 1694/575/1438 1718/576/1438 1692/569/1439
f 1692/569/1439 1690/563/1439 1694/575/1438
f 1722/577/1382 1739/578/1383 1732/571/1384
f 1732/571/1384 1729/572/1385 1722/577/1382
f 1690/569/1070 1689/563/1070 1704/575/1070
f 1704/575/1070 1694/576/1070 1690/569/1070
f 1691/573/885 1692/574/885 1718/579/885
f 1718/579/885 1708/580/885 1691/573/885
f 1689/573/1440 1691/574/1440 1708/579/1441
f 1708/579/1441 1704/580/1441 1689/573/1440
f 1727/581/1388 1728/582/1388 1726/573/1388
f 1726/573/1388 1730/583/1388 1729/577/1388
f 1729/577/1388 1732/578/1388 1733/584/1388
f 1726/573/1388 1729/577/1388 1733/584/1388
f 1733/584/1388 1731/574/1388 1735/585/1388
f 1735/585/1388 1734/555/1388 1715/556/1389
f 1733/584/1388 1735/585/1388 1715/556/1389
f 1726/573/1388 1733/584/1388 1715/556/1389
f 1727/581/1388 1726/573/1388 1715/556/1389
f 1697/586/1389 1727/581/1388 1715/556/1389
f 1701/557/1070 1697/556/1070 1698/587/1070
f 1698/587/1070 1702/588/1070 1701/557/1070
f 1702/588/1070 1698/587/1070 1699/589/1070
f 1699/589/1070 1703/590/1070 1702/588/1070
f 1703/590/1070 1699/589/1070 1693/591/1070
f 1693/591/1070 1700/592/885 1703/590/1070
f 1715/560/885 1711/559/885 1712/593/885
f 1712/593/885 1716/594/885 1715/560/885
f 1716/594/885 1712/593/885 1713/595/885
f 1713/595/885 1717/596/885 1716/594/885
f 1717/596/885 1713/595/885 1707/592/885
f 1707/592/885 1714/591/885 1717/596/885
f 1711/566/1378 1701/559/1378 1702/593/1390
f 1702/593/1390 1712/597/1390 1711/566/1378
f 1712/597/1390 1702/593/1390 1703/595/1442
f 1703/595/1442 1713/598/1443 1712/597/1390
f 1713/598/1443 1703/595/1442 1700/592/1444
f 1700/592/1444 1707/591/1445 1713/598/1443
f 1718/576/1438 1694/575/1438 1695/599/1393
f 1695/599/1393 1719/600/1393 1718/576/1438
f 1719/600/1393 1695/599/1393 1696/601/1394
f 1696/601/1394 1720/602/1394 1719/600/1393
f 1720/602/1394 1696/601/1394 1693/592/1395
f 1693/592/1395 1714/591/1395 1720/602/1394
f 1694/576/1070 1704/575/1070 1705/599/1070
f 1705/599/1070 1695/600/1070 1694/576/1070
f 1695/600/1070 1705/599/1070 1706/601/1070
f 1706/601/1070 1696/602/1070 1695/600/1070
f 1696/602/1070 1706/601/1070 1700/592/885
f 1700/592/885 1693/591/1070 1696/602/1070
f 1708/580/885 1718/579/885 1719/603/885
f 1719/603/885 1709/604/885 1708/580/885
f 1709/604/885 1719/603/885 1720/605/885
f 1720/605/885 1710/606/885 1709/604/885
f 1710/606/885 1720/605/885 1714/591/885
f 1714/591/885 1707/592/885 1710/606/885
f 1704/580/1441 1708/579/1441 1709/603/1396
f 1709/603/1396 1705/604/1396 1704/580/1441
f 1705/604/1396 1709/603/1396 1710/605/1397
f 1710/605/1397 1706/606/1446 1705/604/1396
f 1706/606/1446 1710/605/1397 1707/591/1445
f 1707/591/1445 1700/592/1444 1706/606/1446
f 1697/586/1389 1715/556/1389 1716/587/1398
f 1716/587/1398 1698/607/1398 1697/586/1389
f 1698/607/1398 1716/587/1398 1717/589/1399
f 1717/589/1399 1699/608/1399 1698/607/1398
f 1699/608/1399 1717/589/1399 1714/591/1395
f 1714/591/1395 1693/592/1395 1699/608/1399
f 1727/555/1374 1724/554/1373 1725/609/1400
f 1725/609/1400 1728/585/1401 1727/555/1374
f 1728/585/1401 1725/609/1400 1721/573/1402
f 1721/573/1402 1726/574/1403 1728/585/1401
f 1737/558/1375 1734/561/1376 1735/610/1404
f 1735/610/1404 1738/611/1405 1737/558/1375
f 1738/611/1405 1735/610/1404 1731/569/1406
f 1731/569/1406 1736/563/1407 1738/611/1405
f 1722/577/1382 1729/572/1385 1730/562/1408
f 1730/562/1408 1723/583/1409 1722/577/1382
f 1723/583/1409 1730/562/1408 1726/563/1403
f 1726/563/1403 1721/573/1402 1723/583/1409
f 1732/571/1384 1739/578/1383 1740/584/1410
f 1740/584/1410 1733/570/1411 1732/571/1384
f 1733/570/1411 1740/584/1410 1736/574/1407
f 1736/574/1407 1731/569/1406 1733/570/1411
f 1741/342/1184 1742/341/1447 1777/237/1447
f 1777/237/1447 1778/236/1184 1741/342/1184
f 1742/341/1447 1743/346/1448 1779/240/1448
f 1779/240/1448 1777/237/1447 1742/341/1447
f 1743/346/1448 1744/350/1449 1780/242/1449
f 1780/242/1449 1779/240/1448 1743/346/1448
f 1744/350/1449 1745/354/1450 1781/244/1450
f 1781/244/1450 1780/242/1449 1744/350/1449
f 1745/359/1450 1746/358/1451 1782/247/1452
f 1782/247/1452 1781/246/1450 1745/359/1450
f 1746/358/1451 1747/364/1453 1783/250/1453
f 1783/250/1453 1782/247/1452 1746/358/1451
f 1747/364/1453 1748/368/1454 1784/252/1454
f 1784/252/1454 1783/250/1453 1747/364/1453
f 1748/368/1454 1749/832/1455 1785/254/1455
f 1785/254/1455 1784/252/1454 1748/368/1454
f 1749/832/1455 1750/378/1456 1786/256/1456
f 1786/256/1456 1785/254/1455 1749/832/1455
f 1750/378/1456 1751/833/1457 1787/258/1457
f 1787/258/1457 1786/256/1456 1750/378/1456
f 1751/833/1457 1752/834/1458 1788/260/1458
f 1788/260/1458 1787/258/1457 1751/833/1457
f 1752/834/1458 1753/835/1459 1789/262/1459
f 1789/262/1459 1788/260/1458 1752/834/1458
f 1753/835/1459 1754/361/1460 1790/264/1460
f 1790/264/1460 1789/262/1459 1753/835/1459
f 1754/361/1460 1755/356/1461 1791/266/1461
f 1791/266/1461 1790/264/1460 1754/361/1460
f 1755/356/1461 1756/352/1462 1792/268/1462
f 1792/268/1462 1791/266/1461 1755/356/1461
f 1756/352/1462 1757/348/1463 1793/270/1463
f 1793/270/1463 1792/268/1462 1756/352/1462
f 1757/348/1463 1758/344/1464 1794/272/1464
f 1794/272/1464 1793/270/1463 1757/348/1463
f 1758/344/1464 1741/342/1184 1778/236/1184
f 1778/236/1184 1794/272/1464 1758/344/1464
f 1762/349/1190 1761/345/1190 1760/340/1190
f 1760/340/1190 1759/339/1190 1776/343/1190
f 1776/343/1190 1775/347/1190 1774/351/1190
f 1760/340/1190 1776/343/1190 1774/351/1190
f 1762/349/1190 1760/340/1190 1774/351/1190
f 1774/351/1190 1773/355/1190 1772/362/1190
f 1772/362/1190 1771/836/1190 1770/837/1190
f 1774/351/1190 1772/362/1190 1770/837/1190
f 1762/349/1190 1774/351/1190 1770/837/1190
f 1770/837/1190 1769/838/1190 1768/377/1190
f 1768/377/1190 1767/839/1190 1766/367/1190
f 1770/837/1190 1768/377/1190 1766/367/1190
f 1762/349/1190 1770/837/1190 1766/367/1190
f 1766/367/1190 1765/363/1190 1764/357/1190
f 1762/349/1190 1766/367/1190 1764/357/1190
f 1762/349/1190 1764/357/1190 1763/360/1190
f 1831/237/1457 1796/341/1457 1795/342/1456
f 1795/342/1456 1832/236/1456 1831/237/1457
f 1833/240/1458 1797/346/1458 1796/341/1457
f 1796/341/1457 1831/237/1457 1833/240/1458
f 1834/242/1459 1798/350/1459 1797/346/1458
f 1797/346/1458 1833/240/1458 1834/242/1459
f 1835/244/1460 1799/354/1460 1798/350/1459
f 1798/350/1459 1834/242/1459 1835/244/1460
f 1836/247/1461 1800/358/1461 1799/359/1460
f 1799/359/1460 1835/246/1460 1836/247/1461
f 1837/250/1462 1801/364/1462 1800/358/1461
f 1800/358/1461 1836/247/1461 1837/250/1462
f 1838/252/1463 1802/368/1463 1801/364/1462
f 1801/364/1462 1837/250/1462 1838/252/1463
f 1839/254/1464 1803/832/1464 1802/368/1463
f 1802/368/1463 1838/252/1463 1839/254/1464
f 1840/256/1184 1804/378/1184 1803/832/1464
f 1803/832/1464 1839/254/1464 1840/256/1184
f 1841/258/1447 1805/833/1447 1804/378/1184
f 1804/378/1184 1840/256/1184 1841/258/1447
f 1842/260/1448 1806/834/1448 1805/833/1447
f 1805/833/1447 1841/258/1447 1842/260/1448
f 1843/262/1449 1807/835/1449 1806/834/1448
f 1806/834/1448 1842/260/1448 1843/262/1449
f 1844/264/1450 1808/361/1450 1807/835/1449
f 1807/835/1449 1843/262/1449 1844/264/1450
f 1845/266/1451 1809/356/1451 1808/361/1450
f 1808/361/1450 1844/264/1450 1845/266/1451
f 1846/268/1453 1810/352/1453 1809/356/1451
f 1809/356/1451 1845/266/1451 1846/268/1453
f 1847/270/1454 1811/348/1454 1810/352/1453
f 1810/352/1453 1846/268/1453 1847/270/1454
f 1848/272/1455 1812/344/1455 1811/348/1454
f 1811/348/1454 1847/270/1454 1848/272/1455
f 1832/236/1456 1795/342/1456 1812/344/1455
f 1812/344/1455 1848/272/1455 1832/236/1456
f 1814/340/296 1815/345/296 1816/349/296
f 1816/349/296 1817/360/296 1818/357/296
f 1818/357/296 1819/363/296 1820/367/296
f 1816/349/296 1818/357/296 1820/367/296
f 1820/367/296 1821/839/296 1822/377/296
f 1822/377/296 1823/838/296 1824/837/296
f 1820/367/296 1822/377/296 1824/837/296
f 1816/349/296 1820/367/296 1824/837/296
f 1824/837/296 1825/836/296 1826/362/296
f 1826/362/296 1827/355/296 1828/351/296
f 1824/837/296 1826/362/296 1828/351/296
f 1816/349/296 1824/837/296 1828/351/296
f 1814/340/296 1816/349/296 1828/351/296
f 1828/351/296 1829/347/296 1830/343/296
f 1814/340/296 1828/351/296 1830/343/296
f 1814/340/296 1830/343/296 1813/339/296
f 1831/237/296 1832/236/296 1778/236/296
f 1778/236/296 1777/237/296 1831/237/296
f 1795/342/1190 1796/341/1190 1742/341/1190
f 1742/341/1190 1741/342/1190 1795/342/1190
f 1833/240/296 1831/237/296 1777/237/296
f 1777/237/296 1779/240/296 1833/240/296
f 1796/341/1190 1797/346/1190 1743/346/1190
f 1743/346/1190 1742/341/1190 1796/341/1190
f 1834/242/296 1833/240/296 1779/240/296
f 1779/240/296 1780/242/296 1834/242/296
f 1797/346/1190 1798/350/1190 1744/350/1190
f 1744/350/1190 1743/346/1190 1797/346/1190
f 1835/244/296 1834/242/296 1780/242/296
f 1780/242/296 1781/244/296 1835/244/296
f 1798/350/1190 1799/354/1190 1745/354/1190
f 1745/354/1190 1744/350/1190 1798/350/1190
f 1836/247/296 1835/246/296 1781/246/296
f 1781/246/296 1782/247/296 1836/247/296
f 1799/359/1190 1800/358/1190 1746/358/1190
f 1746/358/1190 1745/359/1190 1799/359/1190
f 1837/250/296 1836/247/296 1782/247/296
f 1782/247/296 1783/250/296 1837/250/296
f 1800/358/1190 1801/364/1190 1747/364/1190
f 1747/364/1190 1746/358/1190 1800/358/1190
f 1838/252/296 1837/250/296 1783/250/296
f 1783/250/296 1784/252/296 1838/252/296
f 1801/364/1190 1802/368/1190 1748/368/1190
f 1748/368/1190 1747/364/1190 1801/364/1190
f 1839/254/296 1838/252/296 1784/252/296
f 1784/252/296 1785/254/296 1839/254/296
f 1802/368/1190 1803/832/1190 1749/832/1190
f 1749/832/1190 1748/368/1190 1802/368/1190
f 1840/256/296 1839/254/296 1785/254/296
f 1785/254/296 1786/256/296 1840/256/296
f 1803/832/1190 1804/378/1190 1750/378/1190
f 1750/378/1190 1749/832/1190 1803/832/1190
f 1841/258/296 1840/256/296 1786/256/296
f 1786/256/296 1787/258/296 1841/258/296
f 1804/378/1190 1805/833/1190 1751/833/1190
f 1751/833/1190 1750/378/1190 1804/378/1190
f 1842/260/296 1841/258/296 1787/258/296
f 1787/258/296 1788/260/296 1842/260/296
f 1805/833/1190 1806/834/1190 1752/834/1190
f 1752/834/1190 1751/833/1190 1805/833/1190
f 1843/262/296 1842/260/296 1788/260/296
f 1788/260/296 1789/262/296 1843/262/296
f 1806/834/1190 1807/835/1190 1753/835/1190
f 1753/835/1190 1752/834/1190 1806/834/1190
f 1844/264/296 1843/262/296 1789/262/296
f 1789/262/296 1790/264/296 1844/264/296
f 1807/835/1190 1808/361/1190 1754/361/1190
f 1754/361/1190 1753/835/1190 1807/835/1190
f 1845/266/296 1844/264/296 1790/264/296
f 1790/264/296 1791/266/296 1845/266/296
f 1808/361/1190 1809/356/1190 1755/356/1190
f 1755/356/1190 1754/361/1190 1808/361/1190
f 1846/268/296 1845/266/296 1791/266/296
f 1791/266/296 1792/268/296 1846/268/296
f 1809/356/1190 1810/352/1190 1756/352/1190
f 1756/352/1190 1755/356/1190 1809/356/1190
f 1847/270/296 1846/268/296 1792/268/296
f 1792/268/296 1793/270/296 1847/270/296
f 1810/352/1190 1811/348/1190 1757/348/1190
f 1757/348/1190 1756/352/1190 1810/352/1190
f 1848/272/296 1847/270/296 1793/270/296
f 1793/270/296 1794/272/296 1848/272/296
f 1811/348/1190 1812/344/1190 1758/344/1190
f 1758/344/1190 1757/348/1190 1811/348/1190
f 1832/236/296 1848/272/296 1794/272/296
f 1794/272/296 1778/236/296 1832/236/296
f 1812/344/1190 1795/342/1190 1741/342/1190
f 1741/342/1190 1758/344/1190 1812/344/1190
f 1830/343/1464 1829/347/1463 1775/347/1463
f 1775/347/1463 1776/343/1464 1830/343/1464
f 1829/347/1463 1828/351/1462 1774/351/1462
f 1774/351/1462 1775/347/1463 1829/347/1463
f 1828/351/1462 1827/355/1461 1773/355/1461
f 1773/355/1461 1774/351/1462 1828/351/1462
f 1827/355/1461 1826/362/1460 1772/362/1460
f 1772/362/1460 1773/355/1461 1827/355/1461
f 1826/362/1460 1825/836/1459 1771/836/1459
f 1771/836/1459 1772/362/1460 1826/362/1460
f 1825/836/1459 1824/837/1458 1770/837/1458
f 1770/837/1458 1771/836/1459 1825/836/1459
f 1824/837/1458 1823/838/1457 1769/838/1457
f 1769/838/1457 1770/837/1458 1824/837/1458
f 1823/838/1457 1822/377/1456 1768/377/1456
f 1768/377/1456 1769/838/1457 1823/838/1457
f 1822/377/1456 1821/839/1455 1767/839/1455
f 1767/839/1455 1768/377/1456 1822/377/1456
f 1821/839/1455 1820/367/1454 1766/367/1454
f 1766/367/1454 1767/839/1455 1821/839/1455
f 1820/367/1454 1819/363/1453 1765/363/1453
f 1765/363/1453 1766/367/1454 1820/367/1454
f 1819/363/1453 1818/357/1451 1764/357/1452
f 1764/357/1452 1765/363/1453 1819/363/1453
f 1818/357/1451 1817/360/1450 1763/360/1450
f 1763/360/1450 1764/357/1452 1818/357/1451
f 1817/360/1450 1816/349/1449 1762/349/1449
f 1762/349/1449 1763/360/1450 1817/360/1450
f 1816/349/1449 1815/345/1448 1761/345/1448
f 1761/345/1448 1762/349/1449 1816/349/1449
f 1815/345/1448 1814/340/1447 1760/340/1447
f 1760/340/1447 1761/345/1448 1815/345/1448
f 1813/339/1184 1830/343/1464 1776/343/1464
f 1776/343/1464 1759/339/1184 1813/339/1184
f 1814/340/1447 1813/339/1184 1759/339/1184
f 1759/339/1184 1760/340/1447 1814/340/1447
f 1890/840/1465 1867/339/1466 1868/340/1467
f 1868/340/1467 1888/841/1468 1890/840/1465
f 1888/841/1468 1868/340/1467 1869/345/1469
f 1869/345/1469 1954/842/1470 1888/841/1468
f 1954/842/1470 1869/345/1469 1870/349/1471
f 1870/349/1471 1950/843/1472 1954/842/1470
f 1950/843/1472 1870/349/1471 1871/353/1473
f 1871/353/1473 1946/844/1474 1950/843/1472
f 1946/845/1474 1871/360/1473 1872/357/1475
f 1872/357/1475 1942/846/1476 1946/845/1474
f 1942/846/1476 1872/357/1475 1873/363/1477
f 1873/363/1477 1938/847/1478 1942/846/1476
f 1938/847/1478 1873/363/1477 1874/367/1479
f 1874/367/1479 1934/848/1480 1938/847/1478
f 1934/848/1480 1874/367/1479 1875/839/1481
f 1875/839/1481 1930/849/1482 1934/848/1480
f 1930/849/1482 1875/839/1481 1876/377/1483
f 1876/377/1483 1926/850/1484 1930/849/1482
f 1926/850/1484 1876/377/1483 1877/838/1485
f 1877/838/1485 1922/851/1486 1926/850/1484
f 1922/851/1486 1877/838/1485 1878/837/1487
f 1878/837/1487 1918/852/1488 1922/851/1486
f 1918/852/1488 1878/837/1487 1879/836/1489
f 1879/836/1489 1914/853/1490 1918/852/1488
f 1914/853/1490 1879/836/1489 1880/362/1491
f 1880/362/1491 1910/854/1492 1914/853/1490
f 1910/854/1492 1880/362/1491 1881/355/1493
f 1881/355/1493 1906/855/1494 1910/854/1492
f 1906/855/1494 1881/355/1493 1882/351/1495
f 1882/351/1495 1902/856/1496 1906/855/1494
f 1902/856/1496 1882/351/1495 1883/347/1497
f 1883/347/1497 1898/857/1498 1902/856/1496
f 1898/857/1498 1883/347/1497 1884/343/1499
f 1884/343/1499 1894/858/1500 1898/857/1498
f 1894/858/1500 1884/343/1499 1867/339/1466
f 1867/339/1466 1890/840/1465 1894/858/1500
f 1850/341/1190 1849/342/1501 1891/342/1502
f 1891/342/1502 1886/341/1503 1850/341/1190
f 1849/342/1501 1866/344/1504 1895/344/1505
f 1895/344/1505 1891/342/1502 1849/342/1501
f 1866/344/1504 1865/348/1184 1899/348/1506
f 1899/348/1506 1895/344/1505 1866/344/1504
f 1865/348/1184 1864/352/296 1903/352/1507
f 1903/352/1507 1899/348/1506 1865/348/1184
f 1864/352/296 1863/356/296 1907/356/1508
f 1907/356/1508 1903/352/1507 1864/352/296
f 1863/356/296 1862/361/1509 1911/361/1510
f 1911/361/1510 1907/356/1508 1863/356/296
f 1862/361/1509 1861/835/1511 1915/835/1512
f 1915/835/1512 1911/361/1510 1862/361/1509
f 1861/835/1511 1860/834/296 1919/834/1513
f 1919/834/1513 1915/835/1512 1861/835/1511
f 1860/834/296 1859/833/1514 1923/833/1515
f 1923/833/1515 1919/834/1513 1860/834/296
f 1859/833/1514 1858/378/1516 1927/378/1517
f 1927/378/1517 1923/833/1515 1859/833/1514
f 1858/378/1516 1857/832/1518 1931/832/1519
f 1931/832/1519 1927/378/1517 1858/378/1516
f 1857/832/1518 1856/368/1520 1935/368/1521
f 1935/368/1521 1931/832/1519 1857/832/1518
f 1856/368/1520 1855/364/1522 1939/364/1523
f 1939/364/1523 1935/368/1521 1856/368/1520
f 1939/364/1523 1855/364/1522 1854/358/1524
f 1854/358/1524 1943/358/1525 1939/364/1523
f 1943/358/1525 1854/358/1524 1853/359/1190
f 1853/359/1190 1947/359/1526 1943/358/1525
f 1853/354/304 1852/350/1527 1951/350/1528
f 1951/350/1528 1947/354/1529 1853/354/304
f 1852/350/1530 1851/346/1531 1955/346/1532
f 1955/346/1532 1951/350/1533 1852/350/1530
f 1851/346/296 1850/341/1534 1886/341/1534
f 1886/341/1534 1955/346/296 1851/346/296
f 1885/341/1535 1889/342/1536 1890/840/1465
f 1890/840/1465 1888/841/1468 1885/341/1535
f 1953/346/1537 1885/341/1535 1888/841/1468
f 1888/841/1468 1954/842/1470 1953/346/1537
f 1949/350/1538 1953/346/1537 1954/842/1470
f 1954/842/1470 1950/843/1472 1949/350/1538
f 1945/354/1539 1949/350/1538 1950/843/1472
f 1950/843/1472 1946/844/1474 1945/354/1539
f 1941/358/1540 1945/359/1539 1946/845/1474
f 1946/845/1474 1942/846/1476 1941/358/1540
f 1937/364/1541 1941/358/1540 1942/846/1476
f 1942/846/1476 1938/847/1478 1937/364/1541
f 1933/368/1542 1937/364/1541 1938/847/1478
f 1938/847/1478 1934/848/1480 1933/368/1542
f 1929/832/1543 1933/368/1542 1934/848/1480
f 1934/848/1480 1930/849/1482 1929/832/1543
f 1925/378/1544 1929/832/1543 1930/849/1482
f 1930/849/1482 1926/850/1484 1925/378/1544
f 1921/833/1545 1925/378/1544 1926/850/1484
f 1926/850/1484 1922/851/1486 1921/833/1545
f 1917/834/1546 1921/833/1545 1922/851/1486
f 1922/851/1486 1918/852/1488 1917/834/1546
f 1913/835/1547 1917/834/1546 1918/852/1488
f 1918/852/1488 1914/853/1490 1913/835/1547
f 1909/361/1548 1913/835/1547 1914/853/1490
f 1914/853/1490 1910/854/1492 1909/361/1548
f 1905/356/1549 1909/361/1548 1910/854/1492
f 1910/854/1492 1906/855/1494 1905/356/1549
f 1901/352/1550 1905/356/1549 1906/855/1494
f 1906/855/1494 1902/856/1496 1901/352/1550
f 1897/348/1551 1901/352/1550 1902/856/1496
f 1902/856/1496 1898/857/1498 1897/348/1551
f 1893/344/1552 1897/348/1551 1898/857/1498
f 1898/857/1498 1894/858/1500 1893/344/1552
f 1889/342/1536 1893/344/1552 1894/858/1500
f 1894/858/1500 1890/840/1465 1889/342/1536
f 1892/342/1553 1887/341/1554 1886/341/1503
f 1886/341/1503 1891/342/1502 1892/342/1553
f 1889/342/1536 1885/341/1535 1887/341/1554
f 1887/341/1554 1892/342/1553 1889/342/1536
f 1896/344/1555 1892/342/1553 1891/342/1502
f 1891/342/1502 1895/344/1505 1896/344/1555
f 1893/344/1552 1889/342/1536 1892/342/1553
f 1892/342/1553 1896/344/1555 1893/344/1552
f 1900/348/1556 1896/344/1555 1895/344/1505
f 1895/344/1505 1899/348/1506 1900/348/1556
f 1897/348/1551 1893/344/1552 1896/344/1555
f 1896/344/1555 1900/348/1556 1897/348/1551
f 1904/352/1557 1900/348/1556 1899/348/1506
f 1899/348/1506 1903/352/1507 1904/352/1557
f 1901/352/1550 1897/348/1551 1900/348/1556
f 1900/348/1556 1904/352/1557 1901/352/1550
f 1908/356/1558 1904/352/1557 1903/352/1507
f 1903/352/1507 1907/356/1508 1908/356/1558
f 1905/356/1549 1901/352/1550 1904/352/1557
f 1904/352/1557 1908/356/1558 1905/356/1549
f 1912/361/1559 1908/356/1558 1907/356/1508
f 1907/356/1508 1911/361/1510 1912/361/1559
f 1909/361/1548 1905/356/1549 1908/356/1558
f 1908/356/1558 1912/361/1559 1909/361/1548
f 1916/835/1560 1912/361/1559 1911/361/1510
f 1911/361/1510 1915/835/1512 1916/835/1560
f 1913/835/1547 1909/361/1548 1912/361/1559
f 1912/361/1559 1916/835/1560 1913/835/1547
f 1920/834/1561 1916/835/1560 1915/835/1512
f 1915/835/1512 1919/834/1513 1920/834/1561
f 1917/834/1546 1913/835/1547 1916/835/1560
f 1916/835/1560 1920/834/1561 1917/834/1546
f 1924/833/1562 1920/834/1561 1919/834/1513
f 1919/834/1513 1923/833/1515 1924/833/1562
f 1921/833/1545 1917/834/1546 1920/834/1561
f 1920/834/1561 1924/833/1562 1921/833/1545
f 1928/378/1563 1924/833/1562 1923/833/1515
f 1923/833/1515 1927/378/1517 1928/378/1563
f 1925/378/1544 1921/833/1545 1924/833/1562
f 1924/833/1562 1928/378/1563 1925/378/1544
f 1932/832/1564 1928/378/1563 1927/378/1517
f 1927/378/1517 1931/832/1519 1932/832/1564
f 1929/832/1543 1925/378/1544 1928/378/1563
f 1928/378/1563 1932/832/1564 1929/832/1543
f 1936/368/1565 1932/832/1564 1931/832/1519
f 1931/832/1519 1935/368/1521 1936/368/1565
f 1933/368/1542 1929/832/1543 1932/832/1564
f 1932/832/1564 1936/368/1565 1933/368/1542
f 1940/364/1566 1936/368/1565 1935/368/1521
f 1935/368/1521 1939/364/1523 1940/364/1566
f 1937/364/1541 1933/368/1542 1936/368/1565
f 1936/368/1565 1940/364/1566 1937/364/1541
f 1944/358/1567 1940/364/1566 1939/364/1523
f 1939/364/1523 1943/358/1525 1944/358/1567
f 1941/358/1540 1937/364/1541 1940/364/1566
f 1940/364/1566 1944/358/1567 1941/358/1540
f 1948/359/1568 1944/358/1567 1943/358/1525
f 1943/358/1525 1947/359/1526 1948/359/1568
f 1945/359/1539 1941/358/1540 1944/358/1567
f 1944/358/1567 1948/359/1568 1945/359/1539
f 1952/350/1569 1948/354/1568 1947/354/1526
f 1947/354/1526 1951/350/1533 1952/350/1569
f 1949/350/1538 1945/354/1539 1948/354/1568
f 1948/354/1568 1952/350/1569 1949/350/1538
f 1956/346/1570 1952/350/1569 1951/350/1533
f 1951/350/1533 1955/346/1532 1956/346/1570
f 1953/346/1537 1949/350/1538 1952/350/1569
f 1952/350/1569 1956/346/1570 1953/346/1537
f 1887/341/1554 1956/346/1570 1955/346/1532
f 1955/346/1532 1886/341/1503 1887/341/1554
f 1885/341/1535 1953/346/1537 1956/346/1570
f 1956/346/1570 1887/341/1554 1885/341/1535
f 1976/340/1571 1975/339/1572 1998/840/1573
f 1998/840/1573 1996/841/1574 1976/340/1571
f 1977/345/1575 1976/340/1571 1996/841/1574
f 1996/841/1574 2062/842/1576 1977/345/1575
f 1978/349/1577 1977/345/1575 2062/842/1576
f 2062/842/1576 2058/843/1578 1978/349/1577
f 1979/353/1579 1978/349/1577 2058/843/1578
f 2058/843/1578 2054/844/1580 1979/353/1579
f 1980/357/1581 1979/360/1579 2054/845/1580
f 2054/845/1580 2050/846/1582 1980/357/1581
f 1981/363/1583 1980/357/1581 2050/846/1582
f 2050/846/1582 2046/847/1584 1981/363/1583
f 1982/367/1585 1981/363/1583 2046/847/1584
f 2046/847/1584 2042/848/1586 1982/367/1585
f 1983/839/1587 1982/367/1585 2042/848/1586
f 2042/848/1586 2038/849/1588 1983/839/1587
f 1984/377/1589 1983/839/1587 2038/849/1588
f 2038/849/1588 2034/850/1590 1984/377/1589
f 1985/838/1591 1984/377/1589 2034/850/1590
f 2034/850/1590 2030/851/1592 1985/838/1591
f 1986/837/1593 1985/838/1591 2030/851/1592
f 2030/851/1592 2026/852/1594 1986/837/1593
f 1987/836/1595 1986/837/1593 2026/852/1594
f 2026/852/1594 2022/853/1596 1987/836/1595
f 1988/362/1597 1987/836/1595 2022/853/1596
f 2022/853/1596 2018/854/1598 1988/362/1597
f 1989/355/1599 1988/362/1597 2018/854/1598
f 2018/854/1598 2014/855/1600 1989/355/1599
f 1990/351/1601 1989/355/1599 2014/855/1600
f 2014/855/1600 2010/856/1602 1990/351/1601
f 1991/347/1603 1990/351/1601 2010/856/1602
f 2010/856/1602 2006/857/1604 1991/347/1603
f 1992/343/1605 1991/347/1603 2006/857/1604
f 2006/857/1604 2002/858/1606 1992/343/1605
f 1975/339/1572 1992/343/1605 2002/858/1606
f 2002/858/1606 1998/840/1573 1975/339/1572
f 1999/342/1607 1957/342/1608 1958/341/1609
f 1958/341/1609 1994/341/1610 1999/342/1607
f 2003/344/1611 1974/344/1612 1957/342/1608
f 1957/342/1608 1999/342/1607 2003/344/1611
f 2007/348/1613 1973/348/1614 1974/344/1612
f 1974/344/1612 2003/344/1611 2007/348/1613
f 2011/352/1615 1972/352/1616 1973/348/1614
f 1973/348/1614 2007/348/1613 2011/352/1615
f 2015/356/1617 1971/356/1618 1972/352/1616
f 1972/352/1616 2011/352/1615 2015/356/1617
f 2019/361/1619 1970/361/1620 1971/356/1618
f 1971/356/1618 2015/356/1617 2019/361/1619
f 2023/835/1621 1969/835/1622 1970/361/1620
f 1970/361/1620 2019/361/1619 2023/835/1621
f 2027/834/1623 1968/834/1624 1969/835/1622
f 1969/835/1622 2023/835/1621 2027/834/1623
f 2031/833/1625 1967/833/1626 1968/834/1624
f 1968/834/1624 2027/834/1623 2031/833/1625
f 2035/378/1627 1966/378/1628 1967/833/1626
f 1967/833/1626 2031/833/1625 2035/378/1627
f 2039/832/1629 1965/832/1630 1966/378/1628
f 1966/378/1628 2035/378/1627 2039/832/1629
f 2043/368/1631 1964/368/1632 1965/832/1630
f 1965/832/1630 2039/832/1629 2043/368/1631
f 2047/364/1633 1963/364/1634 1964/368/1632
f 1964/368/1632 2043/368/1631 2047/364/1633
f 1962/358/1635 1963/364/1634 2047/364/1633
f 2047/364/1633 2051/358/1636 1962/358/1635
f 1961/359/1637 1962/358/1635 2051/358/1636
f 2051/358/1636 2055/359/1638 1961/359/1637
f 2059/350/1639 1960/350/1639 1961/354/1640
f 1961/354/1640 2055/354/1641 2059/350/1639
f 2063/346/1642 1959/346/1643 1960/350/1644
f 1960/350/1644 2059/350/1645 2063/346/1642
f 1994/341/1646 1958/341/1647 1959/346/1648
f 1959/346/1648 2063/346/1649 1994/341/1646
f 1998/840/1573 1997/342/1650 1993/341/1651
f 1993/341/1651 1996/841/1574 1998/840/1573
f 1996/841/1574 1993/341/1651 2061/346/1652
f 2061/346/1652 2062/842/1576 1996/841/1574
f 2062/842/1576 2061/346/1652 2057/350/1653
f 2057/350/1653 2058/843/1578 2062/842/1576
f 2058/843/1578 2057/350/1653 2053/354/1654
f 2053/354/1654 2054/844/1580 2058/843/1578
f 2054/845/1580 2053/359/1654 2049/358/1655
f 2049/358/1655 2050/846/1582 2054/845/1580
f 2050/846/1582 2049/358/1655 2045/364/1656
f 2045/364/1656 2046/847/1584 2050/846/1582
f 2046/847/1584 2045/364/1656 2041/368/1657
f 2041/368/1657 2042/848/1586 2046/847/1584
f 2042/848/1586 2041/368/1657 2037/832/1658
f 2037/832/1658 2038/849/1588 2042/848/1586
f 2038/849/1588 2037/832/1658 2033/378/1659
f 2033/378/1659 2034/850/1590 2038/849/1588
f 2034/850/1590 2033/378/1659 2029/833/1660
f 2029/833/1660 2030/851/1592 2034/850/1590
f 2030/851/1592 2029/833/1660 2025/834/1661
f 2025/834/1661 2026/852/1594 2030/851/1592
f 2026/852/1594 2025/834/1661 2021/835/1662
f 2021/835/1662 2022/853/1596 2026/852/1594
f 2022/853/1596 2021/835/1662 2017/361/1663
f 2017/361/1663 2018/854/1598 2022/853/1596
f 2018/854/1598 2017/361/1663 2013/356/1664
f 2013/356/1664 2014/855/1600 2018/854/1598
f 2014/855/1600 2013/356/1664 2009/352/1665
f 2009/352/1665 2010/856/1602 2014/855/1600
f 2010/856/1602 2009/352/1665 2005/348/1666
f 2005/348/1666 2006/857/1604 2010/856/1602
f 2006/857/1604 2005/348/1666 2001/344/1667
f 2001/344/1667 2002/858/1606 2006/857/1604
f 2002/858/1606 2001/344/1667 1997/342/1650
f 1997/342/1650 1998/840/1573 2002/858/1606
f 1994/341/1610 1995/341/1668 2000/342/1669
f 2000/342/1669 1999/342/1607 1994/341/1610
f 1995/341/1668 1993/341/1651 1997/342/1650
f 1997/342/1650 2000/342/1669 1995/341/1668
f 1999/342/1607 2000/342/1669 2004/344/1670
f 2004/344/1670 2003/344/1611 1999/342/1607
f 2000/342/1669 1997/342/1650 2001/344/1667
f 2001/344/1667 2004/344/1670 2000/342/1669
f 2003/344/1611 2004/344/1670 2008/348/1671
f 2008/348/1671 2007/348/1613 2003/344/1611
f 2004/344/1670 2001/344/1667 2005/348/1666
f 2005/348/1666 2008/348/1671 2004/344/1670
f 2007/348/1613 2008/348/1671 2012/352/1672
f 2012/352/1672 2011/352/1615 2007/348/1613
f 2008/348/1671 2005/348/1666 2009/352/1665
f 2009/352/1665 2012/352/1672 2008/348/1671
f 2011/352/1615 2012/352/1672 2016/356/1673
f 2016/356/1673 2015/356/1617 2011/352/1615
f 2012/352/1672 2009/352/1665 2013/356/1664
f 2013/356/1664 2016/356/1673 2012/352/1672
f 2015/356/1617 2016/356/1673 2020/361/1674
f 2020/361/1674 2019/361/1619 2015/356/1617
f 2016/356/1673 2013/356/1664 2017/361/1663
f 2017/361/1663 2020/361/1674 2016/356/1673
f 2019/361/1619 2020/361/1674 2024/835/1675
f 2024/835/1675 2023/835/1621 2019/361/1619
f 2020/361/1674 2017/361/1663 2021/835/1662
f 2021/835/1662 2024/835/1675 2020/361/1674
f 2023/835/1621 2024/835/1675 2028/834/1676
f 2028/834/1676 2027/834/1623 2023/835/1621
f 2024/835/1675 2021/835/1662 2025/834/1661
f 2025/834/1661 2028/834/1676 2024/835/1675
f 2027/834/1623 2028/834/1676 2032/833/1677
f 2032/833/1677 2031/833/1625 2027/834/1623
f 2028/834/1676 2025/834/1661 2029/833/1660
f 2029/833/1660 2032/833/1677 2028/834/1676
f 2031/833/1625 2032/833/1677 2036/378/1678
f 2036/378/1678 2035/378/1627 2031/833/1625
f 2032/833/1677 2029/833/1660 2033/378/1659
f 2033/378/1659 2036/378/1678 2032/833/1677
f 2035/378/1627 2036/378/1678 2040/832/1679
f 2040/832/1679 2039/832/1629 2035/378/1627
f 2036/378/1678 2033/378/1659 2037/832/1658
f 2037/832/1658 2040/832/1679 2036/378/1678
f 2039/832/1629 2040/832/1679 2044/368/1680
f 2044/368/1680 2043/368/1631 2039/832/1629
f 2040/832/1679 2037/832/1658 2041/368/1657
f 2041/368/1657 2044/368/1680 2040/832/1679
f 2043/368/1631 2044/368/1680 2048/364/1681
f 2048/364/1681 2047/364/1633 2043/368/1631
f 2044/368/1680 2041/368/1657 2045/364/1656
f 2045/364/1656 2048/364/1681 2044/368/1680
f 2047/364/1633 2048/364/1681 2052/358/1682
f 2052/358/1682 2051/358/1636 2047/364/1633
f 2048/364/1681 2045/364/1656 2049/358/1655
f 2049/358/1655 2052/358/1682 2048/364/1681
f 2051/358/1636 2052/358/1682 2056/359/1683
f 2056/359/1683 2055/359/1638 2051/358/1636
f 2052/358/1682 2049/358/1655 2053/359/1654
f 2053/359/1654 2056/359/1683 2052/358/1682
f 2055/354/1638 2056/354/1683 2060/350/1684
f 2060/350/1684 2059/350/1645 2055/354/1638
f 2056/354/1683 2053/354/1654 2057/350/1653
f 2057/350/1653 2060/350/1684 2056/354/1683
f 2059/350/1645 2060/350/1684 2064/346/1685
f 2064/346/1685 2063/346/1642 2059/350/1645
f 2060/350/1684 2057/350/1653 2061/346/1652
f 2061/346/1652 2064/346/1685 2060/350/1684
f 2063/346/1642 2064/346/1685 1995/341/1668
f 1995/341/1668 1994/341/1610 2063/346/1642
f 2064/346/1685 2061/346/1652 1993/341/1651
f 1993/341/1651 1995/341/1668 2064/346/1685
f 1975/339/1686 1976/340/1687 1868/340/1687
f 1868/340/1687 1867/339/1686 1975/339/1686
f 1976/340/1687 1977/345/1688 1869/345/1688
f 1869/345/1688 1868/340/1687 1976/340/1687
f 1977/345/1688 1978/349/1689 1870/349/1689
f 1870/349/1689 1869/345/1688 1977/345/1688
f 1978/349/1689 1979/353/1690 1871/353/1690
f 1871/353/1690 1870/349/1689 1978/349/1689
f 1979/360/1690 1980/357/1691 1872/357/1691
f 1872/357/1691 1871/360/1690 1979/360/1690
f 1980/357/1691 1981/363/1692 1873/363/1692
f 1873/363/1692 1872/357/1691 1980/357/1691
f 1981/363/1692 1982/367/1693 1874/367/1693
f 1874/367/1693 1873/363/1692 1981/363/1692
f 1982/367/1693 1983/839/1694 1875/839/1694
f 1875/839/1694 1874/367/1693 1982/367/1693
f 1983/839/1694 1984/377/1695 1876/377/1695
f 1876/377/1695 1875/839/1694 1983/839/1694
f 1984/377/1695 1985/838/1696 1877/838/1696
f 1877/838/1696 1876/377/1695 1984/377/1695
f 1985/838/1696 1986/837/1697 1878/837/1697
f 1878/837/1697 1877/838/1696 1985/838/1696
f 1986/837/1697 1987/836/1698 1879/836/1698
f 1879/836/1698 1878/837/1697 1986/837/1697
f 1987/836/1698 1988/362/1699 1880/362/1699
f 1880/362/1699 1879/836/1698 1987/836/1698
f 1988/362/1699 1989/355/1700 1881/355/1700
f 1881/355/1700 1880/362/1699 1988/362/1699
f 1989/355/1700 1990/351/1701 1882/351/1701
f 1882/351/1701 1881/355/1700 1989/355/1700
f 1990/351/1701 1991/347/1702 1883/347/1702
f 1883/347/1702 1882/351/1701 1990/351/1701
f 1991/347/1702 1992/343/1703 1884/343/1703
f 1884/343/1703 1883/347/1702 1991/347/1702
f 1992/343/1703 1975/339/1686 1867/339/1686
f 1867/339/1686 1884/343/1703 1992/343/1703
f 1958/341/1704 1957/342/1705 1849/342/1706
f 1849/342/1706 1850/341/1707 1958/341/1704
f 1957/342/1705 1974/344/1708 1866/344/1709
f 1866/344/1709 1849/342/1706 1957/342/1705
f 1974/344/1708 1973/348/1710 1865/348/1711
f 1865/348/1711 1866/344/1709 1974/344/1708
f 1973/348/1710 1972/352/1712 1864/352/1713
f 1864/352/1713 1865/348/1711 1973/348/1710
f 1972/352/1712 1971/356/1714 1863/356/1715
f 1863/356/1715 1864/352/1713 1972/352/1712
f 1971/356/1714 1970/361/1716 1862/361/1717
f 1862/361/1717 1863/356/1715 1971/356/1714
f 1970/361/1716 1969/835/1718 1861/835/1719
f 1861/835/1719 1862/361/1717 1970/361/1716
f 1969/835/1718 1968/834/1720 1860/834/1721
f 1860/834/1721 1861/835/1719 1969/835/1718
f 1968/834/1720 1967/833/1722 1859/833/1723
f 1859/833/1723 1860/834/1721 1968/834/1720
f 1967/833/1722 1966/378/1724 1858/378/1456
f 1858/378/1456 1859/833/1723 1967/833/1722
f 1966/378/1724 1965/832/1725 1857/832/1726
f 1857/832/1726 1858/378/1456 1966/378/1724
f 1965/832/1725 1964/368/1727 1856/368/1728
f 1856/368/1728 1857/832/1726 1965/832/1725
f 1964/368/1727 1963/364/1729 1855/364/1730
f 1855/364/1730 1856/368/1728 1964/368/1727
f 1963/364/1729 1962/358/1731 1854/358/1732
f 1854/358/1732 1855/364/1730 1963/364/1729
f 1962/358/1731 1961/359/1733 1853/359/1734
f 1853/359/1734 1854/358/1732 1962/358/1731
f 1961/354/1733 1960/350/1735 1852/350/1736
f 1852/350/1736 1853/354/1734 1961/354/1733
f 1960/350/1735 1959/346/1737 1851/346/1458
f 1851/346/1458 1852/350/1736 1960/350/1735
f 1959/346/1737 1958/341/1704 1850/341/1707
f 1850/341/1707 1851/346/1458 1959/346/1737
usemtl yellow
f 202/236/201 201/237/202 250/238/203
f 250/238/203 240/239/204 202/236/201
f 250/238/203 201/237/202 203/240/205
f 203/240/205 255/241/206 250/238/203
f 255/241/206 203/240/205 204/242/207
f 204/242/207 260/243/208 255/241/206
f 260/243/208 204/242/207 205/244/209
f 205/244/209 265/245/210 260/243/208
f 205/246/209 206/247/211 270/248/212
f 270/248/212 265/249/210 205/246/209
f 206/247/211 207/250/213 275/251/214
f 275/251/214 270/248/212 206/247/211
f 207/250/213 208/252/215 280/253/216
f 280/253/216 275/251/214 207/250/213
f 208/252/215 209/254/217 285/255/218
f 285/255/218 280/253/216 208/252/215
f 209/254/217 210/256/219 290/257/220
f 290/257/220 285/255/218 209/254/217
f 210/256/219 211/258/221 295/259/222
f 295/259/222 290/257/220 210/256/219
f 295/259/222 211/258/221 212/260/223
f 212/260/223 300/261/224 295/259/222
f 300/261/224 212/260/223 213/262/225
f 213/262/225 305/263/226 300/261/224
f 305/263/226 213/262/225 214/264/227
f 214/264/227 310/265/228 305/263/226
f 214/264/227 215/266/229 315/267/230
f 315/267/230 310/265/228 214/264/227
f 215/266/229 216/268/231 320/269/232
f 320/269/232 315/267/230 215/266/229
f 216/268/231 217/270/233 325/271/234
f 325/271/234 320/269/232 216/268/231
f 217/270/233 218/272/235 243/273/236
f 243/273/236 325/271/234 217/270/233
f 218/272/235 202/236/201 240/239/204
f 240/239/204 243/273/236 218/272/235
f 328/274/237 245/274/238 238/275/239
f 238/275/239 335/275/240 328/274/237
f 335/275/240 238/275/239 248/276/241
f 248/276/241 340/276/242 335/275/240
f 340/276/242 248/276/241 253/277/243
f 253/277/243 345/277/244 340/276/242
f 345/277/244 253/277/243 258/278/245
f 258/278/245 350/278/246 345/277/244
f 350/278/246 258/278/245 263/279/247
f 263/279/247 355/279/248 350/278/246
f 355/280/248 263/280/247 268/281/249
f 268/281/249 360/281/250 355/280/248
f 360/281/250 268/281/249 273/282/251
f 273/282/251 365/282/252 360/281/250
f 365/282/252 273/282/251 278/283/253
f 278/283/253 370/283/254 365/282/252
f 370/283/254 278/283/253 283/284/255
f 283/284/255 375/284/256 370/283/254
f 375/284/256 283/284/255 288/285/257
f 288/285/257 380/285/258 375/284/256
f 380/285/258 288/285/257 293/286/259
f 293/286/259 385/286/260 380/285/258
f 385/286/260 293/286/259 298/287/261
f 298/287/261 390/287/262 385/286/260
f 390/287/262 298/287/261 303/288/263
f 303/288/263 395/288/264 390/287/262
f 395/288/264 303/288/263 308/289/265
f 308/289/265 400/289/266 395/288/264
f 400/289/266 308/289/265 313/290/267
f 313/290/267 405/290/268 400/289/266
f 405/290/268 313/290/267 318/291/269
f 318/291/269 410/291/270 405/290/268
f 410/291/270 318/291/269 323/292/271
f 323/292/271 415/292/272 410/291/270
f 415/292/272 323/292/271 245/274/238
f 245/274/238 328/274/237 415/292/272
f 468/293/273 469/294/274 470/295/275
f 470/295/275 444/296/276 445/297/277
f 445/297/277 446/298/278 447/299/279
f 470/295/275 445/297/277 447/299/279
f 447/299/279 448/300/280 465/301/281
f 470/295/275 447/299/279 465/301/281
f 468/293/273 470/295/275 465/301/281
f 468/293/273 465/301/281 467/302/282
f 219/274/283 330/274/284 333/275/285
f 333/275/285 220/275/286 219/274/283
f 220/275/286 333/275/285 338/276/287
f 338/276/287 221/276/288 220/275/286
f 221/276/288 338/276/287 343/277/289
f 343/277/289 222/277/290 221/276/288
f 223/278/291 222/277/290 343/277/289
f 343/277/289 348/278/292 223/278/291
f 224/279/293 223/278/291 348/278/292
f 348/278/292 353/279/294 224/279/293
f 224/279/293 353/279/294 358/281/295
f 358/281/295 225/281/296 224/279/293
f 225/281/296 358/281/295 363/282/297
f 363/282/297 226/282/296 225/281/296
f 226/282/296 363/282/297 368/283/298
f 368/283/298 227/283/296 226/282/296
f 227/283/296 368/283/298 373/284/299
f 373/284/299 228/284/296 227/283/296
f 228/284/296 373/284/299 378/285/300
f 378/285/300 229/285/296 228/284/296
f 229/285/296 378/285/300 383/286/301
f 383/286/301 230/286/296 229/285/296
f 230/286/296 383/286/301 388/287/302
f 388/287/302 231/287/296 230/286/296
f 232/288/296 231/287/296 388/287/302
f 388/287/302 393/288/303 232/288/296
f 233/289/304 232/288/296 393/288/303
f 393/288/303 398/289/305 233/289/304
f 233/289/304 398/289/305 403/290/306
f 403/290/306 234/290/307 233/289/304
f 234/290/307 403/290/306 408/291/308
f 408/291/308 235/291/309 234/290/307
f 235/291/309 408/291/308 413/292/310
f 413/292/310 236/292/311 235/291/309
f 236/292/311 413/292/310 330/274/284
f 330/274/284 219/274/283 236/292/311
f 418/281/312 225/281/313 226/282/314
f 226/282/314 421/282/315 418/281/312
f 421/282/315 226/282/314 227/283/316
f 227/283/316 424/283/317 421/282/315
f 424/283/317 227/283/316 228/284/318
f 228/284/318 427/284/319 424/283/317
f 427/284/319 228/284/318 229/285/320
f 229/285/320 430/285/321 427/284/319
f 430/285/321 229/285/320 230/286/322
f 230/286/322 433/286/323 430/285/321
f 433/286/323 230/286/322 231/287/324
f 231/287/324 436/287/325 433/286/323
f 436/287/325 231/287/324 232/288/326
f 232/288/326 439/288/327 436/287/325
f 439/288/327 232/288/326 233/289/328
f 233/289/328 442/289/329 439/288/327
f 251/303/330 241/304/331 240/239/204
f 240/239/204 250/238/203 251/303/330
f 247/276/332 237/275/333 241/304/331
f 241/304/331 251/303/330 247/276/332
f 256/305/334 251/303/330 250/238/203
f 250/238/203 255/241/206 256/305/334
f 252/277/335 247/276/332 251/303/330
f 251/303/330 256/305/334 252/277/335
f 261/306/336 256/305/334 255/241/206
f 255/241/206 260/243/208 261/306/336
f 257/278/337 252/277/335 256/305/334
f 256/305/334 261/306/336 257/278/337
f 266/307/338 261/306/336 260/243/208
f 260/243/208 265/245/210 266/307/338
f 262/279/339 257/278/337 261/306/336
f 261/306/336 266/307/338 262/279/339
f 271/308/340 266/309/338 265/249/210
f 265/249/210 270/248/212 271/308/340
f 267/281/341 262/280/339 266/309/338
f 266/309/338 271/308/340 267/281/341
f 276/310/342 271/308/340 270/248/212
f 270/248/212 275/251/214 276/310/342
f 272/282/343 267/281/341 271/308/340
f 271/308/340 276/310/342 272/282/343
f 281/311/344 276/310/342 275/251/214
f 275/251/214 280/253/216 281/311/344
f 277/283/345 272/282/343 276/310/342
f 276/310/342 281/311/344 277/283/345
f 286/312/346 281/311/344 280/253/216
f 280/253/216 285/255/218 286/312/346
f 282/284/347 277/283/345 281/311/344
f 281/311/344 286/312/346 282/284/347
f 291/313/348 286/312/346 285/255/218
f 285/255/218 290/257/220 291/313/348
f 287/285/349 282/284/347 286/312/346
f 286/312/346 291/313/348 287/285/349
f 296/314/350 291/313/348 290/257/220
f 290/257/220 295/259/222 296/314/350
f 292/286/351 287/285/349 291/313/348
f 291/313/348 296/314/350 292/286/351
f 301/315/352 296/314/350 295/259/222
f 295/259/222 300/261/224 301/315/352
f 297/287/353 292/286/351 296/314/350
f 296/314/350 301/315/352 297/287/353
f 306/316/354 301/315/352 300/261/224
f 300/261/224 305/263/226 306/316/354
f 302/288/355 297/287/353 301/315/352
f 301/315/352 306/316/354 302/288/355
f 311/317/356 306/316/354 305/263/226
f 305/263/226 310/265/228 311/317/356
f 307/289/357 302/288/355 306/316/354
f 306/316/354 311/317/356 307/289/357
f 316/318/358 311/317/356 310/265/228
f 310/265/228 315/267/230 316/318/358
f 312/290/359 307/289/357 311/317/356
f 311/317/356 316/318/358 312/290/359
f 321/319/360 316/318/358 315/267/230
f 315/267/230 320/269/232 321/319/360
f 317/291/361 312/290/359 316/318/358
f 316/318/358 321/319/360 317/291/361
f 326/320/362 321/319/360 320/269/232
f 320/269/232 325/271/234 326/320/362
f 322/292/363 317/291/361 321/319/360
f 321/319/360 326/320/362 322/292/363
f 244/321/364 326/320/362 325/271/234
f 325/271/234 243/273/236 244/321/364
f 242/274/365 322/292/363 326/320/362
f 326/320/362 244/321/364 242/274/365
f 241/304/331 244/321/364 243/273/236
f 243/273/236 240/239/204 241/304/331
f 237/275/333 242/274/365 244/321/364
f 244/321/364 241/304/331 237/275/333
f 246/274/366 239/275/367 238/275/239
f 238/275/239 245/274/238 246/274/366
f 242/274/365 237/275/333 239/275/367
f 239/275/367 246/274/366 242/274/365
f 336/275/368 329/274/369 328/274/237
f 328/274/237 335/275/240 336/275/368
f 332/275/370 327/274/371 329/274/369
f 329/274/369 336/275/368 332/275/370
f 239/275/367 249/276/372 248/276/241
f 248/276/241 238/275/239 239/275/367
f 237/275/333 247/276/332 249/276/372
f 249/276/372 239/275/367 237/275/333
f 341/276/373 336/275/368 335/275/240
f 335/275/240 340/276/242 341/276/373
f 337/276/374 332/275/370 336/275/368
f 336/275/368 341/276/373 337/276/374
f 249/276/372 254/277/375 253/277/243
f 253/277/243 248/276/241 249/276/372
f 247/276/332 252/277/335 254/277/375
f 254/277/375 249/276/372 247/276/332
f 346/277/376 341/276/373 340/276/242
f 340/276/242 345/277/244 346/277/376
f 342/277/377 337/276/374 341/276/373
f 341/276/373 346/277/376 342/277/377
f 254/277/375 259/278/378 258/278/245
f 258/278/245 253/277/243 254/277/375
f 252/277/335 257/278/337 259/278/378
f 259/278/378 254/277/375 252/277/335
f 351/278/379 346/277/376 345/277/244
f 345/277/244 350/278/246 351/278/379
f 347/278/380 342/277/377 346/277/376
f 346/277/376 351/278/379 347/278/380
f 259/278/378 264/279/381 263/279/247
f 263/279/247 258/278/245 259/278/378
f 257/278/337 262/279/339 264/279/381
f 264/279/381 259/278/378 257/278/337
f 356/279/382 351/278/379 350/278/246
f 350/278/246 355/279/248 356/279/382
f 352/279/383 347/278/380 351/278/379
f 351/278/379 356/279/382 352/279/383
f 264/280/381 269/281/384 268/281/249
f 268/281/249 263/280/247 264/280/381
f 262/280/339 267/281/341 269/281/384
f 269/281/384 264/280/381 262/280/339
f 361/281/385 356/280/382 355/280/248
f 355/280/248 360/281/250 361/281/385
f 357/281/386 352/280/383 356/280/382
f 356/280/382 361/281/385 357/281/386
f 269/281/384 274/282/387 273/282/251
f 273/282/251 268/281/249 269/281/384
f 267/281/341 272/282/343 274/282/387
f 274/282/387 269/281/384 267/281/341
f 366/282/388 361/281/385 360/281/250
f 360/281/250 365/282/252 366/282/388
f 362/282/389 357/281/386 361/281/385
f 361/281/385 366/282/388 362/282/389
f 274/282/387 279/283/390 278/283/253
f 278/283/253 273/282/251 274/282/387
f 272/282/343 277/283/345 279/283/390
f 279/283/390 274/282/387 272/282/343
f 371/283/391 366/282/388 365/282/252
f 365/282/252 370/283/254 371/283/391
f 367/283/392 362/282/389 366/282/388
f 366/282/388 371/283/391 367/283/392
f 279/283/390 284/284/393 283/284/255
f 283/284/255 278/283/253 279/283/390
f 277/283/345 282/284/347 284/284/393
f 284/284/393 279/283/390 277/283/345
f 376/284/394 371/283/391 370/283/254
f 370/283/254 375/284/256 376/284/394
f 372/284/395 367/283/392 371/283/391
f 371/283/391 376/284/394 372/284/395
f 284/284/393 289/285/396 288/285/257
f 288/285/257 283/284/255 284/284/393
f 282/284/347 287/285/349 289/285/396
f 289/285/396 284/284/393 282/284/347
f 381/285/397 376/284/394 375/284/256
f 375/284/256 380/285/258 381/285/397
f 377/285/398 372/284/395 376/284/394
f 376/284/394 381/285/397 377/285/398
f 289/285/396 294/286/399 293/286/259
f 293/286/259 288/285/257 289/285/396
f 287/285/349 292/286/351 294/286/399
f 294/286/399 289/285/396 287/285/349
f 386/286/400 381/285/397 380/285/258
f 380/285/258 385/286/260 386/286/400
f 382/286/401 377/285/398 381/285/397
f 381/285/397 386/286/400 382/286/401
f 294/286/399 299/287/402 298/287/261
f 298/287/261 293/286/259 294/286/399
f 292/286/351 297/287/353 299/287/402
f 299/287/402 294/286/399 292/286/351
f 391/287/403 386/286/400 385/286/260
f 385/286/260 390/287/262 391/287/403
f 387/287/404 382/286/401 386/286/400
f 386/286/400 391/287/403 387/287/404
f 299/287/402 304/288/405 303/288/263
f 303/288/263 298/287/261 299/287/402
f 297/287/353 302/288/355 304/288/405
f 304/288/405 299/287/402 297/287/353
f 396/288/406 391/287/403 390/287/262
f 390/287/262 395/288/264 396/288/406
f 392/288/407 387/287/404 391/287/403
f 391/287/403 396/288/406 392/288/407
f 304/288/405 309/289/408 308/289/265
f 308/289/265 303/288/263 304/288/405
f 302/288/355 307/289/357 309/289/408
f 309/289/408 304/288/405 302/288/355
f 401/289/409 396/288/406 395/288/264
f 395/288/264 400/289/266 401/289/409
f 397/289/410 392/288/407 396/288/406
f 396/288/406 401/289/409 397/289/410
f 309/289/408 314/290/411 313/290/267
f 313/290/267 308/289/265 309/289/408
f 307/289/357 312/290/359 314/290/411
f 314/290/411 309/289/408 307/289/357
f 406/290/412 401/289/409 400/289/266
f 400/289/266 405/290/268 406/290/412
f 402/290/413 397/289/410 401/289/409
f 401/289/409 406/290/412 402/290/413
f 314/290/411 319/291/414 318/291/269
f 318/291/269 313/290/267 314/290/411
f 312/290/359 317/291/361 319/291/414
f 319/291/414 314/290/411 312/290/359
f 411/291/415 406/290/412 405/290/268
f 405/290/268 410/291/270 411/291/415
f 407/291/416 402/290/413 406/290/412
f 406/290/412 411/291/415 407/291/416
f 319/291/414 324/292/417 323/292/271
f 323/292/271 318/291/269 319/291/414
f 317/291/361 322/292/363 324/292/417
f 324/292/417 319/291/414 317/291/361
f 416/292/418 411/291/415 410/291/270
f 410/291/270 415/292/272 416/292/418
f 412/292/419 407/291/416 411/291/415
f 411/291/415 416/292/418 412/292/419
f 324/292/417 246/274/366 245/274/238
f 245/274/238 323/292/271 324/292/417
f 322/292/363 242/274/365 246/274/366
f 246/274/366 324/292/417 322/292/363
f 329/274/369 416/292/418 415/292/272
f 415/292/272 328/274/237 329/274/369
f 327/274/371 412/292/419 416/292/418
f 416/292/418 329/274/369 327/274/371
f 331/274/420 334/275/421 333/275/285
f 333/275/285 330/274/284 331/274/420
f 327/274/371 332/275/370 334/275/421
f 334/275/421 331/274/420 327/274/371
f 334/275/421 339/276/422 338/276/287
f 338/276/287 333/275/285 334/275/421
f 332/275/370 337/276/374 339/276/422
f 339/276/422 334/275/421 332/275/370
f 339/276/422 344/277/423 343/277/289
f 343/277/289 338/276/287 339/276/422
f 337/276/374 342/277/377 344/277/423
f 344/277/423 339/276/422 337/276/374
f 344/277/423 349/278/424 348/278/292
f 348/278/292 343/277/289 344/277/423
f 342/277/377 347/278/380 349/278/424
f 349/278/424 344/277/423 342/277/377
f 349/278/424 354/279/425 353/279/294
f 353/279/294 348/278/292 349/278/424
f 347/278/380 352/279/383 354/279/425
f 354/279/425 349/278/424 347/278/380
f 354/279/425 359/281/426 358/281/295
f 358/281/295 353/279/294 354/279/425
f 352/279/383 357/281/386 359/281/426
f 359/281/426 354/279/425 352/279/383
f 359/281/426 364/282/427 363/282/297
f 363/282/297 358/281/295 359/281/426
f 357/281/386 362/282/389 364/282/427
f 364/282/427 359/281/426 357/281/386
f 364/282/427 369/283/428 368/283/298
f 368/283/298 363/282/297 364/282/427
f 362/282/389 367/283/392 369/283/428
f 369/283/428 364/282/427 362/282/389
f 369/283/428 374/284/429 373/284/299
f 373/284/299 368/283/298 369/283/428
f 367/283/392 372/284/395 374/284/429
f 374/284/429 369/283/428 367/283/392
f 374/284/429 379/285/430 378/285/300
f 378/285/300 373/284/299 374/284/429
f 372/284/395 377/285/398 379/285/430
f 379/285/430 374/284/429 372/284/395
f 379/285/430 384/286/431 383/286/301
f 383/286/301 378/285/300 379/285/430
f 377/285/398 382/286/401 384/286/431
f 384/286/431 379/285/430 377/285/398
f 384/286/431 389/287/432 388/287/302
f 388/287/302 383/286/301 384/286/431
f 382/286/401 387/287/404 389/287/432
f 389/287/432 384/286/431 382/286/401
f 389/287/432 394/288/433 393/288/303
f 393/288/303 388/287/302 389/287/432
f 387/287/404 392/288/407 394/288/433
f 394/288/433 389/287/432 387/287/404
f 394/288/433 399/289/434 398/289/305
f 398/289/305 393/288/303 394/288/433
f 392/288/407 397/289/410 399/289/434
f 399/289/434 394/288/433 392/288/407
f 399/289/434 404/290/435 403/290/306
f 403/290/306 398/289/305 399/289/434
f 397/289/410 402/290/413 404/290/435
f 404/290/435 399/289/434 397/289/410
f 404/290/435 409/291/436 408/291/308
f 408/291/308 403/290/306 404/290/435
f 402/290/413 407/291/416 409/291/436
f 409/291/436 404/290/435 402/290/413
f 409/291/436 414/292/437 413/292/310
f 413/292/310 408/291/308 409/291/436
f 407/291/416 412/292/419 414/292/437
f 414/292/437 409/291/436 407/291/416
f 414/292/437 331/274/420 330/274/284
f 330/274/284 413/292/310 414/292/437
f 412/292/419 327/274/371 331/274/420
f 331/274/420 414/292/437 412/292/419
f 450/322/438 452/323/439 451/324/440
f 451/324/440 449/325/441 450/322/438
f 417/281/442 420/282/443 452/323/439
f 452/323/439 450/322/438 417/281/442
f 452/323/439 454/326/444 453/327/445
f 453/327/445 451/324/440 452/323/439
f 420/282/443 423/283/446 454/326/444
f 454/326/444 452/323/439 420/282/443
f 454/326/444 456/328/447 455/329/448
f 455/329/448 453/327/445 454/326/444
f 423/283/446 426/284/449 456/328/447
f 456/328/447 454/326/444 423/283/446
f 456/328/447 458/330/450 457/331/451
f 457/331/451 455/329/448 456/328/447
f 426/284/449 429/285/452 458/330/450
f 458/330/450 456/328/447 426/284/449
f 458/330/450 460/332/453 459/333/454
f 459/333/454 457/331/451 458/330/450
f 429/285/452 432/286/455 460/332/453
f 460/332/453 458/330/450 429/285/452
f 460/332/453 462/334/456 461/335/457
f 461/335/457 459/333/454 460/332/453
f 432/286/455 435/287/458 462/334/456
f 462/334/456 460/332/453 432/286/455
f 462/334/456 464/336/459 463/337/460
f 463/337/460 461/335/457 462/334/456
f 435/287/458 438/288/461 464/336/459
f 464/336/459 462/334/456 435/287/458
f 464/336/459 466/338/462 465/301/281
f 465/301/281 463/337/460 464/336/459
f 438/288/461 441/289/463 466/338/462
f 466/338/462 464/336/459 438/288/461
f 422/282/464 419/281/465 418/281/312
f 418/281/312 421/282/315 422/282/464
f 420/282/443 417/281/442 419/281/465
f 419/281/465 422/282/464 420/282/443
f 425/283/466 422/282/464 421/282/315
f 421/282/315 424/283/317 425/283/466
f 423/283/446 420/282/443 422/282/464
f 422/282/464 425/283/466 423/283/446
f 428/284/467 425/283/466 424/283/317
f 424/283/317 427/284/319 428/284/467
f 426/284/449 423/283/446 425/283/466
f 425/283/466 428/284/467 426/284/449
f 431/285/468 428/284/467 427/284/319
f 427/284/319 430/285/321 431/285/468
f 429/285/452 426/284/449 428/284/467
f 428/284/467 431/285/468 429/285/452
f 434/286/469 431/285/468 430/285/321
f 430/285/321 433/286/323 434/286/469
f 432/286/455 429/285/452 431/285/468
f 431/285/468 434/286/469 432/286/455
f 437/287/470 434/286/469 433/286/323
f 433/286/323 436/287/325 437/287/470
f 435/287/458 432/286/455 434/286/469
f 434/286/469 437/287/470 435/287/458
f 440/288/471 437/287/470 436/287/325
f 436/287/325 439/288/327 440/288/471
f 438/288/461 435/287/458 437/287/470
f 437/287/470 440/288/471 438/288/461
f 443/289/472 440/288/471 439/288/327
f 439/288/327 442/289/329 443/289/472
f 441/289/463 438/288/461 440/288/471
f 440/288/471 443/289/472 441/289/463
f 461/335/457 463/337/460 465/301/281
f 465/301/281 448/300/280 449/325/441
f 449/325/441 451/324/440 453/327/445
f 465/301/281 449/325/441 453/327/445
f 453/327/445 455/329/448 457/331/451
f 465/301/281 453/327/445 457/331/451
f 461/335/457 465/301/281 457/331/451
f 461/335/457 457/331/451 459/333/454
f 520/238/473 471/237/474 472/236/475
f 472/236/475 510/239/476 520/238/473
f 473/240/477 471/237/474 520/238/473
f 520/238/473 525/241/478 473/240/477
f 474/242/479 473/240/477 525/241/478
f 525/241/478 530/243/480 474/242/479
f 475/244/481 474/242/479 530/243/480
f 530/243/480 535/245/482 475/244/481
f 540/248/483 476/247/484 475/246/481
f 475/246/481 535/249/482 540/248/483
f 545/251/485 477/250/486 476/247/484
f 476/247/484 540/248/483 545/251/485
f 550/253/487 478/252/488 477/250/486
f 477/250/486 545/251/485 550/253/487
f 555/255/489 479/254/490 478/252/488
f 478/252/488 550/253/487 555/255/489
f 560/257/491 480/256/492 479/254/490
f 479/254/490 555/255/489 560/257/491
f 565/259/493 481/258/494 480/256/492
f 480/256/492 560/257/491 565/259/493
f 482/260/495 481/258/494 565/259/493
f 565/259/493 570/261/496 482/260/495
f 483/262/497 482/260/495 570/261/496
f 570/261/496 575/263/498 483/262/497
f 484/264/499 483/262/497 575/263/498
f 575/263/498 580/265/500 484/264/499
f 585/267/501 485/266/502 484/264/499
f 484/264/499 580/265/500 585/267/501
f 590/269/503 486/268/504 485/266/502
f 485/266/502 585/267/501 590/269/503
f 595/271/505 487/270/506 486/268/504
f 486/268/504 590/269/503 595/271/505
f 513/273/507 488/272/508 487/270/506
f 487/270/506 595/271/505 513/273/507
f 510/239/476 472/236/475 488/272/508
f 488/272/508 513/273/507 510/239/476
f 508/275/509 515/274/510 598/274/511
f 598/274/511 605/275/512 508/275/509
f 518/276/513 508/275/509 605/275/512
f 605/275/512 610/276/514 518/276/513
f 523/277/515 518/276/513 610/276/514
f 610/276/514 615/277/516 523/277/515
f 528/278/517 523/277/515 615/277/516
f 615/277/516 620/278/518 528/278/517
f 533/279/519 528/278/517 620/278/518
f 620/278/518 625/279/520 533/279/519
f 538/281/521 533/280/519 625/280/520
f 625/280/520 630/281/522 538/281/521
f 543/282/523 538/281/521 630/281/522
f 630/281/522 635/282/524 543/282/523
f 548/283/525 543/282/523 635/282/524
f 635/282/524 640/283/526 548/283/525
f 553/284/527 548/283/525 640/283/526
f 640/283/526 645/284/528 553/284/527
f 558/285/529 553/284/527 645/284/528
f 645/284/528 650/285/530 558/285/529
f 563/286/531 558/285/529 650/285/530
f 650/285/530 655/286/532 563/286/531
f 568/287/533 563/286/531 655/286/532
f 655/286/532 660/287/534 568/287/533
f 573/288/535 568/287/533 660/287/534
f 660/287/534 665/288/536 573/288/535
f 578/289/537 573/288/535 665/288/536
f 665/288/536 670/289/538 578/289/537
f 583/290/539 578/289/537 670/289/538
f 670/289/538 675/290/540 583/290/539
f 588/291/541 583/290/539 675/290/540
f 675/290/540 680/291/542 588/291/541
f 593/292/543 588/291/541 680/291/542
f 680/291/542 685/292/544 593/292/543
f 515/274/510 593/292/543 685/292/544
f 685/292/544 598/274/511 515/274/510
f 740/295/545 739/294/546 738/293/547
f 738/293/547 737/302/548 735/301/549
f 740/295/545 738/293/547 735/301/549
f 735/301/549 718/300/550 717/299/551
f 740/295/545 735/301/549 717/299/551
f 717/299/551 716/298/552 715/297/553
f 740/295/545 717/299/551 715/297/553
f 740/295/545 715/297/553 714/296/554
f 603/275/555 600/274/556 489/274/557
f 489/274/557 490/275/558 603/275/555
f 608/276/559 603/275/555 490/275/558
f 490/275/558 491/276/560 608/276/559
f 613/277/561 608/276/559 491/276/560
f 491/276/560 492/277/562 613/277/561
f 613/277/561 492/277/562 493/278/563
f 493/278/563 618/278/564 613/277/561
f 618/278/564 493/278/563 494/279/565
f 494/279/565 623/279/566 618/278/564
f 628/281/567 623/279/566 494/279/565
f 494/279/565 495/281/568 628/281/567
f 633/282/569 628/281/567 495/281/568
f 495/281/568 496/282/570 633/282/569
f 638/283/571 633/282/569 496/282/570
f 496/282/570 497/283/572 638/283/571
f 643/284/573 638/283/571 497/283/572
f 497/283/572 498/284/574 643/284/573
f 648/285/575 643/284/573 498/284/574
f 498/284/574 499/285/576 648/285/575
f 653/286/577 648/285/575 499/285/576
f 499/285/576 500/286/578 653/286/577
f 658/287/579 653/286/577 500/286/578
f 500/286/578 501/287/580 658/287/579
f 658/287/579 501/287/580 502/288/581
f 502/288/581 663/288/582 658/287/579
f 663/288/582 502/288/581 503/289/583
f 503/289/583 668/289/584 663/288/582
f 673/290/585 668/289/584 503/289/583
f 503/289/583 504/290/586 673/290/585
f 678/291/587 673/290/585 504/290/586
f 504/290/586 505/291/588 678/291/587
f 683/292/589 678/291/587 505/291/588
f 505/291/588 506/292/590 683/292/589
f 600/274/556 683/292/589 506/292/590
f 506/292/590 489/274/557 600/274/556
f 496/282/591 495/281/592 688/281/593
f 688/281/593 691/282/594 496/282/591
f 497/283/595 496/282/591 691/282/594
f 691/282/594 694/283/596 497/283/595
f 498/284/597 497/283/595 694/283/596
f 694/283/596 697/284/598 498/284/597
f 499/285/599 498/284/597 697/284/598
f 697/284/598 700/285/600 499/285/599
f 500/286/601 499/285/599 700/285/600
f 700/285/600 703/286/602 500/286/601
f 501/287/603 500/286/601 703/286/602
f 703/286/602 706/287/604 501/287/603
f 502/288/605 501/287/603 706/287/604
f 706/287/604 709/288/606 502/288/605
f 503/289/607 502/288/605 709/288/606
f 709/288/606 712/289/608 503/289/607
f 510/239/476 511/304/609 521/303/610
f 521/303/610 520/238/473 510/239/476
f 511/304/609 507/275/611 517/276/612
f 517/276/612 521/303/610 511/304/609
f 520/238/473 521/303/610 526/305/613
f 526/305/613 525/241/478 520/238/473
f 521/303/610 517/276/612 522/277/614
f 522/277/614 526/305/613 521/303/610
f 525/241/478 526/305/613 531/306/615
f 531/306/615 530/243/480 525/241/478
f 526/305/613 522/277/614 527/278/616
f 527/278/616 531/306/615 526/305/613
f 530/243/480 531/306/615 536/307/617
f 536/307/617 535/245/482 530/243/480
f 531/306/615 527/278/616 532/279/618
f 532/279/618 536/307/617 531/306/615
f 535/249/482 536/309/617 541/308/619
f 541/308/619 540/248/483 535/249/482
f 536/309/617 532/280/618 537/281/620
f 537/281/620 541/308/619 536/309/617
f 540/248/483 541/308/619 546/310/621
f 546/310/621 545/251/485 540/248/483
f 541/308/619 537/281/620 542/282/622
f 542/282/622 546/310/621 541/308/619
f 545/251/485 546/310/621 551/311/623
f 551/311/623 550/253/487 545/251/485
f 546/310/621 542/282/622 547/283/624
f 547/283/624 551/311/623 546/310/621
f 550/253/487 551/311/623 556/312/625
f 556/312/625 555/255/489 550/253/487
f 551/311/623 547/283/624 552/284/626
f 552/284/626 556/312/625 551/311/623
f 555/255/489 556/312/625 561/313/627
f 561/313/627 560/257/491 555/255/489
f 556/312/625 552/284/626 557/285/628
f 557/285/628 561/313/627 556/312/625
f 560/257/491 561/313/627 566/314/629
f 566/314/629 565/259/493 560/257/491
f 561/313/627 557/285/628 562/286/630
f 562/286/630 566/314/629 561/313/627
f 565/259/493 566/314/629 571/315/631
f 571/315/631 570/261/496 565/259/493
f 566/314/629 562/286/630 567/287/632
f 567/287/632 571/315/631 566/314/629
f 570/261/496 571/315/631 576/316/633
f 576/316/633 575/263/498 570/261/496
f 571/315/631 567/287/632 572/288/634
f 572/288/634 576/316/633 571/315/631
f 575/263/498 576/316/633 581/317/635
f 581/317/635 580/265/500 575/263/498
f 576/316/633 572/288/634 577/289/636
f 577/289/636 581/317/635 576/316/633
f 580/265/500 581/317/635 586/318/637
f 586/318/637 585/267/501 580/265/500
f 581/317/635 577/289/636 582/290/638
f 582/290/638 586/318/637 581/317/635
f 585/267/501 586/318/637 591/319/639
f 591/319/639 590/269/503 585/267/501
f 586/318/637 582/290/638 587/291/640
f 587/291/640 591/319/639 586/318/637
f 590/269/503 591/319/639 596/320/641
f 596/320/641 595/271/505 590/269/503
f 591/319/639 587/291/640 592/292/642
f 592/292/642 596/320/641 591/319/639
f 595/271/505 596/320/641 514/321/643
f 514/321/643 513/273/507 595/271/505
f 596/320/641 592/292/642 512/274/644
f 512/274/644 514/321/643 596/320/641
f 513/273/507 514/321/643 511/304/609
f 511/304/609 510/239/476 513/273/507
f 514/321/643 512/274/644 507/275/611
f 507/275/611 511/304/609 514/321/643
f 508/275/509 509/275/645 516/274/646
f 516/274/646 515/274/510 508/275/509
f 509/275/645 507/275/611 512/274/644
f 512/274/644 516/274/646 509/275/645
f 598/274/511 599/274/647 606/275/648
f 606/275/648 605/275/512 598/274/511
f 599/274/647 597/274/649 602/275/650
f 602/275/650 606/275/648 599/274/647
f 518/276/513 519/276/651 509/275/645
f 509/275/645 508/275/509 518/276/513
f 519/276/651 517/276/612 507/275/611
f 507/275/611 509/275/645 519/276/651
f 605/275/512 606/275/648 611/276/652
f 611/276/652 610/276/514 605/275/512
f 606/275/648 602/275/650 607/276/653
f 607/276/653 611/276/652 606/275/648
f 523/277/515 524/277/654 519/276/651
f 519/276/651 518/276/513 523/277/515
f 524/277/654 522/277/614 517/276/612
f 517/276/612 519/276/651 524/277/654
f 610/276/514 611/276/652 616/277/655
f 616/277/655 615/277/516 610/276/514
f 611/276/652 607/276/653 612/277/656
f 612/277/656 616/277/655 611/276/652
f 528/278/517 529/278/657 524/277/654
f 524/277/654 523/277/515 528/278/517
f 529/278/657 527/278/616 522/277/614
f 522/277/614 524/277/654 529/278/657
f 615/277/516 616/277/655 621/278/658
f 621/278/658 620/278/518 615/277/516
f 616/277/655 612/277/656 617/278/659
f 617/278/659 621/278/658 616/277/655
f 533/279/519 534/279/660 529/278/657
f 529/278/657 528/278/517 533/279/519
f 534/279/660 532/279/618 527/278/616
f 527/278/616 529/278/657 534/279/660
f 620/278/518 621/278/658 626/279/661
f 626/279/661 625/279/520 620/278/518
f 621/278/658 617/278/659 622/279/662
f 622/279/662 626/279/661 621/278/658
f 538/281/521 539/281/663 534/280/660
f 534/280/660 533/280/519 538/281/521
f 539/281/663 537/281/620 532/280/618
f 532/280/618 534/280/660 539/281/663
f 625/280/520 626/280/661 631/281/664
f 631/281/664 630/281/522 625/280/520
f 626/280/661 622/280/662 627/281/665
f 627/281/665 631/281/664 626/280/661
f 543/282/523 544/282/666 539/281/663
f 539/281/663 538/281/521 543/282/523
f 544/282/666 542/282/622 537/281/620
f 537/281/620 539/281/663 544/282/666
f 630/281/522 631/281/664 636/282/667
f 636/282/667 635/282/524 630/281/522
f 631/281/664 627/281/665 632/282/668
f 632/282/668 636/282/667 631/281/664
f 548/283/525 549/283/669 544/282/666
f 544/282/666 543/282/523 548/283/525
f 549/283/669 547/283/624 542/282/622
f 542/282/622 544/282/666 549/283/669
f 635/282/524 636/282/667 641/283/670
f 641/283/670 640/283/526 635/282/524
f 636/282/667 632/282/668 637/283/671
f 637/283/671 641/283/670 636/282/667
f 553/284/527 554/284/672 549/283/669
f 549/283/669 548/283/525 553/284/527
f 554/284/672 552/284/626 547/283/624
f 547/283/624 549/283/669 554/284/672
f 640/283/526 641/283/670 646/284/673
f 646/284/673 645/284/528 640/283/526
f 641/283/670 637/283/671 642/284/674
f 642/284/674 646/284/673 641/283/670
f 558/285/529 559/285/675 554/284/672
f 554/284/672 553/284/527 558/285/529
f 559/285/675 557/285/628 552/284/626
f 552/284/626 554/284/672 559/285/675
f 645/284/528 646/284/673 651/285/676
f 651/285/676 650/285/530 645/284/528
f 646/284/673 642/284/674 647/285/677
f 647/285/677 651/285/676 646/284/673
f 563/286/531 564/286/678 559/285/675
f 559/285/675 558/285/529 563/286/531
f 564/286/678 562/286/630 557/285/628
f 557/285/628 559/285/675 564/286/678
f 650/285/530 651/285/676 656/286/679
f 656/286/679 655/286/532 650/285/530
f 651/285/676 647/285/677 652/286/680
f 652/286/680 656/286/679 651/285/676
f 568/287/533 569/287/681 564/286/678
f 564/286/678 563/286/531 568/287/533
f 569/287/681 567/287/632 562/286/630
f 562/286/630 564/286/678 569/287/681
f 655/286/532 656/286/679 661/287/682
f 661/287/682 660/287/534 655/286/532
f 656/286/679 652/286/680 657/287/683
f 657/287/683 661/287/682 656/286/679
f 573/288/535 574/288/684 569/287/681
f 569/287/681 568/287/533 573/288/535
f 574/288/684 572/288/634 567/287/632
f 567/287/632 569/287/681 574/288/684
f 660/287/534 661/287/682 666/288/685
f 666/288/685 665/288/536 660/287/534
f 661/287/682 657/287/683 662/288/686
f 662/288/686 666/288/685 661/287/682
f 578/289/537 579/289/687 574/288/684
f 574/288/684 573/288/535 578/289/537
f 579/289/687 577/289/636 572/288/634
f 572/288/634 574/288/684 579/289/687
f 665/288/536 666/288/685 671/289/688
f 671/289/688 670/289/538 665/288/536
f 666/288/685 662/288/686 667/289/689
f 667/289/689 671/289/688 666/288/685
f 583/290/539 584/290/690 579/289/687
f 579/289/687 578/289/537 583/290/539
f 584/290/690 582/290/638 577/289/636
f 577/289/636 579/289/687 584/290/690
f 670/289/538 671/289/688 676/290/691
f 676/290/691 675/290/540 670/289/538
f 671/289/688 667/289/689 672/290/692
f 672/290/692 676/290/691 671/289/688
f 588/291/541 589/291/693 584/290/690
f 584/290/690 583/290/539 588/291/541
f 589/291/693 587/291/640 582/290/638
f 582/290/638 584/290/690 589/291/693
f 675/290/540 676/290/691 681/291/694
f 681/291/694 680/291/542 675/290/540
f 676/290/691 672/290/692 677/291/695
f 677/291/695 681/291/694 676/290/691
f 593/292/543 594/292/696 589/291/693
f 589/291/693 588/291/541 593/292/543
f 594/292/696 592/292/642 587/291/640
f 587/291/640 589/291/693 594/292/696
f 680/291/542 681/291/694 686/292/697
f 686/292/697 685/292/544 680/291/542
f 681/291/694 677/291/695 682/292/698
f 682/292/698 686/292/697 681/291/694
f 515/274/510 516/274/646 594/292/696
f 594/292/696 593/292/543 515/274/510
f 516/274/646 512/274/644 592/292/642
f 592/292/642 594/292/696 516/274/646
f 685/292/544 686/292/697 599/274/647
f 599/274/647 598/274/511 685/292/544
f 686/292/697 682/292/698 597/274/649
f 597/274/649 599/274/647 686/292/697
f 603/275/555 604/275/699 601/274/700
f 601/274/700 600/274/556 603/275/555
f 604/275/699 602/275/650 597/274/649
f 597/274/649 601/274/700 604/275/699
f 608/276/559 609/276/701 604/275/699
f 604/275/699 603/275/555 608/276/559
f 609/276/701 607/276/653 602/275/650
f 602/275/650 604/275/699 609/276/701
f 613/277/561 614/277/702 609/276/701
f 609/276/701 608/276/559 613/277/561
f 614/277/702 612/277/656 607/276/653
f 607/276/653 609/276/701 614/277/702
f 618/278/564 619/278/703 614/277/702
f 614/277/702 613/277/561 618/278/564
f 619/278/703 617/278/659 612/277/656
f 612/277/656 614/277/702 619/278/703
f 623/279/566 624/279/704 619/278/703
f 619/278/703 618/278/564 623/279/566
f 624/279/704 622/279/662 617/278/659
f 617/278/659 619/278/703 624/279/704
f 628/281/567 629/281/705 624/279/704
f 624/279/704 623/279/566 628/281/567
f 629/281/705 627/281/665 622/279/662
f 622/279/662 624/279/704 629/281/705
f 633/282/569 634/282/706 629/281/705
f 629/281/705 628/281/567 633/282/569
f 634/282/706 632/282/668 627/281/665
f 627/281/665 629/281/705 634/282/706
f 638/283/571 639/283/707 634/282/706
f 634/282/706 633/282/569 638/283/571
f 639/283/707 637/283/671 632/282/668
f 632/282/668 634/282/706 639/283/707
f 643/284/573 644/284/708 639/283/707
f 639/283/707 638/283/571 643/284/573
f 644/284/708 642/284/674 637/283/671
f 637/283/671 639/283/707 644/284/708
f 648/285/575 649/285/709 644/284/708
f 644/284/708 643/284/573 648/285/575
f 649/285/709 647/285/677 642/284/674
f 642/284/674 644/284/708 649/285/709
f 653/286/577 654/286/710 649/285/709
f 649/285/709 648/285/575 653/286/577
f 654/286/710 652/286/680 647/285/677
f 647/285/677 649/285/709 654/286/710
f 658/287/579 659/287/711 654/286/710
f 654/286/710 653/286/577 658/287/579
f 659/287/711 657/287/683 652/286/680
f 652/286/680 654/286/710 659/287/711
f 663/288/582 664/288/712 659/287/711
f 659/287/711 658/287/579 663/288/582
f 664/288/712 662/288/686 657/287/683
f 657/287/683 659/287/711 664/288/712
f 668/289/584 669/289/713 664/288/712
f 664/288/712 663/288/582 668/289/584
f 669/289/713 667/289/689 662/288/686
f 662/288/686 664/288/712 669/289/713
f 673/290/585 674/290/714 669/289/713
f 669/289/713 668/289/584 673/290/585
f 674/290/714 672/290/692 667/289/689
f 667/289/689 669/289/713 674/290/714
f 678/291/587 679/291/715 674/290/714
f 674/290/714 673/290/585 678/291/587
f 679/291/715 677/291/695 672/290/692
f 672/290/692 674/290/714 679/291/715
f 683/292/589 684/292/716 679/291/715
f 679/291/715 678/291/587 683/292/589
f 684/292/716 682/292/698 677/291/695
f 677/291/695 679/291/715 684/292/716
f 600/274/556 601/274/700 684/292/716
f 684/292/716 683/292/589 600/274/556
f 601/274/700 597/274/649 682/292/698
f 682/292/698 684/292/716 601/274/700
f 721/324/717 722/323/718 720/322/719
f 720/322/719 719/325/720 721/324/717
f 722/323/718 690/282/721 687/281/722
f 687/281/722 720/322/719 722/323/718
f 723/327/723 724/326/724 722/323/718
f 722/323/718 721/324/717 723/327/723
f 724/326/724 693/283/725 690/282/721
f 690/282/721 722/323/718 724/326/724
f 725/329/726 726/328/727 724/326/724
f 724/326/724 723/327/723 725/329/726
f 726/328/727 696/284/728 693/283/725
f 693/283/725 724/326/724 726/328/727
f 727/331/729 728/330/730 726/328/727
f 726/328/727 725/329/726 727/331/729
f 728/330/730 699/285/731 696/284/728
f 696/284/728 726/328/727 728/330/730
f 729/333/732 730/332/733 728/330/730
f 728/330/730 727/331/729 729/333/732
f 730/332/733 702/286/734 699/285/731
f 699/285/731 728/330/730 730/332/733
f 731/335/735 732/334/736 730/332/733
f 730/332/733 729/333/732 731/335/735
f 732/334/736 705/287/737 702/286/734
f 702/286/734 730/332/733 732/334/736
f 733/337/738 734/336/739 732/334/736
f 732/334/736 731/335/735 733/337/738
f 734/336/739 708/288/740 705/287/737
f 705/287/737 732/334/736 734/336/739
f 735/301/549 736/338/741 734/336/739
f 734/336/739 733/337/738 735/301/549
f 736/338/741 711/289/742 708/288/740
f 708/288/740 734/336/739 736/338/741
f 688/281/593 689/281/743 692/282/744
f 692/282/744 691/282/594 688/281/593
f 689/281/743 687/281/722 690/282/721
f 690/282/721 692/282/744 689/281/743
f 691/282/594 692/282/744 695/283/745
f 695/283/745 694/283/596 691/282/594
f 692/282/744 690/282/721 693/283/725
f 693/283/725 695/283/745 692/282/744
f 694/283/596 695/283/745 698/284/746
f 698/284/746 697/284/598 694/283/596
f 695/283/745 693/283/725 696/284/728
f 696/284/728 698/284/746 695/283/745
f 697/284/598 698/284/746 701/285/747
f 701/285/747 700/285/600 697/284/598
f 698/284/746 696/284/728 699/285/731
f 699/285/731 701/285/747 698/284/746
f 700/285/600 701/285/747 704/286/748
f 704/286/748 703/286/602 700/285/600
f 701/285/747 699/285/731 702/286/734
f 702/286/734 704/286/748 701/285/747
f 703/286/602 704/286/748 707/287/749
f 707/287/749 706/287/604 703/286/602
f 704/286/748 702/286/734 705/287/737
f 705/287/737 707/287/749 704/286/748
f 706/287/604 707/287/749 710/288/750
f 710/288/750 709/288/606 706/287/604
f 707/287/749 705/287/737 708/288/740
f 708/288/740 710/288/750 707/287/749
f 709/288/606 710/288/750 713/289/751
f 713/289/751 712/289/608 709/288/606
f 710/288/750 708/288/740 711/289/742
f 711/289/742 713/289/751 710/288/750
f 735/301/549 733/337/738 731/335/735
f 731/335/735 729/333/732 727/331/729
f 735/301/549 731/335/735 727/331/729
f 727/331/729 725/329/726 723/327/723
f 735/301/549 727/331/729 723/327/723
f 723/327/723 721/324/717 719/325/720
f 735/301/549 723/327/723 719/325/720
f 735/301/549 719/325/720 718/300/550
f 472/236/752 471/237/753 201/237/753
f 201/237/753 202/236/752 472/236/752
f 471/237/753 473/240/754 203/240/755
f 203/240/755 201/237/753 471/237/753
f 473/240/754 474/242/756 204/242/757
f 204/242/757 203/240/755 473/240/754
f 474/242/756 475/244/758 205/244/759
f 205/244/759 204/242/757 474/242/756
f 475/246/758 476/247/760 206/247/761
f 206/247/761 205/246/759 475/246/758
f 476/247/760 477/250/762 207/250/763
f 207/250/763 206/247/761 476/247/760
f 477/250/762 478/252/764 208/252/765
f 208/252/765 207/250/763 477/250/762
f 478/252/764 479/254/766 209/254/766
f 209/254/766 208/252/765 478/252/764
f 479/254/766 480/256/767 210/256/767
f 210/256/767 209/254/766 479/254/766
f 480/256/767 481/258/768 211/258/768
f 211/258/768 210/256/767 480/256/767
f 481/258/768 482/260/769 212/260/770
f 212/260/770 211/258/768 481/258/768
f 482/260/769 483/262/771 213/262/772
f 213/262/772 212/260/770 482/260/769
f 483/262/771 484/264/773 214/264/774
f 214/264/774 213/262/772 483/262/771
f 484/264/773 485/266/775 215/266/776
f 215/266/776 214/264/774 484/264/773
f 485/266/775 486/268/777 216/268/778
f 216/268/778 215/266/776 485/266/775
f 486/268/777 487/270/779 217/270/780
f 217/270/780 216/268/778 486/268/777
f 487/270/779 488/272/781 218/272/781
f 218/272/781 217/270/780 487/270/779
f 488/272/781 472/236/752 202/236/752
f 202/236/752 218/272/781 488/272/781
f 715/297/782 716/298/783 446/298/784
f 446/298/784 445/297/785 715/297/782
f 716/298/783 717/299/786 447/299/787
f 447/299/787 446/298/784 716/298/783
f 717/299/786 718/300/788 448/300/789
f 448/300/789 447/299/787 717/299/786
f 735/301/790 737/302/791 467/302/792
f 467/302/792 465/301/793 735/301/790
f 737/302/791 738/293/794 468/293/795
f 468/293/795 467/302/792 737/302/791
f 738/293/794 739/294/796 469/294/797
f 469/294/797 468/293/795 738/293/794
f 739/294/796 740/295/798 470/295/799
f 470/295/799 469/294/797 739/294/796
f 714/296/800 715/297/782 445/297/785
f 445/297/785 444/296/801 714/296/800
f 740/295/798 714/296/800 444/296/801
f 444/296/801 470/295/799 740/295/798
f 490/275/802 489/274/803 219/274/804
f 219/274/804 220/275/805 490/275/802
f 491/276/806 490/275/802 220/275/805
f 220/275/805 221/276/807 491/276/806
f 492/277/808 491/276/806 221/276/807
f 221/276/807 222/277/809 492/277/808
f 493/278/810 492/277/808 222/277/809
f 222/277/809 223/278/811 493/278/810
f 494/279/812 493/278/810 223/278/811
f 223/278/811 224/279/813 494/279/812
f 495/281/814 494/279/812 224/279/813
f 224/279/813 225/281/815 495/281/814
f 504/290/816 503/289/817 233/289/818
f 233/289/818 234/290/819 504/290/816
f 505/291/820 504/290/816 234/290/819
f 234/290/819 235/291/821 505/291/820
f 506/292/822 505/291/820 235/291/821
f 235/291/821 236/292/823 506/292/822
f 489/274/803 506/292/822 236/292/823
f 236/292/823 219/274/804 489/274/803
f 688/281/824 495/281/825 225/281/826
f 225/281/826 418/281/827 688/281/824
f 503/289/828 712/289/829 442/289/830
f 442/289/830 233/289/831 503/289/828
f 719/325/832 720/322/833 450/322/834
f 450/322/834 449/325/835 719/325/832
f 720/322/833 687/281/836 417/281/837
f 417/281/837 450/322/834 720/322/833
f 736/338/838 735/301/839 465/301/840
f 465/301/840 466/338/841 736/338/838
f 711/289/842 736/338/838 466/338/841
f 466/338/841 441/289/843 711/289/842
f 689/281/844 688/281/824 418/281/827
f 418/281/827 419/281/845 689/281/844
f 687/281/836 689/281/844 419/281/845
f 419/281/845 417/281/837 687/281/836
f 712/289/829 713/289/846 443/289/847
f 443/289/847 442/289/830 712/289/829
f 713/289/846 711/289/842 441/289/843
f 441/289/843 443/289/847 713/289/846
f 718/300/788 719/325/848 449/325/849
f 449/325/849 448/300/789 718/300/788
f 762/276/882 773/276/883 774/275/884
f 774/275/884 763/275/885 762/276/882
f 763/275/885 774/275/884 775/274/886
f 775/274/886 764/274/887 763/275/885
f 764/274/887 775/274/886 780/292/892
f 780/292/892 768/292/893 764/274/887
f 772/277/899 786/277/900 773/276/883
f 773/276/883 762/276/882 772/277/899
f 773/276/883 787/276/901 788/275/902
f 788/275/902 774/275/884 773/276/883
f 774/275/884 788/275/902 789/274/903
f 789/274/903 775/274/886 774/275/884
f 768/292/893 780/292/892 794/291/908
f 794/291/908 779/291/909 768/292/893
f 775/274/886 789/274/903 795/292/910
f 795/292/910 780/292/892 775/274/886
f 785/278/916 801/278/917 786/277/900
f 786/277/900 772/277/899 785/278/916
f 786/277/900 802/277/918 787/276/901
f 787/276/901 773/276/883 786/277/900
f 787/276/901 803/276/919 804/275/920
f 804/275/920 788/275/902 787/276/901
f 788/275/902 804/275/920 805/274/921
f 805/274/921 789/274/903 788/275/902
f 779/291/909 794/291/908 809/290/926
f 809/290/926 793/290/927 779/291/909
f 780/292/892 795/292/910 810/291/928
f 810/291/928 794/291/908 780/292/892
f 789/274/903 805/274/921 811/292/929
f 811/292/929 795/292/910 789/274/903
f 799/281/934 816/281/935 817/280/936
f 817/280/936 800/280/937 799/281/934
f 800/279/937 817/279/936 801/278/917
f 801/278/917 785/278/916 800/279/937
f 801/278/917 818/278/938 802/277/918
f 802/277/918 786/277/900 801/278/917
f 802/277/918 819/277/939 803/276/919
f 803/276/919 787/276/901 802/277/918
f 821/275/940 804/275/920 803/276/919
f 803/276/919 820/373/941 821/275/940
f 822/274/942 805/274/921 804/275/920
f 804/275/920 821/275/940 822/274/942
f 793/290/927 809/290/926 827/289/947
f 827/289/947 808/289/948 793/290/927
f 794/291/908 810/291/928 828/290/949
f 828/290/949 809/290/926 794/291/908
f 795/292/910 811/292/929 829/291/950
f 829/291/950 810/291/928 795/292/910
f 830/292/951 811/292/929 805/274/921
f 805/274/921 822/274/942 830/292/951
f 815/282/957 835/282/958 816/281/935
f 816/281/935 799/281/934 815/282/957
f 816/281/935 836/281/959 837/280/960
f 837/280/960 817/280/936 816/281/935
f 817/279/936 837/279/960 818/278/938
f 818/278/938 801/278/917 817/279/936
f 818/278/938 838/278/961 819/277/939
f 819/277/939 802/277/918 818/278/938
f 820/373/941 803/276/919 819/277/939
f 819/277/939 839/277/962 820/373/941
f 841/275/963 821/275/940 820/373/941
f 820/373/941 840/373/964 841/275/963
f 842/274/965 822/274/942 821/275/940
f 821/275/940 841/275/963 842/274/965
f 808/289/948 827/289/947 845/376/968
f 845/376/968 826/376/969 808/289/948
f 809/290/926 828/290/949 846/289/970
f 846/289/970 827/289/947 809/290/926
f 810/291/928 829/291/950 847/290/971
f 847/290/971 828/290/949 810/291/928
f 848/291/972 829/291/950 811/292/929
f 811/292/929 830/292/951 848/291/972
f 849/381/973 830/292/951 822/274/942
f 822/274/942 842/274/965 849/381/973
f 834/283/976 852/283/977 835/282/958
f 835/282/958 815/282/957 834/283/976
f 835/282/958 853/282/978 836/281/959
f 836/281/959 816/281/935 835/282/958
f 836/281/959 854/281/979 855/280/980
f 855/280/980 837/280/960 836/281/959
f 837/279/960 855/279/980 838/278/961
f 838/278/961 818/278/938 837/279/960
f 839/277/962 819/277/939 838/278/961
f 838/278/961 856/382/981 839/277/962
f 840/373/964 820/373/941 839/277/962
f 839/277/962 857/277/982 840/373/964
f 840/373/964 857/277/982 858/382/983
f 858/382/983 859/383/984 860/384/985
f 860/384/985 861/385/986 862/386/987
f 860/384/985 862/386/987 863/387/987
f 863/387/987 864/388/988 865/389/987
f 860/384/985 863/387/987 865/389/987
f 858/382/983 860/384/985 865/389/987
f 858/382/983 865/389/987 866/390/987
f 858/382/983 866/390/987 867/391/989
f 869/392/990 870/393/987 871/394/988
f 868/395/988 869/392/990 871/394/988
f 871/394/988 872/396/991 873/397/987
f 868/395/988 871/394/988 873/397/987
f 867/391/989 868/395/988 873/397/987
f 873/397/987 874/398/992 875/399/987
f 867/391/989 873/397/987 875/399/987
f 867/391/989 875/399/987 876/400/987
f 858/382/983 867/391/989 876/400/987
f 858/382/983 876/400/987 877/401/987
f 858/382/983 877/401/987 878/402/987
f 858/382/983 878/402/987 879/403/987
f 880/404/987 881/405/993 882/406/987
f 882/406/987 883/407/994 884/408/987
f 887/409/987 871/394/988 870/393/987
f 886/410/995 887/409/987 870/393/987
f 870/393/987 888/411/996 889/412/987
f 886/410/995 870/393/987 889/412/987
f 889/412/987 890/413/997 891/414/998
f 886/410/995 889/412/987 891/414/998
f 885/415/987 886/410/995 891/414/998
f 885/415/987 891/414/998 892/416/987
f 861/385/986 860/384/985 895/417/999
f 894/418/1000 861/385/986 895/417/999
f 893/419/987 894/418/1000 895/417/999
f 895/417/999 896/420/1001 897/421/988
f 897/421/988 898/422/1002 899/423/987
f 895/417/999 897/421/988 899/423/987
f 899/423/987 900/424/1003 901/425/987
f 895/417/999 899/423/987 901/425/987
f 893/419/987 895/417/999 901/425/987
f 892/416/987 893/419/987 901/425/987
f 892/416/987 901/425/987 902/426/986
f 885/415/987 892/416/987 902/426/986
f 884/408/987 885/415/987 902/426/986
f 884/408/987 902/426/986 903/427/1004
f 884/408/987 903/427/1004 904/428/987
f 884/408/987 904/428/987 905/429/1000
f 906/430/986 907/431/1005 908/432/1006
f 908/432/1006 909/433/1007 910/434/987
f 913/435/987 897/421/988 896/420/1001
f 912/436/987 913/435/987 896/420/1001
f 896/420/1001 914/437/1008 915/438/1009
f 915/438/1009 916/439/986 917/440/986
f 896/420/1001 915/438/1009 917/440/986
f 896/420/1001 917/440/986 918/441/1010
f 912/436/987 896/420/1001 918/441/1010
f 911/442/987 912/436/987 918/441/1010
f 910/434/987 911/442/987 918/441/1010
f 908/432/1006 910/434/987 918/441/1010
f 906/430/986 908/432/1006 918/441/1010
f 918/441/1010 919/443/1011 920/444/987
f 906/430/986 918/441/1010 920/444/987
f 925/445/987 926/446/1012 927/447/987
f 927/447/987 928/448/1013 929/449/986
f 925/445/987 927/447/987 929/449/986
f 924/450/1000 925/445/987 929/449/986
f 924/450/1000 929/449/986 930/451/986
f 930/451/986 931/452/1014 932/453/987
f 934/454/987 935/455/987 936/456/987
f 933/457/987 934/454/987 936/456/987
f 932/453/987 933/457/987 936/456/987
f 930/451/986 932/453/987 936/456/987
f 924/450/1000 930/451/986 936/456/987
f 923/458/1000 924/450/1000 936/456/987
f 922/459/1015 923/458/1000 936/456/987
f 921/460/1016 922/459/1015 936/456/987
f 920/444/987 921/460/1016 936/456/987
f 906/430/986 920/444/987 936/456/987
f 905/429/1000 906/430/986 936/456/987
f 936/456/987 937/461/1017 938/462/987
f 905/429/1000 936/456/987 938/462/987
f 884/408/987 905/429/1000 938/462/987
f 882/406/987 884/408/987 938/462/987
f 938/462/987 939/463/1018 940/464/1000
f 882/406/987 938/462/987 940/464/1000
f 882/406/987 940/464/1000 941/465/987
f 882/406/987 941/465/987 942/466/1000
f 882/406/987 942/466/1000 943/467/987
f 945/468/987 946/469/1019 947/470/987
f 947/470/987 948/471/1020 949/472/986
f 952/473/987 936/456/987 935/455/987
f 951/474/986 952/473/987 935/455/987
f 950/475/986 951/474/986 935/455/987
f 949/472/986 950/475/986 935/455/987
f 947/470/987 949/472/986 935/455/987
f 947/470/987 935/455/987 953/476/987
f 947/470/987 953/476/987 954/477/1021
f 954/477/1021 955/478/988 956/479/987
f 947/470/987 954/477/1021 956/479/987
f 956/479/987 957/480/1022 958/481/986
f 928/448/1013 927/447/987 962/482/986
f 961/483/1023 928/448/1013 962/482/986
f 961/483/1023 962/482/986 963/484/987
f 961/483/1023 963/484/987 964/485/987
f 960/486/987 961/483/1023 964/485/987
f 966/487/986 916/439/986 915/438/1009
f 965/488/1024 966/487/986 915/438/1009
f 964/485/987 965/488/1024 915/438/1009
f 960/486/987 964/485/987 915/438/1009
f 915/438/1009 967/489/1025 968/490/1026
f 968/490/1026 969/491/1027 970/289/1028
f 915/438/1009 968/490/1026 970/289/1028
f 960/486/987 915/438/1009 970/289/1028
f 959/492/987 960/486/987 970/289/1028
f 958/481/986 959/492/987 970/289/1028
f 956/479/987 958/481/986 970/289/1028
f 956/479/987 970/289/1028 971/493/986
f 947/470/987 956/479/987 971/493/986
f 945/468/987 947/470/987 971/493/986
f 971/493/986 972/494/1029 973/495/1030
f 945/468/987 971/493/986 973/495/1030
f 973/495/1030 974/496/1031 975/497/986
f 978/498/987 979/499/987 980/500/987
f 977/501/987 978/498/987 980/500/987
f 976/502/987 977/501/987 980/500/987
f 975/497/986 976/502/987 980/500/987
f 980/500/987 981/503/1032 982/504/987
f 975/497/986 980/500/987 982/504/987
f 982/504/987 983/505/995 984/506/987
f 985/507/987 986/508/986 987/509/1000
f 984/506/987 985/507/987 987/509/1000
f 982/504/987 984/506/987 987/509/1000
f 987/509/1000 988/510/1033 989/511/987
f 982/504/987 987/509/1000 989/511/987
f 975/497/986 982/504/987 989/511/987
f 973/495/1030 975/497/986 989/511/987
f 945/468/987 973/495/1030 989/511/987
f 944/512/987 945/468/987 989/511/987
f 943/467/987 944/512/987 989/511/987
f 882/406/987 943/467/987 989/511/987
f 880/404/987 882/406/987 989/511/987
f 879/403/987 880/404/987 989/511/987
f 989/511/987 990/513/1034 991/514/987
f 879/403/987 989/511/987 991/514/987
f 879/403/987 991/514/987 992/515/1021
f 879/403/987 992/515/1021 993/516/987
f 879/403/987 993/516/987 994/517/1035
f 879/403/987 994/517/1035 995/518/986
f 996/519/986 997/520/1036 998/521/987
f 998/521/987 999/522/1037 1000/523/987
f 1003/524/1000 987/509/1000 986/508/986
f 1002/525/986 1003/524/1000 986/508/986
f 1001/526/1030 1002/525/986 986/508/986
f 1000/523/987 1001/526/1030 986/508/986
f 998/521/987 1000/523/987 986/508/986
f 996/519/986 998/521/987 986/508/986
f 996/519/986 986/508/986 1004/527/987
f 996/519/986 1004/527/987 1005/528/986
f 996/519/986 1005/528/986 1006/529/987
f 1006/529/987 1007/530/1038 1008/531/987
f 1008/531/987 1009/532/1039 1010/533/1000
f 1013/534/987 980/500/987 979/499/987
f 1012/535/987 1013/534/987 979/499/987
f 1011/536/987 1012/535/987 979/499/987
f 1010/533/1000 1011/536/987 979/499/987
f 1008/531/987 1010/533/1000 979/499/987
f 1008/531/987 979/499/987 1014/537/987
f 1014/537/987 1015/538/1040 1016/539/1024
f 1016/539/1024 1017/540/1041 1018/541/987
f 1021/542/986 971/493/986 970/289/1028
f 1020/543/987 1021/542/986 970/289/1028
f 1019/544/987 1020/543/987 970/289/1028
f 1018/541/987 1019/544/987 970/289/1028
f 1016/539/1024 1018/541/987 970/289/1028
f 1014/537/987 1016/539/1024 970/289/1028
f 1008/531/987 1014/537/987 970/289/1028
f 970/289/1028 1022/290/1042 1023/291/1043
f 1023/291/1043 849/381/973 842/274/965
f 970/289/1028 1023/291/1043 842/274/965
f 1008/531/987 970/289/1028 842/274/965
f 1006/529/987 1008/531/987 842/274/965
f 996/519/986 1006/529/987 842/274/965
f 995/518/986 996/519/986 842/274/965
f 879/403/987 995/518/986 842/274/965
f 858/382/983 879/403/987 842/274/965
f 840/373/964 858/382/983 842/274/965
f 840/373/964 842/274/965 841/275/963
f 826/376/969 845/376/968 1026/380/1046
f 1026/380/1046 844/380/1047 826/376/969
f 827/289/947 846/289/970 1027/376/1048
f 1027/376/1048 845/376/968 827/289/947
f 828/290/949 847/290/971 1028/289/1049
f 1028/289/1049 846/289/970 828/290/949
f 1029/290/1050 847/290/971 829/291/950
f 829/291/950 848/291/972 1029/290/1050
f 1023/291/1043 848/291/972 830/292/951
f 830/292/951 849/381/973 1023/291/1043
f 851/379/1052 1031/379/1053 852/283/977
f 852/283/977 834/283/976 851/379/1052
f 852/283/977 1032/283/1054 853/282/978
f 853/282/978 835/282/958 852/283/977
f 853/282/978 1033/282/1055 854/281/979
f 854/281/979 836/281/959 853/282/978
f 1035/546/1056 855/279/980 854/281/979
f 854/281/979 1034/547/1057 1035/546/1056
f 856/382/981 838/278/961 855/279/980
f 855/279/980 1035/546/1056 856/382/981
f 857/277/982 839/277/962 856/382/981
f 856/382/981 858/382/983 857/277/982
f 858/382/983 856/382/981 1035/546/1056
f 1035/546/1056 859/383/984 858/382/983
f 859/383/984 1035/546/1056 1034/547/1057
f 1034/547/1057 860/384/985 859/383/984
f 860/384/985 1034/547/1057 1036/548/1058
f 1036/548/1058 895/417/999 860/384/985
f 895/417/999 1036/548/1058 1037/549/1059
f 1037/549/1059 896/420/1001 895/417/999
f 896/420/1001 1037/549/1059 1038/550/1060
f 1038/550/1060 914/437/1008 896/420/1001
f 914/437/1008 1038/550/1060 1039/551/1061
f 1039/551/1061 915/438/1009 914/437/1008
f 915/438/1009 1039/551/1061 1040/552/1062
f 1040/552/1062 967/489/1025 915/438/1009
f 967/489/1025 1040/552/1062 1041/335/1063
f 1041/335/1063 968/490/1026 967/489/1025
f 968/490/1026 1041/335/1063 1042/553/1064
f 1042/553/1064 969/491/1027 968/490/1026
f 969/491/1027 1042/553/1064 1043/289/1065
f 1043/289/1065 970/289/1028 969/491/1027
f 970/289/1028 1043/289/1065 1029/290/1050
f 1029/290/1050 1022/290/1042 970/289/1028
f 1022/290/1042 1029/290/1050 848/291/972
f 848/291/972 1023/291/1043 1022/290/1042
f 844/380/1047 1026/380/1046 1044/545/1066
f 1044/545/1066 1025/545/1067 844/380/1047
f 845/376/968 1027/376/1048 1045/380/1068
f 1045/380/1068 1026/380/1046 845/376/968
f 846/289/970 1028/289/1049 1046/376/1069
f 1046/376/1069 1027/376/1048 846/289/970
f 1043/289/1065 1028/289/1049 847/290/971
f 847/290/971 1029/290/1050 1043/289/1065
f 1030/285/1070 1047/285/1071 1031/379/1053
f 1031/379/1053 851/379/1052 1030/285/1070
f 1031/379/1053 1048/379/1072 1032/283/1054
f 1032/283/1054 852/283/977 1031/379/1053
f 1032/283/1054 1049/283/1073 1033/282/1055
f 1033/282/1055 853/282/978 1032/283/1054
f 1034/547/1057 854/281/979 1033/282/1055
f 1033/282/1055 1036/548/1058 1034/547/1057
f 1036/548/1058 1033/282/1055 1049/283/1073
f 1049/283/1073 1037/549/1059 1036/548/1058
f 1037/549/1059 1049/283/1073 1050/379/1074
f 1050/379/1074 1038/550/1060 1037/549/1059
f 1038/550/1060 1050/379/1074 1051/285/1075
f 1051/285/1075 1039/551/1061 1038/550/1060
f 1039/551/1061 1051/285/1075 1052/545/1076
f 1052/545/1076 1040/552/1062 1039/551/1061
f 1040/552/1062 1052/545/1076 1053/380/1077
f 1053/380/1077 1041/335/1063 1040/552/1062
f 1041/335/1063 1053/380/1077 1046/376/1069
f 1046/376/1069 1042/553/1064 1041/335/1063
f 1042/553/1064 1046/376/1069 1028/289/1049
f 1028/289/1049 1043/289/1065 1042/553/1064
f 1025/545/1067 1044/545/1066 1047/285/1071
f 1047/285/1071 1030/285/1070 1025/545/1067
f 1026/380/1046 1045/380/1068 1054/545/1078
f 1054/545/1078 1044/545/1066 1026/380/1046
f 1027/376/1048 1046/376/1069 1053/380/1077
f 1053/380/1077 1045/380/1068 1027/376/1048
f 1047/285/1071 1055/285/1079 1048/379/1072
f 1048/379/1072 1031/379/1053 1047/285/1071
f 1048/379/1072 1050/379/1074 1049/283/1073
f 1049/283/1073 1032/283/1054 1048/379/1072
f 1055/285/1079 1051/285/1075 1050/379/1074
f 1050/379/1074 1048/379/1072 1055/285/1079
f 1054/545/1078 1052/545/1076 1051/285/1075
f 1051/285/1075 1055/285/1079 1054/545/1078
f 1045/380/1068 1053/380/1077 1052/545/1076
f 1052/545/1076 1054/545/1078 1045/380/1068
f 1044/545/1066 1054/545/1078 1055/285/1079
f 1055/285/1079 1047/285/1071 1044/545/1066
usemtl Hole
f 862/386/1080 861/385/1080 1056/385/1080
f 1056/385/1080 1057/386/1080 862/386/1080
f 863/387/1081 862/386/1081 1057/386/887
f 1057/386/887 1058/387/887 863/387/1081
f 864/388/1082 863/387/1082 1058/387/1083
f 1058/387/1083 1059/388/1083 864/388/1082
f 865/389/909 864/388/909 1059/388/909
f 1059/388/909 1060/389/909 865/389/909
f 866/390/1084 865/389/1084 1060/389/1084
f 1060/389/1084 1061/390/1084 866/390/1084
f 867/391/1085 866/390/1085 1061/390/1086
f 1061/390/1086 1062/391/1086 867/391/1085
f 868/395/1087 867/391/1087 1062/391/1087
f 1062/391/1087 1063/395/1087 868/395/1087
f 869/392/1047 868/395/1047 1063/395/1088
f 1063/395/1088 1064/392/1088 869/392/1047
f 870/393/1070 869/392/1070 1064/392/1070
f 1064/392/1070 1065/393/1070 870/393/1070
f 872/396/1089 871/394/1089 1066/394/1089
f 1066/394/1089 1067/396/1089 872/396/1089
f 873/397/887 872/396/887 1067/396/887
f 1067/396/887 1068/397/887 873/397/887
f 874/398/1090 873/397/1090 1068/397/1090
f 1068/397/1090 1069/398/1090 874/398/1090
f 875/399/1091 874/398/1091 1069/398/1092
f 1069/398/1092 1070/399/1093 875/399/1091
f 876/400/1094 875/399/1094 1070/399/1094
f 1070/399/1094 1071/400/1094 876/400/1094
f 877/401/1085 876/400/1085 1071/400/1085
f 1071/400/1085 1072/401/1085 877/401/1085
f 878/402/1095 877/401/1095 1072/401/1095
f 1072/401/1095 1073/402/1095 878/402/1095
f 879/403/1096 878/402/1096 1073/402/1088
f 1073/402/1088 1074/403/1088 879/403/1096
f 880/404/1070 879/403/1070 1074/403/1070
f 1074/403/1070 1075/404/1070 880/404/1070
f 881/405/1097 880/404/1097 1075/404/1097
f 1075/404/1097 1076/405/1097 881/405/1097
f 882/406/1098 881/405/1098 1076/405/976
f 1076/405/976 1077/406/976 882/406/1098
f 883/407/1099 882/406/1099 1077/406/1099
f 1077/406/1099 1078/407/1099 883/407/1099
f 884/408/934 883/407/934 1078/407/1100
f 1078/407/1100 1079/408/1100 884/408/934
f 885/415/1101 884/408/1101 1079/408/1101
f 1079/408/1101 1080/415/1102 885/415/1101
f 886/410/916 885/415/916 1080/415/1103
f 1080/415/1103 1081/410/1103 886/410/916
f 887/409/1104 886/410/1104 1081/410/1104
f 1081/410/1104 1082/409/1104 887/409/1104
f 871/394/1105 887/409/1105 1082/409/882
f 1082/409/882 1066/394/882 871/394/1105
f 888/411/1106 870/393/1106 1065/393/1107
f 1065/393/1107 1083/411/1107 888/411/1106
f 889/412/976 888/411/976 1083/411/1098
f 1083/411/1098 1084/412/1108 889/412/976
f 890/413/1109 889/412/1109 1084/412/1109
f 1084/412/1109 1085/413/1109 890/413/1109
f 891/414/1100 890/413/1100 1085/413/1100
f 1085/413/1100 1086/414/1100 891/414/1100
f 892/416/1110 891/414/1110 1086/414/1110
f 1086/414/1110 1087/416/1110 892/416/1110
f 893/419/916 892/416/916 1087/416/916
f 1087/416/916 1088/419/916 893/419/916
f 894/418/1111 893/419/1111 1088/419/1111
f 1088/419/1111 1089/418/1111 894/418/1111
f 861/385/882 894/418/882 1089/418/1112
f 1089/418/1112 1056/385/1112 861/385/882
f 898/422/1089 897/421/1089 1090/421/1089
f 1090/421/1089 1091/422/1089 898/422/1089
f 899/423/887 898/422/887 1091/422/1081
f 1091/422/1081 1092/423/1081 899/423/887
f 900/424/1090 899/423/1090 1092/423/1113
f 1092/423/1113 1093/424/1113 900/424/1090
f 901/425/1091 900/424/1091 1093/424/1091
f 1093/424/1091 1094/425/1091 901/425/1091
f 902/426/1094 901/425/1094 1094/425/1094
f 1094/425/1094 1095/426/1094 902/426/1094
f 903/427/1114 902/426/1114 1095/426/1085
f 1095/426/1085 1096/427/1085 903/427/1114
f 904/428/1095 903/427/1095 1096/427/1095
f 1096/427/1095 1097/428/1095 904/428/1095
f 905/429/1115 904/428/1115 1097/428/1096
f 1097/428/1096 1098/429/1096 905/429/1115
f 906/430/1070 905/429/1070 1098/429/1070
f 1098/429/1070 1099/430/1070 906/430/1070
f 907/431/1097 906/430/1097 1099/430/1097
f 1099/430/1097 1100/431/1097 907/431/1097
f 908/432/1098 907/431/1098 1100/431/1098
f 1100/431/1098 1101/432/1098 908/432/1098
f 909/433/1099 908/432/1099 1101/432/1099
f 1101/432/1099 1102/433/1099 909/433/1099
f 910/434/1116 909/433/1116 1102/433/934
f 1102/433/934 1103/434/934 910/434/1116
f 911/442/1117 910/434/1117 1103/434/1117
f 1103/434/1117 1104/442/1117 911/442/1117
f 912/436/1118 911/442/1118 1104/442/1119
f 1104/442/1119 1105/436/1119 912/436/1118
f 913/435/1104 912/436/1104 1105/436/1104
f 1105/436/1104 1106/435/1104 913/435/1104
f 897/421/1105 913/435/882 1106/435/1105
f 1106/435/1105 1090/421/1105 897/421/1105
f 917/440/1120 916/439/1120 1107/439/1080
f 1107/439/1080 1108/440/1080 917/440/1120
f 918/441/1121 917/440/1121 1108/440/887
f 1108/440/887 1109/441/887 918/441/1121
f 919/443/1083 918/441/1082 1109/441/1083
f 1109/441/1083 1110/443/1083 919/443/1083
f 920/444/1122 919/443/1122 1110/443/1122
f 1110/443/1122 1111/444/1122 920/444/1122
f 921/460/1084 920/444/1084 1111/444/1084
f 1111/444/1084 1112/460/1084 921/460/1084
f 922/459/1123 921/460/1123 1112/460/1124
f 1112/460/1124 1113/459/1124 922/459/1123
f 923/458/1087 922/459/1087 1113/459/1087
f 1113/459/1087 1114/458/1087 923/458/1087
f 924/450/1125 923/458/1125 1114/458/1126
f 1114/458/1126 1115/450/1126 924/450/1125
f 925/445/1070 924/450/1070 1115/450/1070
f 1115/450/1070 1116/445/1070 925/445/1070
f 926/446/1107 925/445/1107 1116/445/1107
f 1116/445/1107 1117/446/1107 926/446/1107
f 927/447/1108 926/446/1108 1117/446/1108
f 1117/446/1108 1118/447/1108 927/447/1108
f 929/449/1080 928/448/1080 1119/448/1080
f 1119/448/1080 1120/449/1080 929/449/1080
f 930/451/887 929/449/887 1120/449/887
f 1120/449/887 1121/451/887 930/451/887
f 931/452/1082 930/451/1082 1121/451/1082
f 1121/451/1082 1122/452/1082 931/452/1082
f 932/453/909 931/452/909 1122/452/909
f 1122/452/909 1123/453/909 932/453/909
f 933/457/1084 932/453/1084 1123/453/1084
f 1123/453/1084 1124/457/1084 933/457/1084
f 934/454/948 933/457/948 1124/457/948
f 1124/457/948 1125/454/948 934/454/948
f 935/455/1087 934/454/1087 1125/454/1087
f 1125/454/1087 1126/455/1087 935/455/1087
f 937/461/1080 936/456/1080 1127/456/1080
f 1127/456/1080 1128/461/1080 937/461/1080
f 938/462/887 937/461/887 1128/461/1121
f 1128/461/1121 1129/462/1121 938/462/887
f 939/463/1082 938/462/1082 1129/462/1083
f 1129/462/1083 1130/463/1083 939/463/1082
f 940/464/1122 939/463/1122 1130/463/1122
f 1130/463/1122 1131/464/1122 940/464/1122
f 941/465/1084 940/464/1084 1131/464/1084
f 1131/464/1084 1132/465/1084 941/465/1084
f 942/466/1127 941/465/1127 1132/465/1128
f 1132/465/1128 1133/466/1128 942/466/1127
f 943/467/1087 942/466/1087 1133/466/1087
f 1133/466/1087 1134/467/1087 943/467/1087
f 944/512/1096 943/467/1096 1134/467/1096
f 1134/467/1096 1135/512/1096 944/512/1096
f 945/468/1070 944/512/1070 1135/512/1070
f 1135/512/1070 1136/468/1070 945/468/1070
f 946/469/1107 945/468/1107 1136/468/1107
f 1136/468/1107 1137/469/1107 946/469/1107
f 947/470/976 946/469/976 1137/469/1108
f 1137/469/1108 1138/470/1108 947/470/976
f 948/471/1109 947/470/1109 1138/470/1109
f 1138/470/1109 1139/471/1109 948/471/1109
f 949/472/1116 948/471/1116 1139/471/1100
f 1139/471/1100 1140/472/1100 949/472/1116
f 950/475/1110 949/472/1110 1140/472/1110
f 1140/472/1110 1141/475/1110 950/475/1110
f 951/474/1129 950/475/1129 1141/475/916
f 1141/475/916 1142/474/916 951/474/1129
f 952/473/1111 951/474/1111 1142/474/1111
f 1142/474/1111 1143/473/1111 952/473/1111
f 936/456/1105 952/473/1105 1143/473/882
f 1143/473/882 1127/456/882 936/456/1105
f 953/476/1047 935/455/1047 1126/455/1047
f 1126/455/1047 1144/476/1047 953/476/1047
f 954/477/1070 953/476/1070 1144/476/1070
f 1144/476/1070 1145/477/1070 954/477/1070
f 955/478/1107 954/477/1107 1145/477/1107
f 1145/477/1107 1146/478/1130 955/478/1107
f 956/479/976 955/478/976 1146/478/976
f 1146/478/976 1147/479/976 956/479/976
f 957/480/1109 956/479/1109 1147/479/1109
f 1147/479/1109 1148/480/1109 957/480/1109
f 958/481/1100 957/480/1100 1148/480/934
f 1148/480/934 1149/481/934 958/481/1100
f 959/492/1110 958/481/1110 1149/481/1110
f 1149/481/1110 1150/492/1110 959/492/1110
f 960/486/916 959/492/916 1150/492/916
f 1150/492/916 1151/486/916 960/486/916
f 961/483/1111 960/486/1111 1151/486/1111
f 1151/486/1111 1152/483/1111 961/483/1111
f 928/448/882 961/483/882 1152/483/882
f 1152/483/882 1119/448/882 928/448/882
f 962/482/1109 927/447/1109 1118/447/1109
f 1118/447/1109 1153/482/1109 962/482/1109
f 963/484/934 962/482/1116 1153/482/1131
f 1153/482/1131 1154/484/1131 963/484/934
f 964/485/1110 963/484/1110 1154/484/1110
f 1154/484/1110 1155/485/1110 964/485/1110
f 965/488/1132 964/485/1132 1155/485/916
f 1155/485/916 1156/488/916 965/488/1132
f 966/487/1111 965/488/1111 1156/488/1111
f 1156/488/1111 1157/487/1111 966/487/1111
f 916/439/882 966/487/882 1157/487/1105
f 1157/487/1105 1107/439/1105 916/439/882
f 972/494/1080 971/493/1080 1158/493/1120
f 1158/493/1120 1159/494/1120 972/494/1080
f 973/495/887 972/494/887 1159/494/887
f 1159/494/887 1160/495/887 973/495/887
f 974/496/1082 973/495/1082 1160/495/1133
f 1160/495/1133 1161/496/1133 974/496/1082
f 975/497/1134 974/496/1134 1161/496/1134
f 1161/496/1134 1162/497/1134 975/497/1134
f 976/502/1135 975/497/1135 1162/497/1084
f 1162/497/1084 1163/502/1084 976/502/1135
f 977/501/948 976/502/948 1163/502/1127
f 1163/502/1127 1164/501/1127 977/501/948
f 978/498/1087 977/501/1087 1164/501/1087
f 1164/501/1087 1165/498/1087 978/498/1087
f 979/499/1047 978/498/1047 1165/498/1047
f 1165/498/1047 1166/499/1047 979/499/1047
f 981/503/1120 980/500/1120 1167/500/1080
f 1167/500/1080 1168/503/1080 981/503/1120
f 982/504/887 981/503/887 1168/503/887
f 1168/503/887 1169/504/887 982/504/887
f 983/505/1082 982/504/1082 1169/504/1083
f 1169/504/1083 1170/505/1083 983/505/1082
f 984/506/1134 983/505/1134 1170/505/1134
f 1170/505/1134 1171/506/1134 984/506/1134
f 985/507/1084 984/506/1084 1171/506/1084
f 1171/506/1084 1172/507/1084 985/507/1084
f 986/508/1127 985/507/1127 1172/507/1127
f 1172/507/1127 1173/508/1127 986/508/1127
f 988/510/1080 987/509/1080 1174/509/1080
f 1174/509/1080 1175/510/1080 988/510/1080
f 989/511/1136 988/510/1136 1175/510/1137
f 1175/510/1137 1176/511/1137 989/511/1136
f 990/513/1082 989/511/1082 1176/511/1083
f 1176/511/1083 1177/513/1083 990/513/1082
f 991/514/909 990/513/909 1177/513/1122
f 1177/513/1122 1178/514/1122 991/514/909
f 992/515/1084 991/514/1084 1178/514/1084
f 1178/514/1084 1179/515/1084 992/515/1084
f 993/516/1127 992/515/1127 1179/515/1127
f 1179/515/1127 1180/516/1127 993/516/1127
f 994/517/1087 993/516/1087 1180/516/1087
f 1180/516/1087 1181/517/1087 994/517/1087
f 995/518/1096 994/517/1096 1181/517/1096
f 1181/517/1096 1182/518/1096 995/518/1096
f 996/519/1070 995/518/1070 1182/518/1070
f 1182/518/1070 1183/519/1070 996/519/1070
f 997/520/1107 996/519/1107 1183/519/1107
f 1183/519/1107 1184/520/1107 997/520/1107
f 998/521/976 997/520/976 1184/520/976
f 1184/520/976 1185/521/976 998/521/976
f 999/522/1109 998/521/1109 1185/521/1109
f 1185/521/1109 1186/522/1109 999/522/1109
f 1000/523/1138 999/522/1138 1186/522/1139
f 1186/522/1139 1187/523/1139 1000/523/1138
f 1001/526/1110 1000/523/1110 1187/523/1110
f 1187/523/1110 1188/526/1110 1001/526/1110
f 1002/525/1132 1001/526/1132 1188/526/1140
f 1188/526/1140 1189/525/1140 1002/525/1132
f 1003/524/1111 1002/525/1111 1189/525/1111
f 1189/525/1111 1190/524/1111 1003/524/1111
f 987/509/882 1003/524/882 1190/524/882
f 1190/524/882 1174/509/882 987/509/882
f 1004/527/1087 986/508/1087 1173/508/1087
f 1173/508/1087 1191/527/1087 1004/527/1087
f 1005/528/1047 1004/527/1047 1191/527/1047
f 1191/527/1047 1192/528/1047 1005/528/1047
f 1006/529/1070 1005/528/1070 1192/528/1070
f 1192/528/1070 1193/529/1070 1006/529/1070
f 1007/530/1107 1006/529/1107 1193/529/1107
f 1193/529/1107 1194/530/1107 1007/530/1107
f 1008/531/976 1007/530/976 1194/530/1098
f 1194/530/1098 1195/531/1098 1008/531/976
f 1009/532/1109 1008/531/1109 1195/531/1109
f 1195/531/1109 1196/532/1109 1009/532/1109
f 1010/533/1100 1009/532/1100 1196/532/934
f 1196/532/934 1197/533/934 1010/533/1100
f 1011/536/1110 1010/533/1110 1197/533/1110
f 1197/533/1110 1198/536/1110 1011/536/1110
f 1012/535/916 1011/536/916 1198/536/916
f 1198/536/916 1199/535/916 1012/535/916
f 1013/534/1111 1012/535/1111 1199/535/1111
f 1199/535/1111 1200/534/1111 1013/534/1111
f 980/500/882 1013/534/882 1200/534/882
f 1200/534/882 1167/500/882 980/500/882
f 1014/537/1070 979/499/1070 1166/499/1070
f 1166/499/1070 1201/537/1070 1014/537/1070
f 1015/538/1106 1014/537/1106 1201/537/1106
f 1201/537/1106 1202/538/1106 1015/538/1106
f 1016/539/976 1015/538/976 1202/538/976
f 1202/538/976 1203/539/976 1016/539/976
f 1017/540/1109 1016/539/1109 1203/539/1109
f 1203/539/1109 1204/540/1109 1017/540/1109
f 1018/541/934 1017/540/934 1204/540/1100
f 1204/540/1100 1205/541/1100 1018/541/934
f 1019/544/1110 1018/541/1110 1205/541/1110
f 1205/541/1110 1206/544/1110 1019/544/1110
f 1020/543/916 1019/544/916 1206/544/916
f 1206/544/916 1207/543/916 1020/543/916
f 1021/542/1111 1020/543/1111 1207/543/1111
f 1207/543/1111 1208/542/1111 1021/542/1111
f 971/493/882 1021/542/882 1208/542/882
f 1208/542/882 1158/493/882 971/493/882
f 1089/418/987 1088/419/1024 1087/416/987
f 1087/416/987 1086/414/1021 1085/413/987
f 1085/413/987 1084/412/1000 1083/411/987
f 1087/416/987 1085/413/987 1083/411/987
f 1083/411/987 1065/393/987 1064/392/987
f 1064/392/987 1063/395/1141 1062/391/987
f 1083/411/987 1064/392/987 1062/391/987
f 1087/416/987 1083/411/987 1062/391/987
f 1062/391/987 1061/390/1142 1060/389/1143
f 1062/391/987 1060/389/1143 1059/388/987
f 1087/416/987 1062/391/987 1059/388/987
f 1059/388/987 1058/387/987 1057/386/987
f 1087/416/987 1059/388/987 1057/386/987
f 1089/418/987 1087/416/987 1057/386/987
f 1056/385/1030 1089/418/987 1057/386/987
f 1082/409/987 1081/410/986 1080/415/987
f 1080/415/987 1079/408/987 1078/407/987
f 1078/407/987 1077/406/987 1076/405/987
f 1080/415/987 1078/407/987 1076/405/987
f 1076/405/987 1075/404/986 1074/403/987
f 1074/403/987 1073/402/1144 1072/401/987
f 1076/405/987 1074/403/987 1072/401/987
f 1080/415/987 1076/405/987 1072/401/987
f 1072/401/987 1071/400/989 1070/399/987
f 1072/401/987 1070/399/987 1069/398/987
f 1080/415/987 1072/401/987 1069/398/987
f 1069/398/987 1068/397/1145 1067/396/987
f 1080/415/987 1069/398/987 1067/396/987
f 1082/409/987 1080/415/987 1067/396/987
f 1066/394/987 1082/409/987 1067/396/987
f 1106/435/986 1105/436/1146 1104/442/987
f 1104/442/987 1103/434/1147 1102/433/986
f 1102/433/986 1101/432/1148 1100/431/987
f 1104/442/987 1102/433/986 1100/431/987
f 1100/431/987 1099/430/1000 1098/429/1149
f 1098/429/1149 1097/428/1150 1096/427/1151
f 1100/431/987 1098/429/1149 1096/427/1151
f 1104/442/987 1100/431/987 1096/427/1151
f 1096/427/1151 1095/426/1152 1094/425/1153
f 1096/427/1151 1094/425/1153 1093/424/1000
f 1104/442/987 1096/427/1151 1093/424/1000
f 1093/424/1000 1092/423/1154 1091/422/987
f 1104/442/987 1093/424/1000 1091/422/987
f 1106/435/986 1104/442/987 1091/422/987
f 1090/421/1155 1106/435/986 1091/422/987
f 1157/487/987 1156/488/1156 1155/485/986
f 1155/485/986 1154/484/1000 1153/482/987
f 1153/482/987 1118/447/1148 1117/446/987
f 1155/485/986 1153/482/987 1117/446/987
f 1117/446/987 1116/445/987 1115/450/1157
f 1115/450/1157 1114/458/1158 1113/459/1159
f 1117/446/987 1115/450/1157 1113/459/1159
f 1155/485/986 1117/446/987 1113/459/1159
f 1113/459/1159 1112/460/1160 1111/444/1161
f 1113/459/1159 1111/444/1161 1110/443/987
f 1155/485/986 1113/459/1159 1110/443/987
f 1110/443/987 1109/441/987 1108/440/987
f 1155/485/986 1110/443/987 1108/440/987
f 1157/487/987 1155/485/986 1108/440/987
f 1107/439/988 1157/487/987 1108/440/987
f 1152/483/987 1151/486/1156 1150/492/987
f 1150/492/987 1149/481/987 1148/480/987
f 1148/480/987 1147/479/987 1146/478/987
f 1150/492/987 1148/480/987 1146/478/987
f 1146/478/987 1145/477/987 1144/476/987
f 1144/476/987 1126/455/1010 1125/454/987
f 1146/478/987 1144/476/987 1125/454/987
f 1150/492/987 1146/478/987 1125/454/987
f 1125/454/987 1124/457/1162 1123/453/987
f 1125/454/987 1123/453/987 1122/452/987
f 1150/492/987 1125/454/987 1122/452/987
f 1122/452/987 1121/451/987 1120/449/987
f 1150/492/987 1122/452/987 1120/449/987
f 1152/483/987 1150/492/987 1120/449/987
f 1119/448/1024 1152/483/987 1120/449/987
f 1143/473/987 1142/474/1000 1141/475/987
f 1141/475/987 1140/472/1153 1139/471/987
f 1139/471/987 1138/470/1000 1137/469/987
f 1141/475/987 1139/471/987 1137/469/987
f 1137/469/987 1136/468/986 1135/512/1000
f 1135/512/1000 1134/467/1163 1133/466/1016
f 1137/469/987 1135/512/1000 1133/466/1016
f 1141/475/987 1137/469/987 1133/466/1016
f 1133/466/1016 1132/465/1164 1131/464/1165
f 1133/466/1016 1131/464/1165 1130/463/1000
f 1141/475/987 1133/466/1016 1130/463/1000
f 1130/463/1000 1129/462/1166 1128/461/986
f 1141/475/987 1130/463/1000 1128/461/986
f 1143/473/987 1141/475/987 1128/461/986
f 1127/456/987 1143/473/987 1128/461/986
f 1208/542/987 1207/543/987 1206/544/987
f 1206/544/987 1205/541/987 1204/540/987
f 1204/540/987 1203/539/987 1202/538/987
f 1206/544/987 1204/540/987 1202/538/987
f 1202/538/987 1201/537/986 1166/499/987
f 1166/499/987 1165/498/1167 1164/501/1165
f 1202/538/987 1166/499/987 1164/501/1165
f 1206/544/987 1202/538/987 1164/501/1165
f 1164/501/1165 1163/502/1168 1162/497/1169
f 1164/501/1165 1162/497/1169 1161/496/987
f 1206/544/987 1164/501/1165 1161/496/987
f 1161/496/987 1160/495/987 1159/494/987
f 1206/544/987 1161/496/987 1159/494/987
f 1208/542/987 1206/544/987 1159/494/987
f 1158/493/987 1208/542/987 1159/494/987
f 1200/534/987 1199/535/987 1198/536/987
f 1198/536/987 1197/533/987 1196/532/987
f 1196/532/987 1195/531/1170 1194/530/987
f 1198/536/987 1196/532/987 1194/530/987
f 1194/530/987 1193/529/987 1192/528/987
f 1192/528/987 1191/527/1171 1173/508/987
f 1194/530/987 1192/528/987 1173/508/987
f 1198/536/987 1194/530/987 1173/508/987
f 1173/508/987 1172/507/1172 1171/506/987
f 1173/508/987 1171/506/987 1170/505/987
f 1198/536/987 1173/508/987 1170/505/987
f 1170/505/987 1169/504/987 1168/503/987
f 1198/536/987 1170/505/987 1168/503/987
f 1200/534/987 1198/536/987 1168/503/987
f 1167/500/987 1200/534/987 1168/503/987
f 1190/524/986 1189/525/1173 1188/526/987
f 1188/526/987 1187/523/1174 1186/522/987
f 1186/522/987 1185/521/987 1184/520/987
f 1188/526/987 1186/522/987 1184/520/987
f 1184/520/987 1183/519/986 1182/518/1024
f 1182/518/1024 1181/517/1175 1180/516/1000
f 1184/520/987 1182/518/1024 1180/516/1000
f 1188/526/987 1184/520/987 1180/516/1000
f 1180/516/1000 1179/515/1176 1178/514/1177
f 1180/516/1000 1178/514/1177 1177/513/987
f 1188/526/987 1180/516/1000 1177/513/987
f 1177/513/987 1176/511/987 1175/510/987
f 1188/526/987 1177/513/987 1175/510/987
f 1190/524/986 1188/526/987 1175/510/987
f 1174/509/987 1190/524/986 1175/510/987
