# Blender 4.2.3 LTS
# www.blender.org
mtllib doll_stand.mtl
o rdmobj00.001
v 0.336600 0.711096 -0.021200
v 0.376755 0.684058 -0.070870
v 0.411503 0.694072 0.039930
v 0.475427 0.677393 0.007369
v 0.447956 0.734327 0.110944
v 0.524740 0.720411 0.087386
v 0.484297 0.768018 0.172315
v 0.560372 0.751937 0.147577
v 0.601746 0.810331 0.093207
v 0.560446 0.777565 0.033704
v 0.546211 0.906174 0.061359
v 0.515068 0.870598 0.000728
v 0.434302 0.928170 0.005501
v 0.456572 0.962652 0.064427
v 0.367362 0.902245 0.051327
v 0.390180 0.933338 0.115764
v 0.351030 0.847305 0.087366
v 0.379893 0.879120 0.151785
v 0.510257 0.737438 -0.041137
v 0.481287 0.828083 -0.062116
v 0.427601 0.894805 -0.040859
v 0.367324 0.874480 0.010548
v 0.347605 0.820140 0.050086
v 0.424771 0.731719 -0.105683
v 0.425482 0.815399 -0.100558
v 0.403082 0.876249 -0.064855
v 0.352042 0.857789 -0.009029
v 0.321373 0.805839 0.014614
v -0.233643 0.791889 -0.162037
v -0.277635 0.729037 -0.180293
v -0.285647 0.829532 -0.186097
v -0.342044 0.764130 -0.201955
v -0.321558 0.659006 -0.166468
v -0.391749 0.692831 -0.191388
v -0.361032 0.598635 -0.152561
v -0.426684 0.634901 -0.183157
v -0.295517 0.581948 -0.015486
v -0.250244 0.649793 -0.031885
v -0.320633 0.604985 0.040498
v -0.279499 0.676030 0.023558
v -0.389282 0.656804 0.061252
v -0.346460 0.722955 0.044183
v -0.455089 0.685351 -0.015815
v -0.411753 0.748333 -0.027826
v -0.436342 0.738507 -0.133363
v -0.479331 0.682656 -0.128314
v -0.386703 0.801674 -0.140855
v -0.369935 0.804666 -0.042775
v -0.323260 0.771373 0.028099
v -0.256211 0.724096 0.010577
v -0.224832 0.696722 -0.046557
v -0.334019 0.856575 -0.128412
v -0.327502 0.846181 -0.036607
v -0.294298 0.807026 0.030443
v -0.231593 0.760891 0.014611
v -0.197221 0.744391 -0.040479
v -0.159285 1.199249 -0.031723
v 0.077368 1.257582 0.029553
v -0.071378 1.251098 -0.089769
v 0.008748 1.203093 0.126530
v 0.117345 1.232214 0.221110
v 0.193417 1.273215 0.119278
v -0.345928 1.669890 -0.348885
v -0.331649 1.891187 -0.310086
v -0.288639 1.678547 -0.403437
v -0.229611 1.891315 -0.396248
v -0.213724 1.682858 -0.464924
v -0.381042 1.819600 -0.260827
v -0.407051 1.848643 -0.115216
v -0.372204 1.907911 -0.150222
v -0.386996 1.865578 -0.012040
v -0.364762 1.924073 -0.040513
v -0.358445 1.874781 0.050793
v -0.332465 1.939262 0.026092
v -0.328621 1.884168 0.101077
v -0.304112 1.951078 0.071171
v -0.274192 1.958201 0.116223
v -0.295179 1.895342 0.148646
v -0.226297 1.969074 0.173650
v -0.250129 1.910060 0.199652
v -0.129459 1.986804 0.225231
v -0.164325 1.927530 0.260207
v 0.032393 2.009502 0.252976
v -0.019018 1.937258 0.299114
v -0.070987 1.856941 0.329851
v 0.012055 1.789989 0.359687
v 0.101722 1.815373 0.343479
v 0.172881 1.828542 0.310394
v 0.152263 2.015424 0.194395
v 0.258537 1.836344 0.265520
v -0.173406 1.850629 0.282784
v -0.263292 1.798610 0.227876
v -0.301689 1.795012 0.180298
v -0.337368 1.784489 0.127677
v -0.370580 1.772622 0.073744
v -0.396882 1.755193 0.021253
v -0.416616 1.771585 -0.093387
v -0.415554 1.744955 -0.203089
v -0.393952 1.658051 -0.268239
v 0.036631 1.044593 -0.053827
v 0.036476 1.059290 -0.046217
v 0.094097 1.043394 -0.060071
v 0.099116 1.063281 -0.048370
v 0.148150 1.052884 -0.008787
v 0.143591 1.035089 -0.028673
v 0.490500 1.599910 0.114921
v 0.512149 1.409210 0.139153
v 0.494486 1.385109 -0.080997
v 0.415492 1.231723 0.124297
v 0.384747 1.211065 -0.070078
v 0.279247 1.123347 0.013490
v 0.251022 1.121961 -0.076248
v 0.185371 1.082953 0.002318
v 0.163558 1.087899 -0.043711
v 0.118453 1.089768 -0.073209
v 0.179588 1.121356 -0.141895
v 0.305243 1.196452 -0.199970
v 0.409136 1.352854 -0.268785
v 0.494461 1.572587 -0.105876
v 0.042219 1.134266 -0.376489
v 0.201457 1.168053 -0.299745
v 0.005634 1.107446 -0.177513
v 0.095392 1.113857 -0.181684
v 0.020800 1.085151 -0.075605
v 0.068482 1.089670 -0.087241
v 0.270406 1.314875 -0.419304
v 0.078417 1.271899 -0.519903
v 0.061640 1.461080 -0.546617
v 0.263896 1.497993 -0.461393
v 0.408748 1.536903 -0.303169
v 0.088679 1.422704 0.443078
v 0.094490 1.409796 0.443086
v 0.147910 1.403657 0.441958
v 0.026950 1.391264 0.441056
v 0.084230 1.326284 0.438851
v -0.090128 1.359066 0.418588
v -0.043843 1.269355 0.401470
v 0.133403 1.144102 0.264289
v 0.214449 1.242817 0.368952
v 0.277334 1.398289 0.394911
v 0.180903 1.519919 0.425384
v 0.112635 1.446803 0.450952
v 0.082525 1.572127 0.436182
v 0.024706 1.472464 0.464448
v -0.082489 1.593848 0.408380
v -0.098397 1.478683 0.436895
v -0.233671 1.585348 0.321594
v -0.240163 1.472134 0.360944
v -0.307030 1.580867 0.241648
v -0.316283 1.465677 0.280250
v -0.228601 1.367026 0.376710
v -0.100670 1.391118 0.441565
v 0.006861 1.407911 0.456166
v 0.306675 1.625230 0.324481
v 0.216535 1.630962 0.371903
v 0.121309 1.667502 0.398844
v 0.018068 1.687379 0.387909
v -0.110791 1.637194 0.364917
v -0.197863 1.630830 0.319098
v -0.224794 1.684214 0.275995
v -0.145557 1.704785 0.325078
v -0.059171 1.694034 0.357752
v -0.070159 1.754223 0.345405
v -0.110124 1.783892 0.324258
v -0.163105 1.780300 0.294662
v -0.212043 1.738296 0.275564
v -0.340921 1.672469 0.153570
v -0.349667 1.571731 0.180653
v -0.299408 1.678766 0.206717
v -0.261458 1.679943 0.239346
v -0.371328 1.655408 0.095520
v -0.387141 1.554904 0.117942
v -0.384160 1.640093 0.049642
v -0.427360 1.522587 0.022554
v -0.401676 1.626771 0.002532
v -0.362926 1.453791 0.215358
v -0.403092 1.437749 0.146810
v -0.443580 1.406712 0.048344
v -0.452397 1.365045 -0.106484
v -0.441251 1.477655 -0.145331
v -0.424119 1.328785 -0.223225
v -0.413655 1.274970 -0.183132
v -0.442094 1.283277 -0.077309
v -0.432414 1.302764 0.067323
v -0.392293 1.321353 0.167822
v -0.350792 1.334645 0.236062
v -0.304881 1.348916 0.300496
v -0.186510 1.351466 0.369775
v -0.085635 1.373570 0.413445
v 0.024046 1.399414 0.433678
v 0.084679 1.411017 0.431891
v 0.085778 1.409405 0.430064
v 0.005648 1.386555 0.444786
v -0.097264 1.365764 0.435965
v -0.215773 1.338454 0.373886
v -0.290068 1.316572 0.298722
v -0.335600 1.302593 0.234812
v -0.377215 1.289442 0.167506
v -0.418861 1.275162 0.067808
v -0.431413 1.261092 -0.069285
v -0.400775 1.259023 -0.170226
v -0.305217 1.304555 0.215758
v -0.257354 1.319831 0.276535
v -0.189312 1.340130 0.347611
v -0.069669 1.365463 0.394924
v 0.021242 1.385325 0.406404
v 0.090043 1.408150 0.411616
v 0.090494 1.406370 0.413009
v 0.033425 1.393933 0.409030
v -0.065433 1.371560 0.391130
v -0.162861 1.350999 0.352820
v -0.254233 1.326108 0.267039
v -0.278314 1.323470 0.285427
v -0.324419 1.310657 0.226010
v -0.298047 1.311527 0.209508
v -0.335204 1.301112 0.145755
v -0.343827 1.293229 0.147246
v -0.384417 1.279929 0.055375
v -0.383976 1.268179 -0.076926
v -0.360103 1.266130 -0.169230
v -0.358367 1.269451 -0.243642
v -0.340044 1.272792 -0.240266
v -0.360660 1.270592 -0.243917
v -0.340844 1.270692 -0.240544
v -0.385369 1.270684 -0.186571
v -0.358914 1.271031 -0.184030
v -0.379968 1.274158 -0.081210
v -0.408175 1.273203 -0.072258
v -0.380932 1.284014 0.026895
v -0.405665 1.283105 0.039306
v -0.361513 1.297818 0.160815
v -0.324660 1.288827 0.231944
v -0.276823 1.303405 0.292371
v -0.370661 1.277331 -0.255587
v -0.366410 1.264487 -0.256237
v -0.389534 1.260565 -0.189161
v -0.411956 1.259119 -0.065423
v -0.405117 1.262334 0.044354
v -0.362661 1.277062 0.164218
v -0.300597 1.195669 0.169656
v -0.264961 1.203845 0.226257
v -0.112050 1.129281 0.195577
v -0.223926 1.216717 0.276513
v -0.246064 1.117665 -0.267240
v -0.193469 1.106644 -0.028164
v -0.357275 1.193043 -0.212938
v -0.364957 1.177907 -0.056282
v -0.347274 1.179308 0.055842
v -0.168632 1.120080 0.094524
v 0.026096 1.078608 0.119615
v -0.012731 1.077942 0.086076
v 0.051368 1.046767 0.090906
v 0.025788 1.048602 0.072864
v 0.058620 1.021082 0.089673
v 0.030531 1.024408 0.077612
v 0.003083 1.032356 0.030108
v 0.005467 1.051381 0.029567
v -0.035762 1.076970 0.023134
v 0.089203 1.018797 0.090383
v 0.082825 1.045298 0.092107
v 0.077683 1.076845 0.129727
v 0.006732 1.139509 0.251281
v -0.134538 1.238074 0.353815
v -0.184540 1.330327 0.374592
v 0.140864 1.075225 0.109272
v 0.124142 1.045119 0.071155
v 0.132174 1.021549 0.062633
v -0.037087 1.486001 0.190459
v -0.128077 1.475650 0.057519
v 0.198761 1.385319 0.099640
v 0.095799 1.377310 -0.001646
v -0.059968 1.353571 -0.138291
v -0.208964 1.430504 -0.074362
v -0.295790 1.426037 0.103794
v -0.338719 1.398386 0.006226
v -0.264881 1.439643 0.155050
v -0.342615 1.336085 -0.134298
v -0.267911 1.352132 -0.210962
v -0.158275 1.311086 -0.259210
v -0.180833 1.235080 -0.252539
v -0.249630 1.199251 -0.186548
v -0.341465 1.214404 -0.111889
v -0.325838 1.233109 -0.191095
v -0.318637 1.218370 0.016685
v -0.214926 1.242986 0.192904
v -0.100698 1.279909 0.326265
v -0.001151 1.315657 0.386270
v 0.065951 1.353192 0.392925
v 0.126465 1.300570 0.330770
v -0.019691 1.438676 0.358237
v 0.056354 1.432054 0.392704
v 0.095381 1.422271 0.390299
v 0.105388 1.391253 0.398325
v 0.137315 1.338468 0.361344
v 0.187670 1.343496 0.282148
v 0.176851 1.415158 0.244544
v 0.075517 1.462000 0.314996
v -0.156634 1.456827 0.285738
v -0.230738 1.447072 0.204057
v 0.158173 1.370537 0.361363
v 0.144298 1.419859 0.343920
v 0.108334 1.445131 0.351388
v -0.404967 1.581768 -0.176750
v -0.415006 1.617273 -0.091511
v -0.409886 1.643837 -0.179977
v -0.413792 1.685198 -0.145425
v -0.409640 1.700176 -0.086652
v -0.405905 1.675301 -0.024252
v -0.207092 1.459018 -0.467796
v -0.288339 1.467460 -0.407204
v -0.359340 1.511604 -0.343635
v -0.397391 1.552528 -0.254167
v -0.422842 1.535958 -0.117206
v -0.418338 1.559294 -0.021574
v -0.391817 1.418866 -0.294789
v -0.331804 1.355177 -0.361868
v -0.247881 1.234021 -0.397468
v -0.371298 1.292762 -0.287758
v -0.342796 1.249449 -0.300936
v -0.340797 1.306442 -0.211162
v -0.320910 1.290803 -0.242025
v -0.319638 1.258384 -0.243142
v -0.270021 1.216953 -0.235466
v -0.264541 1.241379 -0.267286
v -0.260341 1.293254 -0.267142
v -0.283775 1.320118 -0.247757
v 0.517471 0.972295 0.312978
v 0.550316 1.008165 0.294454
v 0.521948 0.995096 0.360000
v 0.553792 1.021562 0.349679
v 0.508745 1.103015 0.382329
v 0.473421 1.066340 0.347990
v 0.506316 1.081578 0.325839
v 0.494615 1.058260 0.280562
v 0.461625 1.029752 0.304782
v 0.476358 1.034909 0.348304
v 0.498039 1.070671 0.337310
v 0.476230 1.040953 0.394826
v 0.496256 1.074813 0.403655
v 0.547210 1.027875 0.415250
v 0.518128 1.002848 0.405076
v 0.458128 1.017435 0.294152
v 0.507681 0.970514 0.304390
v 0.426876 0.966388 0.247493
v 0.477780 0.920166 0.249199
v 0.445870 0.867026 0.205923
v 0.400555 0.911270 0.194808
v 0.477191 1.081481 0.386035
v 0.439356 1.130513 0.378742
v 0.434701 1.109979 0.334031
v 0.419693 1.092426 0.294303
v 0.408581 1.070601 0.277630
v 0.405630 1.016784 0.231138
v 0.377708 0.973873 0.155053
v 0.463364 1.155060 0.367551
v 0.456906 1.136444 0.308553
v 0.443144 1.115645 0.262130
v 0.430616 1.103918 0.249396
v 0.411310 1.080122 0.221617
v 0.442177 1.061960 0.216270
v 0.415366 1.017142 0.231893
v 0.428475 1.064874 0.229617
v 0.404310 1.033180 0.245014
v 0.403655 1.091988 0.262795
v 0.387676 1.058692 0.270635
v 0.371258 1.093039 0.254854
v 0.346167 1.068157 0.250371
v 0.353519 1.032044 0.212897
v 0.368798 0.995040 0.172918
v 0.521912 0.806642 0.212521
v 0.548474 0.863536 0.252403
v 0.574346 0.916102 0.312498
v 0.576003 0.915682 0.318586
v 0.575726 0.941313 0.371069
v 0.608101 0.952137 0.307672
v 0.607197 0.968599 0.361387
v 0.571174 0.948556 0.418058
v 0.599314 0.973898 0.429521
v 0.532813 0.982463 0.408515
v 0.553988 1.014599 0.418809
v 0.557043 1.012677 0.352413
v 0.532872 0.978599 0.362630
v 0.619430 0.822302 0.266681
v 0.640192 0.865319 0.325716
v 0.633207 0.859858 0.324370
v 0.622624 0.873034 0.367056
v 0.578599 0.912572 0.357054
v 0.569169 0.906285 0.392600
v 0.606250 0.871982 0.401799
v 0.633436 0.893995 0.416845
v 0.657182 0.898799 0.364836
v 0.667270 0.890723 0.318949
v 0.671383 0.889634 0.298350
v 0.660019 0.862990 0.222910
v 0.634892 0.843984 0.147660
v 0.591990 0.785017 0.206292
v 0.601273 0.949860 0.352887
v 0.586501 0.937402 0.406270
v 0.583815 1.041970 0.276345
v 0.530718 1.095015 0.325815
v 0.577113 1.054946 0.336577
v 0.569025 1.057092 0.392909
v 0.527186 1.094998 0.382733
v 0.490398 1.148644 0.285621
v 0.525485 1.086878 0.254487
v 0.476154 1.131758 0.234867
v 0.521397 1.087264 0.228013
v 0.460843 1.128714 0.222450
v 0.503654 1.061989 0.167420
v 0.447424 1.084923 0.166463
v 0.430454 1.053163 0.129952
v 0.485407 1.026095 0.114324
v 0.574618 0.938988 0.117058
v 0.566947 1.004890 0.172345
v 0.580316 1.036067 0.234747
v 0.492063 1.160698 0.334182
v 0.441516 1.082271 0.179632
v 0.424386 1.087339 0.202833
v 0.404716 1.099892 0.236188
v 0.376414 1.105235 0.222998
v 0.352384 1.085442 0.221855
v 0.362222 1.069831 0.177950
v 0.386621 1.039454 0.133367
v 0.410192 1.016087 0.105925
v 0.460497 0.988602 0.089523
v 0.414302 1.068603 0.147936
v 0.394263 1.087046 0.184528
v 0.528526 1.121683 0.349365
v 0.530108 1.106033 0.300116
v 0.588827 1.038484 0.341855
v 0.583408 1.037428 0.398661
v 0.621635 1.003634 0.408320
v 0.631532 1.001617 0.350420
v 0.639841 0.987782 0.296469
v 0.639192 0.978878 0.251140
v 0.618563 0.951745 0.185288
v 0.671000 0.888247 0.198342
v 0.690477 0.921832 0.268797
v 0.689789 0.930594 0.311304
v 0.678663 0.936270 0.359571
v 0.653707 0.929603 0.400977
v 0.620524 0.959870 0.393029
v 0.634858 0.976199 0.349028
v -0.497054 0.377877 0.055783
v -0.527018 0.327810 0.045777
v -0.487285 0.314009 0.040054
v -0.504513 0.320491 -0.027734
v -0.541385 0.332302 -0.009579
v -0.538916 0.381458 0.061024
v -0.564313 0.450284 0.006052
v -0.555935 0.386267 0.001349
v -0.517106 0.384509 -0.016515
v -0.515865 0.443917 -0.008253
v -0.555864 0.392879 -0.018810
v -0.583841 0.458249 -0.070932
v -0.571880 0.398524 -0.073288
v -0.536993 0.455476 -0.085915
v -0.532739 0.399062 -0.089731
v -0.541331 0.339813 -0.033979
v -0.554935 0.343269 -0.083975
v -0.514146 0.391145 -0.025462
v -0.501532 0.328106 -0.042447
v -0.517465 0.333118 -0.102001
v -0.498507 0.433976 0.065840
v -0.542834 0.448308 0.083526
v -0.533768 0.482919 0.088561
v -0.555620 0.497328 0.014718
v -0.525902 0.561821 0.013250
v -0.540721 0.569451 -0.060087
v -0.495181 0.630462 -0.029217
v -0.550616 0.579335 -0.142284
v -0.495016 0.631531 -0.145795
v -0.574428 0.503725 -0.066591
v -0.586973 0.507600 -0.144204
v -0.528310 0.559281 -0.163788
v -0.554215 0.482881 -0.168505
v -0.597230 0.466185 -0.146311
v -0.574493 0.413713 -0.089301
v -0.531926 0.412048 -0.093967
v -0.556607 0.464990 -0.168751
v -0.551248 0.417628 -0.167936
v -0.589644 0.416922 -0.147478
v -0.563945 0.375497 -0.149745
v -0.552478 0.373024 -0.105667
v -0.511377 0.361368 -0.109217
v -0.527294 0.365643 -0.171885
v -0.467487 0.599404 0.088351
v -0.503625 0.543669 0.093655
v -0.516843 0.446374 0.152618
v -0.505283 0.469202 0.155016
v -0.476352 0.427765 0.142283
v -0.527911 0.392921 0.143438
v -0.489074 0.376793 0.138144
v -0.526026 0.343469 0.135872
v -0.492289 0.315137 0.130581
v -0.543117 0.344271 0.083056
v -0.512964 0.321283 0.063340
v -0.512039 0.381684 0.066039
v -0.546805 0.395722 0.086536
v -0.467130 0.443532 0.143185
v -0.468213 0.525448 0.144413
v -0.435308 0.563923 0.137495
v -0.411583 0.626495 0.077218
v -0.397185 0.590891 0.124647
v -0.390670 0.549595 0.151895
v -0.348713 0.546436 0.094354
v -0.353016 0.516603 0.115176
v -0.363241 0.468138 0.142516
v -0.389876 0.496231 0.177533
v -0.430648 0.535246 0.156793
v -0.437306 0.472132 0.141380
v -0.462416 0.507268 0.144955
v -0.426339 0.492683 0.172620
v -0.392770 0.449099 0.183728
v -0.379380 0.423757 0.165589
v -0.453418 0.475984 0.118579
v -0.452307 0.480707 0.152010
v -0.444827 0.442457 0.163757
v -0.423790 0.448775 0.186584
v -0.414308 0.419445 0.171094
v -0.444426 0.459975 0.124682
v -0.440868 0.418138 0.150931
v -0.515524 0.456542 -0.179561
v -0.511161 0.462742 -0.177228
v -0.508213 0.417322 -0.171225
v -0.489443 0.453188 -0.101281
v -0.492652 0.413649 -0.113382
v -0.480393 0.379511 -0.122114
v -0.492940 0.382070 -0.171837
v -0.466852 0.437882 -0.024665
v -0.490681 0.398668 -0.097454
v -0.487468 0.447298 -0.100715
v -0.473258 0.519099 -0.187736
v -0.435703 0.512069 -0.113716
v -0.460822 0.432219 -0.019886
v -0.444425 0.423671 0.046597
v -0.452646 0.421315 0.049815
v -0.431263 0.419829 0.119853
v -0.441316 0.407300 0.120425
v -0.407003 0.491119 -0.030336
v -0.389307 0.474287 0.033961
v -0.398261 0.469629 0.093874
v -0.335967 0.532401 0.017109
v -0.350281 0.538819 -0.045249
v -0.381625 0.558077 -0.135278
v -0.428559 0.580478 -0.187377
v -0.409365 0.413916 0.130556
v -0.407451 0.446617 0.107951
v -0.406895 0.464411 0.092633
v -0.455085 0.363747 0.115403
v -0.459610 0.314535 0.115222
v -0.472784 0.367449 0.058206
v -0.475622 0.326478 0.056148
v -0.458723 0.378955 0.035799
v -0.454426 0.333144 0.026650
v -0.475047 0.382774 -0.023525
v -0.468731 0.337635 -0.028917
v -0.474731 0.392756 -0.042603
v -0.469035 0.348363 -0.053430
v -0.482715 0.351972 -0.103552
v 0.288334 0.235373 0.426854
v 0.322860 0.159930 0.430203
v 0.352860 0.236487 0.352893
v 0.375642 0.188480 0.362839
v 0.299201 0.308541 0.363353
v 0.348267 0.280053 0.300764
v 0.362832 0.232814 0.222208
v 0.368409 0.208713 0.245424
v 0.382680 0.183051 0.239380
v 0.244898 0.276373 0.072798
v 0.324962 0.303792 0.118031
v 0.301254 0.192401 0.174338
v 0.300800 0.177405 0.189208
v 0.311833 0.158247 0.180255
v 0.353521 0.089763 0.138715
v 0.431821 0.113812 0.202085
v 0.432011 0.105252 0.341457
v 0.364690 0.094485 0.417367
v 0.258557 0.066549 0.417097
v 0.232696 0.126298 0.445717
v 0.198049 0.214563 0.444932
v 0.208880 0.314259 0.388362
v 0.187047 0.397280 0.317233
v 0.275358 0.393715 0.300916
v 0.327753 0.356694 0.220670
v 0.192107 0.043840 0.344457
v 0.168509 0.107507 0.373198
v 0.137978 0.185977 0.373383
v 0.134146 0.276743 0.318964
v 0.117100 0.361298 0.236598
v -0.194978 0.315960 -0.078309
v -0.222054 0.208501 -0.039529
v -0.281829 0.328361 -0.109443
v -0.310894 0.230111 -0.082441
v -0.229603 0.194409 -0.023618
v -0.311565 0.219722 -0.072196
v -0.233715 0.172276 -0.036804
v -0.308669 0.209676 -0.089176
v -0.227948 0.109812 -0.107662
v -0.310674 0.150579 -0.164498
v 0.148869 0.280706 0.068821
v 0.197473 0.178728 0.172563
v 0.203542 0.159515 0.195738
v 0.218513 0.128725 0.194094
v 0.251378 0.055082 0.149016
v -0.364427 0.355419 -0.073918
v -0.394930 0.262765 -0.060174
v -0.378685 0.381091 0.040031
v -0.420404 0.291774 0.049129
v -0.334001 0.388997 0.135751
v -0.374693 0.293186 0.156321
v -0.250466 0.376987 0.175450
v -0.288209 0.280320 0.199152
v -0.212884 0.252287 0.138825
v -0.179354 0.351071 0.116661
v -0.400371 0.241182 -0.054701
v -0.442936 0.245517 0.048377
v -0.422352 0.229212 0.141445
v -0.352036 0.202531 0.196367
v -0.260559 0.181876 0.159388
v -0.279796 0.061307 0.078544
v -0.280933 0.121346 0.128298
v -0.374960 0.076732 0.107866
v -0.374872 0.129405 0.156982
v -0.445383 0.166587 0.100957
v -0.467155 0.106991 0.056457
v -0.459801 0.203348 0.027151
v -0.485627 0.131055 -0.038756
v -0.401521 0.223576 -0.074908
v -0.412314 0.164587 -0.151100
v -0.116252 0.429830 -0.138637
v -0.066237 0.382685 -0.077310
v -0.119806 0.412101 -0.075649
v -0.019153 0.416061 -0.032591
v -0.046966 0.405327 0.125233
v -0.024282 0.407604 0.140080
v -0.084874 0.409756 0.031271
v -0.002750 0.398436 0.126209
v 0.040241 0.391809 0.054124
v -0.024284 0.407604 0.140080
v -0.199973 0.467673 -0.087511
v -0.169568 0.468791 -0.125713
v -0.201218 0.603248 -0.091581
v -0.163900 0.596025 -0.156341
v -0.215455 0.518852 -0.084327
v -0.179407 0.512661 -0.153906
v 0.173824 0.416342 -0.033815
v 0.079828 0.381200 -0.046080
v 0.145658 0.420575 -0.096040
v 0.082827 0.398409 -0.126159
v 0.168357 0.458947 -0.136499
v 0.091929 0.456640 -0.182418
v 0.178659 0.542854 -0.148793
v 0.105776 0.548141 -0.184878
v 0.007084 0.560227 -0.203323
v -0.008622 0.460238 -0.197794
v -0.019999 0.394932 -0.143455
v -0.106067 0.487498 -0.186788
v -0.091307 0.578857 -0.189228
v 0.201771 0.459531 -0.042648
v 0.212962 0.539948 -0.073681
v -0.025204 0.372057 -0.069163
v 0.017676 0.369169 -0.073450
v -0.194067 0.598522 0.087174
v -0.202182 0.530647 0.088496
v -0.172391 0.592965 0.139672
v -0.177706 0.524626 0.139521
v -0.182743 0.476588 0.104770
v -0.164656 0.484635 0.135640
v -0.126930 0.428848 0.110509
v -0.126618 0.446399 0.147421
v -0.069981 0.395858 0.110628
v -0.067610 0.417009 0.153149
v -0.120760 0.499725 0.167758
v -0.054217 0.475208 0.185134
v -0.040118 0.566591 0.191680
v -0.108040 0.580711 0.170846
v 0.196233 0.541063 0.107888
v 0.172410 0.540167 0.152524
v 0.183157 0.483326 0.136564
v 0.156147 0.480803 0.173465
v 0.149490 0.443052 0.172210
v 0.132743 0.448543 0.177553
v 0.082524 0.402490 0.144103
v 0.085067 0.417938 0.171009
v 0.017191 0.382364 0.116491
v 0.019247 0.403472 0.155066
v 0.094071 0.468103 0.181019
v 0.022826 0.463201 0.186835
v 0.036923 0.554583 0.193381
v 0.106753 0.547235 0.175588
v -0.015043 0.471029 0.169265
v 0.009955 0.457044 0.152370
v -0.001123 0.561193 0.175254
v 0.042063 0.555558 0.160326
v 0.090182 0.437965 0.076012
v 0.130357 0.546184 0.027449
v -0.011904 0.457045 -0.071618
v 0.005758 0.565316 -0.107307
v -0.126356 0.583567 0.001317
v -0.120655 0.460828 0.019442
v -0.043289 0.568861 0.158442
v -0.042356 0.465197 0.151216
v -0.001121 0.561193 0.175254
v -0.015041 0.471029 0.169265
v 0.042132 1.701712 -0.547090
v 0.025344 1.887349 -0.491571
v 0.222864 1.730167 -0.462962
v 0.167440 1.893474 -0.420607
v 0.280353 1.914889 -0.299105
v 0.358713 1.762839 -0.317817
v 0.434970 1.799102 -0.134899
v 0.343431 1.950672 -0.148401
v 0.346478 1.991718 0.005126
v 0.437262 1.830130 0.064057
v -0.246240 1.979820 -0.135887
v -0.177258 2.006289 -0.022446
v -0.128115 1.992496 -0.218938
v -0.049867 2.018988 -0.107478
v -0.011474 1.996509 -0.293321
v 0.065328 2.025589 -0.183343
v 0.135103 2.044147 -0.066612
v 0.020119 2.040672 0.010334
v -0.101558 2.026842 0.087893
v -0.170516 0.375818 -0.064785
v -0.234251 0.396106 -0.095517
v 0.197050 0.348172 0.028443
v 0.127338 0.342433 0.039494
v -0.297397 0.438750 -0.062777
v -0.304941 0.465125 0.024575
v -0.268225 0.462696 0.103224
v -0.212593 0.439877 0.138142
v -0.163020 0.407470 0.094109
v 0.112175 0.405077 0.171132
v 0.163461 0.441968 0.229706
v 0.224762 0.452015 0.213116
v 0.267995 0.433105 0.148950
v 0.263910 0.388786 0.068955
v 0.303351 0.750572 -0.120905
v 0.257519 0.766214 -0.119416
v 0.271401 0.819150 -0.128739
v 0.238111 0.810954 -0.103487
v 0.256092 0.887039 -0.093876
v 0.222125 0.868460 -0.081497
v 0.341887 0.776191 -0.130593
v 0.308898 0.830118 -0.114023
v 0.367980 0.823596 -0.107260
v 0.323796 0.842504 -0.078394
v 0.355463 0.860638 -0.064458
v 0.309837 0.845931 -0.024660
v 0.266189 0.852329 -0.014300
v 0.310577 0.850554 -0.016221
v 0.279369 0.814822 -0.003373
v 0.242441 0.837611 -0.017647
v 0.203968 0.834925 -0.004440
v 0.237485 0.845547 0.028623
v 0.276989 0.869131 0.020385
v 0.292153 0.884715 -0.029474
v 0.284351 0.888948 -0.070720
v -0.235537 0.884197 -0.155287
v -0.193297 0.838361 -0.135424
v -0.197840 0.917133 -0.130852
v -0.162611 0.878529 -0.112257
v -0.159784 0.955181 -0.091215
v -0.129330 0.923566 -0.087145
v -0.197652 0.808177 0.021202
v -0.161711 0.853225 0.026185
v -0.254325 0.850803 0.031796
v -0.210403 0.889143 0.032005
v -0.235985 0.919967 -0.017870
v -0.282655 0.884704 -0.026672
v -0.231205 0.937639 -0.079977
v -0.272876 0.908222 -0.102727
v -0.182860 0.965923 -0.056539
v -0.183358 0.957467 -0.012153
v -0.162295 0.933078 0.029597
v -0.128580 0.900734 0.025532
v -0.105824 0.883662 -0.014353
v -0.134886 0.834020 -0.019141
v -0.165351 0.789453 -0.030571
v 0.389532 0.022522 0.131340
v 0.465171 0.051595 0.200063
v 0.400717 -0.006948 0.132107
v 0.478928 0.022240 0.201054
v 0.448855 0.081083 0.348829
v 0.365934 0.082773 0.440455
v 0.400666 -0.021067 0.151619
v 0.470912 0.004704 0.211979
v 0.458866 0.033991 0.362704
v 0.464713 0.052623 0.358905
v 0.383778 0.041816 0.472000
v 0.381910 0.056563 0.472225
v 0.244097 0.032183 0.477083
v 0.247462 0.061149 0.441119
v 0.177116 0.031429 0.356641
v 0.169927 -0.003699 0.360870
v 0.181007 -0.016643 0.365930
v 0.247613 0.017638 0.476664
v -0.452414 0.060710 -0.194974
v -0.522440 0.073200 -0.049570
v -0.504470 0.102060 -0.047181
v -0.480187 0.092486 0.073843
v -0.378192 0.067735 0.132903
v -0.440795 0.089997 -0.185560
v -0.339438 0.067086 -0.208275
v -0.348794 0.037446 -0.216743
v -0.273728 0.044664 0.093870
v -0.392898 0.035265 0.162452
v -0.509432 0.063692 0.090188
v -0.510510 0.049095 0.087582
v -0.518848 0.054126 -0.045147
v -0.450721 0.041706 -0.183421
v -0.358523 0.020934 -0.201650
v -0.395297 0.020932 0.158857
v -0.280483 -0.003970 0.095053
v -0.268740 0.009110 0.097685
v -0.260360 -0.003001 -0.143441
v -0.246684 0.012767 -0.157660
v -0.243480 0.043777 -0.150369
v 0.285828 -0.041390 0.153270
v 0.282066 -0.028055 0.132492
v 0.276851 0.002932 0.133555
v -0.381283 0.022250 -0.034642
v -0.241884 -0.010010 -0.025790
v 0.209251 -0.035407 0.243999
v 0.334537 -0.000506 0.304375
v 0.004892 0.853545 0.178526
v -0.079022 0.765279 0.161021
v -0.010667 0.753793 0.179093
v 0.020651 0.996919 0.028994
v 0.067254 0.992213 0.120871
v 0.043384 0.996760 0.097761
v 0.077677 0.987234 -0.014439
v 0.110805 0.989411 0.051764
v 0.085755 0.990734 0.100436
v -0.140514 0.893976 -0.072943
v -0.120364 0.798215 -0.163285
v -0.161426 0.799011 -0.092550
v -0.056308 0.789488 -0.184637
v -0.099047 0.890578 -0.158658
v -0.077739 0.958999 -0.145533
v -0.118154 0.956759 -0.085868
v -0.047394 1.013898 -0.117749
v -0.088325 1.007706 -0.065453
v -0.024277 1.036845 -0.078277
v -0.022638 1.040334 -0.056194
v 0.026004 1.037926 -0.088493
v 0.085601 1.030607 -0.088340
v 0.007382 1.011322 -0.138294
v 0.074530 1.002709 -0.134626
v -0.016680 0.950656 -0.165510
v 0.065072 0.937708 -0.165100
v 0.054685 0.868218 -0.185172
v 0.146827 0.925173 -0.161900
v 0.146641 0.854253 -0.173678
v 0.206611 0.914681 -0.139257
v 0.206594 0.841019 -0.150265
v 0.242916 0.833193 -0.064928
v 0.202936 0.746995 -0.145115
v 0.265612 0.767281 -0.039450
v -0.037567 0.882962 -0.177744
v 0.241820 0.900655 -0.077923
v 0.193235 0.976395 -0.112437
v 0.228050 0.958396 -0.058470
v 0.176516 1.005550 -0.073845
v 0.178194 1.009939 -0.049223
v 0.137779 1.021598 -0.083415
v 0.141210 0.990465 -0.135340
v 0.136341 0.759463 -0.180384
v 0.135702 0.731814 0.165760
v 0.081940 0.841537 0.180227
v 0.066380 0.741785 0.180793
v 0.235990 0.752796 0.071082
v 0.238797 0.841517 0.047956
v 0.202394 0.724707 0.129397
v 0.211123 0.830242 0.126265
v 0.145009 0.833842 0.164601
v 0.093116 0.911595 0.168543
v 0.151537 0.900954 0.154214
v 0.101942 0.985828 0.132315
v 0.150667 0.973205 0.125326
v 0.093333 1.009942 0.104930
v 0.143681 1.002117 0.094211
v 0.169549 0.994278 0.070772
v 0.170292 1.001730 0.054047
v 0.201566 0.959892 0.105336
v 0.222392 0.950758 0.046986
v 0.238881 0.890462 0.056371
v 0.212282 0.892208 0.117381
v -0.165259 0.787430 0.068242
v -0.143085 0.778551 0.121771
v -0.138689 0.900350 0.039623
v -0.119156 0.881717 0.118974
v -0.101028 0.941039 0.110465
v -0.042146 0.931140 0.149938
v -0.018098 0.999508 0.121601
v 0.031810 0.996758 0.130767
v 0.031956 1.017557 0.097393
v 0.062312 1.012485 0.105493
v 0.066922 0.991389 0.130192
v -0.124243 0.947058 0.048355
v -0.069723 1.002174 0.099348
v -0.089806 0.999417 0.040095
v -0.027755 1.030100 0.041789
v -0.027306 1.024960 0.066427
v -0.004087 1.024021 0.087050
v -0.056795 0.865294 0.160147
v 0.016069 0.923603 0.166842
v 0.040513 0.776032 -0.194035
v 0.055124 0.918779 0.151876
v 0.093116 0.915599 0.131021
v 0.044122 0.849800 0.163286
v 0.090991 0.847511 0.141619
v 0.160509 0.917515 0.044842
v 0.066260 0.945781 -0.056464
v 0.028397 0.749142 0.165053
v -0.021618 0.758818 0.144062
v 0.044124 0.849799 0.163286
v -0.000241 0.861730 0.139605
v 0.055127 0.918778 0.151876
v 0.018903 0.927165 0.129382
v -0.040935 0.948911 0.040395
v 0.053595 0.875018 -0.087783
v 0.169534 0.838172 0.037392
v 0.079839 0.743005 0.146301
v 0.028395 0.749143 0.165053
v -0.073337 0.876025 0.032031
v 0.038534 0.775534 -0.107910
v 0.201126 0.819615 0.037034
v -0.099585 0.783542 0.017128
v -0.025495 0.659170 0.182786
v 0.024115 0.670036 -0.199543
v -0.115122 0.681976 0.003853
v -0.033083 0.662098 0.146448
v 0.013491 0.653867 0.167651
v 0.021938 0.667139 -0.121367
v 0.163926 0.662074 0.020995
v 0.061227 0.647399 0.148529
v 0.013488 0.653868 0.167651
v -0.073382 0.684500 -0.187753
v -0.141568 0.693739 -0.161588
v -0.184928 0.697033 -0.093946
v 0.120788 0.654237 -0.183467
v 0.187360 0.642474 -0.154327
v 0.226711 0.632877 -0.084860
v -0.159042 0.682097 0.132489
v -0.093570 0.670318 0.168283
v -0.181470 0.688143 0.077158
v 0.051550 0.647162 0.184487
v 0.120349 0.636978 0.173005
v 0.187780 0.628044 0.140144
v 0.213343 0.626608 0.085873
v 0.321630 0.759801 0.000915
v 0.374423 0.758056 0.055854
v 0.388773 0.789262 0.106072
v 0.416914 0.828631 0.168551
v -0.205568 0.761382 -0.099353
v -0.241614 0.704584 -0.113435
v -0.275295 0.646391 -0.099447
v -0.315478 0.581870 -0.076706
v -0.092871 1.109565 -0.351576
v -0.076932 1.246289 -0.507471
v -0.091106 1.449460 -0.535095
v 0.441721 1.410022 0.279295
v 0.353901 1.226007 0.247936
v 0.417412 1.614026 0.249201
v 0.178941 1.080178 0.044943
v 0.261492 1.117635 0.098141
v 0.147764 1.028449 0.015609
v 0.142800 1.048085 0.025155
v -0.008097 1.082258 -0.045006
v -0.066813 1.097759 -0.134232
v 0.013136 1.039603 -0.018503
v 0.019696 1.054991 -0.016491
v 0.613829 0.820211 0.109456
v 0.557085 0.917654 0.081189
v 0.427729 0.844857 0.187384
v 0.392615 0.897112 0.174324
v 0.570765 0.760840 0.163770
v 0.392455 0.951348 0.142372
v 0.500113 0.782603 0.190158
v -0.469413 0.665420 -0.018967
v -0.482973 0.667897 -0.133090
v -0.317110 0.555983 0.000138
v -0.328234 0.560615 -0.062141
v -0.424343 0.619649 -0.182744
v -0.337537 0.574134 0.056158
v -0.369494 0.581048 -0.144144
v -0.163856 0.330330 0.018876
v -0.200731 0.224746 0.053259
v -0.221446 0.180454 0.077491
v -0.235819 0.135684 0.069550
v -0.232968 0.063837 -0.001403
v 0.196736 0.028634 0.249120
v 0.161467 0.112742 0.293726
v 0.143292 0.167635 0.283368
v 0.133121 0.224928 0.248828
v 0.106631 0.319329 0.138592
v -0.069145 0.383577 0.014914
v -0.027344 0.383654 0.109693
v -0.026689 0.374373 0.014438
v 0.017488 0.370258 0.026725
v -0.184167 0.478334 0.088070
v -0.168211 0.453624 0.073600
v -0.199723 0.497902 0.063891
v -0.214949 0.530948 0.006279
v -0.208417 0.499964 0.011408
v -0.156655 0.428985 0.016790
v -0.120439 0.403587 0.017404
v -0.162748 0.423573 -0.048236
v -0.193376 0.455607 -0.058974
v -0.212622 0.483128 -0.041988
v 0.210583 0.541121 0.026426
v 0.199604 0.478601 0.060103
v 0.150245 0.452760 0.149640
v 0.171338 0.465541 0.129192
v 0.130051 0.430542 0.135853
v 0.125585 0.386665 0.016256
v 0.116529 0.402846 0.077204
v 0.074316 0.377938 0.056810
v 0.187250 0.436467 0.025574
v 0.163779 0.409986 0.012525
v 0.183627 0.459559 0.078607
v -0.204645 0.601415 -0.002151
v 0.136537 1.937018 -0.392554
v 0.019626 1.925490 -0.461783
v -0.107827 1.929984 -0.430738
v -0.348986 1.939683 -0.059293
v -0.351328 1.929415 -0.164881
v -0.321286 1.925457 -0.272065
v 0.227729 2.039041 0.088267
v 0.310599 2.020057 -0.011737
v 0.297298 1.989265 -0.143906
v -0.003162 2.028848 0.219977
v -0.111551 2.007343 0.205981
v -0.205834 1.986208 0.162119
v 0.259120 2.010576 0.124262
v 0.362537 1.840948 0.193073
v -0.120928 1.887059 -0.463557
v -0.217969 1.931399 -0.361907
v -0.105974 1.688681 -0.531572
v 0.235325 1.960632 -0.279604
v 0.119430 2.041055 0.159946
v -0.258857 1.972822 0.096761
v -0.283252 1.963451 0.055085
v -0.311404 1.955744 0.015486
v -0.170846 0.415093 -0.041125
v -0.162345 0.420663 0.017255
v -0.148515 0.378137 0.012927
v -0.171746 0.447277 0.069534
v -0.218046 0.486927 0.012911
v -0.225572 0.468980 -0.035564
v -0.209500 0.492416 0.061375
v 0.098837 0.362610 0.099522
v 0.119750 0.396963 0.079469
v 0.131558 0.380081 0.032523
v 0.131155 0.429664 0.130646
v 0.195711 0.426077 0.044017
v 0.188582 0.451408 0.082875
v 0.178027 0.465528 0.126208
v 0.155888 0.458236 0.143339
v -0.191140 0.478894 0.083795
v 0.164413 0.394095 0.026280
v -0.199804 0.433209 -0.053667
v 0.239560 0.871863 0.032656
v 0.255611 0.905229 0.022079
v 0.224201 0.847217 0.004879
v 0.241018 0.853741 0.012398
v 0.242022 0.887465 0.036868
v 0.239635 0.921013 0.019763
v 0.207273 0.846619 -0.038163
v 0.230301 0.866454 -0.063655
v 0.224759 0.852054 -0.024354
v 0.240633 0.862633 -0.056070
v 0.240198 0.854264 -0.017605
v 0.247624 0.895235 -0.069324
v 0.244631 0.897602 -0.060231
v 0.263778 0.918388 -0.048433
v 0.246541 0.927136 -0.045187
v 0.252975 0.764521 -0.054176
v 0.225313 0.800914 -0.053940
v 0.262866 0.920493 -0.013775
v 0.240241 0.933483 -0.013980
v -0.127303 0.945028 0.028716
v -0.126825 0.928794 0.024984
v -0.135876 0.912120 0.004883
v -0.121771 0.901425 -0.004481
v -0.132831 0.965048 0.016856
v -0.114090 0.976145 0.011955
v -0.135141 0.955284 -0.074755
v -0.141835 0.980828 -0.052292
v -0.122588 0.955027 -0.068196
v -0.116001 0.983642 -0.053189
v -0.134435 0.912089 -0.023177
v -0.123069 0.906682 -0.033203
v -0.112470 0.897207 -0.047191
v -0.126897 0.923045 -0.071543
v -0.130085 0.921618 -0.063075
v -0.172673 0.808351 -0.083344
v -0.142304 0.851423 -0.066916
v -0.137786 0.982062 -0.017763
v -0.109420 0.987982 -0.021698
v 0.198018 -0.021347 0.233674
v 0.199910 0.011526 0.229696
v -0.227358 0.004676 -0.027331
v -0.227941 0.037736 -0.027966
v -0.169214 0.795293 -0.013137
v -0.143849 0.884294 -0.016253
v -0.080140 1.013402 -0.015450
v 0.241133 0.828311 -0.011715
v 0.282209 0.837520 0.001443
v 0.219840 0.966647 -0.008828
v -0.023219 1.036617 -0.010446
v 0.174419 1.009461 0.005571
v 0.235923 0.648739 0.006438
v -0.188603 0.693526 -0.010526
v -0.001509 0.560807 0.190130
v -0.015305 0.471340 0.183448
v -0.024174 0.409909 0.151381
v -0.015308 0.471340 0.183448
v -0.001511 0.560808 0.190130
v 0.027903 0.747871 0.178452
v 0.054709 0.917817 0.164027
v 0.054706 0.917817 0.164027
v 0.043525 0.847777 0.176171
v 0.027901 0.747871 0.178452
v 0.043522 0.847777 0.176171
v 0.013081 0.653244 0.181810
v 0.013079 0.653245 0.181810
vn -0.6354 -0.7137 0.2947
vn -0.1469 -0.9218 -0.3588
vn -0.3393 -0.8247 0.4525
vn 0.3367 -0.9405 -0.0454
vn -0.3034 -0.7552 0.5810
vn 0.4385 -0.8772 0.1955
vn -0.2612 -0.7095 0.6545
vn 0.4130 -0.8807 0.2319
vn 0.8550 -0.2523 -0.4531
vn 0.8660 -0.2453 -0.4357
vn 0.6274 0.4699 -0.6209
vn 0.6582 0.4344 -0.6149
vn -0.0938 0.8368 -0.5393
vn -0.0892 0.8022 -0.5904
vn -0.8104 0.5586 -0.1768
vn -0.8375 0.5392 -0.0885
vn -0.9671 -0.0197 0.2537
vn -0.8864 -0.0160 0.4626
vn 0.7342 -0.3569 -0.5776
vn 0.6208 0.3034 -0.7229
vn 0.0153 0.8008 -0.5988
vn -0.7661 0.6109 -0.1996
vn -0.9312 0.0265 0.3636
vn 0.3836 -0.4043 -0.8303
vn 0.3721 0.3055 -0.8765
vn -0.0771 0.8155 -0.5736
vn -0.5189 0.8271 0.2161
vn -0.6212 0.1387 0.7713
vn 0.6279 -0.1654 -0.7605
vn 0.4962 -0.3047 -0.8130
vn -0.0029 0.3805 -0.9248
vn -0.1820 0.1712 -0.9683
vn 0.4369 -0.4472 -0.7805
vn -0.2319 0.0146 -0.9726
vn 0.4216 -0.5045 -0.7535
vn -0.3247 -0.0896 -0.9416
vn 0.8168 -0.5652 0.1159
vn 0.8704 -0.4656 0.1603
vn 0.6530 -0.1146 0.7486
vn 0.5996 -0.1186 0.7915
vn -0.0761 0.4128 0.9076
vn -0.1059 0.3289 0.9384
vn -0.7221 0.5461 0.4248
vn -0.6983 0.5852 0.4124
vn -0.7708 0.5482 -0.3246
vn -0.8529 0.4271 -0.3004
vn -0.7059 0.6205 -0.3416
vn -0.6928 0.6261 0.3577
vn -0.2472 0.3143 0.9166
vn 0.5240 -0.2256 0.8213
vn 0.8677 -0.4828 0.1182
vn -0.6044 0.7392 -0.2970
vn -0.6660 0.6420 0.3798
vn -0.3052 0.2076 0.9294
vn 0.4018 -0.3783 0.8339
vn 0.8192 -0.5511 0.1587
vn -0.1116 0.9908 0.0760
vn -0.5329 0.6627 0.5262
vn -0.5371 0.6971 0.4750
vn -0.1512 0.9883 -0.0197
vn -0.3840 0.8903 -0.2447
vn -0.8042 0.5346 0.2597
vn -0.7733 0.0868 -0.6280
vn -0.7066 0.4604 -0.5374
vn -0.6611 0.1019 -0.7433
vn -0.5247 0.4513 -0.7218
vn -0.5727 0.1095 -0.8124
vn -0.8841 0.2558 -0.3910
vn -0.9433 0.3312 -0.0206
vn -0.8383 0.5276 -0.1375
vn -0.9191 0.3158 0.2356
vn -0.8063 0.5809 0.1115
vn -0.8580 0.3332 0.3909
vn -0.7107 0.6586 0.2472
vn -0.8202 0.3424 0.4583
vn -0.6448 0.7164 0.2664
vn -0.6454 0.6798 0.3483
vn -0.7751 0.3601 0.5192
vn -0.5519 0.6636 0.5051
vn -0.6607 0.3998 0.6354
vn -0.3354 0.6910 0.6403
vn -0.4473 0.4924 0.7466
vn 0.0871 0.7183 0.6902
vn -0.0803 0.5170 0.8522
vn -0.2479 0.2940 0.9231
vn -0.0926 0.2940 0.9513
vn 0.2081 0.4057 0.8900
vn 0.3553 0.4323 0.8288
vn 0.3298 0.7290 0.5999
vn 0.4531 0.4428 0.7737
vn -0.5136 0.2030 0.8336
vn -0.6793 0.1758 0.7125
vn -0.8015 0.1741 0.5721
vn -0.8438 0.1626 0.5114
vn -0.8815 0.1481 0.4483
vn -0.9537 0.0867 0.2881
vn -0.9949 0.0466 0.0893
vn -0.9771 0.0570 -0.2048
vn -0.9356 0.0204 -0.3525
vn -0.2369 0.8713 -0.4297
vn -0.4945 -0.3706 -0.7862
vn 0.2168 0.7662 -0.6049
vn 0.3533 -0.3205 -0.8789
vn 0.8085 -0.5192 -0.2771
vn 0.6313 0.7258 -0.2731
vn 0.9556 0.1917 0.2238
vn 0.9648 -0.1620 0.2074
vn 0.9459 -0.2601 -0.1941
vn 0.7422 -0.6503 0.1620
vn 0.7111 -0.6801 -0.1784
vn 0.5188 -0.8545 -0.0244
vn 0.4075 -0.8813 -0.2391
vn 0.4914 -0.8639 -0.1105
vn 0.3337 -0.8501 -0.4073
vn 0.2166 -0.8784 -0.4259
vn 0.2693 -0.8988 -0.3458
vn 0.5608 -0.7488 -0.3533
vn 0.8075 -0.3505 -0.4744
vn 0.9738 0.0908 -0.2084
vn 0.2233 -0.8745 -0.4306
vn 0.4359 -0.8267 -0.3558
vn 0.0929 -0.9820 -0.1644
vn 0.1331 -0.9447 -0.2996
vn -0.1045 -0.9277 -0.3585
vn 0.0470 -0.9129 -0.4054
vn 0.6040 -0.4117 -0.6824
vn 0.2590 -0.4308 -0.8645
vn 0.1752 -0.0649 -0.9824
vn 0.5829 -0.0385 -0.8116
vn 0.8369 0.0244 -0.5469
vn 0.0290 -0.4393 0.8979
vn -0.1651 0.0129 0.9862
vn 0.2274 -0.1178 0.9667
vn -0.1842 0.2350 0.9544
vn 0.0456 -0.3586 0.9324
vn -0.3280 0.0476 0.9435
vn -0.1269 -0.5294 0.8388
vn 0.1608 -0.8261 0.5401
vn 0.2982 -0.5968 0.7449
vn 0.4922 -0.1019 0.8645
vn 0.3665 0.1833 0.9122
vn 0.1627 -0.0498 0.9854
vn 0.0723 0.2794 0.9574
vn -0.0281 0.0815 0.9963
vn -0.3236 0.3783 0.8673
vn -0.3366 0.1630 0.9274
vn -0.5925 0.3341 0.7330
vn -0.6072 0.1735 0.7754
vn -0.7564 0.2768 0.5926
vn -0.7703 0.1486 0.6202
vn -0.5729 -0.1284 0.8095
vn -0.2731 -0.0985 0.9569
vn 0.0126 -0.2862 0.9581
vn 0.4271 0.2959 0.8544
vn 0.5157 0.2661 0.8144
vn 0.1989 0.3423 0.9183
vn -0.1661 0.3202 0.9327
vn -0.3946 0.4216 0.8164
vn -0.4773 0.3681 0.7979
vn -0.6201 0.2421 0.7462
vn -0.4478 0.2433 0.8604
vn -0.3065 0.2796 0.9099
vn -0.2939 0.1945 0.9358
vn -0.3929 0.1629 0.9050
vn -0.5090 0.1510 0.8474
vn -0.5428 0.1754 0.8214
vn -0.8431 0.1755 0.5083
vn -0.8378 0.2347 0.4930
vn -0.7365 0.1898 0.6493
vn -0.6809 0.1994 0.7048
vn -0.9248 0.1286 0.3582
vn -0.8985 0.2313 0.3731
vn -0.9517 0.1116 0.2860
vn -0.9635 0.2152 0.1594
vn -0.9704 0.1286 0.2045
vn -0.8431 0.1279 0.5224
vn -0.9031 0.1084 0.4155
vn -0.9771 0.0559 0.2055
vn -0.9954 -0.0468 -0.0830
vn -0.9754 0.1698 -0.1405
vn -0.9106 -0.2029 -0.3601
vn -0.7890 -0.5515 -0.2709
vn -0.9476 -0.3121 -0.0679
vn -0.9359 -0.2417 0.2563
vn -0.8629 -0.1953 0.4661
vn -0.8025 -0.1831 0.5679
vn -0.7354 -0.1566 0.6593
vn -0.4897 0.7376 0.4650
vn -0.3114 0.8478 0.4292
vn -0.2478 0.9192 0.3060
vn -0.2240 0.9574 -0.1820
vn 0.8325 -0.4155 0.3665
vn 0.1686 -0.7931 0.5852
vn -0.0608 -0.7191 0.6922
vn -0.2341 -0.7699 0.5936
vn -0.3279 -0.8098 0.4866
vn -0.3749 -0.8262 0.4206
vn -0.4155 -0.8395 0.3501
vn -0.4772 -0.8506 0.2209
vn -0.5045 -0.8631 0.0213
vn -0.2950 -0.9475 -0.1233
vn 0.5245 -0.8328 -0.1772
vn 0.5082 -0.8313 -0.2253
vn 0.4023 -0.8777 -0.2605
vn 0.2796 -0.8986 -0.3382
vn 0.3058 -0.8654 -0.3968
vn -0.3787 -0.7795 -0.4990
vn -0.7336 0.2285 -0.6400
vn -0.1220 0.7204 -0.6827
vn 0.0297 0.7613 -0.6477
vn 0.1169 0.8801 -0.4601
vn 0.1147 0.9248 -0.3626
vn -0.6042 0.7087 0.3642
vn -0.6355 0.7217 0.2742
vn 0.2004 0.9258 -0.3206
vn 0.1784 0.9583 -0.2230
vn 0.5593 -0.8159 -0.1469
vn 0.5596 -0.8282 -0.0310
vn 0.5869 -0.8003 0.1229
vn 0.6367 -0.7619 0.1192
vn 0.1142 -0.6801 -0.7242
vn 0.4277 -0.5059 0.7491
vn -0.1101 0.9938 -0.0163
vn 0.1896 0.5681 0.8008
vn -0.5396 0.8283 -0.1509
vn 0.4099 0.9019 0.1363
vn 0.4414 0.8971 -0.0181
vn -0.6724 0.7315 -0.1129
vn 0.2809 0.9404 -0.1919
vn -0.7541 0.6531 0.0690
vn -0.7025 0.6779 0.2168
vn -0.7971 -0.1872 0.5741
vn -0.6973 -0.1628 0.6980
vn -0.7111 -0.6682 -0.2187
vn -0.9544 -0.2213 -0.2003
vn -0.9720 0.0030 -0.2350
vn -0.9852 -0.1644 -0.0484
vn -0.9390 -0.2714 0.2113
vn -0.8750 -0.2152 0.4337
vn -0.5650 -0.7258 0.3924
vn -0.5125 -0.6961 0.5028
vn -0.2370 -0.8864 0.3977
vn -0.4371 -0.6613 0.6096
vn -0.4192 -0.8672 -0.2689
vn -0.2936 -0.9544 0.0545
vn -0.7525 -0.6191 -0.2247
vn -0.6654 -0.7464 0.0024
vn -0.6128 -0.7628 0.2065
vn -0.3088 -0.9278 0.2094
vn -0.2209 -0.8639 0.4527
vn -0.3493 -0.8947 0.2784
vn -0.3178 -0.5187 0.7937
vn -0.6619 -0.4899 0.5674
vn -0.1546 0.5116 0.8452
vn -0.3006 0.7052 0.6421
vn -0.5649 0.7978 0.2108
vn -0.8867 -0.4583 0.0610
vn -0.3193 -0.9475 -0.0143
vn 0.2561 0.5681 0.7821
vn 0.1974 -0.4478 0.8721
vn 0.0180 -0.8542 0.5197
vn -0.0892 -0.8429 0.5306
vn -0.3030 -0.6276 0.7172
vn -0.5179 -0.1465 0.8428
vn 0.3090 -0.8660 0.3931
vn 0.6139 -0.4943 0.6155
vn 0.6441 0.5735 0.5061
vn -0.0880 -0.9960 0.0163
vn -0.0002 -0.9762 0.2170
vn -0.8332 -0.4140 0.3666
vn -0.6090 -0.3871 0.6923
vn -0.5956 -0.3745 0.7106
vn 0.0989 -0.9207 0.3776
vn 0.6492 -0.7491 -0.1319
vn 0.7083 -0.7034 0.0585
vn 0.5925 -0.7743 -0.2221
vn 0.7321 -0.6255 0.2698
vn 0.2229 -0.8345 0.5038
vn -0.4665 -0.3271 0.8218
vn -0.4269 0.6083 0.6691
vn 0.0140 0.9841 0.1769
vn 0.5594 0.8262 0.0667
vn 0.5909 0.7407 0.3198
vn 0.4311 0.8730 -0.2281
vn 0.3099 0.8652 -0.3942
vn 0.2230 0.7837 -0.5797
vn 0.0173 0.6025 -0.7979
vn -0.1920 0.4382 -0.8781
vn -0.4429 0.7208 -0.5331
vn 0.1845 -0.7953 -0.5775
vn 0.0805 -0.7594 -0.6457
vn -0.4699 -0.6510 -0.5961
vn -0.5150 0.0656 -0.8546
vn -0.4989 0.5301 -0.6856
vn -0.9449 0.2016 -0.2580
vn -0.7736 -0.6332 -0.0258
vn -0.1897 -0.9677 -0.1659
vn 0.3774 -0.8069 -0.4543
vn 0.5304 -0.7869 -0.3154
vn -0.7937 0.0221 -0.6079
vn -0.7046 -0.6097 -0.3630
vn -0.4040 -0.8690 -0.2857
vn -0.9879 0.0586 -0.1435
vn -0.9978 0.0648 0.0099
vn -0.9896 -0.0314 -0.1402
vn -0.9989 -0.0339 -0.0323
vn -0.9955 -0.0069 0.0949
vn -0.9914 0.0297 0.1275
vn -0.5515 -0.0776 -0.8305
vn -0.6292 -0.0471 -0.7758
vn -0.7909 0.0209 -0.6115
vn -0.9556 0.0648 -0.2873
vn -0.9691 0.2361 -0.0716
vn -0.9784 0.2053 0.0236
vn -0.8691 -0.0246 -0.4940
vn -0.6886 -0.1580 -0.7077
vn -0.5460 -0.4465 -0.7089
vn -0.7982 -0.3557 -0.4862
vn -0.7446 -0.4347 -0.5065
vn 0.7410 -0.5578 0.3738
vn 0.4551 -0.3407 0.8227
vn 0.5122 0.4429 0.7358
vn 0.2357 0.8638 0.4453
vn 0.1767 0.4203 0.8900
vn 0.1257 -0.2969 0.9466
vn 0.2327 -0.6531 0.7207
vn -0.5914 -0.5262 0.6111
vn 0.2236 0.2939 0.9293
vn 0.0416 -0.9615 0.2715
vn 0.7573 -0.6399 0.1306
vn 0.6243 -0.1379 0.7689
vn -0.0893 -0.8688 0.4871
vn 0.6884 -0.6924 0.2161
vn 0.0734 0.2716 0.9596
vn -0.6416 -0.3616 0.6765
vn -0.9871 -0.0974 0.1269
vn -0.7404 0.6680 -0.0747
vn -0.8841 -0.1003 0.4564
vn -0.4859 0.5800 0.6538
vn 0.4721 -0.2932 0.8313
vn -0.1106 -0.7876 0.6062
vn -0.6145 -0.3852 0.6884
vn -0.5155 -0.4688 0.7172
vn -0.6604 -0.2919 0.6919
vn -0.4326 -0.4660 0.7718
vn -0.4712 -0.3786 0.7966
vn -0.7708 -0.2911 0.5668
vn -0.0919 -0.6278 0.7729
vn -0.7508 0.2558 0.6090
vn -0.9758 0.0602 0.2103
vn -0.9194 0.2342 0.3160
vn -0.9246 0.0235 0.3803
vn -0.9814 0.1920 -0.0096
vn -0.9580 -0.2099 -0.1954
vn -0.2207 0.8608 0.4587
vn -0.6322 0.7595 -0.1532
vn -0.6278 0.7765 -0.0533
vn -0.7302 0.6778 -0.0856
vn -0.8495 0.2744 -0.4506
vn 0.9450 -0.0792 -0.3173
vn 0.2564 -0.9647 -0.0594
vn 0.7758 0.1785 0.6052
vn 0.1896 -0.5684 0.8006
vn 0.4254 0.5351 0.7298
vn 0.0205 -0.3276 0.9446
vn -0.4098 0.6936 0.5924
vn -0.8609 -0.0263 0.5081
vn -0.8554 -0.4773 0.2011
vn -0.8879 -0.4527 0.0816
vn -0.2201 -0.5590 0.7994
vn -0.4026 -0.5247 0.7501
vn -0.6110 -0.6616 0.4347
vn -0.7066 -0.6693 0.2298
vn 0.0390 -0.9594 0.2795
vn 0.0890 0.2731 0.9579
vn 0.7566 -0.6286 0.1801
vn -0.1045 -0.8015 0.5888
vn 0.4547 -0.3022 0.8378
vn -0.8948 -0.0967 0.4359
vn -0.4969 0.5536 0.6683
vn -0.7269 0.6867 -0.0094
vn -0.9875 -0.0738 0.1394
vn 0.2031 -0.8519 0.4826
vn -0.8064 -0.1400 0.5745
vn 0.1434 -0.8638 -0.4830
vn -0.0021 -0.9947 0.1030
vn -0.9829 -0.1217 -0.1381
vn -0.9419 -0.2081 0.2636
vn -0.2520 -0.8607 0.4424
vn 0.3634 -0.3651 0.8571
vn 0.7523 -0.5856 0.3018
vn 0.7737 -0.5843 0.2450
vn 0.8075 -0.5741 0.1355
vn 0.8053 -0.5927 -0.0155
vn 0.8880 -0.2358 -0.3947
vn 0.3511 -0.8424 0.4088
vn -0.7333 0.6788 -0.0394
vn -0.5823 0.4834 0.6537
vn 0.6880 0.7244 -0.0448
vn 0.0393 0.9969 -0.0682
vn 0.9830 0.1638 0.0835
vn 0.8469 0.2202 0.4840
vn 0.0717 0.9392 0.3358
vn 0.2038 0.9295 -0.3074
vn 0.7014 0.7002 -0.1332
vn 0.1934 0.9068 -0.3745
vn 0.6262 0.7172 -0.3058
vn -0.1930 0.9090 -0.3694
vn 0.4698 0.6784 -0.5648
vn -0.0939 0.8407 -0.5333
vn -0.0118 0.6642 -0.7475
vn 0.3142 0.5796 -0.7519
vn 0.6357 0.4646 -0.6164
vn 0.6297 0.5825 -0.5140
vn 0.6750 0.6688 -0.3116
vn 0.2502 0.9679 0.0256
vn -0.6562 0.2292 -0.7189
vn 0.4638 0.8826 0.0771
vn 0.4418 0.8873 0.1322
vn -0.2548 0.9591 -0.1231
vn -0.8317 0.5392 -0.1320
vn -0.7514 0.4507 -0.4820
vn -0.6499 0.3205 -0.6891
vn -0.4331 0.1763 -0.8839
vn -0.0707 0.4904 -0.8686
vn -0.1768 0.7717 -0.6109
vn -0.1243 0.8978 -0.4224
vn 0.9325 0.2085 0.2947
vn 0.9982 0.0218 -0.0558
vn 0.0495 0.9987 0.0133
vn 0.0199 0.9344 0.3556
vn 0.8329 0.2165 0.5094
vn 0.9772 0.1751 0.1203
vn 0.7528 0.6569 0.0422
vn 0.7317 0.6125 -0.2992
vn 0.7010 0.5184 -0.4899
vn 0.9207 -0.0082 -0.3902
vn 0.9826 0.1097 -0.1497
vn 0.9806 0.1551 0.1200
vn 0.9087 0.2245 0.3520
vn 0.6587 0.2238 0.7184
vn -0.0373 0.8309 0.5552
vn 0.0285 0.9737 0.2259
vn 0.2738 -0.1824 0.9443
vn -0.4884 -0.6309 0.6028
vn 0.2162 -0.8257 0.5211
vn -0.1188 -0.6688 -0.7339
vn -0.7524 -0.5041 -0.4239
vn -0.5550 -0.2914 0.7792
vn -0.9703 -0.0806 0.2283
vn -0.9020 -0.1007 -0.4198
vn -0.2922 0.1158 -0.9493
vn -0.1842 -0.9671 -0.1754
vn -0.5405 -0.3673 0.7569
vn -0.9795 -0.0858 0.1822
vn -0.8894 -0.1639 -0.4267
vn -0.1332 -0.9874 -0.0853
vn -0.2896 0.0663 -0.9548
vn -0.4316 -0.6554 0.6198
vn -0.7298 -0.5337 -0.4272
vn 0.2652 -0.2486 0.9316
vn 0.2505 -0.8293 0.4995
vn -0.0926 -0.6717 -0.7350
vn -0.3345 -0.9423 -0.0135
vn -0.9650 0.0403 0.2593
vn -0.8874 0.2959 0.3535
vn -0.9200 0.2753 0.2790
vn -0.8318 0.4751 0.2872
vn -0.8574 0.4775 0.1917
vn -0.7871 0.5645 0.2487
vn -0.7586 0.5318 -0.3764
vn -0.6013 0.5205 -0.6062
vn -0.9299 0.3048 0.2058
vn -0.8643 0.3221 -0.3864
vn -0.3540 0.2775 -0.8931
vn -0.3596 0.1278 -0.9243
vn -0.9185 0.0395 -0.3934
vn -0.5436 -0.4248 0.7239
vn 0.2479 -0.1892 0.9501
vn -0.3542 -0.0177 -0.9350
vn -0.3109 -0.0838 -0.9467
vn -0.8772 -0.2915 -0.3816
vn -0.6565 -0.6740 -0.3388
vn -0.4010 -0.7232 0.5623
vn 0.2477 -0.8024 0.5430
vn -0.0873 -0.7126 -0.6961
vn -0.5203 0.6811 0.5152
vn -0.7435 0.4772 0.4684
vn -0.5050 0.0463 0.8619
vn -0.3458 0.2021 0.9163
vn 0.2771 -0.2054 0.9386
vn -0.5730 -0.0737 0.8163
vn 0.2840 -0.1475 0.9474
vn -0.5737 -0.4006 0.7144
vn -0.0331 -0.7544 0.6556
vn -0.8854 -0.3605 -0.2935
vn -0.4019 -0.6608 -0.6339
vn -0.3528 0.0586 -0.9339
vn -0.9380 0.0274 -0.3456
vn 0.2775 -0.1837 0.9430
vn -0.4253 0.3411 0.8383
vn -0.3165 0.5794 0.7511
vn -0.0547 0.7123 0.6997
vn 0.2632 0.7002 0.6636
vn 0.3961 0.4743 0.7862
vn 0.9269 0.0170 0.3748
vn 0.9895 -0.1393 0.0378
vn 0.9642 -0.2647 0.0174
vn 0.3917 0.2358 0.8894
vn -0.2598 0.3990 0.8794
vn 0.5936 0.3487 0.7253
vn -0.9951 -0.0506 -0.0851
vn -0.3804 0.2118 0.9002
vn 0.3904 -0.1335 0.9109
vn 0.6995 -0.6476 0.3022
vn -0.7375 0.3398 -0.5836
vn -0.8828 -0.1548 0.4434
vn -0.8702 -0.2129 0.4444
vn -0.3224 -0.1129 0.9399
vn -0.0817 -0.7807 0.6196
vn -0.7717 -0.4699 -0.4285
vn -0.6892 -0.7245 0.0118
vn -0.0478 -0.9218 -0.3847
vn -0.7160 0.3311 -0.6146
vn 0.5322 0.1031 -0.8403
vn -0.1918 -0.9806 0.0398
vn 0.8858 0.0128 0.4639
vn 0.9125 -0.3128 0.2637
vn 0.6870 -0.2694 -0.6749
vn 0.0854 -0.9890 -0.1211
vn 0.5013 0.0799 -0.8616
vn -0.2273 -0.9662 -0.1221
vn 0.2798 -0.2470 -0.9277
vn 0.6038 -0.6765 -0.4217
vn -0.0300 -0.9837 -0.1774
vn 0.4553 -0.8737 -0.1713
vn 0.6034 -0.7801 -0.1650
vn 0.7464 -0.5178 0.4180
vn 0.7734 -0.4456 0.4508
vn 0.5966 -0.7151 -0.3644
vn 0.6875 -0.7156 -0.1236
vn 0.7321 -0.5771 0.3619
vn 0.7790 -0.6270 0.0091
vn 0.5916 -0.7490 -0.2983
vn 0.5578 -0.6140 -0.5584
vn 0.2644 -0.0924 -0.9600
vn 0.1190 -0.8433 -0.5241
vn 0.1220 -0.6266 -0.7697
vn 0.0255 -0.1546 -0.9876
vn 0.9091 -0.2088 0.3603
vn 0.6956 -0.6541 0.2972
vn 0.4695 -0.1114 -0.8759
vn 0.4333 -0.4686 -0.7698
vn 0.9065 -0.0958 0.4113
vn 0.8697 -0.4222 0.2557
vn 0.5024 0.0777 -0.8611
vn 0.5912 -0.3077 -0.7455
vn 0.8962 -0.1338 0.4229
vn 0.8782 -0.3961 0.2683
vn 0.5923 -0.2785 -0.7561
vn 0.3493 0.4332 0.8308
vn 0.4205 0.1304 0.8979
vn 0.7796 0.4949 0.3838
vn 0.7948 0.4498 0.4073
vn 0.5601 0.5245 0.6413
vn 0.9008 0.3682 0.2302
vn 0.9485 -0.0696 -0.3090
vn 0.9104 0.2861 -0.2988
vn 0.7074 0.5994 -0.3746
vn 0.3084 -0.4804 -0.8210
vn 0.8269 -0.0123 -0.5623
vn 0.4515 -0.6153 -0.6461
vn 0.3071 -0.1212 -0.9439
vn 0.0745 0.5150 -0.8540
vn 0.1487 0.3730 -0.9158
vn 0.7150 0.5470 -0.4354
vn 0.7862 0.5542 0.2735
vn 0.3123 0.6251 0.7153
vn -0.4271 0.5247 0.7364
vn -0.2216 -0.2842 0.9328
vn -0.3901 0.2027 0.8982
vn -0.2332 0.5388 0.8095
vn -0.3247 0.6908 0.6460
vn 0.4800 0.7362 0.4771
vn 0.8664 0.4990 0.0201
vn -0.9599 0.2313 0.1582
vn -0.8120 -0.4077 0.4177
vn -0.9171 -0.0804 0.3906
vn -0.9171 0.1605 0.3649
vn -0.9270 0.2097 0.3111
vn 0.6595 -0.2814 -0.6970
vn 0.6129 -0.5782 -0.5386
vn -0.0475 -0.0376 -0.9982
vn -0.0839 -0.4674 -0.8801
vn 0.8434 -0.3556 -0.4027
vn 0.2089 0.1230 -0.9702
vn 0.9146 0.2323 -0.3309
vn 0.3551 0.7779 -0.5185
vn 0.8939 0.2399 -0.3787
vn 0.3435 0.5437 -0.7658
vn -0.4733 -0.6177 -0.6280
vn -0.3571 -0.7619 -0.5404
vn -0.5148 -0.5068 -0.6915
vn -0.5913 -0.0009 -0.8065
vn -0.5459 0.1079 -0.8309
vn -0.6884 0.3174 -0.6522
vn -0.6806 0.0755 -0.7288
vn -0.8418 0.5378 0.0474
vn -0.8957 0.4443 0.0174
vn -0.5833 0.5495 0.5981
vn -0.6327 0.3900 0.6690
vn 0.1627 0.3024 0.9392
vn 0.1230 0.0818 0.9890
vn 0.8023 -0.2583 0.5381
vn 0.8468 -0.1093 0.5205
vn -0.6599 0.3550 -0.6622
vn -0.9237 0.3830 0.0065
vn -0.7994 0.1737 0.5751
vn -0.2111 -0.1723 0.9621
vn 0.5765 -0.4121 0.7055
vn 0.7392 0.0927 0.6671
vn 0.4791 -0.5429 0.6897
vn -0.0302 0.3575 0.9334
vn -0.2999 -0.5171 0.8017
vn -0.8506 -0.0850 0.5190
vn -0.6761 0.5075 0.5342
vn -0.9320 0.3623 -0.0137
vn -0.8537 0.5085 -0.1129
vn -0.4061 0.7346 -0.5435
vn -0.3967 0.6404 -0.6577
vn -0.4547 -0.7140 -0.5324
vn -0.3438 -0.9228 -0.1740
vn -0.4810 -0.8561 -0.1890
vn -0.0059 0.8162 0.5777
vn 0.5248 0.7571 -0.3891
vn 0.6372 0.5346 -0.5552
vn 0.5757 0.8143 0.0745
vn -0.2065 0.8815 -0.4246
vn -0.4060 0.9081 0.1031
vn -0.4198 0.6993 -0.5786
vn -0.8111 -0.5015 -0.3010
vn -0.6394 -0.5818 -0.5027
vn -0.9471 0.1487 -0.2846
vn -0.6652 0.1002 -0.7399
vn -0.9625 -0.0663 -0.2631
vn -0.7037 -0.1724 -0.6893
vn 0.6577 -0.7434 -0.1216
vn 0.2829 -0.9541 -0.0983
vn 0.5331 -0.7877 -0.3087
vn 0.2834 -0.8355 -0.4707
vn 0.7005 -0.4428 -0.5596
vn 0.2874 -0.4111 -0.8651
vn 0.7192 -0.1421 -0.6801
vn 0.3068 -0.0571 -0.9501
vn 0.0202 -0.0122 -0.9997
vn -0.0300 -0.3802 -0.9244
vn -0.0945 -0.8063 -0.5839
vn -0.3288 -0.2823 -0.9012
vn -0.2683 0.0326 -0.9628
vn 0.9153 -0.3780 -0.1389
vn 0.9566 -0.1868 -0.2235
vn -0.1529 -0.9805 -0.1238
vn 0.0675 -0.9833 -0.1691
vn -0.9530 0.1455 0.2657
vn -0.9561 -0.0589 0.2872
vn -0.7078 0.1150 0.6970
vn -0.7217 -0.0864 0.6868
vn -0.8051 -0.5308 0.2646
vn -0.6471 -0.3991 0.6496
vn -0.5617 -0.7770 0.2840
vn -0.5146 -0.5524 0.6558
vn -0.3547 -0.8894 0.2885
vn -0.2453 -0.6772 0.6937
vn -0.3885 -0.1494 0.9093
vn -0.1518 -0.2628 0.9528
vn -0.1114 0.0226 0.9935
vn -0.3597 0.0587 0.9312
vn 0.9443 -0.0827 0.3186
vn 0.6399 0.0373 0.7676
vn 0.8793 -0.2825 0.3834
vn 0.4739 0.0674 0.8780
vn 0.5880 -0.6338 0.5026
vn 0.1342 -0.2870 0.9485
vn 0.2850 -0.8906 0.3545
vn 0.1122 -0.5960 0.7951
vn 0.0416 -0.9511 0.3060
vn -0.0607 -0.7041 0.7075
vn 0.0875 -0.0883 0.9922
vn -0.0252 -0.2888 0.9571
vn 0.0583 0.0103 0.9982
vn 0.3028 0.0124 0.9530
vn -0.8554 0.2253 -0.4664
vn -0.5024 0.3640 -0.7843
vn -0.8147 0.1389 -0.5631
vn -0.5760 0.1034 -0.8109
vn -0.8179 0.5468 -0.1788
vn -0.9463 0.3070 0.1011
vn -0.0207 0.4915 0.8706
vn -0.0190 0.2140 0.9766
vn 0.9765 -0.0298 0.2133
vn 0.9389 0.3152 0.1385
vn 0.6557 -0.0592 -0.7527
vn 0.6931 0.1603 -0.7028
vn 0.8418 -0.1193 -0.5265
vn 0.9027 -0.0487 -0.4276
vn 0.1315 0.1589 -0.9785
vn 0.1010 0.4619 -0.8812
vn 0.5479 0.2274 -0.8050
vn 0.4738 0.5238 -0.7079
vn 0.6335 0.5652 -0.5284
vn 0.7746 0.2901 -0.5620
vn 0.9041 0.3439 -0.2537
vn 0.7316 0.6076 -0.3091
vn 0.7367 0.6685 0.1021
vn 0.8920 0.4064 0.1980
vn -0.3050 0.9454 -0.1151
vn -0.2577 0.9656 -0.0363
vn -0.1931 0.9611 -0.1976
vn -0.1448 0.9830 -0.1129
vn -0.0465 0.9544 -0.2949
vn 0.0221 0.9754 -0.2193
vn 0.0635 0.9902 -0.1247
vn -0.0865 0.9957 -0.0328
vn -0.2045 0.9780 0.0404
vn 0.7968 0.0656 -0.6007
vn 0.1849 0.3330 -0.9246
vn 0.2141 -0.1758 -0.9609
vn -0.6325 -0.2747 -0.7242
vn -0.3935 0.6844 -0.6138
vn -0.5560 0.8309 -0.0202
vn -0.3570 0.7898 0.4987
vn 0.3272 0.5157 0.7918
vn 0.9025 0.1402 0.4073
vn -0.8961 0.4219 0.1378
vn -0.4341 0.8109 0.3925
vn 0.2639 0.9273 0.2656
vn 0.6555 0.7440 -0.1294
vn 0.6735 0.3398 -0.6565
vn -0.2297 -0.6266 -0.7447
vn -0.5927 -0.5443 -0.5937
vn -0.2150 0.2178 -0.9520
vn -0.8274 -0.1060 -0.5515
vn -0.1104 0.7150 -0.6903
vn -0.8319 0.4135 -0.3701
vn 0.1029 -0.0296 -0.9942
vn 0.2837 0.5848 -0.7600
vn 0.0860 0.5624 -0.8224
vn 0.2591 0.8835 -0.3903
vn -0.2937 0.8745 -0.3860
vn 0.7151 -0.1198 -0.6886
vn -0.0310 -0.8819 0.4704
vn -0.1238 0.7936 0.5957
vn -0.4161 -0.0048 0.9093
vn 0.0187 -0.5386 0.8424
vn -0.7704 -0.1943 0.6073
vn -0.2471 -0.6360 0.7311
vn 0.6775 -0.0234 0.7352
vn 0.8533 0.4880 0.1837
vn 0.5607 0.7327 -0.3858
vn 0.0770 0.4909 -0.8678
vn 0.6773 -0.1446 -0.7213
vn 0.1755 0.5463 -0.8190
vn 0.6939 -0.0901 -0.7144
vn 0.1808 0.7424 -0.6451
vn 0.7760 0.1338 -0.6164
vn 0.3691 -0.3774 0.8493
vn 0.3898 -0.3201 0.8634
vn -0.2918 0.2642 0.9193
vn -0.2462 0.2954 0.9231
vn -0.5753 0.7084 0.4089
vn -0.6289 0.6732 0.3890
vn -0.4754 0.8627 -0.1725
vn -0.5254 0.8174 -0.2363
vn -0.3617 0.9216 -0.1404
vn -0.4990 0.7813 0.3750
vn -0.1887 0.3651 0.9116
vn 0.6236 -0.1151 0.7732
vn 0.9856 -0.0415 0.1639
vn 0.8168 -0.5498 0.1751
vn 0.8002 -0.5796 0.1541
vn 0.2911 0.1825 -0.9391
vn 0.8086 0.4123 -0.4198
vn 0.4056 -0.3446 -0.8466
vn 0.9295 -0.0593 -0.3640
vn 0.7756 0.5695 0.2723
vn 0.1431 0.8433 0.5181
vn 0.3436 -0.9054 -0.2493
vn 0.6529 -0.7572 -0.0207
vn 0.6831 -0.6391 0.3535
vn 0.9228 0.1989 0.3299
vn 0.4500 -0.4903 0.7464
vn 0.3790 0.4462 0.8107
vn -0.4827 0.2878 0.8271
vn -0.4160 0.8345 0.3613
vn -0.8597 0.5004 0.1023
vn -0.9643 -0.2015 0.1716
vn -0.4424 -0.8437 0.3039
vn -0.2417 -0.6119 0.7531
vn -0.6084 0.0085 -0.7936
vn -0.9669 0.1884 -0.1719
vn -0.8299 0.5461 -0.1144
vn -0.4207 0.7822 0.4595
vn 0.1453 0.7734 0.6171
vn -0.4858 0.4821 -0.7291
vn 0.2319 0.3045 -0.9239
vn 0.0989 -0.2334 -0.9673
vn 0.6814 0.4201 0.5993
vn -0.0168 0.1914 0.9814
vn -0.7528 0.3736 0.5420
vn -0.7548 -0.5495 0.3583
vn -0.7486 -0.6531 -0.1142
vn -0.5267 -0.7289 -0.4374
vn -0.1364 -0.8589 -0.4937
vn -0.1608 -0.6898 0.7059
vn 0.2479 -0.8811 0.4028
vn 0.7462 -0.2431 0.6197
vn 0.2346 -0.9352 -0.2653
vn 0.7107 -0.3887 -0.5864
vn 0.8243 0.1143 -0.5545
vn -0.0933 -0.9669 -0.2374
vn -0.3182 -0.4755 -0.8201
vn -0.4131 0.0260 -0.9103
vn -0.2240 -0.9743 -0.0229
vn 0.3379 -0.9406 0.0340
vn -0.3382 -0.9399 -0.0463
vn 0.1754 -0.9645 0.1976
vn -0.0934 0.1057 0.9900
vn -0.3782 0.1058 0.9196
vn -0.1138 0.0394 0.9927
vn 0.4042 -0.9015 0.1547
vn -0.1246 -0.7521 -0.6472
vn 0.3660 -0.8898 -0.2726
vn -0.3617 -0.7635 0.5349
vn -0.6002 -0.7997 -0.0150
vn -0.5718 -0.7436 -0.3466
vn -0.9306 0.2914 -0.2214
vn -0.6231 0.1627 -0.7650
vn -0.9210 0.2347 -0.3108
vn -0.1974 0.0869 -0.9765
vn -0.6133 0.2546 -0.7477
vn -0.5342 0.4401 -0.7218
vn -0.8413 0.3644 -0.3993
vn -0.3897 0.7388 -0.5498
vn -0.6013 0.7700 -0.2134
vn -0.2410 0.9360 -0.2565
vn -0.2520 0.9674 -0.0261
vn -0.0023 0.9345 -0.3560
vn 0.1469 0.8637 -0.4821
vn -0.0463 0.6749 -0.7365
vn 0.1174 0.6483 -0.7522
vn -0.1138 0.3518 -0.9292
vn 0.0739 0.3412 -0.9371
vn 0.0465 0.1584 -0.9863
vn 0.2553 0.2942 -0.9210
vn 0.2648 0.0998 -0.9591
vn 0.6739 0.2466 -0.6965
vn 0.7004 0.0307 -0.7131
vn 0.9338 0.1362 -0.3308
vn 0.7067 -0.0458 -0.7061
vn 0.9699 -0.1497 -0.1919
vn -0.1702 0.1701 -0.9706
vn 0.9299 0.0848 -0.3578
vn 0.6231 0.5768 -0.5283
vn 0.8212 0.5388 -0.1880
vn 0.5538 0.7857 -0.2757
vn 0.6317 0.7717 -0.0746
vn 0.3247 0.8632 -0.3866
vn 0.2770 0.6177 -0.7360
vn 0.3022 -0.0009 -0.9532
vn 0.3525 -0.0081 0.9358
vn 0.0784 0.0789 0.9938
vn 0.0775 0.0096 0.9969
vn 0.8900 -0.0423 0.4540
vn 0.9256 0.1440 0.3500
vn 0.7194 -0.0271 0.6941
vn 0.7688 0.0063 0.6394
vn 0.3762 0.0389 0.9257
vn 0.1105 0.2824 0.9529
vn 0.3973 0.2304 0.8883
vn 0.1703 0.6028 0.7795
vn 0.3739 0.5547 0.7433
vn 0.1623 0.8127 0.5597
vn 0.4187 0.7704 0.4808
vn 0.4821 0.7854 0.3883
vn 0.5894 0.7659 0.2570
vn 0.6616 0.5035 0.5556
vn 0.8452 0.4947 0.2023
vn 0.9609 0.1029 0.2569
vn 0.7589 0.1518 0.6332
vn -0.9392 0.2361 0.2494
vn -0.7349 0.1998 0.6481
vn -0.9498 0.2710 0.1565
vn -0.7573 0.2441 0.6057
vn -0.7033 0.3797 0.6009
vn -0.3463 0.3462 0.8719
vn -0.2065 0.6597 0.7226
vn -0.0129 0.6522 0.7579
vn 0.0264 0.8996 0.4359
vn 0.0496 0.8400 0.5404
vn 0.0763 0.6136 0.7859
vn -0.8938 0.3926 0.2168
vn -0.4993 0.6883 0.5262
vn -0.6502 0.7419 0.1636
vn -0.2270 0.9630 0.1455
vn -0.2099 0.9444 0.2532
vn -0.1166 0.9213 0.3709
vn -0.3861 0.1577 0.9089
vn -0.0603 0.3090 0.9491
vn 0.0320 0.0643 -0.9974
vn -0.8709 -0.0035 -0.4915
vn -0.6591 -0.2080 -0.7227
vn -0.8399 0.0772 -0.5372
vn -0.6305 -0.0234 -0.7759
vn -0.9491 -0.3149 0.0010
vn -0.1303 -0.5171 0.8460
vn 0.8261 -0.1379 -0.5464
vn 0.6364 -0.1158 -0.7626
vn 0.8459 -0.1855 -0.5000
vn 0.6263 -0.2192 -0.7481
vn 0.8489 -0.2716 -0.4535
vn 0.6006 -0.4062 -0.6886
vn 0.8029 -0.5958 0.0202
vn -0.0629 -0.2812 0.9576
vn -0.8665 -0.4989 -0.0128
vn -0.5528 0.0506 -0.8318
vn -0.8045 0.1162 -0.5824
vn 0.9358 -0.3436 0.0795
vn -0.0215 -0.1765 0.9841
vn -0.9123 -0.4079 -0.0376
vn 0.9637 -0.2324 0.1314
vn -0.0832 0.0857 0.9928
vn 0.0272 0.0333 -0.9991
vn 0.9749 -0.1343 0.1778
vn 0.6612 -0.1228 -0.7401
vn 0.8231 -0.1647 -0.5435
vn -0.0162 0.0197 0.9997
vn -0.9649 0.2445 0.0960
vn -0.6016 0.0831 -0.7945
vn -0.8100 0.0898 -0.5796
vn -0.2310 0.0575 -0.9712
vn -0.6286 0.1175 -0.7688
vn -0.9355 0.1804 -0.3039
vn 0.2920 -0.0112 -0.9564
vn 0.6632 -0.0696 -0.7452
vn 0.9359 -0.1728 -0.3070
vn -0.7157 0.1706 0.6773
vn -0.3395 0.1169 0.9333
vn -0.9541 0.1738 0.2439
vn 0.0625 0.0630 0.9961
vn 0.3184 0.0144 0.9478
vn 0.7004 -0.0362 0.7128
vn 0.9395 -0.1301 0.3169
vn -0.6620 -0.4328 0.6119
vn -0.7081 -0.4262 0.5630
vn -0.7080 -0.4562 0.5390
vn -0.6266 -0.4373 0.6451
vn 0.8107 -0.4257 -0.4018
vn 0.7716 -0.4735 -0.4248
vn 0.7228 -0.5563 -0.4100
vn 0.6834 -0.6221 -0.3820
vn -0.1002 -0.9095 -0.4036
vn -0.2233 -0.4586 -0.8601
vn -0.2939 -0.0779 -0.9526
vn 0.7598 -0.1232 0.6384
vn 0.5747 -0.6538 0.4923
vn 0.7317 0.2533 0.6328
vn 0.4947 -0.8635 0.0979
vn 0.4893 -0.8486 0.2013
vn 0.8148 0.5610 0.1462
vn 0.8984 -0.4000 0.1812
vn -0.2552 -0.9388 -0.2314
vn -0.0466 -0.9943 -0.0955
vn -0.5152 0.8483 -0.1223
vn -0.8661 -0.2771 -0.4160
vn 0.8791 -0.2266 -0.4192
vn 0.6270 0.4815 -0.6124
vn -0.5421 -0.3520 0.7630
vn -0.8712 -0.1526 0.4666
vn 0.4144 -0.8669 0.2770
vn -0.8854 -0.0062 -0.4649
vn -0.1954 -0.6250 0.7558
vn -0.7914 0.4788 0.3801
vn -0.7888 0.3934 -0.4723
vn 0.8227 -0.5608 0.0934
vn 0.6314 -0.7087 -0.3148
vn 0.0573 0.0581 -0.9967
vn 0.8178 0.1624 0.5521
vn 0.4900 -0.5437 -0.6814
vn 0.9490 -0.3145 -0.0215
vn 0.9253 -0.3762 0.0474
vn 0.9181 -0.3222 0.2309
vn 0.9050 -0.3035 0.2982
vn 0.9474 -0.1592 0.2777
vn -0.9676 -0.1078 -0.2285
vn -0.9307 -0.3165 -0.1836
vn -0.9180 -0.3272 -0.2240
vn -0.9423 -0.3078 -0.1317
vn -0.9612 -0.2685 -0.0636
vn -0.3162 -0.9471 0.0538
vn -0.1669 -0.9330 0.3187
vn -0.1593 -0.9860 0.0493
vn 0.0220 -0.9976 0.0658
vn -0.7838 -0.4816 0.3920
vn -0.3504 -0.7471 0.5649
vn -0.8915 0.1966 0.4081
vn -0.9963 0.0024 0.0859
vn -0.9772 0.1972 0.0788
vn 0.1354 -0.9737 0.1833
vn -0.4626 -0.8843 0.0636
vn -0.1257 -0.8955 -0.4269
vn -0.6585 -0.4503 -0.6030
vn -0.9482 0.0405 -0.3151
vn 0.9838 -0.1557 0.0894
vn 0.9470 -0.2740 0.1676
vn 0.6434 -0.7573 -0.1122
vn 0.7828 0.0662 0.6187
vn 0.5578 -0.7572 0.3399
vn 0.0635 -0.9868 -0.1487
vn -0.2694 -0.9335 0.2368
vn 0.2539 -0.9587 0.1282
vn 0.9242 -0.3512 -0.1501
vn 0.6316 -0.6962 -0.3412
vn 0.9932 -0.0317 0.1123
vn -0.9867 0.1581 0.0384
vn 0.2879 0.8087 -0.5130
vn 0.0735 0.7652 -0.6396
vn -0.2230 0.7958 -0.5630
vn -0.5682 0.8229 -0.0043
vn -0.6185 0.7700 -0.1568
vn -0.5600 0.7697 -0.3066
vn 0.2545 0.9510 0.1756
vn 0.4549 0.8892 -0.0497
vn 0.4267 0.8538 -0.2984
vn -0.1117 0.9154 0.3868
vn -0.2692 0.8835 0.3833
vn -0.3924 0.8800 0.2676
vn 0.5100 0.7229 0.4661
vn 0.6672 0.4549 0.5898
vn -0.3281 0.4505 -0.8303
vn -0.3553 0.8160 -0.4560
vn -0.3202 0.1341 -0.9378
vn 0.3687 0.8326 -0.4133
vn 0.0994 0.9638 0.2474
vn -0.4482 0.8856 0.1216
vn -0.4176 0.9051 0.0798
vn -0.4641 0.8805 0.0971
vn 0.8093 -0.2405 -0.5360
vn 0.9946 -0.1028 0.0154
vn 0.9981 -0.0242 -0.0565
vn 0.8294 -0.1369 0.5416
vn -0.5724 0.8127 -0.1090
vn -0.4149 0.6978 -0.5839
vn -0.3753 0.8722 0.3137
vn -0.9812 0.0343 -0.1897
vn -0.9961 -0.0372 -0.0795
vn -0.6077 -0.5409 -0.5815
vn -0.3342 -0.3677 0.8678
vn 0.7364 0.3381 -0.5860
vn 0.7030 0.6838 -0.1955
vn 0.1386 0.9903 -0.0091
vn -0.7687 0.5093 -0.3869
vn -0.0833 0.5304 0.8436
vn 0.3202 -0.3051 -0.8969
vn 0.1852 0.2032 -0.9615
vn -0.5960 0.2233 0.7713
vn 0.5976 0.4502 0.6635
vn -0.5515 0.8141 0.1821
vn 0.8241 0.4545 -0.3379
vn 0.9327 -0.0121 0.3606
vn 0.7923 0.4798 0.3769
vn -0.9297 0.3649 -0.0503
vn -0.5285 0.7131 0.4606
vn -0.3488 0.9126 0.2135
vn 0.7537 0.5046 0.4211
vn 0.6158 0.7755 0.1392
vn -0.4507 0.7758 -0.4417
vn 0.3886 0.6529 -0.6502
vn 0.4480 0.7802 -0.4366
vn 0.7210 0.6261 -0.2971
vn -0.5557 -0.7988 0.2305
vn -0.8360 -0.5362 0.1163
vn 0.6620 0.7272 0.1816
vn 0.7341 0.6700 0.1100
vn -0.9351 0.2475 0.2537
vn 0.8349 0.2637 0.4832
vn -0.6632 0.6634 -0.3464
vn 0.7465 0.6629 0.0575
vn -0.2758 0.6283 0.7275
vn -0.6030 0.7127 0.3584
vn 0.3957 0.5589 -0.7288
vn -0.2007 0.8919 -0.4053
vn -0.4779 0.4638 -0.7460
vn -0.5100 0.7923 -0.3350
vn -0.3530 0.9293 0.1084
vn 0.6722 0.7204 0.1708
vn 0.9719 0.1275 -0.1979
vn 0.9603 0.2785 -0.0161
vn -0.3793 0.8768 0.2957
vn 0.8121 -0.4164 -0.4088
vn 0.8164 -0.3906 -0.4253
vn -0.3200 0.9269 0.1959
vn -0.4911 0.8678 0.0754
vn -0.8518 -0.3716 -0.3693
vn -0.9110 0.0834 -0.4039
vn 0.9298 -0.3585 0.0829
vn 0.9925 0.0028 0.1226
vn -0.9743 0.2251 -0.0011
vn -0.9559 0.2937 -0.0011
vn -0.5074 0.8600 0.0539
vn 0.5786 0.8156 -0.0097
vn 0.7814 0.6226 0.0420
vn 0.7696 0.6342 0.0747
vn -0.2396 0.9669 0.0877
vn 0.6544 0.7488 0.1049
vn 0.9732 -0.2107 0.0918
vn -0.9838 0.1776 0.0233
vn 0.6887 -0.1010 0.7180
vn 0.6373 -0.2995 0.7101
vn -0.1285 -0.6854 0.7167
vn -0.7281 -0.0867 0.6799
vn -0.7170 0.1181 0.6869
vn 0.7024 -0.0939 0.7056
vn 0.7191 0.0973 0.6881
vn -0.6844 0.3161 0.6571
vn 0.7063 -0.0422 0.7066
vn -0.7273 0.1289 0.6741
vn -0.7155 0.1794 0.6752
vn 0.7129 -0.0659 0.6982
vn -0.7285 0.1587 0.6664
vt 0.818544 0.256065
vt 0.838826 0.256074
vt 0.818540 0.276580
vt 0.838826 0.276594
vt 0.818540 0.303773
vt 0.838826 0.303789
vt 0.818540 0.329658
vt 0.838826 0.329660
vt 0.856631 0.329660
vt 0.856631 0.303792
vt 0.884645 0.329660
vt 0.884645 0.303789
vt 0.916637 0.303778
vt 0.916637 0.329660
vt 0.942931 0.303766
vt 0.942931 0.329658
vt 0.970802 0.303757
vt 0.970800 0.329658
vt 0.856631 0.276595
vt 0.884644 0.276592
vt 0.916637 0.276583
vt 0.942929 0.276575
vt 0.970803 0.276568
vt 0.856631 0.256083
vt 0.884645 0.256085
vt 0.916636 0.256081
vt 0.942929 0.256068
vt 0.970802 0.256060
vt 0.970251 0.455651
vt 0.970255 0.476522
vt 0.949527 0.455661
vt 0.949527 0.476538
vt 0.970255 0.504186
vt 0.949527 0.504203
vt 0.970255 0.530519
vt 0.949527 0.530530
vt 0.814721 0.530509
vt 0.814719 0.504170
vt 0.843186 0.530514
vt 0.843186 0.504181
vt 0.870041 0.530526
vt 0.870041 0.504191
vt 0.902718 0.530535
vt 0.902718 0.504203
vt 0.931332 0.504207
vt 0.931332 0.530535
vt 0.931330 0.476540
vt 0.902718 0.476534
vt 0.870043 0.476528
vt 0.843186 0.476517
vt 0.814719 0.476510
vt 0.931330 0.455671
vt 0.902718 0.455673
vt 0.870043 0.455668
vt 0.843188 0.455656
vt 0.814719 0.455645
vt 0.472732 0.075492
vt 0.432958 0.098726
vt 0.466396 0.099474
vt 0.432958 0.074218
vt 0.393182 0.075492
vt 0.399518 0.099474
vt 0.382333 0.897106
vt 0.389927 0.967318
vt 0.362008 0.900699
vt 0.350001 0.968182
vt 0.337314 0.902632
vt 0.408907 0.943095
vt 0.450508 0.946481
vt 0.443301 0.966455
vt 0.482047 0.946437
vt 0.478986 0.966253
vt 0.503153 0.945518
vt 0.503334 0.966993
vt 0.521464 0.945217
vt 0.521464 0.967787
vt 0.539594 0.966993
vt 0.539775 0.945518
vt 0.563941 0.966253
vt 0.560881 0.946437
vt 0.599628 0.966455
vt 0.592420 0.946481
vt 0.653001 0.967318
vt 0.634021 0.943095
vt 0.616945 0.916981
vt 0.636805 0.890917
vt 0.660595 0.897106
vt 0.680920 0.900699
vt 0.692927 0.968182
vt 0.705614 0.902632
vt 0.587106 0.920487
vt 0.556252 0.908981
vt 0.539553 0.911326
vt 0.521464 0.911555
vt 0.503375 0.911326
vt 0.486676 0.908981
vt 0.455822 0.920487
vt 0.425983 0.916981
vt 0.406123 0.890917
vt 0.185085 0.625961
vt 0.195389 0.648658
vt 0.153952 0.626204
vt 0.153952 0.650060
vt 0.112515 0.648658
vt 0.122817 0.625961
vt 0.058270 0.856942
vt 0.058362 0.802853
vt 0.104712 0.805312
vt 0.061046 0.751784
vt 0.108331 0.751976
vt 0.071888 0.706130
vt 0.115730 0.706068
vt 0.093408 0.672627
vt 0.127104 0.673454
vt 0.153952 0.673603
vt 0.153952 0.706743
vt 0.153952 0.752239
vt 0.153952 0.806067
vt 0.104704 0.858159
vt 0.246857 0.751784
vt 0.199572 0.751976
vt 0.236016 0.706130
vt 0.192172 0.706068
vt 0.214502 0.672627
vt 0.180799 0.673454
vt 0.203190 0.805312
vt 0.249541 0.802853
vt 0.249633 0.856942
vt 0.203198 0.858159
vt 0.153952 0.858576
vt 0.646866 0.760154
vt 0.649075 0.753927
vt 0.659389 0.752147
vt 0.630998 0.748013
vt 0.642371 0.728813
vt 0.600787 0.739936
vt 0.606127 0.713862
vt 0.619789 0.664107
vt 0.674962 0.706162
vt 0.690793 0.752155
vt 0.668465 0.794076
vt 0.650832 0.768607
vt 0.646927 0.813712
vt 0.630922 0.780518
vt 0.608900 0.827436
vt 0.602880 0.789035
vt 0.567155 0.833678
vt 0.566412 0.795027
vt 0.540477 0.838398
vt 0.540698 0.799193
vt 0.565824 0.759497
vt 0.599456 0.759802
vt 0.625102 0.759981
vt 0.682348 0.831669
vt 0.706163 0.829158
vt 0.659335 0.845404
vt 0.635469 0.855767
vt 0.601391 0.844600
vt 0.576432 0.847523
vt 0.567035 0.867943
vt 0.592362 0.869767
vt 0.615888 0.861888
vt 0.614518 0.882546
vt 0.604160 0.894574
vt 0.588109 0.896532
vt 0.572229 0.885269
vt 0.521464 0.873717
vt 0.521464 0.839700
vt 0.539517 0.871890
vt 0.552817 0.869485
vt 0.503412 0.871890
vt 0.502451 0.838398
vt 0.490111 0.869485
vt 0.475773 0.833678
vt 0.475893 0.867943
vt 0.521464 0.799901
vt 0.502230 0.799193
vt 0.476516 0.795027
vt 0.440049 0.789035
vt 0.434029 0.827436
vt 0.412005 0.780518
vt 0.417826 0.759981
vt 0.443473 0.759802
vt 0.477104 0.759497
vt 0.502488 0.759866
vt 0.521464 0.759707
vt 0.540441 0.759866
vt 0.573898 0.741156
vt 0.601897 0.744935
vt 0.630457 0.751123
vt 0.645336 0.755762
vt 0.644741 0.757248
vt 0.623992 0.753735
vt 0.598819 0.751814
vt 0.566524 0.750040
vt 0.540810 0.749033
vt 0.521464 0.748897
vt 0.502118 0.749033
vt 0.476404 0.750040
vt 0.444110 0.751814
vt 0.418936 0.753735
vt 0.521461 0.743684
vt 0.540887 0.744044
vt 0.567207 0.745544
vt 0.599175 0.748446
vt 0.623982 0.751947
vt 0.644265 0.756411
vt 0.644330 0.756040
vt 0.627981 0.752401
vt 0.599495 0.747853
vt 0.572909 0.744745
vt 0.540837 0.742699
vt 0.541132 0.738064
vt 0.521464 0.737910
vt 0.521728 0.742562
vt 0.501743 0.742535
vt 0.501953 0.743695
vt 0.475534 0.744929
vt 0.443337 0.748191
vt 0.418624 0.752002
vt 0.399857 0.757213
vt 0.400739 0.756045
vt 0.398531 0.755331
vt 0.400506 0.755721
vt 0.412472 0.751123
vt 0.413419 0.752872
vt 0.442000 0.747371
vt 0.441031 0.744935
vt 0.469253 0.744448
vt 0.469031 0.741156
vt 0.501797 0.738064
vt 0.521464 0.730476
vt 0.541658 0.731126
vt 0.397433 0.760350
vt 0.395875 0.754705
vt 0.411931 0.748013
vt 0.442142 0.739936
vt 0.469051 0.734080
vt 0.501270 0.731126
vt 0.501716 0.705549
vt 0.521464 0.704653
vt 0.521464 0.661659
vt 0.541212 0.705549
vt 0.367967 0.706162
vt 0.423140 0.664107
vt 0.400558 0.728813
vt 0.436801 0.713862
vt 0.466610 0.707174
vt 0.471810 0.662886
vt 0.521464 0.615422
vt 0.487654 0.614948
vt 0.521464 0.581747
vt 0.499396 0.581582
vt 0.521198 0.551450
vt 0.508904 0.551378
vt 0.459068 0.551387
vt 0.443607 0.581066
vt 0.429276 0.614782
vt 0.533474 0.551378
vt 0.543532 0.581582
vt 0.555274 0.614948
vt 0.571117 0.662886
vt 0.576319 0.707174
vt 0.573877 0.734080
vt 0.613652 0.614782
vt 0.599322 0.581066
vt 0.583327 0.551387
vt 0.397266 0.184786
vt 0.432957 0.185902
vt 0.395007 0.128767
vt 0.432958 0.129155
vt 0.470907 0.128767
vt 0.468649 0.184786
vt 0.443949 0.215583
vt 0.465211 0.215062
vt 0.432957 0.215353
vt 0.432957 0.249072
vt 0.448727 0.248712
vt 0.469403 0.248383
vt 0.504553 0.248774
vt 0.509420 0.211054
vt 0.513387 0.173531
vt 0.497905 0.127655
vt 0.496762 0.101853
vt 0.501348 0.078548
vt 0.507211 0.042727
vt 0.528905 0.059157
vt 0.549576 0.015903
vt 0.508779 0.007542
vt 0.478148 0.005041
vt 0.477355 0.033953
vt 0.432958 0.031503
vt 0.449050 0.004835
vt 0.432957 0.005201
vt 0.416865 0.004835
vt 0.387767 0.005041
vt 0.388560 0.033953
vt 0.358704 0.042727
vt 0.357136 0.007542
vt 0.316338 0.015903
vt 0.337010 0.059157
vt 0.364567 0.078548
vt 0.361362 0.248774
vt 0.356495 0.211054
vt 0.315998 0.232481
vt 0.329841 0.201064
vt 0.306791 0.131236
vt 0.316786 0.130839
vt 0.309373 0.090591
vt 0.320292 0.098759
vt 0.349748 0.084430
vt 0.369153 0.101853
vt 0.368010 0.127655
vt 0.352527 0.173531
vt 0.400704 0.215062
vt 0.396512 0.248383
vt 0.417188 0.248712
vt 0.421966 0.215583
vt 0.342187 0.101661
vt 0.337130 0.129245
vt 0.338192 0.164086
vt 0.427040 0.861888
vt 0.450567 0.869767
vt 0.428411 0.882546
vt 0.438768 0.894574
vt 0.454819 0.896532
vt 0.470699 0.885269
vt 0.336765 0.829158
vt 0.360579 0.831669
vt 0.383592 0.845404
vt 0.407459 0.855767
vt 0.441537 0.844600
vt 0.466496 0.847523
vt 0.396001 0.813712
vt 0.374463 0.794076
vt 0.352135 0.752155
vt 0.392096 0.768607
vt 0.383540 0.752147
vt 0.549917 0.232481
vt 0.536073 0.201064
vt 0.559123 0.131238
vt 0.549129 0.130839
vt 0.556542 0.090591
vt 0.545623 0.098759
vt 0.516166 0.084430
vt 0.523727 0.101661
vt 0.528785 0.129245
vt 0.527722 0.164086
vt 0.694213 0.305741
vt 0.693774 0.315006
vt 0.699407 0.326913
vt 0.693958 0.334518
vt 0.716066 0.355774
vt 0.720858 0.326647
vt 0.715643 0.332977
vt 0.715890 0.312639
vt 0.715296 0.305663
vt 0.710984 0.327394
vt 0.714969 0.333076
vt 0.709114 0.347346
vt 0.713242 0.357848
vt 0.691745 0.360136
vt 0.698928 0.347497
vt 0.714930 0.300360
vt 0.695788 0.299452
vt 0.714362 0.280354
vt 0.694714 0.277165
vt 0.692432 0.255065
vt 0.713645 0.254905
vt 0.721987 0.344098
vt 0.735280 0.341735
vt 0.734048 0.324387
vt 0.734728 0.306562
vt 0.734948 0.301220
vt 0.730422 0.283149
vt 0.732428 0.250319
vt 0.741269 0.354237
vt 0.744157 0.332259
vt 0.745775 0.311576
vt 0.746233 0.305811
vt 0.744508 0.298664
vt 0.746092 0.295200
vt 0.739679 0.278293
vt 0.754811 0.297784
vt 0.746817 0.279046
vt 0.771556 0.298015
vt 0.763342 0.283596
vt 0.777745 0.284767
vt 0.776247 0.270936
vt 0.756003 0.260323
vt 0.743330 0.254246
vt 0.666041 0.256950
vt 0.669750 0.278888
vt 0.672984 0.299669
vt 0.670040 0.304531
vt 0.676637 0.325686
vt 0.670343 0.312740
vt 0.671330 0.330276
vt 0.673595 0.346578
vt 0.668584 0.358711
vt 0.686666 0.346181
vt 0.691014 0.360013
vt 0.692940 0.334226
vt 0.687828 0.326515
vt 0.648570 0.280746
vt 0.649571 0.300755
vt 0.649805 0.305606
vt 0.651613 0.323850
vt 0.663682 0.323620
vt 0.663046 0.339263
vt 0.652656 0.339747
vt 0.643625 0.354580
vt 0.633747 0.330965
vt 0.629061 0.308550
vt 0.627913 0.303678
vt 0.623549 0.280950
vt 0.625164 0.256633
vt 0.649853 0.255861
vt 0.671022 0.330410
vt 0.668937 0.350412
vt 0.732427 0.461178
vt 0.720475 0.440297
vt 0.731200 0.438038
vt 0.730291 0.416763
vt 0.717516 0.417960
vt 0.695141 0.442769
vt 0.709083 0.463402
vt 0.695133 0.463693
vt 0.713998 0.468306
vt 0.694731 0.470680
vt 0.711243 0.483836
vt 0.691225 0.489081
vt 0.693510 0.504262
vt 0.710499 0.507195
vt 0.745577 0.509526
vt 0.734072 0.484157
vt 0.733806 0.467992
vt 0.711054 0.455607
vt 0.713451 0.443367
vt 0.712253 0.409415
vt 0.736050 0.406929
vt 0.735170 0.437821
vt 0.734490 0.451455
vt 0.681092 0.421332
vt 0.694670 0.424720
vt 0.682385 0.445062
vt 0.683258 0.462625
vt 0.682858 0.471639
vt 0.683740 0.478395
vt 0.687230 0.492153
vt 0.682082 0.482808
vt 0.679968 0.492822
vt 0.676913 0.481674
vt 0.665078 0.490353
vt 0.653684 0.480060
vt 0.651507 0.496032
vt 0.661489 0.500465
vt 0.649331 0.512005
vt 0.657902 0.510575
vt 0.660300 0.529416
vt 0.674115 0.515183
vt 0.677723 0.536414
vt 0.687922 0.516616
vt 0.690953 0.539764
vt 0.692466 0.518015
vt 0.709831 0.520871
vt 0.687576 0.504385
vt 0.677042 0.504003
vt 0.706138 0.422842
vt 0.710518 0.408332
vt 0.712690 0.443541
vt 0.705942 0.442168
vt 0.741775 0.439092
vt 0.736970 0.437741
vt 0.740187 0.416549
vt 0.737597 0.405134
vt 0.755667 0.415540
vt 0.757970 0.404775
vt 0.758157 0.436342
vt 0.756025 0.435436
vt 0.759253 0.449755
vt 0.758458 0.460223
vt 0.757309 0.467335
vt 0.756384 0.484143
vt 0.776083 0.485044
vt 0.779434 0.509218
vt 0.788093 0.492091
vt 0.780377 0.467272
vt 0.779974 0.459174
vt 0.789288 0.475789
vt 0.790102 0.461652
vt 0.788562 0.436406
vt 0.778762 0.439586
vt 0.776108 0.423009
vt 0.780838 0.411991
vt 0.762947 0.409108
vt 0.764512 0.423751
vt 0.760637 0.437799
vt 0.764728 0.440708
vt 0.918092 0.049672
vt 0.914051 0.024955
vt 0.919282 0.016641
vt 0.895631 0.014222
vt 0.901356 0.023789
vt 0.911110 0.046684
vt 0.899232 0.067001
vt 0.900451 0.044487
vt 0.896660 0.045638
vt 0.897181 0.057542
vt 0.889940 0.045513
vt 0.873358 0.066071
vt 0.875777 0.041957
vt 0.872569 0.055887
vt 0.873657 0.042838
vt 0.891518 0.023581
vt 0.876132 0.022600
vt 0.894715 0.044199
vt 0.894093 0.012475
vt 0.873843 0.012126
vt 0.921405 0.061884
vt 0.922433 0.069165
vt 0.921303 0.073935
vt 0.899112 0.073628
vt 0.897597 0.089357
vt 0.875420 0.089342
vt 0.886162 0.114037
vt 0.855842 0.090218
vt 0.852511 0.113737
vt 0.874501 0.072990
vt 0.851572 0.072928
vt 0.843905 0.097076
vt 0.842717 0.081215
vt 0.851973 0.065051
vt 0.867128 0.047084
vt 0.871192 0.044256
vt 0.841908 0.067461
vt 0.843438 0.042900
vt 0.853179 0.045994
vt 0.855817 0.029865
vt 0.867342 0.030586
vt 0.868896 0.016342
vt 0.851115 0.019146
vt 0.921026 0.111769
vt 0.920286 0.089045
vt 0.936297 0.069447
vt 0.936697 0.076245
vt 0.948101 0.068407
vt 0.936289 0.049090
vt 0.948969 0.051321
vt 0.936759 0.031530
vt 0.950253 0.028234
vt 0.925361 0.029704
vt 0.921006 0.015587
vt 0.918848 0.049841
vt 0.925554 0.048505
vt 0.948499 0.077178
vt 0.940182 0.094147
vt 0.937911 0.108916
vt 0.920938 0.125074
vt 0.938949 0.122296
vt 0.943466 0.120936
vt 0.940452 0.143456
vt 0.953603 0.140195
vt 0.970918 0.133388
vt 0.957187 0.119541
vt 0.943808 0.109036
vt 0.947621 0.083750
vt 0.944153 0.097135
vt 0.954279 0.108664
vt 0.973303 0.115058
vt 0.981822 0.116449
vt 0.949270 0.088043
vt 0.951371 0.097787
vt 0.966171 0.095384
vt 0.969737 0.105221
vt 0.979659 0.100910
vt 0.954407 0.086940
vt 0.977496 0.085370
vt 0.407290 0.351360
vt 0.379591 0.369345
vt 0.400908 0.374221
vt 0.399329 0.379104
vt 0.378923 0.374285
vt 0.375490 0.392782
vt 0.358860 0.371422
vt 0.363485 0.391495
vt 0.362720 0.407544
vt 0.373028 0.408945
vt 0.380699 0.424899
vt 0.392655 0.401613
vt 0.355852 0.418433
vt 0.334667 0.370553
vt 0.350394 0.392479
vt 0.357469 0.381854
vt 0.355809 0.397648
vt 0.356360 0.366193
vt 0.382380 0.348972
vt 0.361442 0.345227
vt 0.333660 0.363985
vt 0.314507 0.363247
vt 0.313668 0.368634
vt 0.294483 0.362381
vt 0.294226 0.367861
vt 0.336724 0.341289
vt 0.316863 0.342839
vt 0.300610 0.344296
vt 0.301552 0.310553
vt 0.319856 0.316879
vt 0.340975 0.318891
vt 0.367102 0.323117
vt 0.383328 0.323415
vt 0.407857 0.326355
vt 0.256046 0.327816
vt 0.253315 0.341828
vt 0.267772 0.341885
vt 0.258297 0.355912
vt 0.284643 0.338673
vt 0.275001 0.357137
vt 0.291822 0.338525
vt 0.283920 0.355254
vt 0.285188 0.358935
vt 0.282829 0.366093
vt 0.282770 0.372025
vt 0.293307 0.386149
vt 0.282531 0.393315
vt 0.283443 0.416042
vt 0.277166 0.318728
vt 0.290337 0.313619
vt 0.308416 0.419809
vt 0.290528 0.403780
vt 0.306247 0.389608
vt 0.303560 0.407354
vt 0.310876 0.396536
vt 0.312615 0.375731
vt 0.316018 0.391232
vt 0.311539 0.396695
vt 0.316097 0.411797
vt 0.311042 0.422175
vt 0.332258 0.426390
vt 0.327596 0.391750
vt 0.326231 0.412837
vt 0.332344 0.400000
vt 0.334273 0.380066
vt 0.339168 0.392352
vt 0.332774 0.400226
vt 0.338567 0.412561
vt 0.332996 0.426326
vt 0.355461 0.426948
vt 0.351554 0.414106
vt 0.355040 0.397614
vt 0.903048 0.869513
vt 0.903048 0.833131
vt 0.874919 0.869510
vt 0.874919 0.833126
vt 0.903049 0.902580
vt 0.874919 0.902576
vt 0.847422 0.902571
vt 0.847421 0.869499
vt 0.847421 0.833101
vt 0.818491 0.933308
vt 0.847421 0.933301
vt 0.818491 0.902578
vt 0.818491 0.869508
vt 0.818491 0.833121
vt 0.818491 0.802124
vt 0.847327 0.801990
vt 0.874919 0.802113
vt 0.903048 0.802110
vt 0.935493 0.802110
vt 0.935495 0.833138
vt 0.935495 0.869517
vt 0.935495 0.902583
vt 0.935497 0.933369
vt 0.903049 0.933372
vt 0.874918 0.933330
vt 0.962242 0.802110
vt 0.962242 0.833141
vt 0.962242 0.869525
vt 0.962240 0.902592
vt 0.962242 0.933374
vt 0.949130 0.706615
vt 0.949130 0.676958
vt 0.926677 0.706588
vt 0.926677 0.676939
vt 0.949130 0.645050
vt 0.926677 0.645035
vt 0.949130 0.609933
vt 0.926677 0.609930
vt 0.949130 0.580023
vt 0.926677 0.580023
vt 0.796049 0.933337
vt 0.796049 0.902596
vt 0.796049 0.869524
vt 0.796049 0.833126
vt 0.796049 0.802124
vt 0.897725 0.706581
vt 0.897723 0.676932
vt 0.870167 0.706608
vt 0.870167 0.676939
vt 0.841976 0.706649
vt 0.841976 0.676941
vt 0.809459 0.706647
vt 0.809459 0.676946
vt 0.782655 0.676954
vt 0.782655 0.706650
vt 0.897723 0.645024
vt 0.870167 0.645037
vt 0.841976 0.645040
vt 0.809459 0.645043
vt 0.782655 0.645051
vt 0.782655 0.580009
vt 0.782655 0.609948
vt 0.809461 0.580009
vt 0.809459 0.609944
vt 0.841978 0.609938
vt 0.841978 0.580009
vt 0.870167 0.609934
vt 0.870165 0.580013
vt 0.897723 0.609911
vt 0.897817 0.579893
vt 0.202536 0.374471
vt 0.174992 0.339694
vt 0.203437 0.339661
vt 0.737040 0.639942
vt 0.729413 0.601246
vt 0.737040 0.597727
vt 0.715925 0.624052
vt 0.358909 0.617637
vt 0.366534 0.578941
vt 0.380023 0.601747
vt 0.358907 0.575422
vt 0.242895 0.373747
vt 0.227099 0.387186
vt 0.245631 0.433565
vt 0.218938 0.431887
vt 0.248724 0.404362
vt 0.220116 0.401946
vt 0.243960 0.387494
vt 0.060385 0.368808
vt 0.103952 0.339661
vt 0.079246 0.387186
vt 0.103807 0.374471
vt 0.086227 0.401946
vt 0.117428 0.395879
vt 0.087407 0.431887
vt 0.117984 0.429483
vt 0.153172 0.428189
vt 0.153172 0.391425
vt 0.153172 0.366459
vt 0.188917 0.395879
vt 0.188359 0.429483
vt 0.062383 0.387494
vt 0.057619 0.404362
vt 0.060712 0.433565
vt 0.153695 0.339608
vt 0.132395 0.339694
vt 0.442432 0.358945
vt 0.446490 0.335944
vt 0.461725 0.357728
vt 0.465350 0.333616
vt 0.458058 0.319016
vt 0.469614 0.320710
vt 0.482995 0.295298
vt 0.483066 0.308254
vt 0.508922 0.287555
vt 0.507839 0.300240
vt 0.486239 0.326830
vt 0.508962 0.321557
vt 0.508963 0.355892
vt 0.486246 0.357064
vt 0.599962 0.358945
vt 0.580668 0.357728
vt 0.595904 0.335944
vt 0.577046 0.333616
vt 0.584335 0.319016
vt 0.572779 0.320710
vt 0.559359 0.295298
vt 0.559346 0.308254
vt 0.533466 0.287555
vt 0.534564 0.300240
vt 0.556194 0.326830
vt 0.533454 0.321557
vt 0.533454 0.355892
vt 0.556194 0.357064
vt 0.019818 0.003434
vt 0.019814 0.035409
vt 0.040401 0.035409
vt 0.019814 0.081579
vt 0.040410 0.081579
vt 0.097143 0.035409
vt 0.097184 0.081579
vt 0.158437 0.035409
vt 0.158440 0.081579
vt 0.214293 0.081579
vt 0.214326 0.035409
vt 0.263769 0.081579
vt 0.263780 0.035409
vt 0.282297 0.081550
vt 0.282293 0.035409
vt 0.282293 0.003462
vt 0.263778 0.003462
vt 0.214362 0.003464
vt 0.158450 0.003447
vt 0.097143 0.003429
vt 0.040401 0.003462
vt 0.248727 0.923999
vt 0.247972 0.973493
vt 0.203481 0.923527
vt 0.204635 0.968438
vt 0.153952 0.966362
vt 0.153952 0.922979
vt 0.104421 0.923527
vt 0.103267 0.968438
vt 0.059930 0.973493
vt 0.059175 0.923999
vt 0.626210 0.059387
vt 0.667107 0.058276
vt 0.625206 0.101454
vt 0.667107 0.103034
vt 0.625675 0.143483
vt 0.667107 0.144944
vt 0.708541 0.143483
vt 0.709010 0.101454
vt 0.708006 0.059387
vt 0.949130 0.736435
vt 0.926677 0.736447
vt 0.818491 0.964258
vt 0.796049 0.964246
vt 0.897725 0.736476
vt 0.870169 0.736487
vt 0.841973 0.736478
vt 0.809456 0.736457
vt 0.782653 0.736439
vt 0.962244 0.964249
vt 0.935498 0.964268
vt 0.903053 0.964289
vt 0.874918 0.964299
vt 0.847421 0.964287
vt 0.838826 0.235266
vt 0.818547 0.235253
vt 0.838826 0.214229
vt 0.818554 0.214214
vt 0.838826 0.193359
vt 0.818567 0.193358
vt 0.856632 0.235278
vt 0.856632 0.214241
vt 0.884647 0.235286
vt 0.884647 0.214243
vt 0.916636 0.235288
vt 0.916636 0.214236
vt 0.942929 0.214236
vt 0.942929 0.235281
vt 0.970802 0.235271
vt 0.970802 0.214218
vt 0.970802 0.193359
vt 0.942927 0.193359
vt 0.916636 0.193359
vt 0.884644 0.193361
vt 0.856632 0.193361
vt 0.949527 0.434471
vt 0.970249 0.434400
vt 0.949527 0.413092
vt 0.970240 0.413090
vt 0.949525 0.386140
vt 0.970229 0.386129
vt 0.843188 0.434537
vt 0.843188 0.413092
vt 0.870043 0.434573
vt 0.870043 0.413092
vt 0.902715 0.413093
vt 0.902715 0.434568
vt 0.931328 0.413092
vt 0.931330 0.434526
vt 0.931330 0.386179
vt 0.902720 0.386186
vt 0.870043 0.386162
vt 0.843190 0.386148
vt 0.814719 0.386141
vt 0.814719 0.413090
vt 0.814719 0.434494
vt 0.818491 0.792311
vt 0.847422 0.792312
vt 0.818491 0.781686
vt 0.847422 0.781686
vt 0.874921 0.792314
vt 0.903048 0.792314
vt 0.818491 0.772333
vt 0.847422 0.772333
vt 0.874919 0.772333
vt 0.874919 0.781686
vt 0.903048 0.772333
vt 0.903048 0.781685
vt 0.935493 0.781685
vt 0.935493 0.792314
vt 0.962240 0.792314
vt 0.962240 0.781686
vt 0.962240 0.772333
vt 0.935493 0.772333
vt 0.897723 0.560306
vt 0.870167 0.560306
vt 0.870165 0.570558
vt 0.841976 0.570558
vt 0.809461 0.570558
vt 0.897723 0.570558
vt 0.926677 0.570557
vt 0.926677 0.560306
vt 0.782657 0.570558
vt 0.809461 0.560304
vt 0.841978 0.560304
vt 0.841978 0.551282
vt 0.870167 0.551282
vt 0.897723 0.551282
vt 0.926677 0.551282
vt 0.809461 0.551282
vt 0.782657 0.551282
vt 0.782655 0.560304
vt 0.949138 0.551282
vt 0.949130 0.560306
vt 0.949127 0.570592
vt 0.796040 0.772333
vt 0.796049 0.781686
vt 0.796052 0.792349
vt 0.828765 0.039899
vt 0.799407 0.018054
vt 0.796344 0.066127
vt 0.770479 0.029215
vt 0.761159 0.064948
vt 0.770776 0.098728
vt 0.792983 0.108200
vt 0.820851 0.099307
vt 0.831902 0.071546
vt 0.314976 0.486104
vt 0.311916 0.517785
vt 0.346628 0.512362
vt 0.322704 0.545578
vt 0.349909 0.554482
vt 0.371589 0.544999
vt 0.380978 0.511181
vt 0.371879 0.475408
vt 0.343639 0.464234
vt 0.508952 0.468425
vt 0.486217 0.429096
vt 0.508957 0.429132
vt 0.243868 0.647112
vt 0.276649 0.603496
vt 0.262535 0.614649
vt 0.276649 0.680155
vt 0.309430 0.647112
vt 0.290763 0.614649
vt 0.241345 0.539859
vt 0.210420 0.503855
vt 0.239647 0.504472
vt 0.186573 0.503467
vt 0.206132 0.536131
vt 0.203915 0.563425
vt 0.228923 0.564173
vt 0.202622 0.586973
vt 0.229262 0.587136
vt 0.200941 0.611203
vt 0.212071 0.614116
vt 0.180739 0.613685
vt 0.153172 0.613689
vt 0.178942 0.587510
vt 0.153172 0.588311
vt 0.181131 0.562389
vt 0.153172 0.562236
vt 0.153172 0.535042
vt 0.125212 0.562389
vt 0.122232 0.535707
vt 0.102428 0.563425
vt 0.100213 0.536131
vt 0.064998 0.539859
vt 0.095923 0.503855
vt 0.066696 0.504472
vt 0.184111 0.535707
vt 0.077420 0.564173
vt 0.103721 0.586973
vt 0.077081 0.587136
vt 0.105403 0.611203
vt 0.094273 0.614116
vt 0.125605 0.613685
vt 0.127403 0.587510
vt 0.119772 0.503467
vt 0.556197 0.429096
vt 0.533457 0.468425
vt 0.533455 0.429132
vt 0.607677 0.429072
vt 0.621842 0.469722
vt 0.584342 0.429071
vt 0.587056 0.468482
vt 0.556198 0.468262
vt 0.533460 0.496310
vt 0.556202 0.494935
vt 0.533465 0.528038
vt 0.556206 0.525843
vt 0.533470 0.542492
vt 0.556214 0.541870
vt 0.585146 0.539687
vt 0.597495 0.540811
vt 0.584709 0.523319
vt 0.614365 0.519699
vt 0.619875 0.491419
vt 0.586532 0.493442
vt 0.434716 0.429072
vt 0.458054 0.429071
vt 0.420553 0.469722
vt 0.455339 0.468482
vt 0.455863 0.493442
vt 0.486189 0.494935
vt 0.486151 0.525843
vt 0.508929 0.528038
vt 0.508916 0.542492
vt 0.521198 0.542266
vt 0.521198 0.528002
vt 0.422518 0.491419
vt 0.457686 0.523319
vt 0.428029 0.519699
vt 0.444943 0.540811
vt 0.457249 0.539687
vt 0.486091 0.541870
vt 0.486213 0.468262
vt 0.508945 0.496310
vt 0.153172 0.503637
vt 0.019827 0.255111
vt 0.019801 0.291699
vt 0.040429 0.255111
vt 0.040448 0.291693
vt 0.097392 0.291699
vt 0.019827 0.223249
vt 0.040427 0.223249
vt 0.097194 0.255111
vt 0.158455 0.255111
vt 0.158478 0.291699
vt 0.214261 0.291693
vt 0.282297 0.174397
vt 0.263756 0.174399
vt 0.282297 0.223249
vt 0.263752 0.223249
vt 0.282297 0.255044
vt 0.263748 0.255111
vt 0.282293 0.291699
vt 0.263726 0.291693
vt 0.214392 0.255111
vt 0.158437 0.223249
vt 0.097164 0.223249
vt 0.040423 0.174399
vt 0.019814 0.174399
vt 0.214384 0.223249
vt 0.158440 0.174399
vt 0.097164 0.174399
vt 0.214388 0.174399
vt 0.508960 0.392037
vt 0.153172 0.467057
vt 0.214371 0.126784
vt 0.263763 0.126784
vt 0.282297 0.126778
vt 0.158440 0.126784
vt 0.097179 0.126784
vt 0.040416 0.126784
vt 0.019814 0.126784
vt 0.187573 0.467048
vt 0.214420 0.467053
vt 0.243189 0.467057
vt 0.118770 0.467048
vt 0.091923 0.467053
vt 0.063155 0.467057
vt 0.459424 0.391937
vt 0.486239 0.391995
vt 0.438112 0.391856
vt 0.533454 0.392037
vt 0.556194 0.391995
vt 0.582971 0.391937
vt 0.604282 0.391856
vt 0.802675 0.256060
vt 0.802675 0.276573
vt 0.802675 0.303764
vt 0.802675 0.329658
vt 0.986895 0.256060
vt 0.986895 0.276573
vt 0.986895 0.303764
vt 0.986895 0.329658
vt 0.986464 0.455647
vt 0.986464 0.476515
vt 0.986464 0.504177
vt 0.986465 0.530513
vt 0.798280 0.455647
vt 0.798280 0.476515
vt 0.798280 0.504177
vt 0.798280 0.530513
vt 0.285059 0.751200
vt 0.286698 0.799583
vt 0.319860 0.703255
vt 0.307870 0.756815
vt 0.286146 0.857447
vt 0.307155 0.825478
vt 0.020907 0.799583
vt 0.022547 0.751200
vt 0.735058 0.756815
vt 0.723069 0.703255
vt 0.021459 0.857447
vt 0.735773 0.825478
vt 0.056804 0.672421
vt 0.025480 0.705007
vt 0.097415 0.625977
vt 0.083235 0.648341
vt 0.250795 0.672421
vt 0.282125 0.705007
vt 0.375708 0.615276
vt 0.353651 0.658595
vt 0.213165 0.625977
vt 0.224370 0.648341
vt 0.402121 0.580638
vt 0.414964 0.551359
vt 0.627430 0.551359
vt 0.640808 0.580638
vt 0.667221 0.615276
vt 0.689278 0.658595
vt 0.778361 0.525124
vt 0.745366 0.521559
vt 0.986814 0.342443
vt 0.970802 0.342443
vt 0.916639 0.342468
vt 0.884644 0.342468
vt 0.650999 0.239624
vt 0.627649 0.241247
vt 0.712002 0.544182
vt 0.714494 0.240354
vt 0.732314 0.240836
vt 0.942931 0.342446
vt 0.802594 0.342443
vt 0.818542 0.342448
vt 0.838826 0.342460
vt 0.856631 0.342465
vt 0.691730 0.238008
vt 0.666137 0.238969
vt 0.886370 0.125744
vt 0.853576 0.129212
vt 0.814719 0.543528
vt 0.798388 0.543528
vt 0.902720 0.543552
vt 0.870041 0.543552
vt 0.406758 0.310405
vt 0.383640 0.306712
vt 0.918782 0.147755
vt 0.302512 0.300867
vt 0.320310 0.301925
vt 0.986493 0.543528
vt 0.970253 0.543533
vt 0.949527 0.543544
vt 0.843186 0.543531
vt 0.931332 0.543549
vt 0.368616 0.304723
vt 0.343201 0.301512
vt 0.761461 0.706591
vt 0.761461 0.676941
vt 0.761465 0.645031
vt 0.761469 0.609903
vt 0.761464 0.580001
vt 0.983387 0.802101
vt 0.983382 0.833095
vt 0.983387 0.869504
vt 0.983390 0.902580
vt 0.983390 0.933311
vt 0.763419 0.802101
vt 0.763416 0.833095
vt 0.763419 0.869504
vt 0.763424 0.902580
vt 0.763422 0.933311
vt 0.981830 0.580001
vt 0.981833 0.609903
vt 0.981830 0.645031
vt 0.981825 0.676941
vt 0.981825 0.706591
vt 0.508722 0.258319
vt 0.521198 0.285557
vt 0.521163 0.258249
vt 0.533604 0.258319
vt 0.459907 0.313346
vt 0.469477 0.296498
vt 0.441290 0.325695
vt 0.453218 0.319032
vt 0.420891 0.336765
vt 0.426070 0.327839
vt 0.470237 0.282323
vt 0.480527 0.267676
vt 0.223456 0.338796
vt 0.241648 0.357928
vt 0.274482 0.400224
vt 0.273337 0.409558
vt 0.264272 0.395859
vt 0.035108 0.433812
vt 0.033007 0.409558
vt 0.625039 0.359956
vt 0.621503 0.336765
vt 0.589176 0.319032
vt 0.601104 0.325695
vt 0.575951 0.296498
vt 0.585521 0.313413
vt 0.083932 0.338796
vt 0.086682 0.312351
vt 0.105521 0.298390
vt 0.042072 0.395859
vt 0.053386 0.386967
vt 0.616324 0.327839
vt 0.561799 0.267676
vt 0.572088 0.282323
vt 0.065741 0.357928
vt 0.031857 0.400224
vt 0.271238 0.433812
vt 0.417355 0.359956
vt 0.252959 0.386967
vt 0.201868 0.298390
vt 0.220706 0.312351
vt 0.175374 0.298614
vt 0.153695 0.298703
vt 0.132015 0.298614
vt 0.621664 0.197547
vt 0.584857 0.179151
vt 0.572254 0.141528
vt 0.626643 0.018715
vt 0.599329 0.035540
vt 0.577181 0.062673
vt 0.761962 0.141528
vt 0.749359 0.179151
vt 0.712550 0.197547
vt 0.757033 0.062673
vt 0.734887 0.035540
vt 0.707573 0.018715
vt 0.013578 0.976277
vt 0.020673 0.923820
vt 0.308690 0.983154
vt 0.311256 0.966488
vt 0.353141 0.983281
vt 0.390216 0.979364
vt 0.479349 0.976701
vt 0.443317 0.976098
vt 0.294027 0.976277
vt 0.286932 0.923820
vt 0.293572 0.986451
vt 0.248295 0.982982
vt 0.207313 0.980176
vt 0.153952 0.979439
vt 0.100590 0.980176
vt 0.571734 0.102078
vt 0.306984 0.904241
vt 0.059607 0.982982
vt 0.014033 0.986451
vt 0.734238 0.983154
vt 0.689787 0.983281
vt 0.731672 0.966488
vt 0.652712 0.979364
vt 0.563543 0.976701
vt 0.599135 0.976097
vt 0.667107 0.204117
vt 0.735945 0.904241
vt 0.762482 0.102078
vt 0.682808 0.015618
vt 0.667019 0.015630
vt 0.651413 0.015618
vt 0.503320 0.976086
vt 0.521343 0.976087
vt 0.539576 0.976086
vt 0.949130 0.759330
vt 0.981824 0.759329
vt 0.981822 0.736429
vt 0.761459 0.759329
vt 0.782653 0.759332
vt 0.761457 0.736429
vt 0.255948 0.376440
vt 0.274482 0.373348
vt 0.260076 0.380584
vt 0.274482 0.379152
vt 0.274482 0.395011
vt 0.267618 0.391954
vt 0.438539 0.321933
vt 0.425699 0.322855
vt 0.435997 0.305946
vt 0.454283 0.311862
vt 0.434268 0.311695
vt 0.449859 0.313747
vt 0.763427 0.964239
vt 0.763426 0.987975
vt 0.796049 0.987976
vt 0.962244 0.987978
vt 0.983393 0.964239
vt 0.983392 0.987975
vt 0.031846 0.379152
vt 0.031844 0.373348
vt 0.046268 0.380584
vt 0.050397 0.376440
vt 0.038726 0.391954
vt 0.031857 0.395011
vt 0.616694 0.322855
vt 0.603854 0.321933
vt 0.592535 0.313747
vt 0.588111 0.311862
vt 0.608125 0.311695
vt 0.606397 0.305946
vt 0.592357 0.316925
vt 0.809456 0.759337
vt 0.841971 0.759347
vt 0.046270 0.386811
vt 0.869818 0.759357
vt 0.897726 0.759364
vt 0.926677 0.759339
vt 0.450037 0.316925
vt 0.260075 0.386811
vt 0.818491 0.987985
vt 0.847419 0.988011
vt 0.875267 0.988004
vt 0.903053 0.987993
vt 0.935498 0.987981
vt 0.942927 0.178772
vt 0.916636 0.178772
vt 0.970803 0.178772
vt 0.970805 0.173671
vt 0.942927 0.173671
vt 0.916636 0.173671
vt 0.802677 0.193358
vt 0.818563 0.178772
vt 0.802677 0.178772
vt 0.818561 0.173671
vt 0.802677 0.173671
vt 0.838826 0.178772
vt 0.838826 0.173671
vt 0.986899 0.173671
vt 0.986899 0.178772
vt 0.986897 0.193358
vt 0.856634 0.178772
vt 0.856634 0.173671
vt 0.802675 0.235263
vt 0.802677 0.214214
vt 0.986897 0.235263
vt 0.986897 0.214214
vt 0.884786 0.178772
vt 0.884928 0.173670
vt 0.843190 0.366120
vt 0.843190 0.371296
vt 0.814715 0.366133
vt 0.814717 0.371277
vt 0.870043 0.371351
vt 0.870045 0.366116
vt 0.949525 0.371267
vt 0.931328 0.371416
vt 0.949525 0.366123
vt 0.931327 0.366113
vt 0.798276 0.366133
vt 0.798276 0.371258
vt 0.798276 0.386136
vt 0.970231 0.371230
vt 0.986464 0.386136
vt 0.986464 0.371258
vt 0.970234 0.366130
vt 0.986464 0.366133
vt 0.986464 0.434451
vt 0.986464 0.413090
vt 0.798278 0.434451
vt 0.798278 0.413090
vt 0.902574 0.371436
vt 0.902428 0.366107
vt 0.763327 0.772333
vt 0.763490 0.781641
vt 0.763424 0.792316
vt 0.981921 0.551282
vt 0.981759 0.560262
vt 0.981825 0.570562
vt 0.761459 0.570562
vt 0.761399 0.560262
vt 0.761550 0.551282
vt 0.983302 0.772333
vt 0.983451 0.781641
vt 0.983392 0.792316
vt 0.266782 0.505634
vt 0.264554 0.539297
vt 0.402310 0.460822
vt 0.409037 0.429028
vt 0.237645 0.565476
vt 0.243131 0.553119
vt 0.411653 0.509836
vt 0.401119 0.512378
vt 0.403507 0.522026
vt 0.242281 0.592318
vt 0.242281 0.582228
vt 0.242016 0.578673
vt 0.396492 0.472627
vt 0.402559 0.474075
vt 0.264553 0.551643
vt 0.041808 0.539297
vt 0.039573 0.505634
vt 0.633357 0.429028
vt 0.640084 0.460822
vt 0.063212 0.553119
vt 0.068698 0.565476
vt 0.638887 0.522026
vt 0.641275 0.512378
vt 0.630741 0.509836
vt 0.064327 0.578673
vt 0.064096 0.582228
vt 0.064097 0.592318
vt 0.639835 0.474075
vt 0.645902 0.472627
vt 0.041816 0.551643
vt 0.629678 0.490641
vt 0.411469 0.540635
vt 0.076386 0.615760
vt 0.229989 0.615760
vt 0.412716 0.490641
vt 0.630924 0.540635
vt 0.629548 0.391798
vt 0.267896 0.467113
vt 0.412845 0.391798
vt 0.038455 0.467113
vt 0.297372 0.081515
vt 0.297355 0.035409
vt 0.297364 0.003467
vt 0.008249 0.003467
vt 0.008249 0.035409
vt 0.008249 0.081579
vt 0.523455 0.354340
vt 0.523455 0.319882
vt 0.521198 0.300127
vt 0.521198 0.429130
vt 0.297357 0.255111
vt 0.297361 0.291770
vt 0.008275 0.291710
vt 0.008249 0.255111
vt 0.297385 0.174412
vt 0.297387 0.223197
vt 0.008249 0.174399
vt 0.008249 0.223249
vt 0.521198 0.468343
vt 0.521198 0.496196
vt 0.523455 0.391305
vt 0.297381 0.126828
vt 0.008249 0.126784
s 1
usemtl Material.004
f 1/1/1 2/2/2 3/3/3
f 2/2/2 4/4/4 3/3/3
f 3/3/3 4/4/4 5/5/5
f 4/4/4 6/6/6 5/5/5
f 5/5/5 6/6/6 7/7/7
f 6/6/6 8/8/8 7/7/7
f 8/8/8 6/6/6 9/9/9
f 6/6/6 10/10/10 9/9/9
f 9/9/9 10/10/10 11/11/11
f 10/10/10 12/12/12 11/11/11
f 12/12/12 13/13/13 11/11/11
f 11/11/11 13/13/13 14/14/14
f 13/13/13 15/15/15 14/14/14
f 14/14/14 15/15/15 16/16/16
f 15/15/15 17/17/17 16/16/16
f 16/16/16 17/17/17 18/18/18
f 10/10/10 19/19/19 12/12/12
f 19/19/19 20/20/20 12/12/12
f 20/20/20 21/21/21 12/12/12
f 12/12/12 21/21/21 13/13/13
f 21/21/21 22/22/22 13/13/13
f 13/13/13 22/22/22 15/15/15
f 15/15/15 22/22/22 17/17/17
f 22/22/22 23/23/23 17/17/17
f 6/6/6 4/4/4 10/10/10
f 10/10/10 4/4/4 19/19/19
f 4/4/4 2/2/2 19/19/19
f 2/2/2 24/24/24 19/19/19
f 19/19/19 24/24/24 20/20/20
f 24/24/24 25/25/25 20/20/20
f 20/20/20 25/25/25 21/21/21
f 25/25/25 26/26/26 21/21/21
f 26/26/26 27/27/27 21/21/21
f 21/21/21 27/27/27 22/22/22
f 22/22/22 27/27/27 23/23/23
f 27/27/27 28/28/28 23/23/23
f 29/29/29 30/30/30 31/31/31
f 31/31/31 30/30/30 32/32/32
f 30/30/30 33/33/33 32/32/32
f 32/32/32 33/33/33 34/34/34
f 33/33/33 35/35/35 34/34/34
f 34/34/34 35/35/35 36/36/36
f 37/37/37 38/38/38 39/39/39
f 38/38/38 40/40/40 39/39/39
f 39/39/39 40/40/40 41/41/41
f 40/40/40 42/42/42 41/41/41
f 41/41/41 42/42/42 43/43/43
f 42/42/42 44/44/44 43/43/43
f 44/44/44 45/45/45 43/43/43
f 43/43/43 45/45/45 46/46/46
f 45/45/45 34/34/34 46/46/46
f 46/46/46 34/34/34 36/36/36
f 45/45/45 44/44/44 47/47/47
f 47/47/47 44/44/44 48/48/48
f 48/48/48 44/44/44 49/49/49
f 44/44/44 42/42/42 49/49/49
f 49/49/49 42/42/42 50/50/50
f 42/42/42 40/40/40 50/50/50
f 40/40/40 38/38/38 50/50/50
f 50/50/50 38/38/38 51/51/51
f 34/34/34 45/45/45 32/32/32
f 45/45/45 47/47/47 32/32/32
f 32/32/32 47/47/47 31/31/31
f 31/31/31 47/47/47 52/52/52
f 47/47/47 48/48/48 52/52/52
f 52/52/52 48/48/48 53/53/53
f 48/48/48 49/49/49 53/53/53
f 53/53/53 49/49/49 54/54/54
f 54/54/54 49/49/49 55/55/55
f 49/49/49 50/50/50 55/55/55
f 50/50/50 51/51/51 55/55/55
f 55/55/55 51/51/51 56/56/56
f 57/57/57 58/58/58 59/59/59
f 58/58/58 57/57/57 60/60/60
f 61/61/61 58/58/58 60/60/60
f 58/58/58 61/61/61 62/62/62
f 63/63/63 64/64/64 65/65/65
f 64/64/64 66/66/66 65/65/65
f 65/65/65 66/66/66 67/67/67
f 63/63/63 68/68/68 64/64/64
f 68/68/68 69/69/69 64/64/64
f 64/64/64 69/69/69 70/70/70
f 69/69/69 71/71/71 70/70/70
f 70/70/70 71/71/71 72/72/72
f 71/71/71 73/73/73 72/72/72
f 72/72/72 73/73/73 74/74/74
f 73/73/73 75/75/75 74/74/74
f 74/74/74 75/75/75 76/76/76
f 76/76/76 75/75/75 77/77/77
f 75/75/75 78/78/78 77/77/77
f 77/77/77 78/78/78 79/79/79
f 78/78/78 80/80/80 79/79/79
f 79/79/79 80/80/80 81/81/81
f 80/80/80 82/82/82 81/81/81
f 81/81/81 82/82/82 83/83/83
f 83/83/83 82/82/82 84/84/84
f 82/82/82 85/85/85 84/84/84
f 85/85/85 86/86/86 84/84/84
f 86/86/86 87/87/87 84/84/84
f 84/84/84 87/87/87 83/83/83
f 87/87/87 88/88/88 83/83/83
f 83/83/83 88/88/88 89/89/89
f 88/88/88 90/90/90 89/89/89
f 85/85/85 82/82/82 91/91/91
f 82/82/82 80/80/80 91/91/91
f 91/91/91 80/80/80 92/92/92
f 92/92/92 80/80/80 93/93/93
f 80/80/80 78/78/78 93/93/93
f 78/78/78 75/75/75 93/93/93
f 93/93/93 75/75/75 94/94/94
f 94/94/94 75/75/75 95/95/95
f 75/75/75 73/73/73 95/95/95
f 73/73/73 71/71/71 95/95/95
f 95/95/95 71/71/71 96/96/96
f 96/96/96 71/71/71 97/97/97
f 71/71/71 69/69/69 97/97/97
f 97/97/97 69/69/69 98/98/98
f 69/69/69 68/68/68 98/98/98
f 98/98/98 68/68/68 99/99/99
f 68/68/68 63/63/63 99/99/99
f 100/100/100 101/101/101 102/102/102
f 101/101/101 103/103/103 102/102/102
f 103/103/103 104/104/104 102/102/102
f 102/102/102 104/104/104 105/105/105
f 106/106/106 107/107/107 108/108/108
f 107/107/107 109/109/109 108/108/108
f 108/108/108 109/109/109 110/110/110
f 109/109/109 111/111/111 110/110/110
f 110/110/110 111/111/111 112/112/112
f 111/111/111 113/113/113 112/112/112
f 112/112/112 113/113/113 114/114/114
f 113/113/113 104/104/104 114/114/114
f 104/104/104 103/103/103 114/114/114
f 103/103/103 115/115/115 114/114/114
f 114/114/114 115/115/115 112/112/112
f 115/115/115 116/116/116 112/112/112
f 116/116/116 117/117/117 112/112/112
f 112/112/112 117/117/117 110/110/110
f 117/117/117 118/118/118 110/110/110
f 110/110/110 118/118/118 108/108/108
f 118/118/118 119/119/119 108/108/108
f 108/108/108 119/119/119 106/106/106
f 120/120/120 121/121/121 122/122/122
f 121/121/121 123/123/123 122/122/122
f 122/122/122 123/123/123 124/124/124
f 123/123/123 125/125/125 124/124/124
f 124/124/124 125/125/125 101/101/101
f 101/101/101 125/125/125 103/103/103
f 103/103/103 125/125/125 115/115/115
f 125/125/125 123/123/123 115/115/115
f 115/115/115 123/123/123 116/116/116
f 116/116/116 123/123/123 117/117/117
f 123/123/123 121/121/121 117/117/117
f 117/117/117 121/121/121 118/118/118
f 118/118/118 121/121/121 126/126/126
f 121/121/121 120/120/120 126/126/126
f 120/120/120 127/127/127 126/126/126
f 127/127/127 128/128/128 126/126/126
f 128/128/128 129/129/129 126/126/126
f 126/126/126 129/129/129 118/118/118
f 129/129/129 130/130/130 118/118/118
f 130/130/130 119/119/119 118/118/118
f 131/131/131 132/132/132 133/133/133
f 132/132/132 134/134/134 133/133/133
f 133/133/133 134/134/134 135/135/135
f 136/136/136 137/137/137 134/134/134
f 134/134/134 137/137/137 135/135/135
f 137/137/137 138/138/138 135/135/135
f 138/138/138 139/139/139 135/135/135
f 135/135/135 139/139/139 133/133/133
f 139/139/139 140/140/140 133/133/133
f 140/140/140 141/141/141 133/133/133
f 133/133/133 141/141/141 142/142/142
f 141/141/141 143/143/143 142/142/142
f 142/142/142 143/143/143 144/144/144
f 143/143/143 145/145/145 144/144/144
f 144/144/144 145/145/145 146/146/146
f 145/145/145 147/147/147 146/146/146
f 146/146/146 147/147/147 148/148/148
f 147/147/147 149/149/149 148/148/148
f 149/149/149 150/150/150 148/148/148
f 150/150/150 151/151/151 148/148/148
f 148/148/148 151/151/151 146/146/146
f 151/151/151 152/152/152 146/146/146
f 152/152/152 153/153/153 146/146/146
f 146/146/146 153/153/153 144/144/144
f 144/144/144 153/153/153 142/142/142
f 153/153/153 131/131/131 142/142/142
f 142/142/142 131/131/131 133/133/133
f 90/90/90 155/154/154 154/155/155
f 154/155/155 155/154/154 140/140/140
f 140/140/140 155/154/154 141/141/141
f 155/154/154 156/156/156 141/141/141
f 141/141/141 156/156/156 143/143/143
f 156/156/156 157/157/157 143/143/143
f 143/143/143 157/157/157 145/145/145
f 157/157/157 158/158/158 145/145/145
f 145/145/145 158/158/158 147/147/147
f 158/158/158 159/159/159 147/147/147
f 147/147/147 159/159/159 160/160/160
f 160/160/160 159/159/159 161/161/161
f 159/159/159 158/158/158 161/161/161
f 161/161/161 158/158/158 162/162/162
f 158/158/158 157/157/157 162/162/162
f 162/162/162 157/157/157 86/86/86
f 157/157/157 156/156/156 86/86/86
f 86/86/86 156/156/156 87/87/87
f 156/156/156 155/154/154 87/87/87
f 87/87/87 155/154/154 88/88/88
f 155/154/154 90/90/90 88/88/88
f 161/161/161 162/162/162 163/163/163
f 162/162/162 86/86/86 163/163/163
f 163/163/163 86/86/86 164/164/164
f 86/86/86 85/85/85 164/164/164
f 85/85/85 91/91/91 164/164/164
f 164/164/164 91/91/91 165/165/165
f 91/91/91 92/92/92 165/165/165
f 165/165/165 92/92/92 166/166/166
f 92/92/92 160/160/160 166/166/166
f 160/160/160 161/161/161 166/166/166
f 166/166/166 161/161/161 165/165/165
f 165/165/165 161/161/161 164/164/164
f 161/161/161 163/163/163 164/164/164
f 167/167/167 168/168/168 169/169/169
f 168/168/168 149/149/149 169/169/169
f 169/169/169 149/149/149 170/170/170
f 149/149/149 147/147/147 170/170/170
f 147/147/147 160/160/160 170/170/170
f 160/160/160 92/92/92 170/170/170
f 170/170/170 92/92/92 169/169/169
f 92/92/92 93/93/93 169/169/169
f 93/93/93 94/94/94 169/169/169
f 169/169/169 94/94/94 167/167/167
f 94/94/94 171/171/171 167/167/167
f 167/167/167 171/171/171 168/168/168
f 168/168/168 171/171/171 172/172/172
f 171/171/171 173/173/173 172/172/172
f 172/172/172 173/173/173 174/174/174
f 174/174/174 173/173/173 175/175/175
f 175/175/175 173/173/173 96/96/96
f 173/173/173 171/171/171 96/96/96
f 96/96/96 171/171/171 95/95/95
f 171/171/171 94/94/94 95/95/95
f 150/150/150 149/149/149 176/176/176
f 149/149/149 168/168/168 176/176/176
f 168/168/168 172/172/172 176/176/176
f 176/176/176 172/172/172 177/177/177
f 177/177/177 172/172/172 178/178/178
f 172/172/172 174/174/174 178/178/178
f 178/178/178 174/174/174 179/179/179
f 174/174/174 180/180/180 179/179/179
f 180/180/180 181/181/181 179/179/179
f 181/181/181 182/182/182 179/179/179
f 182/182/182 183/183/183 179/179/179
f 183/183/183 184/184/184 179/179/179
f 179/179/179 184/184/184 178/178/178
f 178/178/178 184/184/184 177/177/177
f 184/184/184 185/185/185 177/177/177
f 177/177/177 185/185/185 176/176/176
f 185/185/185 186/186/186 176/176/176
f 186/186/186 187/187/187 176/176/176
f 176/176/176 187/187/187 150/150/150
f 187/187/187 151/151/151 150/150/150
f 188/188/188 136/136/136 189/189/189
f 136/136/136 134/134/134 189/189/189
f 189/189/189 134/134/134 190/190/190
f 134/134/134 132/132/132 190/190/190
f 190/190/190 132/132/132 191/191/191
f 132/132/132 131/131/131 191/191/191
f 191/191/191 131/131/131 192/192/192
f 192/192/192 131/131/131 193/193/193
f 131/131/131 153/153/153 193/193/193
f 153/153/153 152/152/152 193/193/193
f 193/193/193 152/152/152 194/194/194
f 194/194/194 152/152/152 195/195/195
f 152/152/152 151/151/151 195/195/195
f 151/151/151 187/187/187 195/195/195
f 195/195/195 187/187/187 196/196/196
f 187/187/187 186/186/186 196/196/196
f 196/196/196 186/186/186 197/197/197
f 197/197/197 186/186/186 198/198/198
f 186/186/186 185/185/185 198/198/198
f 198/198/198 185/185/185 199/199/199
f 185/185/185 184/184/184 199/199/199
f 184/184/184 183/183/183 199/199/199
f 199/199/199 183/183/183 200/200/200
f 183/183/183 201/201/201 200/200/200
f 198/198/198 202/202/202 197/197/197
f 197/197/197 202/202/202 196/196/196
f 202/202/202 203/203/203 196/196/196
f 203/203/203 204/204/204 196/196/196
f 196/196/196 204/204/204 195/195/195
f 195/195/195 204/204/204 194/194/194
f 204/204/204 205/205/205 194/194/194
f 194/194/194 205/205/205 193/193/193
f 205/205/205 206/206/206 193/193/193
f 193/193/193 206/206/206 192/192/192
f 206/206/206 207/207/207 192/192/192
f 192/192/192 207/207/207 191/191/191
f 207/207/207 208/208/208 191/191/191
f 191/191/191 208/208/208 190/190/190
f 208/208/208 209/209/209 190/190/190
f 209/209/209 210/210/210 190/190/190
f 190/190/190 210/210/210 189/189/189
f 210/210/210 211/211/211 189/189/189
f 189/189/189 211/211/211 188/188/188
f 211/211/211 212/212/212 188/188/188
f 188/188/188 212/212/212 213/213/213
f 213/213/213 212/212/212 214/214/214
f 212/212/212 215/215/215 214/214/214
f 215/215/215 216/216/216 214/214/214
f 202/202/202 198/198/198 217/217/217
f 217/217/217 198/198/198 218/218/218
f 198/198/198 199/199/199 218/218/218
f 199/199/199 200/200/200 218/218/218
f 218/218/218 200/200/200 219/219/219
f 200/200/200 201/201/201 219/219/219
f 219/219/219 201/201/201 220/220/220
f 201/201/201 221/221/221 220/220/220
f 220/220/220 221/221/221 222/222/222
f 221/221/221 223/223/223 222/222/222
f 222/222/222 223/223/223 224/224/224
f 223/223/223 225/225/225 224/224/224
f 224/224/224 225/225/225 226/226/226
f 226/226/226 225/225/225 227/227/227
f 225/225/225 228/228/228 227/227/227
f 227/227/227 228/228/228 229/229/229
f 228/228/228 230/230/230 229/229/229
f 229/229/229 230/230/230 216/216/216
f 230/230/230 231/231/231 216/216/216
f 216/216/216 231/231/231 214/214/214
f 231/231/231 232/232/232 214/214/214
f 214/214/214 232/232/232 213/213/213
f 232/232/232 233/233/233 213/213/213
f 213/213/213 233/233/233 188/188/188
f 183/183/183 182/182/182 201/201/201
f 182/182/182 234/234/234 201/201/201
f 201/201/201 234/234/234 221/221/221
f 221/221/221 234/234/234 223/223/223
f 234/234/234 235/235/235 223/223/223
f 223/223/223 235/235/235 225/225/225
f 235/235/235 236/236/236 225/225/225
f 225/225/225 236/236/236 228/228/228
f 236/236/236 237/237/237 228/228/228
f 228/228/228 237/237/237 230/230/230
f 237/237/237 238/238/238 230/230/230
f 238/238/238 239/239/239 230/230/230
f 230/230/230 239/239/239 231/231/231
f 231/231/231 239/239/239 232/232/232
f 239/239/239 240/240/240 232/232/232
f 232/232/232 240/240/240 241/241/241
f 240/240/240 242/242/242 241/241/241
f 242/242/242 243/243/243 241/241/241
f 241/241/241 243/243/243 232/232/232
f 243/243/243 233/233/233 232/232/232
f 244/244/244 245/245/245 246/246/246
f 245/245/245 247/247/247 246/246/246
f 246/246/246 247/247/247 236/236/236
f 236/236/236 247/247/247 237/237/237
f 247/247/247 248/248/248 237/237/237
f 237/237/237 248/248/248 238/238/238
f 238/238/238 248/248/248 239/239/239
f 239/239/239 248/248/248 240/240/240
f 248/248/248 249/249/249 240/240/240
f 240/240/240 249/249/249 242/242/242
f 242/242/242 249/249/249 250/250/250
f 249/249/249 251/251/251 250/250/250
f 250/250/250 251/251/251 252/252/252
f 251/251/251 253/253/253 252/252/252
f 252/252/252 253/253/253 254/254/254
f 254/254/254 253/253/253 255/255/255
f 255/255/255 253/253/253 256/256/256
f 256/256/256 253/253/253 257/257/257
f 253/253/253 251/251/251 257/257/257
f 257/257/257 251/251/251 258/258/258
f 258/258/258 251/251/251 245/245/245
f 251/251/251 249/249/249 245/245/245
f 245/245/245 249/249/249 247/247/247
f 249/249/249 248/248/248 247/247/247
f 259/259/259 260/260/260 254/254/254
f 254/254/254 260/260/260 252/252/252
f 260/260/260 261/261/261 252/252/252
f 252/252/252 261/261/261 250/250/250
f 261/261/261 262/262/262 250/250/250
f 250/250/250 262/262/262 242/242/242
f 242/242/242 262/262/262 243/243/243
f 262/262/262 263/263/263 243/243/243
f 243/243/243 263/263/263 233/233/233
f 263/263/263 264/264/264 233/233/233
f 233/233/233 264/264/264 188/188/188
f 188/188/188 264/264/264 136/136/136
f 264/264/264 263/263/263 136/136/136
f 136/136/136 263/263/263 137/137/137
f 263/263/263 262/262/262 137/137/137
f 137/137/137 262/262/262 138/138/138
f 262/262/262 261/261/261 138/138/138
f 138/138/138 261/261/261 265/265/265
f 265/265/265 261/261/261 266/266/266
f 261/261/261 260/260/260 266/266/266
f 266/266/266 260/260/260 267/267/267
f 260/260/260 259/259/259 267/267/267
f 268/268/268 269/269/269 270/270/270
f 269/269/269 271/271/271 270/270/270
f 271/271/271 58/58/58 270/270/270
f 270/270/270 58/58/58 62/62/62
f 59/59/59 58/58/58 272/272/272
f 58/58/58 271/271/271 272/272/272
f 271/271/271 269/269/269 272/272/272
f 272/272/272 269/269/269 273/273/273
f 269/269/269 274/274/274 273/273/273
f 273/273/273 274/274/274 275/275/275
f 276/276/276 202/277/202 274/274/274
f 202/277/202 217/278/217 274/274/274
f 274/274/274 217/278/217 275/275/275
f 217/278/217 218/279/218 275/275/275
f 218/279/218 219/280/219 275/275/275
f 219/280/219 277/281/277 275/275/275
f 275/275/275 277/281/277 273/273/273
f 277/281/277 278/282/278 273/273/273
f 273/273/273 278/282/278 272/272/272
f 278/282/278 279/283/279 272/272/272
f 272/272/272 279/283/279 59/59/59
f 279/283/279 280/284/280 59/59/59
f 280/284/280 281/285/281 59/59/59
f 59/59/59 281/285/281 57/57/57
f 57/57/57 281/285/281 282/286/282
f 281/285/281 283/287/283 282/286/282
f 283/287/283 226/288/226 282/286/282
f 226/288/226 227/289/227 282/286/282
f 227/289/227 229/290/229 282/286/282
f 229/290/229 284/291/284 282/286/282
f 282/286/282 284/291/284 57/57/57
f 57/57/57 284/291/284 60/60/60
f 60/60/60 284/291/284 285/292/285
f 284/291/284 229/290/229 285/292/285
f 229/290/229 216/293/216 285/292/285
f 216/293/216 215/294/215 285/292/285
f 215/294/215 212/295/212 285/292/285
f 212/295/212 211/296/211 285/292/285
f 211/296/211 286/297/286 285/292/285
f 285/292/285 286/297/286 60/60/60
f 60/60/60 286/297/286 61/61/61
f 61/61/61 286/297/286 287/298/287
f 286/297/286 211/296/211 287/298/287
f 211/296/211 210/299/210 287/298/287
f 210/299/210 209/300/209 287/298/287
f 209/300/209 288/301/288 287/298/287
f 288/301/288 289/302/289 287/298/287
f 287/298/287 289/302/289 61/61/61
f 289/302/289 62/62/62 61/61/61
f 205/303/205 290/304/290 206/305/206
f 290/304/290 291/306/291 206/305/206
f 206/305/206 291/306/291 207/307/207
f 291/306/291 292/308/292 207/307/207
f 207/307/207 292/308/292 208/309/208
f 292/308/292 293/310/293 208/309/208
f 208/309/208 293/310/293 209/300/209
f 209/300/209 293/310/293 288/301/288
f 293/310/293 294/311/294 288/301/288
f 288/301/288 294/311/294 289/302/289
f 294/311/294 295/312/295 289/302/289
f 289/302/289 295/312/295 62/62/62
f 295/312/295 296/313/296 62/62/62
f 62/62/62 296/313/296 270/270/270
f 296/313/296 297/314/297 270/270/270
f 270/270/270 297/314/297 268/268/268
f 297/314/297 290/304/290 268/268/268
f 268/268/268 290/304/290 298/315/298
f 290/304/290 205/303/205 298/315/298
f 205/303/205 204/316/204 298/315/298
f 204/316/204 203/317/203 298/315/298
f 298/315/298 203/317/203 299/318/299
f 203/317/203 202/277/202 299/318/299
f 299/318/299 202/277/202 276/276/276
f 295/312/295 294/311/294 300/319/300
f 294/311/294 293/310/293 300/319/300
f 300/319/300 293/310/293 301/320/301
f 293/310/293 292/308/292 301/320/301
f 301/320/301 292/308/292 302/321/302
f 292/308/292 291/306/291 302/321/302
f 291/306/291 290/304/290 302/321/302
f 290/304/290 297/314/297 302/321/302
f 302/321/302 297/314/297 301/320/301
f 297/314/297 296/313/296 301/320/301
f 301/320/301 296/313/296 300/319/300
f 296/313/296 295/312/295 300/319/300
f 274/274/274 269/269/269 276/276/276
f 276/276/276 269/269/269 299/318/299
f 269/269/269 268/268/268 299/318/299
f 299/318/299 268/268/268 298/315/298
f 303/322/303 304/323/304 305/324/305
f 304/323/304 306/325/306 305/324/305
f 306/325/306 99/99/99 305/324/305
f 305/324/305 99/99/99 303/322/303
f 99/99/99 306/325/306 98/98/98
f 98/98/98 306/325/306 97/97/97
f 306/325/306 307/326/307 97/97/97
f 97/97/97 307/326/307 96/96/96
f 307/326/307 308/327/308 96/96/96
f 96/96/96 308/327/308 175/175/175
f 175/175/175 308/327/308 304/323/304
f 308/327/308 307/326/307 304/323/304
f 304/323/304 307/326/307 306/325/306
f 309/328/309 310/329/310 67/67/67
f 67/67/67 310/329/310 65/65/65
f 65/65/65 310/329/310 63/63/63
f 310/329/310 311/330/311 63/63/63
f 63/63/63 311/330/311 99/99/99
f 311/330/311 312/331/312 99/99/99
f 99/99/99 312/331/312 303/322/303
f 312/331/312 313/332/313 303/322/303
f 303/322/303 313/332/313 304/323/304
f 313/332/313 314/333/314 304/323/304
f 304/323/304 314/333/314 175/175/175
f 175/175/175 314/333/314 174/174/174
f 314/333/314 313/332/313 174/174/174
f 174/174/174 313/332/313 180/180/180
f 313/332/313 312/331/312 180/180/180
f 180/180/180 312/331/312 315/334/315
f 312/331/312 311/330/311 315/334/315
f 315/334/315 311/330/311 316/335/316
f 311/330/311 310/329/310 316/335/316
f 316/335/316 310/329/310 317/336/317
f 310/329/310 309/328/309 317/336/317
f 180/180/180 315/334/315 181/181/181
f 315/334/315 318/337/318 181/181/181
f 181/181/181 318/337/318 182/182/182
f 182/182/182 318/337/318 234/234/234
f 318/337/318 319/338/319 234/234/234
f 234/234/234 319/338/319 235/235/235
f 235/235/235 319/338/319 236/236/236
f 236/236/236 319/338/319 246/246/246
f 246/246/246 319/338/319 244/244/244
f 244/244/244 319/338/319 317/336/317
f 317/336/317 319/338/319 316/335/316
f 319/338/319 318/337/318 316/335/316
f 316/335/316 318/337/318 315/334/315
f 219/280/219 220/339/220 277/281/277
f 277/281/277 220/339/220 320/340/320
f 220/339/220 222/341/222 320/340/320
f 320/340/320 222/341/222 321/342/321
f 222/341/222 224/343/224 321/342/321
f 321/342/321 224/343/224 322/344/322
f 224/343/224 226/288/226 322/344/322
f 226/288/226 283/287/283 322/344/322
f 322/344/322 283/287/283 323/345/323
f 283/287/283 281/285/281 323/345/323
f 281/285/281 280/284/280 323/345/323
f 323/345/323 280/284/280 324/346/324
f 280/284/280 279/283/279 324/346/324
f 324/346/324 279/283/279 325/347/325
f 279/283/279 278/282/278 325/347/325
f 325/347/325 278/282/278 326/348/326
f 278/282/278 277/281/277 326/348/326
f 277/281/277 320/340/320 326/348/326
f 320/340/320 321/342/321 326/348/326
f 326/348/326 321/342/321 325/347/325
f 321/342/321 322/344/322 325/347/325
f 325/347/325 322/344/322 324/346/324
f 322/344/322 323/345/323 324/346/324
f 327/349/327 328/350/328 329/351/329
f 328/350/328 330/352/330 329/351/329
f 331/353/331 332/354/332 333/355/333
f 333/355/333 332/354/332 334/356/334
f 332/354/332 335/357/335 334/356/334
f 335/357/335 336/358/336 334/356/334
f 334/356/334 336/358/336 337/359/337
f 336/358/336 338/360/338 337/359/337
f 337/359/337 338/360/338 339/361/339
f 339/361/339 338/360/338 340/362/340
f 338/360/338 341/363/341 340/362/340
f 340/362/340 341/363/341 330/352/330
f 330/352/330 341/363/341 329/351/329
f 341/363/341 338/360/338 329/351/329
f 338/360/338 336/358/336 329/351/329
f 336/358/336 335/357/335 329/351/329
f 329/351/329 335/357/335 327/349/327
f 335/357/335 342/364/342 327/349/327
f 327/349/327 342/364/342 343/365/343
f 342/364/342 344/366/344 343/365/343
f 343/365/343 344/366/344 345/367/345
f 345/367/345 344/366/344 346/368/346
f 344/366/344 347/369/347 346/368/346
f 331/353/331 348/370/348 332/354/332
f 348/370/348 349/371/349 332/354/332
f 349/371/349 350/372/350 332/354/332
f 350/372/350 351/373/351 332/354/332
f 332/354/332 351/373/351 335/357/335
f 351/373/351 352/374/352 335/357/335
f 335/357/335 352/374/352 342/364/342
f 352/374/352 353/375/353 342/364/342
f 342/364/342 353/375/353 344/366/344
f 344/366/344 353/375/353 347/369/347
f 353/375/353 354/376/354 347/369/347
f 348/370/348 331/353/331 349/371/349
f 331/353/331 355/377/355 349/371/349
f 349/371/349 355/377/355 350/372/350
f 355/377/355 356/378/356 350/372/350
f 356/378/356 357/379/357 350/372/350
f 350/372/350 357/379/357 351/373/351
f 357/379/357 358/380/358 351/373/351
f 351/373/351 358/380/358 352/374/352
f 358/380/358 359/381/359 352/374/352
f 352/374/352 359/381/359 353/375/353
f 359/381/359 360/382/360 353/375/353
f 353/375/353 360/382/360 361/383/361
f 360/382/360 362/384/362 361/383/361
f 361/383/361 362/384/362 363/385/363
f 362/384/362 364/386/364 363/385/363
f 363/385/363 364/386/364 365/387/365
f 364/386/364 366/388/366 365/387/365
f 366/388/366 367/389/367 365/387/365
f 365/387/365 367/389/367 363/385/363
f 367/389/367 368/390/368 363/385/363
f 363/385/363 368/390/368 361/383/361
f 368/390/368 369/391/369 361/383/361
f 361/383/361 369/391/369 353/375/353
f 369/391/369 354/376/354 353/375/353
f 346/368/346 370/392/370 345/367/345
f 370/392/370 371/393/371 345/367/345
f 345/367/345 371/393/371 343/365/343
f 371/393/371 372/394/372 343/365/343
f 343/365/343 372/394/372 327/349/327
f 372/394/372 373/395/373 327/349/327
f 327/349/327 373/395/373 374/396/374
f 373/395/373 375/397/375 374/396/374
f 375/397/375 376/398/376 374/396/374
f 374/396/374 376/398/376 377/399/377
f 376/398/376 378/400/378 377/399/377
f 377/399/377 378/400/378 379/401/379
f 378/400/378 380/402/380 379/401/379
f 380/402/380 381/403/381 379/401/379
f 379/401/379 381/403/381 382/404/382
f 381/403/381 328/350/328 382/404/382
f 328/350/328 327/349/327 382/404/382
f 327/349/327 374/396/374 382/404/382
f 382/404/382 374/396/374 379/401/379
f 374/396/374 377/399/377 379/401/379
f 371/393/371 383/405/383 372/394/372
f 383/405/383 384/406/384 372/394/372
f 372/394/372 384/406/384 373/395/373
f 384/406/384 385/407/385 373/395/373
f 385/407/385 386/408/386 373/395/373
f 373/395/373 386/408/386 387/409/387
f 387/409/387 386/408/386 388/410/388
f 386/408/386 389/411/389 388/410/388
f 388/410/388 389/411/389 390/412/390
f 389/411/389 386/408/386 390/412/390
f 390/412/390 386/408/386 391/413/391
f 391/413/391 386/408/386 392/414/392
f 386/408/386 385/407/385 392/414/392
f 385/407/385 384/406/384 392/414/392
f 392/414/392 384/406/384 393/415/393
f 393/415/393 384/406/384 394/416/394
f 384/406/384 383/405/383 394/416/394
f 394/416/394 383/405/383 395/417/395
f 395/417/395 383/405/383 396/418/396
f 383/405/383 371/393/371 396/418/396
f 371/393/371 370/392/370 396/418/396
f 373/395/373 387/409/387 375/397/375
f 375/397/375 387/409/387 397/419/397
f 397/419/397 387/409/387 398/420/398
f 387/409/387 388/410/388 398/420/398
f 398/420/398 388/410/388 390/412/390
f 399/421/399 400/422/400 401/423/401
f 401/423/401 400/422/400 402/424/402
f 400/422/400 403/425/403 402/424/402
f 404/426/404 405/427/405 406/428/406
f 405/427/405 407/429/407 406/428/406
f 406/428/406 407/429/407 408/430/408
f 407/429/407 409/431/409 408/430/408
f 408/430/408 409/431/409 410/432/410
f 410/432/410 409/431/409 411/433/411
f 411/433/411 409/431/409 412/434/412
f 412/434/412 409/431/409 413/435/413
f 413/435/413 409/431/409 414/436/414
f 409/431/409 407/429/407 414/436/414
f 414/436/414 407/429/407 415/437/415
f 415/437/415 407/429/407 399/421/399
f 407/429/407 405/427/405 399/421/399
f 399/421/399 405/427/405 400/422/400
f 405/427/405 334/438/334 400/422/400
f 334/438/334 337/439/337 400/422/400
f 400/422/400 337/439/337 403/425/403
f 337/439/337 339/440/339 403/425/403
f 403/425/403 339/440/339 402/424/402
f 339/440/339 340/441/340 402/424/402
f 340/441/340 330/442/330 402/424/402
f 402/424/402 330/442/330 401/423/401
f 330/442/330 328/443/328 401/423/401
f 401/423/401 328/443/328 399/421/399
f 355/444/355 416/445/416 356/446/356
f 416/445/416 404/426/404 356/446/356
f 356/446/356 404/426/404 357/447/357
f 404/426/404 406/428/406 357/447/357
f 406/428/406 408/430/408 357/447/357
f 357/447/357 408/430/408 358/448/358
f 408/430/408 410/432/410 358/448/358
f 358/448/358 410/432/410 359/449/359
f 410/432/410 417/450/417 359/449/359
f 359/449/359 417/450/417 360/451/360
f 417/450/417 418/452/418 360/451/360
f 360/451/360 418/452/418 362/453/362
f 418/452/418 419/454/419 362/453/362
f 362/453/362 419/454/419 364/455/364
f 364/455/364 419/454/419 366/456/366
f 419/454/419 420/457/420 366/456/366
f 366/456/366 420/457/420 367/458/367
f 420/457/420 421/459/421 367/458/367
f 367/458/367 421/459/421 368/460/368
f 421/459/421 422/461/422 368/460/368
f 368/460/368 422/461/422 369/462/369
f 422/461/422 423/463/423 369/462/369
f 369/462/369 423/463/423 354/464/354
f 423/463/423 424/465/424 354/464/354
f 412/434/412 425/466/425 411/433/411
f 425/466/425 424/465/424 411/433/411
f 424/465/424 423/463/423 411/433/411
f 423/463/423 426/467/426 411/433/411
f 411/433/411 426/467/426 410/432/410
f 410/432/410 426/467/426 417/450/417
f 426/467/426 427/468/427 417/450/417
f 417/450/417 427/468/427 418/452/418
f 418/452/418 427/468/427 419/454/419
f 419/454/419 427/468/427 420/457/420
f 420/457/420 427/468/427 421/459/421
f 421/459/421 427/468/427 422/461/422
f 427/468/427 426/467/426 422/461/422
f 422/461/422 426/467/426 423/463/423
f 416/445/416 355/444/355 428/469/428
f 355/444/355 331/470/331 428/469/428
f 331/470/331 333/471/333 428/469/428
f 428/469/428 333/471/333 429/472/429
f 333/471/333 334/438/334 429/472/429
f 334/438/334 405/427/405 429/472/429
f 405/427/405 404/426/404 429/472/429
f 429/472/429 404/426/404 428/469/428
f 404/426/404 416/445/416 428/469/428
f 399/421/399 328/443/328 430/473/430
f 328/443/328 381/474/381 430/473/430
f 430/473/430 381/474/381 431/475/431
f 381/474/381 380/476/380 431/475/431
f 431/475/431 380/476/380 432/477/432
f 380/476/380 378/478/378 432/477/432
f 378/478/378 376/479/376 432/477/432
f 432/477/432 376/479/376 433/480/433
f 376/479/376 375/481/375 433/480/433
f 375/481/375 434/482/434 433/480/433
f 434/482/434 430/473/430 433/480/433
f 433/480/433 430/473/430 432/477/432
f 430/473/430 431/475/431 432/477/432
f 430/473/430 434/482/434 399/421/399
f 434/482/434 435/483/435 399/421/399
f 399/421/399 435/483/435 415/437/415
f 435/483/435 436/484/436 415/437/415
f 415/437/415 436/484/436 414/436/414
f 414/436/414 436/484/436 413/435/413
f 436/484/436 437/485/437 413/435/413
f 413/435/413 437/485/437 395/486/395
f 395/486/395 437/485/437 394/487/394
f 394/487/394 437/485/437 438/488/438
f 437/485/437 436/484/436 438/488/438
f 436/484/436 435/483/435 438/488/438
f 435/483/435 434/482/434 438/488/438
f 434/482/434 439/489/439 438/488/438
f 439/489/439 393/490/393 438/488/438
f 438/488/438 393/490/393 394/487/394
f 393/490/393 439/489/439 392/491/392
f 392/491/392 439/489/439 391/492/391
f 439/489/439 440/493/440 391/492/391
f 440/493/440 441/494/441 391/492/391
f 391/492/391 441/494/441 390/495/390
f 390/495/390 441/494/441 398/496/398
f 441/494/441 442/497/442 398/496/398
f 398/496/398 442/497/442 397/498/397
f 442/497/442 443/499/443 397/498/397
f 397/498/397 443/499/443 375/481/375
f 375/481/375 443/499/443 434/482/434
f 434/482/434 443/499/443 439/489/439
f 439/489/439 443/499/443 440/493/440
f 440/493/440 443/499/443 441/494/441
f 443/499/443 442/497/442 441/494/441
f 444/500/444 445/501/445 446/502/446
f 447/503/447 446/502/446 448/504/448
f 446/502/446 445/501/445 448/504/448
f 448/504/448 445/501/445 449/505/449
f 445/501/445 444/500/444 449/505/449
f 450/506/450 451/507/451 449/505/449
f 451/507/451 448/504/448 449/505/449
f 447/503/447 448/504/448 452/508/452
f 448/504/448 451/507/451 452/508/452
f 452/508/452 451/507/451 453/509/453
f 451/507/451 450/506/450 453/509/453
f 453/509/453 450/506/450 454/510/454
f 450/506/450 455/511/455 454/510/454
f 454/510/454 455/511/455 456/512/456
f 455/511/455 457/513/457 456/512/456
f 456/512/456 457/513/457 458/514/458
f 459/515/459 454/510/454 460/516/460
f 454/510/454 456/512/456 460/516/460
f 460/516/460 456/512/456 458/514/458
f 453/509/453 454/510/454 461/517/461
f 454/510/454 459/515/459 461/517/461
f 461/517/461 459/515/459 462/518/462
f 459/515/459 460/516/460 462/518/462
f 462/518/462 460/516/460 463/519/463
f 460/516/460 458/514/458 463/519/463
f 444/500/444 464/520/464 449/505/449
f 464/520/464 465/521/465 449/505/449
f 449/505/449 465/521/465 450/506/450
f 465/521/465 466/522/466 450/506/450
f 450/506/450 466/522/466 467/523/467
f 466/522/466 468/524/468 467/523/467
f 467/523/467 468/524/468 469/525/469
f 468/524/468 470/526/470 469/525/469
f 469/525/469 470/526/470 471/527/471
f 470/526/470 472/528/472 471/527/471
f 450/506/450 467/523/467 473/529/473
f 467/523/467 469/525/469 473/529/473
f 473/529/473 469/525/469 474/530/474
f 469/525/469 471/527/471 474/530/474
f 474/530/474 471/527/471 475/531/475
f 471/527/471 472/528/472 475/531/475
f 475/531/475 476/532/476 474/530/474
f 476/532/476 477/533/477 474/530/474
f 474/530/474 477/533/477 455/511/455
f 477/533/477 478/534/478 455/511/455
f 455/511/455 478/534/478 457/513/457
f 478/534/478 479/535/479 457/513/457
f 476/532/476 480/536/480 477/533/477
f 480/536/480 481/537/481 477/533/477
f 477/533/477 481/537/481 482/538/482
f 481/537/481 483/539/483 482/538/482
f 482/538/482 483/539/483 478/534/478
f 483/539/483 484/540/484 478/534/478
f 478/534/478 484/540/484 479/535/479
f 484/540/484 485/541/485 479/535/479
f 478/534/478 477/533/477 482/538/482
f 484/540/484 483/539/483 485/541/485
f 483/539/483 486/542/486 485/541/485
f 483/539/483 481/537/481 486/542/486
f 487/543/487 470/526/470 488/544/488
f 470/526/470 468/524/468 488/544/488
f 488/544/488 468/524/468 466/522/466
f 465/521/465 489/545/489 466/522/466
f 488/544/488 466/522/466 490/546/490
f 466/522/466 489/545/489 490/546/490
f 490/546/490 489/545/489 491/547/491
f 489/545/489 492/548/492 491/547/491
f 491/547/491 492/548/492 493/549/493
f 492/548/492 494/550/494 493/549/493
f 493/549/493 494/550/494 495/551/495
f 494/550/494 496/552/496 495/551/495
f 495/551/495 496/552/496 497/553/497
f 496/552/496 498/554/498 497/553/497
f 494/550/494 492/548/492 496/552/496
f 492/548/492 499/555/499 496/552/496
f 496/552/496 499/555/499 498/554/498
f 499/555/499 464/520/464 498/554/498
f 464/520/464 499/555/499 465/521/465
f 499/555/499 492/548/492 465/521/465
f 465/521/465 492/548/492 489/545/489
f 491/547/491 500/556/500 490/546/490
f 500/556/500 501/557/501 490/546/490
f 490/546/490 501/557/501 488/544/488
f 501/557/501 502/558/502 488/544/488
f 488/544/488 502/558/502 487/543/487
f 502/558/502 503/559/503 487/543/487
f 503/559/503 502/558/502 504/560/504
f 502/558/502 505/561/505 504/560/504
f 504/560/504 505/561/505 506/562/506
f 505/561/505 507/563/507 506/562/506
f 508/564/508 507/563/507 509/565/509
f 507/563/507 505/561/505 509/565/509
f 509/565/509 505/561/505 510/566/510
f 505/561/505 502/558/502 510/566/510
f 510/566/510 502/558/502 501/557/501
f 500/556/500 511/567/511 501/557/501
f 511/567/511 512/568/512 501/557/501
f 501/557/501 512/568/512 510/566/510
f 512/568/512 513/569/513 510/566/510
f 510/566/510 513/569/513 509/565/509
f 513/569/513 514/570/514 509/565/509
f 509/565/509 514/570/514 508/564/508
f 514/570/514 515/571/515 508/564/508
f 511/567/511 516/572/516 512/568/512
f 516/572/516 517/573/517 512/568/512
f 512/568/512 517/573/517 513/569/513
f 517/573/517 518/574/518 513/569/513
f 513/569/513 518/574/518 519/575/519
f 518/574/518 520/576/520 519/575/519
f 519/575/519 520/576/520 515/571/515
f 513/569/513 519/575/519 514/570/514
f 519/575/519 515/571/515 514/570/514
f 518/574/518 517/573/517 521/577/521
f 517/573/517 516/572/516 521/577/521
f 520/576/520 518/574/518 522/578/522
f 518/574/518 521/577/521 522/578/522
f 475/579/475 523/580/523 476/581/476
f 523/580/523 480/582/480 476/581/476
f 523/580/523 524/583/524 480/582/480
f 524/583/524 525/584/525 480/582/480
f 525/584/525 524/583/524 526/585/526
f 524/583/524 523/580/523 526/585/526
f 526/585/526 527/586/527 525/584/525
f 527/586/527 528/587/528 525/584/525
f 525/584/525 528/587/528 529/588/529
f 528/587/528 486/589/486 529/588/529
f 529/588/529 486/589/486 525/584/525
f 486/589/486 481/590/481 525/584/525
f 525/584/525 481/590/481 480/582/480
f 486/589/486 528/587/528 485/591/485
f 528/587/528 527/586/527 485/591/485
f 530/592/530 531/593/531 526/585/526
f 531/593/531 457/594/457 526/585/526
f 526/585/526 457/594/457 527/586/527
f 457/594/457 479/595/479 527/586/527
f 527/586/527 479/595/479 485/591/485
f 530/592/530 526/585/526 532/596/532
f 526/585/526 523/580/523 532/596/532
f 532/596/532 523/580/523 533/597/533
f 523/580/523 475/579/475 533/597/533
f 533/597/533 534/598/534 532/596/532
f 534/598/534 535/599/535 532/596/532
f 532/596/532 535/599/535 530/592/530
f 535/599/535 536/600/536 530/592/530
f 530/592/530 536/600/536 537/601/537
f 536/600/536 538/602/538 537/601/537
f 537/601/537 538/602/538 539/603/539
f 534/598/534 540/604/540 535/599/535
f 540/604/540 541/605/541 535/599/535
f 535/599/535 541/605/541 536/600/536
f 541/605/541 542/606/542 536/600/536
f 536/600/536 542/606/542 538/602/538
f 506/607/506 542/606/542 543/608/543
f 542/606/542 541/605/541 543/608/543
f 543/608/543 541/605/541 544/609/544
f 541/605/541 540/604/540 544/609/544
f 544/609/544 540/604/540 545/610/545
f 540/604/540 534/598/534 545/610/545
f 545/610/545 534/598/534 546/611/546
f 534/598/534 533/597/533 546/611/546
f 546/611/546 533/597/533 472/612/472
f 533/597/533 475/579/475 472/612/472
f 515/613/515 520/614/520 547/615/547
f 520/614/520 522/616/522 547/615/547
f 547/615/547 522/616/522 548/617/548
f 522/616/522 521/618/521 548/617/548
f 548/617/548 521/618/521 549/619/549
f 521/618/521 516/620/516 549/619/549
f 549/619/549 516/620/516 542/606/542
f 516/620/516 511/621/511 542/606/542
f 542/606/542 511/621/511 538/602/538
f 511/621/511 500/622/500 538/602/538
f 538/602/538 500/622/500 539/603/539
f 500/622/500 491/623/491 539/603/539
f 539/603/539 491/623/491 550/624/550
f 491/623/491 493/625/493 550/624/550
f 550/624/550 493/625/493 495/626/495
f 547/615/547 548/617/548 515/613/515
f 548/617/548 508/627/508 515/613/515
f 548/617/548 549/619/549 508/627/508
f 549/619/549 507/628/507 508/627/508
f 549/619/549 542/606/542 507/628/507
f 542/606/542 506/607/506 507/628/507
f 497/629/497 551/630/551 495/626/495
f 551/630/551 550/624/550 495/626/495
f 539/603/539 550/624/550 552/631/552
f 550/624/550 551/630/551 552/631/552
f 552/631/552 551/630/551 553/632/553
f 551/630/551 497/629/497 553/632/553
f 553/632/553 497/629/497 552/631/552
f 497/629/497 498/633/498 552/631/552
f 552/631/552 498/633/498 464/634/464
f 539/603/539 552/631/552 537/601/537
f 552/631/552 464/634/464 537/601/537
f 537/601/537 464/634/464 554/635/554
f 464/634/464 444/636/444 554/635/554
f 554/635/554 444/636/444 555/637/555
f 444/636/444 446/638/446 555/637/555
f 555/637/555 446/638/446 447/639/447
f 537/601/537 554/635/554 556/640/556
f 554/635/554 555/637/555 556/640/556
f 556/640/556 555/637/555 557/641/557
f 555/637/555 447/639/447 557/641/557
f 557/641/557 447/639/447 452/642/452
f 557/641/557 452/642/452 556/640/556
f 452/642/452 453/643/453 556/640/556
f 537/601/537 556/640/556 530/592/530
f 556/640/556 453/643/453 530/592/530
f 530/592/530 453/643/453 558/644/558
f 453/643/453 461/645/461 558/644/558
f 558/644/558 461/645/461 559/646/559
f 461/645/461 462/647/462 559/646/559
f 559/646/559 462/647/462 463/648/463
f 530/592/530 558/644/558 531/593/531
f 558/644/558 559/646/559 531/593/531
f 531/593/531 559/646/559 560/649/560
f 559/646/559 463/648/463 560/649/560
f 560/649/560 463/648/463 458/650/458
f 560/649/560 458/650/458 531/593/531
f 458/650/458 457/594/457 531/593/531
f 474/530/474 455/511/455 473/529/473
f 455/511/455 450/506/450 473/529/473
f 561/651/561 562/652/562 563/653/563
f 562/652/562 564/654/564 563/653/563
f 565/655/565 561/651/561 566/656/566
f 561/651/561 563/653/563 566/656/566
f 566/656/566 563/653/563 567/657/567
f 567/657/567 563/653/563 568/658/568
f 563/653/563 564/654/564 568/658/568
f 568/658/568 564/654/564 569/659/569
f 570/660/570 571/661/571 572/662/572
f 571/661/571 567/657/567 572/662/572
f 572/662/572 567/657/567 573/663/573
f 567/657/567 568/658/568 573/663/573
f 568/658/568 569/659/569 573/663/573
f 573/663/573 569/659/569 574/664/574
f 574/664/574 569/659/569 575/665/575
f 575/665/575 569/659/569 576/666/576
f 576/666/576 569/659/569 577/667/577
f 569/659/569 564/654/564 577/667/577
f 577/667/577 564/654/564 578/668/578
f 564/654/564 562/652/562 578/668/578
f 578/668/578 562/652/562 579/669/579
f 579/669/579 562/652/562 580/670/580
f 562/652/562 561/651/561 580/670/580
f 580/670/580 561/651/561 581/671/581
f 561/651/561 565/655/565 581/671/581
f 581/671/581 565/655/565 582/672/582
f 582/672/582 565/655/565 583/673/583
f 583/673/583 565/655/565 584/674/584
f 565/655/565 566/656/566 584/674/584
f 584/674/584 566/656/566 585/675/585
f 566/656/566 567/657/567 585/675/585
f 585/675/585 567/657/567 571/661/571
f 586/676/586 579/669/579 587/677/587
f 579/669/579 580/670/580 587/677/587
f 587/677/587 580/670/580 588/678/588
f 580/670/580 581/671/581 588/678/588
f 581/671/581 582/672/582 588/678/588
f 588/678/588 582/672/582 589/679/589
f 582/672/582 583/673/583 589/679/589
f 589/679/589 583/673/583 590/680/590
f 591/681/591 592/682/592 593/683/593
f 593/683/593 592/682/592 594/684/594
f 592/682/592 595/685/595 594/684/594
f 594/684/594 595/685/595 596/686/596
f 595/685/595 597/687/597 596/686/596
f 596/686/596 597/687/597 598/688/598
f 597/687/597 599/689/599 598/688/598
f 598/688/598 599/689/599 600/690/600
f 601/691/601 570/660/570 602/692/602
f 570/660/570 572/662/572 602/692/602
f 602/692/602 572/662/572 603/693/603
f 572/662/572 573/663/573 603/693/603
f 603/693/603 573/663/573 604/694/604
f 573/663/573 574/664/574 604/694/604
f 604/694/604 574/664/574 605/695/605
f 574/664/574 575/665/575 605/695/605
f 593/683/593 594/684/594 606/696/606
f 594/684/594 607/697/607 606/696/606
f 606/696/606 607/697/607 608/698/608
f 607/697/607 609/699/609 608/698/608
f 608/698/608 609/699/609 610/700/610
f 609/699/609 611/701/611 610/700/610
f 610/700/610 611/701/611 612/702/612
f 611/701/611 613/703/613 612/702/612
f 613/703/613 614/704/614 612/702/612
f 612/702/612 614/704/614 615/705/615
f 594/684/594 596/686/596 607/697/607
f 596/686/596 616/706/616 607/697/607
f 616/706/616 617/707/617 607/697/607
f 607/697/607 617/707/617 609/699/609
f 617/707/617 618/708/618 609/699/609
f 609/699/609 618/708/618 611/701/611
f 618/708/618 619/709/619 611/701/611
f 611/701/611 619/709/619 613/703/613
f 619/709/619 620/710/620 613/703/613
f 613/703/613 620/710/620 614/704/614
f 621/711/621 622/712/622 623/713/623
f 623/713/623 622/712/622 624/714/624
f 622/712/622 620/710/620 624/714/624
f 620/710/620 619/709/619 624/714/624
f 619/709/619 618/708/618 624/714/624
f 618/708/618 625/715/625 624/714/624
f 624/714/624 625/715/625 623/713/623
f 623/713/623 625/715/625 626/716/626
f 625/715/625 627/717/627 626/716/626
f 626/716/626 627/717/627 628/718/628
f 627/717/627 629/719/629 628/718/628
f 628/718/628 629/719/629 630/720/630
f 630/720/630 629/719/629 600/690/600
f 600/690/600 629/719/629 598/688/598
f 598/688/598 629/719/629 596/686/596
f 596/686/596 629/719/629 616/706/616
f 629/719/629 627/717/627 616/706/616
f 616/706/616 627/717/627 617/707/617
f 627/717/627 625/715/625 617/707/617
f 617/707/617 625/715/625 618/708/618
f 631/721/631 632/722/632 633/723/633
f 634/724/634 635/725/635 636/726/636
f 635/725/635 634/724/634 637/727/637
f 634/728/634 638/729/638 639/730/639
f 638/729/638 634/728/634 640/731/640
f 641/732/641 642/733/642 633/723/633
f 642/733/642 631/721/631 633/723/633
f 643/734/643 644/735/644 645/736/645
f 644/735/644 646/737/646 645/736/645
f 646/737/646 642/733/642 645/736/645
f 645/736/645 642/733/642 641/738/641
f 647/739/647 648/740/648 649/741/649
f 648/740/648 650/742/650 649/741/649
f 649/741/649 650/742/650 651/743/651
f 650/742/650 652/744/652 651/743/651
f 651/743/651 652/744/652 653/745/653
f 653/745/653 652/744/652 654/746/654
f 654/746/654 652/744/652 655/747/655
f 655/747/655 652/744/652 656/748/656
f 652/744/652 650/742/650 656/748/656
f 650/742/650 657/749/657 656/748/656
f 657/749/657 631/721/631 656/748/656
f 631/721/631 658/750/658 656/748/656
f 656/748/656 658/750/658 655/747/655
f 655/747/655 658/750/658 659/751/659
f 659/751/659 658/750/658 644/735/644
f 644/735/644 658/750/658 646/737/646
f 658/750/658 631/721/631 646/737/646
f 646/737/646 631/721/631 642/733/642
f 647/752/647 649/741/649 660/753/660
f 649/741/649 651/743/651 660/753/660
f 651/743/651 653/745/653 660/753/660
f 660/753/660 653/745/653 661/754/661
f 631/721/631 657/749/657 632/722/632
f 632/722/632 657/749/657 662/755/662
f 662/755/662 657/749/657 663/756/663
f 657/749/657 650/742/650 663/756/663
f 663/756/663 650/742/650 648/740/648
f 664/757/664 665/758/665 666/759/666
f 666/759/666 665/758/665 667/760/667
f 665/758/665 668/761/668 667/760/667
f 667/760/667 668/761/668 669/762/669
f 668/761/668 670/763/670 669/762/669
f 669/762/669 670/763/670 671/764/671
f 670/763/670 672/765/672 671/764/671
f 672/765/672 673/766/673 671/764/671
f 671/764/671 673/766/673 674/767/674
f 673/766/673 675/768/675 674/767/674
f 675/768/675 676/769/676 674/767/674
f 676/769/676 677/770/677 674/767/674
f 677/770/677 666/759/666 674/767/674
f 666/759/666 667/760/667 674/767/674
f 667/760/667 669/762/669 674/767/674
f 674/767/674 669/762/669 671/764/671
f 678/771/678 679/772/679 680/773/680
f 679/772/679 681/774/681 680/773/680
f 680/773/680 681/774/681 682/775/682
f 681/774/681 683/776/683 682/775/682
f 682/775/682 683/776/683 684/777/684
f 683/776/683 685/778/685 684/777/684
f 684/777/684 685/778/685 686/779/686
f 686/779/686 685/778/685 687/780/687
f 685/778/685 688/781/688 687/780/687
f 687/780/687 688/781/688 689/782/689
f 689/782/689 688/781/688 690/783/690
f 690/783/690 688/781/688 691/784/691
f 691/784/691 688/781/688 679/772/679
f 679/772/679 688/781/688 681/774/681
f 681/774/681 688/781/688 683/776/683
f 688/781/688 685/778/685 683/776/683
f 640/785/640 692/786/692 693/787/693
f 692/786/692 694/788/694 693/787/693
f 694/788/694 695/789/695 693/787/693
f 693/787/693 695/789/695 696/790/696
f 695/789/695 697/791/697 696/790/696
f 696/790/696 697/791/697 698/792/698
f 697/791/697 699/793/699 698/792/698
f 699/793/699 700/794/700 698/792/698
f 698/792/698 700/794/700 701/795/701
f 700/794/700 702/796/702 701/795/701
f 701/795/701 702/796/702 703/797/703
f 702/796/702 704/798/704 703/797/703
f 704/798/704 705/799/705 703/797/703
f 705/799/705 636/800/636 703/797/703
f 636/800/636 635/801/635 703/797/703
f 635/801/635 637/802/637 703/797/703
f 703/797/703 637/802/637 701/795/701
f 637/802/637 634/803/634 701/795/701
f 701/795/701 634/803/634 698/792/698
f 698/792/698 634/803/634 696/790/696
f 634/803/634 639/804/639 696/790/696
f 696/790/696 639/804/639 693/787/693
f 639/804/639 638/805/638 693/787/693
f 693/787/693 638/805/638 640/785/640
f 706/806/706 707/807/707 708/808/708
f 707/807/707 709/809/709 708/808/708
f 709/809/709 710/810/710 708/808/708
f 708/808/708 710/810/710 711/811/711
f 711/811/711 710/810/710 712/812/712
f 710/810/710 713/813/713 712/812/712
f 713/813/713 714/814/714 712/812/712
f 712/812/712 714/814/714 715/815/715
f 128/128/128 706/806/706 129/129/129
f 706/806/706 708/808/708 129/129/129
f 708/808/708 711/811/711 129/129/129
f 129/129/129 711/811/711 130/130/130
f 130/130/130 711/811/711 119/119/119
f 711/811/711 712/812/712 119/119/119
f 712/812/712 715/815/715 119/119/119
f 119/119/119 715/815/715 106/106/106
f 716/816/716 717/817/717 718/818/718
f 717/817/717 719/819/719 718/818/718
f 718/818/718 719/819/719 720/820/720
f 720/820/720 719/819/719 721/821/721
f 721/821/721 719/819/719 722/822/722
f 722/822/722 719/819/719 723/823/723
f 719/819/719 717/817/717 723/823/723
f 723/823/723 717/817/717 724/824/724
f 725/825/725 591/681/591 726/826/726
f 591/681/591 593/683/593 726/826/726
f 570/660/570 601/691/601 727/827/727
f 601/691/601 728/828/728 727/827/727
f 726/826/726 593/683/593 729/829/729
f 593/683/593 606/696/606 729/829/729
f 729/829/729 606/696/606 730/830/730
f 606/696/606 608/698/608 730/830/730
f 730/830/730 608/698/608 731/831/731
f 608/698/608 610/700/610 731/831/731
f 731/831/731 610/700/610 732/832/732
f 610/700/610 612/702/612 732/832/732
f 612/702/612 615/705/615 732/832/732
f 732/832/732 615/705/615 733/833/733
f 734/834/734 590/680/590 735/835/735
f 590/680/590 583/673/583 735/835/735
f 583/673/583 584/674/584 735/835/735
f 735/835/735 584/674/584 736/836/736
f 584/674/584 585/675/585 736/836/736
f 736/836/736 585/675/585 737/837/737
f 585/675/585 571/661/571 737/837/737
f 737/837/737 571/661/571 738/838/738
f 571/661/571 570/660/570 738/838/738
f 738/838/738 570/660/570 727/827/727
f 2/2/2 1/1/1 739/839/739
f 1/1/1 740/840/740 739/839/739
f 739/839/739 740/840/740 741/841/741
f 740/840/740 742/842/742 741/841/741
f 741/841/741 742/842/742 743/843/743
f 742/842/742 744/844/744 743/843/743
f 745/845/745 746/846/746 747/847/747
f 746/846/746 748/848/748 747/847/747
f 747/847/747 748/848/748 749/849/749
f 748/848/748 750/850/750 749/849/749
f 750/850/750 751/851/751 749/849/749
f 749/849/749 751/851/751 752/852/752
f 753/853/753 752/852/752 754/854/754
f 752/852/752 751/851/751 754/854/754
f 754/854/754 751/851/751 755/855/755
f 755/855/755 751/851/751 756/856/756
f 751/851/751 750/850/750 756/856/756
f 756/856/756 750/850/750 757/857/757
f 750/850/750 748/848/748 757/857/757
f 757/857/757 748/848/748 758/858/758
f 758/858/758 748/848/748 759/859/759
f 748/848/748 746/846/746 759/859/759
f 759/859/759 746/846/746 743/843/743
f 743/843/743 746/846/746 741/841/741
f 746/846/746 745/845/745 741/841/741
f 741/841/741 745/845/745 739/839/739
f 2/2/2 739/839/739 24/24/24
f 739/839/739 745/845/745 24/24/24
f 24/24/24 745/845/745 25/25/25
f 745/845/745 747/847/747 25/25/25
f 25/25/25 747/847/747 26/26/26
f 747/847/747 749/849/749 26/26/26
f 749/849/749 752/852/752 26/26/26
f 26/26/26 752/852/752 27/27/27
f 752/852/752 753/853/753 27/27/27
f 27/27/27 753/853/753 28/28/28
f 31/31/31 760/860/760 29/29/29
f 29/29/29 760/860/760 761/861/761
f 760/860/760 762/862/762 761/861/761
f 761/861/761 762/862/762 763/863/763
f 762/862/762 764/864/764 763/863/763
f 763/863/763 764/864/764 765/865/765
f 766/866/766 767/867/767 768/868/768
f 767/867/767 769/869/769 768/868/768
f 769/869/769 770/870/770 768/868/768
f 768/868/768 770/870/770 771/871/771
f 770/870/770 772/872/772 771/871/771
f 771/871/771 772/872/772 773/873/773
f 760/860/760 773/873/773 762/862/762
f 773/873/773 772/872/772 762/862/762
f 762/862/762 772/872/772 764/864/764
f 764/864/764 772/872/772 774/874/774
f 772/872/772 770/870/770 774/874/774
f 774/874/774 770/870/770 775/875/775
f 775/875/775 770/870/770 776/876/776
f 770/870/770 769/869/769 776/876/776
f 776/876/776 769/869/769 777/877/777
f 769/869/769 767/867/767 777/877/777
f 777/877/777 767/867/767 778/878/778
f 778/878/778 767/867/767 779/879/779
f 767/867/767 766/866/766 779/879/779
f 779/879/779 766/866/766 780/880/780
f 56/56/56 780/880/780 55/55/55
f 780/880/780 766/866/766 55/55/55
f 55/55/55 766/866/766 54/54/54
f 766/866/766 768/868/768 54/54/54
f 768/868/768 771/871/771 54/54/54
f 54/54/54 771/871/771 53/53/53
f 771/871/771 773/873/773 53/53/53
f 53/53/53 773/873/773 52/52/52
f 773/873/773 760/860/760 52/52/52
f 52/52/52 760/860/760 31/31/31
f 781/881/781 575/665/575 782/882/782
f 575/665/575 576/666/576 782/882/782
f 782/882/782 576/666/576 577/667/577
f 783/883/783 781/881/781 784/884/784
f 781/881/781 782/882/782 784/884/784
f 784/884/784 782/882/782 785/885/785
f 782/882/782 577/667/577 785/885/785
f 785/885/785 577/667/577 786/886/786
f 577/667/577 578/668/578 786/886/786
f 786/886/786 578/668/578 579/669/579
f 787/887/787 783/883/783 788/888/788
f 783/883/783 784/884/784 788/888/788
f 788/888/788 784/884/784 789/889/789
f 784/884/784 790/890/790 789/889/789
f 789/889/789 790/890/790 791/891/791
f 790/890/790 792/892/792 791/891/791
f 791/891/791 792/892/792 793/893/793
f 792/892/792 786/886/786 793/893/793
f 793/893/793 786/886/786 794/894/794
f 786/886/786 579/669/579 794/894/794
f 794/894/794 579/669/579 795/895/795
f 579/669/579 586/676/586 795/895/795
f 784/884/784 785/885/785 790/890/790
f 785/885/785 786/886/786 790/890/790
f 790/890/790 786/886/786 792/892/792
f 794/894/794 795/895/795 793/893/793
f 795/895/795 796/896/796 793/893/793
f 796/896/796 797/897/797 793/893/793
f 797/897/797 798/898/798 793/893/793
f 793/893/793 798/898/798 791/891/791
f 799/899/799 800/900/800 801/901/801
f 800/900/800 802/902/802 801/901/801
f 803/903/803 623/713/623 802/902/802
f 623/713/623 626/716/626 802/902/802
f 626/716/626 628/718/628 802/902/802
f 802/902/802 628/718/628 801/901/801
f 628/718/628 804/904/804 801/901/801
f 801/901/801 804/904/804 799/899/799
f 804/904/804 805/905/805 799/899/799
f 799/899/799 805/905/805 806/906/806
f 621/711/621 623/713/623 807/907/807
f 623/713/623 803/903/803 807/907/807
f 807/907/807 803/903/803 808/908/808
f 803/903/803 802/902/802 808/908/808
f 808/908/808 802/902/802 809/909/809
f 802/902/802 800/900/800 809/909/809
f 809/909/809 800/900/800 810/910/810
f 810/910/810 800/900/800 811/911/811
f 800/900/800 799/899/799 811/911/811
f 811/911/811 799/899/799 812/912/812
f 799/899/799 806/906/806 812/912/812
f 812/912/812 806/906/806 813/913/813
f 809/909/809 810/910/810 808/908/808
f 810/910/810 814/914/814 808/908/808
f 814/914/814 815/915/815 808/908/808
f 815/915/815 816/916/816 808/908/808
f 808/908/808 816/916/816 807/907/807
f 628/718/628 630/720/630 804/904/804
f 630/720/630 600/690/600 804/904/804
f 804/904/804 600/690/600 805/905/805
f 817/917/817 813/913/813 818/918/818
f 813/913/813 806/906/806 818/918/818
f 806/906/806 805/905/805 818/918/818
f 818/918/818 805/905/805 819/919/819
f 819/919/819 805/905/805 599/689/599
f 805/905/805 600/690/600 599/689/599
f 820/920/820 821/921/821 787/887/787
f 787/887/787 821/921/821 783/883/783
f 783/883/783 821/921/821 781/881/781
f 821/921/821 822/922/822 781/881/781
f 822/922/822 605/695/605 781/881/781
f 781/881/781 605/695/605 575/665/575
f 815/923/815 814/924/814 823/925/823
f 814/924/814 810/926/810 823/925/823
f 810/926/810 811/927/811 823/925/823
f 811/927/811 812/928/812 823/925/823
f 812/928/812 813/929/813 823/925/823
f 813/929/813 817/930/817 823/925/823
f 817/930/817 824/931/824 823/925/823
f 823/925/823 824/931/824 815/923/815
f 797/932/797 825/933/825 826/934/826
f 825/933/825 820/935/820 826/934/826
f 820/935/820 787/936/787 826/934/826
f 787/936/787 788/937/788 826/934/826
f 788/937/788 789/938/789 826/934/826
f 789/938/789 791/939/791 826/934/826
f 791/939/791 798/940/798 826/934/826
f 826/934/826 798/940/798 797/932/797
f 827/941/827 828/942/828 829/943/829
f 830/944/830 831/945/831 832/946/832
f 831/945/831 830/944/830 833/947/833
f 834/948/834 831/945/831 833/947/833
f 831/945/831 834/948/834 835/949/835
f 836/950/836 837/951/837 838/952/838
f 839/953/839 837/951/837 840/954/840
f 837/951/837 836/950/836 840/954/840
f 840/954/840 836/950/836 841/955/841
f 836/950/836 842/956/842 841/955/841
f 841/955/841 842/956/842 843/957/843
f 842/956/842 844/958/844 843/957/843
f 843/957/843 844/958/844 845/959/845
f 844/958/844 846/960/846 845/959/845
f 846/960/846 100/100/100 845/959/845
f 845/959/845 100/100/100 847/961/847
f 100/100/100 102/102/102 847/961/847
f 102/102/102 848/962/848 847/961/847
f 847/961/847 848/962/848 849/963/849
f 848/962/848 850/964/850 849/963/849
f 849/963/849 850/964/850 851/965/851
f 850/964/850 852/966/852 851/965/851
f 851/965/851 852/966/852 853/967/853
f 852/966/852 854/968/854 853/967/853
f 853/967/853 854/968/854 855/969/855
f 854/968/854 856/970/856 855/969/855
f 855/969/855 856/970/856 857/971/857
f 856/970/856 858/972/858 857/971/857
f 857/971/857 858/972/858 859/973/859
f 858/972/858 860/974/860 859/973/859
f 839/953/839 840/954/840 861/975/861
f 840/954/840 841/955/841 861/975/861
f 861/975/861 841/955/841 851/965/851
f 841/955/841 843/957/843 851/965/851
f 851/965/851 843/957/843 849/963/849
f 849/963/849 843/957/843 847/961/847
f 843/957/843 845/959/845 847/961/847
f 858/972/858 856/970/856 862/976/862
f 856/970/856 863/977/863 862/976/862
f 862/976/862 863/977/863 864/978/864
f 863/977/863 865/979/865 864/978/864
f 864/978/864 865/979/865 866/980/866
f 866/980/866 865/979/865 105/105/105
f 865/979/865 867/981/867 105/105/105
f 105/105/105 867/981/867 102/102/102
f 102/102/102 867/981/867 848/962/848
f 867/981/867 868/982/868 848/962/848
f 848/962/848 868/982/868 850/964/850
f 868/982/868 854/968/854 850/964/850
f 850/964/850 854/968/854 852/966/852
f 856/970/856 854/968/854 863/977/863
f 854/968/854 868/982/868 863/977/863
f 868/982/868 867/981/867 863/977/863
f 863/977/863 867/981/867 865/979/865
f 851/965/851 853/967/853 861/975/861
f 855/969/855 857/971/857 869/983/869
f 857/971/857 859/973/859 869/983/869
f 870/984/870 871/985/871 872/986/872
f 873/987/873 874/988/874 875/989/875
f 874/988/874 876/990/876 875/989/875
f 875/989/875 876/990/876 870/984/870
f 876/990/876 877/991/877 870/984/870
f 870/984/870 877/991/877 871/985/871
f 871/985/871 877/991/877 878/992/878
f 877/991/877 879/993/879 878/992/878
f 878/992/878 879/993/879 880/994/880
f 879/993/879 881/995/881 880/994/880
f 880/994/880 881/995/881 882/996/882
f 881/995/881 883/997/883 882/996/882
f 882/996/882 883/997/883 259/259/259
f 259/259/259 883/997/883 267/267/267
f 883/997/883 884/998/884 267/267/267
f 267/267/267 884/998/884 885/999/885
f 884/998/884 886/1000/886 885/999/885
f 885/999/885 886/1000/886 887/1001/887
f 887/1001/887 886/1000/886 888/1002/888
f 886/1000/886 889/1003/889 888/1002/888
f 888/1002/888 889/1003/889 874/988/874
f 874/988/874 889/1003/889 876/990/876
f 889/1003/889 879/993/879 876/990/876
f 876/990/876 879/993/879 877/991/877
f 879/993/879 889/1003/889 881/995/881
f 889/1003/889 886/1000/886 881/995/881
f 886/1000/886 884/998/884 881/995/881
f 881/995/881 884/998/884 883/997/883
f 890/1004/890 891/1005/891 892/1006/892
f 891/1005/891 893/1007/893 892/1006/892
f 892/1006/892 893/1007/893 894/1008/894
f 893/1007/893 895/1009/895 894/1008/894
f 894/1008/894 895/1009/895 896/1010/896
f 895/1009/895 897/1011/897 896/1010/896
f 896/1010/896 897/1011/897 898/1012/898
f 897/1011/897 899/1013/899 898/1012/898
f 898/1012/898 899/1013/899 255/255/255
f 255/255/255 899/1013/899 254/254/254
f 254/254/254 899/1013/899 259/259/259
f 259/259/259 899/1013/899 882/996/882
f 882/996/882 899/1013/899 880/994/880
f 880/994/880 899/1013/899 900/1014/900
f 899/1013/899 897/1011/897 900/1014/900
f 892/1006/892 894/1008/894 901/1015/901
f 894/1008/894 902/1016/902 901/1015/901
f 901/1015/901 902/1016/902 903/1017/903
f 903/1017/903 902/1016/902 904/1018/904
f 902/1016/902 905/1019/905 904/1018/904
f 904/1018/904 905/1019/905 256/256/256
f 905/1019/905 906/1020/906 256/256/256
f 256/256/256 906/1020/906 255/255/255
f 255/255/255 906/1020/906 898/1012/898
f 898/1012/898 906/1020/906 896/1010/896
f 906/1020/906 905/1019/905 896/1010/896
f 905/1019/905 902/1016/902 896/1010/896
f 896/1010/896 902/1016/902 894/1008/894
f 891/1005/891 828/942/828 893/1007/893
f 828/942/828 907/1021/907 893/1007/893
f 893/1007/893 907/1021/907 895/1009/895
f 907/1021/907 908/1022/908 895/1009/895
f 895/1009/895 908/1022/908 897/1011/897
f 828/942/828 827/941/827 907/1021/907
f 827/941/827 908/1022/908 907/1021/907
f 839/953/839 861/975/861 909/1023/909
f 861/975/861 853/967/853 909/1023/909
f 853/967/853 855/969/855 909/1023/909
f 909/1023/909 855/969/855 869/983/869
f 910/1024/910 831/1025/831 911/1026/911
f 831/1025/831 835/1027/835 911/1026/911
f 911/1026/911 835/1027/835 834/1028/834
f 912/1029/912 910/1024/910 913/1030/913
f 910/1024/910 911/1026/911 913/1030/913
f 913/1030/913 911/1026/911 914/1031/914
f 911/1026/911 834/1028/834 914/1031/914
f 914/1031/914 834/1028/834 915/1032/915
f 834/1028/834 833/1033/833 915/1032/915
f 915/1032/915 833/1033/833 830/1034/830
f 916/1035/916 917/1036/917 918/1037/918
f 917/1036/917 919/1038/919 918/1037/918
f 918/1037/918 919/1038/919 920/1039/920
f 919/1038/919 921/1040/921 920/1039/920
f 920/1039/920 921/1040/921 831/1041/831
f 831/1041/831 921/1040/921 832/1042/832
f 832/1042/832 921/1040/921 830/1034/830
f 921/1040/921 922/1043/922 830/1034/830
f 830/1034/830 922/1043/922 915/1032/915
f 922/1043/922 923/1044/923 915/1032/915
f 915/1032/915 923/1044/923 914/1031/914
f 923/1044/923 924/1045/924 914/1031/914
f 914/1031/914 924/1045/924 913/1030/913
f 924/1045/924 925/1046/925 913/1030/913
f 913/1030/913 925/1046/925 912/1029/912
f 925/1046/925 926/1047/926 912/1029/912
f 921/1040/921 919/1038/919 922/1043/922
f 919/1038/919 927/1048/927 922/1043/922
f 922/1043/922 927/1048/927 923/1044/923
f 927/1048/927 928/1049/928 923/1044/923
f 923/1044/923 928/1049/928 924/1045/924
f 928/1049/928 929/1050/929 924/1045/924
f 924/1045/924 929/1050/929 925/1046/925
f 919/1038/919 917/1036/917 927/1048/927
f 917/1036/917 930/1051/930 927/1048/927
f 927/1048/927 930/1051/930 928/1049/928
f 828/942/828 931/1052/931 829/943/829
f 839/953/839 909/1023/909 932/1053/932
f 909/1023/909 869/983/869 932/1053/932
f 699/793/699 933/1054/933 700/794/700
f 933/1054/933 934/1055/934 700/794/700
f 700/794/700 934/1055/934 702/796/702
f 704/798/704 702/796/702 935/1056/935
f 702/796/702 934/1055/934 935/1056/935
f 935/1056/935 934/1055/934 916/1035/916
f 916/1035/916 934/1055/934 917/1036/917
f 917/1036/917 934/1055/934 930/1051/930
f 934/1055/934 933/1054/933 930/1051/930
f 930/1051/930 933/1054/933 936/1057/936
f 933/1054/933 699/793/699 936/1057/936
f 936/1057/936 699/793/699 937/1058/937
f 699/793/699 697/791/697 937/1058/937
f 937/1058/937 697/791/697 938/1059/938
f 697/791/697 695/789/695 938/1059/938
f 938/1059/938 695/789/695 939/1060/939
f 695/789/695 694/788/694 939/1060/939
f 939/1060/939 926/1047/926 938/1059/938
f 926/1047/926 925/1046/925 938/1059/938
f 925/1046/925 929/1050/929 938/1059/938
f 938/1059/938 929/1050/929 937/1058/937
f 937/1058/937 929/1050/929 936/1057/936
f 929/1050/929 928/1049/928 936/1057/936
f 936/1057/936 928/1049/928 930/1051/930
f 655/747/655 659/751/659 940/1061/940
f 659/751/659 941/1062/941 940/1061/940
f 940/1061/940 941/1062/941 837/951/837
f 837/951/837 941/1062/941 838/952/838
f 838/952/838 941/1062/941 942/1063/942
f 942/1063/942 941/1062/941 643/734/643
f 643/734/643 941/1062/941 644/735/644
f 941/1062/941 659/751/659 644/735/644
f 837/951/837 839/953/839 940/1061/940
f 839/953/839 932/1053/932 940/1061/940
f 940/1061/940 932/1053/932 655/747/655
f 932/1053/932 943/1064/943 655/747/655
f 655/747/655 943/1064/943 654/746/654
f 943/1064/943 944/1065/944 654/746/654
f 654/746/654 944/1065/944 653/745/653
f 653/745/653 944/1065/944 661/754/661
f 661/754/661 944/1065/944 945/1066/945
f 945/1066/945 944/1065/944 860/974/860
f 860/974/860 944/1065/944 859/973/859
f 944/1065/944 943/1064/943 859/973/859
f 859/973/859 943/1064/943 869/983/869
f 943/1064/943 932/1053/932 869/983/869
f 664/757/664 666/759/666 946/1067/946
f 666/759/666 677/770/677 946/1067/946
f 946/1067/946 677/770/677 947/1068/947
f 677/770/677 676/769/676 947/1068/947
f 676/769/676 931/1052/931 947/1068/947
f 931/1052/931 828/942/828 947/1068/947
f 828/942/828 891/1005/891 947/1068/947
f 947/1068/947 891/1005/891 946/1067/946
f 891/1005/891 890/1004/890 946/1067/946
f 890/1004/890 948/1069/948 946/1067/946
f 946/1067/946 948/1069/948 664/757/664
f 872/986/872 949/1070/949 870/984/870
f 949/1070/949 950/1071/950 870/984/870
f 870/984/870 950/1071/950 875/989/875
f 950/1071/950 951/1072/951 875/989/875
f 875/989/875 951/1072/951 873/987/873
f 873/987/873 951/1072/951 952/1073/952
f 952/1073/952 951/1072/951 678/771/678
f 678/771/678 951/1072/951 679/772/679
f 679/772/679 951/1072/951 691/784/691
f 951/1072/951 950/1071/950 691/784/691
f 691/784/691 950/1071/950 690/783/690
f 950/1071/950 949/1070/949 690/783/690
f 953/1074/953 1/1/1 954/1075/954
f 1/1/1 3/3/3 954/1075/954
f 954/1075/954 3/3/3 955/1076/955
f 3/3/3 5/5/5 955/1076/955
f 955/1076/955 5/5/5 956/1077/956
f 5/5/5 7/7/7 956/1077/956
f 28/28/28 953/1078/953 23/23/23
f 953/1078/953 954/1079/954 23/23/23
f 954/1079/954 955/1080/955 23/23/23
f 23/23/23 955/1080/955 17/17/17
f 17/17/17 955/1080/955 18/18/18
f 955/1080/955 956/1081/956 18/18/18
f 957/1082/957 958/1083/958 29/29/29
f 29/29/29 958/1083/958 30/30/30
f 958/1083/958 959/1084/959 30/30/30
f 30/30/30 959/1084/959 33/33/33
f 959/1084/959 960/1085/960 33/33/33
f 33/33/33 960/1085/960 35/35/35
f 56/56/56 51/51/51 957/1086/957
f 957/1086/957 51/51/51 958/1087/958
f 958/1087/958 51/51/51 959/1088/959
f 51/51/51 38/38/38 959/1088/959
f 38/38/38 37/37/37 959/1088/959
f 959/1088/959 37/37/37 960/1089/960
f 961/1090/961 962/1091/962 120/120/120
f 962/1091/962 127/127/127 120/120/120
f 244/244/244 317/336/317 961/1092/961
f 317/336/317 962/1093/962 961/1092/961
f 962/1091/962 963/1094/963 127/127/127
f 963/1094/963 128/128/128 127/127/127
f 317/336/317 309/328/309 962/1093/962
f 309/328/309 963/1095/963 962/1093/962
f 107/107/107 964/1096/964 109/109/109
f 964/1096/964 965/1097/965 109/109/109
f 964/1098/964 140/140/140 965/1099/965
f 140/140/140 139/139/139 965/1099/965
f 106/106/106 966/1100/966 107/107/107
f 966/1100/966 964/1096/964 107/107/107
f 966/1101/966 154/155/155 964/1098/964
f 154/155/155 140/140/140 964/1098/964
f 967/1102/967 113/113/113 968/1103/968
f 113/113/113 111/111/111 968/1103/968
f 968/1103/968 111/111/111 965/1097/965
f 111/111/111 109/109/109 965/1097/965
f 969/1104/969 105/105/105 970/1105/970
f 105/105/105 104/104/104 970/1105/970
f 970/1105/970 104/104/104 967/1102/967
f 104/104/104 113/113/113 967/1102/967
f 971/1106/971 972/1107/972 124/124/124
f 124/124/124 972/1107/972 122/122/122
f 972/1107/972 961/1090/961 122/122/122
f 122/122/122 961/1090/961 120/120/120
f 971/1108/971 258/258/258 972/1109/972
f 258/258/258 245/245/245 972/1109/972
f 245/245/245 244/244/244 972/1109/972
f 972/1109/972 244/244/244 961/1092/961
f 973/1110/973 974/1111/974 100/100/100
f 100/100/100 974/1111/974 101/101/101
f 974/1111/974 971/1106/971 101/101/101
f 101/101/101 971/1106/971 124/124/124
f 258/258/258 971/1108/971 257/257/257
f 971/1108/971 974/1112/974 257/257/257
f 974/1112/974 973/1113/973 257/257/257
f 257/257/257 973/1113/973 256/256/256
f 267/267/267 969/1114/969 266/266/266
f 969/1114/969 970/1115/970 266/266/266
f 970/1115/970 967/1116/967 266/266/266
f 266/266/266 967/1116/967 265/265/265
f 965/1099/965 139/139/139 968/1117/968
f 139/139/139 138/138/138 968/1117/968
f 138/138/138 265/265/265 968/1117/968
f 968/1117/968 265/265/265 967/1116/967
f 395/486/395 975/1118/975 413/435/413
f 975/1118/975 976/1119/976 413/435/413
f 977/1120/977 978/1121/978 956/1081/956
f 978/1121/978 18/18/18 956/1081/956
f 14/14/14 425/1122/425 11/11/11
f 425/1122/425 976/1123/976 11/11/11
f 412/434/412 413/435/413 425/466/425
f 413/435/413 976/1119/976 425/466/425
f 979/1124/979 975/1125/975 396/418/396
f 975/1125/975 395/417/395 396/418/396
f 425/466/425 980/1126/980 424/465/424
f 980/1126/980 354/464/354 424/465/424
f 347/369/347 354/376/354 978/1127/978
f 354/376/354 980/1128/980 978/1127/978
f 18/18/18 978/1121/978 16/16/16
f 978/1121/978 980/1129/980 16/16/16
f 16/16/16 980/1129/980 14/14/14
f 980/1129/980 425/1122/425 14/14/14
f 956/1077/956 7/7/7 977/1130/977
f 977/1130/977 7/7/7 981/1131/981
f 7/7/7 8/8/8 981/1131/981
f 981/1131/981 8/8/8 979/1132/979
f 11/11/11 976/1123/976 9/9/9
f 976/1123/976 975/1133/975 9/9/9
f 975/1133/975 979/1132/979 9/9/9
f 9/9/9 979/1132/979 8/8/8
f 347/369/347 978/1127/978 346/368/346
f 978/1127/978 977/1134/977 346/368/346
f 977/1134/977 981/1135/981 346/368/346
f 346/368/346 981/1135/981 370/392/370
f 981/1135/981 979/1124/979 370/392/370
f 370/392/370 979/1124/979 396/418/396
f 982/1136/982 983/1137/983 470/526/470
f 983/1137/983 472/528/472 470/526/470
f 37/37/37 984/1138/984 960/1089/960
f 984/1138/984 985/1139/985 960/1089/960
f 982/1140/982 503/1141/503 43/43/43
f 503/1141/503 41/41/41 43/43/43
f 982/1136/982 470/526/470 503/559/503
f 470/526/470 487/543/487 503/559/503
f 472/612/472 983/1142/983 546/611/546
f 983/1142/983 986/1143/986 546/611/546
f 506/562/506 987/1144/987 504/560/504
f 987/1144/987 503/559/503 504/560/504
f 987/1145/987 506/607/506 984/1146/984
f 506/607/506 543/608/543 984/1146/984
f 960/1085/960 985/1147/985 35/35/35
f 985/1147/985 988/1148/988 35/35/35
f 35/35/35 988/1148/988 36/36/36
f 988/1148/988 986/1149/986 36/36/36
f 37/37/37 39/39/39 984/1138/984
f 984/1138/984 39/39/39 987/1150/987
f 39/39/39 41/41/41 987/1150/987
f 987/1150/987 41/41/41 503/1141/503
f 36/36/36 986/1149/986 46/46/46
f 986/1149/986 983/1151/983 46/46/46
f 983/1151/983 982/1140/982 46/46/46
f 46/46/46 982/1140/982 43/43/43
f 546/611/546 986/1143/986 545/610/545
f 986/1143/986 988/1152/988 545/610/545
f 545/610/545 988/1152/988 544/609/544
f 988/1152/988 985/1153/985 544/609/544
f 985/1153/985 984/1146/984 544/609/544
f 544/609/544 984/1146/984 543/608/543
f 989/1154/989 615/705/615 990/1155/990
f 615/705/615 614/704/614 990/1155/990
f 614/704/614 620/710/620 990/1155/990
f 990/1155/990 620/710/620 991/1156/991
f 620/710/620 622/712/622 991/1156/991
f 991/1156/991 622/712/622 992/1157/992
f 622/712/622 621/711/621 992/1157/992
f 992/1157/992 621/711/621 993/1158/993
f 994/1159/994 586/676/586 995/1160/995
f 586/676/586 587/677/587 995/1160/995
f 995/1160/995 587/677/587 996/1161/996
f 587/677/587 588/678/588 996/1161/996
f 996/1161/996 588/678/588 997/1162/997
f 588/678/588 589/679/589 997/1162/997
f 589/679/589 590/680/590 997/1162/997
f 997/1162/997 590/680/590 998/1163/998
f 605/695/605 994/1164/994 604/694/604
f 994/1164/994 995/1165/995 604/694/604
f 995/1165/995 996/1166/996 604/694/604
f 604/694/604 996/1166/996 603/693/603
f 996/1166/996 997/1167/997 603/693/603
f 603/693/603 997/1167/997 602/692/602
f 602/692/602 997/1167/997 601/691/601
f 997/1167/997 998/1168/998 601/691/601
f 599/689/599 597/687/597 993/1169/993
f 993/1169/993 597/687/597 992/1170/992
f 992/1170/992 597/687/597 991/1171/991
f 597/687/597 595/685/595 991/1171/991
f 991/1171/991 595/685/595 990/1172/990
f 595/685/595 592/682/592 990/1172/990
f 592/682/592 591/681/591 990/1172/990
f 990/1172/990 591/681/591 989/1173/989
f 999/1174/999 1000/1175/1000 672/765/672
f 1000/1175/1000 999/1174/999 1001/1176/1001
f 1002/1177/1002 1000/1175/1000 1001/1176/1001
f 1000/1175/1000 1002/1177/1002 686/779/686
f 668/761/668 1003/1178/1003 670/763/670
f 1003/1178/1003 1004/1179/1004 670/763/670
f 1005/1180/1005 1003/1181/1003 665/758/665
f 1003/1181/1003 668/761/668 665/758/665
f 1006/1182/1006 1007/1183/1007 665/758/665
f 1007/1183/1007 1005/1180/1005 665/758/665
f 1004/1179/1004 1008/1184/1008 670/763/670
f 1008/1184/1008 1009/1185/1009 670/763/670
f 1010/1186/1010 1011/1187/1011 633/723/633
f 1011/1187/1011 641/732/641 633/723/633
f 1007/1188/1007 1006/1189/1006 1012/1190/1012
f 1006/1189/1006 645/736/645 1012/1190/1012
f 1009/1185/1009 999/1174/999 670/763/670
f 999/1174/999 672/765/672 670/763/670
f 1013/1191/1013 1014/1192/1014 661/754/661
f 1014/1192/1014 660/753/660 661/754/661
f 1013/1193/1013 678/771/678 1014/1194/1014
f 678/771/678 680/773/680 1014/1194/1014
f 682/775/682 1015/1195/1015 680/773/680
f 1015/1195/1015 1016/1196/1016 680/773/680
f 1017/1197/1017 1015/1198/1015 684/777/684
f 1015/1198/1015 682/775/682 684/777/684
f 1018/1199/1018 1019/1200/1019 648/740/648
f 1019/1200/1019 1020/1201/1020 648/740/648
f 1021/1202/1021 1022/1203/1022 660/753/660
f 1022/1203/1022 647/752/647 660/753/660
f 1016/1196/1016 1023/1204/1023 680/773/680
f 1023/1204/1023 1014/1194/1014 680/773/680
f 1020/1205/1020 1019/1206/1019 684/777/684
f 1019/1206/1019 1017/1197/1017 684/777/684
f 647/739/647 1022/1207/1022 648/740/648
f 1022/1207/1022 1018/1199/1018 648/740/648
f 660/753/660 1014/1192/1014 1021/1202/1021
f 1014/1192/1014 1023/1208/1023 1021/1202/1021
f 686/779/686 1002/1177/1002 684/777/684
f 1002/1177/1002 1020/1205/1020 684/777/684
f 645/736/645 1006/1189/1006 643/734/643
f 1006/1189/1006 1024/1209/1024 643/734/643
f 665/758/665 664/757/664 1006/1182/1006
f 664/757/664 1024/1210/1024 1006/1182/1006
f 641/738/641 1011/1211/1011 645/736/645
f 1011/1211/1011 1012/1190/1012 645/736/645
f 1009/1212/1009 1008/1213/1008 633/723/633
f 1008/1213/1008 1010/1186/1010 633/723/633
f 1009/1212/1009 633/723/633 999/1214/999
f 633/723/633 632/722/632 999/1214/999
f 999/1214/999 632/722/632 1001/1215/1001
f 632/722/632 662/755/662 1001/1215/1001
f 662/755/662 663/756/663 1001/1215/1001
f 1001/1215/1001 663/756/663 1002/1216/1002
f 663/756/663 648/740/648 1002/1216/1002
f 1002/1216/1002 648/740/648 1020/1201/1020
f 1025/1217/1025 1026/1218/1026 720/820/720
f 1026/1218/1026 1027/1219/1027 720/820/720
f 1028/1220/1028 716/816/716 1029/1221/1029
f 716/816/716 1030/1222/1030 1029/1221/1029
f 1031/1223/1031 1032/1224/1032 722/822/722
f 1032/1224/1032 1033/1225/1033 722/822/722
f 1034/1226/1034 724/824/724 1035/1227/1035
f 724/824/724 1036/1228/1036 1035/1227/1035
f 714/814/714 1037/1229/1037 715/815/715
f 1037/1229/1037 1038/1230/1038 715/815/715
f 715/815/715 1038/1230/1038 106/106/106
f 1038/1230/1038 966/1100/966 106/106/106
f 1027/1231/1027 1039/1232/1039 1040/1233/1040
f 1039/1232/1039 66/66/66 1040/1233/1040
f 1040/1233/1040 66/66/66 1030/1234/1030
f 66/66/66 64/64/64 1030/1234/1030
f 72/72/72 1028/1235/1028 70/70/70
f 1028/1235/1028 1029/1236/1029 70/70/70
f 70/70/70 1029/1236/1029 64/64/64
f 1029/1236/1029 1030/1234/1030 64/64/64
f 707/807/707 706/806/706 1039/1237/1039
f 1039/1237/1039 706/806/706 1041/1238/1041
f 706/806/706 128/128/128 1041/1238/1041
f 1041/1238/1041 128/128/128 963/1094/963
f 1039/1237/1039 1027/1239/1027 707/807/707
f 1027/1239/1027 1026/1240/1026 707/807/707
f 1026/1240/1026 1025/1241/1025 707/807/707
f 707/807/707 1025/1241/1025 709/809/709
f 709/809/709 1025/1241/1025 710/810/710
f 1025/1241/1025 1042/1242/1042 710/810/710
f 1042/1242/1042 1033/1243/1033 710/810/710
f 710/810/710 1033/1243/1033 713/813/713
f 720/820/720 1027/1219/1027 718/818/718
f 1027/1219/1027 1040/1244/1040 718/818/718
f 1040/1244/1040 1030/1222/1030 718/818/718
f 718/818/718 1030/1222/1030 716/816/716
f 66/66/66 1039/1232/1039 67/67/67
f 1039/1232/1039 1041/1245/1041 67/67/67
f 1041/1245/1041 963/1095/963 67/67/67
f 67/67/67 963/1095/963 309/328/309
f 713/813/713 1033/1243/1033 714/814/714
f 1033/1243/1033 1032/1246/1032 714/814/714
f 1032/1246/1032 1031/1247/1031 714/814/714
f 714/814/714 1031/1247/1031 1037/1229/1037
f 1031/1248/1031 1043/1249/1043 1037/1250/1037
f 1037/1250/1037 1043/1249/1043 89/89/89
f 1043/1249/1043 1034/1251/1034 89/89/89
f 89/89/89 1034/1251/1034 83/83/83
f 79/79/79 81/81/81 1036/1252/1036
f 1036/1252/1036 81/81/81 1035/1253/1035
f 81/81/81 83/83/83 1035/1253/1035
f 1035/1253/1035 83/83/83 1034/1251/1034
f 722/822/722 1033/1225/1033 721/821/721
f 1033/1225/1033 1042/1254/1042 721/821/721
f 1042/1254/1042 1025/1217/1025 721/821/721
f 721/821/721 1025/1217/1025 720/820/720
f 154/155/155 966/1101/966 90/90/90
f 966/1101/966 1038/1255/1038 90/90/90
f 1038/1255/1038 1037/1250/1037 90/90/90
f 90/90/90 1037/1250/1037 89/89/89
f 724/824/724 1034/1226/1034 723/823/723
f 1034/1226/1034 1043/1256/1043 723/823/723
f 1043/1256/1043 1031/1223/1031 723/823/723
f 723/823/723 1031/1223/1031 722/822/722
f 1036/1228/1036 724/824/724 1044/1257/1044
f 724/824/724 717/817/717 1044/1257/1044
f 1044/1257/1044 717/817/717 1045/1258/1045
f 1045/1258/1045 717/817/717 1046/1259/1046
f 717/817/717 716/816/716 1046/1259/1046
f 1046/1259/1046 716/816/716 1028/1220/1028
f 1028/1235/1028 72/72/72 1046/1260/1046
f 72/72/72 74/74/74 1046/1260/1046
f 1046/1260/1046 74/74/74 1045/1261/1045
f 74/74/74 76/76/76 1045/1261/1045
f 76/76/76 77/77/77 1045/1261/1045
f 1045/1261/1045 77/77/77 1044/1262/1044
f 77/77/77 79/79/79 1044/1262/1044
f 1044/1262/1044 79/79/79 1036/1252/1036
f 1047/1263/1047 1048/1264/1048 725/825/725
f 1048/1264/1048 1049/1265/1049 725/825/725
f 1048/1266/1048 1050/1267/1050 1049/1268/1049
f 1050/1267/1050 733/833/733 1049/1268/1049
f 725/825/725 1049/1265/1049 591/681/591
f 1049/1265/1049 989/1173/989 591/681/591
f 1049/1268/1049 733/833/733 989/1154/989
f 733/833/733 615/705/615 989/1154/989
f 1010/1269/1010 1008/1270/1008 1047/1271/1047
f 1008/1270/1008 1048/1272/1048 1047/1271/1047
f 1007/1188/1007 1012/1190/1012 1051/1273/1051
f 1012/1190/1012 1052/1274/1052 1051/1273/1051
f 1005/1180/1005 1007/1183/1007 1053/1275/1053
f 1007/1183/1007 1051/1276/1051 1053/1275/1053
f 1008/1277/1008 1004/1278/1004 1048/1279/1048
f 1004/1278/1004 1050/1280/1050 1048/1279/1048
f 1054/1281/1054 1055/1282/1055 728/828/728
f 1055/1282/1055 1056/1283/1056 728/828/728
f 734/834/734 1057/1284/1057 1054/1285/1054
f 1057/1284/1057 1055/1286/1055 1054/1285/1054
f 998/1168/998 1054/1281/1054 601/691/601
f 1054/1281/1054 728/828/728 601/691/601
f 590/680/590 734/834/734 998/1163/998
f 734/834/734 1054/1285/1054 998/1163/998
f 1055/1287/1055 1019/1288/1019 1056/1289/1056
f 1019/1288/1019 1018/1290/1018 1056/1289/1056
f 1058/1291/1058 1021/1202/1021 1059/1292/1059
f 1021/1202/1021 1023/1208/1023 1059/1292/1059
f 1059/1293/1059 1023/1204/1023 1060/1294/1060
f 1023/1204/1023 1016/1196/1016 1060/1294/1060
f 1057/1295/1057 1017/1296/1017 1055/1297/1055
f 1017/1296/1017 1019/1298/1019 1055/1297/1055
f 1017/1296/1017 1057/1295/1057 1015/1195/1015
f 1057/1295/1057 1061/1299/1061 1015/1195/1015
f 1015/1195/1015 1061/1299/1061 1016/1196/1016
f 1061/1299/1061 1060/1294/1060 1016/1196/1016
f 733/833/733 1050/1267/1050 732/832/732
f 1050/1267/1050 1062/1300/1062 732/832/732
f 732/832/732 1062/1300/1062 731/831/731
f 1062/1300/1062 1053/1301/1053 731/831/731
f 1056/1289/1056 1018/1290/1018 1063/1302/1063
f 1018/1290/1018 1022/1203/1022 1063/1302/1063
f 1063/1302/1063 1022/1203/1022 1058/1291/1058
f 1022/1203/1022 1021/1202/1021 1058/1291/1058
f 731/831/731 1053/1301/1053 730/830/730
f 1053/1301/1053 1051/1303/1051 730/830/730
f 1051/1303/1051 1052/1304/1052 730/830/730
f 730/830/730 1052/1304/1052 729/829/729
f 729/829/729 1052/1304/1052 726/826/726
f 1052/1304/1052 1064/1305/1064 726/826/726
f 1064/1305/1064 1047/1263/1047 726/826/726
f 726/826/726 1047/1263/1047 725/825/725
f 1004/1278/1004 1003/1181/1003 1050/1280/1050
f 1050/1280/1050 1003/1181/1003 1062/1306/1062
f 1003/1181/1003 1005/1180/1005 1062/1306/1062
f 1062/1306/1062 1005/1180/1005 1053/1275/1053
f 1047/1271/1047 1064/1307/1064 1010/1269/1010
f 1010/1269/1010 1064/1307/1064 1011/1211/1011
f 1064/1307/1064 1052/1274/1052 1011/1211/1011
f 1011/1211/1011 1052/1274/1052 1012/1190/1012
f 728/828/728 1056/1283/1056 727/827/727
f 1056/1283/1056 1063/1308/1063 727/827/727
f 1063/1308/1063 1058/1309/1058 727/827/727
f 727/827/727 1058/1309/1058 738/838/738
f 738/838/738 1058/1309/1058 737/837/737
f 1058/1309/1058 1059/1310/1059 737/837/737
f 1059/1310/1059 1060/1311/1060 737/837/737
f 737/837/737 1060/1311/1060 736/836/736
f 734/834/734 735/835/735 1057/1284/1057
f 1057/1284/1057 735/835/735 1061/1312/1061
f 735/835/735 736/836/736 1061/1312/1061
f 1061/1312/1061 736/836/736 1060/1311/1060
f 756/856/756 757/857/757 1065/1313/1065
f 757/857/757 1066/1314/1066 1065/1313/1065
f 755/855/755 756/856/756 1067/1315/1067
f 756/856/756 1065/1313/1065 1067/1315/1067
f 1067/1315/1067 1065/1313/1065 1068/1316/1068
f 1068/1316/1068 1065/1313/1065 1069/1317/1069
f 1065/1313/1065 1066/1314/1066 1069/1317/1069
f 1069/1317/1069 1066/1314/1066 1070/1318/1070
f 744/844/744 1071/1319/1071 1072/1320/1072
f 1071/1319/1071 1073/1321/1073 1072/1320/1072
f 1072/1320/1072 1073/1321/1073 1074/1322/1074
f 1073/1321/1073 1075/1323/1075 1074/1322/1074
f 743/843/743 744/844/744 1076/1324/1076
f 744/844/744 1072/1320/1072 1076/1324/1076
f 1076/1324/1076 1072/1320/1072 1077/1325/1077
f 1072/1320/1072 1074/1322/1074 1077/1325/1077
f 1068/1316/1068 1075/1326/1075 1067/1315/1067
f 1075/1326/1075 1073/1327/1073 1067/1315/1067
f 1067/1315/1067 1073/1327/1073 755/855/755
f 1073/1327/1073 1071/1328/1071 755/855/755
f 743/843/743 1076/1324/1076 759/859/759
f 759/859/759 1076/1324/1076 1078/1329/1078
f 1076/1324/1076 1077/1325/1077 1078/1329/1078
f 1078/1329/1078 1077/1325/1077 1079/1330/1079
f 1/1/1 953/1074/953 740/840/740
f 953/1074/953 1080/1331/1080 740/840/740
f 740/840/740 1080/1331/1080 742/842/742
f 1080/1331/1080 1081/1332/1081 742/842/742
f 742/842/742 1081/1332/1081 744/844/744
f 1081/1332/1081 1071/1319/1071 744/844/744
f 28/28/28 753/853/753 953/1078/953
f 953/1078/953 753/853/753 1080/1333/1080
f 1080/1333/1080 753/853/753 1081/1334/1081
f 753/853/753 754/854/754 1081/1334/1081
f 754/854/754 755/855/755 1081/1334/1081
f 1081/1334/1081 755/855/755 1071/1328/1071
f 757/857/757 758/858/758 1066/1314/1066
f 758/858/758 1082/1335/1082 1066/1314/1066
f 1066/1314/1066 1082/1335/1082 1070/1318/1070
f 1070/1318/1070 1082/1335/1082 1083/1336/1083
f 1083/1336/1083 1082/1335/1082 1079/1330/1079
f 1079/1330/1079 1082/1335/1082 1078/1329/1078
f 1082/1335/1082 758/858/758 1078/1329/1078
f 1078/1329/1078 758/858/758 759/859/759
f 1084/1337/1084 1085/1338/1085 1086/1339/1086
f 1085/1338/1085 1087/1340/1087 1086/1339/1086
f 778/878/778 1087/1340/1087 777/877/777
f 1087/1340/1087 1085/1338/1085 777/877/777
f 777/877/777 1085/1338/1085 776/876/776
f 776/876/776 1085/1338/1085 1088/1341/1088
f 1085/1338/1085 1084/1337/1084 1088/1341/1088
f 1088/1341/1088 1084/1337/1084 1089/1342/1089
f 764/864/764 774/874/774 1090/1343/1090
f 774/874/774 1091/1344/1091 1090/1343/1090
f 1090/1343/1090 1091/1344/1091 1092/1345/1092
f 1091/1344/1091 1093/1346/1093 1092/1345/1092
f 1086/1339/1086 1087/1340/1087 1094/1347/1094
f 1094/1347/1094 1087/1340/1087 1095/1348/1095
f 1087/1340/1087 778/878/778 1095/1348/1095
f 1095/1348/1095 778/878/778 1096/1349/1096
f 765/865/765 1097/1350/1097 1096/1351/1096
f 1096/1351/1096 1097/1350/1097 1095/1352/1095
f 1097/1350/1097 1098/1353/1098 1095/1352/1095
f 1095/1352/1095 1098/1353/1098 1094/1354/1094
f 764/864/764 1090/1343/1090 765/865/765
f 765/865/765 1090/1343/1090 1097/1350/1097
f 1090/1343/1090 1092/1345/1092 1097/1350/1097
f 1097/1350/1097 1092/1345/1092 1098/1353/1098
f 29/29/29 761/861/761 957/1082/957
f 957/1082/957 761/861/761 1099/1355/1099
f 761/861/761 763/863/763 1099/1355/1099
f 1099/1355/1099 763/863/763 1100/1356/1100
f 763/863/763 765/865/765 1100/1356/1100
f 1100/1356/1100 765/865/765 1096/1351/1096
f 56/56/56 957/1086/957 780/880/780
f 957/1086/957 1099/1357/1099 780/880/780
f 1099/1357/1099 1100/1358/1100 780/880/780
f 780/880/780 1100/1358/1100 779/879/779
f 779/879/779 1100/1358/1100 778/878/778
f 1100/1358/1100 1096/1349/1096 778/878/778
f 774/874/774 775/875/775 1091/1344/1091
f 775/875/775 1101/1359/1101 1091/1344/1091
f 1091/1344/1091 1101/1359/1101 1093/1346/1093
f 1093/1346/1093 1101/1359/1101 1102/1360/1102
f 1102/1360/1102 1101/1359/1101 1089/1342/1089
f 1089/1342/1089 1101/1359/1101 1088/1341/1088
f 1101/1359/1101 775/875/775 1088/1341/1088
f 1088/1341/1088 775/875/775 776/876/776
f 820/920/820 825/1361/825 821/921/821
f 825/1361/825 1103/1362/1103 821/921/821
f 821/921/821 1103/1362/1103 822/922/822
f 1103/1362/1103 1104/1363/1104 822/922/822
f 822/922/822 1104/1363/1104 605/695/605
f 1104/1363/1104 994/1164/994 605/695/605
f 817/917/817 818/918/818 824/1364/824
f 824/1364/824 818/918/818 1105/1365/1105
f 818/918/818 819/919/819 1105/1365/1105
f 1105/1365/1105 819/919/819 1106/1366/1106
f 819/919/819 599/689/599 1106/1366/1106
f 1106/1366/1106 599/689/599 993/1169/993
f 993/1158/993 621/711/621 1106/1367/1106
f 621/711/621 807/907/807 1106/1367/1106
f 1106/1367/1106 807/907/807 1105/1368/1105
f 807/907/807 816/916/816 1105/1368/1105
f 816/916/816 815/915/815 1105/1368/1105
f 1105/1368/1105 815/915/815 824/1369/824
f 825/1370/825 797/897/797 1103/1371/1103
f 797/897/797 796/896/796 1103/1371/1103
f 796/896/796 795/895/795 1103/1371/1103
f 1103/1371/1103 795/895/795 1104/1372/1104
f 795/895/795 586/676/586 1104/1372/1104
f 1104/1372/1104 586/676/586 994/1159/994
f 838/952/838 1107/1373/1107 836/950/836
f 1107/1373/1107 1108/1374/1108 836/950/836
f 1108/1375/1108 1107/1376/1107 892/1006/892
f 1107/1376/1107 890/1004/890 892/1006/892
f 1092/1377/1092 842/956/842 1098/1378/1098
f 842/956/842 836/950/836 1098/1378/1098
f 1089/1379/1089 903/1017/903 1102/1380/1102
f 903/1017/903 1109/1381/1109 1102/1380/1102
f 1109/1382/1109 844/958/844 1102/1383/1102
f 844/958/844 1093/1384/1093 1102/1383/1102
f 1108/1375/1108 892/1006/892 1094/1385/1094
f 892/1006/892 1086/1386/1086 1094/1385/1094
f 1092/1377/1092 1093/1384/1093 842/956/842
f 1093/1384/1093 844/958/844 842/956/842
f 1108/1374/1108 1094/1387/1094 836/950/836
f 1094/1387/1094 1098/1378/1098 836/950/836
f 1110/1388/1110 1111/1389/1111 858/972/858
f 1111/1389/1111 860/974/860 858/972/858
f 873/987/873 1111/1390/1111 874/988/874
f 1111/1390/1111 1110/1391/1110 874/988/874
f 858/972/858 862/976/862 1074/1392/1074
f 862/976/862 1077/1393/1077 1074/1392/1074
f 1112/1394/1112 887/1001/887 1083/1395/1083
f 887/1001/887 1070/1396/1070 1083/1395/1083
f 1079/1397/1079 864/978/864 1083/1398/1083
f 864/978/864 1112/1399/1112 1083/1398/1083
f 1068/1400/1068 874/988/874 1075/1401/1075
f 874/988/874 1110/1391/1110 1075/1401/1075
f 864/978/864 1079/1397/1079 862/976/862
f 1079/1397/1079 1077/1393/1077 862/976/862
f 1074/1392/1074 1075/1402/1075 858/972/858
f 1075/1402/1075 1110/1388/1110 858/972/858
f 1070/1396/1070 887/1001/887 1069/1403/1069
f 887/1001/887 888/1002/888 1069/1403/1069
f 1069/1403/1069 888/1002/888 1068/1400/1068
f 888/1002/888 874/988/874 1068/1400/1068
f 256/256/256 973/1113/973 904/1018/904
f 973/1113/973 1113/1404/1113 904/1018/904
f 904/1018/904 1113/1404/1113 903/1017/903
f 1113/1404/1113 1109/1381/1109 903/1017/903
f 105/105/105 969/1104/969 866/980/866
f 969/1104/969 1114/1405/1114 866/980/866
f 866/980/866 1114/1405/1114 864/978/864
f 1114/1405/1114 1112/1399/1112 864/978/864
f 100/100/100 846/960/846 973/1110/973
f 973/1110/973 846/960/846 1113/1406/1113
f 846/960/846 844/958/844 1113/1406/1113
f 1113/1406/1113 844/958/844 1109/1382/1109
f 1089/1379/1089 1084/1407/1084 903/1017/903
f 903/1017/903 1084/1407/1084 901/1015/901
f 1084/1407/1084 1086/1386/1086 901/1015/901
f 901/1015/901 1086/1386/1086 892/1006/892
f 267/267/267 885/999/885 969/1114/969
f 969/1114/969 885/999/885 1114/1408/1114
f 885/999/885 887/1001/887 1114/1408/1114
f 1114/1408/1114 887/1001/887 1112/1394/1112
f 1111/1390/1111 873/987/873 1115/1409/1115
f 873/987/873 952/1073/952 1115/1409/1115
f 1115/1409/1115 952/1073/952 1013/1193/1013
f 952/1073/952 678/771/678 1013/1193/1013
f 643/734/643 1024/1209/1024 942/1063/942
f 1024/1209/1024 1116/1410/1116 942/1063/942
f 1116/1410/1116 1107/1373/1107 942/1063/942
f 942/1063/942 1107/1373/1107 838/952/838
f 1107/1376/1107 1116/1411/1116 890/1004/890
f 890/1004/890 1116/1411/1116 948/1069/948
f 1116/1411/1116 1024/1210/1024 948/1069/948
f 948/1069/948 1024/1210/1024 664/757/664
f 860/974/860 1111/1389/1111 945/1066/945
f 1111/1389/1111 1115/1412/1115 945/1066/945
f 1115/1412/1115 1013/1191/1013 945/1066/945
f 945/1066/945 1013/1191/1013 661/754/661
f 704/798/704 1117/1413/1117 705/799/705
f 1117/1413/1117 1118/1414/1118 705/799/705
f 1118/1414/1118 1119/1415/1119 705/799/705
f 705/799/705 1119/1415/1119 636/800/636
f 640/785/640 1119/1416/1119 692/786/692
f 1119/1416/1119 1120/1417/1120 692/786/692
f 1120/1417/1120 1121/1418/1121 692/786/692
f 692/786/692 1121/1418/1121 694/788/694
f 690/783/690 1121/1419/1121 689/782/689
f 1121/1419/1121 1120/1420/1120 689/782/689
f 689/782/689 1120/1420/1120 687/780/687
f 1120/1420/1120 1119/1421/1119 687/780/687
f 687/780/687 1119/1421/1119 686/779/686
f 686/779/686 1119/1421/1119 1000/1175/1000
f 1000/1175/1000 1119/1421/1119 672/765/672
f 672/765/672 1119/1421/1119 673/766/673
f 1119/1421/1119 1118/1420/1118 673/766/673
f 673/766/673 1118/1420/1118 675/768/675
f 1118/1420/1118 1117/1419/1117 675/768/675
f 675/768/675 1117/1419/1117 676/769/676
f 1122/1422/1122 827/941/827 829/943/829
f 1123/1423/1123 920/1039/920 900/1424/900
f 920/1039/920 831/1041/831 900/1424/900
f 831/1025/831 910/1024/910 900/1425/900
f 910/1024/910 1124/1426/1124 900/1425/900
f 1122/1427/1122 916/1035/916 1125/1428/1125
f 916/1035/916 918/1037/918 1125/1428/1125
f 1125/1428/1125 918/1037/918 1123/1423/1123
f 918/1037/918 920/1039/920 1123/1423/1123
f 1126/1429/1126 1127/1430/1127 926/1047/926
f 926/1047/926 1127/1430/1127 912/1029/912
f 1127/1430/1127 1124/1426/1124 912/1029/912
f 912/1029/912 1124/1426/1124 910/1024/910
f 1122/1422/1122 1125/1431/1125 827/941/827
f 1125/1431/1125 1123/1432/1123 827/941/827
f 827/941/827 1123/1432/1123 908/1022/908
f 1123/1432/1123 900/1014/900 908/1022/908
f 908/1022/908 900/1014/900 897/1011/897
f 880/994/880 900/1014/900 878/992/878
f 900/1014/900 1124/1432/1124 878/992/878
f 878/992/878 1124/1432/1124 871/985/871
f 1124/1432/1124 1127/1431/1127 871/985/871
f 1127/1431/1127 1126/1422/1126 871/985/871
f 871/985/871 1126/1422/1126 872/986/872
f 931/1052/931 676/769/676 1128/1433/1128
f 676/769/676 1117/1419/1117 1128/1433/1128
f 931/1052/931 1128/1433/1128 829/943/829
f 1128/1433/1128 1122/1422/1122 829/943/829
f 1117/1413/1117 704/798/704 1128/1434/1128
f 704/798/704 935/1056/935 1128/1434/1128
f 1128/1434/1128 935/1056/935 1122/1427/1122
f 935/1056/935 916/1035/916 1122/1427/1122
f 939/1060/939 694/788/694 1129/1435/1129
f 694/788/694 1121/1418/1121 1129/1435/1129
f 926/1047/926 939/1060/939 1126/1429/1126
f 939/1060/939 1129/1435/1129 1126/1429/1126
f 1121/1419/1121 690/783/690 1129/1433/1129
f 690/783/690 949/1070/949 1129/1433/1129
f 949/1070/949 872/986/872 1129/1433/1129
f 1129/1433/1129 872/986/872 1126/1422/1126
o tounge.001
v -0.126538 1.354015 0.245301
v -0.170429 1.330559 0.250174
v -0.124642 1.335304 0.247693
v -0.174070 1.349499 0.247355
v -0.050298 1.350382 0.228479
v 0.004449 1.326443 0.206827
v 0.005127 1.345040 0.203382
v -0.049100 1.331676 0.230691
v -0.130724 1.310566 0.004517
v -0.170177 1.295445 0.016528
v -0.169618 1.314035 0.012953
v -0.131642 1.291977 0.008065
v -0.284735 1.317263 0.088677
v -0.263224 1.296089 0.052397
v -0.279970 1.298605 0.093507
v -0.266238 1.314733 0.048784
v -0.279775 1.304013 0.140448
v -0.283158 1.322757 0.137302
v -0.264245 1.331921 0.191114
v -0.215217 1.322601 0.232346
v -0.219741 1.341586 0.229088
v -0.260095 1.313066 0.194507
v -0.192836 1.315701 0.151015
v -0.225813 1.314478 0.172757
v 0.041273 1.337938 0.179252
v 0.118048 1.298889 0.158173
v 0.111034 1.321464 0.154575
v 0.051905 1.316850 0.183700
v -0.215714 1.315488 0.030110
v -0.214328 1.296781 0.032484
v -0.094002 1.306827 -0.002219
v -0.090712 1.287781 0.011056
v -0.003198 1.303139 0.123114
v 0.022898 1.294939 0.098514
v -0.120934 1.314226 0.141179
v -0.072043 1.311062 0.121522
v 0.052542 1.276528 0.077119
v 0.141243 1.279852 0.128913
v -0.062907 1.272127 -0.001880
v -0.055279 1.303656 -0.016660
v 0.059972 1.308508 0.063818
v 0.024794 1.315461 0.095151
v 0.147712 1.312102 0.115765
v 0.163516 1.222905 0.097592
v 0.067935 1.221127 0.045468
v -0.040178 1.218512 -0.020617
v -0.022203 1.214557 -0.047441
v 0.085557 1.216644 0.016406
v 0.182052 1.217622 0.066396
v -0.008724 1.322201 0.115692
v -0.071282 1.329663 0.118166
v -0.131445 1.333583 0.133246
v -0.196051 1.334508 0.147825
v -0.229798 1.333331 0.169320
vn 0.0704 0.8030 0.5917
vn -0.0515 -0.5709 0.8194
vn 0.1222 -0.5470 0.8282
vn -0.2125 0.7345 0.6444
vn 0.2368 0.7867 0.5701
vn 0.2795 -0.5586 0.7809
vn 0.3467 0.8042 0.4828
vn 0.2279 -0.5586 0.7975
vn -0.1090 0.5787 -0.8082
vn -0.2119 -0.7889 -0.5768
vn -0.1962 0.5815 -0.7895
vn -0.1714 -0.8028 -0.5711
vn -0.8416 0.4917 -0.2233
vn -0.4562 -0.7640 -0.4564
vn -0.5928 -0.8047 -0.0331
vn -0.5873 0.4730 -0.6568
vn -0.6210 -0.7503 0.2269
vn -0.8189 0.5692 0.0739
vn -0.7149 0.6032 0.3537
vn -0.2898 -0.6428 0.7091
vn -0.4778 0.6819 0.5538
vn -0.5241 -0.6783 0.5149
vn 0.0602 -0.9860 0.1558
vn 0.1173 -0.9860 0.1183
vn 0.3667 0.8930 0.2607
vn 0.4693 -0.3803 0.7969
vn 0.4518 0.7775 0.4374
vn 0.2714 -0.4377 0.8572
vn -0.2806 0.6028 -0.7469
vn -0.2265 -0.7894 -0.5706
vn -0.1130 0.4341 -0.8937
vn -0.2580 -0.9274 -0.2709
vn -0.1096 -0.9577 0.2660
vn -0.1716 -0.9322 0.3186
vn 0.0055 -0.9847 0.1739
vn -0.0540 -0.9754 0.2137
vn -0.3418 -0.7332 0.5879
vn 0.4320 -0.3889 0.8137
vn -0.7629 -0.6338 -0.1278
vn -0.1324 0.5921 -0.7949
vn 0.2712 0.8253 -0.4953
vn 0.0653 0.9816 -0.1794
vn 0.7322 0.6811 -0.0072
vn 0.4986 -0.2610 0.8266
vn -0.4306 -0.5253 0.7339
vn -0.9253 -0.3775 0.0364
vn -0.0159 0.3493 -0.9369
vn 0.4181 0.5131 -0.7496
vn 0.7686 0.4926 -0.4081
vn 0.0907 0.9636 -0.2516
vn 0.0562 0.9741 -0.2191
vn -0.0052 0.9849 -0.1728
vn -0.0659 0.9866 -0.1491
vn -0.1161 0.9859 -0.1202
vt 0.583033 0.753316
vt 0.630679 0.847295
vt 0.601361 0.733690
vt 0.615861 0.880549
vt 0.571955 0.635593
vt 0.587535 0.521565
vt 0.567253 0.520743
vt 0.591474 0.628578
vt 0.940845 0.410867
vt 0.920682 0.521565
vt 0.940845 0.520743
vt 0.920690 0.411220
vt 0.892348 0.880549
vt 0.906848 0.733690
vt 0.877537 0.847295
vt 0.925185 0.753316
vt 0.825833 0.919296
vt 0.834441 0.961191
vt 0.754108 1.001181
vt 0.682384 0.919296
vt 0.673776 0.961191
vt 0.754108 0.955008
vt 0.754108 0.733690
vt 0.754108 0.847392
vt 0.567253 0.410867
vt 0.587527 0.301182
vt 0.567253 0.300531
vt 0.587527 0.411220
vt 0.936262 0.635593
vt 0.916743 0.628578
vt 0.940845 0.300531
vt 0.920690 0.301182
vt 0.754108 0.411220
vt 0.754108 0.301182
vt 0.754108 0.628578
vt 0.754108 0.521565
vt 0.754108 0.179794
vt 0.587527 0.179794
vt 0.920690 0.179794
vt 0.940940 0.179623
vt 0.207087 0.153362
vt 0.388018 0.298759
vt 0.207071 0.298759
vt 0.388201 0.153362
vt 0.026219 0.153362
vt 0.026029 0.298759
vt 0.567119 0.179794
vt 0.587527 0.009499
vt 0.754108 0.009499
vt 0.920690 0.009499
vt 0.972705 0.009279
vt 0.388201 0.014167
vt 0.207087 0.014167
vt 0.026219 0.014167
vt 0.535425 0.009603
vt 0.388018 0.412959
vt 0.207071 0.412959
vt 0.026037 0.412959
vt 0.207071 0.527160
vt 0.026037 0.527160
vt 0.207071 0.641371
vt 0.030317 0.641371
vt 0.207071 0.755573
vt 0.041062 0.755573
vt 0.072913 0.879006
vt 0.207071 0.879111
vt 0.129097 0.957236
vt 0.207071 0.996031
vt 0.284958 0.957236
vt 0.341134 0.879006
vt 0.372985 0.755573
vt 0.383730 0.641371
vt 0.388010 0.527160
s 1
usemtl Material.006
f 1130/1436/1130 1131/1437/1131 1132/1438/1132
f 1133/1439/1133 1131/1437/1131 1130/1436/1130
f 1134/1440/1134 1135/1441/1135 1136/1442/1136
f 1135/1441/1135 1134/1440/1134 1137/1443/1137
f 1138/1444/1138 1139/1445/1139 1140/1446/1140
f 1139/1445/1139 1138/1444/1138 1141/1447/1141
f 1142/1448/1142 1143/1449/1143 1144/1450/1144
f 1143/1449/1143 1142/1448/1142 1145/1451/1145
f 1142/1448/1142 1146/1452/1146 1147/1453/1147
f 1146/1452/1146 1142/1448/1142 1144/1450/1144
f 1148/1454/1148 1149/1455/1149 1150/1456/1150
f 1149/1455/1149 1148/1454/1148 1151/1457/1151
f 1152/1458/1152 1131/1437/1131 1153/1459/1153
f 1131/1437/1131 1152/1458/1152 1132/1438/1132
f 1154/1460/1154 1155/1461/1155 1156/1462/1156
f 1155/1461/1155 1154/1460/1154 1157/1463/1157
f 1136/1442/1136 1157/1463/1157 1154/1460/1154
f 1157/1463/1157 1136/1442/1136 1135/1441/1135
f 1137/1443/1137 1130/1436/1130 1132/1438/1132
f 1130/1436/1130 1137/1443/1137 1134/1440/1134
f 1158/1464/1158 1143/1449/1143 1145/1451/1145
f 1143/1449/1143 1158/1464/1158 1159/1465/1159
f 1140/1446/1140 1159/1465/1159 1158/1464/1158
f 1159/1465/1159 1140/1446/1140 1139/1445/1139
f 1141/1447/1141 1160/1466/1160 1161/1467/1161
f 1160/1466/1160 1141/1447/1141 1138/1444/1138
f 1162/1468/1162 1161/1467/1161 1163/1469/1163
f 1161/1467/1161 1162/1468/1162 1141/1447/1141
f 1164/1470/1164 1135/1441/1135 1137/1443/1137
f 1135/1441/1135 1164/1470/1164 1165/1471/1165
f 1165/1471/1165 1159/1465/1159 1139/1445/1139
f 1159/1465/1159 1165/1471/1165 1164/1470/1164
f 1165/1471/1165 1157/1463/1157 1135/1441/1135
f 1157/1463/1157 1165/1471/1165 1162/1468/1162
f 1162/1468/1162 1139/1445/1139 1141/1447/1141
f 1139/1445/1139 1162/1468/1162 1165/1471/1165
f 1164/1470/1164 1143/1449/1143 1159/1465/1159
f 1143/1449/1143 1164/1470/1164 1152/1458/1152
f 1152/1458/1152 1137/1443/1137 1132/1438/1132
f 1137/1443/1137 1152/1458/1152 1164/1470/1164
f 1162/1468/1162 1155/1461/1155 1157/1463/1157
f 1155/1461/1155 1162/1468/1162 1163/1469/1163
f 1146/1452/1146 1153/1459/1153 1151/1457/1151
f 1153/1459/1153 1146/1452/1146 1144/1450/1144
f 1152/1458/1152 1144/1450/1144 1143/1449/1143
f 1144/1450/1144 1152/1458/1152 1153/1459/1153
f 1149/1455/1149 1153/1459/1153 1131/1437/1131
f 1153/1459/1153 1149/1455/1149 1151/1457/1151
f 1147/1453/1147 1151/1457/1151 1148/1454/1148
f 1151/1457/1151 1147/1453/1147 1146/1452/1146
f 1150/1456/1150 1131/1437/1131 1133/1439/1133
f 1131/1437/1131 1150/1456/1150 1149/1455/1149
f 1166/1472/1166 1155/1461/1155 1163/1469/1163
f 1155/1461/1155 1166/1472/1166 1167/1473/1167
f 1168/1474/1168 1163/1469/1163 1161/1467/1161
f 1163/1469/1163 1168/1474/1168 1166/1472/1166
f 1169/1475/1169 1161/1467/1161 1160/1466/1160
f 1161/1467/1161 1169/1475/1169 1168/1474/1168
f 1170/1476/1170 1160/1477/1160 1171/1478/1171
f 1160/1477/1160 1170/1476/1170 1169/1479/1169
f 1172/1480/1172 1171/1478/1171 1156/1481/1156
f 1171/1478/1171 1172/1480/1172 1170/1476/1170
f 1167/1473/1167 1156/1462/1156 1155/1461/1155
f 1156/1462/1156 1167/1473/1167 1172/1482/1172
f 1173/1483/1173 1166/1472/1166 1174/1484/1174
f 1166/1472/1166 1173/1483/1173 1167/1473/1167
f 1174/1484/1174 1168/1474/1168 1175/1485/1175
f 1168/1474/1168 1174/1484/1174 1166/1472/1166
f 1175/1485/1175 1169/1475/1169 1176/1486/1176
f 1169/1475/1169 1175/1485/1175 1168/1474/1168
f 1176/1487/1176 1170/1476/1170 1177/1488/1177
f 1170/1476/1170 1176/1487/1176 1169/1479/1169
f 1177/1488/1177 1172/1480/1172 1178/1489/1178
f 1172/1480/1172 1177/1488/1177 1170/1476/1170
f 1173/1483/1173 1172/1482/1172 1167/1473/1167
f 1172/1482/1172 1173/1483/1173 1178/1490/1178
f 1160/1477/1160 1138/1491/1138 1171/1478/1171
f 1138/1491/1138 1179/1492/1179 1171/1478/1171
f 1171/1478/1171 1179/1492/1179 1156/1481/1156
f 1156/1481/1156 1179/1492/1179 1154/1493/1154
f 1179/1492/1179 1180/1494/1180 1154/1493/1154
f 1154/1493/1154 1180/1494/1180 1136/1495/1136
f 1180/1494/1180 1181/1496/1181 1136/1495/1136
f 1136/1495/1136 1181/1496/1181 1134/1497/1134
f 1181/1496/1181 1182/1498/1182 1134/1497/1134
f 1182/1498/1182 1130/1499/1130 1134/1497/1134
f 1130/1499/1130 1182/1498/1182 1133/1500/1133
f 1182/1498/1182 1183/1501/1183 1133/1500/1133
f 1133/1500/1133 1183/1501/1183 1150/1502/1150
f 1150/1502/1150 1183/1501/1183 1148/1503/1148
f 1148/1503/1148 1183/1501/1183 1147/1504/1147
f 1147/1504/1147 1183/1501/1183 1142/1505/1142
f 1183/1501/1183 1182/1498/1182 1142/1505/1142
f 1142/1505/1142 1182/1498/1182 1145/1506/1145
f 1182/1498/1182 1181/1496/1181 1145/1506/1145
f 1145/1506/1145 1181/1496/1181 1158/1507/1158
f 1181/1496/1181 1180/1494/1180 1158/1507/1158
f 1158/1507/1158 1180/1494/1180 1140/1508/1140
f 1180/1494/1180 1179/1492/1179 1140/1508/1140
f 1140/1508/1140 1179/1492/1179 1138/1491/1138
