# Blender 4.2.3 LTS
# www.blender.org
mtllib doll_ly.mtl
o rdmobj00.001
v 0.426352 0.158273 -0.160302
v 0.456130 0.166840 -0.218458
v 0.505602 0.144443 -0.134381
v 0.536393 0.161594 -0.202320
v 0.584159 0.156790 -0.105136
v 0.613434 0.172674 -0.179668
v 0.658212 0.168234 -0.088691
v 0.684545 0.182329 -0.164560
v 0.681057 0.266514 -0.196799
v 0.607334 0.253958 -0.207970
v 0.645290 0.352047 -0.127175
v 0.571524 0.338905 -0.150257
v 0.534859 0.368256 -0.061246
v 0.606657 0.379641 -0.032335
v 0.522228 0.310413 -0.001702
v 0.596499 0.316051 0.028984
v 0.524571 0.242718 0.006292
v 0.602742 0.250420 0.029113
v 0.537415 0.243489 -0.222895
v 0.509230 0.323044 -0.169535
v 0.484754 0.356637 -0.088659
v 0.466884 0.300809 -0.028938
v 0.468174 0.230754 -0.020875
v 0.474354 0.244015 -0.230630
v 0.459163 0.316940 -0.176381
v 0.440779 0.349980 -0.100758
v 0.415226 0.297464 -0.047034
v 0.399794 0.231499 -0.047519
v -0.209002 0.145128 -0.140670
v -0.266807 0.106865 -0.105280
v -0.251237 0.159386 -0.193078
v -0.320037 0.120408 -0.157867
v -0.324021 0.089796 -0.047091
v -0.382734 0.097513 -0.102994
v -0.375914 0.076827 0.002598
v -0.429174 0.077370 -0.058283
v -0.316549 0.177126 0.101288
v -0.253313 0.186256 0.046594
v -0.333852 0.240121 0.104945
v -0.272495 0.251897 0.048077
v -0.385669 0.293361 0.056576
v -0.323706 0.304387 0.005508
v -0.441767 0.250478 -0.021642
v -0.381307 0.267108 -0.066924
v -0.411052 0.177171 -0.119555
v -0.466505 0.155369 -0.082417
v -0.347884 0.199087 -0.163313
v -0.324522 0.278477 -0.108743
v -0.284743 0.310653 -0.034114
v -0.233716 0.257258 0.008277
v -0.215664 0.189326 0.004635
v -0.283030 0.232007 -0.189067
v -0.269677 0.298398 -0.126692
v -0.242433 0.323850 -0.052048
v -0.196144 0.270648 -0.013279
v -0.173937 0.208451 -0.026508
v -0.157107 0.601248 -0.342326
v 0.074991 0.596173 -0.376174
v -0.107970 0.524138 -0.396128
v 0.048045 0.664216 -0.292780
v 0.219200 0.727314 -0.347427
v 0.243939 0.638529 -0.410004
v -0.404900 0.479967 -0.898004
v -0.351226 0.516086 -1.113634
v -0.384590 0.403753 -0.908577
v -0.310695 0.388861 -1.116240
v -0.353493 0.312051 -0.914519
v -0.373680 0.580482 -1.040560
v -0.315872 0.718686 -1.057305
v -0.299327 0.673476 -1.117595
v -0.242798 0.795865 -1.063461
v -0.233513 0.762870 -1.123057
v -0.184622 0.834079 -1.065219
v -0.169613 0.802563 -1.130214
v -0.131989 0.861034 -1.068259
v -0.120740 0.826033 -1.136232
v -0.071008 0.848410 -1.137503
v -0.077569 0.883854 -1.073133
v 0.000786 0.871809 -1.140376
v -0.011202 0.903547 -1.080580
v 0.111425 0.864459 -1.147957
v 0.094849 0.909653 -1.087665
v 0.264775 0.802500 -1.159168
v 0.238906 0.865309 -1.085841
v 0.203656 0.915019 -1.005949
v 0.283069 0.892510 -0.932093
v 0.352564 0.832159 -0.953987
v 0.396355 0.766859 -0.966304
v 0.335479 0.689304 -1.164004
v 0.445626 0.683607 -0.973589
v 0.091785 0.929728 -1.009604
v -0.018023 0.928848 -0.967866
v -0.075903 0.909047 -0.970795
v -0.134819 0.883193 -0.967160
v -0.192476 0.854846 -0.962178
v -0.244072 0.823745 -0.951157
v -0.319754 0.738380 -0.979184
v -0.379392 0.643927 -0.962852
v -0.403905 0.573087 -0.881339
v 0.041515 0.402427 -0.269579
v 0.035119 0.426239 -0.266157
v 0.101766 0.397728 -0.287803
v 0.101451 0.423898 -0.287995
v 0.163300 0.449102 -0.272102
v 0.159541 0.418992 -0.275148
v 0.539235 0.422169 -0.740188
v 0.553529 0.426161 -0.549396
v 0.420324 0.248402 -0.547400
v 0.456805 0.475595 -0.394207
v 0.332984 0.330302 -0.403529
v 0.296398 0.471129 -0.339164
v 0.232656 0.400760 -0.358562
v 0.200543 0.472174 -0.294263
v 0.163391 0.439002 -0.312056
v 0.107189 0.420048 -0.314919
v 0.133335 0.360976 -0.360955
v 0.194247 0.253356 -0.402742
v 0.245817 0.132847 -0.537139
v 0.423283 0.232134 -0.733381
v -0.142454 0.216304 -0.347950
v 0.044100 0.208253 -0.378475
v -0.064294 0.368761 -0.313259
v 0.028439 0.343302 -0.343146
v 0.000877 0.428863 -0.282308
v 0.048984 0.414103 -0.305730
v 0.044757 0.075879 -0.519583
v -0.175459 0.089320 -0.495092
v -0.185662 0.085120 -0.686588
v 0.033610 0.051133 -0.704555
v 0.243248 0.109500 -0.720835
v 0.355363 0.907321 -0.553143
v 0.358921 0.903996 -0.539837
v 0.403016 0.875098 -0.531291
v 0.298556 0.937089 -0.524438
v 0.338446 0.904847 -0.455491
v 0.183724 0.978147 -0.499180
v 0.201045 0.936845 -0.403122
v 0.254493 0.731708 -0.265114
v 0.405477 0.781715 -0.375334
v 0.487810 0.768222 -0.524862
v 0.433937 0.846646 -0.647661
v 0.382360 0.901936 -0.575540
v 0.361751 0.909677 -0.704007
v 0.317784 0.960431 -0.604537
v 0.210035 0.974828 -0.737248
v 0.199986 1.002421 -0.619942
v 0.035871 0.981733 -0.745121
v 0.039708 1.013139 -0.628265
v -0.068629 0.953153 -0.752169
v -0.067693 0.985154 -0.633582
v 0.046211 1.015392 -0.519411
v 0.191063 1.004017 -0.530961
v 0.291463 0.960668 -0.541054
v 0.497122 0.698501 -0.755463
v 0.446653 0.786556 -0.761548
v 0.384093 0.861531 -0.800567
v 0.293160 0.908245 -0.826981
v 0.167473 0.955196 -0.786132
v 0.069217 0.962674 -0.788805
v 0.028900 0.943257 -0.847475
v 0.123645 0.943368 -0.859068
v 0.212721 0.924325 -0.840610
v 0.202748 0.922633 -0.902303
v 0.160716 0.927580 -0.935967
v 0.100040 0.930745 -0.938021
v 0.044642 0.938713 -0.900668
v -0.134853 0.901389 -0.853527
v -0.137677 0.923974 -0.751112
v -0.071155 0.924373 -0.852576
v -0.021797 0.931698 -0.848638
v -0.192813 0.867804 -0.843616
v -0.204018 0.890218 -0.742281
v -0.229352 0.835189 -0.833350
v -0.291474 0.829598 -0.721168
v -0.270303 0.804138 -0.825431
v -0.142513 0.954616 -0.630266
v -0.214015 0.917302 -0.623075
v -0.303184 0.854174 -0.603560
v -0.396324 0.726051 -0.577180
v -0.396231 0.693099 -0.692854
v -0.437670 0.610525 -0.550415
v -0.413344 0.635664 -0.491786
v -0.380837 0.740542 -0.491395
v -0.295023 0.858383 -0.495818
v -0.206640 0.922940 -0.502261
v -0.134532 0.959332 -0.506541
v -0.060240 0.990288 -0.512472
v 0.075915 0.986730 -0.501369
v 0.186288 0.972246 -0.513997
v 0.293070 0.932653 -0.533505
v 0.344801 0.899736 -0.542559
v 0.344588 0.897603 -0.541038
v 0.282001 0.951128 -0.520397
v 0.188047 0.996504 -0.505353
v 0.052010 1.004842 -0.489401
v -0.052721 0.979108 -0.478279
v -0.126372 0.948235 -0.472588
v -0.198093 0.912574 -0.468331
v -0.286688 0.849720 -0.466530
v -0.370050 0.740216 -0.467497
v -0.397514 0.638621 -0.473535
v -0.111182 0.916137 -0.473858
v -0.037119 0.943352 -0.480976
v 0.060013 0.969055 -0.491231
v 0.188987 0.948028 -0.506506
v 0.274667 0.910763 -0.521793
v 0.338300 0.879845 -0.541257
v 0.339228 0.880744 -0.539309
v 0.287299 0.906957 -0.529663
v 0.191171 0.942969 -0.512745
v 0.085955 0.960420 -0.499900
v -0.038751 0.934060 -0.488162
v -0.049579 0.962117 -0.485150
v -0.120909 0.935371 -0.480698
v -0.107713 0.907520 -0.481073
v -0.173431 0.872567 -0.479114
v -0.180706 0.877885 -0.471546
v -0.264307 0.820979 -0.469744
v -0.333638 0.708761 -0.472335
v -0.362114 0.618114 -0.478142
v -0.399262 0.554735 -0.488871
v -0.381704 0.547998 -0.490885
v -0.401208 0.555803 -0.490192
v -0.382755 0.548059 -0.488825
v -0.392016 0.617266 -0.485861
v -0.368279 0.605353 -0.484605
v -0.331900 0.703374 -0.478538
v -0.351205 0.725833 -0.478055
v -0.275604 0.795448 -0.476895
v -0.289692 0.819146 -0.476622
v -0.187748 0.899070 -0.476195
v -0.120644 0.939064 -0.457588
v -0.047004 0.965945 -0.463826
v -0.415022 0.551735 -0.498739
v -0.413189 0.548105 -0.485524
v -0.397884 0.616722 -0.476236
v -0.352302 0.732716 -0.463356
v -0.289149 0.821620 -0.454569
v -0.189432 0.901116 -0.454511
v -0.149191 0.863493 -0.358992
v -0.088828 0.893858 -0.359383
v -0.007889 0.759491 -0.242909
v -0.025954 0.917014 -0.366029
v -0.335787 0.459086 -0.327540
v -0.192356 0.592289 -0.251800
v -0.391263 0.574130 -0.407202
v -0.320117 0.706654 -0.372425
v -0.248125 0.790898 -0.358992
v -0.110505 0.691284 -0.244971
v 0.066576 0.589166 -0.195771
v 0.015029 0.566612 -0.198557
v 0.082976 0.528372 -0.185182
v 0.051506 0.517450 -0.189702
v 0.091097 0.494187 -0.167197
v 0.059293 0.488754 -0.171506
v 0.020808 0.464625 -0.201419
v 0.019461 0.488107 -0.210310
v -0.028724 0.518454 -0.218214
v 0.123418 0.493740 -0.173449
v 0.116770 0.526433 -0.192283
v 0.124103 0.588511 -0.203756
v 0.124753 0.761217 -0.244969
v 0.093710 0.939614 -0.377354
v 0.077308 0.988787 -0.478632
v 0.185631 0.562750 -0.229651
v 0.156663 0.509695 -0.216709
v 0.164609 0.481076 -0.207136
v 0.122764 0.761432 -0.647727
v -0.025011 0.696924 -0.655061
v 0.243381 0.647691 -0.515791
v 0.073391 0.625045 -0.484748
v -0.109403 0.505017 -0.509578
v -0.167245 0.626543 -0.626849
v -0.147213 0.823154 -0.609841
v -0.237610 0.762262 -0.593788
v -0.093128 0.850799 -0.616378
v -0.321397 0.642442 -0.544724
v -0.297080 0.538776 -0.564202
v -0.234141 0.437432 -0.521772
v -0.259879 0.449111 -0.442370
v -0.290546 0.535436 -0.398196
v -0.323630 0.651798 -0.416480
v -0.348797 0.578874 -0.444181
v -0.238443 0.747486 -0.403669
v -0.064619 0.842625 -0.392729
v 0.113360 0.902669 -0.422203
v 0.236095 0.904099 -0.452164
v 0.301741 0.875771 -0.488080
v 0.312216 0.798613 -0.434633
v 0.220489 0.893104 -0.582538
v 0.302210 0.882316 -0.568647
v 0.333055 0.859413 -0.557235
v 0.342474 0.860365 -0.524696
v 0.343886 0.814067 -0.472701
v 0.345905 0.722700 -0.483762
v 0.324044 0.696285 -0.559414
v 0.280830 0.806753 -0.605560
v 0.068978 0.904451 -0.615565
v -0.037265 0.874163 -0.618009
v 0.365335 0.803144 -0.504559
v 0.349470 0.795955 -0.556414
v 0.326083 0.819687 -0.583564
v -0.372153 0.652384 -0.797530
v -0.332160 0.731435 -0.825466
v -0.372046 0.655367 -0.859862
v -0.353126 0.688665 -0.897985
v -0.317125 0.736781 -0.907184
v -0.283363 0.786197 -0.876450
v -0.370959 0.294995 -0.691628
v -0.406622 0.389931 -0.698835
v -0.428634 0.483702 -0.740745
v -0.409496 0.581561 -0.775222
v -0.360179 0.709905 -0.747341
v -0.303598 0.789357 -0.761406
v -0.439223 0.537611 -0.645521
v -0.430354 0.445664 -0.584871
v -0.390755 0.363806 -0.461970
v -0.430866 0.525862 -0.517442
v -0.418447 0.496828 -0.473282
v -0.363657 0.574872 -0.521808
v -0.364636 0.537372 -0.508130
v -0.367583 0.533768 -0.475430
v -0.327291 0.510093 -0.428352
v -0.336242 0.482504 -0.456671
v -0.326520 0.484035 -0.509725
v -0.333159 0.514454 -0.536370
v 0.832135 0.282157 0.043060
v 0.848045 0.328588 0.025748
v 0.875771 0.280049 0.072085
v 0.894687 0.314333 0.055118
v 0.912476 0.358483 0.141513
v 0.855590 0.336118 0.135519
v 0.863434 0.366718 0.107111
v 0.816502 0.366009 0.084143
v 0.806659 0.323095 0.107576
v 0.849400 0.309821 0.119187
v 0.863984 0.350173 0.113820
v 0.885433 0.292693 0.143867
v 0.913211 0.321592 0.148198
v 0.940948 0.286946 0.093753
v 0.908901 0.264280 0.099658
v 0.793385 0.316939 0.099649
v 0.819255 0.282656 0.045637
v 0.726102 0.289093 0.078267
v 0.746656 0.259775 0.019543
v 0.680930 0.228388 -0.000701
v 0.656321 0.261715 0.048476
v 0.890120 0.331627 0.157392
v 0.874217 0.368802 0.204867
v 0.832781 0.371698 0.178089
v 0.789438 0.372540 0.162846
v 0.764491 0.359548 0.153539
v 0.714063 0.335307 0.109540
v 0.629125 0.329177 0.075511
v 0.887151 0.400192 0.192558
v 0.834502 0.411171 0.161309
v 0.786108 0.412714 0.140506
v 0.765857 0.406138 0.138700
v 0.727095 0.395029 0.129492
v 0.737408 0.388707 0.095361
v 0.720722 0.337331 0.102682
v 0.739626 0.381880 0.113329
v 0.727843 0.342357 0.124490
v 0.756045 0.383809 0.160005
v 0.743284 0.348284 0.160691
v 0.730443 0.381583 0.181296
v 0.705119 0.357171 0.186915
v 0.672379 0.345900 0.147374
v 0.642435 0.336761 0.100248
v 0.717042 0.190120 -0.082494
v 0.777802 0.225102 -0.058191
v 0.852137 0.246666 -0.025737
v 0.857567 0.243751 -0.024324
v 0.903066 0.240427 0.012150
v 0.878818 0.286880 -0.037231
v 0.922441 0.275022 -0.003862
v 0.937031 0.223152 0.040944
v 0.969537 0.245268 0.036501
v 0.915170 0.248407 0.080903
v 0.944292 0.275381 0.084268
v 0.896393 0.306150 0.049910
v 0.880138 0.267072 0.057563
v 0.821363 0.198303 -0.123941
v 0.889257 0.211149 -0.092444
v 0.882519 0.205649 -0.090261
v 0.911125 0.194198 -0.056228
v 0.886905 0.223259 -0.009641
v 0.905823 0.198890 0.011340
v 0.926535 0.173190 -0.027989
v 0.960240 0.190552 -0.031537
v 0.937544 0.224589 -0.071765
v 0.907594 0.241810 -0.104613
v 0.894556 0.251611 -0.117894
v 0.824573 0.262565 -0.156787
v 0.748260 0.277011 -0.181685
v 0.749979 0.189627 -0.148325
v 0.907568 0.261859 -0.011863
v 0.934813 0.222561 0.018740
v 0.864125 0.373200 0.007200
v 0.881989 0.383389 0.094707
v 0.908095 0.354018 0.046441
v 0.945478 0.327178 0.079988
v 0.922050 0.355399 0.124097
v 0.841337 0.439683 0.130703
v 0.823689 0.409451 0.061493
v 0.790457 0.446529 0.110007
v 0.801619 0.421568 0.052336
v 0.770999 0.446604 0.114396
v 0.739079 0.425225 0.025867
v 0.709694 0.433209 0.078416
v 0.663806 0.419990 0.059727
v 0.679012 0.416143 -0.001517
v 0.713245 0.359687 -0.107321
v 0.766816 0.387748 -0.045664
v 0.829546 0.387319 -0.012356
v 0.881565 0.427083 0.157707
v 0.715129 0.423390 0.087872
v 0.723110 0.412953 0.114040
v 0.739023 0.403493 0.150294
v 0.713176 0.408308 0.167965
v 0.692319 0.386861 0.176656
v 0.661711 0.396661 0.141511
v 0.635711 0.397317 0.088319
v 0.623760 0.395569 0.046982
v 0.635415 0.390745 -0.011293
v 0.671236 0.421093 0.087409
v 0.690867 0.415024 0.128133
v 0.905102 0.394375 0.119518
v 0.865425 0.404934 0.088100
v 0.914924 0.339972 0.032579
v 0.953467 0.310749 0.062874
v 0.975361 0.285506 0.023124
v 0.937963 0.313592 -0.012472
v 0.899421 0.329383 -0.050370
v 0.863044 0.343337 -0.075198
v 0.794334 0.347310 -0.102793
v 0.819730 0.298176 -0.165186
v 0.892837 0.297251 -0.131631
v 0.926257 0.284240 -0.107180
v 0.956705 0.263615 -0.073516
v 0.970296 0.232804 -0.038195
v 0.951859 0.255301 -0.003061
v 0.932322 0.293315 -0.027172
v -0.566118 0.168336 0.259643
v -0.608680 0.139620 0.289115
v -0.574264 0.122318 0.306951
v -0.589361 0.069487 0.263191
v -0.621514 0.096130 0.253975
v -0.605380 0.180553 0.249546
v -0.611222 0.170258 0.158640
v -0.620698 0.133872 0.211334
v -0.583909 0.112091 0.212813
v -0.566428 0.147934 0.167995
v -0.618910 0.119700 0.195647
v -0.628166 0.110547 0.108451
v -0.633010 0.077762 0.159611
v -0.583930 0.089616 0.114106
v -0.595288 0.058279 0.159978
v -0.619515 0.078742 0.235389
v -0.631875 0.039260 0.204004
v -0.579287 0.107185 0.203464
v -0.584475 0.060084 0.250112
v -0.598692 0.013450 0.212047
v -0.552125 0.204501 0.217851
v -0.590761 0.233027 0.204563
v -0.572550 0.252913 0.180514
v -0.589953 0.199375 0.126027
v -0.543731 0.225253 0.078713
v -0.556221 0.167853 0.031751
v -0.495592 0.217662 0.007412
v -0.563397 0.103211 -0.020421
v -0.495655 0.117663 -0.052519
v -0.606651 0.135072 0.075116
v -0.618000 0.071836 0.029634
v -0.547523 0.071745 -0.009467
v -0.593361 0.034201 0.045484
v -0.639205 0.051333 0.060534
v -0.631439 0.071718 0.138281
v -0.590972 0.060828 0.147245
v -0.600558 0.025627 0.059647
v -0.608357 0.002528 0.100612
v -0.645390 0.025284 0.102593
v -0.632015 -0.000478 0.141824
v -0.621468 0.034684 0.168894
v -0.585139 0.020106 0.186372
v -0.599556 -0.029573 0.147345
v -0.476932 0.299962 0.099240
v -0.526916 0.282566 0.139730
v -0.565986 0.287948 0.247259
v -0.548612 0.299474 0.232232
v -0.532177 0.264224 0.266923
v -0.591295 0.255607 0.284374
v -0.558376 0.237672 0.304149
v -0.603045 0.224762 0.322013
v -0.578369 0.201618 0.350725
v -0.619497 0.182054 0.290587
v -0.596870 0.149585 0.306716
v -0.579444 0.181161 0.258180
v -0.608953 0.210606 0.248795
v -0.518989 0.271359 0.256453
v -0.497615 0.312419 0.188850
v -0.455471 0.320488 0.161107
v -0.415800 0.295587 0.084181
v -0.411481 0.317105 0.141127
v -0.416393 0.319579 0.190726
v -0.377154 0.262468 0.173990
v -0.389363 0.266519 0.208291
v -0.412336 0.267967 0.259974
v -0.430115 0.315609 0.248186
v -0.458749 0.322511 0.195773
v -0.482487 0.279470 0.238775
v -0.497011 0.303218 0.205565
v -0.466179 0.314837 0.240119
v -0.445765 0.298435 0.289758
v -0.439899 0.268565 0.304722
v -0.497032 0.263982 0.220259
v -0.494523 0.294940 0.233542
v -0.497741 0.285396 0.272983
v -0.475677 0.305153 0.284225
v -0.474649 0.276183 0.302928
v -0.492735 0.260175 0.238737
v -0.500642 0.261946 0.287587
v -0.563401 0.006352 0.070778
v -0.557498 0.010758 0.067836
v -0.567062 -0.006581 0.109256
v -0.538887 0.068490 0.119329
v -0.552845 0.039281 0.145255
v -0.550431 0.013403 0.172022
v -0.562018 -0.026429 0.141766
v -0.521008 0.123876 0.176138
v -0.554977 0.045445 0.166220
v -0.538597 0.065831 0.124965
v -0.505670 0.023720 0.024603
v -0.471145 0.078765 0.076727
v -0.516737 0.124383 0.184668
v -0.503010 0.175203 0.229287
v -0.511548 0.178001 0.230952
v -0.491078 0.234611 0.272678
v -0.504173 0.230440 0.281015
v -0.448903 0.136367 0.143075
v -0.436204 0.181088 0.193764
v -0.445826 0.231744 0.225901
v -0.369075 0.187238 0.149466
v -0.381362 0.138642 0.109192
v -0.406639 0.074861 0.040259
v -0.445884 0.047526 -0.015700
v -0.471586 0.237845 0.288126
v -0.460899 0.233993 0.249982
v -0.455564 0.229365 0.227584
v -0.529353 0.206885 0.311392
v -0.547169 0.183434 0.351078
v -0.545617 0.161898 0.275196
v -0.559564 0.140598 0.307486
v -0.529043 0.146178 0.257578
v -0.537484 0.115395 0.291958
v -0.543962 0.099219 0.220529
v -0.550259 0.071714 0.256727
v -0.541010 0.087583 0.202651
v -0.547725 0.055845 0.235331
v -0.560116 0.016339 0.203737
v 0.555080 0.470435 0.441202
v 0.601008 0.438324 0.508024
v 0.594572 0.384167 0.418577
v 0.625507 0.368519 0.463773
v 0.505869 0.463674 0.365301
v 0.561622 0.374102 0.365642
v 0.565011 0.266989 0.398621
v 0.578238 0.274342 0.426667
v 0.591039 0.254937 0.448724
v 0.431344 0.189209 0.366635
v 0.504227 0.230048 0.321680
v 0.494723 0.227203 0.443887
v 0.500344 0.236678 0.461263
v 0.507456 0.218729 0.476135
v 0.537534 0.147259 0.529665
v 0.630304 0.185098 0.503118
v 0.679871 0.311996 0.532953
v 0.643207 0.401999 0.563712
v 0.546851 0.430053 0.608132
v 0.525476 0.475058 0.557382
v 0.477086 0.506899 0.481088
v 0.419515 0.500316 0.394059
v 0.363250 0.466959 0.311173
v 0.447986 0.432269 0.284099
v 0.501559 0.341281 0.288017
v 0.463004 0.378985 0.631998
v 0.443351 0.424066 0.577062
v 0.403378 0.450139 0.513450
v 0.353048 0.435862 0.441223
v 0.298663 0.405450 0.353473
v -0.058101 0.190586 0.417173
v -0.108483 0.214245 0.509444
v -0.149128 0.157972 0.394593
v -0.201879 0.183754 0.482847
v -0.115017 0.229137 0.523767
v -0.202152 0.193441 0.493712
v -0.121796 0.214362 0.544299
v -0.202338 0.175653 0.502354
v -0.127931 0.138372 0.600792
v -0.217290 0.097425 0.555233
v 0.340369 0.213830 0.396929
v 0.402562 0.249566 0.480848
v 0.414204 0.264973 0.500603
v 0.428981 0.251475 0.526256
v 0.450662 0.182096 0.584141
v -0.230274 0.193004 0.361361
v -0.281446 0.217920 0.450072
v -0.242984 0.305794 0.336888
v -0.293925 0.326566 0.425318
v -0.200416 0.402396 0.333709
v -0.249827 0.421725 0.424094
v -0.118656 0.444625 0.353795
v -0.166118 0.466068 0.444850
v -0.088710 0.406671 0.479344
v -0.044572 0.387945 0.385807
v -0.287545 0.223939 0.472161
v -0.316409 0.331638 0.474318
v -0.283646 0.420545 0.498041
v -0.205333 0.463386 0.530280
v -0.122331 0.413569 0.548747
v -0.152952 0.325996 0.662888
v -0.145727 0.379691 0.606798
v -0.242517 0.370056 0.649079
v -0.234307 0.422395 0.600293
v -0.311566 0.380262 0.558474
v -0.340675 0.335151 0.614365
v -0.336238 0.311644 0.515678
v -0.372430 0.245708 0.582990
v -0.292209 0.203592 0.488400
v -0.315628 0.126547 0.541540
v 0.038001 0.135919 0.312337
v 0.096768 0.198122 0.348564
v 0.034761 0.198736 0.329890
v 0.135255 0.243500 0.306227
v 0.107895 0.400901 0.322769
v 0.129388 0.416086 0.315866
v 0.068662 0.306281 0.326435
v 0.152559 0.402555 0.320348
v 0.200027 0.311316 0.320898
v 0.129385 0.416086 0.315866
v -0.054534 0.185053 0.282105
v -0.022820 0.147786 0.282051
v -0.078668 0.181444 0.158194
v -0.041595 0.117322 0.159802
v -0.075962 0.188185 0.236688
v -0.039427 0.119532 0.242558
v 0.324184 0.199144 0.262275
v 0.241301 0.206513 0.319674
v 0.296174 0.159651 0.265094
v 0.240234 0.143441 0.301542
v 0.310622 0.132510 0.223669
v 0.237761 0.095312 0.243244
v 0.304222 0.130123 0.140985
v 0.232379 0.092933 0.150855
v 0.133583 0.072288 0.158410
v 0.138891 0.078413 0.260536
v 0.140478 0.132666 0.326878
v 0.037757 0.087907 0.254083
v 0.033297 0.085561 0.161645
v 0.341159 0.203673 0.214792
v 0.336036 0.196815 0.135895
v 0.139007 0.206903 0.350465
v 0.181815 0.201307 0.344458
v -0.074197 0.360308 0.162495
v -0.068165 0.361297 0.225077
v -0.053900 0.413178 0.165226
v -0.044731 0.412906 0.230550
v -0.042388 0.377722 0.273059
v -0.025157 0.409194 0.266534
v 0.021890 0.384749 0.315170
v 0.019727 0.421735 0.298516
v 0.087479 0.385960 0.336796
v 0.084859 0.428485 0.315668
v 0.015398 0.442160 0.245634
v 0.085415 0.460587 0.256013
v 0.080167 0.467216 0.163704
v 0.011115 0.445339 0.163931
v 0.318028 0.374866 0.141665
v 0.294445 0.426116 0.146891
v 0.319554 0.375730 0.204992
v 0.293460 0.425542 0.213562
v 0.299386 0.390560 0.256441
v 0.279333 0.420642 0.251975
v 0.240108 0.393023 0.305311
v 0.237443 0.429949 0.288449
v 0.176375 0.389323 0.332950
v 0.172596 0.431734 0.310913
v 0.233476 0.450333 0.235070
v 0.163239 0.463469 0.251795
v 0.157990 0.470098 0.159486
v 0.228087 0.453373 0.152171
v 0.124839 0.445318 0.251954
v 0.152445 0.428822 0.260425
v 0.119678 0.451389 0.160874
v 0.163314 0.437123 0.157409
v 0.240604 0.301877 0.268682
v 0.252772 0.285134 0.150198
v 0.134439 0.204530 0.264562
v 0.129814 0.168959 0.154918
v -0.001660 0.275585 0.162992
v 0.021644 0.293602 0.280698
v 0.077096 0.433931 0.162082
v 0.099603 0.426866 0.263289
v 0.119680 0.451389 0.160874
v 0.124841 0.445318 0.251954
v -0.179322 0.106924 -0.927032
v -0.146416 0.171979 -1.107338
v 0.020308 0.082734 -0.937700
v 0.011535 0.156219 -1.099125
v 0.173048 0.199458 -1.102996
v 0.214738 0.134224 -0.949321
v 0.379215 0.249611 -0.964230
v 0.309334 0.294683 -1.121138
v 0.396979 0.424635 -1.147505
v 0.489284 0.417797 -0.976454
v -0.178640 0.621832 -1.180923
v -0.057962 0.681998 -1.192950
v -0.121699 0.489258 -1.194843
v 0.005751 0.542802 -1.206575
v -0.062253 0.364361 -1.199426
v 0.063440 0.417556 -1.213947
v 0.185772 0.479682 -1.217760
v 0.129130 0.605883 -1.213384
v 0.066179 0.735662 -1.199020
v -0.025634 0.207196 0.363475
v -0.090940 0.174739 0.338675
v 0.365014 0.195365 0.316641
v 0.301249 0.223039 0.346001
v -0.153517 0.205851 0.291266
v -0.162281 0.293178 0.266010
v -0.128262 0.372899 0.271678
v -0.074589 0.409334 0.297929
v -0.022715 0.366693 0.332945
v 0.274391 0.378157 0.303335
v 0.317712 0.422957 0.261667
v 0.373264 0.390498 0.233327
v 0.415394 0.314613 0.229147
v 0.418848 0.229120 0.261301
v 0.378350 0.188408 -0.231216
v 0.331595 0.172271 -0.173127
v 0.332954 0.216279 -0.237446
v 0.302684 0.214577 -0.189876
v 0.303112 0.274767 -0.243852
v 0.274203 0.267984 -0.212848
v 0.401835 0.254100 -0.235875
v 0.363915 0.269623 -0.234482
v 0.410409 0.313568 -0.182626
v 0.372839 0.313920 -0.189027
v 0.393717 0.341918 -0.117184
v 0.360260 0.338374 -0.131912
v 0.316494 0.316773 -0.096918
v 0.360499 0.303053 -0.071704
v 0.343044 0.244738 -0.072269
v 0.298588 0.265642 -0.095740
v 0.265509 0.309067 -0.139083
v 0.296427 0.346013 -0.136156
v 0.329381 0.359291 -0.163072
v 0.339616 0.334984 -0.206171
v 0.330509 0.303935 -0.236543
v -0.185189 0.199622 -0.209572
v -0.153124 0.179725 -0.155336
v -0.139165 0.225926 -0.214497
v -0.110494 0.211923 -0.169184
v -0.098833 0.269985 -0.216622
v -0.072694 0.252851 -0.189390
v -0.146835 0.289935 -0.040268
v -0.099567 0.308674 -0.067710
v -0.189450 0.335866 -0.076090
v -0.138831 0.343096 -0.097371
v -0.161788 0.326492 -0.154759
v -0.214522 0.314749 -0.141581
v -0.160562 0.285445 -0.204752
v -0.208286 0.263978 -0.203014
v -0.116439 0.306565 -0.205171
v -0.114675 0.337313 -0.172123
v -0.096373 0.354021 -0.129514
v -0.066189 0.331473 -0.109079
v -0.046135 0.287956 -0.117134
v -0.084934 0.256326 -0.076245
v -0.127497 0.230787 -0.051605
v 0.577938 0.114312 0.591301
v 0.668958 0.159854 0.560390
v 0.592300 0.106046 0.618927
v 0.685672 0.151178 0.587348
v 0.700791 0.309198 0.554735
v 0.653359 0.421195 0.577861
v 0.600598 0.121711 0.635685
v 0.683904 0.160762 0.607411
v 0.720039 0.310987 0.600940
v 0.722171 0.308762 0.581272
v 0.685135 0.438134 0.619023
v 0.681813 0.441443 0.604915
v 0.557098 0.484770 0.651600
v 0.545054 0.455045 0.618208
v 0.454405 0.392928 0.648086
v 0.453004 0.393129 0.684163
v 0.466509 0.392198 0.695682
v 0.561877 0.480801 0.665221
v -0.363665 0.081554 0.641504
v -0.411458 0.236196 0.639617
v -0.392815 0.238050 0.611147
v -0.351286 0.353140 0.630059
v -0.242218 0.394559 0.659931
v -0.350270 0.091302 0.613097
v -0.253748 0.052293 0.634915
v -0.264773 0.043119 0.663762
v -0.145011 0.338986 0.680689
v -0.253030 0.423460 0.694449
v -0.378342 0.371427 0.659809
v -0.380052 0.367933 0.674157
v -0.407601 0.238616 0.658996
v -0.360644 0.091291 0.661342
v -0.272487 0.058212 0.681305
v -0.256186 0.419203 0.708451
v -0.152394 0.337540 0.729225
v -0.140159 0.339379 0.716464
v -0.167319 0.099416 0.710272
v -0.155587 0.084549 0.693564
v -0.150794 0.093569 0.663221
v 0.496093 0.155614 0.674755
v 0.483871 0.139899 0.659216
v 0.475563 0.148439 0.629499
v -0.270574 0.226383 0.692528
v -0.131981 0.212223 0.726330
v 0.454692 0.265754 0.694437
v 0.588063 0.289386 0.647482
v 0.069181 0.460939 -0.043243
v 0.002954 0.431805 0.003434
v 0.072263 0.448271 0.004970
v 0.045059 0.441984 -0.181922
v 0.103927 0.458627 -0.124795
v 0.078684 0.454958 -0.142950
v 0.101160 0.398136 -0.218875
v 0.145653 0.453385 -0.186567
v 0.122454 0.457586 -0.144505
v -0.082630 0.247778 -0.156506
v -0.052263 0.124382 -0.112580
v -0.124188 0.184411 -0.094943
v 0.018413 0.107361 -0.121263
v -0.048491 0.173810 -0.203675
v -0.033047 0.228646 -0.258683
v -0.063236 0.272578 -0.215909
v -0.019634 0.292269 -0.296730
v -0.044712 0.321196 -0.249508
v -0.003032 0.346837 -0.295424
v -0.003869 0.369870 -0.279688
v 0.040698 0.354990 -0.304111
v 0.100158 0.359401 -0.308191
v 0.031771 0.287166 -0.320792
v 0.099072 0.295629 -0.325754
v 0.021270 0.221538 -0.281602
v 0.103763 0.224153 -0.288043
v 0.108688 0.163816 -0.238384
v 0.186447 0.227558 -0.290398
v 0.201987 0.172723 -0.234873
v 0.247620 0.246003 -0.280095
v 0.264004 0.190767 -0.225727
v 0.302598 0.263537 -0.179409
v 0.282323 0.137016 -0.136601
v 0.340681 0.201873 -0.112723
v 0.015333 0.162983 -0.221623
v 0.286466 0.291454 -0.240068
v 0.221699 0.302154 -0.310812
v 0.260858 0.339424 -0.271748
v 0.199815 0.353560 -0.306642
v 0.201205 0.377205 -0.292504
v 0.157204 0.359502 -0.314002
v 0.167007 0.291336 -0.327748
v 0.213914 0.114207 -0.133801
v 0.220264 0.436102 -0.003310
v 0.147124 0.464125 -0.045137
v 0.150262 0.449905 0.003048
v 0.313632 0.338933 -0.019340
v 0.299017 0.360000 -0.125557
v 0.287503 0.400761 -0.010592
v 0.275243 0.421268 -0.080538
v 0.210363 0.451229 -0.054748
v 0.144421 0.482447 -0.082488
v 0.203454 0.470913 -0.092766
v 0.138946 0.471940 -0.125972
v 0.187898 0.474773 -0.143950
v 0.128263 0.485471 -0.156458
v 0.175596 0.466554 -0.170833
v 0.200374 0.449670 -0.193814
v 0.200713 0.448152 -0.211120
v 0.238528 0.470332 -0.172355
v 0.259438 0.418787 -0.204643
v 0.288703 0.392512 -0.159225
v 0.263476 0.441678 -0.124892
v -0.110295 0.306794 0.008899
v -0.066120 0.374254 0.025134
v -0.075006 0.343351 -0.100920
v -0.056694 0.408501 -0.064659
v -0.049013 0.427149 -0.113863
v 0.007245 0.463958 -0.092356
v 0.016289 0.479236 -0.148245
v 0.068051 0.469799 -0.122767
v 0.063349 0.481131 -0.154743
v 0.096159 0.483465 -0.149603
v 0.103986 0.465330 -0.119186
v -0.066019 0.375481 -0.135614
v -0.032125 0.456160 -0.161301
v -0.044393 0.403518 -0.182345
v -0.003321 0.438466 -0.206932
v 0.000830 0.446716 -0.192807
v 0.024520 0.465292 -0.169832
v 0.006034 0.446571 -0.050817
v 0.066351 0.479787 -0.082574
v 0.116974 0.100221 -0.128960
v 0.105807 0.467468 -0.084077
v 0.143120 0.450918 -0.101521
v 0.108309 0.448598 -0.050803
v 0.154483 0.431734 -0.064239
v 0.206227 0.391054 -0.168796
v 0.103783 0.318527 -0.231005
v 0.111640 0.434293 0.000834
v 0.060712 0.414709 -0.002637
v 0.108311 0.448598 -0.050803
v 0.062278 0.428265 -0.060168
v 0.105809 0.467468 -0.084077
v 0.068234 0.448271 -0.095895
v 0.007097 0.380147 -0.151220
v 0.108176 0.248787 -0.189780
v 0.231882 0.342917 -0.116042
v 0.163333 0.417131 -0.006630
v 0.111637 0.434293 0.000834
v -0.011452 0.317721 -0.086056
v 0.115666 0.177446 -0.100326
v 0.264385 0.268131 -0.035667
v -0.058081 0.249632 -0.010838
v 0.075796 0.455572 0.075129
v 0.125908 0.068750 0.014381
v -0.106596 0.186227 0.061011
v 0.068320 0.418736 0.073601
v 0.115292 0.440633 0.072558
v 0.123966 0.143501 0.029624
v 0.263019 0.265889 0.047481
v 0.163622 0.421953 0.068906
v 0.115289 0.440633 0.072558
v 0.027843 0.080864 0.030540
v -0.046304 0.100777 0.028552
v -0.117440 0.157128 0.028582
v 0.223875 0.087734 0.017662
v 0.289279 0.096764 -0.030602
v 0.330544 0.154441 -0.003925
v -0.059195 0.405955 0.075414
v 0.006927 0.441385 0.075757
v -0.142970 0.283416 0.086240
v 0.153716 0.457750 0.072161
v 0.223234 0.447674 0.066926
v 0.291331 0.417290 0.058749
v 0.317309 0.364516 0.052874
v 0.401244 0.188489 -0.094837
v 0.483403 0.181229 -0.067218
v 0.552166 0.192920 -0.037980
v 0.626078 0.207350 -0.013399
v -0.183027 0.172235 -0.075185
v -0.234361 0.141992 -0.041683
v -0.280831 0.132169 0.008450
v -0.336257 0.127373 0.065573
v -0.249678 0.303860 -0.322268
v -0.302872 0.180823 -0.476131
v -0.309580 0.175796 -0.682149
v 0.567884 0.583078 -0.540432
v 0.465926 0.612340 -0.374875
v 0.549810 0.575277 -0.745541
v 0.206664 0.507051 -0.272050
v 0.311359 0.546566 -0.305506
v 0.172125 0.450084 -0.245181
v 0.165819 0.473749 -0.249258
v -0.020816 0.458193 -0.258490
v -0.121453 0.424541 -0.276552
v 0.022004 0.429694 -0.237985
v 0.023912 0.449802 -0.242399
v 0.701963 0.270501 -0.193933
v 0.670118 0.354925 -0.120593
v 0.650289 0.214621 -0.005599
v 0.632499 0.257762 0.038452
v 0.703589 0.185187 -0.161080
v 0.622908 0.319203 0.048170
v 0.682845 0.176094 -0.086272
v -0.461199 0.239836 -0.010379
v -0.474066 0.144591 -0.073442
v -0.344562 0.181396 0.125703
v -0.354269 0.131545 0.087697
v -0.431092 0.069973 -0.044871
v -0.358997 0.241425 0.134260
v -0.388726 0.076666 0.019540
v -0.023779 0.290071 0.407377
v -0.076993 0.310419 0.502075
v -0.094444 0.327777 0.545108
v -0.109755 0.316793 0.588501
v -0.118275 0.240486 0.654631
v 0.437658 0.286220 0.634936
v 0.410991 0.354737 0.565870
v 0.385302 0.361993 0.518659
v 0.359499 0.340991 0.471764
v 0.294005 0.308322 0.384098
v 0.090983 0.290251 0.348762
v 0.131815 0.385690 0.339877
v 0.135815 0.290468 0.348653
v 0.181254 0.293697 0.344942
v -0.044155 0.360820 0.268546
v -0.026055 0.346641 0.291707
v -0.060483 0.336353 0.250204
v -0.078162 0.278696 0.222691
v -0.067904 0.283659 0.247858
v -0.011437 0.290020 0.314752
v 0.032166 0.291668 0.338162
v -0.014639 0.224947 0.321273
v -0.048032 0.213549 0.291263
v -0.069594 0.230082 0.263782
v 0.331831 0.286102 0.136871
v 0.335249 0.294061 0.201177
v 0.296724 0.371498 0.244916
v 0.313230 0.347814 0.225887
v 0.282586 0.356964 0.270311
v 0.286206 0.236788 0.305039
v 0.274821 0.300566 0.295979
v 0.238021 0.299461 0.328154
v 0.332851 0.243809 0.241579
v 0.316783 0.226893 0.271872
v 0.324949 0.296090 0.224344
v -0.081602 0.270761 0.158849
v 0.004455 0.198571 -1.141483
v -0.131852 0.202067 -1.142798
v -0.222516 0.296600 -1.151289
v -0.228644 0.739370 -1.139468
v -0.287417 0.651021 -1.139204
v -0.319115 0.544333 -1.143607
v 0.345285 0.560603 -1.193260
v 0.360506 0.430992 -1.179192
v 0.276481 0.325051 -1.161590
v 0.219188 0.794621 -1.183398
v 0.118314 0.839668 -1.169195
v 0.013585 0.851996 -1.157373
v 0.388074 0.572781 -1.159911
v 0.495489 0.567128 -0.979264
v -0.255012 0.273774 -1.112375
v -0.278896 0.413609 -1.152267
v -0.297286 0.198522 -0.920663
v 0.149742 0.242252 -1.149101
v 0.292022 0.679061 -1.194469
v -0.066965 0.824521 -1.153017
v -0.110468 0.801928 -1.148898
v -0.155882 0.783179 -1.146444
v -0.023315 0.231728 0.329021
v -0.016502 0.290319 0.323300
v -0.004042 0.285699 0.362097
v -0.029293 0.342427 0.297589
v -0.076432 0.284783 0.259353
v -0.081846 0.235943 0.275064
v -0.069551 0.333515 0.254754
v 0.270582 0.298665 0.341255
v 0.279507 0.301668 0.301008
v 0.294289 0.244762 0.310542
v 0.283669 0.352446 0.270430
v 0.343955 0.250096 0.249618
v 0.331943 0.296716 0.231099
v 0.319567 0.344002 0.223947
v 0.300531 0.365974 0.237709
v -0.051026 0.356364 0.268062
v 0.321940 0.232561 0.287345
v -0.054839 0.218276 0.308976
v 0.292950 0.363039 -0.156813
v 0.301178 0.374710 -0.190942
v 0.282762 0.325485 -0.148156
v 0.297854 0.337152 -0.152181
v 0.292061 0.375310 -0.167061
v 0.282117 0.380582 -0.200941
v 0.265475 0.289302 -0.167685
v 0.283033 0.282475 -0.202707
v 0.281655 0.304544 -0.167326
v 0.294093 0.288195 -0.197166
v 0.296205 0.313908 -0.166575
v 0.293518 0.296276 -0.232125
v 0.290285 0.304469 -0.228002
v 0.304711 0.327460 -0.241309
v 0.286047 0.333689 -0.242979
v 0.328408 0.204027 -0.118753
v 0.292910 0.239797 -0.141273
v 0.304161 0.355950 -0.223331
v 0.279241 0.361534 -0.228988
v -0.067536 0.358354 -0.142264
v -0.066548 0.346461 -0.131634
v -0.073250 0.320732 -0.127558
v -0.060567 0.306394 -0.124892
v -0.073934 0.361124 -0.162417
v -0.059420 0.364240 -0.175629
v -0.077174 0.281242 -0.207255
v -0.083293 0.314311 -0.214184
v -0.066291 0.286076 -0.203980
v -0.062530 0.314985 -0.218892
v -0.073794 0.298394 -0.143024
v -0.063729 0.286680 -0.144926
v -0.054772 0.269762 -0.146151
v -0.069411 0.265034 -0.179960
v -0.071726 0.271225 -0.173738
v -0.135052 0.200451 -0.098443
v -0.092560 0.229605 -0.119276
v -0.079596 0.342961 -0.195256
v -0.057111 0.343581 -0.204991
v 0.439155 0.262131 0.681227
v 0.435917 0.263916 0.648367
v -0.117574 0.209656 0.711669
v -0.117649 0.211576 0.678658
v -0.127512 0.248597 -0.046545
v -0.082375 0.288908 -0.116515
v -0.038918 0.366835 -0.227058
v 0.302662 0.303762 -0.139276
v 0.338977 0.267433 -0.063688
v 0.252209 0.383560 -0.247726
v -0.003754 0.405784 -0.243966
v 0.200747 0.420807 -0.252385
v 0.335997 0.261966 0.040413
v -0.174440 0.201069 0.032669
v 0.119156 0.466258 0.161357
v 0.124304 0.459495 0.251729
v 0.128844 0.427384 0.313609
v 0.124302 0.459495 0.251729
v 0.119153 0.466258 0.161357
v 0.111331 0.447260 0.003992
v 0.105822 0.477804 -0.076787
v 0.105819 0.477804 -0.076786
v 0.108144 0.459679 -0.046320
v 0.111328 0.447260 0.003992
v 0.108141 0.459679 -0.046320
v 0.114822 0.454803 0.073569
v 0.114819 0.454803 0.073570
vn -0.1833 -0.9822 0.0412
vn -0.0035 -0.7076 -0.7066
vn -0.0456 -0.9920 0.1178
vn 0.1927 -0.7306 -0.6550
vn 0.0931 -0.9780 0.1864
vn 0.2546 -0.7552 -0.6040
vn 0.1844 -0.9608 0.2072
vn 0.2366 -0.7747 -0.5864
vn 0.1213 0.1756 -0.9770
vn 0.1711 0.1763 -0.9694
vn 0.0291 0.8277 -0.5605
vn 0.0233 0.7976 -0.6028
vn -0.2607 0.9509 0.1665
vn -0.3099 0.9400 0.1426
vn -0.4201 0.4229 0.8029
vn -0.4529 0.3309 0.8279
vn -0.3119 -0.3321 0.8902
vn -0.1919 -0.4142 0.8897
vn 0.1621 0.1730 -0.9715
vn 0.0057 0.7677 -0.6408
vn -0.2332 0.9692 0.0786
vn -0.3973 0.4364 0.8073
vn -0.3367 -0.3670 0.8672
vn 0.1159 0.2190 -0.9688
vn 0.0181 0.7903 -0.6124
vn -0.1729 0.9785 0.1128
vn -0.3284 0.4324 0.8398
vn -0.3868 -0.3642 0.8472
vn 0.4597 -0.8623 -0.2124
vn 0.3485 -0.9295 -0.1208
vn 0.0040 -0.5319 -0.8468
vn -0.1769 -0.6784 -0.7131
vn 0.2925 -0.9557 0.0318
vn -0.2216 -0.7783 -0.5875
vn 0.2791 -0.9527 0.1200
vn -0.3209 -0.8123 -0.4869
vn 0.6260 -0.2974 0.7208
vn 0.6928 -0.2556 0.6743
vn 0.5993 0.4915 0.6318
vn 0.5500 0.5138 0.6584
vn 0.0487 0.9940 0.0984
vn 0.0110 0.9795 0.2009
vn -0.5395 0.7396 -0.4024
vn -0.4930 0.7690 -0.4069
vn -0.6037 0.1336 -0.7860
vn -0.7057 0.0636 -0.7056
vn -0.5337 0.1831 -0.8256
vn -0.4641 0.7685 -0.4405
vn -0.0880 0.9749 0.2048
vn 0.4713 0.4648 0.7496
vn 0.6885 -0.3472 0.6367
vn -0.3967 0.3161 -0.8618
vn -0.3957 0.8190 -0.4156
vn -0.1197 0.9377 0.3262
vn 0.3499 0.3751 0.8584
vn 0.6193 -0.3885 0.6823
vn 0.1774 0.2133 -0.9607
vn -0.3271 0.8727 -0.3625
vn -0.2205 0.7871 -0.5761
vn -0.1017 0.1824 -0.9780
vn -0.4439 -0.0034 -0.8961
vn -0.5207 0.7421 -0.4221
vn -0.9760 -0.1122 -0.1868
vn -0.8361 -0.0529 -0.5460
vn -0.9408 -0.2688 -0.2065
vn -0.7811 -0.3061 -0.5442
vn -0.9020 -0.3740 -0.2157
vn -0.9280 0.1553 -0.3386
vn -0.7749 0.5033 -0.3824
vn -0.7294 0.3582 -0.5828
vn -0.6205 0.7057 -0.3419
vn -0.5657 0.5539 -0.6109
vn -0.4853 0.8050 -0.3414
vn -0.4059 0.6212 -0.6703
vn -0.4168 0.8421 -0.3423
vn -0.3347 0.6050 -0.7224
vn -0.2953 0.6726 -0.6785
vn -0.3449 0.8702 -0.3518
vn -0.1352 0.7541 -0.6427
vn -0.1832 0.9091 -0.3742
vn 0.1215 0.7539 -0.6457
vn 0.0644 0.8935 -0.4444
vn 0.5069 0.5716 -0.6452
vn 0.4321 0.7877 -0.4391
vn 0.3069 0.9260 -0.2199
vn 0.4525 0.8667 -0.2097
vn 0.6845 0.6599 -0.3100
vn 0.7788 0.5308 -0.3341
vn 0.6648 0.3662 -0.6511
vn 0.8331 0.4328 -0.3445
vn 0.0268 0.9880 -0.1521
vn -0.1795 0.9729 -0.1456
vn -0.3570 0.9197 -0.1635
vn -0.4259 0.8905 -0.1600
vn -0.4924 0.8567 -0.1535
vn -0.6439 0.7570 -0.1112
vn -0.7876 0.6093 -0.0919
vn -0.9270 0.3522 -0.1287
vn -0.9735 0.2037 -0.1040
vn -0.3575 0.3961 -0.8458
vn -0.6610 -0.7490 -0.0450
vn -0.0846 0.3211 -0.9432
vn 0.1596 -0.8004 -0.5778
vn 0.8378 -0.5424 0.0618
vn 0.2886 0.3974 -0.8711
vn 0.9424 -0.3133 -0.1173
vn 0.9034 -0.3495 0.2482
vn 0.6593 -0.6718 0.3377
vn 0.5945 -0.2798 0.7539
vn 0.3754 -0.4833 0.7909
vn 0.3439 -0.3977 0.8507
vn 0.1948 -0.4438 0.8747
vn 0.4719 -0.5775 0.6661
vn 0.2995 -0.7713 0.5616
vn 0.2308 -0.7898 0.5683
vn 0.1859 -0.4021 0.8965
vn 0.2661 -0.4864 0.8323
vn 0.4066 -0.8241 0.3943
vn 0.7200 -0.6921 -0.0505
vn -0.0788 -0.5493 0.8319
vn 0.1954 -0.5140 0.8353
vn 0.1123 -0.4115 0.9045
vn 0.2138 -0.3612 0.9076
vn -0.0570 -0.6952 0.7165
vn 0.1374 -0.7580 0.6377
vn 0.1261 -0.9116 0.3913
vn -0.2743 -0.8944 0.3533
vn -0.3754 -0.9267 -0.0159
vn 0.0614 -0.9981 0.0015
vn 0.4200 -0.9073 -0.0206
vn 0.4581 0.7345 0.5007
vn 0.3710 0.9274 0.0471
vn 0.6846 0.7017 0.1972
vn 0.3568 0.9188 -0.1686
vn 0.4914 0.7691 0.4087
vn 0.2150 0.9765 0.0154
vn 0.2768 0.7818 0.5587
vn 0.4085 0.2935 0.8643
vn 0.6131 0.4359 0.6588
vn 0.8620 0.4704 0.1888
vn 0.8032 0.5894 -0.0867
vn 0.6490 0.7488 0.1342
vn 0.5903 0.7846 -0.1897
vn 0.5064 0.8623 0.0020
vn 0.2199 0.9230 -0.3156
vn 0.2166 0.9713 -0.0986
vn -0.0813 0.9513 -0.2974
vn -0.0878 0.9868 -0.1359
vn -0.2990 0.9175 -0.2621
vn -0.3094 0.9413 -0.1346
vn -0.0726 0.9841 0.1619
vn 0.2583 0.9523 0.1624
vn 0.4878 0.7949 0.3608
vn 0.8379 0.5092 -0.1965
vn 0.8889 0.4262 -0.1682
vn 0.6845 0.6861 -0.2464
vn 0.3822 0.8917 -0.2426
vn 0.1381 0.9204 -0.3657
vn 0.0538 0.9465 -0.3182
vn -0.1057 0.9729 -0.2057
vn 0.1000 0.9772 -0.1871
vn 0.2484 0.9453 -0.2113
vn 0.2651 0.9563 -0.1234
vn 0.1625 0.9817 -0.0996
vn 0.0331 0.9945 -0.0993
vn -0.0068 0.9917 -0.1281
vn -0.4257 0.8881 -0.1734
vn -0.4239 0.8750 -0.2340
vn -0.2600 0.9508 -0.1688
vn -0.1830 0.9683 -0.1702
vn -0.5785 0.8027 -0.1452
vn -0.5389 0.8060 -0.2448
vn -0.6409 0.7554 -0.1364
vn -0.7078 0.6598 -0.2522
vn -0.6981 0.6974 -0.1619
vn -0.4245 0.8966 -0.1265
vn -0.5332 0.8374 -0.1203
vn -0.7106 0.6975 -0.0926
vn -0.8885 0.4584 -0.0198
vn -0.8806 0.4110 -0.2359
vn -0.9787 0.1722 0.1120
vn -0.8692 0.1644 0.4662
vn -0.8691 0.4310 0.2426
vn -0.6817 0.7031 0.2025
vn -0.5057 0.8435 0.1812
vn -0.3999 0.8982 0.1825
vn -0.2919 0.9417 0.1676
vn -0.1036 0.6749 -0.7306
vn 0.0308 0.5727 -0.8192
vn 0.0247 0.4376 -0.8988
vn -0.1988 0.0096 -0.9800
vn 0.8521 -0.1533 0.5004
vn 0.3832 0.3743 0.8444
vn 0.2447 0.5939 0.7665
vn 0.0377 0.6013 0.7981
vn -0.1040 0.5581 0.8232
vn -0.1834 0.5255 0.8308
vn -0.2603 0.4825 0.8363
vn -0.3858 0.4029 0.8300
vn -0.5101 0.2395 0.8261
vn -0.4179 0.0036 0.9085
vn 0.2695 -0.4644 0.8436
vn 0.2353 -0.4954 0.8362
vn 0.1290 -0.4701 0.8732
vn -0.0139 -0.4770 0.8788
vn -0.0194 -0.5431 0.8394
vn -0.6556 -0.2664 0.7066
vn -0.9348 -0.1355 -0.3283
vn -0.4041 -0.4848 -0.7757
vn -0.2521 -0.5417 -0.8019
vn -0.0605 -0.4550 -0.8884
vn 0.0074 -0.3666 -0.9304
vn -0.2566 0.6683 -0.6982
vn -0.3241 0.6035 -0.7285
vn 0.1164 -0.3869 -0.9147
vn 0.1676 -0.2860 -0.9435
vn 0.3133 -0.4617 0.8298
vn 0.3680 -0.3639 0.8556
vn 0.4795 -0.2535 0.8402
vn 0.5241 -0.2804 0.8041
vn -0.3565 -0.7105 0.6067
vn 0.7065 0.3730 0.6014
vn -0.0027 0.0984 -0.9951
vn 0.6456 0.6049 -0.4662
vn -0.4560 0.2063 -0.8657
vn 0.5217 -0.0543 -0.8514
vn 0.4677 -0.2037 -0.8601
vn -0.5557 0.3059 -0.7731
vn 0.2629 -0.2755 -0.9247
vn -0.5296 0.4912 -0.6915
vn -0.4127 0.5920 -0.6923
vn -0.3964 0.8999 0.1821
vn -0.2449 0.9533 0.1766
vn -0.7877 0.1607 0.5947
vn -0.9357 0.3263 0.1343
vn -0.9444 0.3155 -0.0925
vn -0.8762 0.4750 0.0819
vn -0.7140 0.6663 0.2150
vn -0.5389 0.8205 0.1904
vn -0.3921 0.6395 0.6613
vn -0.2703 0.7074 0.6531
vn -0.1240 0.4313 0.8936
vn -0.1386 0.7533 0.6429
vn -0.6408 -0.1117 0.7595
vn -0.4078 0.0547 0.9114
vn -0.8537 0.1654 0.4937
vn -0.7024 0.3492 0.6202
vn -0.5467 0.5094 0.6645
vn -0.3084 0.2969 0.9037
vn -0.0061 0.2054 0.9787
vn -0.2148 0.0462 0.9756
vn -0.0023 0.2903 0.9569
vn -0.3796 0.1442 0.9138
vn -0.0405 0.6925 0.7203
vn -0.4327 0.6485 0.6262
vn -0.8680 0.4898 0.0810
vn -0.6403 -0.1667 0.7498
vn -0.2725 -0.2987 0.9146
vn 0.3546 0.7478 0.5614
vn 0.4013 0.3052 0.8636
vn 0.2727 0.1446 0.9512
vn 0.1243 0.4417 0.8885
vn 0.0487 0.7769 0.6278
vn -0.0161 0.9833 0.1815
vn 0.4940 -0.1033 0.8633
vn 0.7193 0.0858 0.6894
vn 0.7660 0.6292 0.1314
vn -0.2107 0.1437 0.9669
vn -0.0762 0.2996 0.9510
vn -0.2806 0.8637 0.4186
vn -0.2817 0.8854 0.3697
vn -0.4020 0.8344 0.3771
vn 0.1363 0.3136 0.9397
vn 0.4069 -0.4989 0.7651
vn 0.5626 -0.3668 0.7409
vn 0.3123 -0.5492 0.7751
vn 0.7017 -0.1953 0.6852
vn 0.3244 0.2827 0.9027
vn -0.0852 0.8792 0.4688
vn 0.1038 0.8675 -0.4866
vn 0.3651 0.2649 -0.8925
vn 0.6723 -0.2173 -0.7076
vn 0.7876 -0.0028 -0.6162
vn 0.4310 -0.4350 -0.7906
vn 0.2077 -0.5665 -0.7974
vn -0.0451 -0.6635 -0.7468
vn -0.3607 -0.7047 -0.6110
vn -0.5858 -0.6427 -0.4937
vn -0.6412 -0.1991 -0.7411
vn -0.2189 -0.6317 0.7436
vn -0.3373 -0.6309 0.6987
vn -0.7726 -0.2936 0.5630
vn -0.8764 -0.4532 -0.1626
vn -0.7509 -0.2929 -0.5920
vn -0.8733 0.3898 -0.2921
vn -0.5115 0.6085 0.6067
vn -0.3191 -0.0058 0.9477
vn 0.0029 -0.6301 0.7765
vn 0.2088 -0.5912 0.7790
vn -0.9879 -0.0937 -0.1237
vn -0.8535 0.0434 0.5193
vn -0.5799 -0.0514 0.8131
vn -0.9035 0.4098 -0.1257
vn -0.8302 0.5448 -0.1181
vn -0.9118 0.4091 -0.0359
vn -0.8629 0.5049 -0.0236
vn -0.7901 0.6118 -0.0384
vn -0.7661 0.6387 -0.0718
vn -0.9113 -0.4105 -0.0328
vn -0.9453 -0.3203 -0.0623
vn -0.9883 -0.0921 -0.1217
vn -0.9516 0.2716 -0.1437
vn -0.8326 0.4691 -0.2944
vn -0.7932 0.5527 -0.2556
vn -0.9963 0.0466 -0.0716
vn -0.9707 -0.2356 0.0475
vn -0.8854 -0.3355 0.3217
vn -0.9670 -0.0005 0.2549
vn -0.9466 -0.0514 0.3183
vn 0.7717 -0.1089 0.6266
vn 0.7841 0.4323 0.4453
vn 0.8755 0.3682 -0.3128
vn 0.5881 0.3289 -0.7389
vn 0.6743 0.6802 -0.2874
vn 0.5760 0.7128 0.4000
vn 0.5129 0.4510 0.7304
vn -0.0491 -0.8668 0.4963
vn 0.9047 -0.1463 0.4003
vn -0.0247 -0.9401 -0.3401
vn 0.3964 -0.4458 -0.8026
vn 0.9197 -0.3518 -0.1745
vn 0.0788 -0.9921 -0.0977
vn 0.4036 -0.5461 -0.7341
vn 0.8286 -0.2119 0.5181
vn 0.0116 -0.7686 0.6396
vn -0.5402 -0.3545 0.7632
vn -0.3372 0.4466 0.8288
vn -0.2329 -0.4925 0.8386
vn 0.3375 0.0776 0.9381
vn 0.8314 -0.5465 -0.1003
vn 0.1753 -0.9844 0.0112
vn 0.0310 -0.7886 0.6141
vn 0.0915 -0.8525 0.5146
vn 0.0297 -0.7206 0.6928
vn 0.1840 -0.8585 0.4787
vn 0.2021 -0.8028 0.5610
vn -0.1311 -0.6837 0.7179
vn 0.3525 -0.9241 0.1478
vn 0.0560 -0.2337 0.9707
vn -0.4300 -0.2577 0.8653
vn -0.2712 -0.1479 0.9511
vn -0.2819 -0.3594 0.8896
vn -0.5621 -0.0415 0.8260
vn -0.7909 -0.2899 0.5388
vn 0.4298 0.4667 0.7729
vn -0.3047 0.5852 0.7514
vn -0.2234 0.5529 0.8028
vn -0.3364 0.4624 0.8204
vn -0.7866 0.2678 0.5564
vn 0.3267 0.2861 -0.9008
vn -0.1387 -0.7386 -0.6597
vn 0.9745 0.0284 -0.2226
vn 0.5622 -0.8266 -0.0256
vn 0.9443 0.1977 0.2631
vn 0.6279 -0.7264 0.2794
vn 0.3686 0.2201 0.9032
vn -0.1607 -0.4493 0.8788
vn -0.5035 -0.6855 0.5260
vn -0.6057 -0.6143 0.5057
vn 0.3200 -0.9017 0.2908
vn 0.1710 -0.8917 0.4192
vn -0.2276 -0.9020 0.3669
vn -0.4406 -0.8310 0.3396
vn -0.0199 -0.9426 -0.3334
vn 0.8374 -0.2065 0.5061
vn 0.4357 -0.4600 -0.7737
vn 0.1625 -0.9867 -0.0079
vn 0.8231 -0.5610 -0.0881
vn -0.2538 -0.4819 0.8387
vn 0.3345 0.0458 0.9413
vn -0.2755 0.4342 0.8577
vn -0.5250 -0.3405 0.7801
vn 0.2600 -0.9132 -0.3137
vn -0.1077 -0.5662 0.8172
vn -0.4964 -0.4742 -0.7272
vn -0.1855 -0.8970 -0.4011
vn -0.7407 -0.2476 0.6246
vn -0.4399 -0.5045 0.7429
vn -0.0526 -0.9986 0.0082
vn 0.7647 -0.6433 -0.0384
vn 0.5346 -0.4825 -0.6938
vn 0.5060 -0.4496 -0.7361
vn 0.4482 -0.3814 -0.8085
vn 0.3299 -0.3255 -0.8861
vn 0.1908 0.1776 -0.9654
vn 0.2968 -0.8381 -0.4577
vn -0.3037 0.4404 0.8449
vn 0.2526 -0.0252 0.9672
vn 0.5809 0.7854 -0.2137
vn 0.2348 0.8902 0.3903
vn 0.7112 0.3095 -0.6312
vn 0.9393 0.1370 -0.3145
vn 0.5395 0.6548 0.5293
vn 0.1410 0.9824 0.1228
vn 0.5172 0.8100 -0.2763
vn 0.0790 0.9929 0.0889
vn 0.3472 0.8910 -0.2927
vn -0.1550 0.9098 0.3850
vn 0.0483 0.9484 -0.3135
vn -0.2334 0.9511 0.2020
vn -0.3880 0.9207 -0.0408
vn -0.2124 0.9204 -0.3282
vn 0.0563 0.8261 -0.5606
vn 0.1595 0.8765 -0.4542
vn 0.3603 0.8629 -0.3544
vn 0.4269 0.8657 0.2614
vn -0.8783 0.3989 0.2636
vn 0.5746 0.8140 0.0851
vn 0.6031 0.7870 0.1297
vn 0.0028 0.8215 0.5702
vn -0.4697 0.3448 0.8127
vn -0.7031 0.4539 0.5473
vn -0.8284 0.4638 0.3142
vn -0.8770 0.4804 -0.0069
vn -0.5580 0.8194 -0.1312
vn -0.3603 0.9118 0.1971
vn -0.1549 0.9403 0.3030
vn 0.8486 0.2359 -0.4735
vn 0.5800 0.2584 -0.7725
vn 0.3021 0.8550 0.4216
vn 0.5210 0.6302 0.5756
vn 0.9485 0.1187 -0.2936
vn 0.7379 0.3003 -0.6044
vn 0.6678 0.7002 -0.2525
vn 0.3897 0.8211 -0.4170
vn 0.2046 0.8256 -0.5259
vn 0.2761 0.3763 -0.8844
vn 0.5238 0.3749 -0.7649
vn 0.7346 0.2842 -0.6162
vn 0.8806 0.2170 -0.4213
vn 0.9981 -0.0123 -0.0602
vn 0.6068 0.4343 0.6657
vn 0.4404 0.7275 0.5261
vn 0.2176 0.6864 0.6939
vn -0.6397 0.2823 0.7149
vn -0.0156 0.0168 0.9997
vn -0.3005 -0.9411 0.1553
vn -0.8635 -0.5036 0.0276
vn -0.6101 0.6089 0.5070
vn -0.9543 0.2956 -0.0441
vn -0.8970 -0.2825 -0.3400
vn -0.2535 -0.7204 -0.6455
vn -0.4426 -0.5954 0.6706
vn -0.6170 0.5508 0.5621
vn -0.9648 0.2547 -0.0654
vn -0.9022 -0.3210 -0.2881
vn -0.3986 -0.5349 0.7450
vn -0.2647 -0.7497 -0.6066
vn -0.5917 0.2769 0.7571
vn -0.8499 -0.5240 0.0558
vn 0.1912 0.6444 0.7404
vn 0.0162 -0.0084 0.9998
vn -0.2761 -0.9472 0.1632
vn -0.5796 -0.4224 0.6969
vn -0.9160 0.3804 -0.1275
vn -0.7710 0.5750 -0.2738
vn -0.8083 0.5054 -0.3020
vn -0.6688 0.5970 -0.4430
vn -0.6932 0.5196 -0.4995
vn -0.6015 0.6010 -0.5263
vn -0.5859 0.0421 -0.8093
vn -0.4386 -0.1838 -0.8797
vn -0.8101 0.4580 -0.3659
vn -0.7449 -0.0534 -0.6651
vn -0.2685 -0.5846 -0.7656
vn -0.3150 -0.6834 -0.6585
vn -0.8744 -0.1893 -0.4468
vn -0.6358 0.4948 0.5924
vn 0.1909 0.6917 0.6965
vn -0.3496 -0.7642 -0.5420
vn -0.3261 -0.8126 -0.4830
vn -0.9251 -0.3459 -0.1564
vn -0.8173 -0.5265 0.2341
vn -0.5811 0.1900 0.7913
vn 0.0212 0.0425 0.9989
vn -0.2820 -0.9343 0.2181
vn -0.3119 0.8495 -0.4256
vn -0.5826 0.7417 -0.3324
vn -0.4693 0.8374 0.2803
vn -0.2733 0.9374 0.2159
vn 0.2145 0.6698 0.7109
vn -0.5677 0.7493 0.3410
vn 0.2370 0.7045 0.6689
vn -0.6582 0.5026 0.5604
vn -0.2353 0.2030 0.9505
vn -0.9515 -0.3024 -0.0565
vn -0.5701 -0.8107 0.1331
vn -0.3274 -0.7263 -0.6044
vn -0.8962 -0.1511 -0.4170
vn 0.2208 0.6841 0.6952
vn -0.3121 0.9491 0.0425
vn -0.1426 0.9744 -0.1740
vn 0.1438 0.9576 -0.2495
vn 0.4476 0.8752 -0.1832
vn 0.5142 0.8521 0.0975
vn 0.8979 0.1995 0.3924
vn 0.9138 -0.1760 0.3660
vn 0.8550 -0.2510 0.4538
vn 0.4452 0.8256 0.3467
vn -0.1369 0.9891 0.0539
vn 0.6695 0.7104 0.2170
vn -0.9713 0.0436 -0.2337
vn -0.3039 0.9332 0.1916
vn 0.3429 0.6648 0.6637
vn 0.4970 -0.1541 0.8540
vn -0.6190 -0.2328 -0.7501
vn -0.8896 0.4325 0.1469
vn -0.8933 0.4033 0.1986
vn -0.3368 0.8012 0.4947
vn -0.2895 0.1660 0.9427
vn -0.8727 -0.4881 -0.0076
vn -0.8611 -0.2441 0.4461
vn -0.2999 -0.7732 0.5588
vn -0.6008 -0.2668 -0.7535
vn 0.5364 -0.7500 -0.3871
vn -0.4525 -0.4155 0.7890
vn 0.8575 0.2801 0.4315
vn 0.7933 -0.0547 0.6064
vn 0.5841 -0.8106 0.0420
vn -0.1890 -0.5976 0.7792
vn 0.5003 -0.7752 -0.3858
vn -0.4835 -0.5428 0.6867
vn 0.1975 -0.9597 -0.1999
vn 0.3938 -0.7785 0.4888
vn -0.2987 -0.6271 0.7194
vn 0.1982 -0.6374 0.7446
vn 0.3663 -0.6076 0.7047
vn 0.5781 0.0023 0.8159
vn 0.6240 0.0618 0.7790
vn 0.3766 -0.7469 0.5481
vn 0.4650 -0.5525 0.6918
vn 0.5479 -0.0729 0.8334
vn 0.5777 -0.4080 0.7069
vn 0.3628 -0.7057 0.6085
vn 0.3661 -0.8595 0.3568
vn 0.2248 -0.9101 -0.3481
vn -0.1186 -0.8789 0.4620
vn -0.0575 -0.9857 0.1583
vn -0.0221 -0.9302 -0.3663
vn 0.8189 0.0797 0.5684
vn 0.4914 -0.1610 0.8559
vn 0.4172 -0.8761 -0.2417
vn 0.2852 -0.9532 0.1000
vn 0.8475 0.1790 0.4998
vn 0.7221 -0.1088 0.6832
vn 0.5007 -0.7760 -0.3835
vn 0.4811 -0.8765 0.0156
vn 0.8273 0.1719 0.5348
vn 0.7375 -0.0864 0.6698
vn 0.4901 -0.8715 -0.0136
vn 0.6022 0.7551 -0.2590
vn 0.6894 0.7226 -0.0507
vn 0.8332 0.2169 -0.5086
vn 0.8408 0.2088 -0.4995
vn 0.4952 0.7132 -0.4961
vn 0.7941 0.1622 -0.5857
vn 0.7780 -0.5608 -0.2833
vn 0.6998 -0.5104 -0.4998
vn 0.4442 -0.4433 -0.7786
vn 0.1427 -0.9881 0.0568
vn 0.6312 -0.6286 -0.4544
vn 0.3010 -0.9039 0.3039
vn -0.0220 -0.9825 -0.1851
vn -0.3089 -0.6603 -0.6846
vn -0.2301 -0.8113 -0.5374
vn 0.4510 -0.5262 -0.7209
vn 0.7674 0.1059 -0.6323
vn 0.4631 0.6819 -0.5662
vn -0.2139 0.9110 -0.3525
vn 0.1531 0.8714 0.4660
vn -0.0248 0.9853 0.1693
vn -0.1952 0.9743 -0.1125
vn -0.2937 0.9000 -0.3223
vn 0.3844 0.5859 -0.7134
vn 0.6716 0.0623 -0.7383
vn -0.8714 0.4883 -0.0479
vn -0.5555 0.5564 0.6179
vn -0.6628 0.5619 0.4948
vn -0.7868 0.4859 0.3806
vn -0.8338 0.4862 0.2616
vn 0.6295 -0.6957 0.3460
vn 0.4768 -0.6252 0.6180
vn -0.0357 -0.9994 -0.0047
vn -0.2181 -0.8829 0.4159
vn 0.7754 -0.5231 0.3536
vn 0.0745 -0.9805 -0.1820
vn 0.8648 -0.4351 -0.2507
vn 0.2966 -0.5065 -0.8096
vn 0.8335 -0.4872 -0.2607
vn 0.2382 -0.7666 -0.5964
vn -0.5091 -0.7216 0.4691
vn -0.3809 -0.6553 0.6522
vn -0.6466 -0.6285 0.4323
vn -0.8307 -0.5522 -0.0707
vn -0.8105 -0.5665 -0.1490
vn -0.6248 -0.6606 -0.4162
vn -0.7599 -0.6321 -0.1519
vn -0.7709 0.0368 -0.6359
vn -0.8823 0.1002 -0.4599
vn -0.5338 0.5811 -0.6143
vn -0.6353 0.6732 -0.3784
vn 0.1558 0.9442 -0.2902
vn 0.0758 0.9942 -0.0768
vn 0.7804 0.5547 0.2885
vn 0.7999 0.5662 0.1988
vn -0.7386 -0.5383 -0.4059
vn -0.9126 0.1588 -0.3767
vn -0.7129 0.6934 -0.1047
vn -0.0597 0.9674 0.2462
vn 0.6616 0.6101 0.4360
vn 0.8303 0.5561 -0.0367
vn 0.5678 0.5692 0.5946
vn 0.1130 0.9516 -0.2858
vn -0.1892 0.7960 0.5749
vn -0.7673 0.6293 0.1233
vn -0.5816 0.6641 -0.4699
vn -0.9206 0.1462 -0.3622
vn -0.8520 0.0510 -0.5210
vn -0.4658 -0.4298 -0.7735
vn -0.4776 -0.5440 -0.6899
vn -0.3014 -0.5368 0.7881
vn -0.1409 -0.1803 0.9735
vn -0.3316 -0.1891 0.9243
vn -0.0652 0.5750 -0.8156
vn 0.3522 -0.3880 -0.8517
vn 0.5209 -0.5462 -0.6560
vn 0.4063 0.0863 -0.9096
vn -0.4055 -0.4210 -0.8114
vn -0.5156 0.0564 -0.8550
vn -0.5469 -0.5858 -0.5981
vn -0.7383 -0.2996 0.6042
vn -0.5411 -0.4760 0.6933
vn -0.9398 -0.3020 0.1600
vn -0.6685 -0.7389 0.0837
vn -0.9377 -0.2560 0.2349
vn -0.6560 -0.6864 0.3139
vn 0.8159 -0.2385 0.5267
vn 0.4490 -0.1590 0.8793
vn 0.6472 -0.4341 0.6266
vn 0.4217 -0.5155 0.7459
vn 0.7345 -0.6351 0.2390
vn 0.3553 -0.8813 0.3115
vn 0.7320 -0.6810 0.0221
vn 0.3210 -0.9464 0.0345
vn 0.0386 -0.9986 0.0352
vn 0.0544 -0.9263 0.3730
vn 0.0640 -0.5807 0.8116
vn -0.2536 -0.9038 0.3448
vn -0.2524 -0.9661 0.0539
vn 0.9736 -0.1783 0.1426
vn 0.9808 -0.1931 -0.0288
vn 0.0521 -0.1226 0.9911
vn 0.2496 -0.1710 0.9531
vn -0.9364 0.3081 0.1677
vn -0.9384 0.2374 0.2509
vn -0.7350 0.6769 0.0395
vn -0.7116 0.6626 0.2335
vn -0.7290 0.1746 0.6618
vn -0.5900 0.6170 0.5208
vn -0.4278 0.2687 0.8630
vn -0.4098 0.6475 0.6425
vn -0.1674 0.2873 0.9431
vn -0.1110 0.6907 0.7145
vn -0.3668 0.9018 0.2285
vn -0.1085 0.9508 0.2903
vn -0.1261 0.9919 -0.0139
vn -0.3762 0.9264 0.0122
vn 0.9518 0.3035 -0.0438
vn 0.6817 0.7301 -0.0473
vn 0.9437 0.2724 0.1878
vn 0.6840 0.7157 0.1410
vn 0.8003 0.0511 0.5975
vn 0.5993 0.6659 0.4443
vn 0.5200 0.2801 0.8069
vn 0.4163 0.6866 0.5961
vn 0.2280 0.3089 0.9234
vn 0.1222 0.7095 0.6940
vn 0.3157 0.9303 0.1867
vn 0.0651 0.9577 0.2803
vn 0.0523 0.9982 -0.0287
vn 0.3056 0.9515 -0.0364
vn -0.8764 -0.4796 -0.0440
vn -0.6251 -0.7457 -0.2307
vn -0.8202 -0.5704 0.0430
vn -0.6130 -0.7900 0.0110
vn -0.9255 0.0937 -0.3669
vn -0.9866 0.1165 -0.1140
vn -0.0589 0.8893 -0.4536
vn -0.1560 0.9291 -0.3354
vn 0.8838 0.0233 -0.4673
vn 0.8662 0.1578 -0.4742
vn 0.6660 -0.7436 -0.0587
vn 0.6495 -0.6980 -0.3015
vn 0.8599 -0.5082 -0.0480
vn 0.8995 -0.4138 -0.1402
vn -0.3909 -0.8882 -0.2413
vn -0.3366 -0.7744 -0.5357
vn 0.0584 -0.9610 -0.2701
vn 0.0754 -0.8245 -0.5609
vn 0.3090 -0.7563 -0.5767
vn 0.3843 -0.8741 -0.2972
vn 0.6615 -0.6805 -0.3152
vn 0.5117 -0.6216 -0.5931
vn 0.7391 -0.2743 -0.6152
vn 0.8959 -0.2898 -0.3368
vn -0.2279 0.1129 -0.9671
vn -0.1444 0.1551 -0.9773
vn -0.1756 -0.0157 -0.9843
vn -0.0880 0.0311 -0.9956
vn -0.1040 -0.1765 -0.9788
vn -0.0042 -0.1483 -0.9889
vn 0.0821 -0.0899 -0.9926
vn 0.0047 0.0681 -0.9977
vn -0.0578 0.1920 -0.9797
vn 0.8105 -0.5857 -0.0046
vn 0.2499 -0.9031 -0.3493
vn -0.1882 -0.9482 -0.2559
vn -0.7436 -0.6593 0.1117
vn -0.2609 -0.6058 -0.7516
vn -0.4275 -0.0357 -0.9033
vn -0.2635 0.4642 -0.8456
vn 0.3439 0.7829 -0.5185
vn 0.8841 0.4552 -0.1055
vn -0.9441 0.3215 -0.0731
vn -0.4814 0.6928 -0.5369
vn 0.1262 0.4223 -0.8976
vn 0.3345 -0.0629 -0.9403
vn 0.2478 -0.6350 -0.7317
vn -0.1035 -0.6078 -0.7873
vn -0.5204 -0.8536 -0.0225
vn -0.3581 -0.4135 -0.8371
vn -0.8049 -0.5653 -0.1802
vn -0.3673 -0.0591 -0.9282
vn -0.9143 -0.1201 -0.3867
vn 0.1092 0.2806 -0.9536
vn 0.2178 0.3152 -0.9237
vn 0.0655 0.8127 -0.5790
vn 0.3710 0.7649 -0.5266
vn -0.1312 0.9899 0.0545
vn 0.1034 0.9895 0.1006
vn -0.3737 0.5457 0.7500
vn -0.3251 0.4741 0.8182
vn -0.4982 -0.2941 0.8156
vn -0.6930 -0.2337 0.6820
vn -0.9444 0.2756 0.1796
vn -0.4171 0.6999 0.5798
vn 0.4272 0.8926 0.1443
vn 0.6251 0.6105 -0.4862
vn 0.3367 0.3051 -0.8908
vn 0.1088 -0.4416 -0.8906
vn 0.5076 -0.8376 -0.2021
vn 0.2374 -0.3882 -0.8905
vn 0.5950 -0.7592 -0.2637
vn 0.2452 -0.1049 -0.9638
vn 0.7453 -0.4924 -0.4495
vn 0.3474 0.3663 0.8632
vn 0.4499 0.4177 0.7893
vn -0.0666 0.9567 0.2834
vn -0.0298 0.9568 0.2893
vn -0.3174 0.8574 -0.4051
vn -0.3304 0.8469 -0.4166
vn -0.2457 0.4594 -0.8536
vn -0.2784 0.4005 -0.8730
vn -0.2482 0.4811 -0.8408
vn -0.3976 0.8041 -0.4420
vn -0.0531 0.9733 0.2232
vn 0.6974 0.5346 0.4774
vn 0.9929 0.0154 0.1181
vn 0.7081 -0.3448 0.6162
vn 0.6104 -0.4024 0.6823
vn -0.0668 -0.9315 -0.3574
vn 0.5682 -0.5708 -0.5928
vn 0.1314 -0.9796 0.1520
vn 0.7537 -0.6413 -0.1436
vn 0.7530 0.1112 -0.6486
vn 0.2122 0.5835 -0.7839
vn 0.3366 -0.5104 0.7913
vn 0.6886 -0.3626 0.6280
vn 0.8283 0.0053 0.5602
vn 0.9521 0.0539 -0.3009
vn 0.7245 0.4739 0.5005
vn 0.5747 0.7158 -0.3967
vn -0.2091 0.9727 -0.1007
vn -0.3626 0.6097 -0.7048
vn -0.8273 0.4482 -0.3385
vn -0.8237 0.4262 0.3739
vn -0.2191 0.2785 0.9351
vn 0.0925 0.6750 0.7320
vn -0.7176 -0.6926 -0.0730
vn -0.9781 -0.0134 -0.2076
vn -0.8279 0.0497 -0.5587
vn -0.3349 0.5731 -0.7479
vn 0.2478 0.6446 -0.7232
vn -0.5784 -0.6119 -0.5395
vn 0.0999 -0.9227 -0.3722
vn -0.0477 -0.9860 0.1599
vn 0.7691 0.5221 -0.3687
vn 0.1303 0.9846 -0.1163
vn -0.6587 0.6730 -0.3365
vn -0.7041 0.4236 0.5699
vn -0.7689 -0.0510 0.6374
vn -0.5980 -0.4080 0.6899
vn -0.2225 -0.5306 0.8179
vn -0.0683 0.6688 0.7403
vn 0.2882 0.2955 0.9108
vn 0.8243 0.4835 0.2946
vn 0.1764 -0.3655 0.9139
vn 0.6103 -0.7117 0.3479
vn 0.7363 -0.6597 -0.1506
vn -0.0617 -0.3732 0.9257
vn -0.5229 -0.7510 0.4032
vn -0.6991 -0.7100 -0.0846
vn -0.2424 -0.0619 0.9682
vn 0.3223 -0.0859 0.9427
vn -0.2233 -0.1042 0.9692
vn 0.3382 -0.0409 0.9402
vn -0.1068 0.9298 0.3521
vn -0.4429 0.8920 0.0905
vn -0.1048 0.9913 0.0798
vn 0.4964 -0.6976 0.5166
vn 0.0573 -0.9836 0.1708
vn 0.0864 -0.9758 0.2010
vn 0.0314 -0.3506 0.9360
vn -0.2269 -0.8003 0.5550
vn -0.0572 -0.9972 0.0478
vn -0.9236 0.0221 -0.3826
vn -0.5128 -0.7928 -0.3294
vn -0.8694 -0.3204 -0.3761
vn -0.1835 -0.9272 -0.3266
vn -0.6666 -0.5584 -0.4937
vn -0.6560 -0.3865 -0.6483
vn -0.9236 -0.0835 -0.3741
vn -0.6356 -0.0471 -0.7705
vn -0.8461 0.2040 -0.4924
vn -0.4886 0.3189 -0.8121
vn -0.5518 0.5099 -0.6600
vn -0.1993 0.3990 -0.8950
vn -0.0847 0.3612 -0.9286
vn -0.2295 -0.1366 -0.9637
vn -0.0484 -0.0982 -0.9940
vn -0.2311 -0.5647 -0.7923
vn -0.0241 -0.5544 -0.8319
vn -0.0035 -0.7730 -0.6344
vn 0.1647 -0.5555 -0.8150
vn 0.2045 -0.7587 -0.6185
vn 0.5848 -0.3549 -0.7294
vn 0.6356 -0.5320 -0.5595
vn 0.9334 -0.0115 -0.3587
vn 0.5434 -0.7203 -0.4311
vn 0.9228 -0.1977 -0.3306
vn -0.2086 -0.7758 -0.5955
vn 0.8801 -0.1419 -0.4530
vn 0.4710 -0.0275 -0.8817
vn 0.6765 0.2538 -0.6913
vn 0.3352 0.3432 -0.8774
vn 0.3829 0.5264 -0.7592
vn 0.0640 0.3667 -0.9281
vn 0.1159 -0.1541 -0.9812
vn 0.2094 -0.9094 -0.3592
vn 0.3435 0.9388 0.0250
vn 0.0744 0.9317 0.3555
vn 0.0685 0.9944 0.0808
vn 0.9378 0.3401 -0.0693
vn 0.9559 0.2711 -0.1126
vn 0.7573 0.6495 -0.0676
vn 0.7601 0.6447 0.0815
vn 0.3659 0.8863 0.2838
vn 0.0438 0.9944 0.0966
vn 0.3212 0.9323 0.1662
vn -0.0193 0.9912 0.1307
vn 0.1515 0.9855 -0.0766
vn 0.1690 0.9309 0.3237
vn 0.3928 0.9081 -0.1454
vn 0.1007 0.9795 -0.1747
vn 0.4515 0.7927 -0.4095
vn 0.3937 0.8901 -0.2296
vn 0.6882 0.5665 -0.4532
vn 0.9202 0.3678 -0.1340
vn 0.7185 0.6923 0.0665
vn -0.8478 0.5020 -0.1710
vn -0.7540 0.6451 -0.1241
vn -0.9504 0.2775 -0.1406
vn -0.8154 0.5678 0.1129
vn -0.8130 0.5785 0.0663
vn -0.3908 0.8952 0.2144
vn -0.2205 0.9699 -0.1037
vn -0.0032 0.9926 0.1217
vn -0.1689 0.9301 0.3261
vn -0.0287 0.8836 0.4675
vn -0.0254 0.9942 0.1045
vn -0.9588 0.2469 -0.1403
vn -0.6557 0.7271 -0.2034
vn -0.8491 0.3742 -0.3729
vn -0.5932 0.6257 -0.5066
vn -0.4317 0.8360 -0.3387
vn -0.3461 0.8929 -0.2881
vn -0.4079 0.8664 0.2881
vn -0.1028 0.9909 0.0864
vn 0.0126 -0.9331 -0.3593
vn -0.8889 -0.4574 -0.0264
vn -0.5363 -0.8394 -0.0888
vn -0.8089 -0.5645 -0.1644
vn -0.6209 -0.7654 -0.1695
vn -0.8372 -0.2718 0.4746
vn 0.0537 0.2673 0.9621
vn 0.8085 -0.5791 -0.1047
vn 0.6462 -0.7576 -0.0921
vn 0.8264 -0.5051 -0.2487
vn 0.6779 -0.6977 -0.2315
vn 0.9123 -0.3901 -0.1244
vn 0.5949 -0.7878 -0.1594
vn 0.9320 -0.1613 0.3245
vn 0.0231 0.6595 0.7514
vn -0.9450 -0.0911 0.3141
vn -0.6240 -0.7799 -0.0491
vn -0.7756 -0.6310 -0.0173
vn 0.9406 -0.0581 0.3345
vn -0.0279 0.8562 0.5159
vn -0.9528 0.2000 0.2285
vn 0.8798 0.0391 0.4737
vn -0.0971 0.9886 -0.1151
vn 0.0294 -0.9956 -0.0893
vn 0.9070 0.4205 -0.0204
vn 0.6605 -0.7508 -0.0023
vn 0.8494 -0.5274 0.0185
vn -0.1799 0.9805 0.0788
vn -0.9828 0.1728 -0.0647
vn -0.6307 -0.7714 0.0851
vn -0.8028 -0.5863 0.1084
vn -0.1952 -0.9794 -0.0522
vn -0.4810 -0.8766 0.0125
vn -0.7247 -0.6818 0.0998
vn 0.1619 -0.9840 -0.0742
vn 0.4354 -0.8828 -0.1765
vn 0.9213 -0.3877 0.0305
vn -0.6542 0.7378 -0.1664
vn -0.3787 0.9197 -0.1034
vn -0.9232 0.2743 0.2692
vn 0.0321 0.9904 -0.1341
vn 0.2780 0.9502 -0.1407
vn 0.6735 0.7234 -0.1517
vn 0.9398 0.3258 -0.1032
vn -0.2812 -0.8097 0.5151
vn -0.1868 -0.8155 0.5479
vn -0.0818 -0.8029 0.5905
vn 0.0050 -0.8055 0.5925
vn 0.5865 -0.7678 0.2581
vn 0.5709 -0.7668 0.2933
vn 0.5197 -0.7581 0.3939
vn 0.4851 -0.7329 0.4770
vn -0.3842 -0.3929 0.8355
vn -0.6856 -0.6395 0.3480
vn -0.7583 -0.6513 -0.0285
vn 0.9683 0.1258 0.2158
vn 0.6702 0.0604 0.7398
vn 0.9750 0.1547 -0.1594
vn 0.5492 -0.4548 0.7011
vn 0.4910 -0.2531 0.8336
vn 0.7448 0.4658 -0.4778
vn 0.9523 -0.1605 0.2596
vn -0.1463 -0.6252 0.7666
vn -0.0952 -0.3718 0.9234
vn -0.7299 0.3782 -0.5694
vn -0.8610 -0.4504 0.2364
vn 0.1659 0.1958 -0.9665
vn 0.0569 0.8362 -0.5455
vn 0.1430 -0.7757 0.6147
vn -0.2321 -0.5388 0.8099
vn 0.2490 -0.7838 -0.5688
vn -0.8921 0.0284 0.4510
vn 0.3034 -0.9233 0.2354
vn -0.6277 0.6729 -0.3913
vn -0.6532 -0.1035 -0.7501
vn 0.6353 -0.3109 0.7069
vn 0.4115 -0.7061 0.5763
vn 0.0666 -0.8390 -0.5400
vn 0.8316 0.4397 0.3393
vn 0.3220 -0.9210 0.2191
vn 0.9010 0.0128 0.4336
vn 0.8931 -0.0179 0.4496
vn 0.9320 0.0788 0.3538
vn 0.9345 0.1390 0.3277
vn 0.9745 0.1236 0.1870
vn -0.9706 0.0746 0.2289
vn -0.8915 0.0578 0.4494
vn -0.8729 -0.0050 0.4879
vn -0.8158 -0.0779 0.5730
vn -0.8402 -0.0528 0.5397
vn -0.1176 0.0500 0.9918
vn 0.0278 0.3236 0.9458
vn 0.0409 0.0477 0.9980
vn 0.2064 0.0582 0.9767
vn -0.7415 0.3142 0.5929
vn -0.3103 0.5438 0.7797
vn -0.9166 0.3899 -0.0885
vn -0.9805 0.0650 0.1856
vn -0.9937 0.0544 -0.0984
vn 0.2202 0.1839 0.9580
vn -0.3201 0.0540 0.9458
vn -0.0774 -0.4130 0.9075
vn -0.5966 -0.6093 0.5224
vn -0.9445 -0.3255 0.0442
vn 0.9944 0.0982 -0.0379
vn 0.9800 0.1477 0.1331
vn 0.8216 -0.1495 0.5501
vn 0.7967 0.5484 -0.2542
vn 0.7560 0.2465 0.6064
vn 0.2280 -0.3448 0.9106
vn -0.0136 0.1849 0.9827
vn 0.4645 0.0732 0.8825
vn 0.9687 -0.2470 -0.0261
vn 0.7140 -0.5134 0.4761
vn 0.9791 0.1283 -0.1580
vn -0.9413 -0.0395 0.3351
vn 0.0489 -0.5464 -0.8361
vn -0.2031 -0.5408 -0.8162
vn -0.4098 -0.3162 -0.8556
vn -0.4030 0.3410 -0.8493
vn -0.5311 0.2365 -0.8136
vn -0.5610 0.0789 -0.8241
vn 0.3982 0.0595 -0.9154
vn 0.4423 -0.2408 -0.8639
vn 0.2836 -0.4373 -0.8534
vn 0.1976 0.4317 -0.8801
vn 0.0599 0.5113 -0.8573
vn -0.1056 0.4793 -0.8713
vn 0.7456 0.1567 -0.6477
vn 0.9178 0.1633 -0.3619
vn -0.6727 -0.5028 -0.5429
vn -0.4629 -0.1542 -0.8729
vn -0.7530 -0.6136 -0.2379
vn 0.1720 -0.5044 -0.8462
vn 0.3067 0.2036 -0.9298
vn -0.2293 0.3862 -0.8935
vn -0.2236 0.3355 -0.9151
vn -0.2561 0.3738 -0.8915
vn 0.8176 -0.4970 0.2908
vn 0.9950 0.0547 0.0836
vn 0.9966 -0.0236 0.0793
vn 0.8010 0.5796 0.1499
vn -0.4947 -0.1303 -0.8593
vn -0.2954 -0.5834 -0.7566
vn -0.2841 0.2810 -0.9167
vn -0.9754 -0.1342 0.1748
vn -0.9736 -0.0358 0.2256
vn -0.7226 -0.5661 0.3968
vn -0.1141 0.8950 0.4313
vn 0.2777 -0.6083 -0.7436
vn 0.3956 -0.1581 -0.9047
vn -0.1190 0.1151 -0.9862
vn -0.8489 0.0037 -0.5286
vn -0.0398 0.8259 -0.5625
vn -0.1276 -0.9862 -0.1051
vn 0.2032 -0.9526 -0.2263
vn -0.6878 0.6585 0.3055
vn 0.4706 0.8769 -0.0975
vn -0.7048 0.5315 -0.4699
vn 0.7256 -0.0017 -0.6881
vn 0.9180 0.3937 0.0484
vn 0.6828 0.6609 -0.3114
vn -0.9781 0.1252 -0.1662
vn -0.6748 0.7119 -0.1944
vn -0.5254 0.6635 -0.5327
vn 0.6124 0.7327 -0.2970
vn 0.4652 0.6023 -0.6488
vn -0.6539 0.0763 -0.7528
vn 0.2162 -0.1146 -0.9696
vn 0.2236 0.1400 -0.9646
vn 0.5598 0.1940 -0.8056
vn -0.5942 -0.6364 0.4919
vn -0.8232 -0.5029 0.2634
vn 0.4654 0.6363 -0.6153
vn 0.5782 0.5510 -0.6017
vn -0.9634 0.2680 0.0086
vn 0.8606 0.5072 0.0465
vn -0.6404 0.1300 -0.7570
vn 0.7471 0.3907 -0.5379
vn -0.2978 0.9537 -0.0422
vn -0.7607 0.5836 -0.2842
vn 0.4109 -0.2557 -0.8751
vn -0.2656 0.1886 -0.9455
vn -0.5409 -0.3393 -0.7696
vn -0.6851 0.1466 -0.7136
vn -0.3434 0.6306 -0.6960
vn 0.6894 0.5140 -0.5104
vn 0.9594 -0.1782 -0.2185
vn 0.9599 0.0962 -0.2634
vn -0.3369 0.7839 -0.5216
vn 0.6031 -0.7638 0.2302
vn 0.6854 -0.7113 0.1556
vn -0.4039 0.6742 -0.6183
vn -0.6842 0.4737 -0.5544
vn -0.8775 -0.1443 0.4574
vn -0.9972 -0.0727 0.0181
vn 0.9254 -0.0816 0.3702
vn 0.9996 -0.0247 0.0135
vn -0.9426 0.2011 -0.2667
vn -0.9087 0.2605 -0.3263
vn -0.7918 0.3764 -0.4810
vn 0.9443 0.1877 -0.2704
vn 0.9807 0.1770 -0.0825
vn 0.5817 0.5137 -0.6306
vn -0.6113 0.5625 -0.5567
vn 0.4936 0.6363 -0.5928
vn 0.9978 0.0636 0.0183
vn -0.9376 -0.3476 0.0019
vn 0.6784 0.7324 -0.0574
vn 0.6747 0.7200 0.1621
vn 0.0088 0.7137 0.7004
vn -0.7045 0.6690 0.2369
vn -0.7328 0.6801 0.0191
vn 0.7464 0.6654 0.0026
vn 0.6345 0.7688 0.0799
vn -0.6816 0.7195 0.1333
vn 0.7550 0.6234 0.2031
vn -0.7827 0.6149 0.0961
vn -0.7816 0.5549 0.2849
vn 0.6993 0.7050 -0.1183
vn -0.7511 0.6586 -0.0451
vt 0.818544 0.256065
vt 0.838826 0.256074
vt 0.818540 0.276580
vt 0.838826 0.276594
vt 0.818540 0.303773
vt 0.838826 0.303789
vt 0.818540 0.329658
vt 0.838826 0.329660
vt 0.856631 0.329660
vt 0.856631 0.303792
vt 0.884645 0.329660
vt 0.884645 0.303789
vt 0.916637 0.303778
vt 0.916637 0.329660
vt 0.942931 0.303766
vt 0.942931 0.329658
vt 0.970802 0.303757
vt 0.970800 0.329658
vt 0.856631 0.276595
vt 0.884644 0.276592
vt 0.916637 0.276583
vt 0.942929 0.276575
vt 0.970803 0.276568
vt 0.856631 0.256083
vt 0.884645 0.256085
vt 0.916636 0.256081
vt 0.942929 0.256068
vt 0.970802 0.256060
vt 0.970251 0.455651
vt 0.970255 0.476522
vt 0.949527 0.455661
vt 0.949527 0.476538
vt 0.970255 0.504186
vt 0.949527 0.504203
vt 0.970255 0.530519
vt 0.949527 0.530530
vt 0.814721 0.530509
vt 0.814719 0.504170
vt 0.843186 0.530514
vt 0.843186 0.504181
vt 0.870041 0.530526
vt 0.870041 0.504191
vt 0.902718 0.530535
vt 0.902718 0.504203
vt 0.931332 0.504207
vt 0.931332 0.530535
vt 0.931330 0.476540
vt 0.902718 0.476534
vt 0.870043 0.476528
vt 0.843186 0.476517
vt 0.814719 0.476510
vt 0.931330 0.455671
vt 0.902718 0.455673
vt 0.870043 0.455668
vt 0.843188 0.455656
vt 0.814719 0.455645
vt 0.472732 0.075492
vt 0.432958 0.098726
vt 0.466396 0.099474
vt 0.432958 0.074218
vt 0.393182 0.075492
vt 0.399518 0.099474
vt 0.382333 0.897106
vt 0.389927 0.967318
vt 0.362008 0.900699
vt 0.350001 0.968182
vt 0.337314 0.902632
vt 0.408907 0.943095
vt 0.450508 0.946481
vt 0.443301 0.966455
vt 0.482047 0.946437
vt 0.478986 0.966253
vt 0.503153 0.945518
vt 0.503334 0.966993
vt 0.521464 0.945217
vt 0.521464 0.967787
vt 0.539594 0.966993
vt 0.539775 0.945518
vt 0.563941 0.966253
vt 0.560881 0.946437
vt 0.599628 0.966455
vt 0.592420 0.946481
vt 0.653001 0.967318
vt 0.634021 0.943095
vt 0.616945 0.916981
vt 0.636805 0.890917
vt 0.660595 0.897106
vt 0.680920 0.900699
vt 0.692927 0.968182
vt 0.705614 0.902632
vt 0.587106 0.920487
vt 0.556252 0.908981
vt 0.539553 0.911326
vt 0.521464 0.911555
vt 0.503375 0.911326
vt 0.486676 0.908981
vt 0.455822 0.920487
vt 0.425983 0.916981
vt 0.406123 0.890917
vt 0.185085 0.625961
vt 0.195389 0.648658
vt 0.153952 0.626204
vt 0.153952 0.650060
vt 0.112515 0.648658
vt 0.122817 0.625961
vt 0.058270 0.856942
vt 0.058362 0.802853
vt 0.104712 0.805312
vt 0.061046 0.751784
vt 0.108331 0.751976
vt 0.071888 0.706130
vt 0.115730 0.706068
vt 0.093408 0.672627
vt 0.127104 0.673454
vt 0.153952 0.673603
vt 0.153952 0.706743
vt 0.153952 0.752239
vt 0.153952 0.806067
vt 0.104704 0.858159
vt 0.246857 0.751784
vt 0.199572 0.751976
vt 0.236016 0.706130
vt 0.192172 0.706068
vt 0.214502 0.672627
vt 0.180799 0.673454
vt 0.203190 0.805312
vt 0.249541 0.802853
vt 0.249633 0.856942
vt 0.203198 0.858159
vt 0.153952 0.858576
vt 0.646866 0.760154
vt 0.649075 0.753927
vt 0.659389 0.752147
vt 0.630998 0.748013
vt 0.642371 0.728813
vt 0.600787 0.739936
vt 0.606127 0.713862
vt 0.619789 0.664107
vt 0.674962 0.706162
vt 0.690793 0.752155
vt 0.668465 0.794076
vt 0.650832 0.768607
vt 0.646927 0.813712
vt 0.630922 0.780518
vt 0.608900 0.827436
vt 0.602880 0.789035
vt 0.567155 0.833678
vt 0.566412 0.795027
vt 0.540477 0.838398
vt 0.540698 0.799193
vt 0.565824 0.759497
vt 0.599456 0.759802
vt 0.625102 0.759981
vt 0.682348 0.831669
vt 0.706163 0.829158
vt 0.659335 0.845404
vt 0.635469 0.855767
vt 0.601391 0.844600
vt 0.576432 0.847523
vt 0.567035 0.867943
vt 0.592362 0.869767
vt 0.615888 0.861888
vt 0.614518 0.882546
vt 0.604160 0.894574
vt 0.588109 0.896532
vt 0.572229 0.885269
vt 0.521464 0.873717
vt 0.521464 0.839700
vt 0.539517 0.871890
vt 0.552817 0.869485
vt 0.503412 0.871890
vt 0.502451 0.838398
vt 0.490111 0.869485
vt 0.475773 0.833678
vt 0.475893 0.867943
vt 0.521464 0.799901
vt 0.502230 0.799193
vt 0.476516 0.795027
vt 0.440049 0.789035
vt 0.434029 0.827436
vt 0.412005 0.780518
vt 0.417826 0.759981
vt 0.443473 0.759802
vt 0.477104 0.759497
vt 0.502488 0.759866
vt 0.521464 0.759707
vt 0.540441 0.759866
vt 0.573898 0.741156
vt 0.601897 0.744935
vt 0.630457 0.751123
vt 0.645336 0.755762
vt 0.644741 0.757248
vt 0.623992 0.753735
vt 0.598819 0.751814
vt 0.566524 0.750040
vt 0.540810 0.749033
vt 0.521464 0.748897
vt 0.502118 0.749033
vt 0.476404 0.750040
vt 0.444110 0.751814
vt 0.418936 0.753735
vt 0.521461 0.743684
vt 0.540887 0.744044
vt 0.567207 0.745544
vt 0.599175 0.748446
vt 0.623982 0.751947
vt 0.644265 0.756411
vt 0.644330 0.756040
vt 0.627981 0.752401
vt 0.599495 0.747853
vt 0.572909 0.744745
vt 0.540837 0.742699
vt 0.541132 0.738064
vt 0.521464 0.737910
vt 0.521728 0.742562
vt 0.501743 0.742535
vt 0.501953 0.743695
vt 0.475534 0.744929
vt 0.443337 0.748191
vt 0.418624 0.752002
vt 0.399857 0.757213
vt 0.400739 0.756045
vt 0.398531 0.755331
vt 0.400506 0.755721
vt 0.412472 0.751123
vt 0.413419 0.752872
vt 0.442000 0.747371
vt 0.441031 0.744935
vt 0.469253 0.744448
vt 0.469031 0.741156
vt 0.501797 0.738064
vt 0.521464 0.730476
vt 0.541658 0.731126
vt 0.397433 0.760350
vt 0.395875 0.754705
vt 0.411931 0.748013
vt 0.442142 0.739936
vt 0.469051 0.734080
vt 0.501270 0.731126
vt 0.501716 0.705549
vt 0.521464 0.704653
vt 0.521464 0.661659
vt 0.541212 0.705549
vt 0.367967 0.706162
vt 0.423140 0.664107
vt 0.400558 0.728813
vt 0.436801 0.713862
vt 0.466610 0.707174
vt 0.471810 0.662886
vt 0.521464 0.615422
vt 0.487654 0.614948
vt 0.521464 0.581747
vt 0.499396 0.581582
vt 0.521198 0.551450
vt 0.508904 0.551378
vt 0.459068 0.551387
vt 0.443607 0.581066
vt 0.429276 0.614782
vt 0.533474 0.551378
vt 0.543532 0.581582
vt 0.555274 0.614948
vt 0.571117 0.662886
vt 0.576319 0.707174
vt 0.573877 0.734080
vt 0.613652 0.614782
vt 0.599322 0.581066
vt 0.583327 0.551387
vt 0.397266 0.184786
vt 0.432957 0.185902
vt 0.395007 0.128767
vt 0.432958 0.129155
vt 0.470907 0.128767
vt 0.468649 0.184786
vt 0.443949 0.215583
vt 0.465211 0.215062
vt 0.432957 0.215353
vt 0.432957 0.249072
vt 0.448727 0.248712
vt 0.469403 0.248383
vt 0.504553 0.248774
vt 0.509420 0.211054
vt 0.513387 0.173531
vt 0.497905 0.127655
vt 0.496762 0.101853
vt 0.501348 0.078548
vt 0.507211 0.042727
vt 0.528905 0.059157
vt 0.549576 0.015903
vt 0.508779 0.007542
vt 0.478148 0.005041
vt 0.477355 0.033953
vt 0.432958 0.031503
vt 0.449050 0.004835
vt 0.432957 0.005201
vt 0.416865 0.004835
vt 0.387767 0.005041
vt 0.388560 0.033953
vt 0.358704 0.042727
vt 0.357136 0.007542
vt 0.316338 0.015903
vt 0.337010 0.059157
vt 0.364567 0.078548
vt 0.361362 0.248774
vt 0.356495 0.211054
vt 0.315998 0.232481
vt 0.329841 0.201064
vt 0.306791 0.131236
vt 0.316786 0.130839
vt 0.309373 0.090591
vt 0.320292 0.098759
vt 0.349748 0.084430
vt 0.369153 0.101853
vt 0.368010 0.127655
vt 0.352527 0.173531
vt 0.400704 0.215062
vt 0.396512 0.248383
vt 0.417188 0.248712
vt 0.421966 0.215583
vt 0.342187 0.101661
vt 0.337130 0.129245
vt 0.338192 0.164086
vt 0.427040 0.861888
vt 0.450567 0.869767
vt 0.428411 0.882546
vt 0.438768 0.894574
vt 0.454819 0.896532
vt 0.470699 0.885269
vt 0.336765 0.829158
vt 0.360579 0.831669
vt 0.383592 0.845404
vt 0.407459 0.855767
vt 0.441537 0.844600
vt 0.466496 0.847523
vt 0.396001 0.813712
vt 0.374463 0.794076
vt 0.352135 0.752155
vt 0.392096 0.768607
vt 0.383540 0.752147
vt 0.549917 0.232481
vt 0.536073 0.201064
vt 0.559123 0.131238
vt 0.549129 0.130839
vt 0.556542 0.090591
vt 0.545623 0.098759
vt 0.516166 0.084430
vt 0.523727 0.101661
vt 0.528785 0.129245
vt 0.527722 0.164086
vt 0.694213 0.305741
vt 0.693774 0.315006
vt 0.699407 0.326913
vt 0.693958 0.334518
vt 0.716066 0.355774
vt 0.720858 0.326647
vt 0.715643 0.332977
vt 0.715890 0.312639
vt 0.715296 0.305663
vt 0.710984 0.327394
vt 0.714969 0.333076
vt 0.709114 0.347346
vt 0.713242 0.357848
vt 0.691745 0.360136
vt 0.698928 0.347497
vt 0.714930 0.300360
vt 0.695788 0.299452
vt 0.714362 0.280354
vt 0.694714 0.277165
vt 0.692432 0.255065
vt 0.713645 0.254905
vt 0.721987 0.344098
vt 0.735280 0.341735
vt 0.734048 0.324387
vt 0.734728 0.306562
vt 0.734948 0.301220
vt 0.730422 0.283149
vt 0.732428 0.250319
vt 0.741269 0.354237
vt 0.744157 0.332259
vt 0.745775 0.311576
vt 0.746233 0.305811
vt 0.744508 0.298664
vt 0.746092 0.295200
vt 0.739679 0.278293
vt 0.754811 0.297784
vt 0.746817 0.279046
vt 0.771556 0.298015
vt 0.763342 0.283596
vt 0.777745 0.284767
vt 0.776247 0.270936
vt 0.756003 0.260323
vt 0.743330 0.254246
vt 0.666041 0.256950
vt 0.669750 0.278888
vt 0.672984 0.299669
vt 0.670040 0.304531
vt 0.676637 0.325686
vt 0.670343 0.312740
vt 0.671330 0.330276
vt 0.673595 0.346578
vt 0.668584 0.358711
vt 0.686666 0.346181
vt 0.691014 0.360013
vt 0.692940 0.334226
vt 0.687828 0.326515
vt 0.648570 0.280746
vt 0.649571 0.300755
vt 0.649805 0.305606
vt 0.651613 0.323850
vt 0.663682 0.323620
vt 0.663046 0.339263
vt 0.652656 0.339747
vt 0.643625 0.354580
vt 0.633747 0.330965
vt 0.629061 0.308550
vt 0.627913 0.303678
vt 0.623549 0.280950
vt 0.625164 0.256633
vt 0.649853 0.255861
vt 0.671022 0.330410
vt 0.668937 0.350412
vt 0.732427 0.461178
vt 0.720475 0.440297
vt 0.731200 0.438038
vt 0.730291 0.416763
vt 0.717516 0.417960
vt 0.695141 0.442769
vt 0.709083 0.463402
vt 0.695133 0.463693
vt 0.713998 0.468306
vt 0.694731 0.470680
vt 0.711243 0.483836
vt 0.691225 0.489081
vt 0.693510 0.504262
vt 0.710499 0.507195
vt 0.745577 0.509526
vt 0.734072 0.484157
vt 0.733806 0.467992
vt 0.711054 0.455607
vt 0.713451 0.443367
vt 0.712253 0.409415
vt 0.736050 0.406929
vt 0.735170 0.437821
vt 0.734490 0.451455
vt 0.681092 0.421332
vt 0.694670 0.424720
vt 0.682385 0.445062
vt 0.683258 0.462625
vt 0.682858 0.471639
vt 0.683740 0.478395
vt 0.687230 0.492153
vt 0.682082 0.482808
vt 0.679968 0.492822
vt 0.676913 0.481674
vt 0.665078 0.490353
vt 0.653684 0.480060
vt 0.651507 0.496032
vt 0.661489 0.500465
vt 0.649331 0.512005
vt 0.657902 0.510575
vt 0.660300 0.529416
vt 0.674115 0.515183
vt 0.677723 0.536414
vt 0.687922 0.516616
vt 0.690953 0.539764
vt 0.692466 0.518015
vt 0.709831 0.520871
vt 0.687576 0.504385
vt 0.677042 0.504003
vt 0.706138 0.422842
vt 0.710518 0.408332
vt 0.712690 0.443541
vt 0.705942 0.442168
vt 0.741775 0.439092
vt 0.736970 0.437741
vt 0.740187 0.416549
vt 0.737597 0.405134
vt 0.755667 0.415540
vt 0.757970 0.404775
vt 0.758157 0.436342
vt 0.756025 0.435436
vt 0.759253 0.449755
vt 0.758458 0.460223
vt 0.757309 0.467335
vt 0.756384 0.484143
vt 0.776083 0.485044
vt 0.779434 0.509218
vt 0.788093 0.492091
vt 0.780377 0.467272
vt 0.779974 0.459174
vt 0.789288 0.475789
vt 0.790102 0.461652
vt 0.788562 0.436406
vt 0.778762 0.439586
vt 0.776108 0.423009
vt 0.780838 0.411991
vt 0.762947 0.409108
vt 0.764512 0.423751
vt 0.760637 0.437799
vt 0.764728 0.440708
vt 0.918092 0.049672
vt 0.914051 0.024955
vt 0.919282 0.016641
vt 0.895631 0.014222
vt 0.901356 0.023789
vt 0.911110 0.046684
vt 0.899232 0.067001
vt 0.900451 0.044487
vt 0.896660 0.045638
vt 0.897181 0.057542
vt 0.889940 0.045513
vt 0.873358 0.066071
vt 0.875777 0.041957
vt 0.872569 0.055887
vt 0.873657 0.042838
vt 0.891518 0.023581
vt 0.876132 0.022600
vt 0.894715 0.044199
vt 0.894093 0.012475
vt 0.873843 0.012126
vt 0.921405 0.061884
vt 0.922433 0.069165
vt 0.921303 0.073935
vt 0.899112 0.073628
vt 0.897597 0.089357
vt 0.875420 0.089342
vt 0.886162 0.114037
vt 0.855842 0.090218
vt 0.852511 0.113737
vt 0.874501 0.072990
vt 0.851572 0.072928
vt 0.843905 0.097076
vt 0.842717 0.081215
vt 0.851973 0.065051
vt 0.867128 0.047084
vt 0.871192 0.044256
vt 0.841908 0.067461
vt 0.843438 0.042900
vt 0.853179 0.045994
vt 0.855817 0.029865
vt 0.867342 0.030586
vt 0.868896 0.016342
vt 0.851115 0.019146
vt 0.921026 0.111769
vt 0.920286 0.089045
vt 0.936297 0.069447
vt 0.936697 0.076245
vt 0.948101 0.068407
vt 0.936289 0.049090
vt 0.948969 0.051321
vt 0.936759 0.031530
vt 0.950253 0.028234
vt 0.925361 0.029704
vt 0.921006 0.015587
vt 0.918848 0.049841
vt 0.925554 0.048505
vt 0.948499 0.077178
vt 0.940182 0.094147
vt 0.937911 0.108916
vt 0.920938 0.125074
vt 0.938949 0.122296
vt 0.943466 0.120936
vt 0.940452 0.143456
vt 0.953603 0.140195
vt 0.970918 0.133388
vt 0.957187 0.119541
vt 0.943808 0.109036
vt 0.947621 0.083750
vt 0.944153 0.097135
vt 0.954279 0.108664
vt 0.973303 0.115058
vt 0.981822 0.116449
vt 0.949270 0.088043
vt 0.951371 0.097787
vt 0.966171 0.095384
vt 0.969737 0.105221
vt 0.979659 0.100910
vt 0.954407 0.086940
vt 0.977496 0.085370
vt 0.407290 0.351360
vt 0.379591 0.369345
vt 0.400908 0.374221
vt 0.399329 0.379104
vt 0.378923 0.374285
vt 0.375490 0.392782
vt 0.358860 0.371422
vt 0.363485 0.391495
vt 0.362720 0.407544
vt 0.373028 0.408945
vt 0.380699 0.424899
vt 0.392655 0.401613
vt 0.355852 0.418433
vt 0.334667 0.370553
vt 0.350394 0.392479
vt 0.357469 0.381854
vt 0.355809 0.397648
vt 0.356360 0.366193
vt 0.382380 0.348972
vt 0.361442 0.345227
vt 0.333660 0.363985
vt 0.314507 0.363247
vt 0.313668 0.368634
vt 0.294483 0.362381
vt 0.294226 0.367861
vt 0.336724 0.341289
vt 0.316863 0.342839
vt 0.300610 0.344296
vt 0.301552 0.310553
vt 0.319856 0.316879
vt 0.340975 0.318891
vt 0.367102 0.323117
vt 0.383328 0.323415
vt 0.407857 0.326355
vt 0.256046 0.327816
vt 0.253315 0.341828
vt 0.267772 0.341885
vt 0.258297 0.355912
vt 0.284643 0.338673
vt 0.275001 0.357137
vt 0.291822 0.338525
vt 0.283920 0.355254
vt 0.285188 0.358935
vt 0.282829 0.366093
vt 0.282770 0.372025
vt 0.293307 0.386149
vt 0.282531 0.393315
vt 0.283443 0.416042
vt 0.277166 0.318728
vt 0.290337 0.313619
vt 0.308416 0.419809
vt 0.290528 0.403780
vt 0.306247 0.389608
vt 0.303560 0.407354
vt 0.310876 0.396536
vt 0.312615 0.375731
vt 0.316018 0.391232
vt 0.311539 0.396695
vt 0.316097 0.411797
vt 0.311042 0.422175
vt 0.332258 0.426390
vt 0.327596 0.391750
vt 0.326231 0.412837
vt 0.332344 0.400000
vt 0.334273 0.380066
vt 0.339168 0.392352
vt 0.332774 0.400226
vt 0.338567 0.412561
vt 0.332996 0.426326
vt 0.355461 0.426948
vt 0.351554 0.414106
vt 0.355040 0.397614
vt 0.903048 0.869513
vt 0.903048 0.833131
vt 0.874919 0.869510
vt 0.874919 0.833126
vt 0.903049 0.902580
vt 0.874919 0.902576
vt 0.847422 0.902571
vt 0.847421 0.869499
vt 0.847421 0.833101
vt 0.818491 0.933308
vt 0.847421 0.933301
vt 0.818491 0.902578
vt 0.818491 0.869508
vt 0.818491 0.833121
vt 0.818491 0.802124
vt 0.847327 0.801990
vt 0.874919 0.802113
vt 0.903048 0.802110
vt 0.935493 0.802110
vt 0.935495 0.833138
vt 0.935495 0.869517
vt 0.935495 0.902583
vt 0.935497 0.933369
vt 0.903049 0.933372
vt 0.874918 0.933330
vt 0.962242 0.802110
vt 0.962242 0.833141
vt 0.962242 0.869525
vt 0.962240 0.902592
vt 0.962242 0.933374
vt 0.949130 0.706615
vt 0.949130 0.676958
vt 0.926677 0.706588
vt 0.926677 0.676939
vt 0.949130 0.645050
vt 0.926677 0.645035
vt 0.949130 0.609933
vt 0.926677 0.609930
vt 0.949130 0.580023
vt 0.926677 0.580023
vt 0.796049 0.933337
vt 0.796049 0.902596
vt 0.796049 0.869524
vt 0.796049 0.833126
vt 0.796049 0.802124
vt 0.897725 0.706581
vt 0.897723 0.676932
vt 0.870167 0.706608
vt 0.870167 0.676939
vt 0.841976 0.706649
vt 0.841976 0.676941
vt 0.809459 0.706647
vt 0.809459 0.676946
vt 0.782655 0.676954
vt 0.782655 0.706650
vt 0.897723 0.645024
vt 0.870167 0.645037
vt 0.841976 0.645040
vt 0.809459 0.645043
vt 0.782655 0.645051
vt 0.782655 0.580009
vt 0.782655 0.609948
vt 0.809461 0.580009
vt 0.809459 0.609944
vt 0.841978 0.609938
vt 0.841978 0.580009
vt 0.870167 0.609934
vt 0.870165 0.580013
vt 0.897723 0.609911
vt 0.897817 0.579893
vt 0.202536 0.374471
vt 0.174992 0.339694
vt 0.203437 0.339661
vt 0.737040 0.639942
vt 0.729413 0.601246
vt 0.737040 0.597727
vt 0.715925 0.624052
vt 0.358909 0.617637
vt 0.366534 0.578941
vt 0.380023 0.601747
vt 0.358907 0.575422
vt 0.242895 0.373747
vt 0.227099 0.387186
vt 0.245631 0.433565
vt 0.218938 0.431887
vt 0.248724 0.404362
vt 0.220116 0.401946
vt 0.243960 0.387494
vt 0.060385 0.368808
vt 0.103952 0.339661
vt 0.079246 0.387186
vt 0.103807 0.374471
vt 0.086227 0.401946
vt 0.117428 0.395879
vt 0.087407 0.431887
vt 0.117984 0.429483
vt 0.153172 0.428189
vt 0.153172 0.391425
vt 0.153172 0.366459
vt 0.188917 0.395879
vt 0.188359 0.429483
vt 0.062383 0.387494
vt 0.057619 0.404362
vt 0.060712 0.433565
vt 0.153695 0.339608
vt 0.132395 0.339694
vt 0.442432 0.358945
vt 0.446490 0.335944
vt 0.461725 0.357728
vt 0.465350 0.333616
vt 0.458058 0.319016
vt 0.469614 0.320710
vt 0.482995 0.295298
vt 0.483066 0.308254
vt 0.508922 0.287555
vt 0.507839 0.300240
vt 0.486239 0.326830
vt 0.508962 0.321557
vt 0.508963 0.355892
vt 0.486246 0.357064
vt 0.599962 0.358945
vt 0.580668 0.357728
vt 0.595904 0.335944
vt 0.577046 0.333616
vt 0.584335 0.319016
vt 0.572779 0.320710
vt 0.559359 0.295298
vt 0.559346 0.308254
vt 0.533466 0.287555
vt 0.534564 0.300240
vt 0.556194 0.326830
vt 0.533454 0.321557
vt 0.533454 0.355892
vt 0.556194 0.357064
vt 0.019818 0.003434
vt 0.019814 0.035409
vt 0.040401 0.035409
vt 0.019814 0.081579
vt 0.040410 0.081579
vt 0.097143 0.035409
vt 0.097184 0.081579
vt 0.158437 0.035409
vt 0.158440 0.081579
vt 0.214293 0.081579
vt 0.214326 0.035409
vt 0.263769 0.081579
vt 0.263780 0.035409
vt 0.282297 0.081550
vt 0.282293 0.035409
vt 0.282293 0.003462
vt 0.263778 0.003462
vt 0.214362 0.003464
vt 0.158450 0.003447
vt 0.097143 0.003429
vt 0.040401 0.003462
vt 0.248727 0.923999
vt 0.247972 0.973493
vt 0.203481 0.923527
vt 0.204635 0.968438
vt 0.153952 0.966362
vt 0.153952 0.922979
vt 0.104421 0.923527
vt 0.103267 0.968438
vt 0.059930 0.973493
vt 0.059175 0.923999
vt 0.626210 0.059387
vt 0.667107 0.058276
vt 0.625206 0.101454
vt 0.667107 0.103034
vt 0.625675 0.143483
vt 0.667107 0.144944
vt 0.708541 0.143483
vt 0.709010 0.101454
vt 0.708006 0.059387
vt 0.949130 0.736435
vt 0.926677 0.736447
vt 0.818491 0.964258
vt 0.796049 0.964246
vt 0.897725 0.736476
vt 0.870169 0.736487
vt 0.841973 0.736478
vt 0.809456 0.736457
vt 0.782653 0.736439
vt 0.962244 0.964249
vt 0.935498 0.964268
vt 0.903053 0.964289
vt 0.874918 0.964299
vt 0.847421 0.964287
vt 0.838826 0.235266
vt 0.818547 0.235253
vt 0.838826 0.214229
vt 0.818554 0.214214
vt 0.838826 0.193359
vt 0.818567 0.193358
vt 0.856632 0.235278
vt 0.856632 0.214241
vt 0.884647 0.235286
vt 0.884647 0.214243
vt 0.916636 0.235288
vt 0.916636 0.214236
vt 0.942929 0.214236
vt 0.942929 0.235281
vt 0.970802 0.235271
vt 0.970802 0.214218
vt 0.970802 0.193359
vt 0.942927 0.193359
vt 0.916636 0.193359
vt 0.884644 0.193361
vt 0.856632 0.193361
vt 0.949527 0.434471
vt 0.970249 0.434400
vt 0.949527 0.413092
vt 0.970240 0.413090
vt 0.949525 0.386140
vt 0.970229 0.386129
vt 0.843188 0.434537
vt 0.843188 0.413092
vt 0.870043 0.434573
vt 0.870043 0.413092
vt 0.902715 0.413093
vt 0.902715 0.434568
vt 0.931328 0.413092
vt 0.931330 0.434526
vt 0.931330 0.386179
vt 0.902720 0.386186
vt 0.870043 0.386162
vt 0.843190 0.386148
vt 0.814719 0.386141
vt 0.814719 0.413090
vt 0.814719 0.434494
vt 0.818491 0.792311
vt 0.847422 0.792312
vt 0.818491 0.781686
vt 0.847422 0.781686
vt 0.874921 0.792314
vt 0.903048 0.792314
vt 0.818491 0.772333
vt 0.847422 0.772333
vt 0.874919 0.772333
vt 0.874919 0.781686
vt 0.903048 0.772333
vt 0.903048 0.781685
vt 0.935493 0.781685
vt 0.935493 0.792314
vt 0.962240 0.792314
vt 0.962240 0.781686
vt 0.962240 0.772333
vt 0.935493 0.772333
vt 0.897723 0.560306
vt 0.870167 0.560306
vt 0.870165 0.570558
vt 0.841976 0.570558
vt 0.809461 0.570558
vt 0.897723 0.570558
vt 0.926677 0.570557
vt 0.926677 0.560306
vt 0.782657 0.570558
vt 0.809461 0.560304
vt 0.841978 0.560304
vt 0.841978 0.551282
vt 0.870167 0.551282
vt 0.897723 0.551282
vt 0.926677 0.551282
vt 0.809461 0.551282
vt 0.782657 0.551282
vt 0.782655 0.560304
vt 0.949138 0.551282
vt 0.949130 0.560306
vt 0.949127 0.570592
vt 0.796040 0.772333
vt 0.796049 0.781686
vt 0.796052 0.792349
vt 0.828765 0.039899
vt 0.799407 0.018054
vt 0.796344 0.066127
vt 0.770479 0.029215
vt 0.761159 0.064948
vt 0.770776 0.098728
vt 0.792983 0.108200
vt 0.820851 0.099307
vt 0.831902 0.071546
vt 0.314976 0.486104
vt 0.311916 0.517785
vt 0.346628 0.512362
vt 0.322704 0.545578
vt 0.349909 0.554482
vt 0.371589 0.544999
vt 0.380978 0.511181
vt 0.371879 0.475408
vt 0.343639 0.464234
vt 0.508952 0.468425
vt 0.486217 0.429096
vt 0.508957 0.429132
vt 0.243868 0.647112
vt 0.276649 0.603496
vt 0.262535 0.614649
vt 0.276649 0.680155
vt 0.309430 0.647112
vt 0.290763 0.614649
vt 0.241345 0.539859
vt 0.210420 0.503855
vt 0.239647 0.504472
vt 0.186573 0.503467
vt 0.206132 0.536131
vt 0.203915 0.563425
vt 0.228923 0.564173
vt 0.202622 0.586973
vt 0.229262 0.587136
vt 0.200941 0.611203
vt 0.212071 0.614116
vt 0.180739 0.613685
vt 0.153172 0.613689
vt 0.178942 0.587510
vt 0.153172 0.588311
vt 0.181131 0.562389
vt 0.153172 0.562236
vt 0.153172 0.535042
vt 0.125212 0.562389
vt 0.122232 0.535707
vt 0.102428 0.563425
vt 0.100213 0.536131
vt 0.064998 0.539859
vt 0.095923 0.503855
vt 0.066696 0.504472
vt 0.184111 0.535707
vt 0.077420 0.564173
vt 0.103721 0.586973
vt 0.077081 0.587136
vt 0.105403 0.611203
vt 0.094273 0.614116
vt 0.125605 0.613685
vt 0.127403 0.587510
vt 0.119772 0.503467
vt 0.556197 0.429096
vt 0.533457 0.468425
vt 0.533455 0.429132
vt 0.607677 0.429072
vt 0.621842 0.469722
vt 0.584342 0.429071
vt 0.587056 0.468482
vt 0.556198 0.468262
vt 0.533460 0.496310
vt 0.556202 0.494935
vt 0.533465 0.528038
vt 0.556206 0.525843
vt 0.533470 0.542492
vt 0.556214 0.541870
vt 0.585146 0.539687
vt 0.597495 0.540811
vt 0.584709 0.523319
vt 0.614365 0.519699
vt 0.619875 0.491419
vt 0.586532 0.493442
vt 0.434716 0.429072
vt 0.458054 0.429071
vt 0.420553 0.469722
vt 0.455339 0.468482
vt 0.455863 0.493442
vt 0.486189 0.494935
vt 0.486151 0.525843
vt 0.508929 0.528038
vt 0.508916 0.542492
vt 0.521198 0.542266
vt 0.521198 0.528002
vt 0.422518 0.491419
vt 0.457686 0.523319
vt 0.428029 0.519699
vt 0.444943 0.540811
vt 0.457249 0.539687
vt 0.486091 0.541870
vt 0.486213 0.468262
vt 0.508945 0.496310
vt 0.153172 0.503637
vt 0.019827 0.255111
vt 0.019801 0.291699
vt 0.040429 0.255111
vt 0.040448 0.291693
vt 0.097392 0.291699
vt 0.019827 0.223249
vt 0.040427 0.223249
vt 0.097194 0.255111
vt 0.158455 0.255111
vt 0.158478 0.291699
vt 0.214261 0.291693
vt 0.282297 0.174397
vt 0.263756 0.174399
vt 0.282297 0.223249
vt 0.263752 0.223249
vt 0.282297 0.255044
vt 0.263748 0.255111
vt 0.282293 0.291699
vt 0.263726 0.291693
vt 0.214392 0.255111
vt 0.158437 0.223249
vt 0.097164 0.223249
vt 0.040423 0.174399
vt 0.019814 0.174399
vt 0.214384 0.223249
vt 0.158440 0.174399
vt 0.097164 0.174399
vt 0.214388 0.174399
vt 0.508960 0.392037
vt 0.153172 0.467057
vt 0.214371 0.126784
vt 0.263763 0.126784
vt 0.282297 0.126778
vt 0.158440 0.126784
vt 0.097179 0.126784
vt 0.040416 0.126784
vt 0.019814 0.126784
vt 0.187573 0.467048
vt 0.214420 0.467053
vt 0.243189 0.467057
vt 0.118770 0.467048
vt 0.091923 0.467053
vt 0.063155 0.467057
vt 0.459424 0.391937
vt 0.486239 0.391995
vt 0.438112 0.391856
vt 0.533454 0.392037
vt 0.556194 0.391995
vt 0.582971 0.391937
vt 0.604282 0.391856
vt 0.802675 0.256060
vt 0.802675 0.276573
vt 0.802675 0.303764
vt 0.802675 0.329658
vt 0.986895 0.256060
vt 0.986895 0.276573
vt 0.986895 0.303764
vt 0.986895 0.329658
vt 0.986464 0.455647
vt 0.986464 0.476515
vt 0.986464 0.504177
vt 0.986465 0.530513
vt 0.798280 0.455647
vt 0.798280 0.476515
vt 0.798280 0.504177
vt 0.798280 0.530513
vt 0.285059 0.751200
vt 0.286698 0.799583
vt 0.319860 0.703255
vt 0.307870 0.756815
vt 0.286146 0.857447
vt 0.307155 0.825478
vt 0.020907 0.799583
vt 0.022547 0.751200
vt 0.735058 0.756815
vt 0.723069 0.703255
vt 0.021459 0.857447
vt 0.735773 0.825478
vt 0.056804 0.672421
vt 0.025480 0.705007
vt 0.097415 0.625977
vt 0.083235 0.648341
vt 0.250795 0.672421
vt 0.282125 0.705007
vt 0.375708 0.615276
vt 0.353651 0.658595
vt 0.213165 0.625977
vt 0.224370 0.648341
vt 0.402121 0.580638
vt 0.414964 0.551359
vt 0.627430 0.551359
vt 0.640808 0.580638
vt 0.667221 0.615276
vt 0.689278 0.658595
vt 0.778361 0.525124
vt 0.745366 0.521559
vt 0.986814 0.342443
vt 0.970802 0.342443
vt 0.916639 0.342468
vt 0.884644 0.342468
vt 0.650999 0.239624
vt 0.627649 0.241247
vt 0.712002 0.544182
vt 0.714494 0.240354
vt 0.732314 0.240836
vt 0.942931 0.342446
vt 0.802594 0.342443
vt 0.818542 0.342448
vt 0.838826 0.342460
vt 0.856631 0.342465
vt 0.691730 0.238008
vt 0.666137 0.238969
vt 0.886370 0.125744
vt 0.853576 0.129212
vt 0.814719 0.543528
vt 0.798388 0.543528
vt 0.902720 0.543552
vt 0.870041 0.543552
vt 0.406758 0.310405
vt 0.383640 0.306712
vt 0.918782 0.147755
vt 0.302512 0.300867
vt 0.320310 0.301925
vt 0.986493 0.543528
vt 0.970253 0.543533
vt 0.949527 0.543544
vt 0.843186 0.543531
vt 0.931332 0.543549
vt 0.368616 0.304723
vt 0.343201 0.301512
vt 0.761461 0.706591
vt 0.761461 0.676941
vt 0.761465 0.645031
vt 0.761469 0.609903
vt 0.761464 0.580001
vt 0.983387 0.802101
vt 0.983382 0.833095
vt 0.983387 0.869504
vt 0.983390 0.902580
vt 0.983390 0.933311
vt 0.763419 0.802101
vt 0.763416 0.833095
vt 0.763419 0.869504
vt 0.763424 0.902580
vt 0.763422 0.933311
vt 0.981830 0.580001
vt 0.981833 0.609903
vt 0.981830 0.645031
vt 0.981825 0.676941
vt 0.981825 0.706591
vt 0.508722 0.258319
vt 0.521198 0.285557
vt 0.521163 0.258249
vt 0.533604 0.258319
vt 0.459907 0.313346
vt 0.469477 0.296498
vt 0.441290 0.325695
vt 0.453218 0.319032
vt 0.420891 0.336765
vt 0.426070 0.327839
vt 0.470237 0.282323
vt 0.480527 0.267676
vt 0.223456 0.338796
vt 0.241648 0.357928
vt 0.274482 0.400224
vt 0.273337 0.409558
vt 0.264272 0.395859
vt 0.035108 0.433812
vt 0.033007 0.409558
vt 0.625039 0.359956
vt 0.621503 0.336765
vt 0.589176 0.319032
vt 0.601104 0.325695
vt 0.575951 0.296498
vt 0.585521 0.313413
vt 0.083932 0.338796
vt 0.086682 0.312351
vt 0.105521 0.298390
vt 0.042072 0.395859
vt 0.053386 0.386967
vt 0.616324 0.327839
vt 0.561799 0.267676
vt 0.572088 0.282323
vt 0.065741 0.357928
vt 0.031857 0.400224
vt 0.271238 0.433812
vt 0.417355 0.359956
vt 0.252959 0.386967
vt 0.201868 0.298390
vt 0.220706 0.312351
vt 0.175374 0.298614
vt 0.153695 0.298703
vt 0.132015 0.298614
vt 0.621664 0.197547
vt 0.584857 0.179151
vt 0.572254 0.141528
vt 0.626643 0.018715
vt 0.599329 0.035540
vt 0.577181 0.062673
vt 0.761962 0.141528
vt 0.749359 0.179151
vt 0.712550 0.197547
vt 0.757033 0.062673
vt 0.734887 0.035540
vt 0.707573 0.018715
vt 0.013578 0.976277
vt 0.020673 0.923820
vt 0.308690 0.983154
vt 0.311256 0.966488
vt 0.353141 0.983281
vt 0.390216 0.979364
vt 0.479349 0.976701
vt 0.443317 0.976098
vt 0.294027 0.976277
vt 0.286932 0.923820
vt 0.293572 0.986451
vt 0.248295 0.982982
vt 0.207313 0.980176
vt 0.153952 0.979439
vt 0.100590 0.980176
vt 0.571734 0.102078
vt 0.306984 0.904241
vt 0.059607 0.982982
vt 0.014033 0.986451
vt 0.734238 0.983154
vt 0.689787 0.983281
vt 0.731672 0.966488
vt 0.652712 0.979364
vt 0.563543 0.976701
vt 0.599135 0.976097
vt 0.667107 0.204117
vt 0.735945 0.904241
vt 0.762482 0.102078
vt 0.682808 0.015618
vt 0.667019 0.015630
vt 0.651413 0.015618
vt 0.503320 0.976086
vt 0.521343 0.976087
vt 0.539576 0.976086
vt 0.949130 0.759330
vt 0.981824 0.759329
vt 0.981822 0.736429
vt 0.761459 0.759329
vt 0.782653 0.759332
vt 0.761457 0.736429
vt 0.255948 0.376440
vt 0.274482 0.373348
vt 0.260076 0.380584
vt 0.274482 0.379152
vt 0.274482 0.395011
vt 0.267618 0.391954
vt 0.438539 0.321933
vt 0.425699 0.322855
vt 0.435997 0.305946
vt 0.454283 0.311862
vt 0.434268 0.311695
vt 0.449859 0.313747
vt 0.763427 0.964239
vt 0.763426 0.987975
vt 0.796049 0.987976
vt 0.962244 0.987978
vt 0.983393 0.964239
vt 0.983392 0.987975
vt 0.031846 0.379152
vt 0.031844 0.373348
vt 0.046268 0.380584
vt 0.050397 0.376440
vt 0.038726 0.391954
vt 0.031857 0.395011
vt 0.616694 0.322855
vt 0.603854 0.321933
vt 0.592535 0.313747
vt 0.588111 0.311862
vt 0.608125 0.311695
vt 0.606397 0.305946
vt 0.592357 0.316925
vt 0.809456 0.759337
vt 0.841971 0.759347
vt 0.046270 0.386811
vt 0.869818 0.759357
vt 0.897726 0.759364
vt 0.926677 0.759339
vt 0.450037 0.316925
vt 0.260075 0.386811
vt 0.818491 0.987985
vt 0.847419 0.988011
vt 0.875267 0.988004
vt 0.903053 0.987993
vt 0.935498 0.987981
vt 0.942927 0.178772
vt 0.916636 0.178772
vt 0.970803 0.178772
vt 0.970805 0.173671
vt 0.942927 0.173671
vt 0.916636 0.173671
vt 0.802677 0.193358
vt 0.818563 0.178772
vt 0.802677 0.178772
vt 0.818561 0.173671
vt 0.802677 0.173671
vt 0.838826 0.178772
vt 0.838826 0.173671
vt 0.986899 0.173671
vt 0.986899 0.178772
vt 0.986897 0.193358
vt 0.856634 0.178772
vt 0.856634 0.173671
vt 0.802675 0.235263
vt 0.802677 0.214214
vt 0.986897 0.235263
vt 0.986897 0.214214
vt 0.884786 0.178772
vt 0.884928 0.173670
vt 0.843190 0.366120
vt 0.843190 0.371296
vt 0.814715 0.366133
vt 0.814717 0.371277
vt 0.870043 0.371351
vt 0.870045 0.366116
vt 0.949525 0.371267
vt 0.931328 0.371416
vt 0.949525 0.366123
vt 0.931327 0.366113
vt 0.798276 0.366133
vt 0.798276 0.371258
vt 0.798276 0.386136
vt 0.970231 0.371230
vt 0.986464 0.386136
vt 0.986464 0.371258
vt 0.970234 0.366130
vt 0.986464 0.366133
vt 0.986464 0.434451
vt 0.986464 0.413090
vt 0.798278 0.434451
vt 0.798278 0.413090
vt 0.902574 0.371436
vt 0.902428 0.366107
vt 0.763327 0.772333
vt 0.763490 0.781641
vt 0.763424 0.792316
vt 0.981921 0.551282
vt 0.981759 0.560262
vt 0.981825 0.570562
vt 0.761459 0.570562
vt 0.761399 0.560262
vt 0.761550 0.551282
vt 0.983302 0.772333
vt 0.983451 0.781641
vt 0.983392 0.792316
vt 0.266782 0.505634
vt 0.264554 0.539297
vt 0.402310 0.460822
vt 0.409037 0.429028
vt 0.237645 0.565476
vt 0.243131 0.553119
vt 0.411653 0.509836
vt 0.401119 0.512378
vt 0.403507 0.522026
vt 0.242281 0.592318
vt 0.242281 0.582228
vt 0.242016 0.578673
vt 0.396492 0.472627
vt 0.402559 0.474075
vt 0.264553 0.551643
vt 0.041808 0.539297
vt 0.039573 0.505634
vt 0.633357 0.429028
vt 0.640084 0.460822
vt 0.063212 0.553119
vt 0.068698 0.565476
vt 0.638887 0.522026
vt 0.641275 0.512378
vt 0.630741 0.509836
vt 0.064327 0.578673
vt 0.064096 0.582228
vt 0.064097 0.592318
vt 0.639835 0.474075
vt 0.645902 0.472627
vt 0.041816 0.551643
vt 0.629678 0.490641
vt 0.411469 0.540635
vt 0.076386 0.615760
vt 0.229989 0.615760
vt 0.412716 0.490641
vt 0.630924 0.540635
vt 0.629548 0.391798
vt 0.267896 0.467113
vt 0.412845 0.391798
vt 0.038455 0.467113
vt 0.297372 0.081515
vt 0.297355 0.035409
vt 0.297364 0.003467
vt 0.008249 0.003467
vt 0.008249 0.035409
vt 0.008249 0.081579
vt 0.523455 0.354340
vt 0.523455 0.319882
vt 0.521198 0.300127
vt 0.521198 0.429130
vt 0.297357 0.255111
vt 0.297361 0.291770
vt 0.008275 0.291710
vt 0.008249 0.255111
vt 0.297385 0.174412
vt 0.297387 0.223197
vt 0.008249 0.174399
vt 0.008249 0.223249
vt 0.521198 0.468343
vt 0.521198 0.496196
vt 0.523455 0.391305
vt 0.297381 0.126828
vt 0.008249 0.126784
s 1
usemtl Material.004
f 1/1/1 2/2/2 3/3/3
f 2/2/2 4/4/4 3/3/3
f 3/3/3 4/4/4 5/5/5
f 4/4/4 6/6/6 5/5/5
f 5/5/5 6/6/6 7/7/7
f 6/6/6 8/8/8 7/7/7
f 8/8/8 6/6/6 9/9/9
f 6/6/6 10/10/10 9/9/9
f 9/9/9 10/10/10 11/11/11
f 10/10/10 12/12/12 11/11/11
f 12/12/12 13/13/13 11/11/11
f 11/11/11 13/13/13 14/14/14
f 13/13/13 15/15/15 14/14/14
f 14/14/14 15/15/15 16/16/16
f 15/15/15 17/17/17 16/16/16
f 16/16/16 17/17/17 18/18/18
f 10/10/10 19/19/19 12/12/12
f 19/19/19 20/20/20 12/12/12
f 20/20/20 21/21/21 12/12/12
f 12/12/12 21/21/21 13/13/13
f 21/21/21 22/22/22 13/13/13
f 13/13/13 22/22/22 15/15/15
f 15/15/15 22/22/22 17/17/17
f 22/22/22 23/23/23 17/17/17
f 6/6/6 4/4/4 10/10/10
f 10/10/10 4/4/4 19/19/19
f 4/4/4 2/2/2 19/19/19
f 2/2/2 24/24/24 19/19/19
f 19/19/19 24/24/24 20/20/20
f 24/24/24 25/25/25 20/20/20
f 20/20/20 25/25/25 21/21/21
f 25/25/25 26/26/26 21/21/21
f 26/26/26 27/27/27 21/21/21
f 21/21/21 27/27/27 22/22/22
f 22/22/22 27/27/27 23/23/23
f 27/27/27 28/28/28 23/23/23
f 29/29/29 30/30/30 31/31/31
f 31/31/31 30/30/30 32/32/32
f 30/30/30 33/33/33 32/32/32
f 32/32/32 33/33/33 34/34/34
f 33/33/33 35/35/35 34/34/34
f 34/34/34 35/35/35 36/36/36
f 37/37/37 38/38/38 39/39/39
f 38/38/38 40/40/40 39/39/39
f 39/39/39 40/40/40 41/41/41
f 40/40/40 42/42/42 41/41/41
f 41/41/41 42/42/42 43/43/43
f 42/42/42 44/44/44 43/43/43
f 44/44/44 45/45/45 43/43/43
f 43/43/43 45/45/45 46/46/46
f 45/45/45 34/34/34 46/46/46
f 46/46/46 34/34/34 36/36/36
f 45/45/45 44/44/44 47/47/47
f 47/47/47 44/44/44 48/48/48
f 48/48/48 44/44/44 49/49/49
f 44/44/44 42/42/42 49/49/49
f 49/49/49 42/42/42 50/50/50
f 42/42/42 40/40/40 50/50/50
f 40/40/40 38/38/38 50/50/50
f 50/50/50 38/38/38 51/51/51
f 34/34/34 45/45/45 32/32/32
f 45/45/45 47/47/47 32/32/32
f 32/32/32 47/47/47 31/31/31
f 31/31/31 47/47/47 52/52/52
f 47/47/47 48/48/48 52/52/52
f 52/52/52 48/48/48 53/53/53
f 48/48/48 49/49/49 53/53/53
f 53/53/53 49/49/49 54/54/54
f 54/54/54 49/49/49 55/55/55
f 49/49/49 50/50/50 55/55/55
f 50/50/50 51/51/51 55/55/55
f 55/55/55 51/51/51 56/56/56
f 57/57/57 58/58/58 59/59/59
f 58/58/58 57/57/57 60/60/60
f 61/61/61 58/58/58 60/60/60
f 58/58/58 61/61/61 62/62/62
f 63/63/63 64/64/64 65/65/65
f 64/64/64 66/66/66 65/65/65
f 65/65/65 66/66/66 67/67/67
f 63/63/63 68/68/68 64/64/64
f 68/68/68 69/69/69 64/64/64
f 64/64/64 69/69/69 70/70/70
f 69/69/69 71/71/71 70/70/70
f 70/70/70 71/71/71 72/72/72
f 71/71/71 73/73/73 72/72/72
f 72/72/72 73/73/73 74/74/74
f 73/73/73 75/75/75 74/74/74
f 74/74/74 75/75/75 76/76/76
f 76/76/76 75/75/75 77/77/77
f 75/75/75 78/78/78 77/77/77
f 77/77/77 78/78/78 79/79/79
f 78/78/78 80/80/80 79/79/79
f 79/79/79 80/80/80 81/81/81
f 80/80/80 82/82/82 81/81/81
f 81/81/81 82/82/82 83/83/83
f 83/83/83 82/82/82 84/84/84
f 82/82/82 85/85/85 84/84/84
f 85/85/85 86/86/86 84/84/84
f 86/86/86 87/87/87 84/84/84
f 84/84/84 87/87/87 83/83/83
f 87/87/87 88/88/88 83/83/83
f 83/83/83 88/88/88 89/89/89
f 88/88/88 90/90/90 89/89/89
f 85/85/85 82/82/82 91/91/91
f 82/82/82 80/80/80 91/91/91
f 91/91/91 80/80/80 92/92/92
f 92/92/92 80/80/80 93/93/93
f 80/80/80 78/78/78 93/93/93
f 78/78/78 75/75/75 93/93/93
f 93/93/93 75/75/75 94/94/94
f 94/94/94 75/75/75 95/95/95
f 75/75/75 73/73/73 95/95/95
f 73/73/73 71/71/71 95/95/95
f 95/95/95 71/71/71 96/96/96
f 96/96/96 71/71/71 97/97/97
f 71/71/71 69/69/69 97/97/97
f 97/97/97 69/69/69 98/98/98
f 69/69/69 68/68/68 98/98/98
f 98/98/98 68/68/68 99/99/99
f 68/68/68 63/63/63 99/99/99
f 100/100/100 101/101/101 102/102/102
f 101/101/101 103/103/103 102/102/102
f 103/103/103 104/104/104 102/102/102
f 102/102/102 104/104/104 105/105/105
f 106/106/106 107/107/107 108/108/108
f 107/107/107 109/109/109 108/108/108
f 108/108/108 109/109/109 110/110/110
f 109/109/109 111/111/111 110/110/110
f 110/110/110 111/111/111 112/112/112
f 111/111/111 113/113/113 112/112/112
f 112/112/112 113/113/113 114/114/114
f 113/113/113 104/104/104 114/114/114
f 104/104/104 103/103/103 114/114/114
f 103/103/103 115/115/115 114/114/114
f 114/114/114 115/115/115 112/112/112
f 115/115/115 116/116/116 112/112/112
f 116/116/116 117/117/117 112/112/112
f 112/112/112 117/117/117 110/110/110
f 117/117/117 118/118/118 110/110/110
f 110/110/110 118/118/118 108/108/108
f 118/118/118 119/119/119 108/108/108
f 108/108/108 119/119/119 106/106/106
f 120/120/120 121/121/121 122/122/122
f 121/121/121 123/123/123 122/122/122
f 122/122/122 123/123/123 124/124/124
f 123/123/123 125/125/125 124/124/124
f 124/124/124 125/125/125 101/101/101
f 101/101/101 125/125/125 103/103/103
f 103/103/103 125/125/125 115/115/115
f 125/125/125 123/123/123 115/115/115
f 115/115/115 123/123/123 116/116/116
f 116/116/116 123/123/123 117/117/117
f 123/123/123 121/121/121 117/117/117
f 117/117/117 121/121/121 118/118/118
f 118/118/118 121/121/121 126/126/126
f 121/121/121 120/120/120 126/126/126
f 120/120/120 127/127/127 126/126/126
f 127/127/127 128/128/128 126/126/126
f 128/128/128 129/129/129 126/126/126
f 126/126/126 129/129/129 118/118/118
f 129/129/129 130/130/130 118/118/118
f 130/130/130 119/119/119 118/118/118
f 131/131/131 132/132/132 133/133/133
f 132/132/132 134/134/134 133/133/133
f 133/133/133 134/134/134 135/135/135
f 136/136/136 137/137/137 134/134/134
f 134/134/134 137/137/137 135/135/135
f 137/137/137 138/138/138 135/135/135
f 138/138/138 139/139/139 135/135/135
f 135/135/135 139/139/139 133/133/133
f 139/139/139 140/140/140 133/133/133
f 140/140/140 141/141/141 133/133/133
f 133/133/133 141/141/141 142/142/142
f 141/141/141 143/143/143 142/142/142
f 142/142/142 143/143/143 144/144/144
f 143/143/143 145/145/145 144/144/144
f 144/144/144 145/145/145 146/146/146
f 145/145/145 147/147/147 146/146/146
f 146/146/146 147/147/147 148/148/148
f 147/147/147 149/149/149 148/148/148
f 149/149/149 150/150/150 148/148/148
f 150/150/150 151/151/151 148/148/148
f 148/148/148 151/151/151 146/146/146
f 151/151/151 152/152/152 146/146/146
f 152/152/152 153/153/153 146/146/146
f 146/146/146 153/153/153 144/144/144
f 144/144/144 153/153/153 142/142/142
f 153/153/153 131/131/131 142/142/142
f 142/142/142 131/131/131 133/133/133
f 90/90/90 155/154/154 154/155/155
f 154/155/155 155/154/154 140/140/140
f 140/140/140 155/154/154 141/141/141
f 155/154/154 156/156/156 141/141/141
f 141/141/141 156/156/156 143/143/143
f 156/156/156 157/157/157 143/143/143
f 143/143/143 157/157/157 145/145/145
f 157/157/157 158/158/158 145/145/145
f 145/145/145 158/158/158 147/147/147
f 158/158/158 159/159/159 147/147/147
f 147/147/147 159/159/159 160/160/160
f 160/160/160 159/159/159 161/161/161
f 159/159/159 158/158/158 161/161/161
f 161/161/161 158/158/158 162/162/162
f 158/158/158 157/157/157 162/162/162
f 162/162/162 157/157/157 86/86/86
f 157/157/157 156/156/156 86/86/86
f 86/86/86 156/156/156 87/87/87
f 156/156/156 155/154/154 87/87/87
f 87/87/87 155/154/154 88/88/88
f 155/154/154 90/90/90 88/88/88
f 161/161/161 162/162/162 163/163/163
f 162/162/162 86/86/86 163/163/163
f 163/163/163 86/86/86 164/164/164
f 86/86/86 85/85/85 164/164/164
f 85/85/85 91/91/91 164/164/164
f 164/164/164 91/91/91 165/165/165
f 91/91/91 92/92/92 165/165/165
f 165/165/165 92/92/92 166/166/166
f 92/92/92 160/160/160 166/166/166
f 160/160/160 161/161/161 166/166/166
f 166/166/166 161/161/161 165/165/165
f 165/165/165 161/161/161 164/164/164
f 161/161/161 163/163/163 164/164/164
f 167/167/167 168/168/168 169/169/169
f 168/168/168 149/149/149 169/169/169
f 169/169/169 149/149/149 170/170/170
f 149/149/149 147/147/147 170/170/170
f 147/147/147 160/160/160 170/170/170
f 160/160/160 92/92/92 170/170/170
f 170/170/170 92/92/92 169/169/169
f 92/92/92 93/93/93 169/169/169
f 93/93/93 94/94/94 169/169/169
f 169/169/169 94/94/94 167/167/167
f 94/94/94 171/171/171 167/167/167
f 167/167/167 171/171/171 168/168/168
f 168/168/168 171/171/171 172/172/172
f 171/171/171 173/173/173 172/172/172
f 172/172/172 173/173/173 174/174/174
f 174/174/174 173/173/173 175/175/175
f 175/175/175 173/173/173 96/96/96
f 173/173/173 171/171/171 96/96/96
f 96/96/96 171/171/171 95/95/95
f 171/171/171 94/94/94 95/95/95
f 150/150/150 149/149/149 176/176/176
f 149/149/149 168/168/168 176/176/176
f 168/168/168 172/172/172 176/176/176
f 176/176/176 172/172/172 177/177/177
f 177/177/177 172/172/172 178/178/178
f 172/172/172 174/174/174 178/178/178
f 178/178/178 174/174/174 179/179/179
f 174/174/174 180/180/180 179/179/179
f 180/180/180 181/181/181 179/179/179
f 181/181/181 182/182/182 179/179/179
f 182/182/182 183/183/183 179/179/179
f 183/183/183 184/184/184 179/179/179
f 179/179/179 184/184/184 178/178/178
f 178/178/178 184/184/184 177/177/177
f 184/184/184 185/185/185 177/177/177
f 177/177/177 185/185/185 176/176/176
f 185/185/185 186/186/186 176/176/176
f 186/186/186 187/187/187 176/176/176
f 176/176/176 187/187/187 150/150/150
f 187/187/187 151/151/151 150/150/150
f 188/188/188 136/136/136 189/189/189
f 136/136/136 134/134/134 189/189/189
f 189/189/189 134/134/134 190/190/190
f 134/134/134 132/132/132 190/190/190
f 190/190/190 132/132/132 191/191/191
f 132/132/132 131/131/131 191/191/191
f 191/191/191 131/131/131 192/192/192
f 192/192/192 131/131/131 193/193/193
f 131/131/131 153/153/153 193/193/193
f 153/153/153 152/152/152 193/193/193
f 193/193/193 152/152/152 194/194/194
f 194/194/194 152/152/152 195/195/195
f 152/152/152 151/151/151 195/195/195
f 151/151/151 187/187/187 195/195/195
f 195/195/195 187/187/187 196/196/196
f 187/187/187 186/186/186 196/196/196
f 196/196/196 186/186/186 197/197/197
f 197/197/197 186/186/186 198/198/198
f 186/186/186 185/185/185 198/198/198
f 198/198/198 185/185/185 199/199/199
f 185/185/185 184/184/184 199/199/199
f 184/184/184 183/183/183 199/199/199
f 199/199/199 183/183/183 200/200/200
f 183/183/183 201/201/201 200/200/200
f 198/198/198 202/202/202 197/197/197
f 197/197/197 202/202/202 196/196/196
f 202/202/202 203/203/203 196/196/196
f 203/203/203 204/204/204 196/196/196
f 196/196/196 204/204/204 195/195/195
f 195/195/195 204/204/204 194/194/194
f 204/204/204 205/205/205 194/194/194
f 194/194/194 205/205/205 193/193/193
f 205/205/205 206/206/206 193/193/193
f 193/193/193 206/206/206 192/192/192
f 206/206/206 207/207/207 192/192/192
f 192/192/192 207/207/207 191/191/191
f 207/207/207 208/208/208 191/191/191
f 191/191/191 208/208/208 190/190/190
f 208/208/208 209/209/209 190/190/190
f 209/209/209 210/210/210 190/190/190
f 190/190/190 210/210/210 189/189/189
f 210/210/210 211/211/211 189/189/189
f 189/189/189 211/211/211 188/188/188
f 211/211/211 212/212/212 188/188/188
f 188/188/188 212/212/212 213/213/213
f 213/213/213 212/212/212 214/214/214
f 212/212/212 215/215/215 214/214/214
f 215/215/215 216/216/216 214/214/214
f 202/202/202 198/198/198 217/217/217
f 217/217/217 198/198/198 218/218/218
f 198/198/198 199/199/199 218/218/218
f 199/199/199 200/200/200 218/218/218
f 218/218/218 200/200/200 219/219/219
f 200/200/200 201/201/201 219/219/219
f 219/219/219 201/201/201 220/220/220
f 201/201/201 221/221/221 220/220/220
f 220/220/220 221/221/221 222/222/222
f 221/221/221 223/223/223 222/222/222
f 222/222/222 223/223/223 224/224/224
f 223/223/223 225/225/225 224/224/224
f 224/224/224 225/225/225 226/226/226
f 226/226/226 225/225/225 227/227/227
f 225/225/225 228/228/228 227/227/227
f 227/227/227 228/228/228 229/229/229
f 228/228/228 230/230/230 229/229/229
f 229/229/229 230/230/230 216/216/216
f 230/230/230 231/231/231 216/216/216
f 216/216/216 231/231/231 214/214/214
f 231/231/231 232/232/232 214/214/214
f 214/214/214 232/232/232 213/213/213
f 232/232/232 233/233/233 213/213/213
f 213/213/213 233/233/233 188/188/188
f 183/183/183 182/182/182 201/201/201
f 182/182/182 234/234/234 201/201/201
f 201/201/201 234/234/234 221/221/221
f 221/221/221 234/234/234 223/223/223
f 234/234/234 235/235/235 223/223/223
f 223/223/223 235/235/235 225/225/225
f 235/235/235 236/236/236 225/225/225
f 225/225/225 236/236/236 228/228/228
f 236/236/236 237/237/237 228/228/228
f 228/228/228 237/237/237 230/230/230
f 237/237/237 238/238/238 230/230/230
f 238/238/238 239/239/239 230/230/230
f 230/230/230 239/239/239 231/231/231
f 231/231/231 239/239/239 232/232/232
f 239/239/239 240/240/240 232/232/232
f 232/232/232 240/240/240 241/241/241
f 240/240/240 242/242/242 241/241/241
f 242/242/242 243/243/243 241/241/241
f 241/241/241 243/243/243 232/232/232
f 243/243/243 233/233/233 232/232/232
f 244/244/244 245/245/245 246/246/246
f 245/245/245 247/247/247 246/246/246
f 246/246/246 247/247/247 236/236/236
f 236/236/236 247/247/247 237/237/237
f 247/247/247 248/248/248 237/237/237
f 237/237/237 248/248/248 238/238/238
f 238/238/238 248/248/248 239/239/239
f 239/239/239 248/248/248 240/240/240
f 248/248/248 249/249/249 240/240/240
f 240/240/240 249/249/249 242/242/242
f 242/242/242 249/249/249 250/250/250
f 249/249/249 251/251/251 250/250/250
f 250/250/250 251/251/251 252/252/252
f 251/251/251 253/253/253 252/252/252
f 252/252/252 253/253/253 254/254/254
f 254/254/254 253/253/253 255/255/255
f 255/255/255 253/253/253 256/256/256
f 256/256/256 253/253/253 257/257/257
f 253/253/253 251/251/251 257/257/257
f 257/257/257 251/251/251 258/258/258
f 258/258/258 251/251/251 245/245/245
f 251/251/251 249/249/249 245/245/245
f 245/245/245 249/249/249 247/247/247
f 249/249/249 248/248/248 247/247/247
f 259/259/259 260/260/260 254/254/254
f 254/254/254 260/260/260 252/252/252
f 260/260/260 261/261/261 252/252/252
f 252/252/252 261/261/261 250/250/250
f 261/261/261 262/262/262 250/250/250
f 250/250/250 262/262/262 242/242/242
f 242/242/242 262/262/262 243/243/243
f 262/262/262 263/263/263 243/243/243
f 243/243/243 263/263/263 233/233/233
f 263/263/263 264/264/264 233/233/233
f 233/233/233 264/264/264 188/188/188
f 188/188/188 264/264/264 136/136/136
f 264/264/264 263/263/263 136/136/136
f 136/136/136 263/263/263 137/137/137
f 263/263/263 262/262/262 137/137/137
f 137/137/137 262/262/262 138/138/138
f 262/262/262 261/261/261 138/138/138
f 138/138/138 261/261/261 265/265/265
f 265/265/265 261/261/261 266/266/266
f 261/261/261 260/260/260 266/266/266
f 266/266/266 260/260/260 267/267/267
f 260/260/260 259/259/259 267/267/267
f 268/268/268 269/269/269 270/270/270
f 269/269/269 271/271/271 270/270/270
f 271/271/271 58/58/58 270/270/270
f 270/270/270 58/58/58 62/62/62
f 59/59/59 58/58/58 272/272/272
f 58/58/58 271/271/271 272/272/272
f 271/271/271 269/269/269 272/272/272
f 272/272/272 269/269/269 273/273/273
f 269/269/269 274/274/274 273/273/273
f 273/273/273 274/274/274 275/275/275
f 276/276/276 202/277/202 274/274/274
f 202/277/202 217/278/217 274/274/274
f 274/274/274 217/278/217 275/275/275
f 217/278/217 218/279/218 275/275/275
f 218/279/218 219/280/219 275/275/275
f 219/280/219 277/281/277 275/275/275
f 275/275/275 277/281/277 273/273/273
f 277/281/277 278/282/278 273/273/273
f 273/273/273 278/282/278 272/272/272
f 278/282/278 279/283/279 272/272/272
f 272/272/272 279/283/279 59/59/59
f 279/283/279 280/284/280 59/59/59
f 280/284/280 281/285/281 59/59/59
f 59/59/59 281/285/281 57/57/57
f 57/57/57 281/285/281 282/286/282
f 281/285/281 283/287/283 282/286/282
f 283/287/283 226/288/226 282/286/282
f 226/288/226 227/289/227 282/286/282
f 227/289/227 229/290/229 282/286/282
f 229/290/229 284/291/284 282/286/282
f 282/286/282 284/291/284 57/57/57
f 57/57/57 284/291/284 60/60/60
f 60/60/60 284/291/284 285/292/285
f 284/291/284 229/290/229 285/292/285
f 229/290/229 216/293/216 285/292/285
f 216/293/216 215/294/215 285/292/285
f 215/294/215 212/295/212 285/292/285
f 212/295/212 211/296/211 285/292/285
f 211/296/211 286/297/286 285/292/285
f 285/292/285 286/297/286 60/60/60
f 60/60/60 286/297/286 61/61/61
f 61/61/61 286/297/286 287/298/287
f 286/297/286 211/296/211 287/298/287
f 211/296/211 210/299/210 287/298/287
f 210/299/210 209/300/209 287/298/287
f 209/300/209 288/301/288 287/298/287
f 288/301/288 289/302/289 287/298/287
f 287/298/287 289/302/289 61/61/61
f 289/302/289 62/62/62 61/61/61
f 205/303/205 290/304/290 206/305/206
f 290/304/290 291/306/291 206/305/206
f 206/305/206 291/306/291 207/307/207
f 291/306/291 292/308/292 207/307/207
f 207/307/207 292/308/292 208/309/208
f 292/308/292 293/310/293 208/309/208
f 208/309/208 293/310/293 209/300/209
f 209/300/209 293/310/293 288/301/288
f 293/310/293 294/311/294 288/301/288
f 288/301/288 294/311/294 289/302/289
f 294/311/294 295/312/295 289/302/289
f 289/302/289 295/312/295 62/62/62
f 295/312/295 296/313/296 62/62/62
f 62/62/62 296/313/296 270/270/270
f 296/313/296 297/314/297 270/270/270
f 270/270/270 297/314/297 268/268/268
f 297/314/297 290/304/290 268/268/268
f 268/268/268 290/304/290 298/315/298
f 290/304/290 205/303/205 298/315/298
f 205/303/205 204/316/204 298/315/298
f 204/316/204 203/317/203 298/315/298
f 298/315/298 203/317/203 299/318/299
f 203/317/203 202/277/202 299/318/299
f 299/318/299 202/277/202 276/276/276
f 295/312/295 294/311/294 300/319/300
f 294/311/294 293/310/293 300/319/300
f 300/319/300 293/310/293 301/320/301
f 293/310/293 292/308/292 301/320/301
f 301/320/301 292/308/292 302/321/302
f 292/308/292 291/306/291 302/321/302
f 291/306/291 290/304/290 302/321/302
f 290/304/290 297/314/297 302/321/302
f 302/321/302 297/314/297 301/320/301
f 297/314/297 296/313/296 301/320/301
f 301/320/301 296/313/296 300/319/300
f 296/313/296 295/312/295 300/319/300
f 274/274/274 269/269/269 276/276/276
f 276/276/276 269/269/269 299/318/299
f 269/269/269 268/268/268 299/318/299
f 299/318/299 268/268/268 298/315/298
f 303/322/303 304/323/304 305/324/305
f 304/323/304 306/325/306 305/324/305
f 306/325/306 99/99/99 305/324/305
f 305/324/305 99/99/99 303/322/303
f 99/99/99 306/325/306 98/98/98
f 98/98/98 306/325/306 97/97/97
f 306/325/306 307/326/307 97/97/97
f 97/97/97 307/326/307 96/96/96
f 307/326/307 308/327/308 96/96/96
f 96/96/96 308/327/308 175/175/175
f 175/175/175 308/327/308 304/323/304
f 308/327/308 307/326/307 304/323/304
f 304/323/304 307/326/307 306/325/306
f 309/328/309 310/329/310 67/67/67
f 67/67/67 310/329/310 65/65/65
f 65/65/65 310/329/310 63/63/63
f 310/329/310 311/330/311 63/63/63
f 63/63/63 311/330/311 99/99/99
f 311/330/311 312/331/312 99/99/99
f 99/99/99 312/331/312 303/322/303
f 312/331/312 313/332/313 303/322/303
f 303/322/303 313/332/313 304/323/304
f 313/332/313 314/333/314 304/323/304
f 304/323/304 314/333/314 175/175/175
f 175/175/175 314/333/314 174/174/174
f 314/333/314 313/332/313 174/174/174
f 174/174/174 313/332/313 180/180/180
f 313/332/313 312/331/312 180/180/180
f 180/180/180 312/331/312 315/334/315
f 312/331/312 311/330/311 315/334/315
f 315/334/315 311/330/311 316/335/316
f 311/330/311 310/329/310 316/335/316
f 316/335/316 310/329/310 317/336/317
f 310/329/310 309/328/309 317/336/317
f 180/180/180 315/334/315 181/181/181
f 315/334/315 318/337/318 181/181/181
f 181/181/181 318/337/318 182/182/182
f 182/182/182 318/337/318 234/234/234
f 318/337/318 319/338/319 234/234/234
f 234/234/234 319/338/319 235/235/235
f 235/235/235 319/338/319 236/236/236
f 236/236/236 319/338/319 246/246/246
f 246/246/246 319/338/319 244/244/244
f 244/244/244 319/338/319 317/336/317
f 317/336/317 319/338/319 316/335/316
f 319/338/319 318/337/318 316/335/316
f 316/335/316 318/337/318 315/334/315
f 219/280/219 220/339/220 277/281/277
f 277/281/277 220/339/220 320/340/320
f 220/339/220 222/341/222 320/340/320
f 320/340/320 222/341/222 321/342/321
f 222/341/222 224/343/224 321/342/321
f 321/342/321 224/343/224 322/344/322
f 224/343/224 226/288/226 322/344/322
f 226/288/226 283/287/283 322/344/322
f 322/344/322 283/287/283 323/345/323
f 283/287/283 281/285/281 323/345/323
f 281/285/281 280/284/280 323/345/323
f 323/345/323 280/284/280 324/346/324
f 280/284/280 279/283/279 324/346/324
f 324/346/324 279/283/279 325/347/325
f 279/283/279 278/282/278 325/347/325
f 325/347/325 278/282/278 326/348/326
f 278/282/278 277/281/277 326/348/326
f 277/281/277 320/340/320 326/348/326
f 320/340/320 321/342/321 326/348/326
f 326/348/326 321/342/321 325/347/325
f 321/342/321 322/344/322 325/347/325
f 325/347/325 322/344/322 324/346/324
f 322/344/322 323/345/323 324/346/324
f 327/349/327 328/350/328 329/351/329
f 328/350/328 330/352/330 329/351/329
f 331/353/331 332/354/332 333/355/333
f 333/355/333 332/354/332 334/356/334
f 332/354/332 335/357/335 334/356/334
f 335/357/335 336/358/336 334/356/334
f 334/356/334 336/358/336 337/359/337
f 336/358/336 338/360/338 337/359/337
f 337/359/337 338/360/338 339/361/339
f 339/361/339 338/360/338 340/362/340
f 338/360/338 341/363/341 340/362/340
f 340/362/340 341/363/341 330/352/330
f 330/352/330 341/363/341 329/351/329
f 341/363/341 338/360/338 329/351/329
f 338/360/338 336/358/336 329/351/329
f 336/358/336 335/357/335 329/351/329
f 329/351/329 335/357/335 327/349/327
f 335/357/335 342/364/342 327/349/327
f 327/349/327 342/364/342 343/365/343
f 342/364/342 344/366/344 343/365/343
f 343/365/343 344/366/344 345/367/345
f 345/367/345 344/366/344 346/368/346
f 344/366/344 347/369/347 346/368/346
f 331/353/331 348/370/348 332/354/332
f 348/370/348 349/371/349 332/354/332
f 349/371/349 350/372/350 332/354/332
f 350/372/350 351/373/351 332/354/332
f 332/354/332 351/373/351 335/357/335
f 351/373/351 352/374/352 335/357/335
f 335/357/335 352/374/352 342/364/342
f 352/374/352 353/375/353 342/364/342
f 342/364/342 353/375/353 344/366/344
f 344/366/344 353/375/353 347/369/347
f 353/375/353 354/376/354 347/369/347
f 348/370/348 331/353/331 349/371/349
f 331/353/331 355/377/355 349/371/349
f 349/371/349 355/377/355 350/372/350
f 355/377/355 356/378/356 350/372/350
f 356/378/356 357/379/357 350/372/350
f 350/372/350 357/379/357 351/373/351
f 357/379/357 358/380/358 351/373/351
f 351/373/351 358/380/358 352/374/352
f 358/380/358 359/381/359 352/374/352
f 352/374/352 359/381/359 353/375/353
f 359/381/359 360/382/360 353/375/353
f 353/375/353 360/382/360 361/383/361
f 360/382/360 362/384/362 361/383/361
f 361/383/361 362/384/362 363/385/363
f 362/384/362 364/386/364 363/385/363
f 363/385/363 364/386/364 365/387/365
f 364/386/364 366/388/366 365/387/365
f 366/388/366 367/389/367 365/387/365
f 365/387/365 367/389/367 363/385/363
f 367/389/367 368/390/368 363/385/363
f 363/385/363 368/390/368 361/383/361
f 368/390/368 369/391/369 361/383/361
f 361/383/361 369/391/369 353/375/353
f 369/391/369 354/376/354 353/375/353
f 346/368/346 370/392/370 345/367/345
f 370/392/370 371/393/371 345/367/345
f 345/367/345 371/393/371 343/365/343
f 371/393/371 372/394/372 343/365/343
f 343/365/343 372/394/372 327/349/327
f 372/394/372 373/395/373 327/349/327
f 327/349/327 373/395/373 374/396/374
f 373/395/373 375/397/375 374/396/374
f 375/397/375 376/398/376 374/396/374
f 374/396/374 376/398/376 377/399/377
f 376/398/376 378/400/378 377/399/377
f 377/399/377 378/400/378 379/401/379
f 378/400/378 380/402/380 379/401/379
f 380/402/380 381/403/381 379/401/379
f 379/401/379 381/403/381 382/404/382
f 381/403/381 328/350/328 382/404/382
f 328/350/328 327/349/327 382/404/382
f 327/349/327 374/396/374 382/404/382
f 382/404/382 374/396/374 379/401/379
f 374/396/374 377/399/377 379/401/379
f 371/393/371 383/405/383 372/394/372
f 383/405/383 384/406/384 372/394/372
f 372/394/372 384/406/384 373/395/373
f 384/406/384 385/407/385 373/395/373
f 385/407/385 386/408/386 373/395/373
f 373/395/373 386/408/386 387/409/387
f 387/409/387 386/408/386 388/410/388
f 386/408/386 389/411/389 388/410/388
f 388/410/388 389/411/389 390/412/390
f 389/411/389 386/408/386 390/412/390
f 390/412/390 386/408/386 391/413/391
f 391/413/391 386/408/386 392/414/392
f 386/408/386 385/407/385 392/414/392
f 385/407/385 384/406/384 392/414/392
f 392/414/392 384/406/384 393/415/393
f 393/415/393 384/406/384 394/416/394
f 384/406/384 383/405/383 394/416/394
f 394/416/394 383/405/383 395/417/395
f 395/417/395 383/405/383 396/418/396
f 383/405/383 371/393/371 396/418/396
f 371/393/371 370/392/370 396/418/396
f 373/395/373 387/409/387 375/397/375
f 375/397/375 387/409/387 397/419/397
f 397/419/397 387/409/387 398/420/398
f 387/409/387 388/410/388 398/420/398
f 398/420/398 388/410/388 390/412/390
f 399/421/399 400/422/400 401/423/401
f 401/423/401 400/422/400 402/424/402
f 400/422/400 403/425/403 402/424/402
f 404/426/404 405/427/405 406/428/406
f 405/427/405 407/429/407 406/428/406
f 406/428/406 407/429/407 408/430/408
f 407/429/407 409/431/409 408/430/408
f 408/430/408 409/431/409 410/432/410
f 410/432/410 409/431/409 411/433/411
f 411/433/411 409/431/409 412/434/412
f 412/434/412 409/431/409 413/435/413
f 413/435/413 409/431/409 414/436/414
f 409/431/409 407/429/407 414/436/414
f 414/436/414 407/429/407 415/437/415
f 415/437/415 407/429/407 399/421/399
f 407/429/407 405/427/405 399/421/399
f 399/421/399 405/427/405 400/422/400
f 405/427/405 334/438/334 400/422/400
f 334/438/334 337/439/337 400/422/400
f 400/422/400 337/439/337 403/425/403
f 337/439/337 339/440/339 403/425/403
f 403/425/403 339/440/339 402/424/402
f 339/440/339 340/441/340 402/424/402
f 340/441/340 330/442/330 402/424/402
f 402/424/402 330/442/330 401/423/401
f 330/442/330 328/443/328 401/423/401
f 401/423/401 328/443/328 399/421/399
f 355/444/355 416/445/416 356/446/356
f 416/445/416 404/426/404 356/446/356
f 356/446/356 404/426/404 357/447/357
f 404/426/404 406/428/406 357/447/357
f 406/428/406 408/430/408 357/447/357
f 357/447/357 408/430/408 358/448/358
f 408/430/408 410/432/410 358/448/358
f 358/448/358 410/432/410 359/449/359
f 410/432/410 417/450/417 359/449/359
f 359/449/359 417/450/417 360/451/360
f 417/450/417 418/452/418 360/451/360
f 360/451/360 418/452/418 362/453/362
f 418/452/418 419/454/419 362/453/362
f 362/453/362 419/454/419 364/455/364
f 364/455/364 419/454/419 366/456/366
f 419/454/419 420/457/420 366/456/366
f 366/456/366 420/457/420 367/458/367
f 420/457/420 421/459/421 367/458/367
f 367/458/367 421/459/421 368/460/368
f 421/459/421 422/461/422 368/460/368
f 368/460/368 422/461/422 369/462/369
f 422/461/422 423/463/423 369/462/369
f 369/462/369 423/463/423 354/464/354
f 423/463/423 424/465/424 354/464/354
f 412/434/412 425/466/425 411/433/411
f 425/466/425 424/465/424 411/433/411
f 424/465/424 423/463/423 411/433/411
f 423/463/423 426/467/426 411/433/411
f 411/433/411 426/467/426 410/432/410
f 410/432/410 426/467/426 417/450/417
f 426/467/426 427/468/427 417/450/417
f 417/450/417 427/468/427 418/452/418
f 418/452/418 427/468/427 419/454/419
f 419/454/419 427/468/427 420/457/420
f 420/457/420 427/468/427 421/459/421
f 421/459/421 427/468/427 422/461/422
f 427/468/427 426/467/426 422/461/422
f 422/461/422 426/467/426 423/463/423
f 416/445/416 355/444/355 428/469/428
f 355/444/355 331/470/331 428/469/428
f 331/470/331 333/471/333 428/469/428
f 428/469/428 333/471/333 429/472/429
f 333/471/333 334/438/334 429/472/429
f 334/438/334 405/427/405 429/472/429
f 405/427/405 404/426/404 429/472/429
f 429/472/429 404/426/404 428/469/428
f 404/426/404 416/445/416 428/469/428
f 399/421/399 328/443/328 430/473/430
f 328/443/328 381/474/381 430/473/430
f 430/473/430 381/474/381 431/475/431
f 381/474/381 380/476/380 431/475/431
f 431/475/431 380/476/380 432/477/432
f 380/476/380 378/478/378 432/477/432
f 378/478/378 376/479/376 432/477/432
f 432/477/432 376/479/376 433/480/433
f 376/479/376 375/481/375 433/480/433
f 375/481/375 434/482/434 433/480/433
f 434/482/434 430/473/430 433/480/433
f 433/480/433 430/473/430 432/477/432
f 430/473/430 431/475/431 432/477/432
f 430/473/430 434/482/434 399/421/399
f 434/482/434 435/483/435 399/421/399
f 399/421/399 435/483/435 415/437/415
f 435/483/435 436/484/436 415/437/415
f 415/437/415 436/484/436 414/436/414
f 414/436/414 436/484/436 413/435/413
f 436/484/436 437/485/437 413/435/413
f 413/435/413 437/485/437 395/486/395
f 395/486/395 437/485/437 394/487/394
f 394/487/394 437/485/437 438/488/438
f 437/485/437 436/484/436 438/488/438
f 436/484/436 435/483/435 438/488/438
f 435/483/435 434/482/434 438/488/438
f 434/482/434 439/489/439 438/488/438
f 439/489/439 393/490/393 438/488/438
f 438/488/438 393/490/393 394/487/394
f 393/490/393 439/489/439 392/491/392
f 392/491/392 439/489/439 391/492/391
f 439/489/439 440/493/440 391/492/391
f 440/493/440 441/494/441 391/492/391
f 391/492/391 441/494/441 390/495/390
f 390/495/390 441/494/441 398/496/398
f 441/494/441 442/497/442 398/496/398
f 398/496/398 442/497/442 397/498/397
f 442/497/442 443/499/443 397/498/397
f 397/498/397 443/499/443 375/481/375
f 375/481/375 443/499/443 434/482/434
f 434/482/434 443/499/443 439/489/439
f 439/489/439 443/499/443 440/493/440
f 440/493/440 443/499/443 441/494/441
f 443/499/443 442/497/442 441/494/441
f 444/500/444 445/501/445 446/502/446
f 447/503/447 446/502/446 448/504/448
f 446/502/446 445/501/445 448/504/448
f 448/504/448 445/501/445 449/505/449
f 445/501/445 444/500/444 449/505/449
f 450/506/450 451/507/451 449/505/449
f 451/507/451 448/504/448 449/505/449
f 447/503/447 448/504/448 452/508/452
f 448/504/448 451/507/451 452/508/452
f 452/508/452 451/507/451 453/509/453
f 451/507/451 450/506/450 453/509/453
f 453/509/453 450/506/450 454/510/454
f 450/506/450 455/511/455 454/510/454
f 454/510/454 455/511/455 456/512/456
f 455/511/455 457/513/457 456/512/456
f 456/512/456 457/513/457 458/514/458
f 459/515/459 454/510/454 460/516/460
f 454/510/454 456/512/456 460/516/460
f 460/516/460 456/512/456 458/514/458
f 453/509/453 454/510/454 461/517/461
f 454/510/454 459/515/459 461/517/461
f 461/517/461 459/515/459 462/518/462
f 459/515/459 460/516/460 462/518/462
f 462/518/462 460/516/460 463/519/463
f 460/516/460 458/514/458 463/519/463
f 444/500/444 464/520/464 449/505/449
f 464/520/464 465/521/465 449/505/449
f 449/505/449 465/521/465 450/506/450
f 465/521/465 466/522/466 450/506/450
f 450/506/450 466/522/466 467/523/467
f 466/522/466 468/524/468 467/523/467
f 467/523/467 468/524/468 469/525/469
f 468/524/468 470/526/470 469/525/469
f 469/525/469 470/526/470 471/527/471
f 470/526/470 472/528/472 471/527/471
f 450/506/450 467/523/467 473/529/473
f 467/523/467 469/525/469 473/529/473
f 473/529/473 469/525/469 474/530/474
f 469/525/469 471/527/471 474/530/474
f 474/530/474 471/527/471 475/531/475
f 471/527/471 472/528/472 475/531/475
f 475/531/475 476/532/476 474/530/474
f 476/532/476 477/533/477 474/530/474
f 474/530/474 477/533/477 455/511/455
f 477/533/477 478/534/478 455/511/455
f 455/511/455 478/534/478 457/513/457
f 478/534/478 479/535/479 457/513/457
f 476/532/476 480/536/480 477/533/477
f 480/536/480 481/537/481 477/533/477
f 477/533/477 481/537/481 482/538/482
f 481/537/481 483/539/483 482/538/482
f 482/538/482 483/539/483 478/534/478
f 483/539/483 484/540/484 478/534/478
f 478/534/478 484/540/484 479/535/479
f 484/540/484 485/541/485 479/535/479
f 478/534/478 477/533/477 482/538/482
f 484/540/484 483/539/483 485/541/485
f 483/539/483 486/542/486 485/541/485
f 483/539/483 481/537/481 486/542/486
f 487/543/487 470/526/470 488/544/488
f 470/526/470 468/524/468 488/544/488
f 488/544/488 468/524/468 466/522/466
f 465/521/465 489/545/489 466/522/466
f 488/544/488 466/522/466 490/546/490
f 466/522/466 489/545/489 490/546/490
f 490/546/490 489/545/489 491/547/491
f 489/545/489 492/548/492 491/547/491
f 491/547/491 492/548/492 493/549/493
f 492/548/492 494/550/494 493/549/493
f 493/549/493 494/550/494 495/551/495
f 494/550/494 496/552/496 495/551/495
f 495/551/495 496/552/496 497/553/497
f 496/552/496 498/554/498 497/553/497
f 494/550/494 492/548/492 496/552/496
f 492/548/492 499/555/499 496/552/496
f 496/552/496 499/555/499 498/554/498
f 499/555/499 464/520/464 498/554/498
f 464/520/464 499/555/499 465/521/465
f 499/555/499 492/548/492 465/521/465
f 465/521/465 492/548/492 489/545/489
f 491/547/491 500/556/500 490/546/490
f 500/556/500 501/557/501 490/546/490
f 490/546/490 501/557/501 488/544/488
f 501/557/501 502/558/502 488/544/488
f 488/544/488 502/558/502 487/543/487
f 502/558/502 503/559/503 487/543/487
f 503/559/503 502/558/502 504/560/504
f 502/558/502 505/561/505 504/560/504
f 504/560/504 505/561/505 506/562/506
f 505/561/505 507/563/507 506/562/506
f 508/564/508 507/563/507 509/565/509
f 507/563/507 505/561/505 509/565/509
f 509/565/509 505/561/505 510/566/510
f 505/561/505 502/558/502 510/566/510
f 510/566/510 502/558/502 501/557/501
f 500/556/500 511/567/511 501/557/501
f 511/567/511 512/568/512 501/557/501
f 501/557/501 512/568/512 510/566/510
f 512/568/512 513/569/513 510/566/510
f 510/566/510 513/569/513 509/565/509
f 513/569/513 514/570/514 509/565/509
f 509/565/509 514/570/514 508/564/508
f 514/570/514 515/571/515 508/564/508
f 511/567/511 516/572/516 512/568/512
f 516/572/516 517/573/517 512/568/512
f 512/568/512 517/573/517 513/569/513
f 517/573/517 518/574/518 513/569/513
f 513/569/513 518/574/518 519/575/519
f 518/574/518 520/576/520 519/575/519
f 519/575/519 520/576/520 515/571/515
f 513/569/513 519/575/519 514/570/514
f 519/575/519 515/571/515 514/570/514
f 518/574/518 517/573/517 521/577/521
f 517/573/517 516/572/516 521/577/521
f 520/576/520 518/574/518 522/578/522
f 518/574/518 521/577/521 522/578/522
f 475/579/475 523/580/523 476/581/476
f 523/580/523 480/582/480 476/581/476
f 523/580/523 524/583/524 480/582/480
f 524/583/524 525/584/525 480/582/480
f 525/584/525 524/583/524 526/585/526
f 524/583/524 523/580/523 526/585/526
f 526/585/526 527/586/527 525/584/525
f 527/586/527 528/587/528 525/584/525
f 525/584/525 528/587/528 529/588/529
f 528/587/528 486/589/486 529/588/529
f 529/588/529 486/589/486 525/584/525
f 486/589/486 481/590/481 525/584/525
f 525/584/525 481/590/481 480/582/480
f 486/589/486 528/587/528 485/591/485
f 528/587/528 527/586/527 485/591/485
f 530/592/530 531/593/531 526/585/526
f 531/593/531 457/594/457 526/585/526
f 526/585/526 457/594/457 527/586/527
f 457/594/457 479/595/479 527/586/527
f 527/586/527 479/595/479 485/591/485
f 530/592/530 526/585/526 532/596/532
f 526/585/526 523/580/523 532/596/532
f 532/596/532 523/580/523 533/597/533
f 523/580/523 475/579/475 533/597/533
f 533/597/533 534/598/534 532/596/532
f 534/598/534 535/599/535 532/596/532
f 532/596/532 535/599/535 530/592/530
f 535/599/535 536/600/536 530/592/530
f 530/592/530 536/600/536 537/601/537
f 536/600/536 538/602/538 537/601/537
f 537/601/537 538/602/538 539/603/539
f 534/598/534 540/604/540 535/599/535
f 540/604/540 541/605/541 535/599/535
f 535/599/535 541/605/541 536/600/536
f 541/605/541 542/606/542 536/600/536
f 536/600/536 542/606/542 538/602/538
f 506/607/506 542/606/542 543/608/543
f 542/606/542 541/605/541 543/608/543
f 543/608/543 541/605/541 544/609/544
f 541/605/541 540/604/540 544/609/544
f 544/609/544 540/604/540 545/610/545
f 540/604/540 534/598/534 545/610/545
f 545/610/545 534/598/534 546/611/546
f 534/598/534 533/597/533 546/611/546
f 546/611/546 533/597/533 472/612/472
f 533/597/533 475/579/475 472/612/472
f 515/613/515 520/614/520 547/615/547
f 520/614/520 522/616/522 547/615/547
f 547/615/547 522/616/522 548/617/548
f 522/616/522 521/618/521 548/617/548
f 548/617/548 521/618/521 549/619/549
f 521/618/521 516/620/516 549/619/549
f 549/619/549 516/620/516 542/606/542
f 516/620/516 511/621/511 542/606/542
f 542/606/542 511/621/511 538/602/538
f 511/621/511 500/622/500 538/602/538
f 538/602/538 500/622/500 539/603/539
f 500/622/500 491/623/491 539/603/539
f 539/603/539 491/623/491 550/624/550
f 491/623/491 493/625/493 550/624/550
f 550/624/550 493/625/493 495/626/495
f 547/615/547 548/617/548 515/613/515
f 548/617/548 508/627/508 515/613/515
f 548/617/548 549/619/549 508/627/508
f 549/619/549 507/628/507 508/627/508
f 549/619/549 542/606/542 507/628/507
f 542/606/542 506/607/506 507/628/507
f 497/629/497 551/630/551 495/626/495
f 551/630/551 550/624/550 495/626/495
f 539/603/539 550/624/550 552/631/552
f 550/624/550 551/630/551 552/631/552
f 552/631/552 551/630/551 553/632/553
f 551/630/551 497/629/497 553/632/553
f 553/632/553 497/629/497 552/631/552
f 497/629/497 498/633/498 552/631/552
f 552/631/552 498/633/498 464/634/464
f 539/603/539 552/631/552 537/601/537
f 552/631/552 464/634/464 537/601/537
f 537/601/537 464/634/464 554/635/554
f 464/634/464 444/636/444 554/635/554
f 554/635/554 444/636/444 555/637/555
f 444/636/444 446/638/446 555/637/555
f 555/637/555 446/638/446 447/639/447
f 537/601/537 554/635/554 556/640/556
f 554/635/554 555/637/555 556/640/556
f 556/640/556 555/637/555 557/641/557
f 555/637/555 447/639/447 557/641/557
f 557/641/557 447/639/447 452/642/452
f 557/641/557 452/642/452 556/640/556
f 452/642/452 453/643/453 556/640/556
f 537/601/537 556/640/556 530/592/530
f 556/640/556 453/643/453 530/592/530
f 530/592/530 453/643/453 558/644/558
f 453/643/453 461/645/461 558/644/558
f 558/644/558 461/645/461 559/646/559
f 461/645/461 462/647/462 559/646/559
f 559/646/559 462/647/462 463/648/463
f 530/592/530 558/644/558 531/593/531
f 558/644/558 559/646/559 531/593/531
f 531/593/531 559/646/559 560/649/560
f 559/646/559 463/648/463 560/649/560
f 560/649/560 463/648/463 458/650/458
f 560/649/560 458/650/458 531/593/531
f 458/650/458 457/594/457 531/593/531
f 474/530/474 455/511/455 473/529/473
f 455/511/455 450/506/450 473/529/473
f 561/651/561 562/652/562 563/653/563
f 562/652/562 564/654/564 563/653/563
f 565/655/565 561/651/561 566/656/566
f 561/651/561 563/653/563 566/656/566
f 566/656/566 563/653/563 567/657/567
f 567/657/567 563/653/563 568/658/568
f 563/653/563 564/654/564 568/658/568
f 568/658/568 564/654/564 569/659/569
f 570/660/570 571/661/571 572/662/572
f 571/661/571 567/657/567 572/662/572
f 572/662/572 567/657/567 573/663/573
f 567/657/567 568/658/568 573/663/573
f 568/658/568 569/659/569 573/663/573
f 573/663/573 569/659/569 574/664/574
f 574/664/574 569/659/569 575/665/575
f 575/665/575 569/659/569 576/666/576
f 576/666/576 569/659/569 577/667/577
f 569/659/569 564/654/564 577/667/577
f 577/667/577 564/654/564 578/668/578
f 564/654/564 562/652/562 578/668/578
f 578/668/578 562/652/562 579/669/579
f 579/669/579 562/652/562 580/670/580
f 562/652/562 561/651/561 580/670/580
f 580/670/580 561/651/561 581/671/581
f 561/651/561 565/655/565 581/671/581
f 581/671/581 565/655/565 582/672/582
f 582/672/582 565/655/565 583/673/583
f 583/673/583 565/655/565 584/674/584
f 565/655/565 566/656/566 584/674/584
f 584/674/584 566/656/566 585/675/585
f 566/656/566 567/657/567 585/675/585
f 585/675/585 567/657/567 571/661/571
f 586/676/586 579/669/579 587/677/587
f 579/669/579 580/670/580 587/677/587
f 587/677/587 580/670/580 588/678/588
f 580/670/580 581/671/581 588/678/588
f 581/671/581 582/672/582 588/678/588
f 588/678/588 582/672/582 589/679/589
f 582/672/582 583/673/583 589/679/589
f 589/679/589 583/673/583 590/680/590
f 591/681/591 592/682/592 593/683/593
f 593/683/593 592/682/592 594/684/594
f 592/682/592 595/685/595 594/684/594
f 594/684/594 595/685/595 596/686/596
f 595/685/595 597/687/597 596/686/596
f 596/686/596 597/687/597 598/688/598
f 597/687/597 599/689/599 598/688/598
f 598/688/598 599/689/599 600/690/600
f 601/691/601 570/660/570 602/692/602
f 570/660/570 572/662/572 602/692/602
f 602/692/602 572/662/572 603/693/603
f 572/662/572 573/663/573 603/693/603
f 603/693/603 573/663/573 604/694/604
f 573/663/573 574/664/574 604/694/604
f 604/694/604 574/664/574 605/695/605
f 574/664/574 575/665/575 605/695/605
f 593/683/593 594/684/594 606/696/606
f 594/684/594 607/697/607 606/696/606
f 606/696/606 607/697/607 608/698/608
f 607/697/607 609/699/609 608/698/608
f 608/698/608 609/699/609 610/700/610
f 609/699/609 611/701/611 610/700/610
f 610/700/610 611/701/611 612/702/612
f 611/701/611 613/703/613 612/702/612
f 613/703/613 614/704/614 612/702/612
f 612/702/612 614/704/614 615/705/615
f 594/684/594 596/686/596 607/697/607
f 596/686/596 616/706/616 607/697/607
f 616/706/616 617/707/617 607/697/607
f 607/697/607 617/707/617 609/699/609
f 617/707/617 618/708/618 609/699/609
f 609/699/609 618/708/618 611/701/611
f 618/708/618 619/709/619 611/701/611
f 611/701/611 619/709/619 613/703/613
f 619/709/619 620/710/620 613/703/613
f 613/703/613 620/710/620 614/704/614
f 621/711/621 622/712/622 623/713/623
f 623/713/623 622/712/622 624/714/624
f 622/712/622 620/710/620 624/714/624
f 620/710/620 619/709/619 624/714/624
f 619/709/619 618/708/618 624/714/624
f 618/708/618 625/715/625 624/714/624
f 624/714/624 625/715/625 623/713/623
f 623/713/623 625/715/625 626/716/626
f 625/715/625 627/717/627 626/716/626
f 626/716/626 627/717/627 628/718/628
f 627/717/627 629/719/629 628/718/628
f 628/718/628 629/719/629 630/720/630
f 630/720/630 629/719/629 600/690/600
f 600/690/600 629/719/629 598/688/598
f 598/688/598 629/719/629 596/686/596
f 596/686/596 629/719/629 616/706/616
f 629/719/629 627/717/627 616/706/616
f 616/706/616 627/717/627 617/707/617
f 627/717/627 625/715/625 617/707/617
f 617/707/617 625/715/625 618/708/618
f 631/721/631 632/722/632 633/723/633
f 634/724/634 635/725/635 636/726/636
f 635/725/635 634/724/634 637/727/637
f 634/728/634 638/729/638 639/730/639
f 638/729/638 634/728/634 640/731/640
f 641/732/641 642/733/642 633/723/633
f 642/733/642 631/721/631 633/723/633
f 643/734/643 644/735/644 645/736/645
f 644/735/644 646/737/646 645/736/645
f 646/737/646 642/733/642 645/736/645
f 645/736/645 642/733/642 641/738/641
f 647/739/647 648/740/648 649/741/649
f 648/740/648 650/742/650 649/741/649
f 649/741/649 650/742/650 651/743/651
f 650/742/650 652/744/652 651/743/651
f 651/743/651 652/744/652 653/745/653
f 653/745/653 652/744/652 654/746/654
f 654/746/654 652/744/652 655/747/655
f 655/747/655 652/744/652 656/748/656
f 652/744/652 650/742/650 656/748/656
f 650/742/650 657/749/657 656/748/656
f 657/749/657 631/721/631 656/748/656
f 631/721/631 658/750/658 656/748/656
f 656/748/656 658/750/658 655/747/655
f 655/747/655 658/750/658 659/751/659
f 659/751/659 658/750/658 644/735/644
f 644/735/644 658/750/658 646/737/646
f 658/750/658 631/721/631 646/737/646
f 646/737/646 631/721/631 642/733/642
f 647/752/647 649/741/649 660/753/660
f 649/741/649 651/743/651 660/753/660
f 651/743/651 653/745/653 660/753/660
f 660/753/660 653/745/653 661/754/661
f 631/721/631 657/749/657 632/722/632
f 632/722/632 657/749/657 662/755/662
f 662/755/662 657/749/657 663/756/663
f 657/749/657 650/742/650 663/756/663
f 663/756/663 650/742/650 648/740/648
f 664/757/664 665/758/665 666/759/666
f 666/759/666 665/758/665 667/760/667
f 665/758/665 668/761/668 667/760/667
f 667/760/667 668/761/668 669/762/669
f 668/761/668 670/763/670 669/762/669
f 669/762/669 670/763/670 671/764/671
f 670/763/670 672/765/672 671/764/671
f 672/765/672 673/766/673 671/764/671
f 671/764/671 673/766/673 674/767/674
f 673/766/673 675/768/675 674/767/674
f 675/768/675 676/769/676 674/767/674
f 676/769/676 677/770/677 674/767/674
f 677/770/677 666/759/666 674/767/674
f 666/759/666 667/760/667 674/767/674
f 667/760/667 669/762/669 674/767/674
f 674/767/674 669/762/669 671/764/671
f 678/771/678 679/772/679 680/773/680
f 679/772/679 681/774/681 680/773/680
f 680/773/680 681/774/681 682/775/682
f 681/774/681 683/776/683 682/775/682
f 682/775/682 683/776/683 684/777/684
f 683/776/683 685/778/685 684/777/684
f 684/777/684 685/778/685 686/779/686
f 686/779/686 685/778/685 687/780/687
f 685/778/685 688/781/688 687/780/687
f 687/780/687 688/781/688 689/782/689
f 689/782/689 688/781/688 690/783/690
f 690/783/690 688/781/688 691/784/691
f 691/784/691 688/781/688 679/772/679
f 679/772/679 688/781/688 681/774/681
f 681/774/681 688/781/688 683/776/683
f 688/781/688 685/778/685 683/776/683
f 640/785/640 692/786/692 693/787/693
f 692/786/692 694/788/694 693/787/693
f 694/788/694 695/789/695 693/787/693
f 693/787/693 695/789/695 696/790/696
f 695/789/695 697/791/697 696/790/696
f 696/790/696 697/791/697 698/792/698
f 697/791/697 699/793/699 698/792/698
f 699/793/699 700/794/700 698/792/698
f 698/792/698 700/794/700 701/795/701
f 700/794/700 702/796/702 701/795/701
f 701/795/701 702/796/702 703/797/703
f 702/796/702 704/798/704 703/797/703
f 704/798/704 705/799/705 703/797/703
f 705/799/705 636/800/636 703/797/703
f 636/800/636 635/801/635 703/797/703
f 635/801/635 637/802/637 703/797/703
f 703/797/703 637/802/637 701/795/701
f 637/802/637 634/803/634 701/795/701
f 701/795/701 634/803/634 698/792/698
f 698/792/698 634/803/634 696/790/696
f 634/803/634 639/804/639 696/790/696
f 696/790/696 639/804/639 693/787/693
f 639/804/639 638/805/638 693/787/693
f 693/787/693 638/805/638 640/785/640
f 706/806/706 707/807/707 708/808/708
f 707/807/707 709/809/709 708/808/708
f 709/809/709 710/810/710 708/808/708
f 708/808/708 710/810/710 711/811/711
f 711/811/711 710/810/710 712/812/712
f 710/810/710 713/813/713 712/812/712
f 713/813/713 714/814/714 712/812/712
f 712/812/712 714/814/714 715/815/715
f 128/128/128 706/806/706 129/129/129
f 706/806/706 708/808/708 129/129/129
f 708/808/708 711/811/711 129/129/129
f 129/129/129 711/811/711 130/130/130
f 130/130/130 711/811/711 119/119/119
f 711/811/711 712/812/712 119/119/119
f 712/812/712 715/815/715 119/119/119
f 119/119/119 715/815/715 106/106/106
f 716/816/716 717/817/717 718/818/718
f 717/817/717 719/819/719 718/818/718
f 718/818/718 719/819/719 720/820/720
f 720/820/720 719/819/719 721/821/721
f 721/821/721 719/819/719 722/822/722
f 722/822/722 719/819/719 723/823/723
f 719/819/719 717/817/717 723/823/723
f 723/823/723 717/817/717 724/824/724
f 725/825/725 591/681/591 726/826/726
f 591/681/591 593/683/593 726/826/726
f 570/660/570 601/691/601 727/827/727
f 601/691/601 728/828/728 727/827/727
f 726/826/726 593/683/593 729/829/729
f 593/683/593 606/696/606 729/829/729
f 729/829/729 606/696/606 730/830/730
f 606/696/606 608/698/608 730/830/730
f 730/830/730 608/698/608 731/831/731
f 608/698/608 610/700/610 731/831/731
f 731/831/731 610/700/610 732/832/732
f 610/700/610 612/702/612 732/832/732
f 612/702/612 615/705/615 732/832/732
f 732/832/732 615/705/615 733/833/733
f 734/834/734 590/680/590 735/835/735
f 590/680/590 583/673/583 735/835/735
f 583/673/583 584/674/584 735/835/735
f 735/835/735 584/674/584 736/836/736
f 584/674/584 585/675/585 736/836/736
f 736/836/736 585/675/585 737/837/737
f 585/675/585 571/661/571 737/837/737
f 737/837/737 571/661/571 738/838/738
f 571/661/571 570/660/570 738/838/738
f 738/838/738 570/660/570 727/827/727
f 2/2/2 1/1/1 739/839/739
f 1/1/1 740/840/740 739/839/739
f 739/839/739 740/840/740 741/841/741
f 740/840/740 742/842/742 741/841/741
f 741/841/741 742/842/742 743/843/743
f 742/842/742 744/844/744 743/843/743
f 745/845/745 746/846/746 747/847/747
f 746/846/746 748/848/748 747/847/747
f 747/847/747 748/848/748 749/849/749
f 748/848/748 750/850/750 749/849/749
f 750/850/750 751/851/751 749/849/749
f 749/849/749 751/851/751 752/852/752
f 753/853/753 752/852/752 754/854/754
f 752/852/752 751/851/751 754/854/754
f 754/854/754 751/851/751 755/855/755
f 755/855/755 751/851/751 756/856/756
f 751/851/751 750/850/750 756/856/756
f 756/856/756 750/850/750 757/857/757
f 750/850/750 748/848/748 757/857/757
f 757/857/757 748/848/748 758/858/758
f 758/858/758 748/848/748 759/859/759
f 748/848/748 746/846/746 759/859/759
f 759/859/759 746/846/746 743/843/743
f 743/843/743 746/846/746 741/841/741
f 746/846/746 745/845/745 741/841/741
f 741/841/741 745/845/745 739/839/739
f 2/2/2 739/839/739 24/24/24
f 739/839/739 745/845/745 24/24/24
f 24/24/24 745/845/745 25/25/25
f 745/845/745 747/847/747 25/25/25
f 25/25/25 747/847/747 26/26/26
f 747/847/747 749/849/749 26/26/26
f 749/849/749 752/852/752 26/26/26
f 26/26/26 752/852/752 27/27/27
f 752/852/752 753/853/753 27/27/27
f 27/27/27 753/853/753 28/28/28
f 31/31/31 760/860/760 29/29/29
f 29/29/29 760/860/760 761/861/761
f 760/860/760 762/862/762 761/861/761
f 761/861/761 762/862/762 763/863/763
f 762/862/762 764/864/764 763/863/763
f 763/863/763 764/864/764 765/865/765
f 766/866/766 767/867/767 768/868/768
f 767/867/767 769/869/769 768/868/768
f 769/869/769 770/870/770 768/868/768
f 768/868/768 770/870/770 771/871/771
f 770/870/770 772/872/772 771/871/771
f 771/871/771 772/872/772 773/873/773
f 760/860/760 773/873/773 762/862/762
f 773/873/773 772/872/772 762/862/762
f 762/862/762 772/872/772 764/864/764
f 764/864/764 772/872/772 774/874/774
f 772/872/772 770/870/770 774/874/774
f 774/874/774 770/870/770 775/875/775
f 775/875/775 770/870/770 776/876/776
f 770/870/770 769/869/769 776/876/776
f 776/876/776 769/869/769 777/877/777
f 769/869/769 767/867/767 777/877/777
f 777/877/777 767/867/767 778/878/778
f 778/878/778 767/867/767 779/879/779
f 767/867/767 766/866/766 779/879/779
f 779/879/779 766/866/766 780/880/780
f 56/56/56 780/880/780 55/55/55
f 780/880/780 766/866/766 55/55/55
f 55/55/55 766/866/766 54/54/54
f 766/866/766 768/868/768 54/54/54
f 768/868/768 771/871/771 54/54/54
f 54/54/54 771/871/771 53/53/53
f 771/871/771 773/873/773 53/53/53
f 53/53/53 773/873/773 52/52/52
f 773/873/773 760/860/760 52/52/52
f 52/52/52 760/860/760 31/31/31
f 781/881/781 575/665/575 782/882/782
f 575/665/575 576/666/576 782/882/782
f 782/882/782 576/666/576 577/667/577
f 783/883/783 781/881/781 784/884/784
f 781/881/781 782/882/782 784/884/784
f 784/884/784 782/882/782 785/885/785
f 782/882/782 577/667/577 785/885/785
f 785/885/785 577/667/577 786/886/786
f 577/667/577 578/668/578 786/886/786
f 786/886/786 578/668/578 579/669/579
f 787/887/787 783/883/783 788/888/788
f 783/883/783 784/884/784 788/888/788
f 788/888/788 784/884/784 789/889/789
f 784/884/784 790/890/790 789/889/789
f 789/889/789 790/890/790 791/891/791
f 790/890/790 792/892/792 791/891/791
f 791/891/791 792/892/792 793/893/793
f 792/892/792 786/886/786 793/893/793
f 793/893/793 786/886/786 794/894/794
f 786/886/786 579/669/579 794/894/794
f 794/894/794 579/669/579 795/895/795
f 579/669/579 586/676/586 795/895/795
f 784/884/784 785/885/785 790/890/790
f 785/885/785 786/886/786 790/890/790
f 790/890/790 786/886/786 792/892/792
f 794/894/794 795/895/795 793/893/793
f 795/895/795 796/896/796 793/893/793
f 796/896/796 797/897/797 793/893/793
f 797/897/797 798/898/798 793/893/793
f 793/893/793 798/898/798 791/891/791
f 799/899/799 800/900/800 801/901/801
f 800/900/800 802/902/802 801/901/801
f 803/903/803 623/713/623 802/902/802
f 623/713/623 626/716/626 802/902/802
f 626/716/626 628/718/628 802/902/802
f 802/902/802 628/718/628 801/901/801
f 628/718/628 804/904/804 801/901/801
f 801/901/801 804/904/804 799/899/799
f 804/904/804 805/905/805 799/899/799
f 799/899/799 805/905/805 806/906/806
f 621/711/621 623/713/623 807/907/807
f 623/713/623 803/903/803 807/907/807
f 807/907/807 803/903/803 808/908/808
f 803/903/803 802/902/802 808/908/808
f 808/908/808 802/902/802 809/909/809
f 802/902/802 800/900/800 809/909/809
f 809/909/809 800/900/800 810/910/810
f 810/910/810 800/900/800 811/911/811
f 800/900/800 799/899/799 811/911/811
f 811/911/811 799/899/799 812/912/812
f 799/899/799 806/906/806 812/912/812
f 812/912/812 806/906/806 813/913/813
f 809/909/809 810/910/810 808/908/808
f 810/910/810 814/914/814 808/908/808
f 814/914/814 815/915/815 808/908/808
f 815/915/815 816/916/816 808/908/808
f 808/908/808 816/916/816 807/907/807
f 628/718/628 630/720/630 804/904/804
f 630/720/630 600/690/600 804/904/804
f 804/904/804 600/690/600 805/905/805
f 817/917/817 813/913/813 818/918/818
f 813/913/813 806/906/806 818/918/818
f 806/906/806 805/905/805 818/918/818
f 818/918/818 805/905/805 819/919/819
f 819/919/819 805/905/805 599/689/599
f 805/905/805 600/690/600 599/689/599
f 820/920/820 821/921/821 787/887/787
f 787/887/787 821/921/821 783/883/783
f 783/883/783 821/921/821 781/881/781
f 821/921/821 822/922/822 781/881/781
f 822/922/822 605/695/605 781/881/781
f 781/881/781 605/695/605 575/665/575
f 815/923/815 814/924/814 823/925/823
f 814/924/814 810/926/810 823/925/823
f 810/926/810 811/927/811 823/925/823
f 811/927/811 812/928/812 823/925/823
f 812/928/812 813/929/813 823/925/823
f 813/929/813 817/930/817 823/925/823
f 817/930/817 824/931/824 823/925/823
f 823/925/823 824/931/824 815/923/815
f 797/932/797 825/933/825 826/934/826
f 825/933/825 820/935/820 826/934/826
f 820/935/820 787/936/787 826/934/826
f 787/936/787 788/937/788 826/934/826
f 788/937/788 789/938/789 826/934/826
f 789/938/789 791/939/791 826/934/826
f 791/939/791 798/940/798 826/934/826
f 826/934/826 798/940/798 797/932/797
f 827/941/827 828/942/828 829/943/829
f 830/944/830 831/945/831 832/946/832
f 831/945/831 830/944/830 833/947/833
f 834/948/834 831/945/831 833/947/833
f 831/945/831 834/948/834 835/949/835
f 836/950/836 837/951/837 838/952/838
f 839/953/839 837/951/837 840/954/840
f 837/951/837 836/950/836 840/954/840
f 840/954/840 836/950/836 841/955/841
f 836/950/836 842/956/842 841/955/841
f 841/955/841 842/956/842 843/957/843
f 842/956/842 844/958/844 843/957/843
f 843/957/843 844/958/844 845/959/845
f 844/958/844 846/960/846 845/959/845
f 846/960/846 100/100/100 845/959/845
f 845/959/845 100/100/100 847/961/847
f 100/100/100 102/102/102 847/961/847
f 102/102/102 848/962/848 847/961/847
f 847/961/847 848/962/848 849/963/849
f 848/962/848 850/964/850 849/963/849
f 849/963/849 850/964/850 851/965/851
f 850/964/850 852/966/852 851/965/851
f 851/965/851 852/966/852 853/967/853
f 852/966/852 854/968/854 853/967/853
f 853/967/853 854/968/854 855/969/855
f 854/968/854 856/970/856 855/969/855
f 855/969/855 856/970/856 857/971/857
f 856/970/856 858/972/858 857/971/857
f 857/971/857 858/972/858 859/973/859
f 858/972/858 860/974/860 859/973/859
f 839/953/839 840/954/840 861/975/861
f 840/954/840 841/955/841 861/975/861
f 861/975/861 841/955/841 851/965/851
f 841/955/841 843/957/843 851/965/851
f 851/965/851 843/957/843 849/963/849
f 849/963/849 843/957/843 847/961/847
f 843/957/843 845/959/845 847/961/847
f 858/972/858 856/970/856 862/976/862
f 856/970/856 863/977/863 862/976/862
f 862/976/862 863/977/863 864/978/864
f 863/977/863 865/979/865 864/978/864
f 864/978/864 865/979/865 866/980/866
f 866/980/866 865/979/865 105/105/105
f 865/979/865 867/981/867 105/105/105
f 105/105/105 867/981/867 102/102/102
f 102/102/102 867/981/867 848/962/848
f 867/981/867 868/982/868 848/962/848
f 848/962/848 868/982/868 850/964/850
f 868/982/868 854/968/854 850/964/850
f 850/964/850 854/968/854 852/966/852
f 856/970/856 854/968/854 863/977/863
f 854/968/854 868/982/868 863/977/863
f 868/982/868 867/981/867 863/977/863
f 863/977/863 867/981/867 865/979/865
f 851/965/851 853/967/853 861/975/861
f 855/969/855 857/971/857 869/983/869
f 857/971/857 859/973/859 869/983/869
f 870/984/870 871/985/871 872/986/872
f 873/987/873 874/988/874 875/989/875
f 874/988/874 876/990/876 875/989/875
f 875/989/875 876/990/876 870/984/870
f 876/990/876 877/991/877 870/984/870
f 870/984/870 877/991/877 871/985/871
f 871/985/871 877/991/877 878/992/878
f 877/991/877 879/993/879 878/992/878
f 878/992/878 879/993/879 880/994/880
f 879/993/879 881/995/881 880/994/880
f 880/994/880 881/995/881 882/996/882
f 881/995/881 883/997/883 882/996/882
f 882/996/882 883/997/883 259/259/259
f 259/259/259 883/997/883 267/267/267
f 883/997/883 884/998/884 267/267/267
f 267/267/267 884/998/884 885/999/885
f 884/998/884 886/1000/886 885/999/885
f 885/999/885 886/1000/886 887/1001/887
f 887/1001/887 886/1000/886 888/1002/888
f 886/1000/886 889/1003/889 888/1002/888
f 888/1002/888 889/1003/889 874/988/874
f 874/988/874 889/1003/889 876/990/876
f 889/1003/889 879/993/879 876/990/876
f 876/990/876 879/993/879 877/991/877
f 879/993/879 889/1003/889 881/995/881
f 889/1003/889 886/1000/886 881/995/881
f 886/1000/886 884/998/884 881/995/881
f 881/995/881 884/998/884 883/997/883
f 890/1004/890 891/1005/891 892/1006/892
f 891/1005/891 893/1007/893 892/1006/892
f 892/1006/892 893/1007/893 894/1008/894
f 893/1007/893 895/1009/895 894/1008/894
f 894/1008/894 895/1009/895 896/1010/896
f 895/1009/895 897/1011/897 896/1010/896
f 896/1010/896 897/1011/897 898/1012/898
f 897/1011/897 899/1013/899 898/1012/898
f 898/1012/898 899/1013/899 255/255/255
f 255/255/255 899/1013/899 254/254/254
f 254/254/254 899/1013/899 259/259/259
f 259/259/259 899/1013/899 882/996/882
f 882/996/882 899/1013/899 880/994/880
f 880/994/880 899/1013/899 900/1014/900
f 899/1013/899 897/1011/897 900/1014/900
f 892/1006/892 894/1008/894 901/1015/901
f 894/1008/894 902/1016/902 901/1015/901
f 901/1015/901 902/1016/902 903/1017/903
f 903/1017/903 902/1016/902 904/1018/904
f 902/1016/902 905/1019/905 904/1018/904
f 904/1018/904 905/1019/905 256/256/256
f 905/1019/905 906/1020/906 256/256/256
f 256/256/256 906/1020/906 255/255/255
f 255/255/255 906/1020/906 898/1012/898
f 898/1012/898 906/1020/906 896/1010/896
f 906/1020/906 905/1019/905 896/1010/896
f 905/1019/905 902/1016/902 896/1010/896
f 896/1010/896 902/1016/902 894/1008/894
f 891/1005/891 828/942/828 893/1007/893
f 828/942/828 907/1021/907 893/1007/893
f 893/1007/893 907/1021/907 895/1009/895
f 907/1021/907 908/1022/908 895/1009/895
f 895/1009/895 908/1022/908 897/1011/897
f 828/942/828 827/941/827 907/1021/907
f 827/941/827 908/1022/908 907/1021/907
f 839/953/839 861/975/861 909/1023/909
f 861/975/861 853/967/853 909/1023/909
f 853/967/853 855/969/855 909/1023/909
f 909/1023/909 855/969/855 869/983/869
f 910/1024/910 831/1025/831 911/1026/911
f 831/1025/831 835/1027/835 911/1026/911
f 911/1026/911 835/1027/835 834/1028/834
f 912/1029/912 910/1024/910 913/1030/913
f 910/1024/910 911/1026/911 913/1030/913
f 913/1030/913 911/1026/911 914/1031/914
f 911/1026/911 834/1028/834 914/1031/914
f 914/1031/914 834/1028/834 915/1032/915
f 834/1028/834 833/1033/833 915/1032/915
f 915/1032/915 833/1033/833 830/1034/830
f 916/1035/916 917/1036/917 918/1037/918
f 917/1036/917 919/1038/919 918/1037/918
f 918/1037/918 919/1038/919 920/1039/920
f 919/1038/919 921/1040/921 920/1039/920
f 920/1039/920 921/1040/921 831/1041/831
f 831/1041/831 921/1040/921 832/1042/832
f 832/1042/832 921/1040/921 830/1034/830
f 921/1040/921 922/1043/922 830/1034/830
f 830/1034/830 922/1043/922 915/1032/915
f 922/1043/922 923/1044/923 915/1032/915
f 915/1032/915 923/1044/923 914/1031/914
f 923/1044/923 924/1045/924 914/1031/914
f 914/1031/914 924/1045/924 913/1030/913
f 924/1045/924 925/1046/925 913/1030/913
f 913/1030/913 925/1046/925 912/1029/912
f 925/1046/925 926/1047/926 912/1029/912
f 921/1040/921 919/1038/919 922/1043/922
f 919/1038/919 927/1048/927 922/1043/922
f 922/1043/922 927/1048/927 923/1044/923
f 927/1048/927 928/1049/928 923/1044/923
f 923/1044/923 928/1049/928 924/1045/924
f 928/1049/928 929/1050/929 924/1045/924
f 924/1045/924 929/1050/929 925/1046/925
f 919/1038/919 917/1036/917 927/1048/927
f 917/1036/917 930/1051/930 927/1048/927
f 927/1048/927 930/1051/930 928/1049/928
f 828/942/828 931/1052/931 829/943/829
f 839/953/839 909/1023/909 932/1053/932
f 909/1023/909 869/983/869 932/1053/932
f 699/793/699 933/1054/933 700/794/700
f 933/1054/933 934/1055/934 700/794/700
f 700/794/700 934/1055/934 702/796/702
f 704/798/704 702/796/702 935/1056/935
f 702/796/702 934/1055/934 935/1056/935
f 935/1056/935 934/1055/934 916/1035/916
f 916/1035/916 934/1055/934 917/1036/917
f 917/1036/917 934/1055/934 930/1051/930
f 934/1055/934 933/1054/933 930/1051/930
f 930/1051/930 933/1054/933 936/1057/936
f 933/1054/933 699/793/699 936/1057/936
f 936/1057/936 699/793/699 937/1058/937
f 699/793/699 697/791/697 937/1058/937
f 937/1058/937 697/791/697 938/1059/938
f 697/791/697 695/789/695 938/1059/938
f 938/1059/938 695/789/695 939/1060/939
f 695/789/695 694/788/694 939/1060/939
f 939/1060/939 926/1047/926 938/1059/938
f 926/1047/926 925/1046/925 938/1059/938
f 925/1046/925 929/1050/929 938/1059/938
f 938/1059/938 929/1050/929 937/1058/937
f 937/1058/937 929/1050/929 936/1057/936
f 929/1050/929 928/1049/928 936/1057/936
f 936/1057/936 928/1049/928 930/1051/930
f 655/747/655 659/751/659 940/1061/940
f 659/751/659 941/1062/941 940/1061/940
f 940/1061/940 941/1062/941 837/951/837
f 837/951/837 941/1062/941 838/952/838
f 838/952/838 941/1062/941 942/1063/942
f 942/1063/942 941/1062/941 643/734/643
f 643/734/643 941/1062/941 644/735/644
f 941/1062/941 659/751/659 644/735/644
f 837/951/837 839/953/839 940/1061/940
f 839/953/839 932/1053/932 940/1061/940
f 940/1061/940 932/1053/932 655/747/655
f 932/1053/932 943/1064/943 655/747/655
f 655/747/655 943/1064/943 654/746/654
f 943/1064/943 944/1065/944 654/746/654
f 654/746/654 944/1065/944 653/745/653
f 653/745/653 944/1065/944 661/754/661
f 661/754/661 944/1065/944 945/1066/945
f 945/1066/945 944/1065/944 860/974/860
f 860/974/860 944/1065/944 859/973/859
f 944/1065/944 943/1064/943 859/973/859
f 859/973/859 943/1064/943 869/983/869
f 943/1064/943 932/1053/932 869/983/869
f 664/757/664 666/759/666 946/1067/946
f 666/759/666 677/770/677 946/1067/946
f 946/1067/946 677/770/677 947/1068/947
f 677/770/677 676/769/676 947/1068/947
f 676/769/676 931/1052/931 947/1068/947
f 931/1052/931 828/942/828 947/1068/947
f 828/942/828 891/1005/891 947/1068/947
f 947/1068/947 891/1005/891 946/1067/946
f 891/1005/891 890/1004/890 946/1067/946
f 890/1004/890 948/1069/948 946/1067/946
f 946/1067/946 948/1069/948 664/757/664
f 872/986/872 949/1070/949 870/984/870
f 949/1070/949 950/1071/950 870/984/870
f 870/984/870 950/1071/950 875/989/875
f 950/1071/950 951/1072/951 875/989/875
f 875/989/875 951/1072/951 873/987/873
f 873/987/873 951/1072/951 952/1073/952
f 952/1073/952 951/1072/951 678/771/678
f 678/771/678 951/1072/951 679/772/679
f 679/772/679 951/1072/951 691/784/691
f 951/1072/951 950/1071/950 691/784/691
f 691/784/691 950/1071/950 690/783/690
f 950/1071/950 949/1070/949 690/783/690
f 953/1074/953 1/1/1 954/1075/954
f 1/1/1 3/3/3 954/1075/954
f 954/1075/954 3/3/3 955/1076/955
f 3/3/3 5/5/5 955/1076/955
f 955/1076/955 5/5/5 956/1077/956
f 5/5/5 7/7/7 956/1077/956
f 28/28/28 953/1078/953 23/23/23
f 953/1078/953 954/1079/954 23/23/23
f 954/1079/954 955/1080/955 23/23/23
f 23/23/23 955/1080/955 17/17/17
f 17/17/17 955/1080/955 18/18/18
f 955/1080/955 956/1081/956 18/18/18
f 957/1082/957 958/1083/958 29/29/29
f 29/29/29 958/1083/958 30/30/30
f 958/1083/958 959/1084/959 30/30/30
f 30/30/30 959/1084/959 33/33/33
f 959/1084/959 960/1085/960 33/33/33
f 33/33/33 960/1085/960 35/35/35
f 56/56/56 51/51/51 957/1086/957
f 957/1086/957 51/51/51 958/1087/958
f 958/1087/958 51/51/51 959/1088/959
f 51/51/51 38/38/38 959/1088/959
f 38/38/38 37/37/37 959/1088/959
f 959/1088/959 37/37/37 960/1089/960
f 961/1090/961 962/1091/962 120/120/120
f 962/1091/962 127/127/127 120/120/120
f 244/244/244 317/336/317 961/1092/961
f 317/336/317 962/1093/962 961/1092/961
f 962/1091/962 963/1094/963 127/127/127
f 963/1094/963 128/128/128 127/127/127
f 317/336/317 309/328/309 962/1093/962
f 309/328/309 963/1095/963 962/1093/962
f 107/107/107 964/1096/964 109/109/109
f 964/1096/964 965/1097/965 109/109/109
f 964/1098/964 140/140/140 965/1099/965
f 140/140/140 139/139/139 965/1099/965
f 106/106/106 966/1100/966 107/107/107
f 966/1100/966 964/1096/964 107/107/107
f 966/1101/966 154/155/155 964/1098/964
f 154/155/155 140/140/140 964/1098/964
f 967/1102/967 113/113/113 968/1103/968
f 113/113/113 111/111/111 968/1103/968
f 968/1103/968 111/111/111 965/1097/965
f 111/111/111 109/109/109 965/1097/965
f 969/1104/969 105/105/105 970/1105/970
f 105/105/105 104/104/104 970/1105/970
f 970/1105/970 104/104/104 967/1102/967
f 104/104/104 113/113/113 967/1102/967
f 971/1106/971 972/1107/972 124/124/124
f 124/124/124 972/1107/972 122/122/122
f 972/1107/972 961/1090/961 122/122/122
f 122/122/122 961/1090/961 120/120/120
f 971/1108/971 258/258/258 972/1109/972
f 258/258/258 245/245/245 972/1109/972
f 245/245/245 244/244/244 972/1109/972
f 972/1109/972 244/244/244 961/1092/961
f 973/1110/973 974/1111/974 100/100/100
f 100/100/100 974/1111/974 101/101/101
f 974/1111/974 971/1106/971 101/101/101
f 101/101/101 971/1106/971 124/124/124
f 258/258/258 971/1108/971 257/257/257
f 971/1108/971 974/1112/974 257/257/257
f 974/1112/974 973/1113/973 257/257/257
f 257/257/257 973/1113/973 256/256/256
f 267/267/267 969/1114/969 266/266/266
f 969/1114/969 970/1115/970 266/266/266
f 970/1115/970 967/1116/967 266/266/266
f 266/266/266 967/1116/967 265/265/265
f 965/1099/965 139/139/139 968/1117/968
f 139/139/139 138/138/138 968/1117/968
f 138/138/138 265/265/265 968/1117/968
f 968/1117/968 265/265/265 967/1116/967
f 395/486/395 975/1118/975 413/435/413
f 975/1118/975 976/1119/976 413/435/413
f 977/1120/977 978/1121/978 956/1081/956
f 978/1121/978 18/18/18 956/1081/956
f 14/14/14 425/1122/425 11/11/11
f 425/1122/425 976/1123/976 11/11/11
f 412/434/412 413/435/413 425/466/425
f 413/435/413 976/1119/976 425/466/425
f 979/1124/979 975/1125/975 396/418/396
f 975/1125/975 395/417/395 396/418/396
f 425/466/425 980/1126/980 424/465/424
f 980/1126/980 354/464/354 424/465/424
f 347/369/347 354/376/354 978/1127/978
f 354/376/354 980/1128/980 978/1127/978
f 18/18/18 978/1121/978 16/16/16
f 978/1121/978 980/1129/980 16/16/16
f 16/16/16 980/1129/980 14/14/14
f 980/1129/980 425/1122/425 14/14/14
f 956/1077/956 7/7/7 977/1130/977
f 977/1130/977 7/7/7 981/1131/981
f 7/7/7 8/8/8 981/1131/981
f 981/1131/981 8/8/8 979/1132/979
f 11/11/11 976/1123/976 9/9/9
f 976/1123/976 975/1133/975 9/9/9
f 975/1133/975 979/1132/979 9/9/9
f 9/9/9 979/1132/979 8/8/8
f 347/369/347 978/1127/978 346/368/346
f 978/1127/978 977/1134/977 346/368/346
f 977/1134/977 981/1135/981 346/368/346
f 346/368/346 981/1135/981 370/392/370
f 981/1135/981 979/1124/979 370/392/370
f 370/392/370 979/1124/979 396/418/396
f 982/1136/982 983/1137/983 470/526/470
f 983/1137/983 472/528/472 470/526/470
f 37/37/37 984/1138/984 960/1089/960
f 984/1138/984 985/1139/985 960/1089/960
f 982/1140/982 503/1141/503 43/43/43
f 503/1141/503 41/41/41 43/43/43
f 982/1136/982 470/526/470 503/559/503
f 470/526/470 487/543/487 503/559/503
f 472/612/472 983/1142/983 546/611/546
f 983/1142/983 986/1143/986 546/611/546
f 506/562/506 987/1144/987 504/560/504
f 987/1144/987 503/559/503 504/560/504
f 987/1145/987 506/607/506 984/1146/984
f 506/607/506 543/608/543 984/1146/984
f 960/1085/960 985/1147/985 35/35/35
f 985/1147/985 988/1148/988 35/35/35
f 35/35/35 988/1148/988 36/36/36
f 988/1148/988 986/1149/986 36/36/36
f 37/37/37 39/39/39 984/1138/984
f 984/1138/984 39/39/39 987/1150/987
f 39/39/39 41/41/41 987/1150/987
f 987/1150/987 41/41/41 503/1141/503
f 36/36/36 986/1149/986 46/46/46
f 986/1149/986 983/1151/983 46/46/46
f 983/1151/983 982/1140/982 46/46/46
f 46/46/46 982/1140/982 43/43/43
f 546/611/546 986/1143/986 545/610/545
f 986/1143/986 988/1152/988 545/610/545
f 545/610/545 988/1152/988 544/609/544
f 988/1152/988 985/1153/985 544/609/544
f 985/1153/985 984/1146/984 544/609/544
f 544/609/544 984/1146/984 543/608/543
f 989/1154/989 615/705/615 990/1155/990
f 615/705/615 614/704/614 990/1155/990
f 614/704/614 620/710/620 990/1155/990
f 990/1155/990 620/710/620 991/1156/991
f 620/710/620 622/712/622 991/1156/991
f 991/1156/991 622/712/622 992/1157/992
f 622/712/622 621/711/621 992/1157/992
f 992/1157/992 621/711/621 993/1158/993
f 994/1159/994 586/676/586 995/1160/995
f 586/676/586 587/677/587 995/1160/995
f 995/1160/995 587/677/587 996/1161/996
f 587/677/587 588/678/588 996/1161/996
f 996/1161/996 588/678/588 997/1162/997
f 588/678/588 589/679/589 997/1162/997
f 589/679/589 590/680/590 997/1162/997
f 997/1162/997 590/680/590 998/1163/998
f 605/695/605 994/1164/994 604/694/604
f 994/1164/994 995/1165/995 604/694/604
f 995/1165/995 996/1166/996 604/694/604
f 604/694/604 996/1166/996 603/693/603
f 996/1166/996 997/1167/997 603/693/603
f 603/693/603 997/1167/997 602/692/602
f 602/692/602 997/1167/997 601/691/601
f 997/1167/997 998/1168/998 601/691/601
f 599/689/599 597/687/597 993/1169/993
f 993/1169/993 597/687/597 992/1170/992
f 992/1170/992 597/687/597 991/1171/991
f 597/687/597 595/685/595 991/1171/991
f 991/1171/991 595/685/595 990/1172/990
f 595/685/595 592/682/592 990/1172/990
f 592/682/592 591/681/591 990/1172/990
f 990/1172/990 591/681/591 989/1173/989
f 999/1174/999 1000/1175/1000 672/765/672
f 1000/1175/1000 999/1174/999 1001/1176/1001
f 1002/1177/1002 1000/1175/1000 1001/1176/1001
f 1000/1175/1000 1002/1177/1002 686/779/686
f 668/761/668 1003/1178/1003 670/763/670
f 1003/1178/1003 1004/1179/1004 670/763/670
f 1005/1180/1005 1003/1181/1003 665/758/665
f 1003/1181/1003 668/761/668 665/758/665
f 1006/1182/1006 1007/1183/1007 665/758/665
f 1007/1183/1007 1005/1180/1005 665/758/665
f 1004/1179/1004 1008/1184/1008 670/763/670
f 1008/1184/1008 1009/1185/1009 670/763/670
f 1010/1186/1010 1011/1187/1011 633/723/633
f 1011/1187/1011 641/732/641 633/723/633
f 1007/1188/1007 1006/1189/1006 1012/1190/1012
f 1006/1189/1006 645/736/645 1012/1190/1012
f 1009/1185/1009 999/1174/999 670/763/670
f 999/1174/999 672/765/672 670/763/670
f 1013/1191/1013 1014/1192/1014 661/754/661
f 1014/1192/1014 660/753/660 661/754/661
f 1013/1193/1013 678/771/678 1014/1194/1014
f 678/771/678 680/773/680 1014/1194/1014
f 682/775/682 1015/1195/1015 680/773/680
f 1015/1195/1015 1016/1196/1016 680/773/680
f 1017/1197/1017 1015/1198/1015 684/777/684
f 1015/1198/1015 682/775/682 684/777/684
f 1018/1199/1018 1019/1200/1019 648/740/648
f 1019/1200/1019 1020/1201/1020 648/740/648
f 1021/1202/1021 1022/1203/1022 660/753/660
f 1022/1203/1022 647/752/647 660/753/660
f 1016/1196/1016 1023/1204/1023 680/773/680
f 1023/1204/1023 1014/1194/1014 680/773/680
f 1020/1205/1020 1019/1206/1019 684/777/684
f 1019/1206/1019 1017/1197/1017 684/777/684
f 647/739/647 1022/1207/1022 648/740/648
f 1022/1207/1022 1018/1199/1018 648/740/648
f 660/753/660 1014/1192/1014 1021/1202/1021
f 1014/1192/1014 1023/1208/1023 1021/1202/1021
f 686/779/686 1002/1177/1002 684/777/684
f 1002/1177/1002 1020/1205/1020 684/777/684
f 645/736/645 1006/1189/1006 643/734/643
f 1006/1189/1006 1024/1209/1024 643/734/643
f 665/758/665 664/757/664 1006/1182/1006
f 664/757/664 1024/1210/1024 1006/1182/1006
f 641/738/641 1011/1211/1011 645/736/645
f 1011/1211/1011 1012/1190/1012 645/736/645
f 1009/1212/1009 1008/1213/1008 633/723/633
f 1008/1213/1008 1010/1186/1010 633/723/633
f 1009/1212/1009 633/723/633 999/1214/999
f 633/723/633 632/722/632 999/1214/999
f 999/1214/999 632/722/632 1001/1215/1001
f 632/722/632 662/755/662 1001/1215/1001
f 662/755/662 663/756/663 1001/1215/1001
f 1001/1215/1001 663/756/663 1002/1216/1002
f 663/756/663 648/740/648 1002/1216/1002
f 1002/1216/1002 648/740/648 1020/1201/1020
f 1025/1217/1025 1026/1218/1026 720/820/720
f 1026/1218/1026 1027/1219/1027 720/820/720
f 1028/1220/1028 716/816/716 1029/1221/1029
f 716/816/716 1030/1222/1030 1029/1221/1029
f 1031/1223/1031 1032/1224/1032 722/822/722
f 1032/1224/1032 1033/1225/1033 722/822/722
f 1034/1226/1034 724/824/724 1035/1227/1035
f 724/824/724 1036/1228/1036 1035/1227/1035
f 714/814/714 1037/1229/1037 715/815/715
f 1037/1229/1037 1038/1230/1038 715/815/715
f 715/815/715 1038/1230/1038 106/106/106
f 1038/1230/1038 966/1100/966 106/106/106
f 1027/1231/1027 1039/1232/1039 1040/1233/1040
f 1039/1232/1039 66/66/66 1040/1233/1040
f 1040/1233/1040 66/66/66 1030/1234/1030
f 66/66/66 64/64/64 1030/1234/1030
f 72/72/72 1028/1235/1028 70/70/70
f 1028/1235/1028 1029/1236/1029 70/70/70
f 70/70/70 1029/1236/1029 64/64/64
f 1029/1236/1029 1030/1234/1030 64/64/64
f 707/807/707 706/806/706 1039/1237/1039
f 1039/1237/1039 706/806/706 1041/1238/1041
f 706/806/706 128/128/128 1041/1238/1041
f 1041/1238/1041 128/128/128 963/1094/963
f 1039/1237/1039 1027/1239/1027 707/807/707
f 1027/1239/1027 1026/1240/1026 707/807/707
f 1026/1240/1026 1025/1241/1025 707/807/707
f 707/807/707 1025/1241/1025 709/809/709
f 709/809/709 1025/1241/1025 710/810/710
f 1025/1241/1025 1042/1242/1042 710/810/710
f 1042/1242/1042 1033/1243/1033 710/810/710
f 710/810/710 1033/1243/1033 713/813/713
f 720/820/720 1027/1219/1027 718/818/718
f 1027/1219/1027 1040/1244/1040 718/818/718
f 1040/1244/1040 1030/1222/1030 718/818/718
f 718/818/718 1030/1222/1030 716/816/716
f 66/66/66 1039/1232/1039 67/67/67
f 1039/1232/1039 1041/1245/1041 67/67/67
f 1041/1245/1041 963/1095/963 67/67/67
f 67/67/67 963/1095/963 309/328/309
f 713/813/713 1033/1243/1033 714/814/714
f 1033/1243/1033 1032/1246/1032 714/814/714
f 1032/1246/1032 1031/1247/1031 714/814/714
f 714/814/714 1031/1247/1031 1037/1229/1037
f 1031/1248/1031 1043/1249/1043 1037/1250/1037
f 1037/1250/1037 1043/1249/1043 89/89/89
f 1043/1249/1043 1034/1251/1034 89/89/89
f 89/89/89 1034/1251/1034 83/83/83
f 79/79/79 81/81/81 1036/1252/1036
f 1036/1252/1036 81/81/81 1035/1253/1035
f 81/81/81 83/83/83 1035/1253/1035
f 1035/1253/1035 83/83/83 1034/1251/1034
f 722/822/722 1033/1225/1033 721/821/721
f 1033/1225/1033 1042/1254/1042 721/821/721
f 1042/1254/1042 1025/1217/1025 721/821/721
f 721/821/721 1025/1217/1025 720/820/720
f 154/155/155 966/1101/966 90/90/90
f 966/1101/966 1038/1255/1038 90/90/90
f 1038/1255/1038 1037/1250/1037 90/90/90
f 90/90/90 1037/1250/1037 89/89/89
f 724/824/724 1034/1226/1034 723/823/723
f 1034/1226/1034 1043/1256/1043 723/823/723
f 1043/1256/1043 1031/1223/1031 723/823/723
f 723/823/723 1031/1223/1031 722/822/722
f 1036/1228/1036 724/824/724 1044/1257/1044
f 724/824/724 717/817/717 1044/1257/1044
f 1044/1257/1044 717/817/717 1045/1258/1045
f 1045/1258/1045 717/817/717 1046/1259/1046
f 717/817/717 716/816/716 1046/1259/1046
f 1046/1259/1046 716/816/716 1028/1220/1028
f 1028/1235/1028 72/72/72 1046/1260/1046
f 72/72/72 74/74/74 1046/1260/1046
f 1046/1260/1046 74/74/74 1045/1261/1045
f 74/74/74 76/76/76 1045/1261/1045
f 76/76/76 77/77/77 1045/1261/1045
f 1045/1261/1045 77/77/77 1044/1262/1044
f 77/77/77 79/79/79 1044/1262/1044
f 1044/1262/1044 79/79/79 1036/1252/1036
f 1047/1263/1047 1048/1264/1048 725/825/725
f 1048/1264/1048 1049/1265/1049 725/825/725
f 1048/1266/1048 1050/1267/1050 1049/1268/1049
f 1050/1267/1050 733/833/733 1049/1268/1049
f 725/825/725 1049/1265/1049 591/681/591
f 1049/1265/1049 989/1173/989 591/681/591
f 1049/1268/1049 733/833/733 989/1154/989
f 733/833/733 615/705/615 989/1154/989
f 1010/1269/1010 1008/1270/1008 1047/1271/1047
f 1008/1270/1008 1048/1272/1048 1047/1271/1047
f 1007/1188/1007 1012/1190/1012 1051/1273/1051
f 1012/1190/1012 1052/1274/1052 1051/1273/1051
f 1005/1180/1005 1007/1183/1007 1053/1275/1053
f 1007/1183/1007 1051/1276/1051 1053/1275/1053
f 1008/1277/1008 1004/1278/1004 1048/1279/1048
f 1004/1278/1004 1050/1280/1050 1048/1279/1048
f 1054/1281/1054 1055/1282/1055 728/828/728
f 1055/1282/1055 1056/1283/1056 728/828/728
f 734/834/734 1057/1284/1057 1054/1285/1054
f 1057/1284/1057 1055/1286/1055 1054/1285/1054
f 998/1168/998 1054/1281/1054 601/691/601
f 1054/1281/1054 728/828/728 601/691/601
f 590/680/590 734/834/734 998/1163/998
f 734/834/734 1054/1285/1054 998/1163/998
f 1055/1287/1055 1019/1288/1019 1056/1289/1056
f 1019/1288/1019 1018/1290/1018 1056/1289/1056
f 1058/1291/1058 1021/1202/1021 1059/1292/1059
f 1021/1202/1021 1023/1208/1023 1059/1292/1059
f 1059/1293/1059 1023/1204/1023 1060/1294/1060
f 1023/1204/1023 1016/1196/1016 1060/1294/1060
f 1057/1295/1057 1017/1296/1017 1055/1297/1055
f 1017/1296/1017 1019/1298/1019 1055/1297/1055
f 1017/1296/1017 1057/1295/1057 1015/1195/1015
f 1057/1295/1057 1061/1299/1061 1015/1195/1015
f 1015/1195/1015 1061/1299/1061 1016/1196/1016
f 1061/1299/1061 1060/1294/1060 1016/1196/1016
f 733/833/733 1050/1267/1050 732/832/732
f 1050/1267/1050 1062/1300/1062 732/832/732
f 732/832/732 1062/1300/1062 731/831/731
f 1062/1300/1062 1053/1301/1053 731/831/731
f 1056/1289/1056 1018/1290/1018 1063/1302/1063
f 1018/1290/1018 1022/1203/1022 1063/1302/1063
f 1063/1302/1063 1022/1203/1022 1058/1291/1058
f 1022/1203/1022 1021/1202/1021 1058/1291/1058
f 731/831/731 1053/1301/1053 730/830/730
f 1053/1301/1053 1051/1303/1051 730/830/730
f 1051/1303/1051 1052/1304/1052 730/830/730
f 730/830/730 1052/1304/1052 729/829/729
f 729/829/729 1052/1304/1052 726/826/726
f 1052/1304/1052 1064/1305/1064 726/826/726
f 1064/1305/1064 1047/1263/1047 726/826/726
f 726/826/726 1047/1263/1047 725/825/725
f 1004/1278/1004 1003/1181/1003 1050/1280/1050
f 1050/1280/1050 1003/1181/1003 1062/1306/1062
f 1003/1181/1003 1005/1180/1005 1062/1306/1062
f 1062/1306/1062 1005/1180/1005 1053/1275/1053
f 1047/1271/1047 1064/1307/1064 1010/1269/1010
f 1010/1269/1010 1064/1307/1064 1011/1211/1011
f 1064/1307/1064 1052/1274/1052 1011/1211/1011
f 1011/1211/1011 1052/1274/1052 1012/1190/1012
f 728/828/728 1056/1283/1056 727/827/727
f 1056/1283/1056 1063/1308/1063 727/827/727
f 1063/1308/1063 1058/1309/1058 727/827/727
f 727/827/727 1058/1309/1058 738/838/738
f 738/838/738 1058/1309/1058 737/837/737
f 1058/1309/1058 1059/1310/1059 737/837/737
f 1059/1310/1059 1060/1311/1060 737/837/737
f 737/837/737 1060/1311/1060 736/836/736
f 734/834/734 735/835/735 1057/1284/1057
f 1057/1284/1057 735/835/735 1061/1312/1061
f 735/835/735 736/836/736 1061/1312/1061
f 1061/1312/1061 736/836/736 1060/1311/1060
f 756/856/756 757/857/757 1065/1313/1065
f 757/857/757 1066/1314/1066 1065/1313/1065
f 755/855/755 756/856/756 1067/1315/1067
f 756/856/756 1065/1313/1065 1067/1315/1067
f 1067/1315/1067 1065/1313/1065 1068/1316/1068
f 1068/1316/1068 1065/1313/1065 1069/1317/1069
f 1065/1313/1065 1066/1314/1066 1069/1317/1069
f 1069/1317/1069 1066/1314/1066 1070/1318/1070
f 744/844/744 1071/1319/1071 1072/1320/1072
f 1071/1319/1071 1073/1321/1073 1072/1320/1072
f 1072/1320/1072 1073/1321/1073 1074/1322/1074
f 1073/1321/1073 1075/1323/1075 1074/1322/1074
f 743/843/743 744/844/744 1076/1324/1076
f 744/844/744 1072/1320/1072 1076/1324/1076
f 1076/1324/1076 1072/1320/1072 1077/1325/1077
f 1072/1320/1072 1074/1322/1074 1077/1325/1077
f 1068/1316/1068 1075/1326/1075 1067/1315/1067
f 1075/1326/1075 1073/1327/1073 1067/1315/1067
f 1067/1315/1067 1073/1327/1073 755/855/755
f 1073/1327/1073 1071/1328/1071 755/855/755
f 743/843/743 1076/1324/1076 759/859/759
f 759/859/759 1076/1324/1076 1078/1329/1078
f 1076/1324/1076 1077/1325/1077 1078/1329/1078
f 1078/1329/1078 1077/1325/1077 1079/1330/1079
f 1/1/1 953/1074/953 740/840/740
f 953/1074/953 1080/1331/1080 740/840/740
f 740/840/740 1080/1331/1080 742/842/742
f 1080/1331/1080 1081/1332/1081 742/842/742
f 742/842/742 1081/1332/1081 744/844/744
f 1081/1332/1081 1071/1319/1071 744/844/744
f 28/28/28 753/853/753 953/1078/953
f 953/1078/953 753/853/753 1080/1333/1080
f 1080/1333/1080 753/853/753 1081/1334/1081
f 753/853/753 754/854/754 1081/1334/1081
f 754/854/754 755/855/755 1081/1334/1081
f 1081/1334/1081 755/855/755 1071/1328/1071
f 757/857/757 758/858/758 1066/1314/1066
f 758/858/758 1082/1335/1082 1066/1314/1066
f 1066/1314/1066 1082/1335/1082 1070/1318/1070
f 1070/1318/1070 1082/1335/1082 1083/1336/1083
f 1083/1336/1083 1082/1335/1082 1079/1330/1079
f 1079/1330/1079 1082/1335/1082 1078/1329/1078
f 1082/1335/1082 758/858/758 1078/1329/1078
f 1078/1329/1078 758/858/758 759/859/759
f 1084/1337/1084 1085/1338/1085 1086/1339/1086
f 1085/1338/1085 1087/1340/1087 1086/1339/1086
f 778/878/778 1087/1340/1087 777/877/777
f 1087/1340/1087 1085/1338/1085 777/877/777
f 777/877/777 1085/1338/1085 776/876/776
f 776/876/776 1085/1338/1085 1088/1341/1088
f 1085/1338/1085 1084/1337/1084 1088/1341/1088
f 1088/1341/1088 1084/1337/1084 1089/1342/1089
f 764/864/764 774/874/774 1090/1343/1090
f 774/874/774 1091/1344/1091 1090/1343/1090
f 1090/1343/1090 1091/1344/1091 1092/1345/1092
f 1091/1344/1091 1093/1346/1093 1092/1345/1092
f 1086/1339/1086 1087/1340/1087 1094/1347/1094
f 1094/1347/1094 1087/1340/1087 1095/1348/1095
f 1087/1340/1087 778/878/778 1095/1348/1095
f 1095/1348/1095 778/878/778 1096/1349/1096
f 765/865/765 1097/1350/1097 1096/1351/1096
f 1096/1351/1096 1097/1350/1097 1095/1352/1095
f 1097/1350/1097 1098/1353/1098 1095/1352/1095
f 1095/1352/1095 1098/1353/1098 1094/1354/1094
f 764/864/764 1090/1343/1090 765/865/765
f 765/865/765 1090/1343/1090 1097/1350/1097
f 1090/1343/1090 1092/1345/1092 1097/1350/1097
f 1097/1350/1097 1092/1345/1092 1098/1353/1098
f 29/29/29 761/861/761 957/1082/957
f 957/1082/957 761/861/761 1099/1355/1099
f 761/861/761 763/863/763 1099/1355/1099
f 1099/1355/1099 763/863/763 1100/1356/1100
f 763/863/763 765/865/765 1100/1356/1100
f 1100/1356/1100 765/865/765 1096/1351/1096
f 56/56/56 957/1086/957 780/880/780
f 957/1086/957 1099/1357/1099 780/880/780
f 1099/1357/1099 1100/1358/1100 780/880/780
f 780/880/780 1100/1358/1100 779/879/779
f 779/879/779 1100/1358/1100 778/878/778
f 1100/1358/1100 1096/1349/1096 778/878/778
f 774/874/774 775/875/775 1091/1344/1091
f 775/875/775 1101/1359/1101 1091/1344/1091
f 1091/1344/1091 1101/1359/1101 1093/1346/1093
f 1093/1346/1093 1101/1359/1101 1102/1360/1102
f 1102/1360/1102 1101/1359/1101 1089/1342/1089
f 1089/1342/1089 1101/1359/1101 1088/1341/1088
f 1101/1359/1101 775/875/775 1088/1341/1088
f 1088/1341/1088 775/875/775 776/876/776
f 820/920/820 825/1361/825 821/921/821
f 825/1361/825 1103/1362/1103 821/921/821
f 821/921/821 1103/1362/1103 822/922/822
f 1103/1362/1103 1104/1363/1104 822/922/822
f 822/922/822 1104/1363/1104 605/695/605
f 1104/1363/1104 994/1164/994 605/695/605
f 817/917/817 818/918/818 824/1364/824
f 824/1364/824 818/918/818 1105/1365/1105
f 818/918/818 819/919/819 1105/1365/1105
f 1105/1365/1105 819/919/819 1106/1366/1106
f 819/919/819 599/689/599 1106/1366/1106
f 1106/1366/1106 599/689/599 993/1169/993
f 993/1158/993 621/711/621 1106/1367/1106
f 621/711/621 807/907/807 1106/1367/1106
f 1106/1367/1106 807/907/807 1105/1368/1105
f 807/907/807 816/916/816 1105/1368/1105
f 816/916/816 815/915/815 1105/1368/1105
f 1105/1368/1105 815/915/815 824/1369/824
f 825/1370/825 797/897/797 1103/1371/1103
f 797/897/797 796/896/796 1103/1371/1103
f 796/896/796 795/895/795 1103/1371/1103
f 1103/1371/1103 795/895/795 1104/1372/1104
f 795/895/795 586/676/586 1104/1372/1104
f 1104/1372/1104 586/676/586 994/1159/994
f 838/952/838 1107/1373/1107 836/950/836
f 1107/1373/1107 1108/1374/1108 836/950/836
f 1108/1375/1108 1107/1376/1107 892/1006/892
f 1107/1376/1107 890/1004/890 892/1006/892
f 1092/1377/1092 842/956/842 1098/1378/1098
f 842/956/842 836/950/836 1098/1378/1098
f 1089/1379/1089 903/1017/903 1102/1380/1102
f 903/1017/903 1109/1381/1109 1102/1380/1102
f 1109/1382/1109 844/958/844 1102/1383/1102
f 844/958/844 1093/1384/1093 1102/1383/1102
f 1108/1375/1108 892/1006/892 1094/1385/1094
f 892/1006/892 1086/1386/1086 1094/1385/1094
f 1092/1377/1092 1093/1384/1093 842/956/842
f 1093/1384/1093 844/958/844 842/956/842
f 1108/1374/1108 1094/1387/1094 836/950/836
f 1094/1387/1094 1098/1378/1098 836/950/836
f 1110/1388/1110 1111/1389/1111 858/972/858
f 1111/1389/1111 860/974/860 858/972/858
f 873/987/873 1111/1390/1111 874/988/874
f 1111/1390/1111 1110/1391/1110 874/988/874
f 858/972/858 862/976/862 1074/1392/1074
f 862/976/862 1077/1393/1077 1074/1392/1074
f 1112/1394/1112 887/1001/887 1083/1395/1083
f 887/1001/887 1070/1396/1070 1083/1395/1083
f 1079/1397/1079 864/978/864 1083/1398/1083
f 864/978/864 1112/1399/1112 1083/1398/1083
f 1068/1400/1068 874/988/874 1075/1401/1075
f 874/988/874 1110/1391/1110 1075/1401/1075
f 864/978/864 1079/1397/1079 862/976/862
f 1079/1397/1079 1077/1393/1077 862/976/862
f 1074/1392/1074 1075/1402/1075 858/972/858
f 1075/1402/1075 1110/1388/1110 858/972/858
f 1070/1396/1070 887/1001/887 1069/1403/1069
f 887/1001/887 888/1002/888 1069/1403/1069
f 1069/1403/1069 888/1002/888 1068/1400/1068
f 888/1002/888 874/988/874 1068/1400/1068
f 256/256/256 973/1113/973 904/1018/904
f 973/1113/973 1113/1404/1113 904/1018/904
f 904/1018/904 1113/1404/1113 903/1017/903
f 1113/1404/1113 1109/1381/1109 903/1017/903
f 105/105/105 969/1104/969 866/980/866
f 969/1104/969 1114/1405/1114 866/980/866
f 866/980/866 1114/1405/1114 864/978/864
f 1114/1405/1114 1112/1399/1112 864/978/864
f 100/100/100 846/960/846 973/1110/973
f 973/1110/973 846/960/846 1113/1406/1113
f 846/960/846 844/958/844 1113/1406/1113
f 1113/1406/1113 844/958/844 1109/1382/1109
f 1089/1379/1089 1084/1407/1084 903/1017/903
f 903/1017/903 1084/1407/1084 901/1015/901
f 1084/1407/1084 1086/1386/1086 901/1015/901
f 901/1015/901 1086/1386/1086 892/1006/892
f 267/267/267 885/999/885 969/1114/969
f 969/1114/969 885/999/885 1114/1408/1114
f 885/999/885 887/1001/887 1114/1408/1114
f 1114/1408/1114 887/1001/887 1112/1394/1112
f 1111/1390/1111 873/987/873 1115/1409/1115
f 873/987/873 952/1073/952 1115/1409/1115
f 1115/1409/1115 952/1073/952 1013/1193/1013
f 952/1073/952 678/771/678 1013/1193/1013
f 643/734/643 1024/1209/1024 942/1063/942
f 1024/1209/1024 1116/1410/1116 942/1063/942
f 1116/1410/1116 1107/1373/1107 942/1063/942
f 942/1063/942 1107/1373/1107 838/952/838
f 1107/1376/1107 1116/1411/1116 890/1004/890
f 890/1004/890 1116/1411/1116 948/1069/948
f 1116/1411/1116 1024/1210/1024 948/1069/948
f 948/1069/948 1024/1210/1024 664/757/664
f 860/974/860 1111/1389/1111 945/1066/945
f 1111/1389/1111 1115/1412/1115 945/1066/945
f 1115/1412/1115 1013/1191/1013 945/1066/945
f 945/1066/945 1013/1191/1013 661/754/661
f 704/798/704 1117/1413/1117 705/799/705
f 1117/1413/1117 1118/1414/1118 705/799/705
f 1118/1414/1118 1119/1415/1119 705/799/705
f 705/799/705 1119/1415/1119 636/800/636
f 640/785/640 1119/1416/1119 692/786/692
f 1119/1416/1119 1120/1417/1120 692/786/692
f 1120/1417/1120 1121/1418/1121 692/786/692
f 692/786/692 1121/1418/1121 694/788/694
f 690/783/690 1121/1419/1121 689/782/689
f 1121/1419/1121 1120/1420/1120 689/782/689
f 689/782/689 1120/1420/1120 687/780/687
f 1120/1420/1120 1119/1421/1119 687/780/687
f 687/780/687 1119/1421/1119 686/779/686
f 686/779/686 1119/1421/1119 1000/1175/1000
f 1000/1175/1000 1119/1421/1119 672/765/672
f 672/765/672 1119/1421/1119 673/766/673
f 1119/1421/1119 1118/1420/1118 673/766/673
f 673/766/673 1118/1420/1118 675/768/675
f 1118/1420/1118 1117/1419/1117 675/768/675
f 675/768/675 1117/1419/1117 676/769/676
f 1122/1422/1122 827/941/827 829/943/829
f 1123/1423/1123 920/1039/920 900/1424/900
f 920/1039/920 831/1041/831 900/1424/900
f 831/1025/831 910/1024/910 900/1425/900
f 910/1024/910 1124/1426/1124 900/1425/900
f 1122/1427/1122 916/1035/916 1125/1428/1125
f 916/1035/916 918/1037/918 1125/1428/1125
f 1125/1428/1125 918/1037/918 1123/1423/1123
f 918/1037/918 920/1039/920 1123/1423/1123
f 1126/1429/1126 1127/1430/1127 926/1047/926
f 926/1047/926 1127/1430/1127 912/1029/912
f 1127/1430/1127 1124/1426/1124 912/1029/912
f 912/1029/912 1124/1426/1124 910/1024/910
f 1122/1422/1122 1125/1431/1125 827/941/827
f 1125/1431/1125 1123/1432/1123 827/941/827
f 827/941/827 1123/1432/1123 908/1022/908
f 1123/1432/1123 900/1014/900 908/1022/908
f 908/1022/908 900/1014/900 897/1011/897
f 880/994/880 900/1014/900 878/992/878
f 900/1014/900 1124/1432/1124 878/992/878
f 878/992/878 1124/1432/1124 871/985/871
f 1124/1432/1124 1127/1431/1127 871/985/871
f 1127/1431/1127 1126/1422/1126 871/985/871
f 871/985/871 1126/1422/1126 872/986/872
f 931/1052/931 676/769/676 1128/1433/1128
f 676/769/676 1117/1419/1117 1128/1433/1128
f 931/1052/931 1128/1433/1128 829/943/829
f 1128/1433/1128 1122/1422/1122 829/943/829
f 1117/1413/1117 704/798/704 1128/1434/1128
f 704/798/704 935/1056/935 1128/1434/1128
f 1128/1434/1128 935/1056/935 1122/1427/1122
f 935/1056/935 916/1035/916 1122/1427/1122
f 939/1060/939 694/788/694 1129/1435/1129
f 694/788/694 1121/1418/1121 1129/1435/1129
f 926/1047/926 939/1060/939 1126/1429/1126
f 939/1060/939 1129/1435/1129 1126/1429/1126
f 1121/1419/1121 690/783/690 1129/1433/1129
f 690/783/690 949/1070/949 1129/1433/1129
f 949/1070/949 872/986/872 1129/1433/1129
f 1129/1433/1129 872/986/872 1126/1422/1126
o tounge.001
v 0.058720 0.851544 -0.509022
v 0.022795 0.876393 -0.488694
v 0.059967 0.851197 -0.490329
v 0.020771 0.876877 -0.509052
v 0.098661 0.809702 -0.481070
v 0.126222 0.768881 -0.449392
v 0.125881 0.769395 -0.466980
v 0.099771 0.808152 -0.463194
v -0.105798 0.648300 -0.445113
v -0.124729 0.674523 -0.444811
v -0.125029 0.674296 -0.462699
v -0.105519 0.647622 -0.427650
v -0.159749 0.798618 -0.497378
v -0.163972 0.755006 -0.476810
v -0.157022 0.798680 -0.475078
v -0.165798 0.754916 -0.497100
v -0.130438 0.838875 -0.477689
v -0.132414 0.839287 -0.497910
v -0.086397 0.875427 -0.502095
v -0.025468 0.884164 -0.484404
v -0.027932 0.884758 -0.505675
v -0.084072 0.874952 -0.481090
v -0.051441 0.803309 -0.482138
v -0.067431 0.838736 -0.481332
v 0.142444 0.735941 -0.459680
v 0.174458 0.707281 -0.393437
v 0.170768 0.710357 -0.419521
v 0.147225 0.736098 -0.431186
v -0.145757 0.712148 -0.478119
v -0.144645 0.711256 -0.459882
v -0.087666 0.626096 -0.427058
v -0.084733 0.629670 -0.399187
v 0.037515 0.706948 -0.382177
v 0.049555 0.677106 -0.380677
v -0.017081 0.762857 -0.447175
v 0.006006 0.725959 -0.432453
v 0.063491 0.647529 -0.366093
v 0.185481 0.671471 -0.388875
v -0.070343 0.602165 -0.382383
v -0.068893 0.599256 -0.414818
v 0.064195 0.650847 -0.396925
v 0.049013 0.682470 -0.398138
v 0.186336 0.671476 -0.421132
v 0.198574 0.618080 -0.357517
v 0.074166 0.592097 -0.341505
v -0.056032 0.556286 -0.344262
v -0.047609 0.526711 -0.353598
v 0.081501 0.562570 -0.356475
v 0.206685 0.587104 -0.368287
v 0.033971 0.708303 -0.406940
v 0.005635 0.726987 -0.449834
v -0.022531 0.762695 -0.476172
v -0.053314 0.803508 -0.502385
v -0.069675 0.839084 -0.502279
vn 0.5477 0.3324 -0.7678
vn 0.3211 0.7020 0.6357
vn 0.4594 0.7198 0.5204
vn 0.2393 0.6805 -0.6926
vn 0.6893 0.2628 -0.6752
vn 0.5430 0.6196 0.5668
vn 0.6647 0.2012 -0.7195
vn 0.4764 0.6494 0.5928
vn -0.3198 -0.6911 -0.6482
vn -0.7850 -0.1647 0.5972
vn -0.4247 -0.6298 -0.6504
vn -0.8258 -0.2177 0.5203
vn -0.7499 0.2759 -0.6012
vn -0.7969 -0.0071 0.6040
vn -0.6313 0.2499 0.7342
vn -0.7135 -0.2411 -0.6579
vn -0.4869 0.5074 0.7109
vn -0.5935 0.5244 -0.6106
vn -0.3521 0.6931 -0.6290
vn 0.0578 0.7250 0.6863
vn -0.0483 0.7458 -0.6644
vn -0.2520 0.6902 0.6783
vn -0.0489 0.2889 0.9561
vn 0.0657 0.0126 0.9978
vn 0.6078 -0.2597 -0.7504
vn 0.6198 0.5537 0.5562
vn 0.6924 0.3192 -0.6470
vn 0.5444 0.7783 0.3129
vn -0.5430 -0.5485 -0.6358
vn -0.7499 -0.1205 0.6505
vn -0.4033 -0.7151 -0.5710
vn -0.7636 0.0263 0.6451
vn -0.1300 0.5408 0.8311
vn -0.0778 0.2188 0.9727
vn -0.1318 0.4242 0.8959
vn -0.1787 0.6122 0.7702
vn -0.0930 0.3896 0.9163
vn 0.7304 0.4070 0.5486
vn -0.8078 0.0624 0.5861
vn -0.3936 -0.6181 -0.6805
vn 0.0114 -0.2584 -0.9660
vn 0.0621 -0.1585 -0.9854
vn 0.6340 0.0049 -0.7733
vn 0.7592 0.4438 0.4761
vn -0.1001 0.4190 0.9025
vn -0.8750 0.1273 0.4671
vn -0.3209 -0.5972 -0.7351
vn 0.0232 -0.4372 -0.8991
vn 0.5157 -0.3620 -0.7765
vn 0.1636 -0.5914 -0.7896
vn 0.1835 -0.6657 -0.7233
vn 0.1492 -0.4606 -0.8750
vn 0.0496 -0.2454 -0.9681
vn -0.0601 -0.0183 -0.9980
vt 0.583033 0.753316
vt 0.630679 0.847295
vt 0.601361 0.733690
vt 0.615861 0.880549
vt 0.571955 0.635593
vt 0.587535 0.521565
vt 0.567253 0.520743
vt 0.591474 0.628578
vt 0.940845 0.410867
vt 0.920682 0.521565
vt 0.940845 0.520743
vt 0.920690 0.411220
vt 0.892348 0.880549
vt 0.906848 0.733690
vt 0.877537 0.847295
vt 0.925185 0.753316
vt 0.825833 0.919296
vt 0.834441 0.961191
vt 0.754108 1.001181
vt 0.682384 0.919296
vt 0.673776 0.961191
vt 0.754108 0.955008
vt 0.754108 0.733690
vt 0.754108 0.847392
vt 0.567253 0.410867
vt 0.587527 0.301182
vt 0.567253 0.300531
vt 0.587527 0.411220
vt 0.936262 0.635593
vt 0.916743 0.628578
vt 0.940845 0.300531
vt 0.920690 0.301182
vt 0.754108 0.411220
vt 0.754108 0.301182
vt 0.754108 0.628578
vt 0.754108 0.521565
vt 0.754108 0.179794
vt 0.587527 0.179794
vt 0.920690 0.179794
vt 0.940940 0.179623
vt 0.207087 0.153362
vt 0.388018 0.298759
vt 0.207071 0.298759
vt 0.388201 0.153362
vt 0.026219 0.153362
vt 0.026029 0.298759
vt 0.567119 0.179794
vt 0.587527 0.009499
vt 0.754108 0.009499
vt 0.920690 0.009499
vt 0.972705 0.009279
vt 0.388201 0.014167
vt 0.207087 0.014167
vt 0.026219 0.014167
vt 0.535425 0.009603
vt 0.388018 0.412959
vt 0.207071 0.412959
vt 0.026037 0.412959
vt 0.207071 0.527160
vt 0.026037 0.527160
vt 0.207071 0.641371
vt 0.030317 0.641371
vt 0.207071 0.755573
vt 0.041062 0.755573
vt 0.072913 0.879006
vt 0.207071 0.879111
vt 0.129097 0.957236
vt 0.207071 0.996031
vt 0.284958 0.957236
vt 0.341134 0.879006
vt 0.372985 0.755573
vt 0.383730 0.641371
vt 0.388010 0.527160
s 1
usemtl Material.006
f 1130/1436/1130 1131/1437/1131 1132/1438/1132
f 1133/1439/1133 1131/1437/1131 1130/1436/1130
f 1134/1440/1134 1135/1441/1135 1136/1442/1136
f 1135/1441/1135 1134/1440/1134 1137/1443/1137
f 1138/1444/1138 1139/1445/1139 1140/1446/1140
f 1139/1445/1139 1138/1444/1138 1141/1447/1141
f 1142/1448/1142 1143/1449/1143 1144/1450/1144
f 1143/1449/1143 1142/1448/1142 1145/1451/1145
f 1142/1448/1142 1146/1452/1146 1147/1453/1147
f 1146/1452/1146 1142/1448/1142 1144/1450/1144
f 1148/1454/1148 1149/1455/1149 1150/1456/1150
f 1149/1455/1149 1148/1454/1148 1151/1457/1151
f 1152/1458/1152 1131/1437/1131 1153/1459/1153
f 1131/1437/1131 1152/1458/1152 1132/1438/1132
f 1154/1460/1154 1155/1461/1155 1156/1462/1156
f 1155/1461/1155 1154/1460/1154 1157/1463/1157
f 1136/1442/1136 1157/1463/1157 1154/1460/1154
f 1157/1463/1157 1136/1442/1136 1135/1441/1135
f 1137/1443/1137 1130/1436/1130 1132/1438/1132
f 1130/1436/1130 1137/1443/1137 1134/1440/1134
f 1158/1464/1158 1143/1449/1143 1145/1451/1145
f 1143/1449/1143 1158/1464/1158 1159/1465/1159
f 1140/1446/1140 1159/1465/1159 1158/1464/1158
f 1159/1465/1159 1140/1446/1140 1139/1445/1139
f 1141/1447/1141 1160/1466/1160 1161/1467/1161
f 1160/1466/1160 1141/1447/1141 1138/1444/1138
f 1162/1468/1162 1161/1467/1161 1163/1469/1163
f 1161/1467/1161 1162/1468/1162 1141/1447/1141
f 1164/1470/1164 1135/1441/1135 1137/1443/1137
f 1135/1441/1135 1164/1470/1164 1165/1471/1165
f 1165/1471/1165 1159/1465/1159 1139/1445/1139
f 1159/1465/1159 1165/1471/1165 1164/1470/1164
f 1165/1471/1165 1157/1463/1157 1135/1441/1135
f 1157/1463/1157 1165/1471/1165 1162/1468/1162
f 1162/1468/1162 1139/1445/1139 1141/1447/1141
f 1139/1445/1139 1162/1468/1162 1165/1471/1165
f 1164/1470/1164 1143/1449/1143 1159/1465/1159
f 1143/1449/1143 1164/1470/1164 1152/1458/1152
f 1152/1458/1152 1137/1443/1137 1132/1438/1132
f 1137/1443/1137 1152/1458/1152 1164/1470/1164
f 1162/1468/1162 1155/1461/1155 1157/1463/1157
f 1155/1461/1155 1162/1468/1162 1163/1469/1163
f 1146/1452/1146 1153/1459/1153 1151/1457/1151
f 1153/1459/1153 1146/1452/1146 1144/1450/1144
f 1152/1458/1152 1144/1450/1144 1143/1449/1143
f 1144/1450/1144 1152/1458/1152 1153/1459/1153
f 1149/1455/1149 1153/1459/1153 1131/1437/1131
f 1153/1459/1153 1149/1455/1149 1151/1457/1151
f 1147/1453/1147 1151/1457/1151 1148/1454/1148
f 1151/1457/1151 1147/1453/1147 1146/1452/1146
f 1150/1456/1150 1131/1437/1131 1133/1439/1133
f 1131/1437/1131 1150/1456/1150 1149/1455/1149
f 1166/1472/1166 1155/1461/1155 1163/1469/1163
f 1155/1461/1155 1166/1472/1166 1167/1473/1167
f 1168/1474/1168 1163/1469/1163 1161/1467/1161
f 1163/1469/1163 1168/1474/1168 1166/1472/1166
f 1169/1475/1169 1161/1467/1161 1160/1466/1160
f 1161/1467/1161 1169/1475/1169 1168/1474/1168
f 1170/1476/1170 1160/1477/1160 1171/1478/1171
f 1160/1477/1160 1170/1476/1170 1169/1479/1169
f 1172/1480/1172 1171/1478/1171 1156/1481/1156
f 1171/1478/1171 1172/1480/1172 1170/1476/1170
f 1167/1473/1167 1156/1462/1156 1155/1461/1155
f 1156/1462/1156 1167/1473/1167 1172/1482/1172
f 1173/1483/1173 1166/1472/1166 1174/1484/1174
f 1166/1472/1166 1173/1483/1173 1167/1473/1167
f 1174/1484/1174 1168/1474/1168 1175/1485/1175
f 1168/1474/1168 1174/1484/1174 1166/1472/1166
f 1175/1485/1175 1169/1475/1169 1176/1486/1176
f 1169/1475/1169 1175/1485/1175 1168/1474/1168
f 1176/1487/1176 1170/1476/1170 1177/1488/1177
f 1170/1476/1170 1176/1487/1176 1169/1479/1169
f 1177/1488/1177 1172/1480/1172 1178/1489/1178
f 1172/1480/1172 1177/1488/1177 1170/1476/1170
f 1173/1483/1173 1172/1482/1172 1167/1473/1167
f 1172/1482/1172 1173/1483/1173 1178/1490/1178
f 1160/1477/1160 1138/1491/1138 1171/1478/1171
f 1138/1491/1138 1179/1492/1179 1171/1478/1171
f 1171/1478/1171 1179/1492/1179 1156/1481/1156
f 1156/1481/1156 1179/1492/1179 1154/1493/1154
f 1179/1492/1179 1180/1494/1180 1154/1493/1154
f 1154/1493/1154 1180/1494/1180 1136/1495/1136
f 1180/1494/1180 1181/1496/1181 1136/1495/1136
f 1136/1495/1136 1181/1496/1181 1134/1497/1134
f 1181/1496/1181 1182/1498/1182 1134/1497/1134
f 1182/1498/1182 1130/1499/1130 1134/1497/1134
f 1130/1499/1130 1182/1498/1182 1133/1500/1133
f 1182/1498/1182 1183/1501/1183 1133/1500/1133
f 1133/1500/1133 1183/1501/1183 1150/1502/1150
f 1150/1502/1150 1183/1501/1183 1148/1503/1148
f 1148/1503/1148 1183/1501/1183 1147/1504/1147
f 1147/1504/1147 1183/1501/1183 1142/1505/1142
f 1183/1501/1183 1182/1498/1182 1142/1505/1142
f 1142/1505/1142 1182/1498/1182 1145/1506/1145
f 1182/1498/1182 1181/1496/1181 1145/1506/1145
f 1145/1506/1145 1181/1496/1181 1158/1507/1158
f 1181/1496/1181 1180/1494/1180 1158/1507/1158
f 1158/1507/1158 1180/1494/1180 1140/1508/1140
f 1180/1494/1180 1179/1492/1179 1140/1508/1140
f 1140/1508/1140 1179/1492/1179 1138/1491/1138
