# Blender 4.2.3 LTS
# www.blender.org
mtllib doll_chairseat.mtl
o rdmobj00.001
v 0.239185 0.745208 -0.185451
v 0.288262 0.774979 -0.222908
v 0.270274 0.677854 -0.205174
v 0.331046 0.704931 -0.243129
v 0.308255 0.605083 -0.196274
v 0.372563 0.631453 -0.238705
v 0.345599 0.529629 -0.180575
v 0.398749 0.567491 -0.233678
v 0.432734 0.620477 -0.196675
v 0.431570 0.673459 -0.194439
v 0.437398 0.649679 -0.107490
v 0.433302 0.687691 -0.086451
v 0.390628 0.669915 -0.000470
v 0.472076 0.619825 -0.022159
v 0.316358 0.629576 -0.002571
v 0.452567 0.541272 0.001200
v 0.272347 0.604945 -0.047839
v 0.390661 0.503994 -0.025717
v 0.391857 0.739764 -0.195959
v 0.398390 0.748312 -0.096589
v 0.366489 0.722980 -0.014778
v 0.292973 0.682638 -0.013787
v 0.246836 0.656561 -0.060641
v 0.350482 0.799520 -0.179063
v 0.363051 0.795423 -0.087366
v 0.341464 0.764506 -0.011847
v 0.272454 0.725224 -0.010335
v 0.225428 0.709620 -0.055426
v -0.245916 0.688281 -0.109406
v -0.249307 0.604885 -0.081065
v -0.312010 0.684979 -0.124719
v -0.323206 0.589763 -0.082901
v -0.232645 0.544579 -0.012861
v -0.309900 0.522113 -0.007686
v -0.250605 0.493630 0.067102
v -0.333842 0.507095 0.075212
v -0.129212 0.573169 0.115615
v -0.154757 0.651364 0.054583
v -0.136858 0.625998 0.155330
v -0.184768 0.693209 0.100828
v -0.207607 0.669246 0.186797
v -0.261145 0.708928 0.132330
v -0.289355 0.640665 0.163008
v -0.335323 0.650493 0.102143
v -0.362353 0.569612 0.039869
v -0.360048 0.580449 0.115401
v -0.372141 0.629468 -0.026548
v -0.348033 0.693085 0.043685
v -0.282202 0.730221 0.091631
v -0.204942 0.712985 0.066583
v -0.171460 0.676535 0.016255
v -0.360013 0.709673 -0.065456
v -0.338074 0.745580 0.015650
v -0.281342 0.761092 0.073906
v -0.206277 0.742332 0.055371
v -0.175563 0.718708 0.001194
v -0.101546 1.233348 0.206204
v 0.022361 1.261086 0.019612
v -0.132402 1.287181 0.082484
v 0.051008 1.198692 0.142323
v 0.249126 1.185617 0.078881
v 0.206663 1.245995 -0.025609
v -0.154771 1.789579 0.345606
v -0.036893 1.980633 0.328734
v -0.196900 1.813218 0.282367
v -0.107306 2.004556 0.217804
v -0.245418 1.834072 0.200987
v -0.021864 1.899769 0.385531
v 0.121265 1.876356 0.426621
v 0.113620 1.941654 0.386244
v 0.224898 1.853690 0.417624
v 0.221863 1.916802 0.390527
v 0.289107 1.837713 0.395952
v 0.292094 1.904782 0.365364
v 0.341871 1.826323 0.371616
v 0.340784 1.897623 0.341833
v 0.387884 1.885996 0.316893
v 0.393104 1.817318 0.343328
v 0.449472 1.872165 0.275353
v 0.449881 1.809568 0.303779
v 0.512645 1.863400 0.184331
v 0.520259 1.798108 0.224723
v 0.561520 1.863276 0.025926
v 0.573232 1.783063 0.084402
v 0.567679 1.700900 0.141977
v 0.578577 1.622095 0.064957
v 0.581062 1.645274 -0.026736
v 0.561748 1.664437 -0.101522
v 0.520419 1.881451 -0.099836
v 0.530886 1.681828 -0.191836
v 0.512336 1.719062 0.238683
v 0.434229 1.696623 0.323514
v 0.385293 1.713028 0.356483
v 0.329410 1.724608 0.386412
v 0.272049 1.735237 0.413786
v 0.214634 1.739688 0.434633
v 0.112547 1.797467 0.440983
v 0.001279 1.811978 0.428585
v -0.088764 1.752966 0.402640
v -0.066443 1.045797 -0.065409
v -0.071511 1.064097 -0.049218
v -0.009171 1.046860 -0.091494
v -0.010366 1.067995 -0.081431
v 0.055475 1.056775 -0.068189
v 0.050842 1.041035 -0.077757
v 0.327480 1.499700 -0.430974
v 0.288082 1.312033 -0.441717
v 0.073088 1.368683 -0.451484
v 0.234884 1.159537 -0.328166
v 0.052113 1.202685 -0.344026
v 0.152755 1.108057 -0.176416
v 0.059957 1.122224 -0.215770
v 0.088257 1.082183 -0.090280
v 0.039994 1.091350 -0.115501
v -0.017527 1.096812 -0.112746
v -0.044662 1.136932 -0.203957
v -0.096903 1.234837 -0.303433
v -0.122631 1.411071 -0.390038
v 0.113038 1.553058 -0.459174
v -0.352067 1.264419 -0.058184
v -0.234320 1.251466 -0.219101
v -0.204601 1.147699 -0.074624
v -0.143247 1.144276 -0.159315
v -0.109484 1.097942 -0.049671
v -0.073061 1.100061 -0.092977
v -0.292131 1.439216 -0.269532
v -0.421138 1.449533 -0.087069
v -0.376911 1.637605 -0.075164
v -0.265595 1.627167 -0.267966
v -0.091017 1.596515 -0.395281
v 0.529931 1.247492 0.017455
v 0.526021 1.235395 0.013137
v 0.528863 1.226576 -0.038800
v 0.510050 1.224005 0.081437
v 0.492111 1.163559 0.036767
v 0.464175 1.210969 0.197445
v 0.417724 1.136835 0.170692
v 0.276234 1.090227 0.086155
v 0.425005 1.107168 -0.076552
v 0.498670 1.229325 -0.171552
v 0.557488 1.336453 -0.083417
v 0.548316 1.264921 -0.007679
v 0.576666 1.387548 0.012143
v 0.561070 1.289624 0.078609
v 0.543301 1.428988 0.171378
v 0.525729 1.313533 0.196329
v 0.445752 1.462659 0.311811
v 0.439459 1.344259 0.327797
v 0.363316 1.492220 0.375720
v 0.355197 1.372332 0.394050
v 0.414750 1.241557 0.325366
v 0.497038 1.231975 0.205870
v 0.528020 1.234899 0.100750
v 0.513664 1.461174 -0.225152
v 0.551072 1.455749 -0.130726
v 0.580345 1.486609 -0.034752
v 0.567861 1.516161 0.065705
v 0.516301 1.486727 0.192795
v 0.463477 1.503289 0.274289
v 0.440604 1.570245 0.294362
v 0.500894 1.566253 0.220478
v 0.535200 1.538536 0.138762
v 0.544733 1.599677 0.146191
v 0.532286 1.637646 0.182541
v 0.498675 1.648621 0.231994
v 0.461151 1.619805 0.279839
v 0.312219 1.611320 0.396403
v 0.299560 1.508546 0.411489
v 0.367570 1.595222 0.360897
v 0.401718 1.581969 0.326816
v 0.249410 1.618392 0.420687
v 0.231887 1.517979 0.442207
v 0.200129 1.621498 0.428819
v 0.127938 1.524937 0.472549
v 0.149998 1.627228 0.441403
v 0.286224 1.387767 0.433339
v 0.213296 1.400079 0.465703
v 0.106852 1.409277 0.495682
v -0.052556 1.426510 0.488089
v -0.045353 1.544310 0.469018
v -0.171572 1.432595 0.447834
v -0.154546 1.367542 0.443542
v -0.056403 1.339535 0.483927
v 0.084554 1.305684 0.491147
v 0.187885 1.284601 0.463199
v 0.259762 1.269985 0.430304
v 0.329628 1.257082 0.392076
v 0.405918 1.227412 0.285385
v 0.465221 1.225826 0.191476
v 0.505810 1.234222 0.082564
v 0.514955 1.241176 0.021353
v 0.512809 1.240304 0.020265
v 0.509476 1.219798 0.103121
v 0.482515 1.210834 0.204550
v 0.401850 1.215946 0.315401
v 0.315988 1.227435 0.380165
v 0.246578 1.240274 0.417649
v 0.175389 1.254608 0.450430
v 0.074555 1.279264 0.479196
v -0.056943 1.315400 0.475016
v -0.148105 1.347261 0.432649
v 0.231448 1.247206 0.386095
v 0.298757 1.236623 0.346207
v 0.379822 1.225661 0.287581
v 0.446517 1.224111 0.174674
v 0.474946 1.231439 0.083716
v 0.495673 1.245469 0.014058
v 0.496392 1.243331 0.013982
v 0.481876 1.237515 0.071292
v 0.445676 1.230799 0.169716
v 0.391189 1.232363 0.262477
v 0.292760 1.245480 0.341411
v 0.306601 1.238111 0.367467
v 0.242256 1.250200 0.405389
v 0.228987 1.255374 0.377914
v 0.162626 1.270559 0.406297
v 0.160212 1.263310 0.415294
v 0.066724 1.286025 0.443817
v -0.057654 1.321491 0.426807
v -0.141133 1.350689 0.392061
v -0.207840 1.380133 0.381585
v -0.201803 1.380746 0.363637
v -0.207817 1.381452 0.383818
v -0.202983 1.378949 0.364446
v -0.157527 1.362862 0.415053
v -0.152488 1.360405 0.389024
v -0.058947 1.328285 0.422122
v -0.053953 1.326238 0.451298
v 0.042958 1.299482 0.436389
v 0.052551 1.295792 0.462262
v 0.173402 1.263807 0.434013
v 0.238662 1.228249 0.408011
v 0.305135 1.217275 0.368426
v -0.216691 1.392583 0.392300
v -0.222136 1.380575 0.388252
v -0.164085 1.354660 0.419180
v -0.053552 1.311021 0.456340
v 0.048294 1.274930 0.463397
v 0.167752 1.243716 0.436887
v 0.133788 1.166808 0.388374
v 0.193743 1.153082 0.363749
v 0.103339 1.105299 0.256772
v 0.251892 1.145008 0.331727
v -0.291065 1.238208 0.262795
v -0.144935 1.146539 0.235025
v -0.212673 1.298179 0.385184
v -0.082428 1.230485 0.413840
v 0.019808 1.192607 0.414140
v -0.018220 1.126751 0.265307
v 0.026725 1.077284 0.117052
v -0.029555 1.081126 0.114229
v 0.010971 1.049173 0.075990
v -0.022216 1.051399 0.071420
v 0.005421 1.025260 0.071104
v -0.026391 1.026947 0.068232
v -0.069363 1.034001 0.033242
v -0.062924 1.055541 0.041362
v -0.091241 1.086387 0.076650
v 0.036325 1.024743 0.062383
v 0.041508 1.047818 0.062007
v 0.076702 1.072688 0.092142
v 0.196548 1.098163 0.188195
v 0.346265 1.132069 0.256591
v 0.401856 1.206767 0.286931
v 0.118936 1.069398 0.032489
v 0.072421 1.047448 0.020382
v 0.072884 1.027850 0.017307
v 0.306078 1.403654 0.105437
v 0.170892 1.447827 0.180686
v 0.218770 1.353704 -0.050193
v 0.027425 1.382457 -0.009778
v -0.116747 1.399858 0.072174
v 0.024748 1.458740 0.247678
v 0.179355 1.397026 0.354513
v 0.074827 1.409212 0.386897
v 0.234082 1.389438 0.329760
v -0.079320 1.401902 0.376750
v -0.136981 1.438974 0.293258
v -0.187044 1.410299 0.179721
v -0.220143 1.338360 0.200892
v -0.189882 1.287181 0.276845
v -0.111995 1.281518 0.381712
v -0.172929 1.325453 0.355852
v 0.006274 1.239418 0.377409
v 0.174533 1.200743 0.314761
v 0.341974 1.176553 0.213741
v 0.427484 1.178936 0.115937
v 0.456076 1.204622 0.043293
v 0.390619 1.181099 0.001658
v 0.445431 1.299710 0.112642
v 0.482960 1.276362 0.042936
v 0.481417 1.265495 0.004729
v 0.479123 1.233901 -0.000598
v 0.431528 1.198834 -0.024824
v 0.366841 1.227590 -0.085490
v 0.353173 1.305966 -0.090134
v 0.423532 1.329620 0.010847
v 0.371978 1.351139 0.236884
v 0.286210 1.376120 0.300580
v 0.444650 1.225543 -0.051676
v 0.443191 1.277035 -0.046917
v 0.454629 1.298901 -0.016021
v -0.032868 1.649910 0.426162
v 0.058168 1.653063 0.444485
v -0.013616 1.709171 0.428721
v 0.033115 1.735540 0.435130
v 0.093419 1.728097 0.437060
v 0.142532 1.682289 0.441068
v -0.329534 1.626253 0.200845
v -0.277661 1.618071 0.288165
v -0.209025 1.641313 0.364466
v -0.114615 1.649952 0.410949
v 0.003868 1.587171 0.452005
v 0.101425 1.574262 0.457445
v -0.200964 1.539759 0.405017
v -0.281486 1.500325 0.339607
v -0.353951 1.394087 0.253913
v -0.240340 1.418473 0.388896
v -0.267396 1.380853 0.359768
v -0.162244 1.401732 0.366865
v -0.194689 1.396782 0.343939
v -0.208461 1.366930 0.343248
v -0.217065 1.322119 0.294248
v -0.234449 1.355756 0.285028
v -0.211403 1.403746 0.280630
v -0.184809 1.423471 0.305683
v 0.566297 0.448565 -0.194594
v 0.596157 0.489094 -0.207798
v 0.602319 0.417255 -0.216345
v 0.625642 0.448191 -0.234235
v 0.711385 0.418211 -0.195776
v 0.664788 0.420169 -0.155814
v 0.673897 0.458742 -0.171113
v 0.637635 0.484858 -0.144026
v 0.616496 0.441306 -0.132026
v 0.635037 0.413771 -0.164213
v 0.666635 0.442425 -0.171311
v 0.654764 0.376514 -0.184793
v 0.690441 0.387406 -0.200091
v 0.651104 0.391938 -0.258108
v 0.623101 0.379763 -0.232745
v 0.601433 0.445405 -0.126262
v 0.561651 0.450365 -0.182429
v 0.537591 0.456162 -0.086663
v 0.495965 0.469058 -0.139875
v 0.431120 0.476167 -0.101671
v 0.468246 0.473410 -0.049244
v 0.690787 0.394110 -0.174142
v 0.733905 0.393084 -0.129102
v 0.700731 0.422933 -0.107868
v 0.671506 0.444176 -0.079473
v 0.645280 0.447180 -0.066022
v 0.579912 0.471305 -0.051475
v 0.515114 0.510151 0.000507
v 0.754843 0.420352 -0.140158
v 0.719139 0.461634 -0.110324
v 0.684855 0.488278 -0.080461
v 0.669383 0.489743 -0.065796
v 0.637634 0.497394 -0.040416
v 0.619879 0.512904 -0.067902
v 0.580847 0.475642 -0.060181
v 0.626150 0.495655 -0.061776
v 0.599657 0.463084 -0.053852
v 0.661022 0.462215 -0.050928
v 0.631042 0.439637 -0.046835
v 0.658420 0.452838 -0.019006
v 0.632415 0.437970 0.000267
v 0.587018 0.464050 0.004900
v 0.540318 0.495966 0.003690
v 0.379078 0.494252 -0.181761
v 0.445613 0.488104 -0.212791
v 0.514735 0.463856 -0.253756
v 0.516225 0.459525 -0.258117
v 0.556406 0.421982 -0.277801
v 0.548900 0.493498 -0.274133
v 0.580689 0.452397 -0.295519
v 0.577250 0.382410 -0.294558
v 0.605905 0.393117 -0.319653
v 0.605258 0.379328 -0.250758
v 0.639774 0.389162 -0.268048
v 0.618117 0.445397 -0.239940
v 0.587796 0.416550 -0.230019
v 0.413271 0.501807 -0.288323
v 0.472782 0.473568 -0.326108
v 0.466909 0.469865 -0.320431
v 0.491889 0.432284 -0.328879
v 0.524912 0.428109 -0.278944
v 0.529241 0.392327 -0.288582
v 0.500705 0.394958 -0.331185
v 0.527226 0.401404 -0.357739
v 0.517078 0.457678 -0.353037
v 0.495980 0.498905 -0.341735
v 0.488910 0.517818 -0.335841
v 0.440431 0.568360 -0.295522
v 0.399464 0.613376 -0.241757
v 0.360467 0.528849 -0.243082
v 0.560053 0.451957 -0.289820
v 0.563656 0.397183 -0.304315
v 0.624197 0.529106 -0.222138
v 0.687615 0.474240 -0.189759
v 0.654402 0.478842 -0.242195
v 0.673061 0.428502 -0.261197
v 0.704560 0.425173 -0.213367
v 0.725139 0.500420 -0.126325
v 0.658240 0.528917 -0.153305
v 0.693267 0.531369 -0.093306
v 0.650503 0.548960 -0.137300
v 0.686060 0.533279 -0.074805
v 0.607548 0.584301 -0.098171
v 0.627003 0.562477 -0.044937
v 0.585130 0.576625 -0.018934
v 0.556705 0.610589 -0.064048
v 0.477861 0.631926 -0.158293
v 0.556988 0.598096 -0.165580
v 0.605947 0.560489 -0.200701
v 0.751275 0.463822 -0.148319
v 0.628209 0.547933 -0.046478
v 0.639362 0.521299 -0.041613
v 0.660604 0.486769 -0.037947
v 0.660671 0.484843 -0.006327
v 0.640559 0.468963 0.011389
v 0.612864 0.506594 0.020609
v 0.571441 0.548510 0.014875
v 0.541814 0.577464 0.003102
v 0.512585 0.609642 -0.037706
v 0.604639 0.557328 -0.010586
v 0.632453 0.521348 -0.007048
v 0.720022 0.460029 -0.194047
v 0.690374 0.497956 -0.175192
v 0.640738 0.476340 -0.257788
v 0.656588 0.426169 -0.279901
v 0.628719 0.429114 -0.323619
v 0.609780 0.481694 -0.305423
v 0.580703 0.527337 -0.289852
v 0.558578 0.562521 -0.269678
v 0.512164 0.600336 -0.225928
v 0.457539 0.600389 -0.288921
v 0.511441 0.559734 -0.332658
v 0.532532 0.526190 -0.350380
v 0.552019 0.481884 -0.362335
v 0.557162 0.433363 -0.361363
v 0.582374 0.430669 -0.323448
v 0.585261 0.478364 -0.312266
v -0.230006 0.525853 0.414845
v -0.267951 0.524073 0.460251
v -0.249873 0.485862 0.464121
v -0.309155 0.464755 0.432911
v -0.316737 0.506758 0.435530
v -0.252135 0.561540 0.420274
v -0.293012 0.577073 0.339703
v -0.305713 0.544014 0.393891
v -0.294371 0.504497 0.382071
v -0.273957 0.530490 0.332004
v -0.318949 0.535600 0.379604
v -0.360118 0.553054 0.303790
v -0.367882 0.520435 0.354467
v -0.341821 0.508918 0.292756
v -0.354774 0.482318 0.341128
v -0.332890 0.496411 0.418685
v -0.377490 0.481019 0.396993
v -0.297527 0.499959 0.371957
v -0.316304 0.457464 0.419529
v -0.369053 0.439262 0.392846
v -0.210754 0.553589 0.368906
v -0.222874 0.601905 0.370222
v -0.205479 0.610887 0.339855
v -0.270354 0.592997 0.299743
v -0.240286 0.593465 0.240097
v -0.332344 0.547527 0.251947
v -0.299991 0.607550 0.209227
v -0.391620 0.507144 0.208998
v -0.367999 0.539103 0.143823
v -0.341086 0.543115 0.277028
v -0.397895 0.454329 0.268792
v -0.381106 0.475504 0.193173
v -0.379740 0.415754 0.247281
v -0.395452 0.426677 0.294641
v -0.377836 0.519518 0.334617
v -0.354398 0.484336 0.327599
v -0.376249 0.401948 0.258074
v -0.362853 0.373008 0.281361
v -0.392219 0.420431 0.314297
v -0.424036 0.464373 0.342220
v -0.385043 0.478738 0.360942
v -0.364003 0.441480 0.363575
v -0.408247 0.409183 0.330831
v -0.152271 0.615655 0.236646
v -0.168585 0.613927 0.282805
v -0.155988 0.618839 0.396537
v -0.141621 0.620067 0.375263
v -0.141905 0.575754 0.402693
v -0.182007 0.602001 0.442401
v -0.164717 0.563815 0.448674
v -0.197639 0.577797 0.483341
v -0.186396 0.538834 0.501351
v -0.247145 0.562505 0.463402
v -0.247561 0.520489 0.471203
v -0.231202 0.544098 0.417991
v -0.235209 0.586621 0.419256
v -0.131743 0.575263 0.387497
v -0.112838 0.607730 0.314686
v -0.088075 0.593792 0.272220
v -0.172716 0.653668 0.215966
v -0.087035 0.598426 0.242231
v -0.052212 0.562533 0.284133
v -0.073831 0.521222 0.249880
v -0.062588 0.501941 0.292703
v -0.060131 0.506016 0.349086
v -0.045072 0.555560 0.342495
v -0.077478 0.589833 0.305213
v -0.107453 0.562662 0.356482
v -0.112879 0.596781 0.330323
v -0.072822 0.579016 0.349281
v -0.053136 0.543246 0.387788
v -0.063660 0.513806 0.400944
v -0.133615 0.563961 0.346080
v -0.107296 0.582925 0.355508
v -0.102621 0.569154 0.393528
v -0.070967 0.568010 0.394057
v -0.082958 0.541430 0.412491
v -0.127036 0.554424 0.361577
v -0.115048 0.550063 0.409424
v -0.349046 0.383279 0.230128
v -0.346270 0.388924 0.225339
v -0.330990 0.360726 0.253029
v -0.323186 0.463983 0.281097
v -0.343118 0.444896 0.312041
v -0.349431 0.418020 0.337126
v -0.332960 0.350053 0.277303
v -0.256008 0.482472 0.323048
v -0.333614 0.446351 0.331783
v -0.322852 0.460573 0.286310
v -0.341126 0.422124 0.165422
v -0.267960 0.455324 0.186509
v -0.249935 0.478366 0.329174
v -0.192613 0.498615 0.361825
v -0.196050 0.505645 0.366542
v -0.131317 0.526727 0.393559
v -0.140191 0.529862 0.406589
v -0.207376 0.458325 0.258794
v -0.155057 0.469468 0.302667
v -0.117892 0.506729 0.333028
v -0.122410 0.519418 0.193039
v -0.171921 0.505946 0.155150
v -0.253381 0.472185 0.114932
v -0.326301 0.465109 0.104606
v -0.110800 0.513775 0.399908
v -0.118697 0.512525 0.360920
v -0.125519 0.510585 0.338531
v -0.162628 0.521042 0.445710
v -0.176889 0.505733 0.490483
v -0.215076 0.504946 0.421451
v -0.227754 0.490472 0.457793
v -0.219892 0.486641 0.399681
v -0.234311 0.461146 0.436327
v -0.272994 0.468407 0.374224
v -0.283211 0.443671 0.411510
v -0.284511 0.461665 0.357323
v -0.298943 0.434749 0.391786
v -0.343648 0.419403 0.369918
v 0.284356 0.564532 0.365118
v 0.299941 0.516421 0.437993
v 0.340840 0.492022 0.355640
v 0.350322 0.464550 0.406612
v 0.269639 0.592928 0.281491
v 0.331784 0.513091 0.294937
v 0.339175 0.396130 0.302738
v 0.337892 0.392083 0.334547
v 0.342431 0.367552 0.355079
v 0.252227 0.332005 0.165888
v 0.328788 0.384718 0.178734
v 0.263312 0.344583 0.297613
v 0.259071 0.348442 0.317035
v 0.261846 0.326303 0.328670
v 0.276383 0.243838 0.371005
v 0.363601 0.290112 0.402353
v 0.373176 0.402341 0.481759
v 0.314149 0.476510 0.504090
v 0.205667 0.489287 0.496211
v 0.205606 0.539206 0.445556
v 0.192889 0.586202 0.363793
v 0.179075 0.602838 0.272995
v 0.177355 0.570532 0.176772
v 0.263671 0.570210 0.177877
v 0.322959 0.493525 0.180691
v 0.129021 0.428956 0.470463
v 0.132592 0.479326 0.417000
v 0.121153 0.521794 0.350527
v 0.114363 0.517352 0.264085
v 0.118814 0.482765 0.161425
v -0.157394 0.327605 0.122024
v -0.158414 0.324722 0.264869
v -0.249664 0.317291 0.153254
v -0.259582 0.314847 0.270118
v -0.156106 0.334135 0.284251
v -0.253922 0.320037 0.282487
v -0.158586 0.313779 0.300539
v -0.255145 0.300448 0.284929
v -0.161973 0.223686 0.330127
v -0.268315 0.210409 0.314237
v 0.160173 0.336628 0.129986
v 0.162414 0.350469 0.291723
v 0.162133 0.356477 0.317129
v 0.166009 0.335820 0.343076
v 0.169928 0.256736 0.386182
v -0.326868 0.368488 0.170252
v -0.335664 0.365958 0.283212
v -0.322605 0.479402 0.187886
v -0.331012 0.476991 0.298122
v -0.264131 0.561570 0.199623
v -0.271382 0.558197 0.305195
v -0.175895 0.576789 0.199803
v -0.179778 0.579102 0.302443
v -0.113159 0.499301 0.281260
v -0.115841 0.492841 0.176589
v -0.332301 0.364326 0.306607
v -0.333584 0.466538 0.351192
v -0.275516 0.537651 0.384534
v -0.183384 0.558479 0.393784
v -0.112603 0.497545 0.362337
v -0.121182 0.378639 0.448492
v -0.121694 0.447746 0.412360
v -0.197652 0.433206 0.484941
v -0.195070 0.498369 0.454380
v -0.289363 0.481490 0.436578
v -0.306939 0.422563 0.483745
v -0.342008 0.435218 0.389293
v -0.366830 0.353563 0.443188
v -0.335582 0.340101 0.316702
v -0.356117 0.251894 0.349956
v -0.101144 0.401616 -0.121480
v -0.042350 0.369064 -0.067886
v -0.100245 0.389319 -0.047348
v -0.000000 0.411323 -0.026134
v -0.022380 0.403958 0.132744
v 0.000001 0.410376 0.146818
v -0.061277 0.405646 0.045447
v 0.022380 0.403958 0.132744
v 0.061172 0.406817 0.049382
v -0.000001 0.410376 0.146818
v -0.190840 0.419605 -0.037388
v -0.161199 0.424836 -0.095618
v -0.211527 0.557037 -0.086960
v -0.173598 0.559900 -0.153028
v -0.214028 0.465277 -0.056551
v -0.177761 0.466954 -0.136869
v 0.191030 0.419431 -0.035234
v 0.100860 0.387210 -0.039602
v 0.161640 0.423232 -0.091522
v 0.101363 0.400804 -0.119329
v 0.177709 0.467454 -0.136118
v 0.100217 0.461251 -0.180723
v 0.173352 0.561201 -0.153393
v 0.099755 0.553572 -0.187558
v 0.000000 0.549548 -0.203659
v 0.000000 0.448710 -0.193337
v -0.000000 0.385082 -0.135903
v -0.100217 0.461251 -0.180723
v -0.099755 0.553573 -0.187559
v 0.214358 0.464114 -0.053430
v 0.211820 0.555595 -0.085491
v -0.000000 0.365228 -0.060567
v 0.042481 0.368616 -0.065699
v -0.197763 0.572528 0.085008
v -0.192280 0.520167 0.083725
v -0.174853 0.570699 0.142617
v -0.167015 0.515481 0.136894
v -0.160690 0.491083 0.105151
v -0.146596 0.485834 0.135329
v -0.101869 0.433019 0.119505
v -0.104733 0.444925 0.152929
v -0.043906 0.390787 0.119276
v -0.043963 0.413659 0.160709
v -0.108323 0.490739 0.171468
v -0.038996 0.474671 0.189733
v -0.038995 0.567341 0.191889
v -0.108719 0.569914 0.172427
v 0.197966 0.570748 0.080211
v 0.174467 0.572047 0.136419
v 0.192234 0.519859 0.080276
v 0.165614 0.521946 0.128063
v 0.159501 0.497275 0.102763
v 0.144705 0.495334 0.129105
v 0.100628 0.439910 0.119927
v 0.103239 0.452753 0.150284
v 0.043407 0.393579 0.119793
v 0.043963 0.413659 0.160709
v 0.107357 0.495426 0.166849
v 0.038996 0.474671 0.189733
v 0.038995 0.567341 0.191889
v 0.108719 0.569914 0.172427
v -0.000001 0.475780 0.172938
v 0.026478 0.464993 0.155954
v -0.000001 0.567193 0.174596
v 0.043202 0.567522 0.158689
v 0.104164 0.454266 0.040371
v 0.133074 0.549360 -0.003995
v 0.000000 0.451037 -0.067099
v 0.000000 0.558921 -0.107957
v -0.131908 0.555874 -0.004105
v -0.103294 0.458423 0.037211
v -0.043201 0.567522 0.158689
v -0.026478 0.464994 0.155954
v 0.000002 0.567193 0.174596
v 0.000001 0.475780 0.172938
v -0.291151 1.863261 -0.062879
v -0.173626 2.017291 -0.045908
v -0.186188 1.846943 -0.233958
v -0.092552 1.987610 -0.179364
v 0.038241 1.956058 -0.278703
v -0.027273 1.815784 -0.353809
v 0.162472 1.778567 -0.410385
v 0.196743 1.930874 -0.325753
v 0.354255 1.913766 -0.313025
v 0.358366 1.735881 -0.391546
v 0.164690 1.994651 0.260442
v 0.285810 1.973761 0.203684
v 0.103211 2.028015 0.133482
v 0.223356 2.007211 0.067299
v 0.046474 2.050310 0.009232
v 0.166055 2.032547 -0.055760
v 0.287416 2.003057 -0.112689
v 0.346878 1.980229 0.010182
v 0.402519 1.948010 0.140096
v -0.143328 0.364143 0.052599
v -0.213962 0.355058 0.060710
v 0.215226 0.359744 0.059690
v 0.145155 0.365703 0.056927
v -0.279042 0.402792 0.067425
v -0.277577 0.484055 0.084632
v -0.229213 0.539800 0.110717
v -0.166246 0.546260 0.130877
v -0.121070 0.480816 0.120979
v 0.123014 0.467616 0.111371
v 0.168304 0.526955 0.121251
v 0.229501 0.530102 0.098622
v 0.277703 0.480678 0.077775
v 0.279752 0.404795 0.066006
v 0.251894 0.836889 -0.186954
v 0.210543 0.797599 -0.154945
v 0.223974 0.875424 -0.158001
v 0.189886 0.842398 -0.129290
v 0.199527 0.919967 -0.114581
v 0.167628 0.892444 -0.101603
v 0.302009 0.859441 -0.145558
v 0.269512 0.894859 -0.117130
v 0.325640 0.839494 -0.071540
v 0.285857 0.880472 -0.056148
v 0.307415 0.812698 -0.005828
v 0.268730 0.855886 0.000368
v 0.216538 0.825651 0.007887
v 0.245756 0.776478 -0.000743
v 0.201233 0.758628 -0.042856
v 0.178686 0.807064 -0.029051
v 0.156573 0.859976 -0.022438
v 0.189074 0.876601 0.010231
v 0.225983 0.904948 0.004435
v 0.239836 0.924169 -0.042683
v 0.230563 0.929970 -0.086526
v -0.291842 0.769959 -0.131935
v -0.231390 0.758479 -0.114187
v -0.270088 0.828175 -0.131052
v -0.219532 0.817984 -0.113878
v -0.241203 0.897892 -0.110831
v -0.200175 0.881860 -0.105737
v -0.202078 0.792559 0.038825
v -0.193637 0.842545 0.020991
v -0.270852 0.809331 0.051326
v -0.252150 0.857114 0.028534
v -0.293448 0.855091 -0.018132
v -0.318261 0.801205 -0.001950
v -0.303754 0.849314 -0.080789
v -0.329865 0.794520 -0.080216
v -0.263862 0.908630 -0.076037
v -0.257267 0.913051 -0.032225
v -0.224849 0.907541 0.009827
v -0.183229 0.884864 0.007373
v -0.159635 0.868422 -0.032394
v -0.165028 0.822690 -0.022822
v -0.170970 0.770167 -0.012296
v 0.289840 0.197474 0.434460
v 0.375986 0.253109 0.462659
v 0.291292 0.182421 0.463696
v 0.379844 0.238141 0.492186
v 0.381705 0.396481 0.509458
v 0.313399 0.493692 0.522901
v 0.288251 0.193071 0.486407
v 0.367515 0.241750 0.511252
v 0.376594 0.388771 0.559345
v 0.388055 0.391255 0.542582
v 0.318239 0.507080 0.575693
v 0.321794 0.512097 0.562158
v 0.185435 0.537842 0.543345
v 0.195624 0.512337 0.506070
v 0.111875 0.439341 0.481099
v 0.093035 0.434213 0.511451
v 0.099169 0.432748 0.528074
v 0.183466 0.532362 0.557137
v -0.375829 0.179304 0.443052
v -0.385168 0.328450 0.505263
v -0.377502 0.338448 0.473596
v -0.307180 0.434768 0.506843
v -0.188133 0.452125 0.501363
v -0.371145 0.197131 0.415819
v -0.284447 0.143751 0.385031
v -0.286688 0.126071 0.411868
v -0.104909 0.383647 0.464580
v -0.179645 0.467831 0.544083
v -0.317536 0.443868 0.548813
v -0.314967 0.435702 0.560968
v -0.374465 0.323463 0.521291
v -0.364079 0.181041 0.461932
v -0.284308 0.134646 0.434581
v -0.178687 0.459220 0.556291
v -0.095339 0.365829 0.509338
v -0.088138 0.370871 0.493890
v -0.169175 0.152503 0.429806
v -0.167554 0.143453 0.406284
v -0.171544 0.162124 0.380583
v 0.173156 0.210272 0.478333
v 0.172217 0.198925 0.454929
v 0.176983 0.214761 0.427210
v -0.240771 0.286907 0.492307
v -0.105992 0.248311 0.462375
v 0.109148 0.308530 0.502542
v 0.243018 0.349342 0.533486
v -0.038997 0.856854 0.164975
v -0.108683 0.756073 0.153751
v -0.038997 0.756036 0.170328
v -0.050695 0.998816 0.023386
v -0.000000 1.000531 0.099571
v -0.020858 1.000513 0.079028
v -0.006709 0.990406 -0.041880
v 0.049071 0.994452 0.012128
v 0.023243 1.000068 0.077934
v -0.203311 0.850824 -0.086709
v -0.160186 0.763730 -0.167187
v -0.181141 0.756108 -0.074302
v -0.097449 0.766851 -0.192972
v -0.162559 0.850124 -0.172170
v -0.156085 0.924131 -0.168377
v -0.197807 0.917152 -0.110237
v -0.123955 0.992272 -0.138089
v -0.173310 0.979100 -0.093742
v -0.101631 1.021163 -0.098610
v -0.103803 1.027259 -0.074042
v -0.061817 1.031148 -0.108488
v -0.004686 1.031462 -0.115369
v -0.067737 0.997961 -0.158347
v 0.000001 0.999893 -0.156245
v -0.082759 0.933110 -0.182194
v 0.000001 0.932840 -0.183578
v 0.000001 0.861706 -0.200301
v 0.082761 0.933110 -0.182194
v 0.093239 0.862516 -0.190865
v 0.143927 0.932961 -0.160847
v 0.154728 0.861544 -0.170364
v 0.194344 0.862624 -0.083718
v 0.161665 0.766894 -0.170353
v 0.200807 0.764757 -0.098564
v -0.094527 0.861549 -0.191647
v 0.182204 0.927402 -0.100001
v 0.121797 0.993108 -0.136363
v 0.160137 0.983218 -0.082690
v 0.101634 1.021162 -0.098610
v 0.102581 1.026453 -0.075830
v 0.057451 1.029911 -0.110982
v 0.067739 0.997961 -0.158347
v 0.097511 0.767056 -0.193143
v 0.108684 0.756073 0.153751
v 0.038999 0.856854 0.164975
v 0.038998 0.756036 0.170328
v 0.199304 0.760362 0.062622
v 0.191067 0.874531 0.028365
v 0.174867 0.757524 0.115824
v 0.167174 0.862885 0.107855
v 0.102145 0.858153 0.147888
v 0.038999 0.927163 0.149938
v 0.098035 0.924907 0.134407
v 0.035499 1.000071 0.110276
v 0.085423 0.994724 0.102442
v 0.035678 1.018901 0.079632
v 0.075464 1.019979 0.068835
v 0.099641 1.015826 0.046501
v 0.102114 1.019984 0.023144
v 0.137316 0.988413 0.081591
v 0.158023 0.979813 0.023118
v 0.183798 0.923258 0.034637
v 0.158585 0.923809 0.096254
v -0.164308 0.799362 0.077075
v -0.166162 0.770884 0.117475
v -0.191754 0.884686 0.022280
v -0.166038 0.870051 0.105189
v -0.159931 0.929077 0.092102
v -0.098033 0.924907 0.134407
v -0.085420 0.994725 0.102442
v -0.035496 1.000071 0.110276
v -0.029039 1.020212 0.083011
v 0.003373 1.018469 0.085763
v 0.000002 1.000109 0.108924
v -0.189220 0.930274 0.025462
v -0.139266 0.990730 0.078400
v -0.165344 0.983537 0.013782
v -0.101773 1.021677 0.027499
v -0.099638 1.015827 0.046501
v -0.074027 1.020537 0.070463
v -0.102124 0.858312 0.147823
v -0.038997 0.927163 0.149938
v 0.000001 0.768122 -0.204734
v -0.000000 0.927659 0.134076
v 0.037565 0.929337 0.112293
v -0.000000 0.858428 0.148788
v 0.046179 0.862304 0.125899
v 0.101963 0.937441 0.024206
v -0.001656 0.946087 -0.076990
v 0.000002 0.756748 0.155384
v -0.051352 0.757662 0.135442
v 0.000002 0.858428 0.148788
v -0.046177 0.862304 0.125899
v 0.000002 0.927659 0.134076
v -0.037563 0.929337 0.112293
v -0.105289 0.942068 0.018405
v 0.000001 0.872869 -0.103309
v 0.122932 0.860145 0.019957
v 0.051354 0.757662 0.135442
v -0.000001 0.756748 0.155384
v -0.124258 0.883227 0.006365
v 0.000001 0.771410 -0.118647
v 0.134946 0.764135 0.009855
v -0.106993 0.807747 0.014552
v -0.038996 0.660541 0.178560
v 0.000001 0.660724 -0.205152
v -0.068299 0.717435 0.038394
v -0.047735 0.660549 0.142362
v 0.000002 0.660546 0.162552
v 0.000001 0.661238 -0.126894
v 0.134945 0.660875 0.001462
v 0.047736 0.660549 0.142362
v -0.000001 0.660546 0.162552
v -0.098280 0.660663 -0.191197
v -0.164143 0.660079 -0.160868
v -0.187623 0.660744 -0.074180
v 0.098281 0.660663 -0.191197
v 0.166489 0.660604 -0.163504
v 0.208354 0.660437 -0.094848
v -0.175546 0.660383 0.131182
v -0.108276 0.660456 0.165553
v -0.135882 0.711492 0.113389
v 0.038997 0.660540 0.178560
v 0.108277 0.660456 0.165553
v 0.175547 0.660382 0.131182
v 0.199837 0.660299 0.076311
v 0.222456 0.721988 -0.115954
v 0.248433 0.660004 -0.130219
v 0.279117 0.598149 -0.119489
v 0.355411 0.503756 -0.085866
v -0.199406 0.702933 -0.054311
v -0.197796 0.639422 -0.033732
v -0.180551 0.595887 0.018003
v -0.171958 0.529145 0.090764
v -0.358816 1.245365 0.086848
v -0.434337 1.432512 0.070354
v -0.384668 1.633362 0.078308
v 0.412403 1.268479 -0.352836
v 0.339436 1.120425 -0.235317
v 0.450259 1.469903 -0.343466
v 0.110436 1.076741 -0.049102
v 0.209741 1.091766 -0.101700
v 0.070827 1.034539 -0.036498
v 0.067401 1.051391 -0.032766
v -0.114550 1.094894 -0.002285
v -0.216645 1.139468 0.021262
v -0.078513 1.041142 -0.019489
v -0.073407 1.059628 -0.011525
v 0.410339 0.617290 -0.206267
v 0.447547 0.646187 -0.128500
v 0.397727 0.480049 -0.083653
v 0.447702 0.483162 -0.035387
v 0.389700 0.551383 -0.230093
v 0.490392 0.522623 -0.010398
v 0.357808 0.506439 -0.172440
v -0.286632 0.635791 0.180190
v -0.361507 0.570277 0.123329
v -0.125826 0.544966 0.150089
v -0.170045 0.513839 0.119654
v -0.330041 0.497117 0.083027
v -0.109600 0.574773 0.189955
v -0.253292 0.484264 0.089189
v -0.114223 0.397732 0.134391
v -0.110520 0.413729 0.273769
v -0.107775 0.416328 0.323199
v -0.109349 0.392230 0.363878
v -0.111680 0.298662 0.402711
v 0.118864 0.339897 0.447436
v 0.118332 0.415943 0.386509
v 0.115261 0.436915 0.336090
v 0.112404 0.442774 0.283326
v 0.116469 0.400228 0.130700
v -0.042844 0.376973 0.027649
v 0.000001 0.384826 0.117602
v -0.000000 0.371250 0.022861
v 0.042751 0.377940 0.030830
v -0.161558 0.498165 0.088406
v -0.142736 0.474399 0.085926
v -0.182737 0.501770 0.065452
v -0.209642 0.500125 0.014690
v -0.196612 0.480880 0.029243
v -0.132052 0.433816 0.053952
v -0.094478 0.401560 0.043384
v -0.143079 0.402115 0.005661
v -0.180155 0.419570 -0.005361
v -0.202857 0.444607 0.001904
v 0.212935 0.556719 -0.004060
v 0.210665 0.495001 0.018333
v 0.160772 0.495995 0.085449
v 0.181894 0.499261 0.063191
v 0.142277 0.472882 0.084132
v 0.143965 0.400523 0.013087
v 0.132359 0.431747 0.052705
v 0.094560 0.402084 0.048759
v 0.202724 0.443179 0.002692
v 0.181085 0.415951 0.003222
v 0.196359 0.476999 0.030238
v -0.211892 0.562494 -0.004410
v -0.053538 2.020226 -0.146929
v -0.132654 2.042499 -0.038125
v -0.113976 2.044431 0.091782
v 0.211597 1.936972 0.372276
v 0.109788 1.965473 0.363200
v 0.011779 1.998161 0.321579
v 0.437614 1.936257 -0.187332
v 0.345648 1.948698 -0.280154
v 0.210721 1.968401 -0.280649
v 0.534713 1.895607 0.056965
v 0.503934 1.888176 0.163755
v 0.446910 1.890823 0.253204
v 0.463493 1.894654 -0.213615
v 0.474994 1.704860 -0.303333
v -0.161232 2.017171 0.102507
v -0.059809 2.028729 0.208787
v -0.295147 1.855895 0.086372
v 0.068831 1.994776 -0.233258
v 0.494809 1.919961 -0.071859
v 0.376585 1.905520 0.299036
v 0.332302 1.913458 0.318935
v 0.290207 1.922460 0.342744
v -0.148631 0.399172 0.022431
v -0.135831 0.428159 0.058857
v -0.112629 0.408520 0.084938
v -0.144774 0.470889 0.086188
v -0.202911 0.473717 0.038446
v -0.212044 0.437202 0.020953
v -0.190763 0.499627 0.066383
v 0.113914 0.407579 0.081092
v 0.135789 0.428410 0.056128
v 0.149521 0.398978 0.028124
v 0.143637 0.470582 0.081165
v 0.211499 0.436560 0.018915
v 0.201579 0.472057 0.035231
v 0.188683 0.498634 0.060614
v 0.166347 0.498364 0.079298
v -0.168543 0.498046 0.085685
v 0.181946 0.406331 0.019866
v -0.181920 0.405004 0.025709
v 0.186816 0.903878 0.011744
v 0.197304 0.938766 -0.000733
v 0.174904 0.875754 -0.014225
v 0.190859 0.884932 -0.006921
v 0.186937 0.919855 0.015201
v 0.179042 0.951795 -0.003271
v 0.157264 0.870669 -0.056950
v 0.176615 0.893107 -0.083701
v 0.174159 0.879320 -0.043479
v 0.188083 0.891970 -0.075367
v 0.190042 0.883791 -0.034983
v 0.189219 0.923944 -0.091027
v 0.185932 0.925852 -0.082150
v 0.201808 0.949660 -0.071956
v 0.183504 0.955816 -0.068598
v 0.198790 0.773369 -0.097385
v 0.177270 0.820608 -0.078605
v 0.201339 0.953242 -0.037411
v 0.176985 0.962598 -0.037528
v -0.193728 0.925699 0.005273
v -0.189054 0.910130 0.003734
v -0.195301 0.890460 -0.014322
v -0.179423 0.882557 -0.023611
v -0.205356 0.940971 -0.008486
v -0.189210 0.954514 -0.014934
v -0.214108 0.912308 -0.097875
v -0.225434 0.939333 -0.078576
v -0.200269 0.917971 -0.092372
v -0.198774 0.950025 -0.080868
v -0.195899 0.884831 -0.041421
v -0.184268 0.880908 -0.051819
v -0.172198 0.872217 -0.065076
v -0.196299 0.885949 -0.091001
v -0.198350 0.885567 -0.082285
v -0.193206 0.761823 -0.064077
v -0.185501 0.816096 -0.069742
v -0.218003 0.949114 -0.044732
v -0.189911 0.961409 -0.049887
v 0.102428 0.307136 0.482559
v 0.114576 0.315985 0.453406
v -0.098455 0.249717 0.443133
v -0.109400 0.263201 0.414993
v -0.174795 0.780088 0.003620
v -0.195598 0.859308 -0.029506
v -0.161362 0.992766 -0.042970
v 0.194911 0.855244 -0.026588
v 0.206198 0.763656 -0.018869
v 0.151838 0.992462 -0.033238
v -0.103427 1.027133 -0.024076
v 0.100856 1.024738 -0.030356
v 0.209624 0.660366 -0.011282
v -0.139442 0.690314 0.043337
v 0.000002 0.567458 0.189480
v 0.000001 0.476718 0.187096
v -0.000001 0.413203 0.158000
v -0.000001 0.476718 0.187096
v -0.000001 0.567458 0.189480
v 0.000002 0.756053 0.168834
v 0.000002 0.927222 0.146265
v -0.000000 0.927222 0.146265
v 0.000002 0.856951 0.161761
v -0.000001 0.756053 0.168834
v -0.000000 0.856951 0.161761
v 0.000002 0.660540 0.176730
v -0.000001 0.660540 0.176730
vn -0.7898 -0.1383 -0.5975
vn -0.1560 0.3163 -0.9357
vn -0.6941 -0.2938 -0.6572
vn -0.0157 0.0921 -0.9956
vn -0.6424 -0.4622 -0.6113
vn 0.0656 -0.0779 -0.9948
vn -0.7298 -0.5199 -0.4440
vn 0.3512 -0.4393 -0.8269
vn 0.7690 -0.6128 -0.1819
vn 0.8477 0.2489 -0.4685
vn 0.7938 0.6042 0.0699
vn 0.9345 0.2576 0.2459
vn 0.3786 0.2341 0.8955
vn 0.3946 0.5960 0.6993
vn -0.3349 -0.2062 0.9194
vn 0.0645 -0.1379 0.9883
vn -0.7527 -0.5132 0.4124
vn -0.3994 -0.6422 0.6543
vn 0.6878 0.5002 -0.5260
vn 0.8269 0.5406 0.1548
vn 0.4625 0.3411 0.8184
vn -0.3580 -0.0974 0.9286
vn -0.8627 -0.3672 0.3477
vn 0.6014 0.6390 -0.4795
vn 0.7953 0.5810 0.1732
vn 0.5127 0.2467 0.8223
vn -0.2636 -0.2534 0.9308
vn -0.8237 -0.4314 0.3681
vn 0.5042 -0.2253 -0.8337
vn 0.4395 -0.4767 -0.7613
vn -0.3423 -0.1672 -0.9246
vn -0.4004 -0.5452 -0.7365
vn 0.4731 -0.6694 -0.5729
vn -0.3357 -0.8162 -0.4703
vn 0.1840 -0.9032 -0.3877
vn -0.7560 -0.5730 -0.3164
vn 0.9471 -0.1285 -0.2941
vn 0.9313 0.2739 -0.2400
vn 0.8409 0.5168 0.1608
vn 0.6086 0.7747 0.1717
vn 0.0751 0.7923 0.6055
vn -0.1723 0.8002 0.5745
vn -0.6200 0.6172 0.4844
vn -0.8322 0.1863 0.5222
vn -0.9180 -0.3913 0.0646
vn -0.9287 0.3705 0.0128
vn -0.9756 -0.1279 -0.1787
vn -0.8806 0.3030 0.3644
vn -0.2945 0.6478 0.7026
vn 0.6685 0.6027 0.4357
vn 0.9769 0.1397 -0.1620
vn -0.9454 0.1346 -0.2968
vn -0.8584 0.3773 0.3474
vn -0.2730 0.4636 0.8429
vn 0.6405 0.2552 0.7243
vn 0.9994 0.0162 0.0302
vn 0.3891 0.9197 0.0515
vn 0.3385 0.5903 0.7327
vn 0.6147 0.4704 0.6331
vn 0.2112 0.9653 0.1533
vn 0.1339 0.9679 0.2128
vn 0.2815 0.5927 0.7546
vn -0.6214 0.3605 0.6957
vn -0.3953 0.6707 0.6276
vn -0.7124 0.4082 0.5709
vn -0.5529 0.7157 0.4268
vn -0.7655 0.4339 0.4751
vn -0.3506 0.4401 0.8267
vn 0.0148 0.3815 0.9243
vn -0.0124 0.5989 0.8007
vn 0.2488 0.2735 0.9291
vn 0.2407 0.5569 0.7949
vn 0.4047 0.2297 0.8852
vn 0.4036 0.5739 0.7126
vn 0.4740 0.2115 0.8548
vn 0.4485 0.6162 0.6474
vn 0.5110 0.5528 0.6582
vn 0.5410 0.2029 0.8161
vn 0.6590 0.4749 0.5833
vn 0.6737 0.1901 0.7142
vn 0.8142 0.4368 0.3824
vn 0.8301 0.2216 0.5117
vn 0.9093 0.4148 -0.0326
vn 0.9707 0.1809 0.1581
vn 0.9398 -0.0404 0.3394
vn 0.9802 -0.0611 0.1885
vn 0.9917 0.0436 -0.1207
vn 0.9582 0.0800 -0.2746
vn 0.8518 0.4402 -0.2840
vn 0.9201 0.1029 -0.3779
vn 0.7992 -0.0744 0.5964
vn 0.6619 -0.0446 0.7483
vn 0.5199 0.0127 0.8541
vn 0.4555 0.0268 0.8898
vn 0.3883 0.0385 0.9207
vn 0.2108 0.0439 0.9765
vn 0.0081 0.0807 0.9967
vn -0.2590 0.1947 0.9460
vn -0.4052 0.2109 0.8896
vn -0.4837 0.7761 -0.4047
vn -0.7803 -0.4575 -0.4265
vn -0.0446 0.7275 -0.6847
vn -0.1932 -0.3003 -0.9341
vn 0.5657 -0.5007 -0.6552
vn 0.4039 0.7872 -0.4661
vn 0.3671 0.0321 -0.9296
vn 0.2222 -0.3139 -0.9231
vn -0.1679 -0.2573 -0.9516
vn 0.0333 -0.7812 -0.6234
vn -0.2086 -0.6898 -0.6933
vn -0.0166 -0.9468 -0.3215
vn -0.0668 -0.8863 -0.4582
vn 0.1462 -0.9255 -0.3495
vn -0.0292 -0.8951 -0.4449
vn -0.1809 -0.8532 -0.4893
vn -0.2221 -0.8376 -0.4990
vn -0.3834 -0.6010 -0.7014
vn -0.4607 -0.1882 -0.8674
vn -0.0675 0.0942 -0.9933
vn -0.7826 -0.5535 -0.2849
vn -0.6076 -0.5490 -0.5740
vn -0.5330 -0.8089 -0.2482
vn -0.4003 -0.8127 -0.4233
vn -0.4956 -0.8352 -0.2385
vn -0.3015 -0.8381 -0.4546
vn -0.7231 -0.1170 -0.6807
vn -0.9387 -0.0539 -0.3405
vn -0.9161 0.2865 -0.2806
vn -0.7100 0.2215 -0.6684
vn -0.4189 0.1660 -0.8928
vn 0.6770 -0.7287 0.1028
vn 0.9028 -0.3097 0.2985
vn 0.8745 -0.4757 -0.0945
vn 0.9490 -0.0853 0.3036
vn 0.7221 -0.6805 0.1244
vn 0.8555 -0.2619 0.4467
vn 0.5227 -0.8141 0.2529
vn 0.1782 -0.9794 0.0948
vn 0.4641 -0.8795 -0.1051
vn 0.8165 -0.4454 -0.3674
vn 0.9480 -0.1828 -0.2605
vn 0.9123 -0.4076 -0.0401
vn 0.9957 -0.0875 0.0290
vn 0.9499 -0.2787 0.1418
vn 0.9111 0.0674 0.4067
vn 0.8859 -0.1527 0.4381
vn 0.7458 0.0922 0.6597
vn 0.7248 -0.0681 0.6856
vn 0.5795 0.1001 0.8088
vn 0.5556 -0.0227 0.8312
vn 0.6484 -0.3608 0.6704
vn 0.8224 -0.4124 0.3918
vn 0.7786 -0.6176 0.1110
vn 0.9397 -0.0612 -0.3364
vn 0.9012 -0.0778 -0.4264
vn 0.9941 -0.0250 -0.1056
vn 0.9654 -0.0241 0.2595
vn 0.8733 0.1286 0.4700
vn 0.8293 0.0900 0.5515
vn 0.7226 0.0014 0.6913
vn 0.8447 -0.0508 0.5329
vn 0.9167 -0.0445 0.3972
vn 0.9111 -0.1343 0.3898
vn 0.8619 -0.1458 0.4856
vn 0.7935 -0.1280 0.5949
vn 0.7751 -0.0936 0.6248
vn 0.4574 0.0401 0.8883
vn 0.4650 0.1020 0.8794
vn 0.6030 -0.0047 0.7977
vn 0.6628 -0.0193 0.7485
vn 0.2936 0.0562 0.9543
vn 0.3465 0.1459 0.9267
vn 0.2180 0.0681 0.9736
vn 0.1371 0.2120 0.9676
vn 0.1470 0.1145 0.9825
vn 0.4500 -0.0032 0.8930
vn 0.3383 0.0195 0.9408
vn 0.1198 0.0520 0.9914
vn -0.1878 0.0619 0.9803
vn -0.1582 0.2780 0.9475
vn -0.4917 0.0110 0.8707
vn -0.5273 -0.3485 0.7749
vn -0.2694 -0.1895 0.9442
vn 0.0593 -0.2417 0.9685
vn 0.2748 -0.2792 0.9201
vn 0.3780 -0.3076 0.8732
vn 0.4810 -0.3201 0.8162
vn 0.6440 0.5566 0.5248
vn 0.6715 0.6585 0.3398
vn 0.5868 0.7695 0.2519
vn 0.1602 0.9732 0.1649
vn 0.2437 -0.6069 -0.7565
vn 0.2573 -0.9639 -0.0680
vn 0.3637 -0.9159 0.1700
vn 0.2403 -0.9138 0.3276
vn 0.1222 -0.9046 0.4084
vn 0.0515 -0.8921 0.4489
vn -0.0219 -0.8755 0.4827
vn -0.1543 -0.8332 0.5311
vn -0.3480 -0.7714 0.5327
vn -0.4916 -0.8120 0.3147
vn -0.4042 -0.7537 -0.5182
vn -0.4485 -0.7349 -0.5087
vn -0.5094 -0.7551 -0.4128
vn -0.6106 -0.7344 -0.2963
vn -0.6455 -0.6929 -0.3212
vn -0.7877 -0.5116 0.3432
vn -0.5480 0.5265 0.6500
vn -0.3677 0.9298 0.0133
vn -0.3153 0.9393 -0.1352
vn -0.0815 0.9788 -0.1880
vn 0.0190 0.9859 -0.1664
vn 0.5245 0.5809 0.6224
vn 0.4422 0.6264 0.6419
vn 0.0527 0.9636 -0.2622
vn 0.1488 0.9568 -0.2497
vn -0.3664 -0.7511 -0.5492
vn -0.2640 -0.8046 -0.5319
vn -0.1170 -0.8344 -0.5386
vn -0.1055 -0.7993 -0.5917
vn -0.9170 -0.3602 -0.1717
vn 0.5331 -0.7805 -0.3265
vn 0.3376 0.9383 0.0753
vn 0.9707 0.2024 -0.1298
vn 0.1071 0.8643 0.4914
vn 0.5009 0.7504 -0.4314
vn 0.3543 0.8041 -0.4774
vn 0.0933 0.7720 0.6287
vn 0.1916 0.9217 -0.3371
vn 0.2226 0.6445 0.7314
vn 0.3682 0.6114 0.7005
vn 0.3777 -0.3031 0.8749
vn 0.5135 -0.3315 0.7915
vn -0.5151 -0.4895 0.7036
vn -0.3640 -0.0574 0.9296
vn -0.3140 0.1695 0.9342
vn -0.1997 -0.0423 0.9789
vn 0.0048 -0.2390 0.9710
vn 0.2302 -0.2743 0.9337
vn 0.0303 -0.7560 0.6539
vn 0.1440 -0.7867 0.6003
vn -0.0259 -0.9494 0.3132
vn 0.2447 -0.8150 0.5253
vn -0.6575 -0.6086 0.4443
vn -0.3705 -0.8573 0.3575
vn -0.5269 -0.3990 0.7504
vn -0.3378 -0.5994 0.7257
vn -0.1432 -0.7093 0.6902
vn -0.1896 -0.9047 0.3816
vn -0.0030 -0.9235 0.3836
vn -0.2019 -0.8976 0.3918
vn 0.0885 -0.6093 0.7880
vn -0.3577 -0.5225 0.7740
vn 0.1056 0.4970 0.8613
vn -0.2534 0.5949 0.7628
vn -0.6467 0.6450 0.4072
vn -0.7378 -0.4896 0.4648
vn -0.4212 -0.8772 0.2306
vn 0.3498 0.6294 0.6939
vn 0.4710 -0.6036 0.6433
vn 0.1528 -0.9487 0.2768
vn 0.1075 -0.9737 0.2009
vn 0.3695 -0.8431 0.3906
vn 0.6767 -0.3814 0.6297
vn 0.2319 -0.9717 0.0446
vn 0.7736 -0.5916 0.2272
vn 0.6828 0.6842 0.2563
vn -0.3504 -0.9276 0.1298
vn -0.1686 -0.9845 0.0487
vn 0.0829 -0.5158 0.8527
vn 0.2590 -0.4807 0.8378
vn 0.4979 -0.5669 0.6563
vn 0.0078 -0.9984 -0.0552
vn -0.3295 -0.7019 -0.6315
vn -0.1338 -0.7299 -0.6704
vn -0.4296 -0.6885 -0.5844
vn 0.0920 -0.7338 -0.6731
vn 0.1894 -0.9695 -0.1556
vn 0.6337 -0.6803 0.3682
vn 0.9217 0.1857 0.3407
vn 0.6305 0.7667 -0.1206
vn 0.4268 0.6667 -0.6110
vn 0.6400 0.4783 -0.6014
vn 0.1463 0.8557 -0.4963
vn -0.0030 0.9287 -0.3709
vn -0.1838 0.9390 -0.2907
vn -0.4543 0.8814 -0.1295
vn -0.6296 0.7747 0.0582
vn -0.0505 0.9670 0.2497
vn -0.7970 -0.5599 -0.2267
vn -0.8555 -0.4998 -0.1355
vn -0.8377 -0.3458 0.4228
vn -0.7956 0.4422 0.4142
vn -0.3910 0.8487 0.3560
vn 0.0018 0.4948 0.8690
vn -0.1056 -0.4374 0.8930
vn -0.5149 -0.8324 0.2049
vn -0.6714 -0.6245 -0.3990
vn -0.5253 -0.6631 -0.5332
vn -0.6044 0.3605 0.7104
vn -0.6173 -0.3569 0.7011
vn -0.6137 -0.6724 0.4138
vn -0.2025 0.1755 0.9634
vn -0.0591 0.1268 0.9902
vn -0.2323 0.0904 0.9684
vn -0.1342 0.0498 0.9897
vn -0.0061 0.0290 0.9996
vn 0.0377 0.0513 0.9980
vn -0.8481 0.2684 0.4568
vn -0.7926 0.2825 0.5404
vn -0.6313 0.2957 0.7170
vn -0.3306 0.2308 0.9151
vn -0.0697 0.3138 0.9469
vn 0.0063 0.2521 0.9677
vn -0.5461 0.2186 0.8087
vn -0.7745 0.1625 0.6114
vn -0.8726 -0.0892 0.4802
vn -0.6528 -0.0926 0.7519
vn -0.6984 -0.1439 0.7011
vn 0.2151 -0.7074 -0.6733
vn 0.6721 -0.6560 -0.3435
vn 0.8879 0.0733 -0.4541
vn 0.7981 0.5437 -0.2598
vn 0.9939 -0.0080 -0.1098
vn 0.7580 -0.6522 -0.0141
vn 0.4418 -0.8878 -0.1291
vn -0.3402 -0.9314 0.1295
vn 0.5677 -0.5890 -0.5751
vn -0.8333 -0.4375 -0.3379
vn -0.5421 0.1160 -0.8322
vn 0.1230 -0.3595 -0.9250
vn -0.6851 -0.6598 -0.3088
vn -0.5691 -0.0022 -0.8223
vn 0.5498 -0.6949 -0.4635
vn -0.1656 -0.9710 0.1722
vn -0.0918 -0.6235 0.7764
vn 0.5863 -0.1471 0.7966
vn 0.0083 -0.8464 0.5324
vn 0.7309 -0.6463 0.2193
vn -0.0120 -0.5252 -0.8509
vn -0.5727 -0.7498 -0.3314
vn -0.1835 -0.9732 0.1389
vn -0.2508 -0.9677 0.0246
vn -0.0952 -0.9764 0.1939
vn -0.2289 -0.9708 -0.0723
vn -0.1807 -0.9832 -0.0261
vn -0.1361 -0.9271 0.3493
vn -0.3697 -0.8403 -0.3966
vn 0.3985 -0.8203 0.4104
vn 0.0839 -0.6490 0.7561
vn 0.2835 -0.6664 0.6895
vn 0.1018 -0.7735 0.6255
vn 0.1432 -0.4372 0.8879
vn -0.2945 -0.3684 0.8818
vn 0.9498 -0.2833 0.1325
vn 0.6541 -0.0056 0.7564
vn 0.7005 -0.0823 0.7089
vn 0.5928 -0.1306 0.7947
vn 0.0942 0.0153 0.9954
vn -0.1352 0.7179 -0.6829
vn -0.9277 -0.0557 -0.3692
vn 0.3811 -0.0710 -0.9218
vn -0.2942 -0.7078 -0.6422
vn 0.7452 -0.2638 -0.6124
vn -0.0278 -0.8539 -0.5197
vn 0.8236 -0.5296 0.2029
vn 0.0952 -0.8599 0.5016
vn -0.4267 -0.7112 0.5587
vn -0.4404 -0.6222 0.6472
vn -0.4818 -0.8400 -0.2494
vn -0.2913 -0.9516 -0.0982
vn -0.5230 -0.8275 0.2044
vn -0.5955 -0.7069 0.3817
vn -0.8290 -0.4449 -0.3389
vn 0.5513 -0.6852 -0.4760
vn -0.5166 0.0772 -0.8528
vn -0.5910 -0.7356 -0.3311
vn -0.0193 -0.5415 -0.8405
vn 0.0051 -0.8339 0.5520
vn 0.7096 -0.6702 0.2173
vn 0.6243 -0.1901 0.7577
vn -0.0656 -0.6285 0.7751
vn -0.6641 -0.5027 -0.5534
vn 0.0088 -0.9153 0.4027
vn -0.9629 0.2641 -0.0547
vn -0.9172 -0.3274 -0.2272
vn -0.1944 -0.4071 0.8924
vn -0.1546 -0.7413 0.6531
vn -0.6970 -0.7022 -0.1457
vn -0.0768 -0.6185 -0.7820
vn -0.4392 -0.0156 -0.8983
vn -0.4542 0.0426 -0.8899
vn -0.4761 0.1530 -0.8660
vn -0.5424 0.2742 -0.7941
vn -0.6149 0.7310 -0.2959
vn -0.9785 -0.1281 -0.1617
vn 0.6075 -0.1703 0.7758
vn 0.6351 -0.7179 0.2852
vn 0.7028 0.5572 -0.4422
vn 0.9311 0.3177 0.1791
vn 0.2181 0.4627 -0.8592
vn 0.3871 0.0754 -0.9190
vn 0.9987 -0.0158 -0.0486
vn 0.8012 0.5825 0.1367
vn 0.6537 0.6316 -0.4168
vn 0.7591 0.6276 0.1730
vn 0.6153 0.7414 -0.2678
vn 0.7482 0.4303 0.5051
vn 0.4946 0.8689 -0.0184
vn 0.6376 0.5996 0.4837
vn 0.4081 0.7760 0.4810
vn 0.3384 0.9225 0.1858
vn 0.2501 0.9520 -0.1767
vn 0.4245 0.8836 -0.1978
vn 0.5692 0.7590 -0.3161
vn 0.9395 0.3384 -0.0524
vn -0.0222 0.3240 0.9458
vn 0.8818 0.3819 -0.2768
vn 0.9020 0.3263 -0.2827
vn 0.8676 0.2068 0.4523
vn 0.4430 -0.1765 0.8790
vn 0.2565 0.1332 0.9573
vn 0.0741 0.3246 0.9429
vn -0.1137 0.5601 0.8206
vn 0.1891 0.8136 0.5499
vn 0.5454 0.6058 0.5792
vn 0.7242 0.5060 0.4685
vn 0.3223 0.2728 -0.9065
vn 0.0415 0.5517 -0.8330
vn 0.9577 0.2555 0.1324
vn 0.9981 -0.0593 -0.0140
vn 0.3906 0.0464 -0.9194
vn 0.2398 0.4319 -0.8695
vn 0.6671 0.5011 -0.5512
vn 0.5214 0.7634 -0.3812
vn 0.3733 0.8837 -0.2824
vn -0.0935 0.7840 -0.6136
vn 0.0966 0.6432 -0.7596
vn 0.2208 0.4291 -0.8759
vn 0.3539 0.2171 -0.9098
vn 0.4538 -0.2128 -0.8653
vn 0.9572 -0.2789 -0.0768
vn 0.9970 0.0622 0.0465
vn 0.8265 0.2338 0.5122
vn -0.0143 0.4538 0.8910
vn 0.3322 -0.1943 0.9230
vn -0.7672 -0.5590 0.3146
vn -0.9076 0.1472 0.3931
vn 0.1500 0.7273 0.6697
vn -0.5031 0.8248 0.2580
vn -0.9083 0.4146 0.0561
vn -0.8571 -0.2478 -0.4517
vn -0.4673 -0.3217 0.8235
vn 0.1254 0.6762 0.7259
vn -0.6657 0.7359 -0.1241
vn -0.9193 0.3785 0.1073
vn -0.3728 -0.3201 0.8710
vn -0.8708 -0.2715 -0.4099
vn 0.0290 0.4109 0.9112
vn -0.9023 0.1172 0.4148
vn 0.7965 0.2083 0.5676
vn 0.3375 -0.2331 0.9120
vn -0.7519 -0.5805 0.3127
vn -0.4391 -0.1120 0.8914
vn -0.4182 0.8812 0.2204
vn -0.2413 0.9703 0.0169
vn -0.4017 0.9150 -0.0376
vn -0.5299 0.5960 0.6034
vn -0.6604 0.7279 0.1843
vn -0.5203 0.6823 0.5136
vn -0.9538 0.3003 0.0046
vn -0.9625 0.1501 -0.2259
vn -0.6133 0.7270 -0.3088
vn -0.9977 0.0673 -0.0003
vn -0.8713 -0.2642 -0.4137
vn -0.8479 -0.4009 -0.3469
vn -0.9820 -0.1889 0.0086
vn -0.2568 0.8108 0.5260
vn 0.8125 0.2539 0.5248
vn -0.8035 -0.5293 -0.2724
vn -0.2385 -0.8930 0.3816
vn -0.5371 0.4862 -0.6893
vn -0.9802 0.1762 0.0908
vn -0.0107 0.3317 0.9433
vn 0.3660 -0.1802 0.9130
vn -0.7753 -0.5962 0.2085
vn -0.1759 0.7399 0.6493
vn -0.0095 0.9999 -0.0066
vn 0.3197 0.8621 0.3933
vn 0.4971 0.8305 0.2514
vn 0.8191 0.2195 0.5300
vn 0.2154 0.8432 0.4926
vn 0.8432 0.2409 0.4806
vn 0.0656 0.6652 0.7438
vn 0.2877 0.0928 0.9532
vn -0.8642 0.3719 0.3388
vn -0.8731 -0.2891 0.3926
vn -0.8976 -0.2155 -0.3846
vn -0.8476 0.5302 -0.0226
vn 0.8276 0.2298 0.5122
vn 0.4208 0.9009 0.1068
vn 0.4900 0.8695 0.0625
vn 0.2671 0.8939 0.3601
vn 0.7542 0.6060 -0.2530
vn 0.9276 0.2734 -0.2547
vn 0.6710 -0.5998 -0.4359
vn 0.4921 -0.8327 -0.2539
vn 0.5694 -0.8165 0.0955
vn 0.9570 0.2736 0.0961
vn 0.5700 0.8204 0.0462
vn 0.9916 0.0759 -0.1044
vn -0.7108 0.6840 0.1640
vn 0.4654 0.8515 0.2414
vn 0.8877 0.1465 0.4365
vn 0.5216 -0.6087 0.5979
vn -0.8226 0.3692 -0.4324
vn -0.2750 0.8448 0.4589
vn -0.2795 0.8138 0.5095
vn 0.4575 0.7064 0.5401
vn 0.2241 0.1000 0.9694
vn -0.9156 0.1722 0.3635
vn -0.5978 0.2510 0.7613
vn 0.3843 -0.8975 0.2164
vn -0.5126 -0.1137 -0.8511
vn 0.4683 -0.7704 -0.4326
vn -0.2200 -0.2595 0.9404
vn 0.9159 0.0246 0.4006
vn 0.6679 -0.3755 0.6426
vn 0.3832 -0.9221 0.0541
vn -0.2599 -0.5036 0.8239
vn -0.2931 -0.8113 -0.5058
vn -0.6004 -0.3381 0.7247
vn -0.1907 -0.8771 -0.4408
vn 0.2479 -0.9668 -0.0621
vn -0.3937 -0.4895 0.7781
vn -0.0337 -0.7655 0.6425
vn 0.0871 -0.8383 0.5383
vn 0.6662 -0.5325 0.5221
vn 0.7241 -0.5078 0.4668
vn 0.1443 -0.9895 -0.0018
vn 0.3990 -0.9025 0.1625
vn 0.6438 -0.6545 0.3964
vn 0.5027 -0.7922 -0.3459
vn 0.4963 -0.8318 -0.2486
vn 0.2670 -0.8969 -0.3525
vn -0.3400 -0.6842 -0.6453
vn -0.5009 -0.6910 0.5212
vn -0.6297 -0.7436 0.2247
vn -0.7436 -0.6099 -0.2740
vn 0.7986 -0.5691 0.1959
vn 0.5139 -0.6109 0.6023
vn -0.3676 -0.8675 -0.3351
vn -0.3945 -0.9183 0.0348
vn 0.8600 -0.4969 0.1161
vn 0.6478 -0.6766 0.3502
vn -0.2925 -0.8128 -0.5038
vn -0.2389 -0.9631 -0.1239
vn 0.8533 -0.4973 0.1565
vn 0.6684 -0.6663 0.3306
vn -0.2393 -0.9586 -0.1546
vn 0.5231 0.8014 0.2899
vn 0.5065 0.7628 0.4019
vn 0.9369 0.3490 0.0208
vn 0.9330 0.3596 0.0100
vn 0.4615 0.8866 -0.0318
vn 0.9188 0.3899 -0.0617
vn 0.8981 -0.4385 -0.0347
vn 0.8974 -0.3528 -0.2651
vn 0.8049 -0.1997 -0.5589
vn 0.2981 -0.9461 -0.1268
vn 0.8743 -0.4358 -0.2138
vn 0.2774 -0.9484 0.1536
vn 0.2343 -0.8819 -0.4092
vn 0.1396 -0.4397 -0.8872
vn 0.1712 -0.6343 -0.7539
vn 0.8068 -0.2887 -0.5155
vn 0.9395 0.3046 -0.1564
vn 0.5328 0.8193 -0.2118
vn -0.1432 0.9316 -0.3341
vn -0.2146 0.7665 0.6054
vn -0.2573 0.8906 0.3751
vn -0.3597 0.9310 -0.0624
vn -0.3853 0.8324 -0.3984
vn 0.4195 0.8215 -0.3862
vn 0.8977 0.3347 -0.2867
vn -0.7785 0.4504 -0.4371
vn -0.8518 0.3865 0.3538
vn -0.8808 0.4091 0.2382
vn -0.9359 0.3480 -0.0540
vn -0.9306 0.3269 -0.1647
vn 0.4680 -0.8635 -0.1878
vn 0.5149 -0.8430 0.1557
vn -0.2850 -0.9271 -0.2434
vn -0.2508 -0.9475 0.1981
vn 0.7103 -0.6871 -0.1529
vn -0.2157 -0.8548 -0.4721
vn 0.6046 -0.3999 -0.6889
vn -0.1212 -0.2132 -0.9695
vn 0.5609 -0.4417 -0.7002
vn -0.1601 -0.5249 -0.8360
vn -0.4401 -0.8938 -0.0866
vn -0.5295 -0.8374 0.1358
vn -0.6300 -0.7631 -0.1442
vn -0.5923 -0.5420 -0.5962
vn -0.5530 -0.5353 -0.6385
vn -0.8686 -0.4152 -0.2704
vn -0.8864 -0.4630 0.0011
vn -0.9112 0.3469 -0.2222
vn -0.9369 0.3494 -0.0131
vn -0.5057 0.8394 -0.1990
vn -0.5363 0.8402 0.0804
vn 0.3249 0.9296 -0.1738
vn 0.2955 0.9514 0.0865
vn 0.9353 0.3536 -0.0130
vn 0.9349 0.3411 -0.0983
vn -0.9341 -0.2852 -0.2148
vn -0.9255 0.3697 0.0820
vn -0.5251 0.7596 0.3838
vn 0.2561 0.8378 0.4822
vn 0.8916 0.3815 0.2440
vn 0.8701 0.4497 -0.2017
vn 0.8500 0.2638 0.4560
vn 0.2198 0.9754 -0.0180
vn 0.2041 0.5552 0.8063
vn -0.5155 0.6162 0.5954
vn -0.5415 0.8405 0.0153
vn -0.9306 0.3536 0.0941
vn -0.9440 0.3147 -0.0989
vn -0.7868 -0.0807 -0.6119
vn -0.7947 -0.2153 -0.5675
vn -0.3429 -0.8207 -0.4570
vn -0.2016 -0.9724 -0.1177
vn -0.3441 -0.9389 -0.0105
vn 0.0004 0.8462 0.5329
vn 0.3994 0.8115 -0.4265
vn 0.5350 0.5987 -0.5960
vn 0.5444 0.8379 0.0393
vn -0.3948 0.8132 -0.4277
vn -0.5292 0.8485 0.0091
vn -0.5350 0.5987 -0.5961
vn -0.7001 -0.7138 -0.0177
vn -0.5387 -0.7618 -0.3598
vn -0.9644 0.0457 -0.2606
vn -0.6905 -0.0416 -0.7222
vn -0.9428 -0.2835 -0.1752
vn -0.7033 -0.3605 -0.6128
vn 0.6936 -0.7159 -0.0803
vn 0.3273 -0.9449 0.0025
vn 0.5402 -0.7631 -0.3549
vn 0.3429 -0.8218 -0.4551
vn 0.7067 -0.3601 -0.6091
vn 0.3132 -0.3909 -0.8655
vn 0.6913 -0.0605 -0.7200
vn 0.2911 -0.0545 -0.9551
vn -0.0000 -0.0563 -0.9984
vn 0.0014 -0.4267 -0.9044
vn 0.0029 -0.8349 -0.5504
vn -0.3107 -0.3860 -0.8686
vn -0.2958 -0.0497 -0.9540
vn 0.9417 -0.2856 -0.1777
vn 0.9593 -0.0396 -0.2797
vn -0.0037 -0.9970 -0.0770
vn 0.1922 -0.9747 -0.1141
vn -0.9691 0.1152 0.2180
vn -0.8560 -0.3866 0.3432
vn -0.7239 -0.0169 0.6897
vn -0.7469 -0.3414 0.5706
vn -0.7173 -0.6965 0.0192
vn -0.7039 -0.5508 0.4485
vn -0.6382 -0.7378 0.2197
vn -0.5660 -0.5922 0.5735
vn -0.3198 -0.8973 0.3042
vn -0.1877 -0.6788 0.7099
vn -0.4288 -0.2169 0.8770
vn -0.1047 -0.2381 0.9656
vn -0.0951 0.0491 0.9943
vn -0.3445 0.0357 0.9381
vn 0.9527 -0.0367 0.3016
vn 0.7406 -0.0651 0.6687
vn 0.8278 -0.3767 0.4157
vn 0.7279 -0.3741 0.5746
vn 0.7026 -0.6619 0.2613
vn 0.6974 -0.5329 0.4792
vn 0.6463 -0.7091 0.2818
vn 0.6155 -0.5542 0.5604
vn 0.3693 -0.8787 0.3026
vn 0.2404 -0.6895 0.6832
vn 0.4845 -0.2289 0.8443
vn 0.1404 -0.2378 0.9611
vn 0.1036 0.0407 0.9938
vn 0.3733 -0.0047 0.9277
vn -0.8899 0.0696 -0.4509
vn -0.6380 0.2341 -0.7336
vn -0.8384 -0.0141 -0.5448
vn -0.6402 0.0001 -0.7682
vn -0.8855 0.4643 -0.0167
vn -0.9588 0.1564 0.2371
vn 0.0060 0.5553 0.8317
vn 0.0666 0.1363 0.9884
vn 0.9611 -0.0233 0.2750
vn 0.8970 0.4421 0.0043
vn 0.6437 0.0030 -0.7653
vn 0.6455 0.2332 -0.7272
vn 0.8384 -0.0141 -0.5448
vn 0.8899 0.0696 -0.4509
vn -0.8365 0.4906 -0.2442
vn -0.6391 0.7391 -0.2128
vn -0.6124 0.4633 -0.6405
vn -0.4217 0.7085 -0.5658
vn -0.2255 0.6715 -0.7059
vn -0.3434 0.4181 -0.8410
vn -0.0268 0.3481 -0.9371
vn 0.0021 0.6254 -0.7803
vn 0.4059 0.5342 -0.7415
vn 0.4136 0.2451 -0.8769
vn 0.2096 0.9425 0.2603
vn 0.2943 0.9297 0.2214
vn 0.1492 0.9789 0.1395
vn 0.2401 0.9656 0.1003
vn 0.0701 0.9974 -0.0168
vn 0.1541 0.9850 -0.0772
vn 0.2509 0.9619 -0.1083
vn 0.3243 0.9446 0.0508
vn 0.3748 0.9101 0.1767
vn 0.5528 -0.6328 -0.5422
vn -0.2451 -0.7197 -0.6495
vn 0.2452 -0.7687 -0.5908
vn -0.5262 -0.6852 -0.5036
vn -0.7126 -0.2430 -0.6582
vn -0.6869 0.4554 -0.5664
vn -0.2439 0.8182 -0.5207
vn 0.4220 0.7917 -0.4418
vn 0.8672 0.3700 -0.3333
vn -0.8832 0.3787 -0.2767
vn -0.4912 0.7501 -0.4427
vn 0.1744 0.8069 -0.5643
vn 0.6760 0.4287 -0.5994
vn 0.7193 -0.2969 -0.6280
vn -0.2132 0.4440 -0.8703
vn -0.8291 -0.1067 -0.5488
vn -0.2927 0.5134 -0.8067
vn -0.8381 -0.0503 -0.5432
vn -0.2907 0.7358 -0.6116
vn -0.8898 0.3102 -0.3346
vn 0.5423 0.7343 -0.4084
vn 0.5121 0.7890 -0.3395
vn 0.7639 0.6164 0.1910
vn 0.7197 0.6589 0.2187
vn 0.5099 0.2825 0.8125
vn 0.4698 0.3190 0.8231
vn -0.2234 -0.2202 0.9495
vn -0.2122 -0.2803 0.9362
vn -0.8024 -0.4714 0.3661
vn -0.8108 -0.4387 0.3875
vn -0.9292 0.0851 0.3595
vn -0.4048 -0.0828 0.9106
vn 0.4513 0.3759 0.8093
vn 0.6656 0.7189 0.2005
vn 0.4157 0.8540 -0.3128
vn -0.2989 0.0608 -0.9523
vn 0.5549 -0.1421 -0.8197
vn -0.2172 0.2255 -0.9497
vn 0.5569 -0.0640 -0.8281
vn -0.1960 0.5346 -0.8221
vn 0.6101 0.2076 -0.7647
vn 0.5986 0.1970 0.7764
vn 0.5707 0.1682 0.8037
vn -0.2816 0.4675 0.8379
vn -0.2735 0.4856 0.8303
vn -0.7895 0.5209 0.3244
vn -0.8337 0.4374 0.3372
vn -0.8326 0.4764 -0.2826
vn -0.8914 0.3363 -0.3039
vn -0.6900 0.6653 -0.2851
vn -0.7067 0.6511 0.2769
vn -0.2471 0.4880 0.8372
vn 0.6904 0.2484 0.6795
vn 0.9470 0.3213 0.0070
vn 0.9916 -0.0908 0.0918
vn 0.9949 -0.0751 0.0680
vn 0.2579 -0.8009 -0.5405
vn 0.8617 -0.3631 -0.3546
vn 0.2129 -0.9765 -0.0337
vn 0.8326 -0.5460 0.0936
vn 0.9349 0.3126 -0.1684
vn 0.4640 0.7193 -0.5170
vn 0.0338 -0.7118 0.7016
vn 0.3938 -0.5046 0.7683
vn 0.4670 -0.0860 0.8801
vn 0.9603 0.1713 0.2200
vn 0.3132 0.4345 0.8445
vn 0.5810 0.8138 0.0132
vn -0.2701 0.9565 -0.1103
vn -0.0552 0.6727 -0.7378
vn -0.6086 0.4381 -0.6616
vn -0.9545 0.2946 -0.0454
vn -0.6801 0.0961 0.7268
vn -0.3733 0.5597 0.7398
vn -0.8357 -0.5487 0.0218
vn -0.9662 0.1560 0.2053
vn -0.9352 0.3245 -0.1418
vn -0.4324 0.8304 -0.3513
vn 0.1236 0.8317 -0.5413
vn -0.8504 -0.3219 -0.4162
vn -0.2447 -0.7361 -0.6311
vn -0.2112 -0.9691 -0.1275
vn 0.6929 0.5415 -0.4761
vn 0.3011 0.9444 0.1321
vn -0.5642 0.8091 0.1647
vn -0.3513 0.2605 0.8993
vn -0.4943 -0.1985 0.8463
vn -0.4011 -0.5658 0.7204
vn -0.0424 -0.7616 0.6467
vn 0.3423 0.3665 0.8652
vn 0.6416 -0.0757 0.7633
vn 0.9617 0.2654 0.0679
vn 0.3915 -0.6808 0.6191
vn 0.5152 -0.8444 -0.1467
vn 0.4710 -0.6317 -0.6157
vn -0.4053 -0.6333 0.6592
vn -0.5134 -0.8546 -0.0774
vn -0.4593 -0.6905 -0.5588
vn 0.0967 -0.3769 0.9212
vn 0.5975 -0.4451 0.6670
vn -0.6249 -0.3523 0.6967
vn -0.1278 -0.2510 0.9595
vn -0.0872 0.1370 0.9867
vn -0.3807 0.0910 0.9202
vn -0.0969 0.0686 0.9929
vn 0.5020 -0.8635 0.0488
vn 0.0019 -0.7927 -0.6096
vn 0.4451 -0.8425 -0.3036
vn 0.1309 -0.7790 0.6132
vn -0.5413 -0.8273 0.1504
vn -0.4839 -0.8371 -0.2552
vn -0.9896 -0.0659 -0.1280
vn -0.7384 -0.0636 -0.6714
vn -0.9952 -0.0729 -0.0660
vn -0.2430 -0.0071 -0.9700
vn -0.6585 0.0282 -0.7520
vn -0.5731 0.2999 -0.7627
vn -0.8960 0.1287 -0.4250
vn -0.4519 0.6618 -0.5981
vn -0.6813 0.6582 -0.3203
vn -0.4014 0.8534 -0.3324
vn -0.4833 0.8662 -0.1271
vn -0.1977 0.8731 -0.4456
vn -0.0017 0.8260 -0.5637
vn -0.1546 0.6106 -0.7767
vn 0.0001 0.6041 -0.7969
vn -0.1410 0.2977 -0.9442
vn -0.0000 0.3037 -0.9528
vn 0.0032 0.1179 -0.9930
vn 0.1868 0.2858 -0.9399
vn 0.2155 0.0959 -0.9718
vn 0.6112 0.3186 -0.7245
vn 0.6613 0.1222 -0.7401
vn 0.9690 0.1350 -0.2069
vn 0.6572 0.0292 -0.7531
vn 0.9527 0.0762 -0.2941
vn -0.1824 0.0812 -0.9799
vn 0.8959 0.2122 -0.3904
vn 0.5154 0.6394 -0.5705
vn 0.7209 0.6533 -0.2313
vn 0.4077 0.8590 -0.3096
vn 0.4418 0.8932 -0.0833
vn 0.1824 0.8885 -0.4211
vn 0.1668 0.6124 -0.7727
vn 0.2297 0.0093 -0.9732
vn 0.3699 0.0903 0.9247
vn 0.0870 0.1369 0.9868
vn 0.0968 0.0686 0.9929
vn 0.9587 0.1013 0.2658
vn 0.9765 0.1298 0.1718
vn 0.7426 0.1157 0.6597
vn 0.7725 0.1540 0.6161
vn 0.3859 0.1398 0.9119
vn 0.0864 0.3408 0.9361
vn 0.3763 0.3302 0.8656
vn 0.0961 0.6682 0.7377
vn 0.2952 0.6457 0.7042
vn 0.0912 0.8966 0.4333
vn 0.2663 0.8944 0.3594
vn 0.3611 0.9005 0.2422
vn 0.4063 0.9051 0.1257
vn 0.5878 0.6266 0.5118
vn 0.7567 0.6361 0.1509
vn 0.9387 0.2612 0.2251
vn 0.7401 0.2959 0.6039
vn -0.9237 -0.3570 -0.1389
vn -0.8545 0.0761 0.5138
vn -0.9789 -0.0294 0.2023
vn -0.7834 0.1350 0.6067
vn -0.7424 0.2882 0.6048
vn -0.3817 0.3277 0.8643
vn -0.3028 0.6360 0.7098
vn -0.0915 0.6522 0.7525
vn -0.0667 0.8621 0.5023
vn 0.0361 0.8597 0.5095
vn 0.0009 0.6431 0.7657
vn -0.9366 0.2310 0.2634
vn -0.5685 0.6375 0.5200
vn -0.7318 0.6574 0.1797
vn -0.4449 0.8741 0.1950
vn -0.3603 0.8723 0.3307
vn -0.3015 0.8538 0.4243
vn -0.3970 0.1384 0.9073
vn -0.0865 0.3408 0.9362
vn 0.0005 0.0197 -0.9998
vn -0.8705 -0.1599 -0.4655
vn -0.6396 -0.3414 -0.6887
vn -0.8533 -0.0776 -0.5156
vn -0.6361 -0.1562 -0.7556
vn -0.8883 -0.4586 0.0249
vn -0.0064 -0.4699 0.8827
vn 0.8253 -0.0358 -0.5635
vn 0.6814 -0.0344 -0.7311
vn 0.8533 -0.0776 -0.5156
vn 0.6449 -0.1510 -0.7492
vn 0.8705 -0.1599 -0.4655
vn 0.6327 -0.3332 -0.6991
vn 0.8743 -0.4837 0.0403
vn -0.0376 -0.2403 0.9700
vn -0.9790 -0.1924 0.0674
vn -0.6298 -0.0532 -0.7749
vn -0.8253 -0.0358 -0.5635
vn 0.9803 -0.1149 0.1605
vn 0.0350 -0.0871 0.9956
vn -0.9906 -0.0759 0.1136
vn 0.9632 0.2440 0.1124
vn -0.0738 0.1189 0.9902
vn -0.0002 -0.0101 -0.9999
vn 0.9773 0.1691 0.1279
vn 0.7166 -0.0864 -0.6921
vn 0.8266 -0.0626 -0.5593
vn 0.1677 0.1090 0.9798
vn -0.9888 0.0159 0.1487
vn -0.6576 -0.0529 -0.7515
vn -0.8266 -0.0625 -0.5593
vn -0.2803 -0.0232 -0.9596
vn -0.7463 0.0379 -0.6646
vn -0.9845 0.1744 -0.0183
vn 0.2582 -0.0246 -0.9658
vn 0.6554 -0.0160 -0.7551
vn 0.9579 0.0261 -0.2860
vn -0.9065 0.2786 0.3172
vn -0.3339 0.1092 0.9363
vn -0.7699 -0.1292 -0.6249
vn 0.0738 0.1189 0.9902
vn 0.3330 0.1078 0.9367
vn 0.7236 0.0719 0.6865
vn 0.9620 0.0251 0.2719
vn -0.9174 -0.3512 -0.1874
vn -0.8899 -0.4058 -0.2083
vn -0.7934 -0.5877 -0.1584
vn -0.6693 -0.7290 0.1436
vn 0.8515 -0.1571 -0.5002
vn 0.8281 -0.2189 -0.5160
vn 0.8169 -0.2929 -0.4969
vn 0.6399 -0.6201 -0.4538
vn -0.7941 -0.5996 0.0990
vn -0.9879 -0.0620 0.1422
vn -0.9371 0.2939 0.1884
vn 0.6278 -0.4023 -0.6664
vn 0.2988 -0.8655 -0.4021
vn 0.7475 -0.0383 -0.6632
vn 0.2452 -0.9539 -0.1728
vn 0.0685 -0.9876 -0.1412
vn 0.6829 0.7249 -0.0900
vn 0.8691 -0.4253 -0.2525
vn -0.5257 -0.8501 -0.0306
vn -0.5230 -0.8524 -0.0004
vn -0.7518 0.6591 0.0201
vn -0.9419 -0.3357 0.0123
vn -0.5583 0.5721 0.6008
vn 0.1073 0.9805 -0.1649
vn -0.3477 -0.9246 0.1556
vn -0.1694 -0.8062 0.5669
vn -0.7685 0.1505 0.6219
vn -0.1974 -0.0419 0.9794
vn -0.7575 -0.6269 -0.1823
vn -0.4765 0.7862 0.3935
vn -0.9845 0.1750 0.0047
vn 0.8464 -0.3544 -0.3974
vn 0.5542 -0.7817 -0.2862
vn -0.5568 -0.5819 -0.5927
vn 0.8547 0.3157 -0.4120
vn 0.1491 -0.9069 -0.3941
vn 0.9624 -0.2713 -0.0164
vn 0.9730 -0.2302 -0.0149
vn 0.9890 -0.1425 -0.0408
vn 0.9959 -0.0775 -0.0470
vn 0.9807 -0.0458 -0.1899
vn -0.9659 -0.0123 -0.2587
vn -0.9950 -0.0908 -0.0412
vn -0.9824 -0.1850 0.0263
vn -0.9784 -0.2047 0.0302
vn -0.9532 -0.3014 0.0256
vn -0.2617 -0.9548 0.1410
vn 0.0234 -0.9323 0.3610
vn 0.0045 -0.9939 0.1103
vn 0.2610 -0.9512 0.1648
vn -0.6610 -0.6692 0.3395
vn -0.4231 -0.5289 0.7357
vn -0.7500 0.0820 0.6563
vn -0.9704 -0.1243 0.2072
vn -0.9879 0.0487 0.1473
vn 0.1565 -0.8651 0.4765
vn -0.4735 -0.8500 0.2309
vn 0.0509 -0.9954 0.0809
vn -0.5737 -0.8029 -0.1618
vn -0.9361 -0.3033 -0.1779
vn 0.9979 0.0037 0.0643
vn 0.9570 -0.1554 0.2449
vn 0.6728 -0.6884 0.2711
vn 0.6581 0.2086 0.7235
vn 0.6786 -0.5562 0.4798
vn -0.0910 -0.9867 0.1343
vn -0.1147 -0.8355 0.5374
vn 0.4326 -0.8488 0.3039
vn 0.9316 -0.3217 -0.1692
vn 0.5540 -0.7976 -0.2386
vn 0.9863 0.0766 0.1458
vn -0.9824 0.1691 0.0793
vn -0.1543 0.9167 -0.3685
vn -0.3073 0.9366 -0.1682
vn -0.2524 0.9583 0.1339
vn 0.2434 0.8071 0.5379
vn 0.0782 0.8161 0.5726
vn -0.0553 0.8655 0.4979
vn 0.5326 0.8044 -0.2633
vn 0.3197 0.8137 -0.4855
vn 0.0737 0.8720 -0.4839
vn 0.6816 0.7209 0.1250
vn 0.6523 0.7035 0.2821
vn 0.5324 0.7504 0.3917
vn 0.7422 0.4700 -0.4777
vn 0.7736 0.1656 -0.6117
vn -0.6355 0.7402 0.2195
vn -0.1581 0.9479 0.2765
vn -0.8494 0.4842 0.2097
vn -0.0459 0.8976 -0.4385
vn 0.5895 0.8013 -0.1018
vn 0.3940 0.8119 0.4307
vn 0.3652 0.8430 0.3950
vn 0.3680 0.8170 0.4439
vn 0.5039 -0.7848 -0.3607
vn 0.9859 -0.0701 -0.1521
vn 0.9478 -0.0637 -0.3126
vn 0.9620 0.2333 0.1417
vn -0.6643 0.5671 -0.4869
vn -0.6995 -0.0767 -0.7105
vn -0.1469 0.8899 -0.4318
vn -0.9444 -0.1123 -0.3091
vn -0.9824 -0.1659 -0.0861
vn -0.5233 -0.7857 -0.3299
vn -0.6065 -0.0393 0.7941
vn 0.6739 -0.0720 -0.7353
vn 0.6114 0.5822 -0.5359
vn -0.0112 0.8330 -0.5531
vn -0.6626 0.4138 -0.6242
vn 0.2343 0.9595 -0.1564
vn 0.2931 -0.6996 -0.6517
vn -0.3388 -0.6327 -0.6964
vn -0.6725 0.1993 0.7127
vn 0.4819 0.5976 0.6408
vn -0.6611 0.7324 0.1629
vn 0.7439 0.5606 -0.3638
vn 0.9311 0.1524 0.3313
vn 0.7170 0.6126 0.3327
vn -0.9596 0.2813 -0.0044
vn -0.6442 0.6349 0.4265
vn -0.4810 0.8545 0.1959
vn 0.6530 0.6588 0.3736
vn 0.5158 0.8512 0.0968
vn -0.6040 0.6817 -0.4129
vn 0.2637 0.6765 -0.6876
vn 0.2573 0.8343 -0.4876
vn 0.6094 0.7140 -0.3447
vn -0.9196 -0.3418 -0.1935
vn -0.9248 -0.3167 -0.2108
vn 0.4931 0.8613 0.1229
vn 0.6245 0.7788 0.0595
vn -0.9366 0.0674 0.3439
vn 0.7456 0.5391 0.3918
vn -0.8271 0.4408 -0.3487
vn 0.5109 0.8471 -0.1465
vn -0.3998 0.6515 0.6447
vn -0.6989 0.6361 0.3270
vn 0.1143 0.4806 -0.8695
vn -0.4631 0.7182 -0.5194
vn -0.6382 0.2336 -0.7336
vn -0.6454 0.6424 -0.4132
vn -0.6016 0.7988 -0.0013
vn 0.4166 0.9067 -0.0652
vn 0.8553 0.3756 -0.3570
vn 0.8168 0.5293 -0.2297
vn -0.5974 0.7804 0.1846
vn 0.8569 -0.1688 -0.4871
vn 0.8503 -0.1710 -0.4977
vn -0.5323 0.8425 0.0829
vn -0.6269 0.7790 0.0122
vn -0.9524 -0.2993 -0.0579
vn -0.8689 -0.1198 -0.4803
vn 0.9523 -0.2968 -0.0704
vn 0.9107 -0.1248 -0.3938
vn -0.9615 -0.1818 0.2063
vn -0.9874 -0.0892 0.1310
vn -0.6111 0.7915 -0.0068
vn 0.9895 0.1438 0.0137
vn 0.9972 0.0733 0.0172
vn 0.6419 0.7661 0.0309
vn -0.5163 0.8550 0.0488
vn 0.4357 0.8983 0.0573
vn 0.9984 0.0327 0.0452
vn -0.9789 0.1466 0.1424
vn 0.7115 0.0396 0.7015
vn 0.6911 -0.1646 0.7038
vn 0.0068 -0.6723 0.7403
vn -0.6911 -0.1646 0.7038
vn -0.7115 0.0396 0.7015
vn 0.7237 0.0481 0.6885
vn 0.7104 0.2386 0.6622
vn -0.7104 0.2386 0.6622
vn 0.7197 0.0998 0.6871
vn -0.7237 0.0481 0.6885
vn -0.7197 0.0998 0.6871
vn 0.7296 0.0769 0.6795
vn -0.7296 0.0769 0.6795
vt 0.818544 0.256065
vt 0.838826 0.256074
vt 0.818540 0.276580
vt 0.838826 0.276594
vt 0.818540 0.303773
vt 0.838826 0.303789
vt 0.818540 0.329658
vt 0.838826 0.329660
vt 0.856631 0.329660
vt 0.856631 0.303792
vt 0.884645 0.329660
vt 0.884645 0.303789
vt 0.916637 0.303778
vt 0.916637 0.329660
vt 0.942931 0.303766
vt 0.942931 0.329658
vt 0.970802 0.303757
vt 0.970800 0.329658
vt 0.856631 0.276595
vt 0.884644 0.276592
vt 0.916637 0.276583
vt 0.942929 0.276575
vt 0.970803 0.276568
vt 0.856631 0.256083
vt 0.884645 0.256085
vt 0.916636 0.256081
vt 0.942929 0.256068
vt 0.970802 0.256060
vt 0.970251 0.455651
vt 0.970255 0.476522
vt 0.949527 0.455661
vt 0.949527 0.476538
vt 0.970255 0.504186
vt 0.949527 0.504203
vt 0.970255 0.530519
vt 0.949527 0.530530
vt 0.814721 0.530509
vt 0.814719 0.504170
vt 0.843186 0.530514
vt 0.843186 0.504181
vt 0.870041 0.530526
vt 0.870041 0.504191
vt 0.902718 0.530535
vt 0.902718 0.504203
vt 0.931332 0.504207
vt 0.931332 0.530535
vt 0.931330 0.476540
vt 0.902718 0.476534
vt 0.870043 0.476528
vt 0.843186 0.476517
vt 0.814719 0.476510
vt 0.931330 0.455671
vt 0.902718 0.455673
vt 0.870043 0.455668
vt 0.843188 0.455656
vt 0.814719 0.455645
vt 0.472732 0.075492
vt 0.432958 0.098726
vt 0.466396 0.099474
vt 0.432958 0.074218
vt 0.393182 0.075492
vt 0.399518 0.099474
vt 0.382333 0.897106
vt 0.389927 0.967318
vt 0.362008 0.900699
vt 0.350001 0.968182
vt 0.337314 0.902632
vt 0.408907 0.943095
vt 0.450508 0.946481
vt 0.443301 0.966455
vt 0.482047 0.946437
vt 0.478986 0.966253
vt 0.503153 0.945518
vt 0.503334 0.966993
vt 0.521464 0.945217
vt 0.521464 0.967787
vt 0.539594 0.966993
vt 0.539775 0.945518
vt 0.563941 0.966253
vt 0.560881 0.946437
vt 0.599628 0.966455
vt 0.592420 0.946481
vt 0.653001 0.967318
vt 0.634021 0.943095
vt 0.616945 0.916981
vt 0.636805 0.890917
vt 0.660595 0.897106
vt 0.680920 0.900699
vt 0.692927 0.968182
vt 0.705614 0.902632
vt 0.587106 0.920487
vt 0.556252 0.908981
vt 0.539553 0.911326
vt 0.521464 0.911555
vt 0.503375 0.911326
vt 0.486676 0.908981
vt 0.455822 0.920487
vt 0.425983 0.916981
vt 0.406123 0.890917
vt 0.185085 0.625961
vt 0.195389 0.648658
vt 0.153952 0.626204
vt 0.153952 0.650060
vt 0.112515 0.648658
vt 0.122817 0.625961
vt 0.058270 0.856942
vt 0.058362 0.802853
vt 0.104712 0.805312
vt 0.061046 0.751784
vt 0.108331 0.751976
vt 0.071888 0.706130
vt 0.115730 0.706068
vt 0.093408 0.672627
vt 0.127104 0.673454
vt 0.153952 0.673603
vt 0.153952 0.706743
vt 0.153952 0.752239
vt 0.153952 0.806067
vt 0.104704 0.858159
vt 0.246857 0.751784
vt 0.199572 0.751976
vt 0.236016 0.706130
vt 0.192172 0.706068
vt 0.214502 0.672627
vt 0.180799 0.673454
vt 0.203190 0.805312
vt 0.249541 0.802853
vt 0.249633 0.856942
vt 0.203198 0.858159
vt 0.153952 0.858576
vt 0.646866 0.760154
vt 0.649075 0.753927
vt 0.659389 0.752147
vt 0.630998 0.748013
vt 0.642371 0.728813
vt 0.600787 0.739936
vt 0.606127 0.713862
vt 0.619789 0.664107
vt 0.674962 0.706162
vt 0.690793 0.752155
vt 0.668465 0.794076
vt 0.650832 0.768607
vt 0.646927 0.813712
vt 0.630922 0.780518
vt 0.608900 0.827436
vt 0.602880 0.789035
vt 0.567155 0.833678
vt 0.566412 0.795027
vt 0.540477 0.838398
vt 0.540698 0.799193
vt 0.565824 0.759497
vt 0.599456 0.759802
vt 0.625102 0.759981
vt 0.682348 0.831669
vt 0.706163 0.829158
vt 0.659335 0.845404
vt 0.635469 0.855767
vt 0.601391 0.844600
vt 0.576432 0.847523
vt 0.567035 0.867943
vt 0.592362 0.869767
vt 0.615888 0.861888
vt 0.614518 0.882546
vt 0.604160 0.894574
vt 0.588109 0.896532
vt 0.572229 0.885269
vt 0.521464 0.873717
vt 0.521464 0.839700
vt 0.539517 0.871890
vt 0.552817 0.869485
vt 0.503412 0.871890
vt 0.502451 0.838398
vt 0.490111 0.869485
vt 0.475773 0.833678
vt 0.475893 0.867943
vt 0.521464 0.799901
vt 0.502230 0.799193
vt 0.476516 0.795027
vt 0.440049 0.789035
vt 0.434029 0.827436
vt 0.412005 0.780518
vt 0.417826 0.759981
vt 0.443473 0.759802
vt 0.477104 0.759497
vt 0.502488 0.759866
vt 0.521464 0.759707
vt 0.540441 0.759866
vt 0.573898 0.741156
vt 0.601897 0.744935
vt 0.630457 0.751123
vt 0.645336 0.755762
vt 0.644741 0.757248
vt 0.623992 0.753735
vt 0.598819 0.751814
vt 0.566524 0.750040
vt 0.540810 0.749033
vt 0.521464 0.748897
vt 0.502118 0.749033
vt 0.476404 0.750040
vt 0.444110 0.751814
vt 0.418936 0.753735
vt 0.521461 0.743684
vt 0.540887 0.744044
vt 0.567207 0.745544
vt 0.599175 0.748446
vt 0.623982 0.751947
vt 0.644265 0.756411
vt 0.644330 0.756040
vt 0.627981 0.752401
vt 0.599495 0.747853
vt 0.572909 0.744745
vt 0.540837 0.742699
vt 0.541132 0.738064
vt 0.521464 0.737910
vt 0.521728 0.742562
vt 0.501743 0.742535
vt 0.501953 0.743695
vt 0.475534 0.744929
vt 0.443337 0.748191
vt 0.418624 0.752002
vt 0.399857 0.757213
vt 0.400739 0.756045
vt 0.398531 0.755331
vt 0.400506 0.755721
vt 0.412472 0.751123
vt 0.413419 0.752872
vt 0.442000 0.747371
vt 0.441031 0.744935
vt 0.469253 0.744448
vt 0.469031 0.741156
vt 0.501797 0.738064
vt 0.521464 0.730476
vt 0.541658 0.731126
vt 0.397433 0.760350
vt 0.395875 0.754705
vt 0.411931 0.748013
vt 0.442142 0.739936
vt 0.469051 0.734080
vt 0.501270 0.731126
vt 0.501716 0.705549
vt 0.521464 0.704653
vt 0.521464 0.661659
vt 0.541212 0.705549
vt 0.367967 0.706162
vt 0.423140 0.664107
vt 0.400558 0.728813
vt 0.436801 0.713862
vt 0.466610 0.707174
vt 0.471810 0.662886
vt 0.521464 0.615422
vt 0.487654 0.614948
vt 0.521464 0.581747
vt 0.499396 0.581582
vt 0.521198 0.551450
vt 0.508904 0.551378
vt 0.459068 0.551387
vt 0.443607 0.581066
vt 0.429276 0.614782
vt 0.533474 0.551378
vt 0.543532 0.581582
vt 0.555274 0.614948
vt 0.571117 0.662886
vt 0.576319 0.707174
vt 0.573877 0.734080
vt 0.613652 0.614782
vt 0.599322 0.581066
vt 0.583327 0.551387
vt 0.397266 0.184786
vt 0.432957 0.185902
vt 0.395007 0.128767
vt 0.432958 0.129155
vt 0.470907 0.128767
vt 0.468649 0.184786
vt 0.443949 0.215583
vt 0.465211 0.215062
vt 0.432957 0.215353
vt 0.432957 0.249072
vt 0.448727 0.248712
vt 0.469403 0.248383
vt 0.504553 0.248774
vt 0.509420 0.211054
vt 0.513387 0.173531
vt 0.497905 0.127655
vt 0.496762 0.101853
vt 0.501348 0.078548
vt 0.507211 0.042727
vt 0.528905 0.059157
vt 0.549576 0.015903
vt 0.508779 0.007542
vt 0.478148 0.005041
vt 0.477355 0.033953
vt 0.432958 0.031503
vt 0.449050 0.004835
vt 0.432957 0.005201
vt 0.416865 0.004835
vt 0.387767 0.005041
vt 0.388560 0.033953
vt 0.358704 0.042727
vt 0.357136 0.007542
vt 0.316338 0.015903
vt 0.337010 0.059157
vt 0.364567 0.078548
vt 0.361362 0.248774
vt 0.356495 0.211054
vt 0.315998 0.232481
vt 0.329841 0.201064
vt 0.306791 0.131236
vt 0.316786 0.130839
vt 0.309373 0.090591
vt 0.320292 0.098759
vt 0.349748 0.084430
vt 0.369153 0.101853
vt 0.368010 0.127655
vt 0.352527 0.173531
vt 0.400704 0.215062
vt 0.396512 0.248383
vt 0.417188 0.248712
vt 0.421966 0.215583
vt 0.342187 0.101661
vt 0.337130 0.129245
vt 0.338192 0.164086
vt 0.427040 0.861888
vt 0.450567 0.869767
vt 0.428411 0.882546
vt 0.438768 0.894574
vt 0.454819 0.896532
vt 0.470699 0.885269
vt 0.336765 0.829158
vt 0.360579 0.831669
vt 0.383592 0.845404
vt 0.407459 0.855767
vt 0.441537 0.844600
vt 0.466496 0.847523
vt 0.396001 0.813712
vt 0.374463 0.794076
vt 0.352135 0.752155
vt 0.392096 0.768607
vt 0.383540 0.752147
vt 0.549917 0.232481
vt 0.536073 0.201064
vt 0.559123 0.131238
vt 0.549129 0.130839
vt 0.556542 0.090591
vt 0.545623 0.098759
vt 0.516166 0.084430
vt 0.523727 0.101661
vt 0.528785 0.129245
vt 0.527722 0.164086
vt 0.694213 0.305741
vt 0.693774 0.315006
vt 0.699407 0.326913
vt 0.693958 0.334518
vt 0.716066 0.355774
vt 0.720858 0.326647
vt 0.715643 0.332977
vt 0.715890 0.312639
vt 0.715296 0.305663
vt 0.710984 0.327394
vt 0.714969 0.333076
vt 0.709114 0.347346
vt 0.713242 0.357848
vt 0.691745 0.360136
vt 0.698928 0.347497
vt 0.714930 0.300360
vt 0.695788 0.299452
vt 0.714362 0.280354
vt 0.694714 0.277165
vt 0.692432 0.255065
vt 0.713645 0.254905
vt 0.721987 0.344098
vt 0.735280 0.341735
vt 0.734048 0.324387
vt 0.734728 0.306562
vt 0.734948 0.301220
vt 0.730422 0.283149
vt 0.732428 0.250319
vt 0.741269 0.354237
vt 0.744157 0.332259
vt 0.745775 0.311576
vt 0.746233 0.305811
vt 0.744508 0.298664
vt 0.746092 0.295200
vt 0.739679 0.278293
vt 0.754811 0.297784
vt 0.746817 0.279046
vt 0.771556 0.298015
vt 0.763342 0.283596
vt 0.777745 0.284767
vt 0.776247 0.270936
vt 0.756003 0.260323
vt 0.743330 0.254246
vt 0.666041 0.256950
vt 0.669750 0.278888
vt 0.672984 0.299669
vt 0.670040 0.304531
vt 0.676637 0.325686
vt 0.670343 0.312740
vt 0.671330 0.330276
vt 0.673595 0.346578
vt 0.668584 0.358711
vt 0.686666 0.346181
vt 0.691014 0.360013
vt 0.692940 0.334226
vt 0.687828 0.326515
vt 0.648570 0.280746
vt 0.649571 0.300755
vt 0.649805 0.305606
vt 0.651613 0.323850
vt 0.663682 0.323620
vt 0.663046 0.339263
vt 0.652656 0.339747
vt 0.643625 0.354580
vt 0.633747 0.330965
vt 0.629061 0.308550
vt 0.627913 0.303678
vt 0.623549 0.280950
vt 0.625164 0.256633
vt 0.649853 0.255861
vt 0.671022 0.330410
vt 0.668937 0.350412
vt 0.732427 0.461178
vt 0.720475 0.440297
vt 0.731200 0.438038
vt 0.730291 0.416763
vt 0.717516 0.417960
vt 0.695141 0.442769
vt 0.709083 0.463402
vt 0.695133 0.463693
vt 0.713998 0.468306
vt 0.694731 0.470680
vt 0.711243 0.483836
vt 0.691225 0.489081
vt 0.693510 0.504262
vt 0.710499 0.507195
vt 0.745577 0.509526
vt 0.734072 0.484157
vt 0.733806 0.467992
vt 0.711054 0.455607
vt 0.713451 0.443367
vt 0.712253 0.409415
vt 0.736050 0.406929
vt 0.735170 0.437821
vt 0.734490 0.451455
vt 0.681092 0.421332
vt 0.694670 0.424720
vt 0.682385 0.445062
vt 0.683258 0.462625
vt 0.682858 0.471639
vt 0.683740 0.478395
vt 0.687230 0.492153
vt 0.682082 0.482808
vt 0.679968 0.492822
vt 0.676913 0.481674
vt 0.665078 0.490353
vt 0.653684 0.480060
vt 0.651507 0.496032
vt 0.661489 0.500465
vt 0.649331 0.512005
vt 0.657902 0.510575
vt 0.660300 0.529416
vt 0.674115 0.515183
vt 0.677723 0.536414
vt 0.687922 0.516616
vt 0.690953 0.539764
vt 0.692466 0.518015
vt 0.709831 0.520871
vt 0.687576 0.504385
vt 0.677042 0.504003
vt 0.706138 0.422842
vt 0.710518 0.408332
vt 0.712690 0.443541
vt 0.705942 0.442168
vt 0.741775 0.439092
vt 0.736970 0.437741
vt 0.740187 0.416549
vt 0.737597 0.405134
vt 0.755667 0.415540
vt 0.757970 0.404775
vt 0.758157 0.436342
vt 0.756025 0.435436
vt 0.759253 0.449755
vt 0.758458 0.460223
vt 0.757309 0.467335
vt 0.756384 0.484143
vt 0.776083 0.485044
vt 0.779434 0.509218
vt 0.788093 0.492091
vt 0.780377 0.467272
vt 0.779974 0.459174
vt 0.789288 0.475789
vt 0.790102 0.461652
vt 0.788562 0.436406
vt 0.778762 0.439586
vt 0.776108 0.423009
vt 0.780838 0.411991
vt 0.762947 0.409108
vt 0.764512 0.423751
vt 0.760637 0.437799
vt 0.764728 0.440708
vt 0.918092 0.049672
vt 0.914051 0.024955
vt 0.919282 0.016641
vt 0.895631 0.014222
vt 0.901356 0.023789
vt 0.911110 0.046684
vt 0.899232 0.067001
vt 0.900451 0.044487
vt 0.896660 0.045638
vt 0.897181 0.057542
vt 0.889940 0.045513
vt 0.873358 0.066071
vt 0.875777 0.041957
vt 0.872569 0.055887
vt 0.873657 0.042838
vt 0.891518 0.023581
vt 0.876132 0.022600
vt 0.894715 0.044199
vt 0.894093 0.012475
vt 0.873843 0.012126
vt 0.921405 0.061884
vt 0.922433 0.069165
vt 0.921303 0.073935
vt 0.899112 0.073628
vt 0.897597 0.089357
vt 0.875420 0.089342
vt 0.886162 0.114037
vt 0.855842 0.090218
vt 0.852511 0.113737
vt 0.874501 0.072990
vt 0.851572 0.072928
vt 0.843905 0.097076
vt 0.842717 0.081215
vt 0.851973 0.065051
vt 0.867128 0.047084
vt 0.871192 0.044256
vt 0.841908 0.067461
vt 0.843438 0.042900
vt 0.853179 0.045994
vt 0.855817 0.029865
vt 0.867342 0.030586
vt 0.868896 0.016342
vt 0.851115 0.019146
vt 0.921026 0.111769
vt 0.920286 0.089045
vt 0.936297 0.069447
vt 0.936697 0.076245
vt 0.948101 0.068407
vt 0.936289 0.049090
vt 0.948969 0.051321
vt 0.936759 0.031530
vt 0.950253 0.028234
vt 0.925361 0.029704
vt 0.921006 0.015587
vt 0.918848 0.049841
vt 0.925554 0.048505
vt 0.948499 0.077178
vt 0.940182 0.094147
vt 0.937911 0.108916
vt 0.920938 0.125074
vt 0.938949 0.122296
vt 0.943466 0.120936
vt 0.940452 0.143456
vt 0.953603 0.140195
vt 0.970918 0.133388
vt 0.957187 0.119541
vt 0.943808 0.109036
vt 0.947621 0.083750
vt 0.944153 0.097135
vt 0.954279 0.108664
vt 0.973303 0.115058
vt 0.981822 0.116449
vt 0.949270 0.088043
vt 0.951371 0.097787
vt 0.966171 0.095384
vt 0.969737 0.105221
vt 0.979659 0.100910
vt 0.954407 0.086940
vt 0.977496 0.085370
vt 0.407290 0.351360
vt 0.379591 0.369345
vt 0.400908 0.374221
vt 0.399329 0.379104
vt 0.378923 0.374285
vt 0.375490 0.392782
vt 0.358860 0.371422
vt 0.363485 0.391495
vt 0.362720 0.407544
vt 0.373028 0.408945
vt 0.380699 0.424899
vt 0.392655 0.401613
vt 0.355852 0.418433
vt 0.334667 0.370553
vt 0.350394 0.392479
vt 0.357469 0.381854
vt 0.355809 0.397648
vt 0.356360 0.366193
vt 0.382380 0.348972
vt 0.361442 0.345227
vt 0.333660 0.363985
vt 0.314507 0.363247
vt 0.313668 0.368634
vt 0.294483 0.362381
vt 0.294226 0.367861
vt 0.336724 0.341289
vt 0.316863 0.342839
vt 0.300610 0.344296
vt 0.301552 0.310553
vt 0.319856 0.316879
vt 0.340975 0.318891
vt 0.367102 0.323117
vt 0.383328 0.323415
vt 0.407857 0.326355
vt 0.256046 0.327816
vt 0.253315 0.341828
vt 0.267772 0.341885
vt 0.258297 0.355912
vt 0.284643 0.338673
vt 0.275001 0.357137
vt 0.291822 0.338525
vt 0.283920 0.355254
vt 0.285188 0.358935
vt 0.282829 0.366093
vt 0.282770 0.372025
vt 0.293307 0.386149
vt 0.282531 0.393315
vt 0.283443 0.416042
vt 0.277166 0.318728
vt 0.290337 0.313619
vt 0.308416 0.419809
vt 0.290528 0.403780
vt 0.306247 0.389608
vt 0.303560 0.407354
vt 0.310876 0.396536
vt 0.312615 0.375731
vt 0.316018 0.391232
vt 0.311539 0.396695
vt 0.316097 0.411797
vt 0.311042 0.422175
vt 0.332258 0.426390
vt 0.327596 0.391750
vt 0.326231 0.412837
vt 0.332344 0.400000
vt 0.334273 0.380066
vt 0.339168 0.392352
vt 0.332774 0.400226
vt 0.338567 0.412561
vt 0.332996 0.426326
vt 0.355461 0.426948
vt 0.351554 0.414106
vt 0.355040 0.397614
vt 0.903048 0.869513
vt 0.903048 0.833131
vt 0.874919 0.869510
vt 0.874919 0.833126
vt 0.903049 0.902580
vt 0.874919 0.902576
vt 0.847422 0.902571
vt 0.847421 0.869499
vt 0.847421 0.833101
vt 0.818491 0.933308
vt 0.847421 0.933301
vt 0.818491 0.902578
vt 0.818491 0.869508
vt 0.818491 0.833121
vt 0.818491 0.802124
vt 0.847327 0.801990
vt 0.874919 0.802113
vt 0.903048 0.802110
vt 0.935493 0.802110
vt 0.935495 0.833138
vt 0.935495 0.869517
vt 0.935495 0.902583
vt 0.935497 0.933369
vt 0.903049 0.933372
vt 0.874918 0.933330
vt 0.962242 0.802110
vt 0.962242 0.833141
vt 0.962242 0.869525
vt 0.962240 0.902592
vt 0.962242 0.933374
vt 0.949130 0.706615
vt 0.949130 0.676958
vt 0.926677 0.706588
vt 0.926677 0.676939
vt 0.949130 0.645050
vt 0.926677 0.645035
vt 0.949130 0.609933
vt 0.926677 0.609930
vt 0.949130 0.580023
vt 0.926677 0.580023
vt 0.796049 0.933337
vt 0.796049 0.902596
vt 0.796049 0.869524
vt 0.796049 0.833126
vt 0.796049 0.802124
vt 0.897725 0.706581
vt 0.897723 0.676932
vt 0.870167 0.706608
vt 0.870167 0.676939
vt 0.841976 0.706649
vt 0.841976 0.676941
vt 0.809459 0.706647
vt 0.809459 0.676946
vt 0.782655 0.676954
vt 0.782655 0.706650
vt 0.897723 0.645024
vt 0.870167 0.645037
vt 0.841976 0.645040
vt 0.809459 0.645043
vt 0.782655 0.645051
vt 0.782655 0.580009
vt 0.782655 0.609948
vt 0.809461 0.580009
vt 0.809459 0.609944
vt 0.841978 0.609938
vt 0.841978 0.580009
vt 0.870167 0.609934
vt 0.870165 0.580013
vt 0.897723 0.609911
vt 0.897817 0.579893
vt 0.202536 0.374471
vt 0.174992 0.339694
vt 0.203437 0.339661
vt 0.737040 0.639942
vt 0.729413 0.601246
vt 0.737040 0.597727
vt 0.715925 0.624052
vt 0.358909 0.617637
vt 0.366534 0.578941
vt 0.380023 0.601747
vt 0.358907 0.575422
vt 0.242895 0.373747
vt 0.227099 0.387186
vt 0.245631 0.433565
vt 0.218938 0.431887
vt 0.248724 0.404362
vt 0.220116 0.401946
vt 0.243960 0.387494
vt 0.060385 0.368808
vt 0.103952 0.339661
vt 0.079246 0.387186
vt 0.103807 0.374471
vt 0.086227 0.401946
vt 0.117428 0.395879
vt 0.087407 0.431887
vt 0.117984 0.429483
vt 0.153172 0.428189
vt 0.153172 0.391425
vt 0.153172 0.366459
vt 0.188917 0.395879
vt 0.188359 0.429483
vt 0.062383 0.387494
vt 0.057619 0.404362
vt 0.060712 0.433565
vt 0.153695 0.339608
vt 0.132395 0.339694
vt 0.442432 0.358945
vt 0.446490 0.335944
vt 0.461725 0.357728
vt 0.465350 0.333616
vt 0.458058 0.319016
vt 0.469614 0.320710
vt 0.482995 0.295298
vt 0.483066 0.308254
vt 0.508922 0.287555
vt 0.507839 0.300240
vt 0.486239 0.326830
vt 0.508962 0.321557
vt 0.508963 0.355892
vt 0.486246 0.357064
vt 0.599962 0.358945
vt 0.580668 0.357728
vt 0.595904 0.335944
vt 0.577046 0.333616
vt 0.584335 0.319016
vt 0.572779 0.320710
vt 0.559359 0.295298
vt 0.559346 0.308254
vt 0.533466 0.287555
vt 0.534564 0.300240
vt 0.556194 0.326830
vt 0.533454 0.321557
vt 0.533454 0.355892
vt 0.556194 0.357064
vt 0.019818 0.003434
vt 0.019814 0.035409
vt 0.040401 0.035409
vt 0.019814 0.081579
vt 0.040410 0.081579
vt 0.097143 0.035409
vt 0.097184 0.081579
vt 0.158437 0.035409
vt 0.158440 0.081579
vt 0.214293 0.081579
vt 0.214326 0.035409
vt 0.263769 0.081579
vt 0.263780 0.035409
vt 0.282297 0.081550
vt 0.282293 0.035409
vt 0.282293 0.003462
vt 0.263778 0.003462
vt 0.214362 0.003464
vt 0.158450 0.003447
vt 0.097143 0.003429
vt 0.040401 0.003462
vt 0.248727 0.923999
vt 0.247972 0.973493
vt 0.203481 0.923527
vt 0.204635 0.968438
vt 0.153952 0.966362
vt 0.153952 0.922979
vt 0.104421 0.923527
vt 0.103267 0.968438
vt 0.059930 0.973493
vt 0.059175 0.923999
vt 0.626210 0.059387
vt 0.667107 0.058276
vt 0.625206 0.101454
vt 0.667107 0.103034
vt 0.625675 0.143483
vt 0.667107 0.144944
vt 0.708541 0.143483
vt 0.709010 0.101454
vt 0.708006 0.059387
vt 0.949130 0.736435
vt 0.926677 0.736447
vt 0.818491 0.964258
vt 0.796049 0.964246
vt 0.897725 0.736476
vt 0.870169 0.736487
vt 0.841973 0.736478
vt 0.809456 0.736457
vt 0.782653 0.736439
vt 0.962244 0.964249
vt 0.935498 0.964268
vt 0.903053 0.964289
vt 0.874918 0.964299
vt 0.847421 0.964287
vt 0.838826 0.235266
vt 0.818547 0.235253
vt 0.838826 0.214229
vt 0.818554 0.214214
vt 0.838826 0.193359
vt 0.818567 0.193358
vt 0.856632 0.235278
vt 0.856632 0.214241
vt 0.884647 0.235286
vt 0.884647 0.214243
vt 0.916636 0.235288
vt 0.916636 0.214236
vt 0.942929 0.214236
vt 0.942929 0.235281
vt 0.970802 0.235271
vt 0.970802 0.214218
vt 0.970802 0.193359
vt 0.942927 0.193359
vt 0.916636 0.193359
vt 0.884644 0.193361
vt 0.856632 0.193361
vt 0.949527 0.434471
vt 0.970249 0.434400
vt 0.949527 0.413092
vt 0.970240 0.413090
vt 0.949525 0.386140
vt 0.970229 0.386129
vt 0.843188 0.434537
vt 0.843188 0.413092
vt 0.870043 0.434573
vt 0.870043 0.413092
vt 0.902715 0.413093
vt 0.902715 0.434568
vt 0.931328 0.413092
vt 0.931330 0.434526
vt 0.931330 0.386179
vt 0.902720 0.386186
vt 0.870043 0.386162
vt 0.843190 0.386148
vt 0.814719 0.386141
vt 0.814719 0.413090
vt 0.814719 0.434494
vt 0.818491 0.792311
vt 0.847422 0.792312
vt 0.818491 0.781686
vt 0.847422 0.781686
vt 0.874921 0.792314
vt 0.903048 0.792314
vt 0.818491 0.772333
vt 0.847422 0.772333
vt 0.874919 0.772333
vt 0.874919 0.781686
vt 0.903048 0.772333
vt 0.903048 0.781685
vt 0.935493 0.781685
vt 0.935493 0.792314
vt 0.962240 0.792314
vt 0.962240 0.781686
vt 0.962240 0.772333
vt 0.935493 0.772333
vt 0.897723 0.560306
vt 0.870167 0.560306
vt 0.870165 0.570558
vt 0.841976 0.570558
vt 0.809461 0.570558
vt 0.897723 0.570558
vt 0.926677 0.570557
vt 0.926677 0.560306
vt 0.782657 0.570558
vt 0.809461 0.560304
vt 0.841978 0.560304
vt 0.841978 0.551282
vt 0.870167 0.551282
vt 0.897723 0.551282
vt 0.926677 0.551282
vt 0.809461 0.551282
vt 0.782657 0.551282
vt 0.782655 0.560304
vt 0.949138 0.551282
vt 0.949130 0.560306
vt 0.949127 0.570592
vt 0.796040 0.772333
vt 0.796049 0.781686
vt 0.796052 0.792349
vt 0.828765 0.039899
vt 0.799407 0.018054
vt 0.796344 0.066127
vt 0.770479 0.029215
vt 0.761159 0.064948
vt 0.770776 0.098728
vt 0.792983 0.108200
vt 0.820851 0.099307
vt 0.831902 0.071546
vt 0.314976 0.486104
vt 0.311916 0.517785
vt 0.346628 0.512362
vt 0.322704 0.545578
vt 0.349909 0.554482
vt 0.371589 0.544999
vt 0.380978 0.511181
vt 0.371879 0.475408
vt 0.343639 0.464234
vt 0.508952 0.468425
vt 0.486217 0.429096
vt 0.508957 0.429132
vt 0.243868 0.647112
vt 0.276649 0.603496
vt 0.262535 0.614649
vt 0.276649 0.680155
vt 0.309430 0.647112
vt 0.290763 0.614649
vt 0.241345 0.539859
vt 0.210420 0.503855
vt 0.239647 0.504472
vt 0.186573 0.503467
vt 0.206132 0.536131
vt 0.203915 0.563425
vt 0.228923 0.564173
vt 0.202622 0.586973
vt 0.229262 0.587136
vt 0.200941 0.611203
vt 0.212071 0.614116
vt 0.180739 0.613685
vt 0.153172 0.613689
vt 0.178942 0.587510
vt 0.153172 0.588311
vt 0.181131 0.562389
vt 0.153172 0.562236
vt 0.153172 0.535042
vt 0.125212 0.562389
vt 0.122232 0.535707
vt 0.102428 0.563425
vt 0.100213 0.536131
vt 0.064998 0.539859
vt 0.095923 0.503855
vt 0.066696 0.504472
vt 0.184111 0.535707
vt 0.077420 0.564173
vt 0.103721 0.586973
vt 0.077081 0.587136
vt 0.105403 0.611203
vt 0.094273 0.614116
vt 0.125605 0.613685
vt 0.127403 0.587510
vt 0.119772 0.503467
vt 0.556197 0.429096
vt 0.533457 0.468425
vt 0.533455 0.429132
vt 0.607677 0.429072
vt 0.621842 0.469722
vt 0.584342 0.429071
vt 0.587056 0.468482
vt 0.556198 0.468262
vt 0.533460 0.496310
vt 0.556202 0.494935
vt 0.533465 0.528038
vt 0.556206 0.525843
vt 0.533470 0.542492
vt 0.556214 0.541870
vt 0.585146 0.539687
vt 0.597495 0.540811
vt 0.584709 0.523319
vt 0.614365 0.519699
vt 0.619875 0.491419
vt 0.586532 0.493442
vt 0.434716 0.429072
vt 0.458054 0.429071
vt 0.420553 0.469722
vt 0.455339 0.468482
vt 0.455863 0.493442
vt 0.486189 0.494935
vt 0.486151 0.525843
vt 0.508929 0.528038
vt 0.508916 0.542492
vt 0.521198 0.542266
vt 0.521198 0.528002
vt 0.422518 0.491419
vt 0.457686 0.523319
vt 0.428029 0.519699
vt 0.444943 0.540811
vt 0.457249 0.539687
vt 0.486091 0.541870
vt 0.486213 0.468262
vt 0.508945 0.496310
vt 0.153172 0.503637
vt 0.019827 0.255111
vt 0.019801 0.291699
vt 0.040429 0.255111
vt 0.040448 0.291693
vt 0.097392 0.291699
vt 0.019827 0.223249
vt 0.040427 0.223249
vt 0.097194 0.255111
vt 0.158455 0.255111
vt 0.158478 0.291699
vt 0.214261 0.291693
vt 0.282297 0.174397
vt 0.263756 0.174399
vt 0.282297 0.223249
vt 0.263752 0.223249
vt 0.282297 0.255044
vt 0.263748 0.255111
vt 0.282293 0.291699
vt 0.263726 0.291693
vt 0.214392 0.255111
vt 0.158437 0.223249
vt 0.097164 0.223249
vt 0.040423 0.174399
vt 0.019814 0.174399
vt 0.214384 0.223249
vt 0.158440 0.174399
vt 0.097164 0.174399
vt 0.214388 0.174399
vt 0.508960 0.392037
vt 0.153172 0.467057
vt 0.214371 0.126784
vt 0.263763 0.126784
vt 0.282297 0.126778
vt 0.158440 0.126784
vt 0.097179 0.126784
vt 0.040416 0.126784
vt 0.019814 0.126784
vt 0.187573 0.467048
vt 0.214420 0.467053
vt 0.243189 0.467057
vt 0.118770 0.467048
vt 0.091923 0.467053
vt 0.063155 0.467057
vt 0.459424 0.391937
vt 0.486239 0.391995
vt 0.438112 0.391856
vt 0.533454 0.392037
vt 0.556194 0.391995
vt 0.582971 0.391937
vt 0.604282 0.391856
vt 0.802675 0.256060
vt 0.802675 0.276573
vt 0.802675 0.303764
vt 0.802675 0.329658
vt 0.986895 0.256060
vt 0.986895 0.276573
vt 0.986895 0.303764
vt 0.986895 0.329658
vt 0.986464 0.455647
vt 0.986464 0.476515
vt 0.986464 0.504177
vt 0.986465 0.530513
vt 0.798280 0.455647
vt 0.798280 0.476515
vt 0.798280 0.504177
vt 0.798280 0.530513
vt 0.285059 0.751200
vt 0.286698 0.799583
vt 0.319860 0.703255
vt 0.307870 0.756815
vt 0.286146 0.857447
vt 0.307155 0.825478
vt 0.020907 0.799583
vt 0.022547 0.751200
vt 0.735058 0.756815
vt 0.723069 0.703255
vt 0.021459 0.857447
vt 0.735773 0.825478
vt 0.056804 0.672421
vt 0.025480 0.705007
vt 0.097415 0.625977
vt 0.083235 0.648341
vt 0.250795 0.672421
vt 0.282125 0.705007
vt 0.375708 0.615276
vt 0.353651 0.658595
vt 0.213165 0.625977
vt 0.224370 0.648341
vt 0.402121 0.580638
vt 0.414964 0.551359
vt 0.627430 0.551359
vt 0.640808 0.580638
vt 0.667221 0.615276
vt 0.689278 0.658595
vt 0.778361 0.525124
vt 0.745366 0.521559
vt 0.986814 0.342443
vt 0.970802 0.342443
vt 0.916639 0.342468
vt 0.884644 0.342468
vt 0.650999 0.239624
vt 0.627649 0.241247
vt 0.712002 0.544182
vt 0.714494 0.240354
vt 0.732314 0.240836
vt 0.942931 0.342446
vt 0.802594 0.342443
vt 0.818542 0.342448
vt 0.838826 0.342460
vt 0.856631 0.342465
vt 0.691730 0.238008
vt 0.666137 0.238969
vt 0.886370 0.125744
vt 0.853576 0.129212
vt 0.814719 0.543528
vt 0.798388 0.543528
vt 0.902720 0.543552
vt 0.870041 0.543552
vt 0.406758 0.310405
vt 0.383640 0.306712
vt 0.918782 0.147755
vt 0.302512 0.300867
vt 0.320310 0.301925
vt 0.986493 0.543528
vt 0.970253 0.543533
vt 0.949527 0.543544
vt 0.843186 0.543531
vt 0.931332 0.543549
vt 0.368616 0.304723
vt 0.343201 0.301512
vt 0.761461 0.706591
vt 0.761461 0.676941
vt 0.761465 0.645031
vt 0.761469 0.609903
vt 0.761464 0.580001
vt 0.983387 0.802101
vt 0.983382 0.833095
vt 0.983387 0.869504
vt 0.983390 0.902580
vt 0.983390 0.933311
vt 0.763419 0.802101
vt 0.763416 0.833095
vt 0.763419 0.869504
vt 0.763424 0.902580
vt 0.763422 0.933311
vt 0.981830 0.580001
vt 0.981833 0.609903
vt 0.981830 0.645031
vt 0.981825 0.676941
vt 0.981825 0.706591
vt 0.508722 0.258319
vt 0.521198 0.285557
vt 0.521163 0.258249
vt 0.533604 0.258319
vt 0.459907 0.313346
vt 0.469477 0.296498
vt 0.441290 0.325695
vt 0.453218 0.319032
vt 0.420891 0.336765
vt 0.426070 0.327839
vt 0.470237 0.282323
vt 0.480527 0.267676
vt 0.223456 0.338796
vt 0.241648 0.357928
vt 0.274482 0.400224
vt 0.273337 0.409558
vt 0.264272 0.395859
vt 0.035108 0.433812
vt 0.033007 0.409558
vt 0.625039 0.359956
vt 0.621503 0.336765
vt 0.589176 0.319032
vt 0.601104 0.325695
vt 0.575951 0.296498
vt 0.585521 0.313413
vt 0.083932 0.338796
vt 0.086682 0.312351
vt 0.105521 0.298390
vt 0.042072 0.395859
vt 0.053386 0.386967
vt 0.616324 0.327839
vt 0.561799 0.267676
vt 0.572088 0.282323
vt 0.065741 0.357928
vt 0.031857 0.400224
vt 0.271238 0.433812
vt 0.417355 0.359956
vt 0.252959 0.386967
vt 0.201868 0.298390
vt 0.220706 0.312351
vt 0.175374 0.298614
vt 0.153695 0.298703
vt 0.132015 0.298614
vt 0.621664 0.197547
vt 0.584857 0.179151
vt 0.572254 0.141528
vt 0.626643 0.018715
vt 0.599329 0.035540
vt 0.577181 0.062673
vt 0.761962 0.141528
vt 0.749359 0.179151
vt 0.712550 0.197547
vt 0.757033 0.062673
vt 0.734887 0.035540
vt 0.707573 0.018715
vt 0.013578 0.976277
vt 0.020673 0.923820
vt 0.308690 0.983154
vt 0.311256 0.966488
vt 0.353141 0.983281
vt 0.390216 0.979364
vt 0.479349 0.976701
vt 0.443317 0.976098
vt 0.294027 0.976277
vt 0.286932 0.923820
vt 0.293572 0.986451
vt 0.248295 0.982982
vt 0.207313 0.980176
vt 0.153952 0.979439
vt 0.100590 0.980176
vt 0.571734 0.102078
vt 0.306984 0.904241
vt 0.059607 0.982982
vt 0.014033 0.986451
vt 0.734238 0.983154
vt 0.689787 0.983281
vt 0.731672 0.966488
vt 0.652712 0.979364
vt 0.563543 0.976701
vt 0.599135 0.976097
vt 0.667107 0.204117
vt 0.735945 0.904241
vt 0.762482 0.102078
vt 0.682808 0.015618
vt 0.667019 0.015630
vt 0.651413 0.015618
vt 0.503320 0.976086
vt 0.521343 0.976087
vt 0.539576 0.976086
vt 0.949130 0.759330
vt 0.981824 0.759329
vt 0.981822 0.736429
vt 0.761459 0.759329
vt 0.782653 0.759332
vt 0.761457 0.736429
vt 0.255948 0.376440
vt 0.274482 0.373348
vt 0.260076 0.380584
vt 0.274482 0.379152
vt 0.274482 0.395011
vt 0.267618 0.391954
vt 0.438539 0.321933
vt 0.425699 0.322855
vt 0.435997 0.305946
vt 0.454283 0.311862
vt 0.434268 0.311695
vt 0.449859 0.313747
vt 0.763427 0.964239
vt 0.763426 0.987975
vt 0.796049 0.987976
vt 0.962244 0.987978
vt 0.983393 0.964239
vt 0.983392 0.987975
vt 0.031846 0.379152
vt 0.031844 0.373348
vt 0.046268 0.380584
vt 0.050397 0.376440
vt 0.038726 0.391954
vt 0.031857 0.395011
vt 0.616694 0.322855
vt 0.603854 0.321933
vt 0.592535 0.313747
vt 0.588111 0.311862
vt 0.608125 0.311695
vt 0.606397 0.305946
vt 0.592357 0.316925
vt 0.809456 0.759337
vt 0.841971 0.759347
vt 0.046270 0.386811
vt 0.869818 0.759357
vt 0.897726 0.759364
vt 0.926677 0.759339
vt 0.450037 0.316925
vt 0.260075 0.386811
vt 0.818491 0.987985
vt 0.847419 0.988011
vt 0.875267 0.988004
vt 0.903053 0.987993
vt 0.935498 0.987981
vt 0.942927 0.178772
vt 0.916636 0.178772
vt 0.970803 0.178772
vt 0.970805 0.173671
vt 0.942927 0.173671
vt 0.916636 0.173671
vt 0.802677 0.193358
vt 0.818563 0.178772
vt 0.802677 0.178772
vt 0.818561 0.173671
vt 0.802677 0.173671
vt 0.838826 0.178772
vt 0.838826 0.173671
vt 0.986899 0.173671
vt 0.986899 0.178772
vt 0.986897 0.193358
vt 0.856634 0.178772
vt 0.856634 0.173671
vt 0.802675 0.235263
vt 0.802677 0.214214
vt 0.986897 0.235263
vt 0.986897 0.214214
vt 0.884786 0.178772
vt 0.884928 0.173670
vt 0.843190 0.366120
vt 0.843190 0.371296
vt 0.814715 0.366133
vt 0.814717 0.371277
vt 0.870043 0.371351
vt 0.870045 0.366116
vt 0.949525 0.371267
vt 0.931328 0.371416
vt 0.949525 0.366123
vt 0.931327 0.366113
vt 0.798276 0.366133
vt 0.798276 0.371258
vt 0.798276 0.386136
vt 0.970231 0.371230
vt 0.986464 0.386136
vt 0.986464 0.371258
vt 0.970234 0.366130
vt 0.986464 0.366133
vt 0.986464 0.434451
vt 0.986464 0.413090
vt 0.798278 0.434451
vt 0.798278 0.413090
vt 0.902574 0.371436
vt 0.902428 0.366107
vt 0.763327 0.772333
vt 0.763490 0.781641
vt 0.763424 0.792316
vt 0.981921 0.551282
vt 0.981759 0.560262
vt 0.981825 0.570562
vt 0.761459 0.570562
vt 0.761399 0.560262
vt 0.761550 0.551282
vt 0.983302 0.772333
vt 0.983451 0.781641
vt 0.983392 0.792316
vt 0.266782 0.505634
vt 0.264554 0.539297
vt 0.402310 0.460822
vt 0.409037 0.429028
vt 0.237645 0.565476
vt 0.243131 0.553119
vt 0.411653 0.509836
vt 0.401119 0.512378
vt 0.403507 0.522026
vt 0.242281 0.592318
vt 0.242281 0.582228
vt 0.242016 0.578673
vt 0.396492 0.472627
vt 0.402559 0.474075
vt 0.264553 0.551643
vt 0.041808 0.539297
vt 0.039573 0.505634
vt 0.633357 0.429028
vt 0.640084 0.460822
vt 0.063212 0.553119
vt 0.068698 0.565476
vt 0.638887 0.522026
vt 0.641275 0.512378
vt 0.630741 0.509836
vt 0.064327 0.578673
vt 0.064096 0.582228
vt 0.064097 0.592318
vt 0.639835 0.474075
vt 0.645902 0.472627
vt 0.041816 0.551643
vt 0.629678 0.490641
vt 0.411469 0.540635
vt 0.076386 0.615760
vt 0.229989 0.615760
vt 0.412716 0.490641
vt 0.630924 0.540635
vt 0.629548 0.391798
vt 0.267896 0.467113
vt 0.412845 0.391798
vt 0.038455 0.467113
vt 0.297372 0.081515
vt 0.297355 0.035409
vt 0.297364 0.003467
vt 0.008249 0.003467
vt 0.008249 0.035409
vt 0.008249 0.081579
vt 0.523455 0.354340
vt 0.523455 0.319882
vt 0.521198 0.300127
vt 0.521198 0.429130
vt 0.297357 0.255111
vt 0.297361 0.291770
vt 0.008275 0.291710
vt 0.008249 0.255111
vt 0.297385 0.174412
vt 0.297387 0.223197
vt 0.008249 0.174399
vt 0.008249 0.223249
vt 0.521198 0.468343
vt 0.521198 0.496196
vt 0.523455 0.391305
vt 0.297381 0.126828
vt 0.008249 0.126784
s 1
usemtl Material.004
f 1/1/1 2/2/2 3/3/3
f 2/2/2 4/4/4 3/3/3
f 3/3/3 4/4/4 5/5/5
f 4/4/4 6/6/6 5/5/5
f 5/5/5 6/6/6 7/7/7
f 6/6/6 8/8/8 7/7/7
f 8/8/8 6/6/6 9/9/9
f 6/6/6 10/10/10 9/9/9
f 9/9/9 10/10/10 11/11/11
f 10/10/10 12/12/12 11/11/11
f 12/12/12 13/13/13 11/11/11
f 11/11/11 13/13/13 14/14/14
f 13/13/13 15/15/15 14/14/14
f 14/14/14 15/15/15 16/16/16
f 15/15/15 17/17/17 16/16/16
f 16/16/16 17/17/17 18/18/18
f 10/10/10 19/19/19 12/12/12
f 19/19/19 20/20/20 12/12/12
f 20/20/20 21/21/21 12/12/12
f 12/12/12 21/21/21 13/13/13
f 21/21/21 22/22/22 13/13/13
f 13/13/13 22/22/22 15/15/15
f 15/15/15 22/22/22 17/17/17
f 22/22/22 23/23/23 17/17/17
f 6/6/6 4/4/4 10/10/10
f 10/10/10 4/4/4 19/19/19
f 4/4/4 2/2/2 19/19/19
f 2/2/2 24/24/24 19/19/19
f 19/19/19 24/24/24 20/20/20
f 24/24/24 25/25/25 20/20/20
f 20/20/20 25/25/25 21/21/21
f 25/25/25 26/26/26 21/21/21
f 26/26/26 27/27/27 21/21/21
f 21/21/21 27/27/27 22/22/22
f 22/22/22 27/27/27 23/23/23
f 27/27/27 28/28/28 23/23/23
f 29/29/29 30/30/30 31/31/31
f 31/31/31 30/30/30 32/32/32
f 30/30/30 33/33/33 32/32/32
f 32/32/32 33/33/33 34/34/34
f 33/33/33 35/35/35 34/34/34
f 34/34/34 35/35/35 36/36/36
f 37/37/37 38/38/38 39/39/39
f 38/38/38 40/40/40 39/39/39
f 39/39/39 40/40/40 41/41/41
f 40/40/40 42/42/42 41/41/41
f 41/41/41 42/42/42 43/43/43
f 42/42/42 44/44/44 43/43/43
f 44/44/44 45/45/45 43/43/43
f 43/43/43 45/45/45 46/46/46
f 45/45/45 34/34/34 46/46/46
f 46/46/46 34/34/34 36/36/36
f 45/45/45 44/44/44 47/47/47
f 47/47/47 44/44/44 48/48/48
f 48/48/48 44/44/44 49/49/49
f 44/44/44 42/42/42 49/49/49
f 49/49/49 42/42/42 50/50/50
f 42/42/42 40/40/40 50/50/50
f 40/40/40 38/38/38 50/50/50
f 50/50/50 38/38/38 51/51/51
f 34/34/34 45/45/45 32/32/32
f 45/45/45 47/47/47 32/32/32
f 32/32/32 47/47/47 31/31/31
f 31/31/31 47/47/47 52/52/52
f 47/47/47 48/48/48 52/52/52
f 52/52/52 48/48/48 53/53/53
f 48/48/48 49/49/49 53/53/53
f 53/53/53 49/49/49 54/54/54
f 54/54/54 49/49/49 55/55/55
f 49/49/49 50/50/50 55/55/55
f 50/50/50 51/51/51 55/55/55
f 55/55/55 51/51/51 56/56/56
f 57/57/57 58/58/58 59/59/59
f 58/58/58 57/57/57 60/60/60
f 61/61/61 58/58/58 60/60/60
f 58/58/58 61/61/61 62/62/62
f 63/63/63 64/64/64 65/65/65
f 64/64/64 66/66/66 65/65/65
f 65/65/65 66/66/66 67/67/67
f 63/63/63 68/68/68 64/64/64
f 68/68/68 69/69/69 64/64/64
f 64/64/64 69/69/69 70/70/70
f 69/69/69 71/71/71 70/70/70
f 70/70/70 71/71/71 72/72/72
f 71/71/71 73/73/73 72/72/72
f 72/72/72 73/73/73 74/74/74
f 73/73/73 75/75/75 74/74/74
f 74/74/74 75/75/75 76/76/76
f 76/76/76 75/75/75 77/77/77
f 75/75/75 78/78/78 77/77/77
f 77/77/77 78/78/78 79/79/79
f 78/78/78 80/80/80 79/79/79
f 79/79/79 80/80/80 81/81/81
f 80/80/80 82/82/82 81/81/81
f 81/81/81 82/82/82 83/83/83
f 83/83/83 82/82/82 84/84/84
f 82/82/82 85/85/85 84/84/84
f 85/85/85 86/86/86 84/84/84
f 86/86/86 87/87/87 84/84/84
f 84/84/84 87/87/87 83/83/83
f 87/87/87 88/88/88 83/83/83
f 83/83/83 88/88/88 89/89/89
f 88/88/88 90/90/90 89/89/89
f 85/85/85 82/82/82 91/91/91
f 82/82/82 80/80/80 91/91/91
f 91/91/91 80/80/80 92/92/92
f 92/92/92 80/80/80 93/93/93
f 80/80/80 78/78/78 93/93/93
f 78/78/78 75/75/75 93/93/93
f 93/93/93 75/75/75 94/94/94
f 94/94/94 75/75/75 95/95/95
f 75/75/75 73/73/73 95/95/95
f 73/73/73 71/71/71 95/95/95
f 95/95/95 71/71/71 96/96/96
f 96/96/96 71/71/71 97/97/97
f 71/71/71 69/69/69 97/97/97
f 97/97/97 69/69/69 98/98/98
f 69/69/69 68/68/68 98/98/98
f 98/98/98 68/68/68 99/99/99
f 68/68/68 63/63/63 99/99/99
f 100/100/100 101/101/101 102/102/102
f 101/101/101 103/103/103 102/102/102
f 103/103/103 104/104/104 102/102/102
f 102/102/102 104/104/104 105/105/105
f 106/106/106 107/107/107 108/108/108
f 107/107/107 109/109/109 108/108/108
f 108/108/108 109/109/109 110/110/110
f 109/109/109 111/111/111 110/110/110
f 110/110/110 111/111/111 112/112/112
f 111/111/111 113/113/113 112/112/112
f 112/112/112 113/113/113 114/114/114
f 113/113/113 104/104/104 114/114/114
f 104/104/104 103/103/103 114/114/114
f 103/103/103 115/115/115 114/114/114
f 114/114/114 115/115/115 112/112/112
f 115/115/115 116/116/116 112/112/112
f 116/116/116 117/117/117 112/112/112
f 112/112/112 117/117/117 110/110/110
f 117/117/117 118/118/118 110/110/110
f 110/110/110 118/118/118 108/108/108
f 118/118/118 119/119/119 108/108/108
f 108/108/108 119/119/119 106/106/106
f 120/120/120 121/121/121 122/122/122
f 121/121/121 123/123/123 122/122/122
f 122/122/122 123/123/123 124/124/124
f 123/123/123 125/125/125 124/124/124
f 124/124/124 125/125/125 101/101/101
f 101/101/101 125/125/125 103/103/103
f 103/103/103 125/125/125 115/115/115
f 125/125/125 123/123/123 115/115/115
f 115/115/115 123/123/123 116/116/116
f 116/116/116 123/123/123 117/117/117
f 123/123/123 121/121/121 117/117/117
f 117/117/117 121/121/121 118/118/118
f 118/118/118 121/121/121 126/126/126
f 121/121/121 120/120/120 126/126/126
f 120/120/120 127/127/127 126/126/126
f 127/127/127 128/128/128 126/126/126
f 128/128/128 129/129/129 126/126/126
f 126/126/126 129/129/129 118/118/118
f 129/129/129 130/130/130 118/118/118
f 130/130/130 119/119/119 118/118/118
f 131/131/131 132/132/132 133/133/133
f 132/132/132 134/134/134 133/133/133
f 133/133/133 134/134/134 135/135/135
f 136/136/136 137/137/137 134/134/134
f 134/134/134 137/137/137 135/135/135
f 137/137/137 138/138/138 135/135/135
f 138/138/138 139/139/139 135/135/135
f 135/135/135 139/139/139 133/133/133
f 139/139/139 140/140/140 133/133/133
f 140/140/140 141/141/141 133/133/133
f 133/133/133 141/141/141 142/142/142
f 141/141/141 143/143/143 142/142/142
f 142/142/142 143/143/143 144/144/144
f 143/143/143 145/145/145 144/144/144
f 144/144/144 145/145/145 146/146/146
f 145/145/145 147/147/147 146/146/146
f 146/146/146 147/147/147 148/148/148
f 147/147/147 149/149/149 148/148/148
f 149/149/149 150/150/150 148/148/148
f 150/150/150 151/151/151 148/148/148
f 148/148/148 151/151/151 146/146/146
f 151/151/151 152/152/152 146/146/146
f 152/152/152 153/153/153 146/146/146
f 146/146/146 153/153/153 144/144/144
f 144/144/144 153/153/153 142/142/142
f 153/153/153 131/131/131 142/142/142
f 142/142/142 131/131/131 133/133/133
f 90/90/90 155/154/154 154/155/155
f 154/155/155 155/154/154 140/140/140
f 140/140/140 155/154/154 141/141/141
f 155/154/154 156/156/156 141/141/141
f 141/141/141 156/156/156 143/143/143
f 156/156/156 157/157/157 143/143/143
f 143/143/143 157/157/157 145/145/145
f 157/157/157 158/158/158 145/145/145
f 145/145/145 158/158/158 147/147/147
f 158/158/158 159/159/159 147/147/147
f 147/147/147 159/159/159 160/160/160
f 160/160/160 159/159/159 161/161/161
f 159/159/159 158/158/158 161/161/161
f 161/161/161 158/158/158 162/162/162
f 158/158/158 157/157/157 162/162/162
f 162/162/162 157/157/157 86/86/86
f 157/157/157 156/156/156 86/86/86
f 86/86/86 156/156/156 87/87/87
f 156/156/156 155/154/154 87/87/87
f 87/87/87 155/154/154 88/88/88
f 155/154/154 90/90/90 88/88/88
f 161/161/161 162/162/162 163/163/163
f 162/162/162 86/86/86 163/163/163
f 163/163/163 86/86/86 164/164/164
f 86/86/86 85/85/85 164/164/164
f 85/85/85 91/91/91 164/164/164
f 164/164/164 91/91/91 165/165/165
f 91/91/91 92/92/92 165/165/165
f 165/165/165 92/92/92 166/166/166
f 92/92/92 160/160/160 166/166/166
f 160/160/160 161/161/161 166/166/166
f 166/166/166 161/161/161 165/165/165
f 165/165/165 161/161/161 164/164/164
f 161/161/161 163/163/163 164/164/164
f 167/167/167 168/168/168 169/169/169
f 168/168/168 149/149/149 169/169/169
f 169/169/169 149/149/149 170/170/170
f 149/149/149 147/147/147 170/170/170
f 147/147/147 160/160/160 170/170/170
f 160/160/160 92/92/92 170/170/170
f 170/170/170 92/92/92 169/169/169
f 92/92/92 93/93/93 169/169/169
f 93/93/93 94/94/94 169/169/169
f 169/169/169 94/94/94 167/167/167
f 94/94/94 171/171/171 167/167/167
f 167/167/167 171/171/171 168/168/168
f 168/168/168 171/171/171 172/172/172
f 171/171/171 173/173/173 172/172/172
f 172/172/172 173/173/173 174/174/174
f 174/174/174 173/173/173 175/175/175
f 175/175/175 173/173/173 96/96/96
f 173/173/173 171/171/171 96/96/96
f 96/96/96 171/171/171 95/95/95
f 171/171/171 94/94/94 95/95/95
f 150/150/150 149/149/149 176/176/176
f 149/149/149 168/168/168 176/176/176
f 168/168/168 172/172/172 176/176/176
f 176/176/176 172/172/172 177/177/177
f 177/177/177 172/172/172 178/178/178
f 172/172/172 174/174/174 178/178/178
f 178/178/178 174/174/174 179/179/179
f 174/174/174 180/180/180 179/179/179
f 180/180/180 181/181/181 179/179/179
f 181/181/181 182/182/182 179/179/179
f 182/182/182 183/183/183 179/179/179
f 183/183/183 184/184/184 179/179/179
f 179/179/179 184/184/184 178/178/178
f 178/178/178 184/184/184 177/177/177
f 184/184/184 185/185/185 177/177/177
f 177/177/177 185/185/185 176/176/176
f 185/185/185 186/186/186 176/176/176
f 186/186/186 187/187/187 176/176/176
f 176/176/176 187/187/187 150/150/150
f 187/187/187 151/151/151 150/150/150
f 188/188/188 136/136/136 189/189/189
f 136/136/136 134/134/134 189/189/189
f 189/189/189 134/134/134 190/190/190
f 134/134/134 132/132/132 190/190/190
f 190/190/190 132/132/132 191/191/191
f 132/132/132 131/131/131 191/191/191
f 191/191/191 131/131/131 192/192/192
f 192/192/192 131/131/131 193/193/193
f 131/131/131 153/153/153 193/193/193
f 153/153/153 152/152/152 193/193/193
f 193/193/193 152/152/152 194/194/194
f 194/194/194 152/152/152 195/195/195
f 152/152/152 151/151/151 195/195/195
f 151/151/151 187/187/187 195/195/195
f 195/195/195 187/187/187 196/196/196
f 187/187/187 186/186/186 196/196/196
f 196/196/196 186/186/186 197/197/197
f 197/197/197 186/186/186 198/198/198
f 186/186/186 185/185/185 198/198/198
f 198/198/198 185/185/185 199/199/199
f 185/185/185 184/184/184 199/199/199
f 184/184/184 183/183/183 199/199/199
f 199/199/199 183/183/183 200/200/200
f 183/183/183 201/201/201 200/200/200
f 198/198/198 202/202/202 197/197/197
f 197/197/197 202/202/202 196/196/196
f 202/202/202 203/203/203 196/196/196
f 203/203/203 204/204/204 196/196/196
f 196/196/196 204/204/204 195/195/195
f 195/195/195 204/204/204 194/194/194
f 204/204/204 205/205/205 194/194/194
f 194/194/194 205/205/205 193/193/193
f 205/205/205 206/206/206 193/193/193
f 193/193/193 206/206/206 192/192/192
f 206/206/206 207/207/207 192/192/192
f 192/192/192 207/207/207 191/191/191
f 207/207/207 208/208/208 191/191/191
f 191/191/191 208/208/208 190/190/190
f 208/208/208 209/209/209 190/190/190
f 209/209/209 210/210/210 190/190/190
f 190/190/190 210/210/210 189/189/189
f 210/210/210 211/211/211 189/189/189
f 189/189/189 211/211/211 188/188/188
f 211/211/211 212/212/212 188/188/188
f 188/188/188 212/212/212 213/213/213
f 213/213/213 212/212/212 214/214/214
f 212/212/212 215/215/215 214/214/214
f 215/215/215 216/216/216 214/214/214
f 202/202/202 198/198/198 217/217/217
f 217/217/217 198/198/198 218/218/218
f 198/198/198 199/199/199 218/218/218
f 199/199/199 200/200/200 218/218/218
f 218/218/218 200/200/200 219/219/219
f 200/200/200 201/201/201 219/219/219
f 219/219/219 201/201/201 220/220/220
f 201/201/201 221/221/221 220/220/220
f 220/220/220 221/221/221 222/222/222
f 221/221/221 223/223/223 222/222/222
f 222/222/222 223/223/223 224/224/224
f 223/223/223 225/225/225 224/224/224
f 224/224/224 225/225/225 226/226/226
f 226/226/226 225/225/225 227/227/227
f 225/225/225 228/228/228 227/227/227
f 227/227/227 228/228/228 229/229/229
f 228/228/228 230/230/230 229/229/229
f 229/229/229 230/230/230 216/216/216
f 230/230/230 231/231/231 216/216/216
f 216/216/216 231/231/231 214/214/214
f 231/231/231 232/232/232 214/214/214
f 214/214/214 232/232/232 213/213/213
f 232/232/232 233/233/233 213/213/213
f 213/213/213 233/233/233 188/188/188
f 183/183/183 182/182/182 201/201/201
f 182/182/182 234/234/234 201/201/201
f 201/201/201 234/234/234 221/221/221
f 221/221/221 234/234/234 223/223/223
f 234/234/234 235/235/235 223/223/223
f 223/223/223 235/235/235 225/225/225
f 235/235/235 236/236/236 225/225/225
f 225/225/225 236/236/236 228/228/228
f 236/236/236 237/237/237 228/228/228
f 228/228/228 237/237/237 230/230/230
f 237/237/237 238/238/238 230/230/230
f 238/238/238 239/239/239 230/230/230
f 230/230/230 239/239/239 231/231/231
f 231/231/231 239/239/239 232/232/232
f 239/239/239 240/240/240 232/232/232
f 232/232/232 240/240/240 241/241/241
f 240/240/240 242/242/242 241/241/241
f 242/242/242 243/243/243 241/241/241
f 241/241/241 243/243/243 232/232/232
f 243/243/243 233/233/233 232/232/232
f 244/244/244 245/245/245 246/246/246
f 245/245/245 247/247/247 246/246/246
f 246/246/246 247/247/247 236/236/236
f 236/236/236 247/247/247 237/237/237
f 247/247/247 248/248/248 237/237/237
f 237/237/237 248/248/248 238/238/238
f 238/238/238 248/248/248 239/239/239
f 239/239/239 248/248/248 240/240/240
f 248/248/248 249/249/249 240/240/240
f 240/240/240 249/249/249 242/242/242
f 242/242/242 249/249/249 250/250/250
f 249/249/249 251/251/251 250/250/250
f 250/250/250 251/251/251 252/252/252
f 251/251/251 253/253/253 252/252/252
f 252/252/252 253/253/253 254/254/254
f 254/254/254 253/253/253 255/255/255
f 255/255/255 253/253/253 256/256/256
f 256/256/256 253/253/253 257/257/257
f 253/253/253 251/251/251 257/257/257
f 257/257/257 251/251/251 258/258/258
f 258/258/258 251/251/251 245/245/245
f 251/251/251 249/249/249 245/245/245
f 245/245/245 249/249/249 247/247/247
f 249/249/249 248/248/248 247/247/247
f 259/259/259 260/260/260 254/254/254
f 254/254/254 260/260/260 252/252/252
f 260/260/260 261/261/261 252/252/252
f 252/252/252 261/261/261 250/250/250
f 261/261/261 262/262/262 250/250/250
f 250/250/250 262/262/262 242/242/242
f 242/242/242 262/262/262 243/243/243
f 262/262/262 263/263/263 243/243/243
f 243/243/243 263/263/263 233/233/233
f 263/263/263 264/264/264 233/233/233
f 233/233/233 264/264/264 188/188/188
f 188/188/188 264/264/264 136/136/136
f 264/264/264 263/263/263 136/136/136
f 136/136/136 263/263/263 137/137/137
f 263/263/263 262/262/262 137/137/137
f 137/137/137 262/262/262 138/138/138
f 262/262/262 261/261/261 138/138/138
f 138/138/138 261/261/261 265/265/265
f 265/265/265 261/261/261 266/266/266
f 261/261/261 260/260/260 266/266/266
f 266/266/266 260/260/260 267/267/267
f 260/260/260 259/259/259 267/267/267
f 268/268/268 269/269/269 270/270/270
f 269/269/269 271/271/271 270/270/270
f 271/271/271 58/58/58 270/270/270
f 270/270/270 58/58/58 62/62/62
f 59/59/59 58/58/58 272/272/272
f 58/58/58 271/271/271 272/272/272
f 271/271/271 269/269/269 272/272/272
f 272/272/272 269/269/269 273/273/273
f 269/269/269 274/274/274 273/273/273
f 273/273/273 274/274/274 275/275/275
f 276/276/276 202/277/202 274/274/274
f 202/277/202 217/278/217 274/274/274
f 274/274/274 217/278/217 275/275/275
f 217/278/217 218/279/218 275/275/275
f 218/279/218 219/280/219 275/275/275
f 219/280/219 277/281/277 275/275/275
f 275/275/275 277/281/277 273/273/273
f 277/281/277 278/282/278 273/273/273
f 273/273/273 278/282/278 272/272/272
f 278/282/278 279/283/279 272/272/272
f 272/272/272 279/283/279 59/59/59
f 279/283/279 280/284/280 59/59/59
f 280/284/280 281/285/281 59/59/59
f 59/59/59 281/285/281 57/57/57
f 57/57/57 281/285/281 282/286/282
f 281/285/281 283/287/283 282/286/282
f 283/287/283 226/288/226 282/286/282
f 226/288/226 227/289/227 282/286/282
f 227/289/227 229/290/229 282/286/282
f 229/290/229 284/291/284 282/286/282
f 282/286/282 284/291/284 57/57/57
f 57/57/57 284/291/284 60/60/60
f 60/60/60 284/291/284 285/292/285
f 284/291/284 229/290/229 285/292/285
f 229/290/229 216/293/216 285/292/285
f 216/293/216 215/294/215 285/292/285
f 215/294/215 212/295/212 285/292/285
f 212/295/212 211/296/211 285/292/285
f 211/296/211 286/297/286 285/292/285
f 285/292/285 286/297/286 60/60/60
f 60/60/60 286/297/286 61/61/61
f 61/61/61 286/297/286 287/298/287
f 286/297/286 211/296/211 287/298/287
f 211/296/211 210/299/210 287/298/287
f 210/299/210 209/300/209 287/298/287
f 209/300/209 288/301/288 287/298/287
f 288/301/288 289/302/289 287/298/287
f 287/298/287 289/302/289 61/61/61
f 289/302/289 62/62/62 61/61/61
f 205/303/205 290/304/290 206/305/206
f 290/304/290 291/306/291 206/305/206
f 206/305/206 291/306/291 207/307/207
f 291/306/291 292/308/292 207/307/207
f 207/307/207 292/308/292 208/309/208
f 292/308/292 293/310/293 208/309/208
f 208/309/208 293/310/293 209/300/209
f 209/300/209 293/310/293 288/301/288
f 293/310/293 294/311/294 288/301/288
f 288/301/288 294/311/294 289/302/289
f 294/311/294 295/312/295 289/302/289
f 289/302/289 295/312/295 62/62/62
f 295/312/295 296/313/296 62/62/62
f 62/62/62 296/313/296 270/270/270
f 296/313/296 297/314/297 270/270/270
f 270/270/270 297/314/297 268/268/268
f 297/314/297 290/304/290 268/268/268
f 268/268/268 290/304/290 298/315/298
f 290/304/290 205/303/205 298/315/298
f 205/303/205 204/316/204 298/315/298
f 204/316/204 203/317/203 298/315/298
f 298/315/298 203/317/203 299/318/299
f 203/317/203 202/277/202 299/318/299
f 299/318/299 202/277/202 276/276/276
f 295/312/295 294/311/294 300/319/300
f 294/311/294 293/310/293 300/319/300
f 300/319/300 293/310/293 301/320/301
f 293/310/293 292/308/292 301/320/301
f 301/320/301 292/308/292 302/321/302
f 292/308/292 291/306/291 302/321/302
f 291/306/291 290/304/290 302/321/302
f 290/304/290 297/314/297 302/321/302
f 302/321/302 297/314/297 301/320/301
f 297/314/297 296/313/296 301/320/301
f 301/320/301 296/313/296 300/319/300
f 296/313/296 295/312/295 300/319/300
f 274/274/274 269/269/269 276/276/276
f 276/276/276 269/269/269 299/318/299
f 269/269/269 268/268/268 299/318/299
f 299/318/299 268/268/268 298/315/298
f 303/322/303 304/323/304 305/324/305
f 304/323/304 306/325/306 305/324/305
f 306/325/306 99/99/99 305/324/305
f 305/324/305 99/99/99 303/322/303
f 99/99/99 306/325/306 98/98/98
f 98/98/98 306/325/306 97/97/97
f 306/325/306 307/326/307 97/97/97
f 97/97/97 307/326/307 96/96/96
f 307/326/307 308/327/308 96/96/96
f 96/96/96 308/327/308 175/175/175
f 175/175/175 308/327/308 304/323/304
f 308/327/308 307/326/307 304/323/304
f 304/323/304 307/326/307 306/325/306
f 309/328/309 310/329/310 67/67/67
f 67/67/67 310/329/310 65/65/65
f 65/65/65 310/329/310 63/63/63
f 310/329/310 311/330/311 63/63/63
f 63/63/63 311/330/311 99/99/99
f 311/330/311 312/331/312 99/99/99
f 99/99/99 312/331/312 303/322/303
f 312/331/312 313/332/313 303/322/303
f 303/322/303 313/332/313 304/323/304
f 313/332/313 314/333/314 304/323/304
f 304/323/304 314/333/314 175/175/175
f 175/175/175 314/333/314 174/174/174
f 314/333/314 313/332/313 174/174/174
f 174/174/174 313/332/313 180/180/180
f 313/332/313 312/331/312 180/180/180
f 180/180/180 312/331/312 315/334/315
f 312/331/312 311/330/311 315/334/315
f 315/334/315 311/330/311 316/335/316
f 311/330/311 310/329/310 316/335/316
f 316/335/316 310/329/310 317/336/317
f 310/329/310 309/328/309 317/336/317
f 180/180/180 315/334/315 181/181/181
f 315/334/315 318/337/318 181/181/181
f 181/181/181 318/337/318 182/182/182
f 182/182/182 318/337/318 234/234/234
f 318/337/318 319/338/319 234/234/234
f 234/234/234 319/338/319 235/235/235
f 235/235/235 319/338/319 236/236/236
f 236/236/236 319/338/319 246/246/246
f 246/246/246 319/338/319 244/244/244
f 244/244/244 319/338/319 317/336/317
f 317/336/317 319/338/319 316/335/316
f 319/338/319 318/337/318 316/335/316
f 316/335/316 318/337/318 315/334/315
f 219/280/219 220/339/220 277/281/277
f 277/281/277 220/339/220 320/340/320
f 220/339/220 222/341/222 320/340/320
f 320/340/320 222/341/222 321/342/321
f 222/341/222 224/343/224 321/342/321
f 321/342/321 224/343/224 322/344/322
f 224/343/224 226/288/226 322/344/322
f 226/288/226 283/287/283 322/344/322
f 322/344/322 283/287/283 323/345/323
f 283/287/283 281/285/281 323/345/323
f 281/285/281 280/284/280 323/345/323
f 323/345/323 280/284/280 324/346/324
f 280/284/280 279/283/279 324/346/324
f 324/346/324 279/283/279 325/347/325
f 279/283/279 278/282/278 325/347/325
f 325/347/325 278/282/278 326/348/326
f 278/282/278 277/281/277 326/348/326
f 277/281/277 320/340/320 326/348/326
f 320/340/320 321/342/321 326/348/326
f 326/348/326 321/342/321 325/347/325
f 321/342/321 322/344/322 325/347/325
f 325/347/325 322/344/322 324/346/324
f 322/344/322 323/345/323 324/346/324
f 327/349/327 328/350/328 329/351/329
f 328/350/328 330/352/330 329/351/329
f 331/353/331 332/354/332 333/355/333
f 333/355/333 332/354/332 334/356/334
f 332/354/332 335/357/335 334/356/334
f 335/357/335 336/358/336 334/356/334
f 334/356/334 336/358/336 337/359/337
f 336/358/336 338/360/338 337/359/337
f 337/359/337 338/360/338 339/361/339
f 339/361/339 338/360/338 340/362/340
f 338/360/338 341/363/341 340/362/340
f 340/362/340 341/363/341 330/352/330
f 330/352/330 341/363/341 329/351/329
f 341/363/341 338/360/338 329/351/329
f 338/360/338 336/358/336 329/351/329
f 336/358/336 335/357/335 329/351/329
f 329/351/329 335/357/335 327/349/327
f 335/357/335 342/364/342 327/349/327
f 327/349/327 342/364/342 343/365/343
f 342/364/342 344/366/344 343/365/343
f 343/365/343 344/366/344 345/367/345
f 345/367/345 344/366/344 346/368/346
f 344/366/344 347/369/347 346/368/346
f 331/353/331 348/370/348 332/354/332
f 348/370/348 349/371/349 332/354/332
f 349/371/349 350/372/350 332/354/332
f 350/372/350 351/373/351 332/354/332
f 332/354/332 351/373/351 335/357/335
f 351/373/351 352/374/352 335/357/335
f 335/357/335 352/374/352 342/364/342
f 352/374/352 353/375/353 342/364/342
f 342/364/342 353/375/353 344/366/344
f 344/366/344 353/375/353 347/369/347
f 353/375/353 354/376/354 347/369/347
f 348/370/348 331/353/331 349/371/349
f 331/353/331 355/377/355 349/371/349
f 349/371/349 355/377/355 350/372/350
f 355/377/355 356/378/356 350/372/350
f 356/378/356 357/379/357 350/372/350
f 350/372/350 357/379/357 351/373/351
f 357/379/357 358/380/358 351/373/351
f 351/373/351 358/380/358 352/374/352
f 358/380/358 359/381/359 352/374/352
f 352/374/352 359/381/359 353/375/353
f 359/381/359 360/382/360 353/375/353
f 353/375/353 360/382/360 361/383/361
f 360/382/360 362/384/362 361/383/361
f 361/383/361 362/384/362 363/385/363
f 362/384/362 364/386/364 363/385/363
f 363/385/363 364/386/364 365/387/365
f 364/386/364 366/388/366 365/387/365
f 366/388/366 367/389/367 365/387/365
f 365/387/365 367/389/367 363/385/363
f 367/389/367 368/390/368 363/385/363
f 363/385/363 368/390/368 361/383/361
f 368/390/368 369/391/369 361/383/361
f 361/383/361 369/391/369 353/375/353
f 369/391/369 354/376/354 353/375/353
f 346/368/346 370/392/370 345/367/345
f 370/392/370 371/393/371 345/367/345
f 345/367/345 371/393/371 343/365/343
f 371/393/371 372/394/372 343/365/343
f 343/365/343 372/394/372 327/349/327
f 372/394/372 373/395/373 327/349/327
f 327/349/327 373/395/373 374/396/374
f 373/395/373 375/397/375 374/396/374
f 375/397/375 376/398/376 374/396/374
f 374/396/374 376/398/376 377/399/377
f 376/398/376 378/400/378 377/399/377
f 377/399/377 378/400/378 379/401/379
f 378/400/378 380/402/380 379/401/379
f 380/402/380 381/403/381 379/401/379
f 379/401/379 381/403/381 382/404/382
f 381/403/381 328/350/328 382/404/382
f 328/350/328 327/349/327 382/404/382
f 327/349/327 374/396/374 382/404/382
f 382/404/382 374/396/374 379/401/379
f 374/396/374 377/399/377 379/401/379
f 371/393/371 383/405/383 372/394/372
f 383/405/383 384/406/384 372/394/372
f 372/394/372 384/406/384 373/395/373
f 384/406/384 385/407/385 373/395/373
f 385/407/385 386/408/386 373/395/373
f 373/395/373 386/408/386 387/409/387
f 387/409/387 386/408/386 388/410/388
f 386/408/386 389/411/389 388/410/388
f 388/410/388 389/411/389 390/412/390
f 389/411/389 386/408/386 390/412/390
f 390/412/390 386/408/386 391/413/391
f 391/413/391 386/408/386 392/414/392
f 386/408/386 385/407/385 392/414/392
f 385/407/385 384/406/384 392/414/392
f 392/414/392 384/406/384 393/415/393
f 393/415/393 384/406/384 394/416/394
f 384/406/384 383/405/383 394/416/394
f 394/416/394 383/405/383 395/417/395
f 395/417/395 383/405/383 396/418/396
f 383/405/383 371/393/371 396/418/396
f 371/393/371 370/392/370 396/418/396
f 373/395/373 387/409/387 375/397/375
f 375/397/375 387/409/387 397/419/397
f 397/419/397 387/409/387 398/420/398
f 387/409/387 388/410/388 398/420/398
f 398/420/398 388/410/388 390/412/390
f 399/421/399 400/422/400 401/423/401
f 401/423/401 400/422/400 402/424/402
f 400/422/400 403/425/403 402/424/402
f 404/426/404 405/427/405 406/428/406
f 405/427/405 407/429/407 406/428/406
f 406/428/406 407/429/407 408/430/408
f 407/429/407 409/431/409 408/430/408
f 408/430/408 409/431/409 410/432/410
f 410/432/410 409/431/409 411/433/411
f 411/433/411 409/431/409 412/434/412
f 412/434/412 409/431/409 413/435/413
f 413/435/413 409/431/409 414/436/414
f 409/431/409 407/429/407 414/436/414
f 414/436/414 407/429/407 415/437/415
f 415/437/415 407/429/407 399/421/399
f 407/429/407 405/427/405 399/421/399
f 399/421/399 405/427/405 400/422/400
f 405/427/405 334/438/334 400/422/400
f 334/438/334 337/439/337 400/422/400
f 400/422/400 337/439/337 403/425/403
f 337/439/337 339/440/339 403/425/403
f 403/425/403 339/440/339 402/424/402
f 339/440/339 340/441/340 402/424/402
f 340/441/340 330/442/330 402/424/402
f 402/424/402 330/442/330 401/423/401
f 330/442/330 328/443/328 401/423/401
f 401/423/401 328/443/328 399/421/399
f 355/444/355 416/445/416 356/446/356
f 416/445/416 404/426/404 356/446/356
f 356/446/356 404/426/404 357/447/357
f 404/426/404 406/428/406 357/447/357
f 406/428/406 408/430/408 357/447/357
f 357/447/357 408/430/408 358/448/358
f 408/430/408 410/432/410 358/448/358
f 358/448/358 410/432/410 359/449/359
f 410/432/410 417/450/417 359/449/359
f 359/449/359 417/450/417 360/451/360
f 417/450/417 418/452/418 360/451/360
f 360/451/360 418/452/418 362/453/362
f 418/452/418 419/454/419 362/453/362
f 362/453/362 419/454/419 364/455/364
f 364/455/364 419/454/419 366/456/366
f 419/454/419 420/457/420 366/456/366
f 366/456/366 420/457/420 367/458/367
f 420/457/420 421/459/421 367/458/367
f 367/458/367 421/459/421 368/460/368
f 421/459/421 422/461/422 368/460/368
f 368/460/368 422/461/422 369/462/369
f 422/461/422 423/463/423 369/462/369
f 369/462/369 423/463/423 354/464/354
f 423/463/423 424/465/424 354/464/354
f 412/434/412 425/466/425 411/433/411
f 425/466/425 424/465/424 411/433/411
f 424/465/424 423/463/423 411/433/411
f 423/463/423 426/467/426 411/433/411
f 411/433/411 426/467/426 410/432/410
f 410/432/410 426/467/426 417/450/417
f 426/467/426 427/468/427 417/450/417
f 417/450/417 427/468/427 418/452/418
f 418/452/418 427/468/427 419/454/419
f 419/454/419 427/468/427 420/457/420
f 420/457/420 427/468/427 421/459/421
f 421/459/421 427/468/427 422/461/422
f 427/468/427 426/467/426 422/461/422
f 422/461/422 426/467/426 423/463/423
f 416/445/416 355/444/355 428/469/428
f 355/444/355 331/470/331 428/469/428
f 331/470/331 333/471/333 428/469/428
f 428/469/428 333/471/333 429/472/429
f 333/471/333 334/438/334 429/472/429
f 334/438/334 405/427/405 429/472/429
f 405/427/405 404/426/404 429/472/429
f 429/472/429 404/426/404 428/469/428
f 404/426/404 416/445/416 428/469/428
f 399/421/399 328/443/328 430/473/430
f 328/443/328 381/474/381 430/473/430
f 430/473/430 381/474/381 431/475/431
f 381/474/381 380/476/380 431/475/431
f 431/475/431 380/476/380 432/477/432
f 380/476/380 378/478/378 432/477/432
f 378/478/378 376/479/376 432/477/432
f 432/477/432 376/479/376 433/480/433
f 376/479/376 375/481/375 433/480/433
f 375/481/375 434/482/434 433/480/433
f 434/482/434 430/473/430 433/480/433
f 433/480/433 430/473/430 432/477/432
f 430/473/430 431/475/431 432/477/432
f 430/473/430 434/482/434 399/421/399
f 434/482/434 435/483/435 399/421/399
f 399/421/399 435/483/435 415/437/415
f 435/483/435 436/484/436 415/437/415
f 415/437/415 436/484/436 414/436/414
f 414/436/414 436/484/436 413/435/413
f 436/484/436 437/485/437 413/435/413
f 413/435/413 437/485/437 395/486/395
f 395/486/395 437/485/437 394/487/394
f 394/487/394 437/485/437 438/488/438
f 437/485/437 436/484/436 438/488/438
f 436/484/436 435/483/435 438/488/438
f 435/483/435 434/482/434 438/488/438
f 434/482/434 439/489/439 438/488/438
f 439/489/439 393/490/393 438/488/438
f 438/488/438 393/490/393 394/487/394
f 393/490/393 439/489/439 392/491/392
f 392/491/392 439/489/439 391/492/391
f 439/489/439 440/493/440 391/492/391
f 440/493/440 441/494/441 391/492/391
f 391/492/391 441/494/441 390/495/390
f 390/495/390 441/494/441 398/496/398
f 441/494/441 442/497/442 398/496/398
f 398/496/398 442/497/442 397/498/397
f 442/497/442 443/499/443 397/498/397
f 397/498/397 443/499/443 375/481/375
f 375/481/375 443/499/443 434/482/434
f 434/482/434 443/499/443 439/489/439
f 439/489/439 443/499/443 440/493/440
f 440/493/440 443/499/443 441/494/441
f 443/499/443 442/497/442 441/494/441
f 444/500/444 445/501/445 446/502/446
f 447/503/447 446/502/446 448/504/448
f 446/502/446 445/501/445 448/504/448
f 448/504/448 445/501/445 449/505/449
f 445/501/445 444/500/444 449/505/449
f 450/506/450 451/507/451 449/505/449
f 451/507/451 448/504/448 449/505/449
f 447/503/447 448/504/448 452/508/452
f 448/504/448 451/507/451 452/508/452
f 452/508/452 451/507/451 453/509/453
f 451/507/451 450/506/450 453/509/453
f 453/509/453 450/506/450 454/510/454
f 450/506/450 455/511/455 454/510/454
f 454/510/454 455/511/455 456/512/456
f 455/511/455 457/513/457 456/512/456
f 456/512/456 457/513/457 458/514/458
f 459/515/459 454/510/454 460/516/460
f 454/510/454 456/512/456 460/516/460
f 460/516/460 456/512/456 458/514/458
f 453/509/453 454/510/454 461/517/461
f 454/510/454 459/515/459 461/517/461
f 461/517/461 459/515/459 462/518/462
f 459/515/459 460/516/460 462/518/462
f 462/518/462 460/516/460 463/519/463
f 460/516/460 458/514/458 463/519/463
f 444/500/444 464/520/464 449/505/449
f 464/520/464 465/521/465 449/505/449
f 449/505/449 465/521/465 450/506/450
f 465/521/465 466/522/466 450/506/450
f 450/506/450 466/522/466 467/523/467
f 466/522/466 468/524/468 467/523/467
f 467/523/467 468/524/468 469/525/469
f 468/524/468 470/526/470 469/525/469
f 469/525/469 470/526/470 471/527/471
f 470/526/470 472/528/472 471/527/471
f 450/506/450 467/523/467 473/529/473
f 467/523/467 469/525/469 473/529/473
f 473/529/473 469/525/469 474/530/474
f 469/525/469 471/527/471 474/530/474
f 474/530/474 471/527/471 475/531/475
f 471/527/471 472/528/472 475/531/475
f 475/531/475 476/532/476 474/530/474
f 476/532/476 477/533/477 474/530/474
f 474/530/474 477/533/477 455/511/455
f 477/533/477 478/534/478 455/511/455
f 455/511/455 478/534/478 457/513/457
f 478/534/478 479/535/479 457/513/457
f 476/532/476 480/536/480 477/533/477
f 480/536/480 481/537/481 477/533/477
f 477/533/477 481/537/481 482/538/482
f 481/537/481 483/539/483 482/538/482
f 482/538/482 483/539/483 478/534/478
f 483/539/483 484/540/484 478/534/478
f 478/534/478 484/540/484 479/535/479
f 484/540/484 485/541/485 479/535/479
f 478/534/478 477/533/477 482/538/482
f 484/540/484 483/539/483 485/541/485
f 483/539/483 486/542/486 485/541/485
f 483/539/483 481/537/481 486/542/486
f 487/543/487 470/526/470 488/544/488
f 470/526/470 468/524/468 488/544/488
f 488/544/488 468/524/468 466/522/466
f 465/521/465 489/545/489 466/522/466
f 488/544/488 466/522/466 490/546/490
f 466/522/466 489/545/489 490/546/490
f 490/546/490 489/545/489 491/547/491
f 489/545/489 492/548/492 491/547/491
f 491/547/491 492/548/492 493/549/493
f 492/548/492 494/550/494 493/549/493
f 493/549/493 494/550/494 495/551/495
f 494/550/494 496/552/496 495/551/495
f 495/551/495 496/552/496 497/553/497
f 496/552/496 498/554/498 497/553/497
f 494/550/494 492/548/492 496/552/496
f 492/548/492 499/555/499 496/552/496
f 496/552/496 499/555/499 498/554/498
f 499/555/499 464/520/464 498/554/498
f 464/520/464 499/555/499 465/521/465
f 499/555/499 492/548/492 465/521/465
f 465/521/465 492/548/492 489/545/489
f 491/547/491 500/556/500 490/546/490
f 500/556/500 501/557/501 490/546/490
f 490/546/490 501/557/501 488/544/488
f 501/557/501 502/558/502 488/544/488
f 488/544/488 502/558/502 487/543/487
f 502/558/502 503/559/503 487/543/487
f 503/559/503 502/558/502 504/560/504
f 502/558/502 505/561/505 504/560/504
f 504/560/504 505/561/505 506/562/506
f 505/561/505 507/563/507 506/562/506
f 508/564/508 507/563/507 509/565/509
f 507/563/507 505/561/505 509/565/509
f 509/565/509 505/561/505 510/566/510
f 505/561/505 502/558/502 510/566/510
f 510/566/510 502/558/502 501/557/501
f 500/556/500 511/567/511 501/557/501
f 511/567/511 512/568/512 501/557/501
f 501/557/501 512/568/512 510/566/510
f 512/568/512 513/569/513 510/566/510
f 510/566/510 513/569/513 509/565/509
f 513/569/513 514/570/514 509/565/509
f 509/565/509 514/570/514 508/564/508
f 514/570/514 515/571/515 508/564/508
f 511/567/511 516/572/516 512/568/512
f 516/572/516 517/573/517 512/568/512
f 512/568/512 517/573/517 513/569/513
f 517/573/517 518/574/518 513/569/513
f 513/569/513 518/574/518 519/575/519
f 518/574/518 520/576/520 519/575/519
f 519/575/519 520/576/520 515/571/515
f 513/569/513 519/575/519 514/570/514
f 519/575/519 515/571/515 514/570/514
f 518/574/518 517/573/517 521/577/521
f 517/573/517 516/572/516 521/577/521
f 520/576/520 518/574/518 522/578/522
f 518/574/518 521/577/521 522/578/522
f 475/579/475 523/580/523 476/581/476
f 523/580/523 480/582/480 476/581/476
f 523/580/523 524/583/524 480/582/480
f 524/583/524 525/584/525 480/582/480
f 525/584/525 524/583/524 526/585/526
f 524/583/524 523/580/523 526/585/526
f 526/585/526 527/586/527 525/584/525
f 527/586/527 528/587/528 525/584/525
f 525/584/525 528/587/528 529/588/529
f 528/587/528 486/589/486 529/588/529
f 529/588/529 486/589/486 525/584/525
f 486/589/486 481/590/481 525/584/525
f 525/584/525 481/590/481 480/582/480
f 486/589/486 528/587/528 485/591/485
f 528/587/528 527/586/527 485/591/485
f 530/592/530 531/593/531 526/585/526
f 531/593/531 457/594/457 526/585/526
f 526/585/526 457/594/457 527/586/527
f 457/594/457 479/595/479 527/586/527
f 527/586/527 479/595/479 485/591/485
f 530/592/530 526/585/526 532/596/532
f 526/585/526 523/580/523 532/596/532
f 532/596/532 523/580/523 533/597/533
f 523/580/523 475/579/475 533/597/533
f 533/597/533 534/598/534 532/596/532
f 534/598/534 535/599/535 532/596/532
f 532/596/532 535/599/535 530/592/530
f 535/599/535 536/600/536 530/592/530
f 530/592/530 536/600/536 537/601/537
f 536/600/536 538/602/538 537/601/537
f 537/601/537 538/602/538 539/603/539
f 534/598/534 540/604/540 535/599/535
f 540/604/540 541/605/541 535/599/535
f 535/599/535 541/605/541 536/600/536
f 541/605/541 542/606/542 536/600/536
f 536/600/536 542/606/542 538/602/538
f 506/607/506 542/606/542 543/608/543
f 542/606/542 541/605/541 543/608/543
f 543/608/543 541/605/541 544/609/544
f 541/605/541 540/604/540 544/609/544
f 544/609/544 540/604/540 545/610/545
f 540/604/540 534/598/534 545/610/545
f 545/610/545 534/598/534 546/611/546
f 534/598/534 533/597/533 546/611/546
f 546/611/546 533/597/533 472/612/472
f 533/597/533 475/579/475 472/612/472
f 515/613/515 520/614/520 547/615/547
f 520/614/520 522/616/522 547/615/547
f 547/615/547 522/616/522 548/617/548
f 522/616/522 521/618/521 548/617/548
f 548/617/548 521/618/521 549/619/549
f 521/618/521 516/620/516 549/619/549
f 549/619/549 516/620/516 542/606/542
f 516/620/516 511/621/511 542/606/542
f 542/606/542 511/621/511 538/602/538
f 511/621/511 500/622/500 538/602/538
f 538/602/538 500/622/500 539/603/539
f 500/622/500 491/623/491 539/603/539
f 539/603/539 491/623/491 550/624/550
f 491/623/491 493/625/493 550/624/550
f 550/624/550 493/625/493 495/626/495
f 547/615/547 548/617/548 515/613/515
f 548/617/548 508/627/508 515/613/515
f 548/617/548 549/619/549 508/627/508
f 549/619/549 507/628/507 508/627/508
f 549/619/549 542/606/542 507/628/507
f 542/606/542 506/607/506 507/628/507
f 497/629/497 551/630/551 495/626/495
f 551/630/551 550/624/550 495/626/495
f 539/603/539 550/624/550 552/631/552
f 550/624/550 551/630/551 552/631/552
f 552/631/552 551/630/551 553/632/553
f 551/630/551 497/629/497 553/632/553
f 553/632/553 497/629/497 552/631/552
f 497/629/497 498/633/498 552/631/552
f 552/631/552 498/633/498 464/634/464
f 539/603/539 552/631/552 537/601/537
f 552/631/552 464/634/464 537/601/537
f 537/601/537 464/634/464 554/635/554
f 464/634/464 444/636/444 554/635/554
f 554/635/554 444/636/444 555/637/555
f 444/636/444 446/638/446 555/637/555
f 555/637/555 446/638/446 447/639/447
f 537/601/537 554/635/554 556/640/556
f 554/635/554 555/637/555 556/640/556
f 556/640/556 555/637/555 557/641/557
f 555/637/555 447/639/447 557/641/557
f 557/641/557 447/639/447 452/642/452
f 557/641/557 452/642/452 556/640/556
f 452/642/452 453/643/453 556/640/556
f 537/601/537 556/640/556 530/592/530
f 556/640/556 453/643/453 530/592/530
f 530/592/530 453/643/453 558/644/558
f 453/643/453 461/645/461 558/644/558
f 558/644/558 461/645/461 559/646/559
f 461/645/461 462/647/462 559/646/559
f 559/646/559 462/647/462 463/648/463
f 530/592/530 558/644/558 531/593/531
f 558/644/558 559/646/559 531/593/531
f 531/593/531 559/646/559 560/649/560
f 559/646/559 463/648/463 560/649/560
f 560/649/560 463/648/463 458/650/458
f 560/649/560 458/650/458 531/593/531
f 458/650/458 457/594/457 531/593/531
f 474/530/474 455/511/455 473/529/473
f 455/511/455 450/506/450 473/529/473
f 561/651/561 562/652/562 563/653/563
f 562/652/562 564/654/564 563/653/563
f 565/655/565 561/651/561 566/656/566
f 561/651/561 563/653/563 566/656/566
f 566/656/566 563/653/563 567/657/567
f 567/657/567 563/653/563 568/658/568
f 563/653/563 564/654/564 568/658/568
f 568/658/568 564/654/564 569/659/569
f 570/660/570 571/661/571 572/662/572
f 571/661/571 567/657/567 572/662/572
f 572/662/572 567/657/567 573/663/573
f 567/657/567 568/658/568 573/663/573
f 568/658/568 569/659/569 573/663/573
f 573/663/573 569/659/569 574/664/574
f 574/664/574 569/659/569 575/665/575
f 575/665/575 569/659/569 576/666/576
f 576/666/576 569/659/569 577/667/577
f 569/659/569 564/654/564 577/667/577
f 577/667/577 564/654/564 578/668/578
f 564/654/564 562/652/562 578/668/578
f 578/668/578 562/652/562 579/669/579
f 579/669/579 562/652/562 580/670/580
f 562/652/562 561/651/561 580/670/580
f 580/670/580 561/651/561 581/671/581
f 561/651/561 565/655/565 581/671/581
f 581/671/581 565/655/565 582/672/582
f 582/672/582 565/655/565 583/673/583
f 583/673/583 565/655/565 584/674/584
f 565/655/565 566/656/566 584/674/584
f 584/674/584 566/656/566 585/675/585
f 566/656/566 567/657/567 585/675/585
f 585/675/585 567/657/567 571/661/571
f 586/676/586 579/669/579 587/677/587
f 579/669/579 580/670/580 587/677/587
f 587/677/587 580/670/580 588/678/588
f 580/670/580 581/671/581 588/678/588
f 581/671/581 582/672/582 588/678/588
f 588/678/588 582/672/582 589/679/589
f 582/672/582 583/673/583 589/679/589
f 589/679/589 583/673/583 590/680/590
f 591/681/591 592/682/592 593/683/593
f 593/683/593 592/682/592 594/684/594
f 592/682/592 595/685/595 594/684/594
f 594/684/594 595/685/595 596/686/596
f 595/685/595 597/687/597 596/686/596
f 596/686/596 597/687/597 598/688/598
f 597/687/597 599/689/599 598/688/598
f 598/688/598 599/689/599 600/690/600
f 601/691/601 570/660/570 602/692/602
f 570/660/570 572/662/572 602/692/602
f 602/692/602 572/662/572 603/693/603
f 572/662/572 573/663/573 603/693/603
f 603/693/603 573/663/573 604/694/604
f 573/663/573 574/664/574 604/694/604
f 604/694/604 574/664/574 605/695/605
f 574/664/574 575/665/575 605/695/605
f 593/683/593 594/684/594 606/696/606
f 594/684/594 607/697/607 606/696/606
f 606/696/606 607/697/607 608/698/608
f 607/697/607 609/699/609 608/698/608
f 608/698/608 609/699/609 610/700/610
f 609/699/609 611/701/611 610/700/610
f 610/700/610 611/701/611 612/702/612
f 611/701/611 613/703/613 612/702/612
f 613/703/613 614/704/614 612/702/612
f 612/702/612 614/704/614 615/705/615
f 594/684/594 596/686/596 607/697/607
f 596/686/596 616/706/616 607/697/607
f 616/706/616 617/707/617 607/697/607
f 607/697/607 617/707/617 609/699/609
f 617/707/617 618/708/618 609/699/609
f 609/699/609 618/708/618 611/701/611
f 618/708/618 619/709/619 611/701/611
f 611/701/611 619/709/619 613/703/613
f 619/709/619 620/710/620 613/703/613
f 613/703/613 620/710/620 614/704/614
f 621/711/621 622/712/622 623/713/623
f 623/713/623 622/712/622 624/714/624
f 622/712/622 620/710/620 624/714/624
f 620/710/620 619/709/619 624/714/624
f 619/709/619 618/708/618 624/714/624
f 618/708/618 625/715/625 624/714/624
f 624/714/624 625/715/625 623/713/623
f 623/713/623 625/715/625 626/716/626
f 625/715/625 627/717/627 626/716/626
f 626/716/626 627/717/627 628/718/628
f 627/717/627 629/719/629 628/718/628
f 628/718/628 629/719/629 630/720/630
f 630/720/630 629/719/629 600/690/600
f 600/690/600 629/719/629 598/688/598
f 598/688/598 629/719/629 596/686/596
f 596/686/596 629/719/629 616/706/616
f 629/719/629 627/717/627 616/706/616
f 616/706/616 627/717/627 617/707/617
f 627/717/627 625/715/625 617/707/617
f 617/707/617 625/715/625 618/708/618
f 631/721/631 632/722/632 633/723/633
f 634/724/634 635/725/635 636/726/636
f 635/725/635 634/724/634 637/727/637
f 634/728/634 638/729/638 639/730/639
f 638/729/638 634/728/634 640/731/640
f 641/732/641 642/733/642 633/723/633
f 642/733/642 631/721/631 633/723/633
f 643/734/643 644/735/644 645/736/645
f 644/735/644 646/737/646 645/736/645
f 646/737/646 642/733/642 645/736/645
f 645/736/645 642/733/642 641/738/641
f 647/739/647 648/740/648 649/741/649
f 648/740/648 650/742/650 649/741/649
f 649/741/649 650/742/650 651/743/651
f 650/742/650 652/744/652 651/743/651
f 651/743/651 652/744/652 653/745/653
f 653/745/653 652/744/652 654/746/654
f 654/746/654 652/744/652 655/747/655
f 655/747/655 652/744/652 656/748/656
f 652/744/652 650/742/650 656/748/656
f 650/742/650 657/749/657 656/748/656
f 657/749/657 631/721/631 656/748/656
f 631/721/631 658/750/658 656/748/656
f 656/748/656 658/750/658 655/747/655
f 655/747/655 658/750/658 659/751/659
f 659/751/659 658/750/658 644/735/644
f 644/735/644 658/750/658 646/737/646
f 658/750/658 631/721/631 646/737/646
f 646/737/646 631/721/631 642/733/642
f 647/752/647 649/741/649 660/753/660
f 649/741/649 651/743/651 660/753/660
f 651/743/651 653/745/653 660/753/660
f 660/753/660 653/745/653 661/754/661
f 631/721/631 657/749/657 632/722/632
f 632/722/632 657/749/657 662/755/662
f 662/755/662 657/749/657 663/756/663
f 657/749/657 650/742/650 663/756/663
f 663/756/663 650/742/650 648/740/648
f 664/757/664 665/758/665 666/759/666
f 666/759/666 665/758/665 667/760/667
f 665/758/665 668/761/668 667/760/667
f 667/760/667 668/761/668 669/762/669
f 668/761/668 670/763/670 669/762/669
f 669/762/669 670/763/670 671/764/671
f 670/763/670 672/765/672 671/764/671
f 672/765/672 673/766/673 671/764/671
f 671/764/671 673/766/673 674/767/674
f 673/766/673 675/768/675 674/767/674
f 675/768/675 676/769/676 674/767/674
f 676/769/676 677/770/677 674/767/674
f 677/770/677 666/759/666 674/767/674
f 666/759/666 667/760/667 674/767/674
f 667/760/667 669/762/669 674/767/674
f 674/767/674 669/762/669 671/764/671
f 678/771/678 679/772/679 680/773/680
f 679/772/679 681/774/681 680/773/680
f 680/773/680 681/774/681 682/775/682
f 681/774/681 683/776/683 682/775/682
f 682/775/682 683/776/683 684/777/684
f 683/776/683 685/778/685 684/777/684
f 684/777/684 685/778/685 686/779/686
f 686/779/686 685/778/685 687/780/687
f 685/778/685 688/781/688 687/780/687
f 687/780/687 688/781/688 689/782/689
f 689/782/689 688/781/688 690/783/690
f 690/783/690 688/781/688 691/784/691
f 691/784/691 688/781/688 679/772/679
f 679/772/679 688/781/688 681/774/681
f 681/774/681 688/781/688 683/776/683
f 688/781/688 685/778/685 683/776/683
f 640/785/640 692/786/692 693/787/693
f 692/786/692 694/788/694 693/787/693
f 694/788/694 695/789/695 693/787/693
f 693/787/693 695/789/695 696/790/696
f 695/789/695 697/791/697 696/790/696
f 696/790/696 697/791/697 698/792/698
f 697/791/697 699/793/699 698/792/698
f 699/793/699 700/794/700 698/792/698
f 698/792/698 700/794/700 701/795/701
f 700/794/700 702/796/702 701/795/701
f 701/795/701 702/796/702 703/797/703
f 702/796/702 704/798/704 703/797/703
f 704/798/704 705/799/705 703/797/703
f 705/799/705 636/800/636 703/797/703
f 636/800/636 635/801/635 703/797/703
f 635/801/635 637/802/637 703/797/703
f 703/797/703 637/802/637 701/795/701
f 637/802/637 634/803/634 701/795/701
f 701/795/701 634/803/634 698/792/698
f 698/792/698 634/803/634 696/790/696
f 634/803/634 639/804/639 696/790/696
f 696/790/696 639/804/639 693/787/693
f 639/804/639 638/805/638 693/787/693
f 693/787/693 638/805/638 640/785/640
f 706/806/706 707/807/707 708/808/708
f 707/807/707 709/809/709 708/808/708
f 709/809/709 710/810/710 708/808/708
f 708/808/708 710/810/710 711/811/711
f 711/811/711 710/810/710 712/812/712
f 710/810/710 713/813/713 712/812/712
f 713/813/713 714/814/714 712/812/712
f 712/812/712 714/814/714 715/815/715
f 128/128/128 706/806/706 129/129/129
f 706/806/706 708/808/708 129/129/129
f 708/808/708 711/811/711 129/129/129
f 129/129/129 711/811/711 130/130/130
f 130/130/130 711/811/711 119/119/119
f 711/811/711 712/812/712 119/119/119
f 712/812/712 715/815/715 119/119/119
f 119/119/119 715/815/715 106/106/106
f 716/816/716 717/817/717 718/818/718
f 717/817/717 719/819/719 718/818/718
f 718/818/718 719/819/719 720/820/720
f 720/820/720 719/819/719 721/821/721
f 721/821/721 719/819/719 722/822/722
f 722/822/722 719/819/719 723/823/723
f 719/819/719 717/817/717 723/823/723
f 723/823/723 717/817/717 724/824/724
f 725/825/725 591/681/591 726/826/726
f 591/681/591 593/683/593 726/826/726
f 570/660/570 601/691/601 727/827/727
f 601/691/601 728/828/728 727/827/727
f 726/826/726 593/683/593 729/829/729
f 593/683/593 606/696/606 729/829/729
f 729/829/729 606/696/606 730/830/730
f 606/696/606 608/698/608 730/830/730
f 730/830/730 608/698/608 731/831/731
f 608/698/608 610/700/610 731/831/731
f 731/831/731 610/700/610 732/832/732
f 610/700/610 612/702/612 732/832/732
f 612/702/612 615/705/615 732/832/732
f 732/832/732 615/705/615 733/833/733
f 734/834/734 590/680/590 735/835/735
f 590/680/590 583/673/583 735/835/735
f 583/673/583 584/674/584 735/835/735
f 735/835/735 584/674/584 736/836/736
f 584/674/584 585/675/585 736/836/736
f 736/836/736 585/675/585 737/837/737
f 585/675/585 571/661/571 737/837/737
f 737/837/737 571/661/571 738/838/738
f 571/661/571 570/660/570 738/838/738
f 738/838/738 570/660/570 727/827/727
f 2/2/2 1/1/1 739/839/739
f 1/1/1 740/840/740 739/839/739
f 739/839/739 740/840/740 741/841/741
f 740/840/740 742/842/742 741/841/741
f 741/841/741 742/842/742 743/843/743
f 742/842/742 744/844/744 743/843/743
f 745/845/745 746/846/746 747/847/747
f 746/846/746 748/848/748 747/847/747
f 747/847/747 748/848/748 749/849/749
f 748/848/748 750/850/750 749/849/749
f 750/850/750 751/851/751 749/849/749
f 749/849/749 751/851/751 752/852/752
f 753/853/753 752/852/752 754/854/754
f 752/852/752 751/851/751 754/854/754
f 754/854/754 751/851/751 755/855/755
f 755/855/755 751/851/751 756/856/756
f 751/851/751 750/850/750 756/856/756
f 756/856/756 750/850/750 757/857/757
f 750/850/750 748/848/748 757/857/757
f 757/857/757 748/848/748 758/858/758
f 758/858/758 748/848/748 759/859/759
f 748/848/748 746/846/746 759/859/759
f 759/859/759 746/846/746 743/843/743
f 743/843/743 746/846/746 741/841/741
f 746/846/746 745/845/745 741/841/741
f 741/841/741 745/845/745 739/839/739
f 2/2/2 739/839/739 24/24/24
f 739/839/739 745/845/745 24/24/24
f 24/24/24 745/845/745 25/25/25
f 745/845/745 747/847/747 25/25/25
f 25/25/25 747/847/747 26/26/26
f 747/847/747 749/849/749 26/26/26
f 749/849/749 752/852/752 26/26/26
f 26/26/26 752/852/752 27/27/27
f 752/852/752 753/853/753 27/27/27
f 27/27/27 753/853/753 28/28/28
f 31/31/31 760/860/760 29/29/29
f 29/29/29 760/860/760 761/861/761
f 760/860/760 762/862/762 761/861/761
f 761/861/761 762/862/762 763/863/763
f 762/862/762 764/864/764 763/863/763
f 763/863/763 764/864/764 765/865/765
f 766/866/766 767/867/767 768/868/768
f 767/867/767 769/869/769 768/868/768
f 769/869/769 770/870/770 768/868/768
f 768/868/768 770/870/770 771/871/771
f 770/870/770 772/872/772 771/871/771
f 771/871/771 772/872/772 773/873/773
f 760/860/760 773/873/773 762/862/762
f 773/873/773 772/872/772 762/862/762
f 762/862/762 772/872/772 764/864/764
f 764/864/764 772/872/772 774/874/774
f 772/872/772 770/870/770 774/874/774
f 774/874/774 770/870/770 775/875/775
f 775/875/775 770/870/770 776/876/776
f 770/870/770 769/869/769 776/876/776
f 776/876/776 769/869/769 777/877/777
f 769/869/769 767/867/767 777/877/777
f 777/877/777 767/867/767 778/878/778
f 778/878/778 767/867/767 779/879/779
f 767/867/767 766/866/766 779/879/779
f 779/879/779 766/866/766 780/880/780
f 56/56/56 780/880/780 55/55/55
f 780/880/780 766/866/766 55/55/55
f 55/55/55 766/866/766 54/54/54
f 766/866/766 768/868/768 54/54/54
f 768/868/768 771/871/771 54/54/54
f 54/54/54 771/871/771 53/53/53
f 771/871/771 773/873/773 53/53/53
f 53/53/53 773/873/773 52/52/52
f 773/873/773 760/860/760 52/52/52
f 52/52/52 760/860/760 31/31/31
f 781/881/781 575/665/575 782/882/782
f 575/665/575 576/666/576 782/882/782
f 782/882/782 576/666/576 577/667/577
f 783/883/783 781/881/781 784/884/784
f 781/881/781 782/882/782 784/884/784
f 784/884/784 782/882/782 785/885/785
f 782/882/782 577/667/577 785/885/785
f 785/885/785 577/667/577 786/886/786
f 577/667/577 578/668/578 786/886/786
f 786/886/786 578/668/578 579/669/579
f 787/887/787 783/883/783 788/888/788
f 783/883/783 784/884/784 788/888/788
f 788/888/788 784/884/784 789/889/789
f 784/884/784 790/890/790 789/889/789
f 789/889/789 790/890/790 791/891/791
f 790/890/790 792/892/792 791/891/791
f 791/891/791 792/892/792 793/893/793
f 792/892/792 786/886/786 793/893/793
f 793/893/793 786/886/786 794/894/794
f 786/886/786 579/669/579 794/894/794
f 794/894/794 579/669/579 795/895/795
f 579/669/579 586/676/586 795/895/795
f 784/884/784 785/885/785 790/890/790
f 785/885/785 786/886/786 790/890/790
f 790/890/790 786/886/786 792/892/792
f 794/894/794 795/895/795 793/893/793
f 795/895/795 796/896/796 793/893/793
f 796/896/796 797/897/797 793/893/793
f 797/897/797 798/898/798 793/893/793
f 793/893/793 798/898/798 791/891/791
f 799/899/799 800/900/800 801/901/801
f 800/900/800 802/902/802 801/901/801
f 803/903/803 623/713/623 802/902/802
f 623/713/623 626/716/626 802/902/802
f 626/716/626 628/718/628 802/902/802
f 802/902/802 628/718/628 801/901/801
f 628/718/628 804/904/804 801/901/801
f 801/901/801 804/904/804 799/899/799
f 804/904/804 805/905/805 799/899/799
f 799/899/799 805/905/805 806/906/806
f 621/711/621 623/713/623 807/907/807
f 623/713/623 803/903/803 807/907/807
f 807/907/807 803/903/803 808/908/808
f 803/903/803 802/902/802 808/908/808
f 808/908/808 802/902/802 809/909/809
f 802/902/802 800/900/800 809/909/809
f 809/909/809 800/900/800 810/910/810
f 810/910/810 800/900/800 811/911/811
f 800/900/800 799/899/799 811/911/811
f 811/911/811 799/899/799 812/912/812
f 799/899/799 806/906/806 812/912/812
f 812/912/812 806/906/806 813/913/813
f 809/909/809 810/910/810 808/908/808
f 810/910/810 814/914/814 808/908/808
f 814/914/814 815/915/815 808/908/808
f 815/915/815 816/916/816 808/908/808
f 808/908/808 816/916/816 807/907/807
f 628/718/628 630/720/630 804/904/804
f 630/720/630 600/690/600 804/904/804
f 804/904/804 600/690/600 805/905/805
f 817/917/817 813/913/813 818/918/818
f 813/913/813 806/906/806 818/918/818
f 806/906/806 805/905/805 818/918/818
f 818/918/818 805/905/805 819/919/819
f 819/919/819 805/905/805 599/689/599
f 805/905/805 600/690/600 599/689/599
f 820/920/820 821/921/821 787/887/787
f 787/887/787 821/921/821 783/883/783
f 783/883/783 821/921/821 781/881/781
f 821/921/821 822/922/822 781/881/781
f 822/922/822 605/695/605 781/881/781
f 781/881/781 605/695/605 575/665/575
f 815/923/815 814/924/814 823/925/823
f 814/924/814 810/926/810 823/925/823
f 810/926/810 811/927/811 823/925/823
f 811/927/811 812/928/812 823/925/823
f 812/928/812 813/929/813 823/925/823
f 813/929/813 817/930/817 823/925/823
f 817/930/817 824/931/824 823/925/823
f 823/925/823 824/931/824 815/923/815
f 797/932/797 825/933/825 826/934/826
f 825/933/825 820/935/820 826/934/826
f 820/935/820 787/936/787 826/934/826
f 787/936/787 788/937/788 826/934/826
f 788/937/788 789/938/789 826/934/826
f 789/938/789 791/939/791 826/934/826
f 791/939/791 798/940/798 826/934/826
f 826/934/826 798/940/798 797/932/797
f 827/941/827 828/942/828 829/943/829
f 830/944/830 831/945/831 832/946/832
f 831/945/831 830/944/830 833/947/833
f 834/948/834 831/945/831 833/947/833
f 831/945/831 834/948/834 835/949/835
f 836/950/836 837/951/837 838/952/838
f 839/953/839 837/951/837 840/954/840
f 837/951/837 836/950/836 840/954/840
f 840/954/840 836/950/836 841/955/841
f 836/950/836 842/956/842 841/955/841
f 841/955/841 842/956/842 843/957/843
f 842/956/842 844/958/844 843/957/843
f 843/957/843 844/958/844 845/959/845
f 844/958/844 846/960/846 845/959/845
f 846/960/846 100/100/100 845/959/845
f 845/959/845 100/100/100 847/961/847
f 100/100/100 102/102/102 847/961/847
f 102/102/102 848/962/848 847/961/847
f 847/961/847 848/962/848 849/963/849
f 848/962/848 850/964/850 849/963/849
f 849/963/849 850/964/850 851/965/851
f 850/964/850 852/966/852 851/965/851
f 851/965/851 852/966/852 853/967/853
f 852/966/852 854/968/854 853/967/853
f 853/967/853 854/968/854 855/969/855
f 854/968/854 856/970/856 855/969/855
f 855/969/855 856/970/856 857/971/857
f 856/970/856 858/972/858 857/971/857
f 857/971/857 858/972/858 859/973/859
f 858/972/858 860/974/860 859/973/859
f 839/953/839 840/954/840 861/975/861
f 840/954/840 841/955/841 861/975/861
f 861/975/861 841/955/841 851/965/851
f 841/955/841 843/957/843 851/965/851
f 851/965/851 843/957/843 849/963/849
f 849/963/849 843/957/843 847/961/847
f 843/957/843 845/959/845 847/961/847
f 858/972/858 856/970/856 862/976/862
f 856/970/856 863/977/863 862/976/862
f 862/976/862 863/977/863 864/978/864
f 863/977/863 865/979/865 864/978/864
f 864/978/864 865/979/865 866/980/866
f 866/980/866 865/979/865 105/105/105
f 865/979/865 867/981/867 105/105/105
f 105/105/105 867/981/867 102/102/102
f 102/102/102 867/981/867 848/962/848
f 867/981/867 868/982/868 848/962/848
f 848/962/848 868/982/868 850/964/850
f 868/982/868 854/968/854 850/964/850
f 850/964/850 854/968/854 852/966/852
f 856/970/856 854/968/854 863/977/863
f 854/968/854 868/982/868 863/977/863
f 868/982/868 867/981/867 863/977/863
f 863/977/863 867/981/867 865/979/865
f 851/965/851 853/967/853 861/975/861
f 855/969/855 857/971/857 869/983/869
f 857/971/857 859/973/859 869/983/869
f 870/984/870 871/985/871 872/986/872
f 873/987/873 874/988/874 875/989/875
f 874/988/874 876/990/876 875/989/875
f 875/989/875 876/990/876 870/984/870
f 876/990/876 877/991/877 870/984/870
f 870/984/870 877/991/877 871/985/871
f 871/985/871 877/991/877 878/992/878
f 877/991/877 879/993/879 878/992/878
f 878/992/878 879/993/879 880/994/880
f 879/993/879 881/995/881 880/994/880
f 880/994/880 881/995/881 882/996/882
f 881/995/881 883/997/883 882/996/882
f 882/996/882 883/997/883 259/259/259
f 259/259/259 883/997/883 267/267/267
f 883/997/883 884/998/884 267/267/267
f 267/267/267 884/998/884 885/999/885
f 884/998/884 886/1000/886 885/999/885
f 885/999/885 886/1000/886 887/1001/887
f 887/1001/887 886/1000/886 888/1002/888
f 886/1000/886 889/1003/889 888/1002/888
f 888/1002/888 889/1003/889 874/988/874
f 874/988/874 889/1003/889 876/990/876
f 889/1003/889 879/993/879 876/990/876
f 876/990/876 879/993/879 877/991/877
f 879/993/879 889/1003/889 881/995/881
f 889/1003/889 886/1000/886 881/995/881
f 886/1000/886 884/998/884 881/995/881
f 881/995/881 884/998/884 883/997/883
f 890/1004/890 891/1005/891 892/1006/892
f 891/1005/891 893/1007/893 892/1006/892
f 892/1006/892 893/1007/893 894/1008/894
f 893/1007/893 895/1009/895 894/1008/894
f 894/1008/894 895/1009/895 896/1010/896
f 895/1009/895 897/1011/897 896/1010/896
f 896/1010/896 897/1011/897 898/1012/898
f 897/1011/897 899/1013/899 898/1012/898
f 898/1012/898 899/1013/899 255/255/255
f 255/255/255 899/1013/899 254/254/254
f 254/254/254 899/1013/899 259/259/259
f 259/259/259 899/1013/899 882/996/882
f 882/996/882 899/1013/899 880/994/880
f 880/994/880 899/1013/899 900/1014/900
f 899/1013/899 897/1011/897 900/1014/900
f 892/1006/892 894/1008/894 901/1015/901
f 894/1008/894 902/1016/902 901/1015/901
f 901/1015/901 902/1016/902 903/1017/903
f 903/1017/903 902/1016/902 904/1018/904
f 902/1016/902 905/1019/905 904/1018/904
f 904/1018/904 905/1019/905 256/256/256
f 905/1019/905 906/1020/906 256/256/256
f 256/256/256 906/1020/906 255/255/255
f 255/255/255 906/1020/906 898/1012/898
f 898/1012/898 906/1020/906 896/1010/896
f 906/1020/906 905/1019/905 896/1010/896
f 905/1019/905 902/1016/902 896/1010/896
f 896/1010/896 902/1016/902 894/1008/894
f 891/1005/891 828/942/828 893/1007/893
f 828/942/828 907/1021/907 893/1007/893
f 893/1007/893 907/1021/907 895/1009/895
f 907/1021/907 908/1022/908 895/1009/895
f 895/1009/895 908/1022/908 897/1011/897
f 828/942/828 827/941/827 907/1021/907
f 827/941/827 908/1022/908 907/1021/907
f 839/953/839 861/975/861 909/1023/909
f 861/975/861 853/967/853 909/1023/909
f 853/967/853 855/969/855 909/1023/909
f 909/1023/909 855/969/855 869/983/869
f 910/1024/910 831/1025/831 911/1026/911
f 831/1025/831 835/1027/835 911/1026/911
f 911/1026/911 835/1027/835 834/1028/834
f 912/1029/912 910/1024/910 913/1030/913
f 910/1024/910 911/1026/911 913/1030/913
f 913/1030/913 911/1026/911 914/1031/914
f 911/1026/911 834/1028/834 914/1031/914
f 914/1031/914 834/1028/834 915/1032/915
f 834/1028/834 833/1033/833 915/1032/915
f 915/1032/915 833/1033/833 830/1034/830
f 916/1035/916 917/1036/917 918/1037/918
f 917/1036/917 919/1038/919 918/1037/918
f 918/1037/918 919/1038/919 920/1039/920
f 919/1038/919 921/1040/921 920/1039/920
f 920/1039/920 921/1040/921 831/1041/831
f 831/1041/831 921/1040/921 832/1042/832
f 832/1042/832 921/1040/921 830/1034/830
f 921/1040/921 922/1043/922 830/1034/830
f 830/1034/830 922/1043/922 915/1032/915
f 922/1043/922 923/1044/923 915/1032/915
f 915/1032/915 923/1044/923 914/1031/914
f 923/1044/923 924/1045/924 914/1031/914
f 914/1031/914 924/1045/924 913/1030/913
f 924/1045/924 925/1046/925 913/1030/913
f 913/1030/913 925/1046/925 912/1029/912
f 925/1046/925 926/1047/926 912/1029/912
f 921/1040/921 919/1038/919 922/1043/922
f 919/1038/919 927/1048/927 922/1043/922
f 922/1043/922 927/1048/927 923/1044/923
f 927/1048/927 928/1049/928 923/1044/923
f 923/1044/923 928/1049/928 924/1045/924
f 928/1049/928 929/1050/929 924/1045/924
f 924/1045/924 929/1050/929 925/1046/925
f 919/1038/919 917/1036/917 927/1048/927
f 917/1036/917 930/1051/930 927/1048/927
f 927/1048/927 930/1051/930 928/1049/928
f 828/942/828 931/1052/931 829/943/829
f 839/953/839 909/1023/909 932/1053/932
f 909/1023/909 869/983/869 932/1053/932
f 699/793/699 933/1054/933 700/794/700
f 933/1054/933 934/1055/934 700/794/700
f 700/794/700 934/1055/934 702/796/702
f 704/798/704 702/796/702 935/1056/935
f 702/796/702 934/1055/934 935/1056/935
f 935/1056/935 934/1055/934 916/1035/916
f 916/1035/916 934/1055/934 917/1036/917
f 917/1036/917 934/1055/934 930/1051/930
f 934/1055/934 933/1054/933 930/1051/930
f 930/1051/930 933/1054/933 936/1057/936
f 933/1054/933 699/793/699 936/1057/936
f 936/1057/936 699/793/699 937/1058/937
f 699/793/699 697/791/697 937/1058/937
f 937/1058/937 697/791/697 938/1059/938
f 697/791/697 695/789/695 938/1059/938
f 938/1059/938 695/789/695 939/1060/939
f 695/789/695 694/788/694 939/1060/939
f 939/1060/939 926/1047/926 938/1059/938
f 926/1047/926 925/1046/925 938/1059/938
f 925/1046/925 929/1050/929 938/1059/938
f 938/1059/938 929/1050/929 937/1058/937
f 937/1058/937 929/1050/929 936/1057/936
f 929/1050/929 928/1049/928 936/1057/936
f 936/1057/936 928/1049/928 930/1051/930
f 655/747/655 659/751/659 940/1061/940
f 659/751/659 941/1062/941 940/1061/940
f 940/1061/940 941/1062/941 837/951/837
f 837/951/837 941/1062/941 838/952/838
f 838/952/838 941/1062/941 942/1063/942
f 942/1063/942 941/1062/941 643/734/643
f 643/734/643 941/1062/941 644/735/644
f 941/1062/941 659/751/659 644/735/644
f 837/951/837 839/953/839 940/1061/940
f 839/953/839 932/1053/932 940/1061/940
f 940/1061/940 932/1053/932 655/747/655
f 932/1053/932 943/1064/943 655/747/655
f 655/747/655 943/1064/943 654/746/654
f 943/1064/943 944/1065/944 654/746/654
f 654/746/654 944/1065/944 653/745/653
f 653/745/653 944/1065/944 661/754/661
f 661/754/661 944/1065/944 945/1066/945
f 945/1066/945 944/1065/944 860/974/860
f 860/974/860 944/1065/944 859/973/859
f 944/1065/944 943/1064/943 859/973/859
f 859/973/859 943/1064/943 869/983/869
f 943/1064/943 932/1053/932 869/983/869
f 664/757/664 666/759/666 946/1067/946
f 666/759/666 677/770/677 946/1067/946
f 946/1067/946 677/770/677 947/1068/947
f 677/770/677 676/769/676 947/1068/947
f 676/769/676 931/1052/931 947/1068/947
f 931/1052/931 828/942/828 947/1068/947
f 828/942/828 891/1005/891 947/1068/947
f 947/1068/947 891/1005/891 946/1067/946
f 891/1005/891 890/1004/890 946/1067/946
f 890/1004/890 948/1069/948 946/1067/946
f 946/1067/946 948/1069/948 664/757/664
f 872/986/872 949/1070/949 870/984/870
f 949/1070/949 950/1071/950 870/984/870
f 870/984/870 950/1071/950 875/989/875
f 950/1071/950 951/1072/951 875/989/875
f 875/989/875 951/1072/951 873/987/873
f 873/987/873 951/1072/951 952/1073/952
f 952/1073/952 951/1072/951 678/771/678
f 678/771/678 951/1072/951 679/772/679
f 679/772/679 951/1072/951 691/784/691
f 951/1072/951 950/1071/950 691/784/691
f 691/784/691 950/1071/950 690/783/690
f 950/1071/950 949/1070/949 690/783/690
f 953/1074/953 1/1/1 954/1075/954
f 1/1/1 3/3/3 954/1075/954
f 954/1075/954 3/3/3 955/1076/955
f 3/3/3 5/5/5 955/1076/955
f 955/1076/955 5/5/5 956/1077/956
f 5/5/5 7/7/7 956/1077/956
f 28/28/28 953/1078/953 23/23/23
f 953/1078/953 954/1079/954 23/23/23
f 954/1079/954 955/1080/955 23/23/23
f 23/23/23 955/1080/955 17/17/17
f 17/17/17 955/1080/955 18/18/18
f 955/1080/955 956/1081/956 18/18/18
f 957/1082/957 958/1083/958 29/29/29
f 29/29/29 958/1083/958 30/30/30
f 958/1083/958 959/1084/959 30/30/30
f 30/30/30 959/1084/959 33/33/33
f 959/1084/959 960/1085/960 33/33/33
f 33/33/33 960/1085/960 35/35/35
f 56/56/56 51/51/51 957/1086/957
f 957/1086/957 51/51/51 958/1087/958
f 958/1087/958 51/51/51 959/1088/959
f 51/51/51 38/38/38 959/1088/959
f 38/38/38 37/37/37 959/1088/959
f 959/1088/959 37/37/37 960/1089/960
f 961/1090/961 962/1091/962 120/120/120
f 962/1091/962 127/127/127 120/120/120
f 244/244/244 317/336/317 961/1092/961
f 317/336/317 962/1093/962 961/1092/961
f 962/1091/962 963/1094/963 127/127/127
f 963/1094/963 128/128/128 127/127/127
f 317/336/317 309/328/309 962/1093/962
f 309/328/309 963/1095/963 962/1093/962
f 107/107/107 964/1096/964 109/109/109
f 964/1096/964 965/1097/965 109/109/109
f 964/1098/964 140/140/140 965/1099/965
f 140/140/140 139/139/139 965/1099/965
f 106/106/106 966/1100/966 107/107/107
f 966/1100/966 964/1096/964 107/107/107
f 966/1101/966 154/155/155 964/1098/964
f 154/155/155 140/140/140 964/1098/964
f 967/1102/967 113/113/113 968/1103/968
f 113/113/113 111/111/111 968/1103/968
f 968/1103/968 111/111/111 965/1097/965
f 111/111/111 109/109/109 965/1097/965
f 969/1104/969 105/105/105 970/1105/970
f 105/105/105 104/104/104 970/1105/970
f 970/1105/970 104/104/104 967/1102/967
f 104/104/104 113/113/113 967/1102/967
f 971/1106/971 972/1107/972 124/124/124
f 124/124/124 972/1107/972 122/122/122
f 972/1107/972 961/1090/961 122/122/122
f 122/122/122 961/1090/961 120/120/120
f 971/1108/971 258/258/258 972/1109/972
f 258/258/258 245/245/245 972/1109/972
f 245/245/245 244/244/244 972/1109/972
f 972/1109/972 244/244/244 961/1092/961
f 973/1110/973 974/1111/974 100/100/100
f 100/100/100 974/1111/974 101/101/101
f 974/1111/974 971/1106/971 101/101/101
f 101/101/101 971/1106/971 124/124/124
f 258/258/258 971/1108/971 257/257/257
f 971/1108/971 974/1112/974 257/257/257
f 974/1112/974 973/1113/973 257/257/257
f 257/257/257 973/1113/973 256/256/256
f 267/267/267 969/1114/969 266/266/266
f 969/1114/969 970/1115/970 266/266/266
f 970/1115/970 967/1116/967 266/266/266
f 266/266/266 967/1116/967 265/265/265
f 965/1099/965 139/139/139 968/1117/968
f 139/139/139 138/138/138 968/1117/968
f 138/138/138 265/265/265 968/1117/968
f 968/1117/968 265/265/265 967/1116/967
f 395/486/395 975/1118/975 413/435/413
f 975/1118/975 976/1119/976 413/435/413
f 977/1120/977 978/1121/978 956/1081/956
f 978/1121/978 18/18/18 956/1081/956
f 14/14/14 425/1122/425 11/11/11
f 425/1122/425 976/1123/976 11/11/11
f 412/434/412 413/435/413 425/466/425
f 413/435/413 976/1119/976 425/466/425
f 979/1124/979 975/1125/975 396/418/396
f 975/1125/975 395/417/395 396/418/396
f 425/466/425 980/1126/980 424/465/424
f 980/1126/980 354/464/354 424/465/424
f 347/369/347 354/376/354 978/1127/978
f 354/376/354 980/1128/980 978/1127/978
f 18/18/18 978/1121/978 16/16/16
f 978/1121/978 980/1129/980 16/16/16
f 16/16/16 980/1129/980 14/14/14
f 980/1129/980 425/1122/425 14/14/14
f 956/1077/956 7/7/7 977/1130/977
f 977/1130/977 7/7/7 981/1131/981
f 7/7/7 8/8/8 981/1131/981
f 981/1131/981 8/8/8 979/1132/979
f 11/11/11 976/1123/976 9/9/9
f 976/1123/976 975/1133/975 9/9/9
f 975/1133/975 979/1132/979 9/9/9
f 9/9/9 979/1132/979 8/8/8
f 347/369/347 978/1127/978 346/368/346
f 978/1127/978 977/1134/977 346/368/346
f 977/1134/977 981/1135/981 346/368/346
f 346/368/346 981/1135/981 370/392/370
f 981/1135/981 979/1124/979 370/392/370
f 370/392/370 979/1124/979 396/418/396
f 982/1136/982 983/1137/983 470/526/470
f 983/1137/983 472/528/472 470/526/470
f 37/37/37 984/1138/984 960/1089/960
f 984/1138/984 985/1139/985 960/1089/960
f 982/1140/982 503/1141/503 43/43/43
f 503/1141/503 41/41/41 43/43/43
f 982/1136/982 470/526/470 503/559/503
f 470/526/470 487/543/487 503/559/503
f 472/612/472 983/1142/983 546/611/546
f 983/1142/983 986/1143/986 546/611/546
f 506/562/506 987/1144/987 504/560/504
f 987/1144/987 503/559/503 504/560/504
f 987/1145/987 506/607/506 984/1146/984
f 506/607/506 543/608/543 984/1146/984
f 960/1085/960 985/1147/985 35/35/35
f 985/1147/985 988/1148/988 35/35/35
f 35/35/35 988/1148/988 36/36/36
f 988/1148/988 986/1149/986 36/36/36
f 37/37/37 39/39/39 984/1138/984
f 984/1138/984 39/39/39 987/1150/987
f 39/39/39 41/41/41 987/1150/987
f 987/1150/987 41/41/41 503/1141/503
f 36/36/36 986/1149/986 46/46/46
f 986/1149/986 983/1151/983 46/46/46
f 983/1151/983 982/1140/982 46/46/46
f 46/46/46 982/1140/982 43/43/43
f 546/611/546 986/1143/986 545/610/545
f 986/1143/986 988/1152/988 545/610/545
f 545/610/545 988/1152/988 544/609/544
f 988/1152/988 985/1153/985 544/609/544
f 985/1153/985 984/1146/984 544/609/544
f 544/609/544 984/1146/984 543/608/543
f 989/1154/989 615/705/615 990/1155/990
f 615/705/615 614/704/614 990/1155/990
f 614/704/614 620/710/620 990/1155/990
f 990/1155/990 620/710/620 991/1156/991
f 620/710/620 622/712/622 991/1156/991
f 991/1156/991 622/712/622 992/1157/992
f 622/712/622 621/711/621 992/1157/992
f 992/1157/992 621/711/621 993/1158/993
f 994/1159/994 586/676/586 995/1160/995
f 586/676/586 587/677/587 995/1160/995
f 995/1160/995 587/677/587 996/1161/996
f 587/677/587 588/678/588 996/1161/996
f 996/1161/996 588/678/588 997/1162/997
f 588/678/588 589/679/589 997/1162/997
f 589/679/589 590/680/590 997/1162/997
f 997/1162/997 590/680/590 998/1163/998
f 605/695/605 994/1164/994 604/694/604
f 994/1164/994 995/1165/995 604/694/604
f 995/1165/995 996/1166/996 604/694/604
f 604/694/604 996/1166/996 603/693/603
f 996/1166/996 997/1167/997 603/693/603
f 603/693/603 997/1167/997 602/692/602
f 602/692/602 997/1167/997 601/691/601
f 997/1167/997 998/1168/998 601/691/601
f 599/689/599 597/687/597 993/1169/993
f 993/1169/993 597/687/597 992/1170/992
f 992/1170/992 597/687/597 991/1171/991
f 597/687/597 595/685/595 991/1171/991
f 991/1171/991 595/685/595 990/1172/990
f 595/685/595 592/682/592 990/1172/990
f 592/682/592 591/681/591 990/1172/990
f 990/1172/990 591/681/591 989/1173/989
f 999/1174/999 1000/1175/1000 672/765/672
f 1000/1175/1000 999/1174/999 1001/1176/1001
f 1002/1177/1002 1000/1175/1000 1001/1176/1001
f 1000/1175/1000 1002/1177/1002 686/779/686
f 668/761/668 1003/1178/1003 670/763/670
f 1003/1178/1003 1004/1179/1004 670/763/670
f 1005/1180/1005 1003/1181/1003 665/758/665
f 1003/1181/1003 668/761/668 665/758/665
f 1006/1182/1006 1007/1183/1007 665/758/665
f 1007/1183/1007 1005/1180/1005 665/758/665
f 1004/1179/1004 1008/1184/1008 670/763/670
f 1008/1184/1008 1009/1185/1009 670/763/670
f 1010/1186/1010 1011/1187/1011 633/723/633
f 1011/1187/1011 641/732/641 633/723/633
f 1007/1188/1007 1006/1189/1006 1012/1190/1012
f 1006/1189/1006 645/736/645 1012/1190/1012
f 1009/1185/1009 999/1174/999 670/763/670
f 999/1174/999 672/765/672 670/763/670
f 1013/1191/1013 1014/1192/1014 661/754/661
f 1014/1192/1014 660/753/660 661/754/661
f 1013/1193/1013 678/771/678 1014/1194/1014
f 678/771/678 680/773/680 1014/1194/1014
f 682/775/682 1015/1195/1015 680/773/680
f 1015/1195/1015 1016/1196/1016 680/773/680
f 1017/1197/1017 1015/1198/1015 684/777/684
f 1015/1198/1015 682/775/682 684/777/684
f 1018/1199/1018 1019/1200/1019 648/740/648
f 1019/1200/1019 1020/1201/1020 648/740/648
f 1021/1202/1021 1022/1203/1022 660/753/660
f 1022/1203/1022 647/752/647 660/753/660
f 1016/1196/1016 1023/1204/1023 680/773/680
f 1023/1204/1023 1014/1194/1014 680/773/680
f 1020/1205/1020 1019/1206/1019 684/777/684
f 1019/1206/1019 1017/1197/1017 684/777/684
f 647/739/647 1022/1207/1022 648/740/648
f 1022/1207/1022 1018/1199/1018 648/740/648
f 660/753/660 1014/1192/1014 1021/1202/1021
f 1014/1192/1014 1023/1208/1023 1021/1202/1021
f 686/779/686 1002/1177/1002 684/777/684
f 1002/1177/1002 1020/1205/1020 684/777/684
f 645/736/645 1006/1189/1006 643/734/643
f 1006/1189/1006 1024/1209/1024 643/734/643
f 665/758/665 664/757/664 1006/1182/1006
f 664/757/664 1024/1210/1024 1006/1182/1006
f 641/738/641 1011/1211/1011 645/736/645
f 1011/1211/1011 1012/1190/1012 645/736/645
f 1009/1212/1009 1008/1213/1008 633/723/633
f 1008/1213/1008 1010/1186/1010 633/723/633
f 1009/1212/1009 633/723/633 999/1214/999
f 633/723/633 632/722/632 999/1214/999
f 999/1214/999 632/722/632 1001/1215/1001
f 632/722/632 662/755/662 1001/1215/1001
f 662/755/662 663/756/663 1001/1215/1001
f 1001/1215/1001 663/756/663 1002/1216/1002
f 663/756/663 648/740/648 1002/1216/1002
f 1002/1216/1002 648/740/648 1020/1201/1020
f 1025/1217/1025 1026/1218/1026 720/820/720
f 1026/1218/1026 1027/1219/1027 720/820/720
f 1028/1220/1028 716/816/716 1029/1221/1029
f 716/816/716 1030/1222/1030 1029/1221/1029
f 1031/1223/1031 1032/1224/1032 722/822/722
f 1032/1224/1032 1033/1225/1033 722/822/722
f 1034/1226/1034 724/824/724 1035/1227/1035
f 724/824/724 1036/1228/1036 1035/1227/1035
f 714/814/714 1037/1229/1037 715/815/715
f 1037/1229/1037 1038/1230/1038 715/815/715
f 715/815/715 1038/1230/1038 106/106/106
f 1038/1230/1038 966/1100/966 106/106/106
f 1027/1231/1027 1039/1232/1039 1040/1233/1040
f 1039/1232/1039 66/66/66 1040/1233/1040
f 1040/1233/1040 66/66/66 1030/1234/1030
f 66/66/66 64/64/64 1030/1234/1030
f 72/72/72 1028/1235/1028 70/70/70
f 1028/1235/1028 1029/1236/1029 70/70/70
f 70/70/70 1029/1236/1029 64/64/64
f 1029/1236/1029 1030/1234/1030 64/64/64
f 707/807/707 706/806/706 1039/1237/1039
f 1039/1237/1039 706/806/706 1041/1238/1041
f 706/806/706 128/128/128 1041/1238/1041
f 1041/1238/1041 128/128/128 963/1094/963
f 1039/1237/1039 1027/1239/1027 707/807/707
f 1027/1239/1027 1026/1240/1026 707/807/707
f 1026/1240/1026 1025/1241/1025 707/807/707
f 707/807/707 1025/1241/1025 709/809/709
f 709/809/709 1025/1241/1025 710/810/710
f 1025/1241/1025 1042/1242/1042 710/810/710
f 1042/1242/1042 1033/1243/1033 710/810/710
f 710/810/710 1033/1243/1033 713/813/713
f 720/820/720 1027/1219/1027 718/818/718
f 1027/1219/1027 1040/1244/1040 718/818/718
f 1040/1244/1040 1030/1222/1030 718/818/718
f 718/818/718 1030/1222/1030 716/816/716
f 66/66/66 1039/1232/1039 67/67/67
f 1039/1232/1039 1041/1245/1041 67/67/67
f 1041/1245/1041 963/1095/963 67/67/67
f 67/67/67 963/1095/963 309/328/309
f 713/813/713 1033/1243/1033 714/814/714
f 1033/1243/1033 1032/1246/1032 714/814/714
f 1032/1246/1032 1031/1247/1031 714/814/714
f 714/814/714 1031/1247/1031 1037/1229/1037
f 1031/1248/1031 1043/1249/1043 1037/1250/1037
f 1037/1250/1037 1043/1249/1043 89/89/89
f 1043/1249/1043 1034/1251/1034 89/89/89
f 89/89/89 1034/1251/1034 83/83/83
f 79/79/79 81/81/81 1036/1252/1036
f 1036/1252/1036 81/81/81 1035/1253/1035
f 81/81/81 83/83/83 1035/1253/1035
f 1035/1253/1035 83/83/83 1034/1251/1034
f 722/822/722 1033/1225/1033 721/821/721
f 1033/1225/1033 1042/1254/1042 721/821/721
f 1042/1254/1042 1025/1217/1025 721/821/721
f 721/821/721 1025/1217/1025 720/820/720
f 154/155/155 966/1101/966 90/90/90
f 966/1101/966 1038/1255/1038 90/90/90
f 1038/1255/1038 1037/1250/1037 90/90/90
f 90/90/90 1037/1250/1037 89/89/89
f 724/824/724 1034/1226/1034 723/823/723
f 1034/1226/1034 1043/1256/1043 723/823/723
f 1043/1256/1043 1031/1223/1031 723/823/723
f 723/823/723 1031/1223/1031 722/822/722
f 1036/1228/1036 724/824/724 1044/1257/1044
f 724/824/724 717/817/717 1044/1257/1044
f 1044/1257/1044 717/817/717 1045/1258/1045
f 1045/1258/1045 717/817/717 1046/1259/1046
f 717/817/717 716/816/716 1046/1259/1046
f 1046/1259/1046 716/816/716 1028/1220/1028
f 1028/1235/1028 72/72/72 1046/1260/1046
f 72/72/72 74/74/74 1046/1260/1046
f 1046/1260/1046 74/74/74 1045/1261/1045
f 74/74/74 76/76/76 1045/1261/1045
f 76/76/76 77/77/77 1045/1261/1045
f 1045/1261/1045 77/77/77 1044/1262/1044
f 77/77/77 79/79/79 1044/1262/1044
f 1044/1262/1044 79/79/79 1036/1252/1036
f 1047/1263/1047 1048/1264/1048 725/825/725
f 1048/1264/1048 1049/1265/1049 725/825/725
f 1048/1266/1048 1050/1267/1050 1049/1268/1049
f 1050/1267/1050 733/833/733 1049/1268/1049
f 725/825/725 1049/1265/1049 591/681/591
f 1049/1265/1049 989/1173/989 591/681/591
f 1049/1268/1049 733/833/733 989/1154/989
f 733/833/733 615/705/615 989/1154/989
f 1010/1269/1010 1008/1270/1008 1047/1271/1047
f 1008/1270/1008 1048/1272/1048 1047/1271/1047
f 1007/1188/1007 1012/1190/1012 1051/1273/1051
f 1012/1190/1012 1052/1274/1052 1051/1273/1051
f 1005/1180/1005 1007/1183/1007 1053/1275/1053
f 1007/1183/1007 1051/1276/1051 1053/1275/1053
f 1008/1277/1008 1004/1278/1004 1048/1279/1048
f 1004/1278/1004 1050/1280/1050 1048/1279/1048
f 1054/1281/1054 1055/1282/1055 728/828/728
f 1055/1282/1055 1056/1283/1056 728/828/728
f 734/834/734 1057/1284/1057 1054/1285/1054
f 1057/1284/1057 1055/1286/1055 1054/1285/1054
f 998/1168/998 1054/1281/1054 601/691/601
f 1054/1281/1054 728/828/728 601/691/601
f 590/680/590 734/834/734 998/1163/998
f 734/834/734 1054/1285/1054 998/1163/998
f 1055/1287/1055 1019/1288/1019 1056/1289/1056
f 1019/1288/1019 1018/1290/1018 1056/1289/1056
f 1058/1291/1058 1021/1202/1021 1059/1292/1059
f 1021/1202/1021 1023/1208/1023 1059/1292/1059
f 1059/1293/1059 1023/1204/1023 1060/1294/1060
f 1023/1204/1023 1016/1196/1016 1060/1294/1060
f 1057/1295/1057 1017/1296/1017 1055/1297/1055
f 1017/1296/1017 1019/1298/1019 1055/1297/1055
f 1017/1296/1017 1057/1295/1057 1015/1195/1015
f 1057/1295/1057 1061/1299/1061 1015/1195/1015
f 1015/1195/1015 1061/1299/1061 1016/1196/1016
f 1061/1299/1061 1060/1294/1060 1016/1196/1016
f 733/833/733 1050/1267/1050 732/832/732
f 1050/1267/1050 1062/1300/1062 732/832/732
f 732/832/732 1062/1300/1062 731/831/731
f 1062/1300/1062 1053/1301/1053 731/831/731
f 1056/1289/1056 1018/1290/1018 1063/1302/1063
f 1018/1290/1018 1022/1203/1022 1063/1302/1063
f 1063/1302/1063 1022/1203/1022 1058/1291/1058
f 1022/1203/1022 1021/1202/1021 1058/1291/1058
f 731/831/731 1053/1301/1053 730/830/730
f 1053/1301/1053 1051/1303/1051 730/830/730
f 1051/1303/1051 1052/1304/1052 730/830/730
f 730/830/730 1052/1304/1052 729/829/729
f 729/829/729 1052/1304/1052 726/826/726
f 1052/1304/1052 1064/1305/1064 726/826/726
f 1064/1305/1064 1047/1263/1047 726/826/726
f 726/826/726 1047/1263/1047 725/825/725
f 1004/1278/1004 1003/1181/1003 1050/1280/1050
f 1050/1280/1050 1003/1181/1003 1062/1306/1062
f 1003/1181/1003 1005/1180/1005 1062/1306/1062
f 1062/1306/1062 1005/1180/1005 1053/1275/1053
f 1047/1271/1047 1064/1307/1064 1010/1269/1010
f 1010/1269/1010 1064/1307/1064 1011/1211/1011
f 1064/1307/1064 1052/1274/1052 1011/1211/1011
f 1011/1211/1011 1052/1274/1052 1012/1190/1012
f 728/828/728 1056/1283/1056 727/827/727
f 1056/1283/1056 1063/1308/1063 727/827/727
f 1063/1308/1063 1058/1309/1058 727/827/727
f 727/827/727 1058/1309/1058 738/838/738
f 738/838/738 1058/1309/1058 737/837/737
f 1058/1309/1058 1059/1310/1059 737/837/737
f 1059/1310/1059 1060/1311/1060 737/837/737
f 737/837/737 1060/1311/1060 736/836/736
f 734/834/734 735/835/735 1057/1284/1057
f 1057/1284/1057 735/835/735 1061/1312/1061
f 735/835/735 736/836/736 1061/1312/1061
f 1061/1312/1061 736/836/736 1060/1311/1060
f 756/856/756 757/857/757 1065/1313/1065
f 757/857/757 1066/1314/1066 1065/1313/1065
f 755/855/755 756/856/756 1067/1315/1067
f 756/856/756 1065/1313/1065 1067/1315/1067
f 1067/1315/1067 1065/1313/1065 1068/1316/1068
f 1068/1316/1068 1065/1313/1065 1069/1317/1069
f 1065/1313/1065 1066/1314/1066 1069/1317/1069
f 1069/1317/1069 1066/1314/1066 1070/1318/1070
f 744/844/744 1071/1319/1071 1072/1320/1072
f 1071/1319/1071 1073/1321/1073 1072/1320/1072
f 1072/1320/1072 1073/1321/1073 1074/1322/1074
f 1073/1321/1073 1075/1323/1075 1074/1322/1074
f 743/843/743 744/844/744 1076/1324/1076
f 744/844/744 1072/1320/1072 1076/1324/1076
f 1076/1324/1076 1072/1320/1072 1077/1325/1077
f 1072/1320/1072 1074/1322/1074 1077/1325/1077
f 1068/1316/1068 1075/1326/1075 1067/1315/1067
f 1075/1326/1075 1073/1327/1073 1067/1315/1067
f 1067/1315/1067 1073/1327/1073 755/855/755
f 1073/1327/1073 1071/1328/1071 755/855/755
f 743/843/743 1076/1324/1076 759/859/759
f 759/859/759 1076/1324/1076 1078/1329/1078
f 1076/1324/1076 1077/1325/1077 1078/1329/1078
f 1078/1329/1078 1077/1325/1077 1079/1330/1079
f 1/1/1 953/1074/953 740/840/740
f 953/1074/953 1080/1331/1080 740/840/740
f 740/840/740 1080/1331/1080 742/842/742
f 1080/1331/1080 1081/1332/1081 742/842/742
f 742/842/742 1081/1332/1081 744/844/744
f 1081/1332/1081 1071/1319/1071 744/844/744
f 28/28/28 753/853/753 953/1078/953
f 953/1078/953 753/853/753 1080/1333/1080
f 1080/1333/1080 753/853/753 1081/1334/1081
f 753/853/753 754/854/754 1081/1334/1081
f 754/854/754 755/855/755 1081/1334/1081
f 1081/1334/1081 755/855/755 1071/1328/1071
f 757/857/757 758/858/758 1066/1314/1066
f 758/858/758 1082/1335/1082 1066/1314/1066
f 1066/1314/1066 1082/1335/1082 1070/1318/1070
f 1070/1318/1070 1082/1335/1082 1083/1336/1083
f 1083/1336/1083 1082/1335/1082 1079/1330/1079
f 1079/1330/1079 1082/1335/1082 1078/1329/1078
f 1082/1335/1082 758/858/758 1078/1329/1078
f 1078/1329/1078 758/858/758 759/859/759
f 1084/1337/1084 1085/1338/1085 1086/1339/1086
f 1085/1338/1085 1087/1340/1087 1086/1339/1086
f 778/878/778 1087/1340/1087 777/877/777
f 1087/1340/1087 1085/1338/1085 777/877/777
f 777/877/777 1085/1338/1085 776/876/776
f 776/876/776 1085/1338/1085 1088/1341/1088
f 1085/1338/1085 1084/1337/1084 1088/1341/1088
f 1088/1341/1088 1084/1337/1084 1089/1342/1089
f 764/864/764 774/874/774 1090/1343/1090
f 774/874/774 1091/1344/1091 1090/1343/1090
f 1090/1343/1090 1091/1344/1091 1092/1345/1092
f 1091/1344/1091 1093/1346/1093 1092/1345/1092
f 1086/1339/1086 1087/1340/1087 1094/1347/1094
f 1094/1347/1094 1087/1340/1087 1095/1348/1095
f 1087/1340/1087 778/878/778 1095/1348/1095
f 1095/1348/1095 778/878/778 1096/1349/1096
f 765/865/765 1097/1350/1097 1096/1351/1096
f 1096/1351/1096 1097/1350/1097 1095/1352/1095
f 1097/1350/1097 1098/1353/1098 1095/1352/1095
f 1095/1352/1095 1098/1353/1098 1094/1354/1094
f 764/864/764 1090/1343/1090 765/865/765
f 765/865/765 1090/1343/1090 1097/1350/1097
f 1090/1343/1090 1092/1345/1092 1097/1350/1097
f 1097/1350/1097 1092/1345/1092 1098/1353/1098
f 29/29/29 761/861/761 957/1082/957
f 957/1082/957 761/861/761 1099/1355/1099
f 761/861/761 763/863/763 1099/1355/1099
f 1099/1355/1099 763/863/763 1100/1356/1100
f 763/863/763 765/865/765 1100/1356/1100
f 1100/1356/1100 765/865/765 1096/1351/1096
f 56/56/56 957/1086/957 780/880/780
f 957/1086/957 1099/1357/1099 780/880/780
f 1099/1357/1099 1100/1358/1100 780/880/780
f 780/880/780 1100/1358/1100 779/879/779
f 779/879/779 1100/1358/1100 778/878/778
f 1100/1358/1100 1096/1349/1096 778/878/778
f 774/874/774 775/875/775 1091/1344/1091
f 775/875/775 1101/1359/1101 1091/1344/1091
f 1091/1344/1091 1101/1359/1101 1093/1346/1093
f 1093/1346/1093 1101/1359/1101 1102/1360/1102
f 1102/1360/1102 1101/1359/1101 1089/1342/1089
f 1089/1342/1089 1101/1359/1101 1088/1341/1088
f 1101/1359/1101 775/875/775 1088/1341/1088
f 1088/1341/1088 775/875/775 776/876/776
f 820/920/820 825/1361/825 821/921/821
f 825/1361/825 1103/1362/1103 821/921/821
f 821/921/821 1103/1362/1103 822/922/822
f 1103/1362/1103 1104/1363/1104 822/922/822
f 822/922/822 1104/1363/1104 605/695/605
f 1104/1363/1104 994/1164/994 605/695/605
f 817/917/817 818/918/818 824/1364/824
f 824/1364/824 818/918/818 1105/1365/1105
f 818/918/818 819/919/819 1105/1365/1105
f 1105/1365/1105 819/919/819 1106/1366/1106
f 819/919/819 599/689/599 1106/1366/1106
f 1106/1366/1106 599/689/599 993/1169/993
f 993/1158/993 621/711/621 1106/1367/1106
f 621/711/621 807/907/807 1106/1367/1106
f 1106/1367/1106 807/907/807 1105/1368/1105
f 807/907/807 816/916/816 1105/1368/1105
f 816/916/816 815/915/815 1105/1368/1105
f 1105/1368/1105 815/915/815 824/1369/824
f 825/1370/825 797/897/797 1103/1371/1103
f 797/897/797 796/896/796 1103/1371/1103
f 796/896/796 795/895/795 1103/1371/1103
f 1103/1371/1103 795/895/795 1104/1372/1104
f 795/895/795 586/676/586 1104/1372/1104
f 1104/1372/1104 586/676/586 994/1159/994
f 838/952/838 1107/1373/1107 836/950/836
f 1107/1373/1107 1108/1374/1108 836/950/836
f 1108/1375/1108 1107/1376/1107 892/1006/892
f 1107/1376/1107 890/1004/890 892/1006/892
f 1092/1377/1092 842/956/842 1098/1378/1098
f 842/956/842 836/950/836 1098/1378/1098
f 1089/1379/1089 903/1017/903 1102/1380/1102
f 903/1017/903 1109/1381/1109 1102/1380/1102
f 1109/1382/1109 844/958/844 1102/1383/1102
f 844/958/844 1093/1384/1093 1102/1383/1102
f 1108/1375/1108 892/1006/892 1094/1385/1094
f 892/1006/892 1086/1386/1086 1094/1385/1094
f 1092/1377/1092 1093/1384/1093 842/956/842
f 1093/1384/1093 844/958/844 842/956/842
f 1108/1374/1108 1094/1387/1094 836/950/836
f 1094/1387/1094 1098/1378/1098 836/950/836
f 1110/1388/1110 1111/1389/1111 858/972/858
f 1111/1389/1111 860/974/860 858/972/858
f 873/987/873 1111/1390/1111 874/988/874
f 1111/1390/1111 1110/1391/1110 874/988/874
f 858/972/858 862/976/862 1074/1392/1074
f 862/976/862 1077/1393/1077 1074/1392/1074
f 1112/1394/1112 887/1001/887 1083/1395/1083
f 887/1001/887 1070/1396/1070 1083/1395/1083
f 1079/1397/1079 864/978/864 1083/1398/1083
f 864/978/864 1112/1399/1112 1083/1398/1083
f 1068/1400/1068 874/988/874 1075/1401/1075
f 874/988/874 1110/1391/1110 1075/1401/1075
f 864/978/864 1079/1397/1079 862/976/862
f 1079/1397/1079 1077/1393/1077 862/976/862
f 1074/1392/1074 1075/1402/1075 858/972/858
f 1075/1402/1075 1110/1388/1110 858/972/858
f 1070/1396/1070 887/1001/887 1069/1403/1069
f 887/1001/887 888/1002/888 1069/1403/1069
f 1069/1403/1069 888/1002/888 1068/1400/1068
f 888/1002/888 874/988/874 1068/1400/1068
f 256/256/256 973/1113/973 904/1018/904
f 973/1113/973 1113/1404/1113 904/1018/904
f 904/1018/904 1113/1404/1113 903/1017/903
f 1113/1404/1113 1109/1381/1109 903/1017/903
f 105/105/105 969/1104/969 866/980/866
f 969/1104/969 1114/1405/1114 866/980/866
f 866/980/866 1114/1405/1114 864/978/864
f 1114/1405/1114 1112/1399/1112 864/978/864
f 100/100/100 846/960/846 973/1110/973
f 973/1110/973 846/960/846 1113/1406/1113
f 846/960/846 844/958/844 1113/1406/1113
f 1113/1406/1113 844/958/844 1109/1382/1109
f 1089/1379/1089 1084/1407/1084 903/1017/903
f 903/1017/903 1084/1407/1084 901/1015/901
f 1084/1407/1084 1086/1386/1086 901/1015/901
f 901/1015/901 1086/1386/1086 892/1006/892
f 267/267/267 885/999/885 969/1114/969
f 969/1114/969 885/999/885 1114/1408/1114
f 885/999/885 887/1001/887 1114/1408/1114
f 1114/1408/1114 887/1001/887 1112/1394/1112
f 1111/1390/1111 873/987/873 1115/1409/1115
f 873/987/873 952/1073/952 1115/1409/1115
f 1115/1409/1115 952/1073/952 1013/1193/1013
f 952/1073/952 678/771/678 1013/1193/1013
f 643/734/643 1024/1209/1024 942/1063/942
f 1024/1209/1024 1116/1410/1116 942/1063/942
f 1116/1410/1116 1107/1373/1107 942/1063/942
f 942/1063/942 1107/1373/1107 838/952/838
f 1107/1376/1107 1116/1411/1116 890/1004/890
f 890/1004/890 1116/1411/1116 948/1069/948
f 1116/1411/1116 1024/1210/1024 948/1069/948
f 948/1069/948 1024/1210/1024 664/757/664
f 860/974/860 1111/1389/1111 945/1066/945
f 1111/1389/1111 1115/1412/1115 945/1066/945
f 1115/1412/1115 1013/1191/1013 945/1066/945
f 945/1066/945 1013/1191/1013 661/754/661
f 704/798/704 1117/1413/1117 705/799/705
f 1117/1413/1117 1118/1414/1118 705/799/705
f 1118/1414/1118 1119/1415/1119 705/799/705
f 705/799/705 1119/1415/1119 636/800/636
f 640/785/640 1119/1416/1119 692/786/692
f 1119/1416/1119 1120/1417/1120 692/786/692
f 1120/1417/1120 1121/1418/1121 692/786/692
f 692/786/692 1121/1418/1121 694/788/694
f 690/783/690 1121/1419/1121 689/782/689
f 1121/1419/1121 1120/1420/1120 689/782/689
f 689/782/689 1120/1420/1120 687/780/687
f 1120/1420/1120 1119/1421/1119 687/780/687
f 687/780/687 1119/1421/1119 686/779/686
f 686/779/686 1119/1421/1119 1000/1175/1000
f 1000/1175/1000 1119/1421/1119 672/765/672
f 672/765/672 1119/1421/1119 673/766/673
f 1119/1421/1119 1118/1420/1118 673/766/673
f 673/766/673 1118/1420/1118 675/768/675
f 1118/1420/1118 1117/1419/1117 675/768/675
f 675/768/675 1117/1419/1117 676/769/676
f 1122/1422/1122 827/941/827 829/943/829
f 1123/1423/1123 920/1039/920 900/1424/900
f 920/1039/920 831/1041/831 900/1424/900
f 831/1025/831 910/1024/910 900/1425/900
f 910/1024/910 1124/1426/1124 900/1425/900
f 1122/1427/1122 916/1035/916 1125/1428/1125
f 916/1035/916 918/1037/918 1125/1428/1125
f 1125/1428/1125 918/1037/918 1123/1423/1123
f 918/1037/918 920/1039/920 1123/1423/1123
f 1126/1429/1126 1127/1430/1127 926/1047/926
f 926/1047/926 1127/1430/1127 912/1029/912
f 1127/1430/1127 1124/1426/1124 912/1029/912
f 912/1029/912 1124/1426/1124 910/1024/910
f 1122/1422/1122 1125/1431/1125 827/941/827
f 1125/1431/1125 1123/1432/1123 827/941/827
f 827/941/827 1123/1432/1123 908/1022/908
f 1123/1432/1123 900/1014/900 908/1022/908
f 908/1022/908 900/1014/900 897/1011/897
f 880/994/880 900/1014/900 878/992/878
f 900/1014/900 1124/1432/1124 878/992/878
f 878/992/878 1124/1432/1124 871/985/871
f 1124/1432/1124 1127/1431/1127 871/985/871
f 1127/1431/1127 1126/1422/1126 871/985/871
f 871/985/871 1126/1422/1126 872/986/872
f 931/1052/931 676/769/676 1128/1433/1128
f 676/769/676 1117/1419/1117 1128/1433/1128
f 931/1052/931 1128/1433/1128 829/943/829
f 1128/1433/1128 1122/1422/1122 829/943/829
f 1117/1413/1117 704/798/704 1128/1434/1128
f 704/798/704 935/1056/935 1128/1434/1128
f 1128/1434/1128 935/1056/935 1122/1427/1122
f 935/1056/935 916/1035/916 1122/1427/1122
f 939/1060/939 694/788/694 1129/1435/1129
f 694/788/694 1121/1418/1121 1129/1435/1129
f 926/1047/926 939/1060/939 1126/1429/1126
f 939/1060/939 1129/1435/1129 1126/1429/1126
f 1121/1419/1121 690/783/690 1129/1433/1129
f 690/783/690 949/1070/949 1129/1433/1129
f 949/1070/949 872/986/872 1129/1433/1129
f 1129/1433/1129 872/986/872 1126/1422/1126
o tounge.001
v 0.293681 1.271963 0.215746
v 0.286082 1.250611 0.258330
v 0.289489 1.253491 0.214608
v 0.291128 1.268802 0.259334
v 0.265326 1.283700 0.174398
v 0.238412 1.271195 0.134462
v 0.240973 1.289927 0.133134
v 0.261647 1.265144 0.173590
v -0.015427 1.327495 0.197884
v 0.007734 1.309221 0.238369
v 0.010426 1.327944 0.237069
v -0.017821 1.308741 0.199468
v 0.119599 1.302491 0.348896
v 0.077434 1.294748 0.324515
v 0.113441 1.284311 0.347514
v 0.082469 1.313128 0.325745
v 0.161679 1.272165 0.352366
v 0.166791 1.290451 0.353755
v 0.223670 1.278145 0.340720
v 0.261373 1.252670 0.300519
v 0.266933 1.270745 0.301579
v 0.218196 1.259988 0.339489
v 0.182722 1.274234 0.269558
v 0.200128 1.267335 0.304260
v 0.221767 1.290572 0.098903
v 0.184329 1.277508 0.080006
v 0.189562 1.296514 0.075028
v 0.214754 1.273984 0.103844
v 0.042698 1.323138 0.282129
v 0.038858 1.304600 0.281306
v -0.041506 1.325141 0.157017
v -0.048951 1.304397 0.157150
v 0.075018 1.295698 0.153231
v 0.059174 1.291308 0.116316
v 0.142979 1.286002 0.227622
v 0.115567 1.291301 0.186235
v 0.039529 1.277255 0.079051
v 0.170059 1.263029 0.043734
v -0.070850 1.289096 0.116133
v -0.070133 1.322011 0.103131
v 0.039463 1.309968 0.065295
v 0.060899 1.312029 0.114052
v 0.170495 1.295543 0.029700
v 0.151417 1.210715 0.003386
v 0.023659 1.223634 0.036667
v -0.094267 1.235561 0.071207
v -0.105880 1.232793 0.032972
v 0.012760 1.221023 -0.000945
v 0.141131 1.208510 -0.033060
v 0.081036 1.313590 0.150957
v 0.118038 1.310038 0.184888
v 0.152093 1.303331 0.227547
v 0.187676 1.292531 0.270566
v 0.205513 1.285523 0.305381
vn 0.8724 0.4618 -0.1604
vn 0.5366 -0.8295 0.1548
vn 0.5714 -0.7750 -0.2698
vn 0.8598 0.4408 0.2579
vn 0.7195 0.6118 -0.3288
vn 0.4705 -0.7794 -0.4138
vn 0.6998 0.5943 -0.3964
vn 0.4302 -0.7857 -0.4445
vn -0.5146 0.8008 0.3065
vn -0.6848 -0.5775 0.4444
vn -0.4693 0.8048 0.3633
vn -0.6575 -0.5865 0.4730
vn -0.0774 0.6516 0.7546
vn -0.6130 -0.5773 0.5395
vn -0.4084 -0.6232 0.6670
vn -0.2997 0.7401 0.6020
vn -0.1305 -0.7214 0.6801
vn 0.1896 0.5804 0.7920
vn 0.4830 0.4950 0.7223
vn 0.3762 -0.8351 0.4012
vn 0.7153 0.4617 0.5246
vn 0.1635 -0.7700 0.6167
vn -0.2238 -0.9716 -0.0770
vn -0.2315 -0.9694 -0.0815
vn 0.7135 0.4027 -0.5734
vn 0.4086 -0.8937 -0.1852
vn 0.6576 0.6313 -0.4112
vn 0.3456 -0.8542 -0.3884
vn -0.4168 0.7823 0.4629
vn -0.6792 -0.5810 0.4485
vn -0.4951 0.8271 0.2663
vn -0.6820 -0.4664 0.5633
vn -0.1025 -0.9902 0.0944
vn -0.0287 -0.9674 0.2515
vn -0.1937 -0.9803 -0.0395
vn -0.1565 -0.9876 0.0163
vn 0.0873 -0.8142 0.5739
vn 0.7525 -0.6436 0.1395
vn -0.6592 -0.3962 0.6391
vn -0.6239 0.7726 -0.1176
vn -0.0400 0.8821 -0.4693
vn 0.0917 0.9919 -0.0873
vn 0.5567 0.6168 -0.5565
vn 0.8566 -0.4689 0.2152
vn 0.1504 -0.6460 0.7484
vn -0.7353 -0.2287 0.6380
vn -0.5768 0.6246 -0.5264
vn -0.1488 0.6172 -0.7726
vn 0.3261 0.4781 -0.8155
vn 0.1176 0.9906 -0.0702
vn 0.1573 0.9873 -0.0210
vn 0.1942 0.9801 0.0405
vn 0.2240 0.9717 0.0756
vn 0.2327 0.9692 0.0810
vt 0.583033 0.753316
vt 0.630679 0.847295
vt 0.601361 0.733690
vt 0.615861 0.880549
vt 0.571955 0.635593
vt 0.587535 0.521565
vt 0.567253 0.520743
vt 0.591474 0.628578
vt 0.940845 0.410867
vt 0.920682 0.521565
vt 0.940845 0.520743
vt 0.920690 0.411220
vt 0.892348 0.880549
vt 0.906848 0.733690
vt 0.877537 0.847295
vt 0.925185 0.753316
vt 0.825833 0.919296
vt 0.834441 0.961191
vt 0.754108 1.001181
vt 0.682384 0.919296
vt 0.673776 0.961191
vt 0.754108 0.955008
vt 0.754108 0.733690
vt 0.754108 0.847392
vt 0.567253 0.410867
vt 0.587527 0.301182
vt 0.567253 0.300531
vt 0.587527 0.411220
vt 0.936262 0.635593
vt 0.916743 0.628578
vt 0.940845 0.300531
vt 0.920690 0.301182
vt 0.754108 0.411220
vt 0.754108 0.301182
vt 0.754108 0.628578
vt 0.754108 0.521565
vt 0.754108 0.179794
vt 0.587527 0.179794
vt 0.920690 0.179794
vt 0.940940 0.179623
vt 0.207087 0.153362
vt 0.388018 0.298759
vt 0.207071 0.298759
vt 0.388201 0.153362
vt 0.026219 0.153362
vt 0.026029 0.298759
vt 0.567119 0.179794
vt 0.587527 0.009499
vt 0.754108 0.009499
vt 0.920690 0.009499
vt 0.972705 0.009279
vt 0.388201 0.014167
vt 0.207087 0.014167
vt 0.026219 0.014167
vt 0.535425 0.009603
vt 0.388018 0.412959
vt 0.207071 0.412959
vt 0.026037 0.412959
vt 0.207071 0.527160
vt 0.026037 0.527160
vt 0.207071 0.641371
vt 0.030317 0.641371
vt 0.207071 0.755573
vt 0.041062 0.755573
vt 0.072913 0.879006
vt 0.207071 0.879111
vt 0.129097 0.957236
vt 0.207071 0.996031
vt 0.284958 0.957236
vt 0.341134 0.879006
vt 0.372985 0.755573
vt 0.383730 0.641371
vt 0.388010 0.527160
s 1
usemtl Material.006
f 1130/1436/1130 1131/1437/1131 1132/1438/1132
f 1133/1439/1133 1131/1437/1131 1130/1436/1130
f 1134/1440/1134 1135/1441/1135 1136/1442/1136
f 1135/1441/1135 1134/1440/1134 1137/1443/1137
f 1138/1444/1138 1139/1445/1139 1140/1446/1140
f 1139/1445/1139 1138/1444/1138 1141/1447/1141
f 1142/1448/1142 1143/1449/1143 1144/1450/1144
f 1143/1449/1143 1142/1448/1142 1145/1451/1145
f 1142/1448/1142 1146/1452/1146 1147/1453/1147
f 1146/1452/1146 1142/1448/1142 1144/1450/1144
f 1148/1454/1148 1149/1455/1149 1150/1456/1150
f 1149/1455/1149 1148/1454/1148 1151/1457/1151
f 1152/1458/1152 1131/1437/1131 1153/1459/1153
f 1131/1437/1131 1152/1458/1152 1132/1438/1132
f 1154/1460/1154 1155/1461/1155 1156/1462/1156
f 1155/1461/1155 1154/1460/1154 1157/1463/1157
f 1136/1442/1136 1157/1463/1157 1154/1460/1154
f 1157/1463/1157 1136/1442/1136 1135/1441/1135
f 1137/1443/1137 1130/1436/1130 1132/1438/1132
f 1130/1436/1130 1137/1443/1137 1134/1440/1134
f 1158/1464/1158 1143/1449/1143 1145/1451/1145
f 1143/1449/1143 1158/1464/1158 1159/1465/1159
f 1140/1446/1140 1159/1465/1159 1158/1464/1158
f 1159/1465/1159 1140/1446/1140 1139/1445/1139
f 1141/1447/1141 1160/1466/1160 1161/1467/1161
f 1160/1466/1160 1141/1447/1141 1138/1444/1138
f 1162/1468/1162 1161/1467/1161 1163/1469/1163
f 1161/1467/1161 1162/1468/1162 1141/1447/1141
f 1164/1470/1164 1135/1441/1135 1137/1443/1137
f 1135/1441/1135 1164/1470/1164 1165/1471/1165
f 1165/1471/1165 1159/1465/1159 1139/1445/1139
f 1159/1465/1159 1165/1471/1165 1164/1470/1164
f 1165/1471/1165 1157/1463/1157 1135/1441/1135
f 1157/1463/1157 1165/1471/1165 1162/1468/1162
f 1162/1468/1162 1139/1445/1139 1141/1447/1141
f 1139/1445/1139 1162/1468/1162 1165/1471/1165
f 1164/1470/1164 1143/1449/1143 1159/1465/1159
f 1143/1449/1143 1164/1470/1164 1152/1458/1152
f 1152/1458/1152 1137/1443/1137 1132/1438/1132
f 1137/1443/1137 1152/1458/1152 1164/1470/1164
f 1162/1468/1162 1155/1461/1155 1157/1463/1157
f 1155/1461/1155 1162/1468/1162 1163/1469/1163
f 1146/1452/1146 1153/1459/1153 1151/1457/1151
f 1153/1459/1153 1146/1452/1146 1144/1450/1144
f 1152/1458/1152 1144/1450/1144 1143/1449/1143
f 1144/1450/1144 1152/1458/1152 1153/1459/1153
f 1149/1455/1149 1153/1459/1153 1131/1437/1131
f 1153/1459/1153 1149/1455/1149 1151/1457/1151
f 1147/1453/1147 1151/1457/1151 1148/1454/1148
f 1151/1457/1151 1147/1453/1147 1146/1452/1146
f 1150/1456/1150 1131/1437/1131 1133/1439/1133
f 1131/1437/1131 1150/1456/1150 1149/1455/1149
f 1166/1472/1166 1155/1461/1155 1163/1469/1163
f 1155/1461/1155 1166/1472/1166 1167/1473/1167
f 1168/1474/1168 1163/1469/1163 1161/1467/1161
f 1163/1469/1163 1168/1474/1168 1166/1472/1166
f 1169/1475/1169 1161/1467/1161 1160/1466/1160
f 1161/1467/1161 1169/1475/1169 1168/1474/1168
f 1170/1476/1170 1160/1477/1160 1171/1478/1171
f 1160/1477/1160 1170/1476/1170 1169/1479/1169
f 1172/1480/1172 1171/1478/1171 1156/1481/1156
f 1171/1478/1171 1172/1480/1172 1170/1476/1170
f 1167/1473/1167 1156/1462/1156 1155/1461/1155
f 1156/1462/1156 1167/1473/1167 1172/1482/1172
f 1173/1483/1173 1166/1472/1166 1174/1484/1174
f 1166/1472/1166 1173/1483/1173 1167/1473/1167
f 1174/1484/1174 1168/1474/1168 1175/1485/1175
f 1168/1474/1168 1174/1484/1174 1166/1472/1166
f 1175/1485/1175 1169/1475/1169 1176/1486/1176
f 1169/1475/1169 1175/1485/1175 1168/1474/1168
f 1176/1487/1176 1170/1476/1170 1177/1488/1177
f 1170/1476/1170 1176/1487/1176 1169/1479/1169
f 1177/1488/1177 1172/1480/1172 1178/1489/1178
f 1172/1480/1172 1177/1488/1177 1170/1476/1170
f 1173/1483/1173 1172/1482/1172 1167/1473/1167
f 1172/1482/1172 1173/1483/1173 1178/1490/1178
f 1160/1477/1160 1138/1491/1138 1171/1478/1171
f 1138/1491/1138 1179/1492/1179 1171/1478/1171
f 1171/1478/1171 1179/1492/1179 1156/1481/1156
f 1156/1481/1156 1179/1492/1179 1154/1493/1154
f 1179/1492/1179 1180/1494/1180 1154/1493/1154
f 1154/1493/1154 1180/1494/1180 1136/1495/1136
f 1180/1494/1180 1181/1496/1181 1136/1495/1136
f 1136/1495/1136 1181/1496/1181 1134/1497/1134
f 1181/1496/1181 1182/1498/1182 1134/1497/1134
f 1182/1498/1182 1130/1499/1130 1134/1497/1134
f 1130/1499/1130 1182/1498/1182 1133/1500/1133
f 1182/1498/1182 1183/1501/1183 1133/1500/1133
f 1133/1500/1133 1183/1501/1183 1150/1502/1150
f 1150/1502/1150 1183/1501/1183 1148/1503/1148
f 1148/1503/1148 1183/1501/1183 1147/1504/1147
f 1147/1504/1147 1183/1501/1183 1142/1505/1142
f 1183/1501/1183 1182/1498/1182 1142/1505/1142
f 1142/1505/1142 1182/1498/1182 1145/1506/1145
f 1182/1498/1182 1181/1496/1181 1145/1506/1145
f 1145/1506/1145 1181/1496/1181 1158/1507/1158
f 1181/1496/1181 1180/1494/1180 1158/1507/1158
f 1158/1507/1158 1180/1494/1180 1140/1508/1140
f 1180/1494/1180 1179/1492/1179 1140/1508/1140
f 1140/1508/1140 1179/1492/1179 1138/1491/1138
