# Blender 4.2.3 LTS
# www.blender.org
mtllib doll_standflower.mtl
o rdmobj00.001
v 0.288891 0.724591 -0.116115
v 0.350258 0.744361 -0.141201
v 0.353241 0.656204 -0.048420
v 0.426415 0.680917 -0.057972
v 0.385519 0.639501 0.056097
v 0.461408 0.665872 0.041978
v 0.392096 0.638980 0.128881
v 0.477240 0.653448 0.113190
v 0.497392 0.716209 0.116563
v 0.474447 0.749672 0.043269
v 0.465617 0.781061 0.147400
v 0.404125 0.823940 0.069206
v 0.309314 0.841364 0.096360
v 0.401438 0.852687 0.169064
v 0.253911 0.775690 0.103544
v 0.320110 0.834408 0.173655
v 0.255431 0.707502 0.092600
v 0.283927 0.764608 0.163263
v 0.442712 0.759133 -0.038935
v 0.384648 0.822170 0.002992
v 0.307304 0.836958 0.046983
v 0.252433 0.773778 0.052874
v 0.248601 0.707530 0.035446
v 0.386515 0.798472 -0.098767
v 0.353471 0.837905 -0.030425
v 0.297749 0.839821 0.025172
v 0.243486 0.782036 0.027663
v 0.227130 0.732594 -0.008665
v -0.258903 0.730526 -0.160950
v -0.294386 0.660788 -0.171312
v -0.310192 0.757108 -0.197589
v -0.358091 0.684065 -0.206653
v -0.333655 0.590158 -0.149083
v -0.402530 0.610968 -0.188007
v -0.369361 0.529463 -0.128167
v -0.433207 0.552103 -0.172581
v -0.321445 0.545584 0.016070
v -0.280316 0.613749 -0.008082
v -0.355634 0.575688 0.063193
v -0.318792 0.646430 0.037414
v -0.430577 0.622670 0.065385
v -0.391636 0.688791 0.040634
v -0.487753 0.629177 -0.022783
v -0.448706 0.693192 -0.041925
v -0.458144 0.661444 -0.145570
v -0.496528 0.603147 -0.134570
v -0.413489 0.727159 -0.159629
v -0.410205 0.750006 -0.062794
v -0.370697 0.735640 0.018094
v -0.298149 0.693516 0.017974
v -0.257255 0.659645 -0.028702
v -0.367832 0.788832 -0.152212
v -0.372630 0.796251 -0.059963
v -0.345351 0.773959 0.016728
v -0.277458 0.732851 0.017459
v -0.234801 0.710319 -0.029076
v -0.197840 1.172559 0.161756
v 0.000002 1.253446 0.035539
v -0.186514 1.251667 0.052020
v 0.000002 1.175831 0.156633
v 0.197843 1.179151 0.160238
v 0.186517 1.253981 0.049020
v -0.418602 1.653906 0.349004
v -0.340424 1.848675 0.430460
v -0.431580 1.691183 0.279904
v -0.357099 1.897368 0.307226
v -0.441624 1.730255 0.191677
v -0.338537 1.756561 0.469220
v -0.226978 1.730869 0.567285
v -0.226996 1.804035 0.542808
v -0.127986 1.717066 0.603952
v -0.129480 1.784849 0.592560
v -0.059159 1.710932 0.612496
v -0.054490 1.783779 0.601800
v 0.000003 1.709300 0.614299
v 0.000003 1.785784 0.603248
v 0.054496 1.783778 0.601800
v 0.059165 1.710932 0.612496
v 0.129486 1.784848 0.592559
v 0.127992 1.717065 0.603952
v 0.227002 1.804034 0.542808
v 0.226984 1.730868 0.567285
v 0.340431 1.848673 0.430460
v 0.338543 1.756559 0.469220
v 0.322219 1.661872 0.498619
v 0.379648 1.607092 0.421385
v 0.418607 1.653906 0.349001
v 0.431585 1.691181 0.279904
v 0.357106 1.897367 0.307226
v 0.441629 1.730253 0.191676
v 0.227436 1.650646 0.558910
v 0.124927 1.602261 0.589752
v 0.064425 1.606633 0.598197
v 0.000003 1.606791 0.599739
v -0.064420 1.606633 0.598197
v -0.124921 1.602262 0.589752
v -0.227431 1.650647 0.558910
v -0.322213 1.661874 0.498619
v -0.379643 1.607087 0.421394
v -0.060399 1.045474 -0.079395
v -0.066172 1.062284 -0.067766
v 0.000001 1.049740 -0.099060
v 0.000001 1.071229 -0.090066
v 0.066175 1.062364 -0.067975
v 0.060401 1.045543 -0.079536
v 0.400615 1.607330 -0.148071
v 0.402723 1.426545 -0.217970
v 0.207335 1.471648 -0.315671
v 0.329436 1.242064 -0.191942
v 0.159054 1.273301 -0.282073
v 0.191924 1.138531 -0.135036
v 0.108738 1.151895 -0.197810
v 0.104336 1.093240 -0.079179
v 0.059654 1.102054 -0.113346
v 0.000001 1.103677 -0.121684
v 0.000002 1.157652 -0.213646
v 0.000002 1.285274 -0.302229
v 0.000002 1.485439 -0.345790
v 0.215336 1.654523 -0.262428
v -0.329433 1.243273 -0.191380
v -0.159050 1.275043 -0.281404
v -0.191921 1.139337 -0.135117
v -0.108735 1.152640 -0.197797
v -0.104333 1.093306 -0.079266
v -0.059651 1.101985 -0.113307
v -0.207330 1.471728 -0.315603
v -0.402719 1.426859 -0.217615
v -0.400610 1.607397 -0.147913
v -0.215331 1.654550 -0.262389
v 0.000003 1.668301 -0.295190
v 0.424933 1.257162 0.276887
v 0.425787 1.246524 0.268491
v 0.453008 1.251891 0.222926
v 0.383823 1.216841 0.317156
v 0.401150 1.170292 0.254850
v 0.295025 1.171566 0.392502
v 0.285054 1.107309 0.329271
v 0.235289 1.087263 0.160021
v 0.405764 1.142142 0.105580
v 0.484657 1.287635 0.094210
v 0.477321 1.370629 0.223272
v 0.448781 1.281442 0.268063
v 0.442465 1.395426 0.325562
v 0.416992 1.282976 0.353864
v 0.334946 1.391149 0.455013
v 0.329177 1.272780 0.443390
v 0.180849 1.380922 0.536099
v 0.189314 1.262692 0.521821
v 0.074797 1.387887 0.557945
v 0.080781 1.267488 0.544622
v 0.188061 1.163950 0.486244
v 0.315228 1.190786 0.420243
v 0.388622 1.223022 0.344988
v 0.479658 1.525783 0.108080
v 0.471470 1.497541 0.205650
v 0.449090 1.503327 0.308324
v 0.388280 1.504387 0.394640
v 0.291555 1.439502 0.472759
v 0.206000 1.430911 0.520942
v 0.165340 1.488744 0.541339
v 0.251881 1.507810 0.505867
v 0.323196 1.504727 0.446382
v 0.317649 1.562089 0.470125
v 0.283973 1.588289 0.503289
v 0.230546 1.583883 0.531958
v 0.181267 1.541399 0.549055
v 0.000002 1.494176 0.576401
v 0.000002 1.390622 0.561769
v 0.067229 1.491127 0.568885
v 0.114695 1.489288 0.553134
v -0.067224 1.491119 0.568892
v -0.074793 1.387854 0.557966
v -0.114691 1.489274 0.553146
v -0.180844 1.380855 0.536141
v -0.165335 1.488726 0.541355
v 0.000002 1.268172 0.548879
v -0.080778 1.267396 0.544657
v -0.189310 1.262504 0.521894
v -0.329173 1.272399 0.443561
v -0.334941 1.391037 0.455095
v -0.416988 1.282495 0.354126
v -0.388619 1.222194 0.345300
v -0.315224 1.189960 0.420462
v -0.188058 1.163444 0.486344
v -0.080699 1.156380 0.506772
v 0.000002 1.155087 0.509379
v 0.080702 1.156568 0.506737
v 0.201313 1.160817 0.444582
v 0.295872 1.187424 0.391011
v 0.377640 1.226086 0.318414
v 0.411378 1.249316 0.271597
v 0.410170 1.248659 0.269416
v 0.374453 1.207062 0.334698
v 0.307372 1.170284 0.407531
v 0.186471 1.141681 0.466102
v 0.080058 1.130960 0.483941
v 0.000002 1.129623 0.486289
v -0.080054 1.130711 0.483974
v -0.186468 1.141001 0.466207
v -0.307368 1.169234 0.407761
v -0.374449 1.206065 0.335032
v 0.000002 1.144107 0.453614
v 0.078965 1.148151 0.448572
v 0.178418 1.157498 0.433702
v 0.287490 1.189322 0.367204
v 0.350826 1.221557 0.303996
v 0.396992 1.254343 0.257013
v 0.398070 1.252357 0.256796
v 0.361242 1.231000 0.297911
v 0.287750 1.196998 0.363941
v 0.198697 1.171300 0.418692
v 0.074119 1.157529 0.443479
v 0.075967 1.144279 0.470844
v 0.000002 1.142224 0.475805
v 0.000002 1.153964 0.447113
v -0.074115 1.157250 0.443531
v -0.078962 1.147781 0.448634
v -0.178415 1.156726 0.433846
v -0.287486 1.187960 0.367575
v -0.350823 1.220564 0.304389
v -0.410166 1.247876 0.269826
v -0.396988 1.253559 0.257453
v -0.411375 1.248544 0.272001
v -0.398066 1.251562 0.257236
v -0.377636 1.225219 0.318761
v -0.361239 1.230021 0.298333
v -0.287747 1.195646 0.364338
v -0.295869 1.186269 0.391314
v -0.198694 1.170143 0.418945
v -0.201310 1.160111 0.444719
v -0.075964 1.143882 0.470907
v 0.000002 1.120527 0.471918
v 0.078307 1.124145 0.466670
v -0.424930 1.256460 0.277271
v -0.425783 1.245758 0.268887
v -0.383819 1.215884 0.317512
v -0.295022 1.170397 0.392763
v -0.201535 1.139802 0.439637
v -0.078304 1.123760 0.466715
v -0.067257 1.064649 0.395938
v 0.000001 1.061572 0.399160
v 0.000001 1.053762 0.264606
v 0.067260 1.065322 0.395960
v -0.405760 1.140138 0.105815
v -0.235286 1.080932 0.158581
v -0.401147 1.168608 0.255259
v -0.285051 1.104810 0.329386
v -0.186349 1.075150 0.370412
v -0.122039 1.064617 0.231189
v 0.000001 1.062164 0.111813
v -0.056524 1.062955 0.097131
v 0.000001 1.041625 0.068401
v -0.033357 1.042483 0.058644
v 0.000001 1.020844 0.064569
v -0.032354 1.021399 0.058247
v -0.073374 1.027822 0.016610
v -0.070653 1.046696 0.021719
v -0.111504 1.068465 0.046498
v 0.032356 1.021830 0.058902
v 0.033359 1.042887 0.059110
v 0.056526 1.063574 0.097514
v 0.122041 1.070517 0.232401
v 0.186352 1.077415 0.370450
v 0.201538 1.140754 0.439494
v 0.111506 1.069165 0.047128
v 0.070655 1.046995 0.022246
v 0.073376 1.028116 0.017351
v 0.160163 1.371438 0.280892
v 0.000002 1.386532 0.290651
v 0.188490 1.363463 0.052883
v 0.000002 1.375984 0.021502
v -0.188486 1.360181 0.061804
v -0.160159 1.371294 0.281033
v -0.060756 1.292095 0.432779
v -0.169208 1.289529 0.413594
v 0.000002 1.294501 0.435888
v -0.298860 1.276927 0.330616
v -0.319013 1.331529 0.239518
v -0.307651 1.331396 0.112842
v -0.333184 1.255767 0.103184
v -0.329536 1.189872 0.175300
v -0.307267 1.159520 0.296741
v -0.358028 1.204531 0.253908
v -0.191944 1.127816 0.340761
v 0.000002 1.121137 0.358132
v 0.191947 1.130197 0.340500
v 0.307271 1.161250 0.296390
v 0.358031 1.205736 0.253456
v 0.329540 1.192126 0.174470
v 0.298864 1.277559 0.330267
v 0.367256 1.275660 0.282774
v 0.384803 1.275209 0.246754
v 0.391349 1.246276 0.233672
v 0.368936 1.216912 0.179744
v 0.333187 1.256524 0.102389
v 0.307655 1.332162 0.111531
v 0.319017 1.331873 0.239197
v 0.169212 1.289784 0.413464
v 0.060760 1.292081 0.432786
v 0.386284 1.249979 0.169803
v 0.372639 1.297939 0.185802
v 0.363866 1.311169 0.224084
v -0.323191 1.504689 0.446422
v -0.251876 1.507788 0.505889
v -0.317644 1.562079 0.470138
v -0.283968 1.588290 0.503289
v -0.230540 1.583884 0.531958
v -0.181262 1.541393 0.549062
v -0.479653 1.525743 0.108276
v -0.471466 1.497473 0.205796
v -0.449086 1.503272 0.308406
v -0.388275 1.504344 0.394690
v -0.291551 1.439446 0.472805
v -0.205995 1.430869 0.520975
v -0.442461 1.395246 0.325735
v -0.477317 1.370374 0.223575
v -0.484653 1.287214 0.094824
v -0.448777 1.280903 0.268414
v -0.453004 1.251167 0.223364
v -0.367252 1.275010 0.283168
v -0.384800 1.274549 0.247191
v -0.391345 1.245393 0.234167
v -0.368933 1.215472 0.180467
v -0.386280 1.248951 0.170530
v -0.372635 1.297118 0.186569
v -0.363862 1.310781 0.224426
v 0.347512 0.707085 0.367720
v 0.393269 0.724909 0.384961
v 0.334554 0.697364 0.417606
v 0.373070 0.704989 0.434322
v 0.340897 0.768758 0.502354
v 0.318319 0.778021 0.445993
v 0.360483 0.783128 0.446979
v 0.366422 0.795274 0.396503
v 0.319721 0.779854 0.388205
v 0.312428 0.754284 0.426032
v 0.345189 0.773927 0.446297
v 0.291488 0.735367 0.463508
v 0.312820 0.744613 0.496447
v 0.337624 0.680019 0.484351
v 0.311667 0.682240 0.454402
v 0.318704 0.778276 0.371671
v 0.342993 0.715081 0.358317
v 0.301720 0.781526 0.297775
v 0.331432 0.722398 0.279021
v 0.311721 0.722821 0.206040
v 0.290702 0.782425 0.217874
v 0.307096 0.767756 0.484198
v 0.291741 0.825028 0.503510
v 0.304028 0.835278 0.456752
v 0.306031 0.850381 0.413398
v 0.299074 0.848995 0.384633
v 0.304965 0.835877 0.314921
v 0.307063 0.857853 0.225912
v 0.323619 0.835708 0.516697
v 0.341780 0.855354 0.460544
v 0.347204 0.870886 0.410480
v 0.339797 0.875348 0.390939
v 0.330820 0.882274 0.351163
v 0.354484 0.856541 0.341724
v 0.312839 0.830821 0.317730
v 0.337351 0.858866 0.350410
v 0.301452 0.841143 0.335489
v 0.307675 0.873931 0.387076
v 0.281848 0.854707 0.367358
v 0.284671 0.895046 0.375303
v 0.259348 0.892506 0.350379
v 0.274133 0.882111 0.301026
v 0.296522 0.868324 0.250929
v 0.358709 0.638792 0.186802
v 0.374266 0.645182 0.258581
v 0.380673 0.639016 0.342037
v 0.379017 0.634842 0.346489
v 0.360189 0.626791 0.401190
v 0.420635 0.649655 0.369442
v 0.398298 0.634862 0.418832
v 0.335636 0.610725 0.438875
v 0.360266 0.608558 0.469764
v 0.316980 0.658756 0.446449
v 0.338118 0.665477 0.479540
v 0.372155 0.695732 0.431089
v 0.338124 0.678922 0.410858
v 0.415999 0.573125 0.256360
v 0.416152 0.563366 0.331669
v 0.409532 0.563738 0.325630
v 0.383553 0.557046 0.362886
v 0.361848 0.612132 0.372675
v 0.335197 0.594741 0.392149
v 0.352844 0.547253 0.383799
v 0.374082 0.541440 0.414866
v 0.420253 0.558758 0.385537
v 0.448691 0.570884 0.349249
v 0.461770 0.578320 0.334550
v 0.481652 0.603019 0.260220
v 0.492146 0.640555 0.188184
v 0.414365 0.592209 0.182509
v 0.392549 0.628936 0.399074
v 0.351227 0.601007 0.426197
v 0.438834 0.740742 0.401270
v 0.384415 0.780223 0.460938
v 0.407598 0.723183 0.451838
v 0.374256 0.700660 0.492141
v 0.354039 0.753579 0.501182
v 0.384029 0.858413 0.459081
v 0.412273 0.812770 0.403094
v 0.392156 0.879103 0.408387
v 0.421706 0.828332 0.383432
v 0.384533 0.890920 0.394240
v 0.429456 0.849812 0.319372
v 0.388854 0.894894 0.322144
v 0.383960 0.899398 0.271297
v 0.430405 0.860338 0.253579
v 0.481010 0.752554 0.216489
v 0.465147 0.775155 0.298320
v 0.454404 0.759137 0.366677
v 0.365174 0.841794 0.502377
v 0.376876 0.889447 0.328642
v 0.352690 0.890102 0.345136
v 0.323441 0.892235 0.373366
v 0.307509 0.916913 0.361506
v 0.282794 0.915745 0.342578
v 0.308102 0.921712 0.302678
v 0.342068 0.910262 0.255551
v 0.368913 0.895600 0.225235
v 0.411733 0.858987 0.205715
v 0.365811 0.909453 0.291100
v 0.336230 0.914296 0.325483
v 0.378192 0.788319 0.495089
v 0.399157 0.801109 0.449594
v 0.410563 0.703042 0.447186
v 0.378391 0.676680 0.486268
v 0.396908 0.628739 0.478825
v 0.432551 0.651219 0.437854
v 0.461883 0.664225 0.391575
v 0.480852 0.680929 0.352903
v 0.488237 0.705190 0.283224
v 0.509261 0.627477 0.261530
v 0.500377 0.606036 0.338553
v 0.481611 0.591318 0.374821
v 0.450533 0.576842 0.411019
v 0.407971 0.564123 0.431227
v 0.391930 0.606176 0.438619
v 0.429376 0.632363 0.420724
v -0.512615 0.337491 0.102631
v -0.536629 0.283481 0.099318
v -0.495462 0.273264 0.100989
v -0.504026 0.265213 0.031737
v -0.543849 0.276091 0.042889
v -0.554954 0.337404 0.102257
v -0.578574 0.391726 0.032293
v -0.564247 0.329238 0.041259
v -0.523381 0.328446 0.028635
v -0.528292 0.388134 0.025138
v -0.562061 0.331984 0.020335
v -0.588314 0.383176 -0.046470
v -0.571123 0.325703 -0.035653
v -0.539827 0.382796 -0.055173
v -0.530333 0.327449 -0.047309
v -0.541194 0.278930 0.017657
v -0.548283 0.271600 -0.033260
v -0.519833 0.333598 0.018955
v -0.499775 0.270260 0.016252
v -0.508027 0.262432 -0.044546
v -0.520145 0.393986 0.101225
v -0.567481 0.406430 0.110575
v -0.562133 0.442152 0.109704
v -0.575132 0.440223 0.032469
v -0.551060 0.506179 0.021744
v -0.556606 0.498486 -0.052863
v -0.520909 0.568730 -0.029609
v -0.556304 0.491895 -0.135980
v -0.505359 0.548277 -0.143326
v -0.583453 0.429421 -0.050113
v -0.585866 0.417519 -0.127886
v -0.529720 0.470764 -0.150434
v -0.548194 0.392450 -0.142954
v -0.592202 0.375560 -0.122962
v -0.572867 0.337300 -0.054533
v -0.530070 0.339441 -0.053895
v -0.549006 0.374669 -0.139947
v -0.539805 0.329139 -0.129227
v -0.580377 0.328051 -0.113545
v -0.551184 0.289962 -0.104674
v -0.545502 0.296928 -0.059957
v -0.503454 0.289357 -0.056434
v -0.511215 0.280236 -0.120117
v -0.506533 0.563101 0.094146
v -0.538197 0.505710 0.106153
v -0.550823 0.420117 0.181202
v -0.541663 0.444115 0.180365
v -0.507888 0.404436 0.179414
v -0.556000 0.365008 0.181513
v -0.515577 0.352500 0.183959
v -0.548939 0.315512 0.184087
v -0.512517 0.290530 0.188353
v -0.558872 0.304690 0.130548
v -0.524529 0.281875 0.119307
v -0.529097 0.341473 0.110161
v -0.567341 0.355188 0.123396
v -0.500238 0.421006 0.178243
v -0.508419 0.501130 0.163204
v -0.478271 0.541012 0.152652
v -0.452149 0.593587 0.084351
v -0.441206 0.569128 0.139182
v -0.434886 0.534527 0.174582
v -0.385546 0.525384 0.123953
v -0.390030 0.499619 0.149606
v -0.399645 0.456212 0.184598
v -0.432979 0.487219 0.210135
v -0.473798 0.517068 0.177616
v -0.472973 0.451851 0.174260
v -0.501224 0.484102 0.167969
v -0.468034 0.478883 0.201891
v -0.432662 0.442011 0.225108
v -0.414881 0.415365 0.213955
v -0.486184 0.449654 0.149462
v -0.489925 0.460558 0.181215
v -0.480853 0.426177 0.201030
v -0.463645 0.438848 0.224416
v -0.449737 0.408371 0.216181
v -0.476756 0.436120 0.159579
v -0.473178 0.400486 0.193775
v -0.506285 0.368889 -0.144128
v -0.502811 0.375849 -0.142579
v -0.496844 0.332911 -0.127464
v -0.490636 0.382895 -0.064265
v -0.488845 0.341691 -0.068638
v -0.472683 0.308066 -0.069030
v -0.478690 0.300026 -0.119384
v -0.477200 0.384540 0.015931
v -0.487742 0.330211 -0.049956
v -0.488262 0.377460 -0.062330
v -0.468768 0.433080 -0.159574
v -0.440912 0.443957 -0.081828
v -0.471400 0.380546 0.022386
v -0.463309 0.386249 0.090679
v -0.471654 0.383647 0.093339
v -0.459710 0.397446 0.164274
v -0.468651 0.384220 0.166148
v -0.421862 0.442002 0.006762
v -0.411495 0.439350 0.074703
v -0.427896 0.444884 0.132943
v -0.361514 0.498805 0.052944
v -0.367915 0.492009 -0.010675
v -0.388550 0.490797 -0.105709
v -0.429882 0.497961 -0.166200
v -0.439005 0.396026 0.178356
v -0.436888 0.424005 0.150129
v -0.435815 0.438619 0.131776
v -0.477886 0.339254 0.168254
v -0.478156 0.290659 0.177241
v -0.488086 0.330391 0.109809
v -0.487139 0.289682 0.115539
v -0.472201 0.339023 0.087328
v -0.462858 0.293054 0.087919
v -0.480770 0.330030 0.026946
v -0.469988 0.285630 0.031293
v -0.478772 0.336294 0.006440
v -0.467944 0.291552 0.005277
v -0.475104 0.284340 -0.045802
v 0.338880 0.215340 0.198796
v 0.359062 0.135670 0.169626
v 0.382463 0.219729 0.111647
v 0.396078 0.166134 0.097982
v 0.320495 0.303873 0.188638
v 0.369201 0.280231 0.099287
v 0.359721 0.243702 -0.006297
v 0.362795 0.213160 0.002268
v 0.367111 0.187300 -0.016159
v 0.249448 0.316261 -0.085501
v 0.332330 0.337628 -0.046871
v 0.277713 0.223293 -0.044118
v 0.277265 0.205443 -0.033898
v 0.278677 0.188321 -0.051183
v 0.287875 0.124901 -0.120258
v 0.384686 0.120026 -0.083562
v 0.423054 0.080395 0.044528
v 0.379437 0.067556 0.135762
v 0.274148 0.059531 0.165670
v 0.271824 0.116313 0.208428
v 0.252522 0.205712 0.236918
v 0.232306 0.306511 0.226578
v 0.208655 0.401235 0.189749
v 0.294361 0.399667 0.153582
v 0.342030 0.374929 0.062776
v 0.186451 0.063367 0.115646
v 0.187163 0.123506 0.158300
v 0.171415 0.197898 0.181579
v 0.155731 0.279277 0.164534
v 0.138218 0.373094 0.131047
v -0.156282 0.313630 -0.067251
v -0.172297 0.217350 -0.036403
v -0.245172 0.315441 -0.095262
v -0.270826 0.218572 -0.061906
v -0.174324 0.202821 -0.020454
v -0.267914 0.208586 -0.051719
v -0.176611 0.180384 -0.033766
v -0.266900 0.199073 -0.069030
v -0.172639 0.119500 -0.106437
v -0.272466 0.139413 -0.143522
v 0.160151 0.313548 -0.058895
v 0.178811 0.220630 -0.020217
v 0.183310 0.198749 -0.003965
v 0.188355 0.169081 -0.016334
v 0.188208 0.104492 -0.083134
v -0.329375 0.330856 -0.056655
v -0.354110 0.233127 -0.024164
v -0.342174 0.358956 0.055392
v -0.366595 0.260787 0.083777
v -0.296897 0.377975 0.148764
v -0.320220 0.278866 0.175631
v -0.211903 0.379546 0.186573
v -0.232811 0.281445 0.215341
v -0.154321 0.261839 0.152812
v -0.139569 0.358563 0.127187
v -0.354271 0.210634 -0.016722
v -0.376053 0.208208 0.092624
v -0.333865 0.198682 0.180203
v -0.247904 0.189105 0.219274
v -0.165629 0.188268 0.165032
v -0.171797 0.064918 0.085148
v -0.175780 0.124297 0.135544
v -0.259580 0.059297 0.134304
v -0.260886 0.111759 0.183628
v -0.348145 0.130911 0.144742
v -0.364944 0.066950 0.104332
v -0.386127 0.162120 0.075952
v -0.408063 0.084096 0.015790
v -0.355858 0.192522 -0.035929
v -0.369493 0.130630 -0.108672
v -0.100031 0.406769 -0.130017
v -0.042344 0.369084 -0.067985
v -0.098892 0.394647 -0.066552
v -0.000000 0.411323 -0.026134
v -0.022380 0.403958 0.132744
v 0.000001 0.410376 0.146818
v -0.061960 0.401303 0.039469
v 0.022380 0.403958 0.132744
v 0.061959 0.401303 0.039469
v -0.000001 0.410376 0.146818
v -0.185507 0.444179 -0.079296
v -0.157734 0.441350 -0.117656
v -0.209486 0.568006 -0.088204
v -0.173351 0.561201 -0.153393
v -0.209205 0.489283 -0.077558
v -0.175309 0.479201 -0.147158
v 0.185507 0.444178 -0.079296
v 0.098892 0.394647 -0.066552
v 0.157735 0.441349 -0.117656
v 0.100031 0.406768 -0.130017
v 0.175310 0.479200 -0.147158
v 0.100217 0.461251 -0.180723
v 0.173352 0.561201 -0.153393
v 0.099755 0.553572 -0.187558
v 0.000000 0.549548 -0.203659
v 0.000000 0.448710 -0.193337
v -0.000000 0.385082 -0.135903
v -0.100217 0.461251 -0.180723
v -0.099755 0.553573 -0.187559
v 0.209206 0.489282 -0.077557
v 0.209486 0.568005 -0.088204
v -0.000000 0.365228 -0.060567
v 0.042344 0.369084 -0.067985
v -0.197924 0.572223 0.090379
v -0.194384 0.509838 0.094273
v -0.174853 0.570699 0.142617
v -0.168920 0.506003 0.145213
v -0.165892 0.463515 0.111967
v -0.149676 0.469844 0.142541
v -0.104496 0.418662 0.118856
v -0.106466 0.435734 0.155163
v -0.043961 0.390487 0.119224
v -0.043963 0.413659 0.160709
v -0.108763 0.488523 0.173164
v -0.038996 0.474671 0.189733
v -0.038995 0.567341 0.191889
v -0.108719 0.569914 0.172427
v 0.197924 0.572222 0.090379
v 0.174853 0.570699 0.142618
v 0.194385 0.509837 0.094273
v 0.168920 0.506002 0.145213
v 0.165892 0.463515 0.111967
v 0.149676 0.469843 0.142541
v 0.104496 0.418662 0.118856
v 0.106466 0.435733 0.155163
v 0.043960 0.390487 0.119224
v 0.043963 0.413659 0.160709
v 0.108763 0.488522 0.173164
v 0.038996 0.474671 0.189733
v 0.038995 0.567341 0.191889
v 0.108719 0.569914 0.172427
v -0.000001 0.475780 0.172938
v 0.026478 0.464993 0.155954
v -0.000001 0.567193 0.174596
v 0.043202 0.567522 0.158689
v 0.103498 0.456059 0.025369
v 0.130057 0.566693 0.003025
v 0.000000 0.451037 -0.067099
v 0.000000 0.558921 -0.107957
v -0.130057 0.566693 0.003025
v -0.103498 0.456059 0.025369
v -0.043201 0.567522 0.158689
v -0.026478 0.464994 0.155954
v 0.000002 0.567193 0.174596
v 0.000001 0.475780 0.172938
v -0.369496 1.826007 -0.049566
v -0.300300 1.976125 0.052912
v -0.198344 1.861471 -0.149568
v -0.164572 1.987430 -0.029032
v 0.000003 1.990563 -0.058627
v 0.000003 1.871960 -0.183298
v 0.198350 1.861471 -0.149568
v 0.164579 1.987429 -0.029032
v 0.300306 1.976124 0.052912
v 0.369502 1.826005 -0.049566
v -0.135294 1.891256 0.470513
v 0.000003 1.892807 0.474989
v -0.138615 1.953781 0.339780
v 0.000003 1.957868 0.335750
v -0.137065 2.005189 0.211292
v 0.000003 2.011856 0.208651
v 0.137072 2.005188 0.211292
v 0.138622 1.953781 0.339780
v 0.135301 1.891255 0.470513
v -0.140205 0.369764 -0.054863
v -0.205857 0.383740 -0.084914
v 0.207662 0.383741 -0.081272
v 0.141956 0.369885 -0.051282
v -0.273578 0.419841 -0.052389
v -0.283147 0.448400 0.033947
v -0.244917 0.454483 0.111607
v -0.185973 0.440570 0.146029
v -0.133775 0.409759 0.102493
v 0.131174 0.421943 0.102261
v 0.181462 0.457914 0.144053
v 0.240550 0.471124 0.109603
v 0.280441 0.460269 0.033311
v 0.273493 0.424656 -0.050621
v 0.277895 0.818438 -0.165481
v 0.216575 0.794142 -0.148813
v 0.231109 0.867904 -0.157048
v 0.192670 0.839544 -0.128849
v 0.199733 0.919016 -0.115952
v 0.167628 0.892444 -0.101603
v 0.314988 0.856264 -0.122683
v 0.270832 0.893314 -0.116935
v 0.313386 0.865133 -0.049613
v 0.275970 0.891087 -0.056915
v 0.275925 0.856411 0.007000
v 0.252834 0.872386 -0.002311
v 0.196418 0.845378 0.002515
v 0.222019 0.811033 0.012943
v 0.196870 0.772261 -0.026045
v 0.168320 0.815254 -0.035137
v 0.156442 0.860018 -0.022631
v 0.188550 0.876941 0.009772
v 0.224081 0.906267 0.002938
v 0.237461 0.925444 -0.045260
v 0.229575 0.929646 -0.089218
v -0.270410 0.822293 -0.172104
v -0.227481 0.786060 -0.139741
v -0.240990 0.864218 -0.149408
v -0.205425 0.834336 -0.121423
v -0.214883 0.914368 -0.110837
v -0.182309 0.888362 -0.100769
v -0.248080 0.783366 0.018297
v -0.215811 0.831141 0.018385
v -0.309225 0.820681 0.014564
v -0.268101 0.861637 0.013666
v -0.291074 0.881052 -0.043409
v -0.332916 0.840363 -0.052061
v -0.281085 0.888577 -0.106720
v -0.315839 0.850872 -0.129438
v -0.241099 0.926360 -0.079737
v -0.243875 0.923709 -0.034564
v -0.222491 0.906833 0.012161
v -0.184433 0.878489 0.013344
v -0.158383 0.860789 -0.023454
v -0.183297 0.808457 -0.019447
v -0.208174 0.759542 -0.025166
v 0.304598 0.051939 -0.150490
v 0.401347 0.052075 -0.106289
v 0.308660 0.020770 -0.157547
v 0.407843 0.020721 -0.113783
v 0.435340 0.052726 0.042684
v 0.384482 0.051603 0.155557
v 0.311029 0.002848 -0.141168
v 0.399535 0.002848 -0.103341
v 0.437865 0.002848 0.046479
v 0.446486 0.020527 0.043406
v 0.400716 0.002848 0.174275
v 0.402405 0.017371 0.176968
v 0.269880 0.017433 0.222221
v 0.269407 0.051687 0.191074
v 0.173120 0.051720 0.130269
v 0.159613 0.018283 0.132030
v 0.168416 0.002848 0.131604
v 0.269718 0.002848 0.218847
v -0.393778 0.019416 -0.145640
v -0.432422 0.019220 0.011550
v -0.421276 0.051419 0.010828
v -0.370419 0.050295 0.123701
v -0.255344 0.050379 0.159219
v -0.387283 0.050770 -0.138145
v -0.290534 0.050634 -0.182345
v -0.294596 0.019466 -0.189403
v -0.159057 0.050412 0.098413
v -0.255817 0.016124 0.190365
v -0.388341 0.016063 0.145112
v -0.386653 0.001540 0.142418
v -0.423801 0.001542 0.014622
v -0.385470 0.001543 -0.135197
v -0.296964 0.001544 -0.173024
v -0.255654 0.001540 0.186991
v -0.154352 0.001541 0.099748
v -0.145549 0.016976 0.100174
v -0.185898 0.001544 -0.137507
v -0.179424 0.019645 -0.153885
v -0.181770 0.050744 -0.146642
v 0.199962 0.002849 -0.105651
v 0.193488 0.020950 -0.122029
v 0.195834 0.052049 -0.114786
v -0.283568 0.001542 -0.005001
v -0.141853 0.001542 -0.026636
v 0.155917 0.002848 0.005219
v 0.297632 0.002848 0.026855
v -0.038997 0.856854 0.164975
v -0.108683 0.756073 0.153751
v -0.038997 0.756036 0.170328
v -0.051408 0.994336 0.006717
v -0.000000 1.000531 0.099571
v -0.022132 0.999256 0.076605
v 0.000001 0.991311 -0.052284
v 0.051411 0.994446 0.007200
v 0.022134 0.999102 0.076343
v -0.188542 0.857733 -0.083605
v -0.159796 0.764531 -0.167778
v -0.197757 0.758996 -0.088228
v -0.097253 0.766697 -0.192678
v -0.147819 0.854832 -0.167374
v -0.138141 0.928044 -0.160608
v -0.176393 0.923339 -0.102577
v -0.121088 0.992554 -0.136484
v -0.156864 0.981218 -0.085062
v -0.101631 1.021163 -0.098610
v -0.103074 1.027045 -0.076437
v -0.059108 1.031578 -0.112427
v 0.000001 1.033043 -0.118789
v -0.067737 0.997961 -0.158347
v 0.000001 0.999893 -0.156245
v -0.082759 0.933110 -0.182194
v 0.000001 0.932840 -0.183578
v 0.000001 0.861706 -0.200301
v 0.082761 0.933110 -0.182194
v 0.093239 0.862516 -0.190865
v 0.143927 0.932961 -0.160847
v 0.155399 0.860709 -0.170536
v 0.194253 0.862268 -0.084586
v 0.164753 0.764648 -0.168121
v 0.209216 0.764667 -0.080550
v -0.092270 0.861451 -0.190043
v 0.182204 0.927402 -0.100001
v 0.121797 0.993108 -0.136363
v 0.160137 0.983218 -0.082690
v 0.101634 1.021162 -0.098610
v 0.103077 1.026725 -0.075766
v 0.059110 1.030676 -0.111363
v 0.067739 0.997961 -0.158347
v 0.097511 0.767056 -0.193143
v 0.108684 0.756073 0.153751
v 0.038999 0.856854 0.164975
v 0.038998 0.756036 0.170328
v 0.193421 0.767532 0.063851
v 0.191067 0.874531 0.028365
v 0.174867 0.757524 0.115824
v 0.167174 0.862885 0.107855
v 0.102145 0.858153 0.147888
v 0.038999 0.927163 0.149938
v 0.098035 0.924907 0.134407
v 0.035499 1.000071 0.110276
v 0.085423 0.994724 0.102442
v 0.032816 1.016898 0.077513
v 0.075206 1.019845 0.068830
v 0.099641 1.015826 0.046501
v 0.102524 1.020317 0.023632
v 0.137316 0.988413 0.081591
v 0.158023 0.979813 0.023118
v 0.183798 0.923258 0.034637
v 0.158585 0.923809 0.096254
v -0.217027 0.772856 0.070192
v -0.180369 0.761437 0.118068
v -0.194961 0.878209 0.027030
v -0.169854 0.865121 0.107889
v -0.160340 0.925463 0.095670
v -0.098033 0.924907 0.134407
v -0.085420 0.994725 0.102442
v -0.035496 1.000071 0.110276
v -0.032814 1.016905 0.077522
v 0.000001 1.015821 0.082100
v 0.000002 1.000109 0.108924
v -0.186079 0.925944 0.032148
v -0.137901 0.989066 0.081075
v -0.158553 0.980884 0.021114
v -0.102522 1.020380 0.023814
v -0.099638 1.015827 0.046501
v -0.075204 1.019320 0.067996
v -0.102194 0.858191 0.147905
v -0.038997 0.927163 0.149938
v 0.000001 0.768122 -0.204734
v -0.000000 0.927659 0.134076
v 0.037565 0.929337 0.112293
v -0.000000 0.858428 0.148788
v 0.046179 0.862304 0.125899
v 0.101963 0.937441 0.024206
v 0.000001 0.946478 -0.078882
v 0.000002 0.756748 0.155384
v -0.051352 0.757662 0.135442
v 0.000002 0.858428 0.148788
v -0.046177 0.862304 0.125899
v 0.000002 0.927659 0.134076
v -0.037563 0.929337 0.112293
v -0.102669 0.937931 0.024540
v 0.000001 0.872869 -0.103309
v 0.122932 0.860145 0.019957
v 0.051354 0.757662 0.135442
v -0.000001 0.756748 0.155384
v -0.128314 0.863062 0.025087
v 0.000001 0.771410 -0.118647
v 0.123652 0.775888 0.008391
v -0.147927 0.769244 0.028425
v -0.038996 0.660541 0.178560
v 0.000001 0.660724 -0.205152
v -0.154186 0.666423 0.035496
v -0.047735 0.660549 0.142362
v 0.000002 0.660546 0.162552
v 0.000001 0.661238 -0.126894
v 0.134199 0.663786 0.005415
v 0.047736 0.660549 0.142362
v -0.000001 0.660546 0.162552
v -0.098280 0.660663 -0.191197
v -0.166164 0.659859 -0.161977
v -0.209441 0.658790 -0.086604
v 0.098281 0.660663 -0.191197
v 0.166489 0.660604 -0.163504
v 0.208354 0.660437 -0.094848
v -0.175546 0.660383 0.131182
v -0.108276 0.660456 0.165553
v -0.223796 0.674940 0.093785
v 0.038997 0.660540 0.178560
v 0.108277 0.660456 0.165553
v 0.175547 0.660382 0.131182
v 0.199837 0.660299 0.076311
v 0.247002 0.722339 -0.060532
v 0.292662 0.672662 -0.002327
v 0.310477 0.664584 0.076291
v 0.310612 0.700307 0.150845
v -0.236745 0.715252 -0.090849
v -0.265616 0.653157 -0.097288
v -0.295796 0.595234 -0.076061
v -0.333023 0.532039 -0.045807
v -0.392720 1.188485 -0.072612
v -0.480911 1.368243 -0.092489
v -0.474894 1.562137 -0.021169
v 0.480915 1.368016 -0.093040
v 0.392724 1.188015 -0.073093
v 0.474899 1.562115 -0.021344
v 0.118840 1.084726 -0.034362
v 0.229785 1.115109 -0.049117
v 0.076954 1.037748 -0.036341
v 0.073282 1.054806 -0.031257
v -0.118837 1.084703 -0.034603
v -0.229782 1.115206 -0.049537
v -0.076951 1.037754 -0.036495
v -0.073279 1.054800 -0.031365
v 0.496879 0.686685 0.138673
v 0.476479 0.766258 0.172641
v 0.303112 0.720242 0.174871
v 0.290227 0.786295 0.192130
v 0.465923 0.640250 0.132450
v 0.319634 0.840882 0.204946
v 0.375768 0.641513 0.152402
v -0.499789 0.607570 -0.023565
v -0.498239 0.587454 -0.136733
v -0.342641 0.520757 0.033929
v -0.345751 0.512578 -0.028898
v -0.429656 0.537536 -0.168913
v -0.371789 0.546605 0.082584
v -0.377342 0.512918 -0.117477
v -0.124102 0.332922 0.029681
v -0.138602 0.238068 0.057036
v -0.144013 0.193247 0.077515
v -0.148744 0.146843 0.069623
v -0.144728 0.076031 -0.002752
v 0.160287 0.065388 0.023084
v 0.159507 0.142141 0.088538
v 0.151390 0.195513 0.093733
v 0.142657 0.247472 0.070711
v 0.125492 0.339298 0.035653
v -0.043100 0.375198 0.024019
v 0.000001 0.384826 0.117602
v -0.000000 0.371250 0.022861
v 0.043100 0.375197 0.024019
v -0.167181 0.468260 0.094828
v -0.147977 0.445376 0.081018
v -0.186044 0.484295 0.070253
v -0.208175 0.507836 0.012147
v -0.195936 0.483359 0.017914
v -0.133976 0.420288 0.025007
v -0.095773 0.392736 0.026532
v -0.140913 0.409138 -0.039330
v -0.176018 0.437273 -0.050744
v -0.198514 0.464359 -0.034639
v 0.210279 0.571851 0.001078
v 0.208176 0.507835 0.012147
v 0.164893 0.474356 0.092437
v 0.183746 0.489674 0.067471
v 0.146231 0.450725 0.079493
v 0.141085 0.409876 -0.038813
v 0.133268 0.423348 0.024693
v 0.095773 0.392735 0.026532
v 0.197678 0.465984 -0.035989
v 0.175821 0.438029 -0.051068
v 0.194219 0.486876 0.015509
v -0.210279 0.571852 0.001078
v -0.150329 2.012318 0.024031
v -0.272094 2.000542 0.084266
v -0.313787 1.968884 0.204632
v -0.133863 1.808557 0.576310
v -0.224221 1.832879 0.526273
v -0.297486 1.870088 0.451078
v 0.313794 1.968882 0.204631
v 0.272101 2.000541 0.084266
v 0.150336 2.012317 0.024031
v 0.297492 1.870087 0.451078
v 0.224227 1.832878 0.526273
v 0.133869 1.808556 0.576310
v 0.355399 1.937230 0.185700
v 0.438123 1.779026 0.074652
v -0.355392 1.937231 0.185700
v -0.315510 1.925607 0.327086
v -0.438117 1.779028 0.074652
v 0.000003 2.017408 0.002851
v 0.315516 1.925606 0.327086
v 0.049142 1.806704 0.585263
v 0.000003 1.806652 0.582962
v -0.049136 1.806704 0.585263
v -0.147007 0.402259 -0.031879
v -0.138263 0.411452 0.025973
v -0.117231 0.376867 0.022354
v -0.150376 0.439474 0.077220
v -0.203028 0.471132 0.020043
v -0.208369 0.452055 -0.027589
v -0.194589 0.478996 0.068079
v 0.117284 0.382259 0.024736
v 0.137065 0.417739 0.025933
v 0.147218 0.404315 -0.030852
v 0.147243 0.450132 0.074977
v 0.206772 0.456419 -0.029538
v 0.199882 0.479002 0.016329
v 0.190266 0.490337 0.063442
v 0.169760 0.480608 0.086487
v -0.174135 0.468160 0.090670
v 0.177551 0.422391 -0.044785
v -0.177724 0.420355 -0.044917
v 0.186816 0.903878 0.011744
v 0.197304 0.938766 -0.000733
v 0.174798 0.875804 -0.014355
v 0.190554 0.885103 -0.007236
v 0.186937 0.919855 0.015201
v 0.179042 0.951795 -0.003271
v 0.157264 0.870669 -0.056950
v 0.176582 0.892957 -0.084054
v 0.173997 0.879341 -0.043780
v 0.187840 0.891739 -0.076314
v 0.189090 0.884173 -0.036259
v 0.189187 0.923833 -0.091304
v 0.185912 0.925818 -0.082256
v 0.201808 0.949660 -0.071956
v 0.183504 0.955816 -0.068598
v 0.203724 0.773545 -0.086567
v 0.177929 0.819894 -0.078563
v 0.201339 0.953242 -0.037411
v 0.176985 0.962598 -0.037528
v -0.188680 0.922207 0.012337
v -0.185978 0.905954 0.010213
v -0.192556 0.886922 -0.008740
v -0.176833 0.877224 -0.016225
v -0.196393 0.940072 -0.001573
v -0.179138 0.952887 -0.006512
v -0.192901 0.920442 -0.092420
v -0.204173 0.947360 -0.072972
v -0.181356 0.922931 -0.085071
v -0.179818 0.953914 -0.072400
v -0.189721 0.883964 -0.036394
v -0.177338 0.879040 -0.045229
v -0.165068 0.869638 -0.057597
v -0.180884 0.890112 -0.085178
v -0.184268 0.889230 -0.076816
v -0.210543 0.767944 -0.081194
v -0.186621 0.816605 -0.070397
v -0.202171 0.952817 -0.038144
v -0.175223 0.962193 -0.040958
v 0.145709 0.020376 0.001021
v 0.153792 0.052438 0.001381
v -0.131645 0.019070 -0.030835
v -0.139728 0.051132 -0.030474
v -0.214697 0.767925 -0.009672
v -0.196248 0.856414 -0.026740
v -0.150690 0.992107 -0.035178
v 0.193059 0.856556 -0.027993
v 0.192506 0.786515 -0.004892
v 0.151838 0.992462 -0.033238
v -0.103123 1.026054 -0.029089
v 0.103126 1.026078 -0.029683
v 0.208799 0.664279 -0.005596
v -0.225714 0.666997 0.010766
v 0.000002 0.567458 0.189480
v 0.000001 0.476718 0.187096
v -0.000001 0.413203 0.158000
v -0.000001 0.476718 0.187096
v -0.000001 0.567458 0.189480
v 0.000002 0.756053 0.168834
v 0.000002 0.927222 0.146265
v -0.000000 0.927222 0.146265
v 0.000002 0.856951 0.161761
v -0.000001 0.756053 0.168834
v -0.000000 0.856951 0.161761
v 0.000002 0.660540 0.176730
v -0.000001 0.660540 0.176730
vn -0.2971 -0.7097 -0.6388
vn 0.3253 -0.2915 -0.8996
vn -0.0858 -0.9154 -0.3933
vn 0.6231 -0.5491 -0.5569
vn -0.0214 -0.9990 -0.0382
vn 0.7003 -0.6474 -0.3009
vn -0.1422 -0.9889 0.0436
vn 0.7161 -0.6926 -0.0864
vn 0.9922 0.0766 -0.0979
vn 0.9082 0.3227 -0.2666
vn 0.7644 0.6324 -0.1256
vn 0.4294 0.9031 0.0036
vn -0.3675 0.9072 0.2047
vn 0.2420 0.8943 -0.3765
vn -0.8904 0.2585 0.3746
vn -0.5429 0.7991 -0.2581
vn -0.7878 -0.4737 0.3937
vn -0.9677 0.0010 0.2521
vn 0.8524 0.3203 -0.4133
vn 0.4815 0.8717 -0.0912
vn -0.2812 0.9552 0.0920
vn -0.9255 0.3134 0.2128
vn -0.8568 -0.5023 0.1164
vn 0.7210 0.4563 -0.5215
vn 0.4961 0.8674 0.0374
vn -0.1321 0.8749 0.4659
vn -0.7493 0.1547 0.6439
vn -0.8363 -0.5206 0.1722
vn 0.7372 -0.2264 -0.6366
vn 0.6243 -0.3928 -0.6752
vn 0.0896 0.2025 -0.9752
vn -0.0654 -0.0312 -0.9974
vn 0.5730 -0.5334 -0.6223
vn -0.1011 -0.1904 -0.9765
vn 0.5592 -0.5860 -0.5865
vn -0.1880 -0.2966 -0.9363
vn 0.8392 -0.4419 0.3171
vn 0.8777 -0.3306 0.3469
vn 0.5552 0.0972 0.8260
vn 0.4971 0.0954 0.8624
vn -0.2307 0.5625 0.7940
vn -0.2571 0.4830 0.8370
vn -0.8158 0.5333 0.2239
vn -0.7939 0.5718 0.2069
vn -0.7646 0.3917 -0.5118
vn -0.8386 0.2690 -0.4738
vn -0.7044 0.4662 -0.5352
vn -0.7848 0.6023 0.1462
vn -0.3925 0.4494 0.8025
vn 0.4274 -0.0118 0.9040
vn 0.8822 -0.3554 0.3089
vn -0.6213 0.6008 -0.5030
vn -0.7629 0.6239 0.1693
vn -0.4411 0.3407 0.8303
vn 0.3182 -0.1723 0.9322
vn 0.8342 -0.4208 0.3563
vn 0.0890 0.9055 0.4150
vn 0.0066 0.4878 0.8729
vn 0.1961 0.3846 0.9020
vn -0.0113 0.9142 0.4050
vn -0.0868 0.9068 0.4125
vn -0.1977 0.4141 0.8885
vn -0.9177 0.1283 0.3761
vn -0.7422 0.4572 0.4900
vn -0.9504 0.2024 0.2362
vn -0.7991 0.5454 0.2530
vn -0.9589 0.2498 0.1345
vn -0.7517 0.1848 0.6331
vn -0.4638 0.1223 0.8774
vn -0.4702 0.3629 0.8045
vn -0.2417 0.0297 0.9699
vn -0.2379 0.3378 0.9107
vn -0.0776 0.0077 0.9970
vn -0.0611 0.3848 0.9210
vn -0.0000 0.0020 1.0000
vn -0.0000 0.4453 0.8954
vn 0.0611 0.3848 0.9210
vn 0.0776 0.0077 0.9970
vn 0.2379 0.3378 0.9107
vn 0.2417 0.0297 0.9699
vn 0.4702 0.3629 0.8045
vn 0.4638 0.1223 0.8774
vn 0.7422 0.4572 0.4900
vn 0.7517 0.1848 0.6331
vn 0.6820 -0.0781 0.7272
vn 0.7882 -0.0557 0.6129
vn 0.9177 0.1282 0.3761
vn 0.9504 0.2024 0.2362
vn 0.7991 0.5454 0.2530
vn 0.9589 0.2498 0.1345
vn 0.4501 -0.1868 0.8732
vn 0.2566 -0.2060 0.9443
vn 0.0749 -0.1867 0.9796
vn -0.0000 -0.1861 0.9825
vn -0.0749 -0.1867 0.9796
vn -0.2566 -0.2059 0.9443
vn -0.4501 -0.1868 0.8732
vn -0.6820 -0.0781 0.7272
vn -0.7881 -0.0555 0.6130
vn -0.4784 0.7324 -0.4845
vn -0.6480 -0.4785 -0.5926
vn 0.0043 0.6555 -0.7552
vn -0.0009 -0.2804 -0.9599
vn 0.6471 -0.4789 -0.5932
vn 0.4780 0.7240 -0.4973
vn 0.7298 0.3015 -0.6136
vn 0.6642 -0.0156 -0.7474
vn 0.3199 0.0296 -0.9470
vn 0.4749 -0.5242 -0.7069
vn 0.2337 -0.4287 -0.8727
vn 0.2823 -0.8170 -0.5029
vn 0.1866 -0.7441 -0.6415
vn 0.3157 -0.8532 -0.4151
vn 0.1388 -0.8182 -0.5580
vn -0.0008 -0.7965 -0.6047
vn -0.0024 -0.7205 -0.6934
vn -0.0035 -0.3908 -0.9205
vn -0.0007 0.0420 -0.9991
vn 0.3654 0.3541 -0.8609
vn -0.4742 -0.5233 -0.7081
vn -0.2364 -0.4272 -0.8727
vn -0.2840 -0.8129 -0.5085
vn -0.1912 -0.7408 -0.6439
vn -0.3163 -0.8516 -0.4180
vn -0.1403 -0.8163 -0.5604
vn -0.3200 0.0276 -0.9470
vn -0.6646 -0.0169 -0.7470
vn -0.7300 0.3012 -0.6135
vn -0.3656 0.3540 -0.8608
vn -0.0001 0.3768 -0.9263
vn 0.6761 -0.6912 0.2553
vn 0.7208 -0.3249 0.6123
vn 0.8982 -0.3689 0.2389
vn 0.7181 -0.1053 0.6879
vn 0.7039 -0.6421 0.3036
vn 0.6009 -0.3189 0.7330
vn 0.4824 -0.8258 0.2923
vn 0.2592 -0.9657 -0.0138
vn 0.6284 -0.7769 -0.0380
vn 0.9639 -0.2656 -0.0170
vn 0.9804 -0.0492 0.1906
vn 0.8909 -0.3276 0.3146
vn 0.8774 -0.0349 0.4785
vn 0.8207 -0.2502 0.5136
vn 0.6084 0.0068 0.7936
vn 0.6113 -0.2129 0.7622
vn 0.3465 -0.0460 0.9369
vn 0.3446 -0.2078 0.9155
vn 0.1327 -0.0872 0.9873
vn 0.1239 -0.2130 0.9692
vn 0.3358 -0.4910 0.8038
vn 0.6220 -0.4531 0.6386
vn 0.7440 -0.5769 0.3371
vn 0.9856 0.0851 0.1459
vn 0.9948 0.0911 0.0456
vn 0.9247 0.0594 0.3759
vn 0.7374 -0.0394 0.6743
vn 0.5366 0.0463 0.8426
vn 0.4683 -0.0147 0.8835
vn 0.3275 -0.1433 0.9339
vn 0.5142 -0.1447 0.8454
vn 0.6368 -0.0985 0.7647
vn 0.6505 -0.1834 0.7370
vn 0.5667 -0.2226 0.7933
vn 0.4549 -0.2383 0.8581
vn 0.4195 -0.2142 0.8821
vn 0.0001 -0.1728 0.9850
vn 0.0001 -0.1104 0.9939
vn 0.1761 -0.1839 0.9671
vn 0.2531 -0.1817 0.9502
vn -0.1760 -0.1838 0.9671
vn -0.1325 -0.0871 0.9874
vn -0.2530 -0.1815 0.9503
vn -0.3463 -0.0456 0.9370
vn -0.3274 -0.1431 0.9340
vn 0.0003 -0.2160 0.9764
vn -0.1233 -0.2127 0.9693
vn -0.3441 -0.2071 0.9158
vn -0.6108 -0.2117 0.7629
vn -0.6081 0.0074 0.7938
vn -0.8208 -0.2486 0.5143
vn -0.7455 -0.5739 0.3390
vn -0.6216 -0.4503 0.6410
vn -0.3345 -0.4892 0.8055
vn -0.1162 -0.5005 0.8579
vn 0.0009 -0.5098 0.8603
vn 0.1180 -0.5011 0.8573
vn 0.2412 0.4304 0.8698
vn 0.3312 0.5828 0.7420
vn 0.2749 0.7090 0.6494
vn -0.0990 0.9028 0.4184
vn 0.6652 -0.3551 -0.6568
vn 0.4240 -0.8955 -0.1355
vn 0.4031 -0.9066 0.1249
vn 0.2240 -0.9540 0.1992
vn 0.0823 -0.9736 0.2130
vn 0.0015 -0.9764 0.2161
vn -0.0788 -0.9735 0.2146
vn -0.2218 -0.9539 0.2023
vn -0.4039 -0.9056 0.1295
vn -0.4272 -0.8941 -0.1344
vn 0.0009 -0.6088 -0.7934
vn -0.0478 -0.5960 -0.8015
vn -0.1422 -0.6452 -0.7507
vn -0.2829 -0.6654 -0.6908
vn -0.3092 -0.6202 -0.7209
vn -0.7475 -0.6371 -0.1880
vn -0.8727 0.2884 0.3940
vn -0.4933 0.8695 0.0264
vn -0.3767 0.9237 -0.0693
vn -0.1478 0.9889 0.0171
vn -0.0750 0.9932 0.0892
vn 0.0893 0.4257 0.9004
vn -0.0005 0.4567 0.8896
vn -0.0019 0.9996 0.0290
vn 0.0702 0.9936 0.0890
vn 0.0495 -0.5971 -0.8006
vn 0.1436 -0.6460 -0.7497
vn 0.2811 -0.6670 -0.6900
vn 0.3080 -0.6190 -0.7224
vn -0.6645 -0.3559 -0.6571
vn 0.7487 -0.6353 -0.1891
vn 0.1000 0.9026 0.4188
vn 0.8729 0.2876 0.3942
vn -0.2728 0.7088 0.6506
vn 0.4974 0.8671 0.0257
vn 0.3795 0.9223 -0.0728
vn -0.3303 0.5834 0.7420
vn 0.1469 0.9891 0.0056
vn -0.2407 0.4366 0.8668
vn -0.0906 0.4233 0.9014
vn 0.0019 -0.5095 0.8605
vn 0.1624 -0.5061 0.8471
vn -0.6788 -0.6880 0.2568
vn -0.7210 -0.3225 0.6133
vn -0.7179 -0.1035 0.6884
vn -0.6001 -0.3168 0.7345
vn -0.3822 -0.4932 0.7814
vn -0.1588 -0.5051 0.8483
vn -0.1113 -0.9256 0.3617
vn 0.0045 -0.9307 0.3658
vn 0.0200 -0.9998 -0.0036
vn 0.1245 -0.9271 0.3536
vn -0.6348 -0.7713 -0.0454
vn -0.2610 -0.9651 -0.0237
vn -0.7092 -0.6347 0.3069
vn -0.4864 -0.8192 0.3038
vn -0.2877 -0.9018 0.3226
vn -0.1262 -0.9920 -0.0009
vn 0.0110 -0.9838 0.1787
vn -0.1422 -0.9796 0.1422
vn -0.0005 -0.6512 0.7589
vn -0.4261 -0.6055 0.6722
vn -0.0115 0.5968 0.8023
vn -0.2675 0.6942 0.6682
vn -0.6137 0.7117 0.3420
vn -0.7666 -0.5745 0.2869
vn -0.2848 -0.9581 -0.0295
vn 0.2543 0.6907 0.6770
vn 0.4244 -0.6036 0.6749
vn 0.1557 -0.9750 0.1587
vn 0.1456 -0.9893 -0.0043
vn 0.2900 -0.9063 0.3074
vn 0.3843 -0.4975 0.7777
vn 0.2958 -0.9552 -0.0126
vn 0.7682 -0.5708 0.2901
vn 0.6205 0.7083 0.3367
vn -0.2043 -0.9413 -0.2689
vn 0.0022 -0.9654 -0.2609
vn -0.2889 -0.6673 0.6865
vn 0.0213 -0.6301 0.7762
vn 0.2819 -0.6862 0.6705
vn 0.2045 -0.9430 -0.2624
vn 0.1117 -0.5278 -0.8420
vn 0.3051 -0.5341 -0.7885
vn -0.0000 -0.5340 -0.8455
vn 0.5044 -0.5249 -0.6857
vn 0.4051 -0.8796 -0.2495
vn 0.5010 -0.6860 0.5276
vn 0.5608 0.1947 0.8047
vn 0.3802 0.8473 0.3709
vn 0.5028 0.8508 -0.1526
vn 0.7319 0.6737 -0.1026
vn 0.1705 0.9764 -0.1325
vn -0.0046 0.9979 -0.0653
vn -0.1751 0.9772 -0.1201
vn -0.4948 0.8568 -0.1448
vn -0.7274 0.6789 -0.0993
vn -0.3649 0.8550 0.3685
vn -0.5041 -0.5265 -0.6846
vn -0.6070 -0.4948 -0.6218
vn -0.8553 -0.5056 -0.1131
vn -0.9669 0.2500 0.0519
vn -0.6849 0.6726 0.2801
vn -0.5639 0.2033 0.8005
vn -0.5174 -0.6792 0.5206
vn -0.4060 -0.8783 -0.2526
vn -0.3046 -0.5347 -0.7882
vn -0.1117 -0.5275 -0.8422
vn -0.9202 0.0924 0.3804
vn -0.7852 -0.5828 0.2095
vn -0.5982 -0.7960 -0.0926
vn -0.6367 -0.0983 0.7648
vn -0.5141 -0.1444 0.8455
vn -0.6505 -0.1831 0.7371
vn -0.5667 -0.2225 0.7933
vn -0.4549 -0.2382 0.8581
vn -0.4195 -0.2140 0.8822
vn -0.9948 0.0912 0.0457
vn -0.9856 0.0852 0.1460
vn -0.9247 0.0596 0.3761
vn -0.7373 -0.0391 0.6745
vn -0.5364 0.0466 0.8427
vn -0.4682 -0.0144 0.8835
vn -0.8772 -0.0344 0.4789
vn -0.9804 -0.0488 0.1908
vn -0.9643 -0.2643 -0.0180
vn -0.8914 -0.3255 0.3152
vn -0.8991 -0.3663 0.2398
vn 0.6074 -0.4935 -0.6225
vn 0.8567 -0.5032 -0.1129
vn 0.9673 0.2484 0.0513
vn 0.6906 0.6666 0.2807
vn 0.9200 0.0905 0.3813
vn 0.7862 -0.5800 0.2132
vn 0.5985 -0.7964 -0.0869
vn -0.9263 -0.3754 -0.0313
vn -0.1839 -0.3707 0.9104
vn -0.3468 -0.8325 -0.4321
vn 0.4038 -0.8986 -0.1716
vn 0.1160 -0.7971 0.5926
vn -0.5359 -0.8086 -0.2427
vn 0.2913 -0.9433 -0.1592
vn -0.3300 -0.3254 0.8861
vn -0.9569 -0.2669 0.1142
vn -0.9124 0.3683 -0.1787
vn -0.4093 0.8819 0.2340
vn -0.9857 0.1495 0.0781
vn -0.5702 0.3273 0.7535
vn -0.0819 -0.8604 0.5030
vn -0.5899 -0.8002 -0.1077
vn -0.9462 -0.3032 0.1128
vn -0.8990 -0.4265 0.0989
vn -0.9619 -0.2161 0.1675
vn -0.8545 -0.4960 0.1544
vn -0.8668 -0.4641 0.1825
vn -0.9938 -0.0960 0.0558
vn -0.6129 -0.7807 0.1221
vn -0.8548 0.2560 0.4515
vn -0.9020 0.4316 -0.0120
vn -0.8603 0.4726 0.1910
vn -0.9506 0.2949 0.0968
vn -0.7663 0.6369 -0.0843
vn -0.7622 0.4350 -0.4795
vn -0.1811 0.4878 0.8540
vn -0.2570 0.9306 0.2606
vn -0.2971 0.8905 0.3447
vn -0.3929 0.8891 0.2348
vn -0.4221 0.8482 -0.3199
vn 0.9228 -0.3759 -0.0840
vn -0.0084 -0.7783 -0.6278
vn 0.4041 -0.5697 0.7156
vn -0.3752 -0.8954 0.2399
vn 0.1439 -0.2038 0.9684
vn -0.5233 -0.7123 0.4677
vn -0.4473 0.3994 0.8003
vn -0.9719 0.1639 0.1692
vn -0.9370 -0.0025 -0.3493
vn -0.9002 0.0908 -0.4258
vn -0.7403 -0.6506 -0.1693
vn -0.8370 -0.5389 0.0950
vn -0.8931 -0.3726 -0.2520
vn -0.8764 -0.2273 -0.4246
vn -0.3522 -0.8336 -0.4255
vn -0.3157 -0.3314 0.8891
vn 0.3823 -0.9151 -0.1286
vn -0.5800 -0.8044 -0.1282
vn -0.1020 -0.8611 0.4981
vn -0.9838 0.1677 0.0635
vn -0.5933 0.3072 0.7441
vn -0.4246 0.8556 0.2962
vn -0.9126 0.3787 -0.1542
vn -0.2881 -0.9399 -0.1833
vn -0.9879 0.0233 0.1531
vn 0.1274 -0.4386 -0.8896
vn -0.3108 -0.7495 -0.5845
vn -0.7876 0.4813 -0.3848
vn -0.9693 0.1992 -0.1441
vn -0.6484 -0.6982 -0.3035
vn -0.2041 -0.8687 0.4514
vn 0.3313 -0.9434 -0.0135
vn 0.3769 -0.9250 -0.0490
vn 0.4606 -0.8802 -0.1141
vn 0.5263 -0.8164 -0.2377
vn 0.8224 -0.4572 -0.3385
vn -0.1684 -0.8729 -0.4580
vn -0.4175 0.8682 0.2681
vn -0.6760 0.3083 0.6693
vn 0.7861 0.1830 0.5904
vn 0.3257 0.7149 0.6188
vn 0.8249 -0.4245 0.3733
vn 0.5328 -0.5160 0.6707
vn 0.1432 0.4562 0.8783
vn 0.5610 0.7036 0.4362
vn 0.8336 0.2034 0.5136
vn 0.5787 0.7264 0.3707
vn 0.8582 0.3396 0.3849
vn 0.2535 0.9211 0.2953
vn 0.8421 0.5209 0.1400
vn 0.3976 0.9048 0.1527
vn 0.5234 0.8461 -0.1012
vn 0.7762 0.6236 -0.0925
vn 0.9434 0.3309 0.0198
vn 0.9263 0.3471 0.1465
vn 0.8892 0.2838 0.3588
vn 0.4494 0.5408 0.7110
vn -0.1430 0.8525 -0.5028
vn 0.5811 0.3469 0.7362
vn 0.5374 0.3339 0.7744
vn 0.0962 0.8647 0.4930
vn -0.4917 0.8663 0.0885
vn -0.2789 0.9381 -0.2055
vn -0.1282 0.8986 -0.4196
vn 0.1094 0.7847 -0.6101
vn 0.4932 0.7890 -0.3664
vn 0.3476 0.9370 0.0339
vn 0.3336 0.9050 0.2641
vn 0.6926 -0.4730 0.5446
vn 0.8677 -0.4625 0.1822
vn 0.2955 0.6702 0.6808
vn 0.0891 0.4692 0.8786
vn 0.5079 -0.5241 0.6836
vn 0.8052 -0.4321 0.4061
vn 0.7808 0.0594 0.6220
vn 0.9160 0.2093 0.3423
vn 0.9576 0.2539 0.1363
vn 0.9559 -0.2780 -0.0949
vn 0.9228 -0.3459 0.1695
vn 0.8030 -0.4477 0.3934
vn 0.6492 -0.4783 0.5914
vn 0.2634 -0.5351 0.8027
vn -0.0819 0.3257 0.9419
vn 0.1689 0.5572 0.8130
vn 0.1605 0.0259 0.9867
vn -0.5089 -0.5581 0.6554
vn 0.2143 -0.6868 0.6945
vn 0.0368 -0.8016 -0.5967
vn -0.6440 -0.6525 -0.3995
vn -0.6268 -0.2011 0.7528
vn -0.9816 -0.1421 0.1275
vn -0.8265 -0.2739 -0.4918
vn -0.1723 -0.0938 -0.9806
vn -0.0766 -0.9971 -0.0016
vn -0.6031 -0.2778 0.7477
vn -0.9842 -0.1567 0.0826
vn -0.8077 -0.3356 -0.4847
vn -0.0364 -0.9947 0.0959
vn -0.1649 -0.1430 -0.9759
vn -0.4529 -0.5727 0.6833
vn -0.6187 -0.6795 -0.3943
vn 0.1593 -0.0421 0.9863
vn 0.2514 -0.6906 0.6781
vn 0.0631 -0.8018 -0.5942
vn -0.2486 -0.9593 0.1340
vn -0.9908 -0.0177 0.1345
vn -0.9483 0.2578 0.1848
vn -0.9689 0.2204 0.1127
vn -0.8998 0.4266 0.0914
vn -0.9127 0.4086 -0.0050
vn -0.8582 0.5117 0.0415
vn -0.7443 0.3675 -0.5577
vn -0.5575 0.3312 -0.7613
vn -0.9715 0.2346 0.0344
vn -0.8295 0.1494 -0.5382
vn -0.2546 0.0677 -0.9647
vn -0.2433 -0.0848 -0.9662
vn -0.8581 -0.1339 -0.4956
vn -0.5968 -0.3404 0.7266
vn 0.1347 0.0175 0.9907
vn -0.2241 -0.2283 -0.9474
vn -0.1742 -0.2903 -0.9409
vn -0.7908 -0.4506 -0.4143
vn -0.5462 -0.7922 -0.2722
vn -0.4093 -0.6463 0.6441
vn 0.2406 -0.6566 0.7148
vn 0.0667 -0.8340 -0.5476
vn -0.6400 0.7038 0.3084
vn -0.8369 0.4718 0.2775
vn -0.6171 0.1494 0.7726
vn -0.4803 0.3289 0.8131
vn 0.1664 0.0027 0.9860
vn -0.6679 0.0163 0.7441
vn 0.1672 0.0616 0.9840
vn -0.6274 -0.3218 0.7091
vn -0.0557 -0.6194 0.7831
vn -0.8048 -0.5026 -0.3159
vn -0.2567 -0.8061 -0.5332
vn -0.2293 -0.1534 -0.9612
vn -0.8827 -0.1390 -0.4488
vn 0.1644 0.0248 0.9861
vn -0.5602 0.4416 0.7008
vn -0.4614 0.6701 0.5814
vn -0.2073 0.8190 0.5350
vn 0.1124 0.8351 0.5385
vn 0.2465 0.6514 0.7175
vn 0.8642 0.1866 0.4673
vn 0.9840 -0.0215 0.1770
vn 0.9723 -0.1505 0.1790
vn 0.2487 0.4370 0.8644
vn -0.4072 0.5238 0.7482
vn 0.4603 0.5390 0.7054
vn -0.9671 -0.1733 -0.1864
vn -0.5131 0.3317 0.7916
vn 0.2759 0.0801 0.9578
vn 0.7056 -0.5007 0.5014
vn -0.6797 0.1441 -0.7192
vn -0.9175 -0.1654 0.3616
vn -0.9002 -0.2206 0.3754
vn -0.4335 0.0281 0.9007
vn -0.0968 -0.6571 0.7476
vn -0.6654 -0.6220 -0.4129
vn -0.6207 -0.7804 0.0754
vn 0.0820 -0.9766 -0.1987
vn -0.6536 0.1321 -0.7453
vn 0.6284 0.0035 -0.7779
vn -0.1115 -0.9714 0.2097
vn 0.8121 0.1944 0.5502
vn 0.8926 -0.1576 0.4224
vn 0.7908 -0.3130 -0.5259
vn 0.1843 -0.9791 0.0863
vn 0.6027 -0.0264 -0.7976
vn -0.1263 -0.9910 0.0452
vn 0.4204 -0.3821 -0.8230
vn 0.7096 -0.6730 -0.2087
vn 0.0774 -0.9969 0.0173
vn 0.5465 -0.8355 0.0570
vn 0.6840 -0.7269 0.0616
vn 0.7255 -0.3475 0.5940
vn 0.7417 -0.2680 0.6149
vn 0.6981 -0.7009 -0.1462
vn 0.7560 -0.6470 0.0988
vn 0.7239 -0.4174 0.5494
vn 0.8212 -0.5261 0.2210
vn 0.6874 -0.7223 -0.0758
vn 0.6771 -0.6421 -0.3595
vn 0.3964 -0.2387 -0.8865
vn 0.2586 -0.9075 -0.3309
vn 0.2758 -0.7408 -0.6124
vn 0.1694 -0.3305 -0.9285
vn 0.8677 -0.0386 0.4956
vn 0.7029 -0.5085 0.4973
vn 0.5894 -0.2195 -0.7775
vn 0.5699 -0.5527 -0.6081
vn 0.8487 0.0809 0.5227
vn 0.8607 -0.2707 0.4312
vn 0.6039 -0.0284 -0.7966
vn 0.7089 -0.3739 -0.5981
vn 0.8403 0.0448 0.5403
vn 0.8652 -0.2419 0.4393
vn 0.7089 -0.3472 -0.6139
vn 0.6659 0.0639 0.7433
vn 0.6762 -0.1560 0.7200
vn 0.9591 0.2052 0.1950
vn 0.9630 0.1937 0.1874
vn 0.6556 0.3146 0.6865
vn 0.9530 0.2692 0.1388
vn 0.8211 -0.0374 -0.5696
vn 0.8202 0.2123 -0.5313
vn 0.6748 0.5636 -0.4764
vn 0.1042 -0.1434 -0.9842
vn 0.7512 0.1719 -0.6373
vn 0.1634 -0.4288 -0.8885
vn 0.0279 0.1413 -0.9896
vn -0.0687 0.7211 -0.6894
vn -0.0464 0.5499 -0.8339
vn 0.6605 0.5038 -0.5567
vn 0.9374 0.3393 0.0787
vn 0.6369 0.4035 0.6570
vn -0.0692 0.4410 0.8948
vn -0.0010 -0.4543 0.8908
vn -0.0725 -0.1096 0.9913
vn -0.1311 0.2191 0.9669
vn -0.1701 0.4473 0.8781
vn 0.6118 0.5603 0.5584
vn 0.8922 0.4497 0.0427
vn -0.7969 0.3597 0.4854
vn -0.7237 -0.3703 0.5823
vn -0.7891 -0.1946 0.5826
vn -0.8600 -0.0210 0.5098
vn -0.8798 0.0661 0.4707
vn 0.6680 -0.1951 -0.7181
vn 0.5951 -0.5017 -0.6279
vn -0.0830 -0.0680 -0.9942
vn -0.1530 -0.5116 -0.8455
vn 0.8101 -0.1867 -0.5557
vn -0.0238 0.1336 -0.9907
vn 0.7527 0.4255 -0.5024
vn 0.0616 0.8244 -0.5626
vn 0.7172 0.4243 -0.5527
vn 0.0439 0.5877 -0.8079
vn -0.6472 -0.2746 -0.7111
vn -0.6048 -0.4858 -0.6310
vn -0.7635 -0.2134 -0.6095
vn -0.7657 0.3249 -0.5551
vn -0.7204 0.3911 -0.5728
vn -0.7462 0.1967 -0.6360
vn -0.8053 -0.0844 -0.5868
vn -0.9080 0.4145 0.0611
vn -0.9643 0.2264 0.1370
vn -0.6402 0.4930 0.5891
vn -0.6778 0.2451 0.6932
vn 0.1399 0.3814 0.9138
vn 0.1075 0.1576 0.9816
vn 0.8552 -0.0213 0.5178
vn 0.8691 0.0580 0.4912
vn -0.8427 0.1807 -0.5071
vn -0.9676 0.1532 0.2005
vn -0.6798 -0.0319 0.7327
vn 0.0561 -0.1925 0.9797
vn 0.7830 -0.2100 0.5855
vn 0.8237 0.2712 0.4980
vn 0.7254 -0.4029 0.5581
vn 0.0888 0.3629 0.9276
vn -0.0002 -0.5533 0.8330
vn -0.6795 -0.2665 0.6836
vn -0.6437 0.3550 0.6780
vn -0.9724 0.1365 0.1892
vn -0.9501 0.3010 0.0823
vn -0.6634 0.6093 -0.4343
vn -0.6602 0.5185 -0.5434
vn -0.3794 -0.8006 -0.4639
vn -0.2338 -0.9655 -0.1151
vn -0.4327 -0.8977 -0.0832
vn -0.0000 0.8426 0.5385
vn 0.4005 0.8092 -0.4298
vn 0.5350 0.5987 -0.5960
vn 0.5187 0.8537 0.0462
vn -0.4005 0.8092 -0.4298
vn -0.5187 0.8537 0.0462
vn -0.5350 0.5987 -0.5961
vn -0.7510 -0.6336 -0.1861
vn -0.5904 -0.7078 -0.3879
vn -0.9646 -0.0169 -0.2631
vn -0.6906 -0.0335 -0.7224
vn -0.9472 -0.2509 -0.1996
vn -0.6962 -0.3222 -0.6414
vn 0.7521 -0.6353 -0.1755
vn 0.4372 -0.8960 -0.0774
vn 0.5904 -0.7078 -0.3879
vn 0.3794 -0.8006 -0.4639
vn 0.6962 -0.3222 -0.6414
vn 0.3062 -0.3797 -0.8730
vn 0.6915 -0.0400 -0.7213
vn 0.2911 -0.0545 -0.9551
vn -0.0000 -0.0563 -0.9984
vn -0.0000 -0.4196 -0.9077
vn -0.0000 -0.8409 -0.5412
vn -0.3062 -0.3797 -0.8730
vn -0.2929 -0.0523 -0.9547
vn 0.9472 -0.2556 -0.1936
vn 0.9657 -0.0198 -0.2589
vn -0.0000 -0.9972 -0.0741
vn 0.2338 -0.9655 -0.1151
vn -0.9447 -0.0869 0.3162
vn -0.9264 -0.2455 0.2854
vn -0.7062 0.0310 0.7073
vn -0.6994 -0.1922 0.6884
vn -0.7359 -0.6551 0.1713
vn -0.6059 -0.4889 0.6276
vn -0.5080 -0.8190 0.2668
vn -0.4457 -0.5985 0.6656
vn -0.2354 -0.9161 0.3246
vn -0.1351 -0.6751 0.7252
vn -0.3533 -0.1727 0.9194
vn -0.0903 -0.2378 0.9671
vn -0.0920 0.0522 0.9944
vn -0.3441 0.0465 0.9378
vn 0.9597 -0.0016 0.2812
vn 0.7062 0.0310 0.7073
vn 0.9198 -0.2952 0.2584
vn 0.6994 -0.1922 0.6884
vn 0.7308 -0.6811 0.0441
vn 0.6059 -0.4889 0.6276
vn 0.5253 -0.8130 0.2513
vn 0.4457 -0.5985 0.6657
vn 0.2353 -0.9161 0.3246
vn 0.1351 -0.6751 0.7252
vn 0.3533 -0.1727 0.9194
vn 0.0903 -0.2378 0.9671
vn 0.0920 0.0522 0.9944
vn 0.3441 0.0465 0.9378
vn -0.8899 0.0696 -0.4509
vn -0.6562 0.2295 -0.7189
vn -0.8384 -0.0141 -0.5448
vn -0.6452 0.0107 -0.7640
vn -0.9009 0.4218 0.1027
vn -0.9725 0.1324 0.1914
vn -0.0000 0.5194 0.8545
vn 0.0079 0.2299 0.9732
vn 0.9598 0.1539 0.2346
vn 0.9009 0.4217 0.1027
vn 0.6452 0.0107 -0.7640
vn 0.6562 0.2295 -0.7189
vn 0.8384 -0.0141 -0.5448
vn 0.8899 0.0696 -0.4509
vn -0.7112 0.4918 -0.5024
vn -0.5945 0.7333 -0.3300
vn -0.3332 0.5831 -0.7409
vn -0.2411 0.8095 -0.5353
vn -0.0000 0.8217 -0.5699
vn -0.0000 0.6076 -0.7942
vn 0.3332 0.5831 -0.7409
vn 0.2411 0.8095 -0.5353
vn 0.5945 0.7333 -0.3300
vn 0.7111 0.4919 -0.5024
vn -0.0940 0.8493 0.5194
vn -0.0000 0.8520 0.5236
vn -0.0996 0.9132 0.3951
vn -0.0000 0.9157 0.4018
vn -0.1029 0.9682 0.2278
vn -0.0000 0.9770 0.2134
vn 0.1029 0.9682 0.2278
vn 0.0996 0.9132 0.3951
vn 0.0940 0.8493 0.5194
vn 0.7758 0.1920 -0.6010
vn 0.1474 0.3491 -0.9254
vn -0.1414 0.2694 -0.9526
vn -0.7702 0.1165 -0.6270
vn -0.4654 0.6261 -0.6256
vn -0.6293 0.7758 -0.0470
vn -0.4116 0.7948 0.4459
vn 0.2903 0.6399 0.7115
vn 0.8816 0.3363 0.3310
vn -0.8987 0.3303 0.2887
vn -0.3252 0.6836 0.6534
vn 0.3760 0.8415 0.3879
vn 0.6035 0.7912 -0.0984
vn 0.4559 0.5907 -0.6658
vn 0.1688 0.0417 -0.9848
vn -0.5537 -0.3993 -0.7307
vn -0.1528 0.3697 -0.9165
vn -0.7922 -0.1054 -0.6011
vn -0.2862 0.7021 -0.6520
vn -0.8908 0.3011 -0.3404
vn 0.5872 0.6357 -0.5011
vn 0.4918 0.7551 -0.4335
vn 0.5289 0.8350 0.1518
vn 0.6064 0.7725 0.1887
vn 0.1092 0.7076 0.6982
vn 0.3183 0.5051 0.8022
vn -0.3707 -0.1743 0.9122
vn -0.4770 0.0199 0.8787
vn -0.8271 -0.4880 0.2787
vn -0.8928 -0.4042 0.1988
vn -0.9275 0.1030 0.3593
vn -0.3614 -0.1106 0.9258
vn 0.4822 0.3555 0.8007
vn 0.6613 0.7258 0.1897
vn 0.3941 0.8543 -0.3390
vn 0.1506 0.3390 -0.9287
vn 0.7795 -0.1761 -0.6011
vn 0.2295 0.4343 -0.8710
vn 0.7836 -0.0924 -0.6143
vn 0.1492 0.6732 -0.7242
vn 0.7978 0.1673 -0.5792
vn 0.2901 -0.1814 0.9397
vn 0.3183 -0.1438 0.9370
vn -0.4244 0.3878 0.8182
vn -0.3719 0.4057 0.8349
vn -0.6832 0.6940 0.2271
vn -0.7301 0.6580 0.1845
vn -0.5378 0.7578 -0.3695
vn -0.5635 0.6975 -0.4426
vn -0.4588 0.8401 -0.2895
vn -0.6201 0.7436 0.2501
vn -0.2997 0.4186 0.8573
vn 0.5893 0.0185 0.8077
vn 0.9722 0.0958 0.2136
vn 0.8341 -0.4231 0.3538
vn 0.8227 -0.4518 0.3451
vn 0.0447 0.3206 -0.9462
vn 0.7269 0.3418 -0.5956
vn 0.0584 -0.2274 -0.9721
vn 0.7487 -0.1461 -0.6466
vn 0.9294 0.3596 0.0834
vn 0.4729 0.6891 0.5491
vn 0.0421 -0.8787 -0.4756
vn 0.4306 -0.8381 -0.3348
vn 0.5903 -0.8067 0.0299
vn 0.9985 -0.0369 0.0412
vn 0.5193 -0.6963 0.4955
vn 0.6851 0.2078 0.6982
vn -0.1489 0.2051 0.9673
vn -0.0944 0.8102 0.5785
vn -0.6578 0.6164 0.4328
vn -0.8955 -0.0555 0.4416
vn -0.5182 -0.7937 0.3186
vn -0.1508 -0.6919 0.7060
vn -0.7487 -0.1461 -0.6466
vn -0.9985 -0.0369 0.0412
vn -0.9360 0.3433 0.0777
vn -0.4780 0.6784 0.5579
vn 0.0958 0.8002 0.5921
vn -0.7244 0.3443 -0.5973
vn -0.0430 0.3276 -0.9439
vn -0.0584 -0.2274 -0.9721
vn 0.6811 0.5757 0.4524
vn 0.1489 0.2051 0.9673
vn -0.6851 0.2078 0.6982
vn -0.5193 -0.6963 0.4954
vn -0.5903 -0.8067 0.0298
vn -0.4306 -0.8381 -0.3348
vn -0.0421 -0.8787 -0.4756
vn 0.1508 -0.6920 0.7060
vn 0.5182 -0.7937 0.3186
vn 0.8955 -0.0555 0.4416
vn 0.3762 -0.8647 -0.3328
vn 0.6390 -0.2329 -0.7331
vn 0.6412 0.2835 -0.7131
vn -0.3762 -0.8647 -0.3328
vn -0.6390 -0.2329 -0.7331
vn -0.6394 0.2870 -0.7133
vn -0.0000 -1.0000 -0.0000
vn 0.5391 -0.8399 -0.0623
vn -0.5391 -0.8399 -0.0623
vn -0.0868 0.1369 0.9868
vn -0.3430 0.0952 0.9345
vn -0.0969 0.0686 0.9929
vn 0.5610 -0.8122 0.1599
vn -0.0021 -0.7980 -0.6026
vn 0.4995 -0.8278 -0.2555
vn -0.0015 -0.7482 0.6635
vn -0.5636 -0.8111 0.1564
vn -0.5045 -0.8239 -0.2582
vn -0.9491 0.1318 -0.2860
vn -0.6852 0.0486 -0.7267
vn -0.9373 0.0930 -0.3360
vn -0.2533 0.0183 -0.9672
vn -0.6741 0.1196 -0.7289
vn -0.6307 0.2666 -0.7287
vn -0.8828 0.1762 -0.4354
vn -0.5492 0.6096 -0.5716
vn -0.7401 0.6207 -0.2589
vn -0.4667 0.8218 -0.3269
vn -0.5207 0.8466 -0.1105
vn -0.2201 0.8473 -0.4834
vn 0.0079 0.7736 -0.6337
vn -0.1741 0.5953 -0.7844
vn -0.0000 0.5764 -0.8172
vn -0.2113 0.2780 -0.9371
vn -0.0000 0.3037 -0.9528
vn -0.0039 0.1154 -0.9933
vn 0.1868 0.2858 -0.9399
vn 0.2138 0.0965 -0.9721
vn 0.6102 0.3204 -0.7245
vn 0.6594 0.1254 -0.7412
vn 0.9740 0.1318 -0.1844
vn 0.6757 0.0226 -0.7368
vn 0.9913 0.0573 -0.1181
vn -0.2526 0.0901 -0.9634
vn 0.8962 0.2136 -0.3889
vn 0.5183 0.6367 -0.5709
vn 0.7238 0.6489 -0.2346
vn 0.4442 0.8337 -0.3280
vn 0.5034 0.8576 -0.1052
vn 0.2192 0.8448 -0.4882
vn 0.1718 0.6012 -0.7804
vn 0.2349 0.0073 -0.9720
vn 0.3699 0.0903 0.9247
vn 0.0870 0.1369 0.9868
vn 0.0968 0.0686 0.9929
vn 0.9723 0.0998 0.2112
vn 0.9834 0.0972 0.1532
vn 0.7652 0.1039 0.6354
vn 0.7725 0.1540 0.6161
vn 0.3859 0.1398 0.9119
vn 0.0864 0.3408 0.9361
vn 0.3763 0.3302 0.8656
vn 0.0905 0.7032 0.7052
vn 0.2859 0.6535 0.7008
vn 0.0390 0.9261 0.3753
vn 0.2220 0.9027 0.3686
vn 0.3517 0.9005 0.2556
vn 0.4059 0.9003 0.1574
vn 0.5878 0.6255 0.5131
vn 0.7609 0.6304 0.1538
vn 0.9390 0.2605 0.2244
vn 0.7401 0.2959 0.6039
vn -0.9095 0.2276 0.3479
vn -0.6494 0.1376 0.7479
vn -0.9715 0.1893 0.1427
vn -0.7561 0.1754 0.6305
vn -0.7311 0.3140 0.6058
vn -0.3683 0.3316 0.8686
vn -0.2816 0.6576 0.6988
vn -0.0904 0.7031 0.7053
vn -0.0422 0.9322 0.3595
vn -0.0023 0.9234 0.3838
vn -0.0000 0.6964 0.7177
vn -0.9340 0.2952 0.2014
vn -0.5791 0.6366 0.5093
vn -0.7533 0.6449 0.1287
vn -0.3915 0.9062 0.1596
vn -0.3335 0.9065 0.2589
vn -0.2146 0.9084 0.3589
vn -0.3762 0.1393 0.9160
vn -0.0863 0.3409 0.9361
vn -0.0032 0.0218 -0.9998
vn -0.8705 -0.1599 -0.4655
vn -0.6397 -0.3454 -0.6866
vn -0.8533 -0.0776 -0.5156
vn -0.6361 -0.1562 -0.7556
vn -0.8923 -0.4512 0.0156
vn -0.0014 -0.4075 0.9132
vn 0.8253 -0.0358 -0.5635
vn 0.5785 -0.0683 -0.8128
vn 0.8533 -0.0776 -0.5156
vn 0.6183 -0.1634 -0.7688
vn 0.8705 -0.1599 -0.4655
vn 0.6373 -0.3462 -0.6884
vn 0.8784 -0.4775 0.0185
vn -0.0016 -0.2290 0.9734
vn -0.9857 -0.1544 0.0683
vn -0.6505 -0.0422 -0.7583
vn -0.8253 -0.0358 -0.5635
vn 0.9691 -0.2428 0.0431
vn -0.0053 -0.1113 0.9938
vn -0.9878 -0.0519 0.1471
vn 0.9918 -0.1267 0.0185
vn -0.0738 0.1189 0.9902
vn -0.0006 -0.0097 -1.0000
vn 0.9921 0.1068 -0.0665
vn 0.6096 -0.0337 -0.7920
vn 0.8266 -0.0626 -0.5593
vn 0.0082 0.0541 0.9985
vn -0.9923 -0.0159 0.1227
vn -0.6625 -0.0631 -0.7464
vn -0.8266 -0.0625 -0.5593
vn -0.2696 -0.0203 -0.9627
vn -0.6738 0.0051 -0.7389
vn -0.9475 0.0265 -0.3185
vn 0.2594 -0.0232 -0.9655
vn 0.6568 -0.0147 -0.7540
vn 0.9614 0.0311 -0.2734
vn -0.5852 0.0432 0.8097
vn -0.3272 0.1012 0.9395
vn -0.8772 0.0054 0.4802
vn 0.0738 0.1189 0.9902
vn 0.3330 0.1078 0.9367
vn 0.7223 0.0968 0.6848
vn 0.9636 0.0573 0.2610
vn -0.5996 -0.7546 -0.2666
vn -0.4904 -0.8628 -0.1227
vn -0.4129 -0.8772 0.2450
vn -0.6854 -0.6503 0.3275
vn 0.8903 -0.3986 -0.2200
vn 0.8587 -0.4564 -0.2329
vn 0.8154 -0.5405 -0.2074
vn 0.7784 -0.6039 -0.1717
vn -0.6301 -0.6703 -0.3920
vn -0.9219 -0.1526 -0.3561
vn -0.9580 0.1828 -0.2208
vn 0.9221 -0.1521 -0.3559
vn 0.6300 -0.6734 -0.3868
vn 0.9580 0.1829 -0.2208
vn 0.3711 -0.9048 -0.2087
vn 0.2902 -0.9195 -0.2650
vn 0.7270 0.6861 -0.0277
vn 0.9034 -0.3960 -0.1647
vn -0.3700 -0.9041 -0.2138
vn -0.2898 -0.9154 -0.2795
vn -0.7253 0.6879 -0.0263
vn -0.9024 -0.3973 -0.1667
vn 0.9536 -0.2351 -0.1881
vn 0.8972 0.4415 0.0076
vn -0.9044 -0.4171 0.0895
vn -0.9905 0.1331 -0.0341
vn 0.4675 -0.8435 -0.2645
vn -0.4944 0.6719 -0.5514
vn -0.4558 -0.8481 -0.2702
vn -0.8726 0.4517 0.1857
vn -0.7496 0.2113 -0.6272
vn 0.8475 -0.4411 0.2951
vn 0.7254 -0.6817 -0.0952
vn 0.1839 -0.1209 -0.9755
vn 0.7205 0.3494 0.5990
vn 0.6204 -0.6036 -0.5008
vn 0.9869 -0.1547 -0.0462
vn 0.9826 -0.1762 -0.0582
vn 0.9932 -0.1117 0.0339
vn 0.9923 -0.0822 0.0925
vn 0.9957 0.0629 0.0680
vn -0.9897 0.1161 0.0840
vn -0.9900 -0.1186 0.0768
vn -0.9864 -0.1637 0.0158
vn -0.9758 -0.2120 -0.0531
vn -0.9800 -0.1925 -0.0499
vn -0.2226 -0.9693 0.1049
vn -0.0000 -0.9318 0.3631
vn -0.0000 -0.9946 0.1038
vn 0.2226 -0.9693 0.1049
vn -0.7219 -0.6227 0.3019
vn -0.3425 -0.7702 0.5381
vn -0.9034 0.0346 0.4274
vn -0.9740 -0.1950 0.1155
vn -0.9953 0.0152 0.0958
vn 0.1855 -0.9560 0.2273
vn -0.4417 -0.8911 0.1041
vn -0.1492 -0.9430 -0.2976
vn -0.6497 -0.5952 -0.4730
vn -0.9551 -0.1500 -0.2556
vn 0.9982 -0.0049 0.0592
vn 0.9605 -0.2467 0.1285
vn 0.7302 -0.6687 -0.1401
vn 0.8434 0.1173 0.5242
vn 0.6941 -0.6849 0.2216
vn 0.1734 -0.9535 -0.2463
vn -0.0925 -0.9658 0.2422
vn 0.4662 -0.8788 0.1020
vn 0.9517 -0.1620 -0.2610
vn 0.6564 -0.6106 -0.4431
vn 0.9947 -0.0116 0.1017
vn -0.9962 -0.0822 0.0280
vn -0.1297 0.9719 -0.1963
vn -0.3567 0.9296 -0.0933
vn -0.4465 0.8731 0.1957
vn -0.1644 0.6470 0.7445
vn -0.3266 0.6375 0.6978
vn -0.4192 0.6977 0.5810
vn 0.4465 0.8731 0.1957
vn 0.3567 0.9296 -0.0933
vn 0.1297 0.9719 -0.1963
vn 0.4192 0.6977 0.5810
vn 0.3266 0.6375 0.6978
vn 0.1644 0.6470 0.7445
vn 0.7838 0.6196 0.0416
vn 0.9233 0.3643 -0.1216
vn -0.7838 0.6197 0.0416
vn -0.4253 0.8303 0.3602
vn -0.9233 0.3643 -0.1217
vn -0.0000 0.9780 -0.2087
vn 0.4253 0.8303 0.3602
vn 0.0148 0.6883 0.7252
vn -0.0000 0.7262 0.6875
vn -0.0148 0.6884 0.7252
vn 0.8395 -0.1125 -0.5315
vn 0.9943 0.1025 -0.0301
vn 0.9836 0.1538 -0.0939
vn 0.8604 0.0236 0.5091
vn -0.6314 0.7638 -0.1342
vn -0.4694 0.6579 -0.5889
vn -0.3981 0.8800 0.2590
vn -0.9863 0.1112 -0.1219
vn -0.9992 0.0154 -0.0380
vn -0.8167 -0.2084 -0.5381
vn -0.1711 -0.2822 0.9440
vn 0.4398 0.6350 -0.6351
vn 0.5806 0.7902 -0.1962
vn 0.0876 0.9931 0.0777
vn -0.7277 0.6859 -0.0086
vn -0.0754 0.6253 0.7767
vn -0.1388 0.0900 -0.9862
vn 0.1452 0.1624 -0.9760
vn -0.6482 0.1820 0.7394
vn 0.4958 0.5892 0.6380
vn -0.6661 0.7285 0.1598
vn 0.7443 0.5486 -0.3808
vn 0.9311 0.1480 0.3335
vn 0.7170 0.6126 0.3327
vn -0.9600 0.2798 -0.0086
vn -0.6336 0.6395 0.4355
vn -0.4891 0.8515 0.1888
vn 0.6646 0.6418 0.3826
vn 0.5055 0.8565 0.1041
vn -0.6083 0.6755 -0.4168
vn 0.2635 0.6782 -0.6860
vn 0.2568 0.8401 -0.4778
vn 0.6091 0.7144 -0.3444
vn -0.7778 -0.5750 -0.2539
vn -0.8885 -0.3623 -0.2818
vn 0.5007 0.8564 0.1261
vn 0.6245 0.7788 0.0595
vn -0.9634 0.1459 0.2251
vn 0.7668 0.4194 0.4860
vn -0.7292 0.5272 -0.4363
vn 0.6536 0.7568 0.0035
vn -0.3977 0.6472 0.6504
vn -0.7019 0.6548 0.2804
vn 0.3802 0.5288 -0.7588
vn -0.2883 0.8117 -0.5080
vn -0.4882 0.3232 -0.8107
vn -0.6097 0.6678 -0.4269
vn -0.4781 0.8777 -0.0335
vn 0.5662 0.8170 0.1093
vn 0.9560 0.2378 -0.1720
vn 0.9159 0.4013 -0.0067
vn -0.5404 0.8285 0.1465
vn 0.8924 -0.3812 -0.2416
vn 0.8923 -0.3480 -0.2875
vn -0.4522 0.8873 0.0901
vn -0.6167 0.7871 -0.0067
vn -0.9824 -0.1391 -0.1247
vn -0.9456 0.3173 -0.0723
vn 0.9824 -0.1391 -0.1247
vn 0.9696 0.2277 -0.0897
vn -0.9846 0.1294 -0.1173
vn -0.9771 0.1919 -0.0915
vn -0.6673 0.7447 -0.0156
vn 0.9978 0.0639 0.0197
vn 0.9959 0.0674 0.0601
vn 0.6592 0.7513 0.0309
vn -0.4986 0.8654 0.0497
vn 0.4915 0.8691 0.0559
vn 0.9968 0.0678 0.0417
vn -0.9972 -0.0384 -0.0638
vn 0.7115 0.0396 0.7015
vn 0.6911 -0.1646 0.7038
vn -0.0000 -0.6668 0.7452
vn -0.6911 -0.1646 0.7038
vn -0.7115 0.0396 0.7015
vn 0.7237 0.0481 0.6885
vn 0.7104 0.2386 0.6622
vn -0.7104 0.2386 0.6622
vn 0.7197 0.0998 0.6871
vn -0.7237 0.0481 0.6885
vn -0.7197 0.0998 0.6871
vn 0.7296 0.0769 0.6795
vn -0.7296 0.0769 0.6795
vt 0.818544 0.256065
vt 0.838826 0.256074
vt 0.818540 0.276580
vt 0.838826 0.276594
vt 0.818540 0.303773
vt 0.838826 0.303789
vt 0.818540 0.329658
vt 0.838826 0.329660
vt 0.856631 0.329660
vt 0.856631 0.303792
vt 0.884645 0.329660
vt 0.884645 0.303789
vt 0.916637 0.303778
vt 0.916637 0.329660
vt 0.942931 0.303766
vt 0.942931 0.329658
vt 0.970802 0.303757
vt 0.970800 0.329658
vt 0.856631 0.276595
vt 0.884644 0.276592
vt 0.916637 0.276583
vt 0.942929 0.276575
vt 0.970803 0.276568
vt 0.856631 0.256083
vt 0.884645 0.256085
vt 0.916636 0.256081
vt 0.942929 0.256068
vt 0.970802 0.256060
vt 0.970251 0.455651
vt 0.970255 0.476522
vt 0.949527 0.455661
vt 0.949527 0.476538
vt 0.970255 0.504186
vt 0.949527 0.504203
vt 0.970255 0.530519
vt 0.949527 0.530530
vt 0.814721 0.530509
vt 0.814719 0.504170
vt 0.843186 0.530514
vt 0.843186 0.504181
vt 0.870041 0.530526
vt 0.870041 0.504191
vt 0.902718 0.530535
vt 0.902718 0.504203
vt 0.931332 0.504207
vt 0.931332 0.530535
vt 0.931330 0.476540
vt 0.902718 0.476534
vt 0.870043 0.476528
vt 0.843186 0.476517
vt 0.814719 0.476510
vt 0.931330 0.455671
vt 0.902718 0.455673
vt 0.870043 0.455668
vt 0.843188 0.455656
vt 0.814719 0.455645
vt 0.472732 0.075492
vt 0.432958 0.098726
vt 0.466396 0.099474
vt 0.432958 0.074218
vt 0.393182 0.075492
vt 0.399518 0.099474
vt 0.382333 0.897106
vt 0.389927 0.967318
vt 0.362008 0.900699
vt 0.350001 0.968182
vt 0.337314 0.902632
vt 0.408907 0.943095
vt 0.450508 0.946481
vt 0.443301 0.966455
vt 0.482047 0.946437
vt 0.478986 0.966253
vt 0.503153 0.945518
vt 0.503334 0.966993
vt 0.521464 0.945217
vt 0.521464 0.967787
vt 0.539594 0.966993
vt 0.539775 0.945518
vt 0.563941 0.966253
vt 0.560881 0.946437
vt 0.599628 0.966455
vt 0.592420 0.946481
vt 0.653001 0.967318
vt 0.634021 0.943095
vt 0.616945 0.916981
vt 0.636805 0.890917
vt 0.660595 0.897106
vt 0.680920 0.900699
vt 0.692927 0.968182
vt 0.705614 0.902632
vt 0.587106 0.920487
vt 0.556252 0.908981
vt 0.539553 0.911326
vt 0.521464 0.911555
vt 0.503375 0.911326
vt 0.486676 0.908981
vt 0.455822 0.920487
vt 0.425983 0.916981
vt 0.406123 0.890917
vt 0.185085 0.625961
vt 0.195389 0.648658
vt 0.153952 0.626204
vt 0.153952 0.650060
vt 0.112515 0.648658
vt 0.122817 0.625961
vt 0.058270 0.856942
vt 0.058362 0.802853
vt 0.104712 0.805312
vt 0.061046 0.751784
vt 0.108331 0.751976
vt 0.071888 0.706130
vt 0.115730 0.706068
vt 0.093408 0.672627
vt 0.127104 0.673454
vt 0.153952 0.673603
vt 0.153952 0.706743
vt 0.153952 0.752239
vt 0.153952 0.806067
vt 0.104704 0.858159
vt 0.246857 0.751784
vt 0.199572 0.751976
vt 0.236016 0.706130
vt 0.192172 0.706068
vt 0.214502 0.672627
vt 0.180799 0.673454
vt 0.203190 0.805312
vt 0.249541 0.802853
vt 0.249633 0.856942
vt 0.203198 0.858159
vt 0.153952 0.858576
vt 0.646866 0.760154
vt 0.649075 0.753927
vt 0.659389 0.752147
vt 0.630998 0.748013
vt 0.642371 0.728813
vt 0.600787 0.739936
vt 0.606127 0.713862
vt 0.619789 0.664107
vt 0.674962 0.706162
vt 0.690793 0.752155
vt 0.668465 0.794076
vt 0.650832 0.768607
vt 0.646927 0.813712
vt 0.630922 0.780518
vt 0.608900 0.827436
vt 0.602880 0.789035
vt 0.567155 0.833678
vt 0.566412 0.795027
vt 0.540477 0.838398
vt 0.540698 0.799193
vt 0.565824 0.759497
vt 0.599456 0.759802
vt 0.625102 0.759981
vt 0.682348 0.831669
vt 0.706163 0.829158
vt 0.659335 0.845404
vt 0.635469 0.855767
vt 0.601391 0.844600
vt 0.576432 0.847523
vt 0.567035 0.867943
vt 0.592362 0.869767
vt 0.615888 0.861888
vt 0.614518 0.882546
vt 0.604160 0.894574
vt 0.588109 0.896532
vt 0.572229 0.885269
vt 0.521464 0.873717
vt 0.521464 0.839700
vt 0.539517 0.871890
vt 0.552817 0.869485
vt 0.503412 0.871890
vt 0.502451 0.838398
vt 0.490111 0.869485
vt 0.475773 0.833678
vt 0.475893 0.867943
vt 0.521464 0.799901
vt 0.502230 0.799193
vt 0.476516 0.795027
vt 0.440049 0.789035
vt 0.434029 0.827436
vt 0.412005 0.780518
vt 0.417826 0.759981
vt 0.443473 0.759802
vt 0.477104 0.759497
vt 0.502488 0.759866
vt 0.521464 0.759707
vt 0.540441 0.759866
vt 0.573898 0.741156
vt 0.601897 0.744935
vt 0.630457 0.751123
vt 0.645336 0.755762
vt 0.644741 0.757248
vt 0.623992 0.753735
vt 0.598819 0.751814
vt 0.566524 0.750040
vt 0.540810 0.749033
vt 0.521464 0.748897
vt 0.502118 0.749033
vt 0.476404 0.750040
vt 0.444110 0.751814
vt 0.418936 0.753735
vt 0.521461 0.743684
vt 0.540887 0.744044
vt 0.567207 0.745544
vt 0.599175 0.748446
vt 0.623982 0.751947
vt 0.644265 0.756411
vt 0.644330 0.756040
vt 0.627981 0.752401
vt 0.599495 0.747853
vt 0.572909 0.744745
vt 0.540837 0.742699
vt 0.541132 0.738064
vt 0.521464 0.737910
vt 0.521728 0.742562
vt 0.501743 0.742535
vt 0.501953 0.743695
vt 0.475534 0.744929
vt 0.443337 0.748191
vt 0.418624 0.752002
vt 0.399857 0.757213
vt 0.400739 0.756045
vt 0.398531 0.755331
vt 0.400506 0.755721
vt 0.412472 0.751123
vt 0.413419 0.752872
vt 0.442000 0.747371
vt 0.441031 0.744935
vt 0.469253 0.744448
vt 0.469031 0.741156
vt 0.501797 0.738064
vt 0.521464 0.730476
vt 0.541658 0.731126
vt 0.397433 0.760350
vt 0.395875 0.754705
vt 0.411931 0.748013
vt 0.442142 0.739936
vt 0.469051 0.734080
vt 0.501270 0.731126
vt 0.501716 0.705549
vt 0.521464 0.704653
vt 0.521464 0.661659
vt 0.541212 0.705549
vt 0.367967 0.706162
vt 0.423140 0.664107
vt 0.400558 0.728813
vt 0.436801 0.713862
vt 0.466610 0.707174
vt 0.471810 0.662886
vt 0.521464 0.615422
vt 0.487654 0.614948
vt 0.521464 0.581747
vt 0.499396 0.581582
vt 0.521198 0.551450
vt 0.508904 0.551378
vt 0.459068 0.551387
vt 0.443607 0.581066
vt 0.429276 0.614782
vt 0.533474 0.551378
vt 0.543532 0.581582
vt 0.555274 0.614948
vt 0.571117 0.662886
vt 0.576319 0.707174
vt 0.573877 0.734080
vt 0.613652 0.614782
vt 0.599322 0.581066
vt 0.583327 0.551387
vt 0.397266 0.184786
vt 0.432957 0.185902
vt 0.395007 0.128767
vt 0.432958 0.129155
vt 0.470907 0.128767
vt 0.468649 0.184786
vt 0.443949 0.215583
vt 0.465211 0.215062
vt 0.432957 0.215353
vt 0.432957 0.249072
vt 0.448727 0.248712
vt 0.469403 0.248383
vt 0.504553 0.248774
vt 0.509420 0.211054
vt 0.513387 0.173531
vt 0.497905 0.127655
vt 0.496762 0.101853
vt 0.501348 0.078548
vt 0.507211 0.042727
vt 0.528905 0.059157
vt 0.549576 0.015903
vt 0.508779 0.007542
vt 0.478148 0.005041
vt 0.477355 0.033953
vt 0.432958 0.031503
vt 0.449050 0.004835
vt 0.432957 0.005201
vt 0.416865 0.004835
vt 0.387767 0.005041
vt 0.388560 0.033953
vt 0.358704 0.042727
vt 0.357136 0.007542
vt 0.316338 0.015903
vt 0.337010 0.059157
vt 0.364567 0.078548
vt 0.361362 0.248774
vt 0.356495 0.211054
vt 0.315998 0.232481
vt 0.329841 0.201064
vt 0.306791 0.131236
vt 0.316786 0.130839
vt 0.309373 0.090591
vt 0.320292 0.098759
vt 0.349748 0.084430
vt 0.369153 0.101853
vt 0.368010 0.127655
vt 0.352527 0.173531
vt 0.400704 0.215062
vt 0.396512 0.248383
vt 0.417188 0.248712
vt 0.421966 0.215583
vt 0.342187 0.101661
vt 0.337130 0.129245
vt 0.338192 0.164086
vt 0.427040 0.861888
vt 0.450567 0.869767
vt 0.428411 0.882546
vt 0.438768 0.894574
vt 0.454819 0.896532
vt 0.470699 0.885269
vt 0.336765 0.829158
vt 0.360579 0.831669
vt 0.383592 0.845404
vt 0.407459 0.855767
vt 0.441537 0.844600
vt 0.466496 0.847523
vt 0.396001 0.813712
vt 0.374463 0.794076
vt 0.352135 0.752155
vt 0.392096 0.768607
vt 0.383540 0.752147
vt 0.549917 0.232481
vt 0.536073 0.201064
vt 0.559123 0.131238
vt 0.549129 0.130839
vt 0.556542 0.090591
vt 0.545623 0.098759
vt 0.516166 0.084430
vt 0.523727 0.101661
vt 0.528785 0.129245
vt 0.527722 0.164086
vt 0.694213 0.305741
vt 0.693774 0.315006
vt 0.699407 0.326913
vt 0.693958 0.334518
vt 0.716066 0.355774
vt 0.720858 0.326647
vt 0.715643 0.332977
vt 0.715890 0.312639
vt 0.715296 0.305663
vt 0.710984 0.327394
vt 0.714969 0.333076
vt 0.709114 0.347346
vt 0.713242 0.357848
vt 0.691745 0.360136
vt 0.698928 0.347497
vt 0.714930 0.300360
vt 0.695788 0.299452
vt 0.714362 0.280354
vt 0.694714 0.277165
vt 0.692432 0.255065
vt 0.713645 0.254905
vt 0.721987 0.344098
vt 0.735280 0.341735
vt 0.734048 0.324387
vt 0.734728 0.306562
vt 0.734948 0.301220
vt 0.730422 0.283149
vt 0.732428 0.250319
vt 0.741269 0.354237
vt 0.744157 0.332259
vt 0.745775 0.311576
vt 0.746233 0.305811
vt 0.744508 0.298664
vt 0.746092 0.295200
vt 0.739679 0.278293
vt 0.754811 0.297784
vt 0.746817 0.279046
vt 0.771556 0.298015
vt 0.763342 0.283596
vt 0.777745 0.284767
vt 0.776247 0.270936
vt 0.756003 0.260323
vt 0.743330 0.254246
vt 0.666041 0.256950
vt 0.669750 0.278888
vt 0.672984 0.299669
vt 0.670040 0.304531
vt 0.676637 0.325686
vt 0.670343 0.312740
vt 0.671330 0.330276
vt 0.673595 0.346578
vt 0.668584 0.358711
vt 0.686666 0.346181
vt 0.691014 0.360013
vt 0.692940 0.334226
vt 0.687828 0.326515
vt 0.648570 0.280746
vt 0.649571 0.300755
vt 0.649805 0.305606
vt 0.651613 0.323850
vt 0.663682 0.323620
vt 0.663046 0.339263
vt 0.652656 0.339747
vt 0.643625 0.354580
vt 0.633747 0.330965
vt 0.629061 0.308550
vt 0.627913 0.303678
vt 0.623549 0.280950
vt 0.625164 0.256633
vt 0.649853 0.255861
vt 0.671022 0.330410
vt 0.668937 0.350412
vt 0.732427 0.461178
vt 0.720475 0.440297
vt 0.731200 0.438038
vt 0.730291 0.416763
vt 0.717516 0.417960
vt 0.695141 0.442769
vt 0.709083 0.463402
vt 0.695133 0.463693
vt 0.713998 0.468306
vt 0.694731 0.470680
vt 0.711243 0.483836
vt 0.691225 0.489081
vt 0.693510 0.504262
vt 0.710499 0.507195
vt 0.745577 0.509526
vt 0.734072 0.484157
vt 0.733806 0.467992
vt 0.711054 0.455607
vt 0.713451 0.443367
vt 0.712253 0.409415
vt 0.736050 0.406929
vt 0.735170 0.437821
vt 0.734490 0.451455
vt 0.681092 0.421332
vt 0.694670 0.424720
vt 0.682385 0.445062
vt 0.683258 0.462625
vt 0.682858 0.471639
vt 0.683740 0.478395
vt 0.687230 0.492153
vt 0.682082 0.482808
vt 0.679968 0.492822
vt 0.676913 0.481674
vt 0.665078 0.490353
vt 0.653684 0.480060
vt 0.651507 0.496032
vt 0.661489 0.500465
vt 0.649331 0.512005
vt 0.657902 0.510575
vt 0.660300 0.529416
vt 0.674115 0.515183
vt 0.677723 0.536414
vt 0.687922 0.516616
vt 0.690953 0.539764
vt 0.692466 0.518015
vt 0.709831 0.520871
vt 0.687576 0.504385
vt 0.677042 0.504003
vt 0.706138 0.422842
vt 0.710518 0.408332
vt 0.712690 0.443541
vt 0.705942 0.442168
vt 0.741775 0.439092
vt 0.736970 0.437741
vt 0.740187 0.416549
vt 0.737597 0.405134
vt 0.755667 0.415540
vt 0.757970 0.404775
vt 0.758157 0.436342
vt 0.756025 0.435436
vt 0.759253 0.449755
vt 0.758458 0.460223
vt 0.757309 0.467335
vt 0.756384 0.484143
vt 0.776083 0.485044
vt 0.779434 0.509218
vt 0.788093 0.492091
vt 0.780377 0.467272
vt 0.779974 0.459174
vt 0.789288 0.475789
vt 0.790102 0.461652
vt 0.788562 0.436406
vt 0.778762 0.439586
vt 0.776108 0.423009
vt 0.780838 0.411991
vt 0.762947 0.409108
vt 0.764512 0.423751
vt 0.760637 0.437799
vt 0.764728 0.440708
vt 0.918092 0.049672
vt 0.914051 0.024955
vt 0.919282 0.016641
vt 0.895631 0.014222
vt 0.901356 0.023789
vt 0.911110 0.046684
vt 0.899232 0.067001
vt 0.900451 0.044487
vt 0.896660 0.045638
vt 0.897181 0.057542
vt 0.889940 0.045513
vt 0.873358 0.066071
vt 0.875777 0.041957
vt 0.872569 0.055887
vt 0.873657 0.042838
vt 0.891518 0.023581
vt 0.876132 0.022600
vt 0.894715 0.044199
vt 0.894093 0.012475
vt 0.873843 0.012126
vt 0.921405 0.061884
vt 0.922433 0.069165
vt 0.921303 0.073935
vt 0.899112 0.073628
vt 0.897597 0.089357
vt 0.875420 0.089342
vt 0.886162 0.114037
vt 0.855842 0.090218
vt 0.852511 0.113737
vt 0.874501 0.072990
vt 0.851572 0.072928
vt 0.843905 0.097076
vt 0.842717 0.081215
vt 0.851973 0.065051
vt 0.867128 0.047084
vt 0.871192 0.044256
vt 0.841908 0.067461
vt 0.843438 0.042900
vt 0.853179 0.045994
vt 0.855817 0.029865
vt 0.867342 0.030586
vt 0.868896 0.016342
vt 0.851115 0.019146
vt 0.921026 0.111769
vt 0.920286 0.089045
vt 0.936297 0.069447
vt 0.936697 0.076245
vt 0.948101 0.068407
vt 0.936289 0.049090
vt 0.948969 0.051321
vt 0.936759 0.031530
vt 0.950253 0.028234
vt 0.925361 0.029704
vt 0.921006 0.015587
vt 0.918848 0.049841
vt 0.925554 0.048505
vt 0.948499 0.077178
vt 0.940182 0.094147
vt 0.937911 0.108916
vt 0.920938 0.125074
vt 0.938949 0.122296
vt 0.943466 0.120936
vt 0.940452 0.143456
vt 0.953603 0.140195
vt 0.970918 0.133388
vt 0.957187 0.119541
vt 0.943808 0.109036
vt 0.947621 0.083750
vt 0.944153 0.097135
vt 0.954279 0.108664
vt 0.973303 0.115058
vt 0.981822 0.116449
vt 0.949270 0.088043
vt 0.951371 0.097787
vt 0.966171 0.095384
vt 0.969737 0.105221
vt 0.979659 0.100910
vt 0.954407 0.086940
vt 0.977496 0.085370
vt 0.407290 0.351360
vt 0.379591 0.369345
vt 0.400908 0.374221
vt 0.399329 0.379104
vt 0.378923 0.374285
vt 0.375490 0.392782
vt 0.358860 0.371422
vt 0.363485 0.391495
vt 0.362720 0.407544
vt 0.373028 0.408945
vt 0.380699 0.424899
vt 0.392655 0.401613
vt 0.355852 0.418433
vt 0.334667 0.370553
vt 0.350394 0.392479
vt 0.357469 0.381854
vt 0.355809 0.397648
vt 0.356360 0.366193
vt 0.382380 0.348972
vt 0.361442 0.345227
vt 0.333660 0.363985
vt 0.314507 0.363247
vt 0.313668 0.368634
vt 0.294483 0.362381
vt 0.294226 0.367861
vt 0.336724 0.341289
vt 0.316863 0.342839
vt 0.300610 0.344296
vt 0.301552 0.310553
vt 0.319856 0.316879
vt 0.340975 0.318891
vt 0.367102 0.323117
vt 0.383328 0.323415
vt 0.407857 0.326355
vt 0.256046 0.327816
vt 0.253315 0.341828
vt 0.267772 0.341885
vt 0.258297 0.355912
vt 0.284643 0.338673
vt 0.275001 0.357137
vt 0.291822 0.338525
vt 0.283920 0.355254
vt 0.285188 0.358935
vt 0.282829 0.366093
vt 0.282770 0.372025
vt 0.293307 0.386149
vt 0.282531 0.393315
vt 0.283443 0.416042
vt 0.277166 0.318728
vt 0.290337 0.313619
vt 0.308416 0.419809
vt 0.290528 0.403780
vt 0.306247 0.389608
vt 0.303560 0.407354
vt 0.310876 0.396536
vt 0.312615 0.375731
vt 0.316018 0.391232
vt 0.311539 0.396695
vt 0.316097 0.411797
vt 0.311042 0.422175
vt 0.332258 0.426390
vt 0.327596 0.391750
vt 0.326231 0.412837
vt 0.332344 0.400000
vt 0.334273 0.380066
vt 0.339168 0.392352
vt 0.332774 0.400226
vt 0.338567 0.412561
vt 0.332996 0.426326
vt 0.355461 0.426948
vt 0.351554 0.414106
vt 0.355040 0.397614
vt 0.903048 0.869513
vt 0.903048 0.833131
vt 0.874919 0.869510
vt 0.874919 0.833126
vt 0.903049 0.902580
vt 0.874919 0.902576
vt 0.847422 0.902571
vt 0.847421 0.869499
vt 0.847421 0.833101
vt 0.818491 0.933308
vt 0.847421 0.933301
vt 0.818491 0.902578
vt 0.818491 0.869508
vt 0.818491 0.833121
vt 0.818491 0.802124
vt 0.847327 0.801990
vt 0.874919 0.802113
vt 0.903048 0.802110
vt 0.935493 0.802110
vt 0.935495 0.833138
vt 0.935495 0.869517
vt 0.935495 0.902583
vt 0.935497 0.933369
vt 0.903049 0.933372
vt 0.874918 0.933330
vt 0.962242 0.802110
vt 0.962242 0.833141
vt 0.962242 0.869525
vt 0.962240 0.902592
vt 0.962242 0.933374
vt 0.949130 0.706615
vt 0.949130 0.676958
vt 0.926677 0.706588
vt 0.926677 0.676939
vt 0.949130 0.645050
vt 0.926677 0.645035
vt 0.949130 0.609933
vt 0.926677 0.609930
vt 0.949130 0.580023
vt 0.926677 0.580023
vt 0.796049 0.933337
vt 0.796049 0.902596
vt 0.796049 0.869524
vt 0.796049 0.833126
vt 0.796049 0.802124
vt 0.897725 0.706581
vt 0.897723 0.676932
vt 0.870167 0.706608
vt 0.870167 0.676939
vt 0.841976 0.706649
vt 0.841976 0.676941
vt 0.809459 0.706647
vt 0.809459 0.676946
vt 0.782655 0.676954
vt 0.782655 0.706650
vt 0.897723 0.645024
vt 0.870167 0.645037
vt 0.841976 0.645040
vt 0.809459 0.645043
vt 0.782655 0.645051
vt 0.782655 0.580009
vt 0.782655 0.609948
vt 0.809461 0.580009
vt 0.809459 0.609944
vt 0.841978 0.609938
vt 0.841978 0.580009
vt 0.870167 0.609934
vt 0.870165 0.580013
vt 0.897723 0.609911
vt 0.897817 0.579893
vt 0.202536 0.374471
vt 0.174992 0.339694
vt 0.203437 0.339661
vt 0.737040 0.639942
vt 0.729413 0.601246
vt 0.737040 0.597727
vt 0.715925 0.624052
vt 0.358909 0.617637
vt 0.366534 0.578941
vt 0.380023 0.601747
vt 0.358907 0.575422
vt 0.242895 0.373747
vt 0.227099 0.387186
vt 0.245631 0.433565
vt 0.218938 0.431887
vt 0.248724 0.404362
vt 0.220116 0.401946
vt 0.243960 0.387494
vt 0.060385 0.368808
vt 0.103952 0.339661
vt 0.079246 0.387186
vt 0.103807 0.374471
vt 0.086227 0.401946
vt 0.117428 0.395879
vt 0.087407 0.431887
vt 0.117984 0.429483
vt 0.153172 0.428189
vt 0.153172 0.391425
vt 0.153172 0.366459
vt 0.188917 0.395879
vt 0.188359 0.429483
vt 0.062383 0.387494
vt 0.057619 0.404362
vt 0.060712 0.433565
vt 0.153695 0.339608
vt 0.132395 0.339694
vt 0.442432 0.358945
vt 0.446490 0.335944
vt 0.461725 0.357728
vt 0.465350 0.333616
vt 0.458058 0.319016
vt 0.469614 0.320710
vt 0.482995 0.295298
vt 0.483066 0.308254
vt 0.508922 0.287555
vt 0.507839 0.300240
vt 0.486239 0.326830
vt 0.508962 0.321557
vt 0.508963 0.355892
vt 0.486246 0.357064
vt 0.599962 0.358945
vt 0.580668 0.357728
vt 0.595904 0.335944
vt 0.577046 0.333616
vt 0.584335 0.319016
vt 0.572779 0.320710
vt 0.559359 0.295298
vt 0.559346 0.308254
vt 0.533466 0.287555
vt 0.534564 0.300240
vt 0.556194 0.326830
vt 0.533454 0.321557
vt 0.533454 0.355892
vt 0.556194 0.357064
vt 0.019818 0.003434
vt 0.019814 0.035409
vt 0.040401 0.035409
vt 0.019814 0.081579
vt 0.040410 0.081579
vt 0.097143 0.035409
vt 0.097184 0.081579
vt 0.158437 0.035409
vt 0.158440 0.081579
vt 0.214293 0.081579
vt 0.214326 0.035409
vt 0.263769 0.081579
vt 0.263780 0.035409
vt 0.282297 0.081550
vt 0.282293 0.035409
vt 0.282293 0.003462
vt 0.263778 0.003462
vt 0.214362 0.003464
vt 0.158450 0.003447
vt 0.097143 0.003429
vt 0.040401 0.003462
vt 0.248727 0.923999
vt 0.247972 0.973493
vt 0.203481 0.923527
vt 0.204635 0.968438
vt 0.153952 0.966362
vt 0.153952 0.922979
vt 0.104421 0.923527
vt 0.103267 0.968438
vt 0.059930 0.973493
vt 0.059175 0.923999
vt 0.626210 0.059387
vt 0.667107 0.058276
vt 0.625206 0.101454
vt 0.667107 0.103034
vt 0.625675 0.143483
vt 0.667107 0.144944
vt 0.708541 0.143483
vt 0.709010 0.101454
vt 0.708006 0.059387
vt 0.949130 0.736435
vt 0.926677 0.736447
vt 0.818491 0.964258
vt 0.796049 0.964246
vt 0.897725 0.736476
vt 0.870169 0.736487
vt 0.841973 0.736478
vt 0.809456 0.736457
vt 0.782653 0.736439
vt 0.962244 0.964249
vt 0.935498 0.964268
vt 0.903053 0.964289
vt 0.874918 0.964299
vt 0.847421 0.964287
vt 0.838826 0.235266
vt 0.818547 0.235253
vt 0.838826 0.214229
vt 0.818554 0.214214
vt 0.838826 0.193359
vt 0.818567 0.193358
vt 0.856632 0.235278
vt 0.856632 0.214241
vt 0.884647 0.235286
vt 0.884647 0.214243
vt 0.916636 0.235288
vt 0.916636 0.214236
vt 0.942929 0.214236
vt 0.942929 0.235281
vt 0.970802 0.235271
vt 0.970802 0.214218
vt 0.970802 0.193359
vt 0.942927 0.193359
vt 0.916636 0.193359
vt 0.884644 0.193361
vt 0.856632 0.193361
vt 0.949527 0.434471
vt 0.970249 0.434400
vt 0.949527 0.413092
vt 0.970240 0.413090
vt 0.949525 0.386140
vt 0.970229 0.386129
vt 0.843188 0.434537
vt 0.843188 0.413092
vt 0.870043 0.434573
vt 0.870043 0.413092
vt 0.902715 0.413093
vt 0.902715 0.434568
vt 0.931328 0.413092
vt 0.931330 0.434526
vt 0.931330 0.386179
vt 0.902720 0.386186
vt 0.870043 0.386162
vt 0.843190 0.386148
vt 0.814719 0.386141
vt 0.814719 0.413090
vt 0.814719 0.434494
vt 0.818491 0.792311
vt 0.847422 0.792312
vt 0.818491 0.781686
vt 0.847422 0.781686
vt 0.874921 0.792314
vt 0.903048 0.792314
vt 0.818491 0.772333
vt 0.847422 0.772333
vt 0.874919 0.772333
vt 0.874919 0.781686
vt 0.903048 0.772333
vt 0.903048 0.781685
vt 0.935493 0.781685
vt 0.935493 0.792314
vt 0.962240 0.792314
vt 0.962240 0.781686
vt 0.962240 0.772333
vt 0.935493 0.772333
vt 0.897723 0.560306
vt 0.870167 0.560306
vt 0.870165 0.570558
vt 0.841976 0.570558
vt 0.809461 0.570558
vt 0.897723 0.570558
vt 0.926677 0.570557
vt 0.926677 0.560306
vt 0.782657 0.570558
vt 0.809461 0.560304
vt 0.841978 0.560304
vt 0.841978 0.551282
vt 0.870167 0.551282
vt 0.897723 0.551282
vt 0.926677 0.551282
vt 0.809461 0.551282
vt 0.782657 0.551282
vt 0.782655 0.560304
vt 0.949138 0.551282
vt 0.949130 0.560306
vt 0.949127 0.570592
vt 0.796040 0.772333
vt 0.796049 0.781686
vt 0.796052 0.792349
vt 0.828765 0.039899
vt 0.799407 0.018054
vt 0.796344 0.066127
vt 0.770479 0.029215
vt 0.761159 0.064948
vt 0.770776 0.098728
vt 0.792983 0.108200
vt 0.820851 0.099307
vt 0.831902 0.071546
vt 0.314976 0.486104
vt 0.311916 0.517785
vt 0.346628 0.512362
vt 0.322704 0.545578
vt 0.349909 0.554482
vt 0.371589 0.544999
vt 0.380978 0.511181
vt 0.371879 0.475408
vt 0.343639 0.464234
vt 0.508952 0.468425
vt 0.486217 0.429096
vt 0.508957 0.429132
vt 0.243868 0.647112
vt 0.276649 0.603496
vt 0.262535 0.614649
vt 0.276649 0.680155
vt 0.309430 0.647112
vt 0.290763 0.614649
vt 0.241345 0.539859
vt 0.210420 0.503855
vt 0.239647 0.504472
vt 0.186573 0.503467
vt 0.206132 0.536131
vt 0.203915 0.563425
vt 0.228923 0.564173
vt 0.202622 0.586973
vt 0.229262 0.587136
vt 0.200941 0.611203
vt 0.212071 0.614116
vt 0.180739 0.613685
vt 0.153172 0.613689
vt 0.178942 0.587510
vt 0.153172 0.588311
vt 0.181131 0.562389
vt 0.153172 0.562236
vt 0.153172 0.535042
vt 0.125212 0.562389
vt 0.122232 0.535707
vt 0.102428 0.563425
vt 0.100213 0.536131
vt 0.064998 0.539859
vt 0.095923 0.503855
vt 0.066696 0.504472
vt 0.184111 0.535707
vt 0.077420 0.564173
vt 0.103721 0.586973
vt 0.077081 0.587136
vt 0.105403 0.611203
vt 0.094273 0.614116
vt 0.125605 0.613685
vt 0.127403 0.587510
vt 0.119772 0.503467
vt 0.556197 0.429096
vt 0.533457 0.468425
vt 0.533455 0.429132
vt 0.607677 0.429072
vt 0.621842 0.469722
vt 0.584342 0.429071
vt 0.587056 0.468482
vt 0.556198 0.468262
vt 0.533460 0.496310
vt 0.556202 0.494935
vt 0.533465 0.528038
vt 0.556206 0.525843
vt 0.533470 0.542492
vt 0.556214 0.541870
vt 0.585146 0.539687
vt 0.597495 0.540811
vt 0.584709 0.523319
vt 0.614365 0.519699
vt 0.619875 0.491419
vt 0.586532 0.493442
vt 0.434716 0.429072
vt 0.458054 0.429071
vt 0.420553 0.469722
vt 0.455339 0.468482
vt 0.455863 0.493442
vt 0.486189 0.494935
vt 0.486151 0.525843
vt 0.508929 0.528038
vt 0.508916 0.542492
vt 0.521198 0.542266
vt 0.521198 0.528002
vt 0.422518 0.491419
vt 0.457686 0.523319
vt 0.428029 0.519699
vt 0.444943 0.540811
vt 0.457249 0.539687
vt 0.486091 0.541870
vt 0.486213 0.468262
vt 0.508945 0.496310
vt 0.153172 0.503637
vt 0.019827 0.255111
vt 0.019801 0.291699
vt 0.040429 0.255111
vt 0.040448 0.291693
vt 0.097392 0.291699
vt 0.019827 0.223249
vt 0.040427 0.223249
vt 0.097194 0.255111
vt 0.158455 0.255111
vt 0.158478 0.291699
vt 0.214261 0.291693
vt 0.282297 0.174397
vt 0.263756 0.174399
vt 0.282297 0.223249
vt 0.263752 0.223249
vt 0.282297 0.255044
vt 0.263748 0.255111
vt 0.282293 0.291699
vt 0.263726 0.291693
vt 0.214392 0.255111
vt 0.158437 0.223249
vt 0.097164 0.223249
vt 0.040423 0.174399
vt 0.019814 0.174399
vt 0.214384 0.223249
vt 0.158440 0.174399
vt 0.097164 0.174399
vt 0.214388 0.174399
vt 0.508960 0.392037
vt 0.153172 0.467057
vt 0.214371 0.126784
vt 0.263763 0.126784
vt 0.282297 0.126778
vt 0.158440 0.126784
vt 0.097179 0.126784
vt 0.040416 0.126784
vt 0.019814 0.126784
vt 0.187573 0.467048
vt 0.214420 0.467053
vt 0.243189 0.467057
vt 0.118770 0.467048
vt 0.091923 0.467053
vt 0.063155 0.467057
vt 0.459424 0.391937
vt 0.486239 0.391995
vt 0.438112 0.391856
vt 0.533454 0.392037
vt 0.556194 0.391995
vt 0.582971 0.391937
vt 0.604282 0.391856
vt 0.802675 0.256060
vt 0.802675 0.276573
vt 0.802675 0.303764
vt 0.802675 0.329658
vt 0.986895 0.256060
vt 0.986895 0.276573
vt 0.986895 0.303764
vt 0.986895 0.329658
vt 0.986464 0.455647
vt 0.986464 0.476515
vt 0.986464 0.504177
vt 0.986465 0.530513
vt 0.798280 0.455647
vt 0.798280 0.476515
vt 0.798280 0.504177
vt 0.798280 0.530513
vt 0.285059 0.751200
vt 0.286698 0.799583
vt 0.319860 0.703255
vt 0.307870 0.756815
vt 0.286146 0.857447
vt 0.307155 0.825478
vt 0.020907 0.799583
vt 0.022547 0.751200
vt 0.735058 0.756815
vt 0.723069 0.703255
vt 0.021459 0.857447
vt 0.735773 0.825478
vt 0.056804 0.672421
vt 0.025480 0.705007
vt 0.097415 0.625977
vt 0.083235 0.648341
vt 0.250795 0.672421
vt 0.282125 0.705007
vt 0.375708 0.615276
vt 0.353651 0.658595
vt 0.213165 0.625977
vt 0.224370 0.648341
vt 0.402121 0.580638
vt 0.414964 0.551359
vt 0.627430 0.551359
vt 0.640808 0.580638
vt 0.667221 0.615276
vt 0.689278 0.658595
vt 0.778361 0.525124
vt 0.745366 0.521559
vt 0.986814 0.342443
vt 0.970802 0.342443
vt 0.916639 0.342468
vt 0.884644 0.342468
vt 0.650999 0.239624
vt 0.627649 0.241247
vt 0.712002 0.544182
vt 0.714494 0.240354
vt 0.732314 0.240836
vt 0.942931 0.342446
vt 0.802594 0.342443
vt 0.818542 0.342448
vt 0.838826 0.342460
vt 0.856631 0.342465
vt 0.691730 0.238008
vt 0.666137 0.238969
vt 0.886370 0.125744
vt 0.853576 0.129212
vt 0.814719 0.543528
vt 0.798388 0.543528
vt 0.902720 0.543552
vt 0.870041 0.543552
vt 0.406758 0.310405
vt 0.383640 0.306712
vt 0.918782 0.147755
vt 0.302512 0.300867
vt 0.320310 0.301925
vt 0.986493 0.543528
vt 0.970253 0.543533
vt 0.949527 0.543544
vt 0.843186 0.543531
vt 0.931332 0.543549
vt 0.368616 0.304723
vt 0.343201 0.301512
vt 0.761461 0.706591
vt 0.761461 0.676941
vt 0.761465 0.645031
vt 0.761469 0.609903
vt 0.761464 0.580001
vt 0.983387 0.802101
vt 0.983382 0.833095
vt 0.983387 0.869504
vt 0.983390 0.902580
vt 0.983390 0.933311
vt 0.763419 0.802101
vt 0.763416 0.833095
vt 0.763419 0.869504
vt 0.763424 0.902580
vt 0.763422 0.933311
vt 0.981830 0.580001
vt 0.981833 0.609903
vt 0.981830 0.645031
vt 0.981825 0.676941
vt 0.981825 0.706591
vt 0.508722 0.258319
vt 0.521198 0.285557
vt 0.521163 0.258249
vt 0.533604 0.258319
vt 0.459907 0.313346
vt 0.469477 0.296498
vt 0.441290 0.325695
vt 0.453218 0.319032
vt 0.420891 0.336765
vt 0.426070 0.327839
vt 0.470237 0.282323
vt 0.480527 0.267676
vt 0.223456 0.338796
vt 0.241648 0.357928
vt 0.274482 0.400224
vt 0.273337 0.409558
vt 0.264272 0.395859
vt 0.035108 0.433812
vt 0.033007 0.409558
vt 0.625039 0.359956
vt 0.621503 0.336765
vt 0.589176 0.319032
vt 0.601104 0.325695
vt 0.575951 0.296498
vt 0.585521 0.313413
vt 0.083932 0.338796
vt 0.086682 0.312351
vt 0.105521 0.298390
vt 0.042072 0.395859
vt 0.053386 0.386967
vt 0.616324 0.327839
vt 0.561799 0.267676
vt 0.572088 0.282323
vt 0.065741 0.357928
vt 0.031857 0.400224
vt 0.271238 0.433812
vt 0.417355 0.359956
vt 0.252959 0.386967
vt 0.201868 0.298390
vt 0.220706 0.312351
vt 0.175374 0.298614
vt 0.153695 0.298703
vt 0.132015 0.298614
vt 0.621664 0.197547
vt 0.584857 0.179151
vt 0.572254 0.141528
vt 0.626643 0.018715
vt 0.599329 0.035540
vt 0.577181 0.062673
vt 0.761962 0.141528
vt 0.749359 0.179151
vt 0.712550 0.197547
vt 0.757033 0.062673
vt 0.734887 0.035540
vt 0.707573 0.018715
vt 0.013578 0.976277
vt 0.020673 0.923820
vt 0.308690 0.983154
vt 0.311256 0.966488
vt 0.353141 0.983281
vt 0.390216 0.979364
vt 0.479349 0.976701
vt 0.443317 0.976098
vt 0.294027 0.976277
vt 0.286932 0.923820
vt 0.293572 0.986451
vt 0.248295 0.982982
vt 0.207313 0.980176
vt 0.153952 0.979439
vt 0.100590 0.980176
vt 0.571734 0.102078
vt 0.306984 0.904241
vt 0.059607 0.982982
vt 0.014033 0.986451
vt 0.734238 0.983154
vt 0.689787 0.983281
vt 0.731672 0.966488
vt 0.652712 0.979364
vt 0.563543 0.976701
vt 0.599135 0.976097
vt 0.667107 0.204117
vt 0.735945 0.904241
vt 0.762482 0.102078
vt 0.682808 0.015618
vt 0.667019 0.015630
vt 0.651413 0.015618
vt 0.503320 0.976086
vt 0.521343 0.976087
vt 0.539576 0.976086
vt 0.949130 0.759330
vt 0.981824 0.759329
vt 0.981822 0.736429
vt 0.761459 0.759329
vt 0.782653 0.759332
vt 0.761457 0.736429
vt 0.255948 0.376440
vt 0.274482 0.373348
vt 0.260076 0.380584
vt 0.274482 0.379152
vt 0.274482 0.395011
vt 0.267618 0.391954
vt 0.438539 0.321933
vt 0.425699 0.322855
vt 0.435997 0.305946
vt 0.454283 0.311862
vt 0.434268 0.311695
vt 0.449859 0.313747
vt 0.763427 0.964239
vt 0.763426 0.987975
vt 0.796049 0.987976
vt 0.962244 0.987978
vt 0.983393 0.964239
vt 0.983392 0.987975
vt 0.031846 0.379152
vt 0.031844 0.373348
vt 0.046268 0.380584
vt 0.050397 0.376440
vt 0.038726 0.391954
vt 0.031857 0.395011
vt 0.616694 0.322855
vt 0.603854 0.321933
vt 0.592535 0.313747
vt 0.588111 0.311862
vt 0.608125 0.311695
vt 0.606397 0.305946
vt 0.592357 0.316925
vt 0.809456 0.759337
vt 0.841971 0.759347
vt 0.046270 0.386811
vt 0.869818 0.759357
vt 0.897726 0.759364
vt 0.926677 0.759339
vt 0.450037 0.316925
vt 0.260075 0.386811
vt 0.818491 0.987985
vt 0.847419 0.988011
vt 0.875267 0.988004
vt 0.903053 0.987993
vt 0.935498 0.987981
vt 0.942927 0.178772
vt 0.916636 0.178772
vt 0.970803 0.178772
vt 0.970805 0.173671
vt 0.942927 0.173671
vt 0.916636 0.173671
vt 0.802677 0.193358
vt 0.818563 0.178772
vt 0.802677 0.178772
vt 0.818561 0.173671
vt 0.802677 0.173671
vt 0.838826 0.178772
vt 0.838826 0.173671
vt 0.986899 0.173671
vt 0.986899 0.178772
vt 0.986897 0.193358
vt 0.856634 0.178772
vt 0.856634 0.173671
vt 0.802675 0.235263
vt 0.802677 0.214214
vt 0.986897 0.235263
vt 0.986897 0.214214
vt 0.884786 0.178772
vt 0.884928 0.173670
vt 0.843190 0.366120
vt 0.843190 0.371296
vt 0.814715 0.366133
vt 0.814717 0.371277
vt 0.870043 0.371351
vt 0.870045 0.366116
vt 0.949525 0.371267
vt 0.931328 0.371416
vt 0.949525 0.366123
vt 0.931327 0.366113
vt 0.798276 0.366133
vt 0.798276 0.371258
vt 0.798276 0.386136
vt 0.970231 0.371230
vt 0.986464 0.386136
vt 0.986464 0.371258
vt 0.970234 0.366130
vt 0.986464 0.366133
vt 0.986464 0.434451
vt 0.986464 0.413090
vt 0.798278 0.434451
vt 0.798278 0.413090
vt 0.902574 0.371436
vt 0.902428 0.366107
vt 0.763327 0.772333
vt 0.763490 0.781641
vt 0.763424 0.792316
vt 0.981921 0.551282
vt 0.981759 0.560262
vt 0.981825 0.570562
vt 0.761459 0.570562
vt 0.761399 0.560262
vt 0.761550 0.551282
vt 0.983302 0.772333
vt 0.983451 0.781641
vt 0.983392 0.792316
vt 0.266782 0.505634
vt 0.264554 0.539297
vt 0.402310 0.460822
vt 0.409037 0.429028
vt 0.237645 0.565476
vt 0.243131 0.553119
vt 0.411653 0.509836
vt 0.401119 0.512378
vt 0.403507 0.522026
vt 0.242281 0.592318
vt 0.242281 0.582228
vt 0.242016 0.578673
vt 0.396492 0.472627
vt 0.402559 0.474075
vt 0.264553 0.551643
vt 0.041808 0.539297
vt 0.039573 0.505634
vt 0.633357 0.429028
vt 0.640084 0.460822
vt 0.063212 0.553119
vt 0.068698 0.565476
vt 0.638887 0.522026
vt 0.641275 0.512378
vt 0.630741 0.509836
vt 0.064327 0.578673
vt 0.064096 0.582228
vt 0.064097 0.592318
vt 0.639835 0.474075
vt 0.645902 0.472627
vt 0.041816 0.551643
vt 0.629678 0.490641
vt 0.411469 0.540635
vt 0.076386 0.615760
vt 0.229989 0.615760
vt 0.412716 0.490641
vt 0.630924 0.540635
vt 0.629548 0.391798
vt 0.267896 0.467113
vt 0.412845 0.391798
vt 0.038455 0.467113
vt 0.297372 0.081515
vt 0.297355 0.035409
vt 0.297364 0.003467
vt 0.008249 0.003467
vt 0.008249 0.035409
vt 0.008249 0.081579
vt 0.523455 0.354340
vt 0.523455 0.319882
vt 0.521198 0.300127
vt 0.521198 0.429130
vt 0.297357 0.255111
vt 0.297361 0.291770
vt 0.008275 0.291710
vt 0.008249 0.255111
vt 0.297385 0.174412
vt 0.297387 0.223197
vt 0.008249 0.174399
vt 0.008249 0.223249
vt 0.521198 0.468343
vt 0.521198 0.496196
vt 0.523455 0.391305
vt 0.297381 0.126828
vt 0.008249 0.126784
s 1
usemtl Material.004
f 1/1/1 2/2/2 3/3/3
f 2/2/2 4/4/4 3/3/3
f 3/3/3 4/4/4 5/5/5
f 4/4/4 6/6/6 5/5/5
f 5/5/5 6/6/6 7/7/7
f 6/6/6 8/8/8 7/7/7
f 8/8/8 6/6/6 9/9/9
f 6/6/6 10/10/10 9/9/9
f 9/9/9 10/10/10 11/11/11
f 10/10/10 12/12/12 11/11/11
f 12/12/12 13/13/13 11/11/11
f 11/11/11 13/13/13 14/14/14
f 13/13/13 15/15/15 14/14/14
f 14/14/14 15/15/15 16/16/16
f 15/15/15 17/17/17 16/16/16
f 16/16/16 17/17/17 18/18/18
f 10/10/10 19/19/19 12/12/12
f 19/19/19 20/20/20 12/12/12
f 20/20/20 21/21/21 12/12/12
f 12/12/12 21/21/21 13/13/13
f 21/21/21 22/22/22 13/13/13
f 13/13/13 22/22/22 15/15/15
f 15/15/15 22/22/22 17/17/17
f 22/22/22 23/23/23 17/17/17
f 6/6/6 4/4/4 10/10/10
f 10/10/10 4/4/4 19/19/19
f 4/4/4 2/2/2 19/19/19
f 2/2/2 24/24/24 19/19/19
f 19/19/19 24/24/24 20/20/20
f 24/24/24 25/25/25 20/20/20
f 20/20/20 25/25/25 21/21/21
f 25/25/25 26/26/26 21/21/21
f 26/26/26 27/27/27 21/21/21
f 21/21/21 27/27/27 22/22/22
f 22/22/22 27/27/27 23/23/23
f 27/27/27 28/28/28 23/23/23
f 29/29/29 30/30/30 31/31/31
f 31/31/31 30/30/30 32/32/32
f 30/30/30 33/33/33 32/32/32
f 32/32/32 33/33/33 34/34/34
f 33/33/33 35/35/35 34/34/34
f 34/34/34 35/35/35 36/36/36
f 37/37/37 38/38/38 39/39/39
f 38/38/38 40/40/40 39/39/39
f 39/39/39 40/40/40 41/41/41
f 40/40/40 42/42/42 41/41/41
f 41/41/41 42/42/42 43/43/43
f 42/42/42 44/44/44 43/43/43
f 44/44/44 45/45/45 43/43/43
f 43/43/43 45/45/45 46/46/46
f 45/45/45 34/34/34 46/46/46
f 46/46/46 34/34/34 36/36/36
f 45/45/45 44/44/44 47/47/47
f 47/47/47 44/44/44 48/48/48
f 48/48/48 44/44/44 49/49/49
f 44/44/44 42/42/42 49/49/49
f 49/49/49 42/42/42 50/50/50
f 42/42/42 40/40/40 50/50/50
f 40/40/40 38/38/38 50/50/50
f 50/50/50 38/38/38 51/51/51
f 34/34/34 45/45/45 32/32/32
f 45/45/45 47/47/47 32/32/32
f 32/32/32 47/47/47 31/31/31
f 31/31/31 47/47/47 52/52/52
f 47/47/47 48/48/48 52/52/52
f 52/52/52 48/48/48 53/53/53
f 48/48/48 49/49/49 53/53/53
f 53/53/53 49/49/49 54/54/54
f 54/54/54 49/49/49 55/55/55
f 49/49/49 50/50/50 55/55/55
f 50/50/50 51/51/51 55/55/55
f 55/55/55 51/51/51 56/56/56
f 57/57/57 58/58/58 59/59/59
f 58/58/58 57/57/57 60/60/60
f 61/61/61 58/58/58 60/60/60
f 58/58/58 61/61/61 62/62/62
f 63/63/63 64/64/64 65/65/65
f 64/64/64 66/66/66 65/65/65
f 65/65/65 66/66/66 67/67/67
f 63/63/63 68/68/68 64/64/64
f 68/68/68 69/69/69 64/64/64
f 64/64/64 69/69/69 70/70/70
f 69/69/69 71/71/71 70/70/70
f 70/70/70 71/71/71 72/72/72
f 71/71/71 73/73/73 72/72/72
f 72/72/72 73/73/73 74/74/74
f 73/73/73 75/75/75 74/74/74
f 74/74/74 75/75/75 76/76/76
f 76/76/76 75/75/75 77/77/77
f 75/75/75 78/78/78 77/77/77
f 77/77/77 78/78/78 79/79/79
f 78/78/78 80/80/80 79/79/79
f 79/79/79 80/80/80 81/81/81
f 80/80/80 82/82/82 81/81/81
f 81/81/81 82/82/82 83/83/83
f 83/83/83 82/82/82 84/84/84
f 82/82/82 85/85/85 84/84/84
f 85/85/85 86/86/86 84/84/84
f 86/86/86 87/87/87 84/84/84
f 84/84/84 87/87/87 83/83/83
f 87/87/87 88/88/88 83/83/83
f 83/83/83 88/88/88 89/89/89
f 88/88/88 90/90/90 89/89/89
f 85/85/85 82/82/82 91/91/91
f 82/82/82 80/80/80 91/91/91
f 91/91/91 80/80/80 92/92/92
f 92/92/92 80/80/80 93/93/93
f 80/80/80 78/78/78 93/93/93
f 78/78/78 75/75/75 93/93/93
f 93/93/93 75/75/75 94/94/94
f 94/94/94 75/75/75 95/95/95
f 75/75/75 73/73/73 95/95/95
f 73/73/73 71/71/71 95/95/95
f 95/95/95 71/71/71 96/96/96
f 96/96/96 71/71/71 97/97/97
f 71/71/71 69/69/69 97/97/97
f 97/97/97 69/69/69 98/98/98
f 69/69/69 68/68/68 98/98/98
f 98/98/98 68/68/68 99/99/99
f 68/68/68 63/63/63 99/99/99
f 100/100/100 101/101/101 102/102/102
f 101/101/101 103/103/103 102/102/102
f 103/103/103 104/104/104 102/102/102
f 102/102/102 104/104/104 105/105/105
f 106/106/106 107/107/107 108/108/108
f 107/107/107 109/109/109 108/108/108
f 108/108/108 109/109/109 110/110/110
f 109/109/109 111/111/111 110/110/110
f 110/110/110 111/111/111 112/112/112
f 111/111/111 113/113/113 112/112/112
f 112/112/112 113/113/113 114/114/114
f 113/113/113 104/104/104 114/114/114
f 104/104/104 103/103/103 114/114/114
f 103/103/103 115/115/115 114/114/114
f 114/114/114 115/115/115 112/112/112
f 115/115/115 116/116/116 112/112/112
f 116/116/116 117/117/117 112/112/112
f 112/112/112 117/117/117 110/110/110
f 117/117/117 118/118/118 110/110/110
f 110/110/110 118/118/118 108/108/108
f 118/118/118 119/119/119 108/108/108
f 108/108/108 119/119/119 106/106/106
f 120/120/120 121/121/121 122/122/122
f 121/121/121 123/123/123 122/122/122
f 122/122/122 123/123/123 124/124/124
f 123/123/123 125/125/125 124/124/124
f 124/124/124 125/125/125 101/101/101
f 101/101/101 125/125/125 103/103/103
f 103/103/103 125/125/125 115/115/115
f 125/125/125 123/123/123 115/115/115
f 115/115/115 123/123/123 116/116/116
f 116/116/116 123/123/123 117/117/117
f 123/123/123 121/121/121 117/117/117
f 117/117/117 121/121/121 118/118/118
f 118/118/118 121/121/121 126/126/126
f 121/121/121 120/120/120 126/126/126
f 120/120/120 127/127/127 126/126/126
f 127/127/127 128/128/128 126/126/126
f 128/128/128 129/129/129 126/126/126
f 126/126/126 129/129/129 118/118/118
f 129/129/129 130/130/130 118/118/118
f 130/130/130 119/119/119 118/118/118
f 131/131/131 132/132/132 133/133/133
f 132/132/132 134/134/134 133/133/133
f 133/133/133 134/134/134 135/135/135
f 136/136/136 137/137/137 134/134/134
f 134/134/134 137/137/137 135/135/135
f 137/137/137 138/138/138 135/135/135
f 138/138/138 139/139/139 135/135/135
f 135/135/135 139/139/139 133/133/133
f 139/139/139 140/140/140 133/133/133
f 140/140/140 141/141/141 133/133/133
f 133/133/133 141/141/141 142/142/142
f 141/141/141 143/143/143 142/142/142
f 142/142/142 143/143/143 144/144/144
f 143/143/143 145/145/145 144/144/144
f 144/144/144 145/145/145 146/146/146
f 145/145/145 147/147/147 146/146/146
f 146/146/146 147/147/147 148/148/148
f 147/147/147 149/149/149 148/148/148
f 149/149/149 150/150/150 148/148/148
f 150/150/150 151/151/151 148/148/148
f 148/148/148 151/151/151 146/146/146
f 151/151/151 152/152/152 146/146/146
f 152/152/152 153/153/153 146/146/146
f 146/146/146 153/153/153 144/144/144
f 144/144/144 153/153/153 142/142/142
f 153/153/153 131/131/131 142/142/142
f 142/142/142 131/131/131 133/133/133
f 90/90/90 155/154/154 154/155/155
f 154/155/155 155/154/154 140/140/140
f 140/140/140 155/154/154 141/141/141
f 155/154/154 156/156/156 141/141/141
f 141/141/141 156/156/156 143/143/143
f 156/156/156 157/157/157 143/143/143
f 143/143/143 157/157/157 145/145/145
f 157/157/157 158/158/158 145/145/145
f 145/145/145 158/158/158 147/147/147
f 158/158/158 159/159/159 147/147/147
f 147/147/147 159/159/159 160/160/160
f 160/160/160 159/159/159 161/161/161
f 159/159/159 158/158/158 161/161/161
f 161/161/161 158/158/158 162/162/162
f 158/158/158 157/157/157 162/162/162
f 162/162/162 157/157/157 86/86/86
f 157/157/157 156/156/156 86/86/86
f 86/86/86 156/156/156 87/87/87
f 156/156/156 155/154/154 87/87/87
f 87/87/87 155/154/154 88/88/88
f 155/154/154 90/90/90 88/88/88
f 161/161/161 162/162/162 163/163/163
f 162/162/162 86/86/86 163/163/163
f 163/163/163 86/86/86 164/164/164
f 86/86/86 85/85/85 164/164/164
f 85/85/85 91/91/91 164/164/164
f 164/164/164 91/91/91 165/165/165
f 91/91/91 92/92/92 165/165/165
f 165/165/165 92/92/92 166/166/166
f 92/92/92 160/160/160 166/166/166
f 160/160/160 161/161/161 166/166/166
f 166/166/166 161/161/161 165/165/165
f 165/165/165 161/161/161 164/164/164
f 161/161/161 163/163/163 164/164/164
f 167/167/167 168/168/168 169/169/169
f 168/168/168 149/149/149 169/169/169
f 169/169/169 149/149/149 170/170/170
f 149/149/149 147/147/147 170/170/170
f 147/147/147 160/160/160 170/170/170
f 160/160/160 92/92/92 170/170/170
f 170/170/170 92/92/92 169/169/169
f 92/92/92 93/93/93 169/169/169
f 93/93/93 94/94/94 169/169/169
f 169/169/169 94/94/94 167/167/167
f 94/94/94 171/171/171 167/167/167
f 167/167/167 171/171/171 168/168/168
f 168/168/168 171/171/171 172/172/172
f 171/171/171 173/173/173 172/172/172
f 172/172/172 173/173/173 174/174/174
f 174/174/174 173/173/173 175/175/175
f 175/175/175 173/173/173 96/96/96
f 173/173/173 171/171/171 96/96/96
f 96/96/96 171/171/171 95/95/95
f 171/171/171 94/94/94 95/95/95
f 150/150/150 149/149/149 176/176/176
f 149/149/149 168/168/168 176/176/176
f 168/168/168 172/172/172 176/176/176
f 176/176/176 172/172/172 177/177/177
f 177/177/177 172/172/172 178/178/178
f 172/172/172 174/174/174 178/178/178
f 178/178/178 174/174/174 179/179/179
f 174/174/174 180/180/180 179/179/179
f 180/180/180 181/181/181 179/179/179
f 181/181/181 182/182/182 179/179/179
f 182/182/182 183/183/183 179/179/179
f 183/183/183 184/184/184 179/179/179
f 179/179/179 184/184/184 178/178/178
f 178/178/178 184/184/184 177/177/177
f 184/184/184 185/185/185 177/177/177
f 177/177/177 185/185/185 176/176/176
f 185/185/185 186/186/186 176/176/176
f 186/186/186 187/187/187 176/176/176
f 176/176/176 187/187/187 150/150/150
f 187/187/187 151/151/151 150/150/150
f 188/188/188 136/136/136 189/189/189
f 136/136/136 134/134/134 189/189/189
f 189/189/189 134/134/134 190/190/190
f 134/134/134 132/132/132 190/190/190
f 190/190/190 132/132/132 191/191/191
f 132/132/132 131/131/131 191/191/191
f 191/191/191 131/131/131 192/192/192
f 192/192/192 131/131/131 193/193/193
f 131/131/131 153/153/153 193/193/193
f 153/153/153 152/152/152 193/193/193
f 193/193/193 152/152/152 194/194/194
f 194/194/194 152/152/152 195/195/195
f 152/152/152 151/151/151 195/195/195
f 151/151/151 187/187/187 195/195/195
f 195/195/195 187/187/187 196/196/196
f 187/187/187 186/186/186 196/196/196
f 196/196/196 186/186/186 197/197/197
f 197/197/197 186/186/186 198/198/198
f 186/186/186 185/185/185 198/198/198
f 198/198/198 185/185/185 199/199/199
f 185/185/185 184/184/184 199/199/199
f 184/184/184 183/183/183 199/199/199
f 199/199/199 183/183/183 200/200/200
f 183/183/183 201/201/201 200/200/200
f 198/198/198 202/202/202 197/197/197
f 197/197/197 202/202/202 196/196/196
f 202/202/202 203/203/203 196/196/196
f 203/203/203 204/204/204 196/196/196
f 196/196/196 204/204/204 195/195/195
f 195/195/195 204/204/204 194/194/194
f 204/204/204 205/205/205 194/194/194
f 194/194/194 205/205/205 193/193/193
f 205/205/205 206/206/206 193/193/193
f 193/193/193 206/206/206 192/192/192
f 206/206/206 207/207/207 192/192/192
f 192/192/192 207/207/207 191/191/191
f 207/207/207 208/208/208 191/191/191
f 191/191/191 208/208/208 190/190/190
f 208/208/208 209/209/209 190/190/190
f 209/209/209 210/210/210 190/190/190
f 190/190/190 210/210/210 189/189/189
f 210/210/210 211/211/211 189/189/189
f 189/189/189 211/211/211 188/188/188
f 211/211/211 212/212/212 188/188/188
f 188/188/188 212/212/212 213/213/213
f 213/213/213 212/212/212 214/214/214
f 212/212/212 215/215/215 214/214/214
f 215/215/215 216/216/216 214/214/214
f 202/202/202 198/198/198 217/217/217
f 217/217/217 198/198/198 218/218/218
f 198/198/198 199/199/199 218/218/218
f 199/199/199 200/200/200 218/218/218
f 218/218/218 200/200/200 219/219/219
f 200/200/200 201/201/201 219/219/219
f 219/219/219 201/201/201 220/220/220
f 201/201/201 221/221/221 220/220/220
f 220/220/220 221/221/221 222/222/222
f 221/221/221 223/223/223 222/222/222
f 222/222/222 223/223/223 224/224/224
f 223/223/223 225/225/225 224/224/224
f 224/224/224 225/225/225 226/226/226
f 226/226/226 225/225/225 227/227/227
f 225/225/225 228/228/228 227/227/227
f 227/227/227 228/228/228 229/229/229
f 228/228/228 230/230/230 229/229/229
f 229/229/229 230/230/230 216/216/216
f 230/230/230 231/231/231 216/216/216
f 216/216/216 231/231/231 214/214/214
f 231/231/231 232/232/232 214/214/214
f 214/214/214 232/232/232 213/213/213
f 232/232/232 233/233/233 213/213/213
f 213/213/213 233/233/233 188/188/188
f 183/183/183 182/182/182 201/201/201
f 182/182/182 234/234/234 201/201/201
f 201/201/201 234/234/234 221/221/221
f 221/221/221 234/234/234 223/223/223
f 234/234/234 235/235/235 223/223/223
f 223/223/223 235/235/235 225/225/225
f 235/235/235 236/236/236 225/225/225
f 225/225/225 236/236/236 228/228/228
f 236/236/236 237/237/237 228/228/228
f 228/228/228 237/237/237 230/230/230
f 237/237/237 238/238/238 230/230/230
f 238/238/238 239/239/239 230/230/230
f 230/230/230 239/239/239 231/231/231
f 231/231/231 239/239/239 232/232/232
f 239/239/239 240/240/240 232/232/232
f 232/232/232 240/240/240 241/241/241
f 240/240/240 242/242/242 241/241/241
f 242/242/242 243/243/243 241/241/241
f 241/241/241 243/243/243 232/232/232
f 243/243/243 233/233/233 232/232/232
f 244/244/244 245/245/245 246/246/246
f 245/245/245 247/247/247 246/246/246
f 246/246/246 247/247/247 236/236/236
f 236/236/236 247/247/247 237/237/237
f 247/247/247 248/248/248 237/237/237
f 237/237/237 248/248/248 238/238/238
f 238/238/238 248/248/248 239/239/239
f 239/239/239 248/248/248 240/240/240
f 248/248/248 249/249/249 240/240/240
f 240/240/240 249/249/249 242/242/242
f 242/242/242 249/249/249 250/250/250
f 249/249/249 251/251/251 250/250/250
f 250/250/250 251/251/251 252/252/252
f 251/251/251 253/253/253 252/252/252
f 252/252/252 253/253/253 254/254/254
f 254/254/254 253/253/253 255/255/255
f 255/255/255 253/253/253 256/256/256
f 256/256/256 253/253/253 257/257/257
f 253/253/253 251/251/251 257/257/257
f 257/257/257 251/251/251 258/258/258
f 258/258/258 251/251/251 245/245/245
f 251/251/251 249/249/249 245/245/245
f 245/245/245 249/249/249 247/247/247
f 249/249/249 248/248/248 247/247/247
f 259/259/259 260/260/260 254/254/254
f 254/254/254 260/260/260 252/252/252
f 260/260/260 261/261/261 252/252/252
f 252/252/252 261/261/261 250/250/250
f 261/261/261 262/262/262 250/250/250
f 250/250/250 262/262/262 242/242/242
f 242/242/242 262/262/262 243/243/243
f 262/262/262 263/263/263 243/243/243
f 243/243/243 263/263/263 233/233/233
f 263/263/263 264/264/264 233/233/233
f 233/233/233 264/264/264 188/188/188
f 188/188/188 264/264/264 136/136/136
f 264/264/264 263/263/263 136/136/136
f 136/136/136 263/263/263 137/137/137
f 263/263/263 262/262/262 137/137/137
f 137/137/137 262/262/262 138/138/138
f 262/262/262 261/261/261 138/138/138
f 138/138/138 261/261/261 265/265/265
f 265/265/265 261/261/261 266/266/266
f 261/261/261 260/260/260 266/266/266
f 266/266/266 260/260/260 267/267/267
f 260/260/260 259/259/259 267/267/267
f 268/268/268 269/269/269 270/270/270
f 269/269/269 271/271/271 270/270/270
f 271/271/271 58/58/58 270/270/270
f 270/270/270 58/58/58 62/62/62
f 59/59/59 58/58/58 272/272/272
f 58/58/58 271/271/271 272/272/272
f 271/271/271 269/269/269 272/272/272
f 272/272/272 269/269/269 273/273/273
f 269/269/269 274/274/274 273/273/273
f 273/273/273 274/274/274 275/275/275
f 276/276/276 202/277/202 274/274/274
f 202/277/202 217/278/217 274/274/274
f 274/274/274 217/278/217 275/275/275
f 217/278/217 218/279/218 275/275/275
f 218/279/218 219/280/219 275/275/275
f 219/280/219 277/281/277 275/275/275
f 275/275/275 277/281/277 273/273/273
f 277/281/277 278/282/278 273/273/273
f 273/273/273 278/282/278 272/272/272
f 278/282/278 279/283/279 272/272/272
f 272/272/272 279/283/279 59/59/59
f 279/283/279 280/284/280 59/59/59
f 280/284/280 281/285/281 59/59/59
f 59/59/59 281/285/281 57/57/57
f 57/57/57 281/285/281 282/286/282
f 281/285/281 283/287/283 282/286/282
f 283/287/283 226/288/226 282/286/282
f 226/288/226 227/289/227 282/286/282
f 227/289/227 229/290/229 282/286/282
f 229/290/229 284/291/284 282/286/282
f 282/286/282 284/291/284 57/57/57
f 57/57/57 284/291/284 60/60/60
f 60/60/60 284/291/284 285/292/285
f 284/291/284 229/290/229 285/292/285
f 229/290/229 216/293/216 285/292/285
f 216/293/216 215/294/215 285/292/285
f 215/294/215 212/295/212 285/292/285
f 212/295/212 211/296/211 285/292/285
f 211/296/211 286/297/286 285/292/285
f 285/292/285 286/297/286 60/60/60
f 60/60/60 286/297/286 61/61/61
f 61/61/61 286/297/286 287/298/287
f 286/297/286 211/296/211 287/298/287
f 211/296/211 210/299/210 287/298/287
f 210/299/210 209/300/209 287/298/287
f 209/300/209 288/301/288 287/298/287
f 288/301/288 289/302/289 287/298/287
f 287/298/287 289/302/289 61/61/61
f 289/302/289 62/62/62 61/61/61
f 205/303/205 290/304/290 206/305/206
f 290/304/290 291/306/291 206/305/206
f 206/305/206 291/306/291 207/307/207
f 291/306/291 292/308/292 207/307/207
f 207/307/207 292/308/292 208/309/208
f 292/308/292 293/310/293 208/309/208
f 208/309/208 293/310/293 209/300/209
f 209/300/209 293/310/293 288/301/288
f 293/310/293 294/311/294 288/301/288
f 288/301/288 294/311/294 289/302/289
f 294/311/294 295/312/295 289/302/289
f 289/302/289 295/312/295 62/62/62
f 295/312/295 296/313/296 62/62/62
f 62/62/62 296/313/296 270/270/270
f 296/313/296 297/314/297 270/270/270
f 270/270/270 297/314/297 268/268/268
f 297/314/297 290/304/290 268/268/268
f 268/268/268 290/304/290 298/315/298
f 290/304/290 205/303/205 298/315/298
f 205/303/205 204/316/204 298/315/298
f 204/316/204 203/317/203 298/315/298
f 298/315/298 203/317/203 299/318/299
f 203/317/203 202/277/202 299/318/299
f 299/318/299 202/277/202 276/276/276
f 295/312/295 294/311/294 300/319/300
f 294/311/294 293/310/293 300/319/300
f 300/319/300 293/310/293 301/320/301
f 293/310/293 292/308/292 301/320/301
f 301/320/301 292/308/292 302/321/302
f 292/308/292 291/306/291 302/321/302
f 291/306/291 290/304/290 302/321/302
f 290/304/290 297/314/297 302/321/302
f 302/321/302 297/314/297 301/320/301
f 297/314/297 296/313/296 301/320/301
f 301/320/301 296/313/296 300/319/300
f 296/313/296 295/312/295 300/319/300
f 274/274/274 269/269/269 276/276/276
f 276/276/276 269/269/269 299/318/299
f 269/269/269 268/268/268 299/318/299
f 299/318/299 268/268/268 298/315/298
f 303/322/303 304/323/304 305/324/305
f 304/323/304 306/325/306 305/324/305
f 306/325/306 99/99/99 305/324/305
f 305/324/305 99/99/99 303/322/303
f 99/99/99 306/325/306 98/98/98
f 98/98/98 306/325/306 97/97/97
f 306/325/306 307/326/307 97/97/97
f 97/97/97 307/326/307 96/96/96
f 307/326/307 308/327/308 96/96/96
f 96/96/96 308/327/308 175/175/175
f 175/175/175 308/327/308 304/323/304
f 308/327/308 307/326/307 304/323/304
f 304/323/304 307/326/307 306/325/306
f 309/328/309 310/329/310 67/67/67
f 67/67/67 310/329/310 65/65/65
f 65/65/65 310/329/310 63/63/63
f 310/329/310 311/330/311 63/63/63
f 63/63/63 311/330/311 99/99/99
f 311/330/311 312/331/312 99/99/99
f 99/99/99 312/331/312 303/322/303
f 312/331/312 313/332/313 303/322/303
f 303/322/303 313/332/313 304/323/304
f 313/332/313 314/333/314 304/323/304
f 304/323/304 314/333/314 175/175/175
f 175/175/175 314/333/314 174/174/174
f 314/333/314 313/332/313 174/174/174
f 174/174/174 313/332/313 180/180/180
f 313/332/313 312/331/312 180/180/180
f 180/180/180 312/331/312 315/334/315
f 312/331/312 311/330/311 315/334/315
f 315/334/315 311/330/311 316/335/316
f 311/330/311 310/329/310 316/335/316
f 316/335/316 310/329/310 317/336/317
f 310/329/310 309/328/309 317/336/317
f 180/180/180 315/334/315 181/181/181
f 315/334/315 318/337/318 181/181/181
f 181/181/181 318/337/318 182/182/182
f 182/182/182 318/337/318 234/234/234
f 318/337/318 319/338/319 234/234/234
f 234/234/234 319/338/319 235/235/235
f 235/235/235 319/338/319 236/236/236
f 236/236/236 319/338/319 246/246/246
f 246/246/246 319/338/319 244/244/244
f 244/244/244 319/338/319 317/336/317
f 317/336/317 319/338/319 316/335/316
f 319/338/319 318/337/318 316/335/316
f 316/335/316 318/337/318 315/334/315
f 219/280/219 220/339/220 277/281/277
f 277/281/277 220/339/220 320/340/320
f 220/339/220 222/341/222 320/340/320
f 320/340/320 222/341/222 321/342/321
f 222/341/222 224/343/224 321/342/321
f 321/342/321 224/343/224 322/344/322
f 224/343/224 226/288/226 322/344/322
f 226/288/226 283/287/283 322/344/322
f 322/344/322 283/287/283 323/345/323
f 283/287/283 281/285/281 323/345/323
f 281/285/281 280/284/280 323/345/323
f 323/345/323 280/284/280 324/346/324
f 280/284/280 279/283/279 324/346/324
f 324/346/324 279/283/279 325/347/325
f 279/283/279 278/282/278 325/347/325
f 325/347/325 278/282/278 326/348/326
f 278/282/278 277/281/277 326/348/326
f 277/281/277 320/340/320 326/348/326
f 320/340/320 321/342/321 326/348/326
f 326/348/326 321/342/321 325/347/325
f 321/342/321 322/344/322 325/347/325
f 325/347/325 322/344/322 324/346/324
f 322/344/322 323/345/323 324/346/324
f 327/349/327 328/350/328 329/351/329
f 328/350/328 330/352/330 329/351/329
f 331/353/331 332/354/332 333/355/333
f 333/355/333 332/354/332 334/356/334
f 332/354/332 335/357/335 334/356/334
f 335/357/335 336/358/336 334/356/334
f 334/356/334 336/358/336 337/359/337
f 336/358/336 338/360/338 337/359/337
f 337/359/337 338/360/338 339/361/339
f 339/361/339 338/360/338 340/362/340
f 338/360/338 341/363/341 340/362/340
f 340/362/340 341/363/341 330/352/330
f 330/352/330 341/363/341 329/351/329
f 341/363/341 338/360/338 329/351/329
f 338/360/338 336/358/336 329/351/329
f 336/358/336 335/357/335 329/351/329
f 329/351/329 335/357/335 327/349/327
f 335/357/335 342/364/342 327/349/327
f 327/349/327 342/364/342 343/365/343
f 342/364/342 344/366/344 343/365/343
f 343/365/343 344/366/344 345/367/345
f 345/367/345 344/366/344 346/368/346
f 344/366/344 347/369/347 346/368/346
f 331/353/331 348/370/348 332/354/332
f 348/370/348 349/371/349 332/354/332
f 349/371/349 350/372/350 332/354/332
f 350/372/350 351/373/351 332/354/332
f 332/354/332 351/373/351 335/357/335
f 351/373/351 352/374/352 335/357/335
f 335/357/335 352/374/352 342/364/342
f 352/374/352 353/375/353 342/364/342
f 342/364/342 353/375/353 344/366/344
f 344/366/344 353/375/353 347/369/347
f 353/375/353 354/376/354 347/369/347
f 348/370/348 331/353/331 349/371/349
f 331/353/331 355/377/355 349/371/349
f 349/371/349 355/377/355 350/372/350
f 355/377/355 356/378/356 350/372/350
f 356/378/356 357/379/357 350/372/350
f 350/372/350 357/379/357 351/373/351
f 357/379/357 358/380/358 351/373/351
f 351/373/351 358/380/358 352/374/352
f 358/380/358 359/381/359 352/374/352
f 352/374/352 359/381/359 353/375/353
f 359/381/359 360/382/360 353/375/353
f 353/375/353 360/382/360 361/383/361
f 360/382/360 362/384/362 361/383/361
f 361/383/361 362/384/362 363/385/363
f 362/384/362 364/386/364 363/385/363
f 363/385/363 364/386/364 365/387/365
f 364/386/364 366/388/366 365/387/365
f 366/388/366 367/389/367 365/387/365
f 365/387/365 367/389/367 363/385/363
f 367/389/367 368/390/368 363/385/363
f 363/385/363 368/390/368 361/383/361
f 368/390/368 369/391/369 361/383/361
f 361/383/361 369/391/369 353/375/353
f 369/391/369 354/376/354 353/375/353
f 346/368/346 370/392/370 345/367/345
f 370/392/370 371/393/371 345/367/345
f 345/367/345 371/393/371 343/365/343
f 371/393/371 372/394/372 343/365/343
f 343/365/343 372/394/372 327/349/327
f 372/394/372 373/395/373 327/349/327
f 327/349/327 373/395/373 374/396/374
f 373/395/373 375/397/375 374/396/374
f 375/397/375 376/398/376 374/396/374
f 374/396/374 376/398/376 377/399/377
f 376/398/376 378/400/378 377/399/377
f 377/399/377 378/400/378 379/401/379
f 378/400/378 380/402/380 379/401/379
f 380/402/380 381/403/381 379/401/379
f 379/401/379 381/403/381 382/404/382
f 381/403/381 328/350/328 382/404/382
f 328/350/328 327/349/327 382/404/382
f 327/349/327 374/396/374 382/404/382
f 382/404/382 374/396/374 379/401/379
f 374/396/374 377/399/377 379/401/379
f 371/393/371 383/405/383 372/394/372
f 383/405/383 384/406/384 372/394/372
f 372/394/372 384/406/384 373/395/373
f 384/406/384 385/407/385 373/395/373
f 385/407/385 386/408/386 373/395/373
f 373/395/373 386/408/386 387/409/387
f 387/409/387 386/408/386 388/410/388
f 386/408/386 389/411/389 388/410/388
f 388/410/388 389/411/389 390/412/390
f 389/411/389 386/408/386 390/412/390
f 390/412/390 386/408/386 391/413/391
f 391/413/391 386/408/386 392/414/392
f 386/408/386 385/407/385 392/414/392
f 385/407/385 384/406/384 392/414/392
f 392/414/392 384/406/384 393/415/393
f 393/415/393 384/406/384 394/416/394
f 384/406/384 383/405/383 394/416/394
f 394/416/394 383/405/383 395/417/395
f 395/417/395 383/405/383 396/418/396
f 383/405/383 371/393/371 396/418/396
f 371/393/371 370/392/370 396/418/396
f 373/395/373 387/409/387 375/397/375
f 375/397/375 387/409/387 397/419/397
f 397/419/397 387/409/387 398/420/398
f 387/409/387 388/410/388 398/420/398
f 398/420/398 388/410/388 390/412/390
f 399/421/399 400/422/400 401/423/401
f 401/423/401 400/422/400 402/424/402
f 400/422/400 403/425/403 402/424/402
f 404/426/404 405/427/405 406/428/406
f 405/427/405 407/429/407 406/428/406
f 406/428/406 407/429/407 408/430/408
f 407/429/407 409/431/409 408/430/408
f 408/430/408 409/431/409 410/432/410
f 410/432/410 409/431/409 411/433/411
f 411/433/411 409/431/409 412/434/412
f 412/434/412 409/431/409 413/435/413
f 413/435/413 409/431/409 414/436/414
f 409/431/409 407/429/407 414/436/414
f 414/436/414 407/429/407 415/437/415
f 415/437/415 407/429/407 399/421/399
f 407/429/407 405/427/405 399/421/399
f 399/421/399 405/427/405 400/422/400
f 405/427/405 334/438/334 400/422/400
f 334/438/334 337/439/337 400/422/400
f 400/422/400 337/439/337 403/425/403
f 337/439/337 339/440/339 403/425/403
f 403/425/403 339/440/339 402/424/402
f 339/440/339 340/441/340 402/424/402
f 340/441/340 330/442/330 402/424/402
f 402/424/402 330/442/330 401/423/401
f 330/442/330 328/443/328 401/423/401
f 401/423/401 328/443/328 399/421/399
f 355/444/355 416/445/416 356/446/356
f 416/445/416 404/426/404 356/446/356
f 356/446/356 404/426/404 357/447/357
f 404/426/404 406/428/406 357/447/357
f 406/428/406 408/430/408 357/447/357
f 357/447/357 408/430/408 358/448/358
f 408/430/408 410/432/410 358/448/358
f 358/448/358 410/432/410 359/449/359
f 410/432/410 417/450/417 359/449/359
f 359/449/359 417/450/417 360/451/360
f 417/450/417 418/452/418 360/451/360
f 360/451/360 418/452/418 362/453/362
f 418/452/418 419/454/419 362/453/362
f 362/453/362 419/454/419 364/455/364
f 364/455/364 419/454/419 366/456/366
f 419/454/419 420/457/420 366/456/366
f 366/456/366 420/457/420 367/458/367
f 420/457/420 421/459/421 367/458/367
f 367/458/367 421/459/421 368/460/368
f 421/459/421 422/461/422 368/460/368
f 368/460/368 422/461/422 369/462/369
f 422/461/422 423/463/423 369/462/369
f 369/462/369 423/463/423 354/464/354
f 423/463/423 424/465/424 354/464/354
f 412/434/412 425/466/425 411/433/411
f 425/466/425 424/465/424 411/433/411
f 424/465/424 423/463/423 411/433/411
f 423/463/423 426/467/426 411/433/411
f 411/433/411 426/467/426 410/432/410
f 410/432/410 426/467/426 417/450/417
f 426/467/426 427/468/427 417/450/417
f 417/450/417 427/468/427 418/452/418
f 418/452/418 427/468/427 419/454/419
f 419/454/419 427/468/427 420/457/420
f 420/457/420 427/468/427 421/459/421
f 421/459/421 427/468/427 422/461/422
f 427/468/427 426/467/426 422/461/422
f 422/461/422 426/467/426 423/463/423
f 416/445/416 355/444/355 428/469/428
f 355/444/355 331/470/331 428/469/428
f 331/470/331 333/471/333 428/469/428
f 428/469/428 333/471/333 429/472/429
f 333/471/333 334/438/334 429/472/429
f 334/438/334 405/427/405 429/472/429
f 405/427/405 404/426/404 429/472/429
f 429/472/429 404/426/404 428/469/428
f 404/426/404 416/445/416 428/469/428
f 399/421/399 328/443/328 430/473/430
f 328/443/328 381/474/381 430/473/430
f 430/473/430 381/474/381 431/475/431
f 381/474/381 380/476/380 431/475/431
f 431/475/431 380/476/380 432/477/432
f 380/476/380 378/478/378 432/477/432
f 378/478/378 376/479/376 432/477/432
f 432/477/432 376/479/376 433/480/433
f 376/479/376 375/481/375 433/480/433
f 375/481/375 434/482/434 433/480/433
f 434/482/434 430/473/430 433/480/433
f 433/480/433 430/473/430 432/477/432
f 430/473/430 431/475/431 432/477/432
f 430/473/430 434/482/434 399/421/399
f 434/482/434 435/483/435 399/421/399
f 399/421/399 435/483/435 415/437/415
f 435/483/435 436/484/436 415/437/415
f 415/437/415 436/484/436 414/436/414
f 414/436/414 436/484/436 413/435/413
f 436/484/436 437/485/437 413/435/413
f 413/435/413 437/485/437 395/486/395
f 395/486/395 437/485/437 394/487/394
f 394/487/394 437/485/437 438/488/438
f 437/485/437 436/484/436 438/488/438
f 436/484/436 435/483/435 438/488/438
f 435/483/435 434/482/434 438/488/438
f 434/482/434 439/489/439 438/488/438
f 439/489/439 393/490/393 438/488/438
f 438/488/438 393/490/393 394/487/394
f 393/490/393 439/489/439 392/491/392
f 392/491/392 439/489/439 391/492/391
f 439/489/439 440/493/440 391/492/391
f 440/493/440 441/494/441 391/492/391
f 391/492/391 441/494/441 390/495/390
f 390/495/390 441/494/441 398/496/398
f 441/494/441 442/497/442 398/496/398
f 398/496/398 442/497/442 397/498/397
f 442/497/442 443/499/443 397/498/397
f 397/498/397 443/499/443 375/481/375
f 375/481/375 443/499/443 434/482/434
f 434/482/434 443/499/443 439/489/439
f 439/489/439 443/499/443 440/493/440
f 440/493/440 443/499/443 441/494/441
f 443/499/443 442/497/442 441/494/441
f 444/500/444 445/501/445 446/502/446
f 447/503/447 446/502/446 448/504/448
f 446/502/446 445/501/445 448/504/448
f 448/504/448 445/501/445 449/505/449
f 445/501/445 444/500/444 449/505/449
f 450/506/450 451/507/451 449/505/449
f 451/507/451 448/504/448 449/505/449
f 447/503/447 448/504/448 452/508/452
f 448/504/448 451/507/451 452/508/452
f 452/508/452 451/507/451 453/509/453
f 451/507/451 450/506/450 453/509/453
f 453/509/453 450/506/450 454/510/454
f 450/506/450 455/511/455 454/510/454
f 454/510/454 455/511/455 456/512/456
f 455/511/455 457/513/457 456/512/456
f 456/512/456 457/513/457 458/514/458
f 459/515/459 454/510/454 460/516/460
f 454/510/454 456/512/456 460/516/460
f 460/516/460 456/512/456 458/514/458
f 453/509/453 454/510/454 461/517/461
f 454/510/454 459/515/459 461/517/461
f 461/517/461 459/515/459 462/518/462
f 459/515/459 460/516/460 462/518/462
f 462/518/462 460/516/460 463/519/463
f 460/516/460 458/514/458 463/519/463
f 444/500/444 464/520/464 449/505/449
f 464/520/464 465/521/465 449/505/449
f 449/505/449 465/521/465 450/506/450
f 465/521/465 466/522/466 450/506/450
f 450/506/450 466/522/466 467/523/467
f 466/522/466 468/524/468 467/523/467
f 467/523/467 468/524/468 469/525/469
f 468/524/468 470/526/470 469/525/469
f 469/525/469 470/526/470 471/527/471
f 470/526/470 472/528/472 471/527/471
f 450/506/450 467/523/467 473/529/473
f 467/523/467 469/525/469 473/529/473
f 473/529/473 469/525/469 474/530/474
f 469/525/469 471/527/471 474/530/474
f 474/530/474 471/527/471 475/531/475
f 471/527/471 472/528/472 475/531/475
f 475/531/475 476/532/476 474/530/474
f 476/532/476 477/533/477 474/530/474
f 474/530/474 477/533/477 455/511/455
f 477/533/477 478/534/478 455/511/455
f 455/511/455 478/534/478 457/513/457
f 478/534/478 479/535/479 457/513/457
f 476/532/476 480/536/480 477/533/477
f 480/536/480 481/537/481 477/533/477
f 477/533/477 481/537/481 482/538/482
f 481/537/481 483/539/483 482/538/482
f 482/538/482 483/539/483 478/534/478
f 483/539/483 484/540/484 478/534/478
f 478/534/478 484/540/484 479/535/479
f 484/540/484 485/541/485 479/535/479
f 478/534/478 477/533/477 482/538/482
f 484/540/484 483/539/483 485/541/485
f 483/539/483 486/542/486 485/541/485
f 483/539/483 481/537/481 486/542/486
f 487/543/487 470/526/470 488/544/488
f 470/526/470 468/524/468 488/544/488
f 488/544/488 468/524/468 466/522/466
f 465/521/465 489/545/489 466/522/466
f 488/544/488 466/522/466 490/546/490
f 466/522/466 489/545/489 490/546/490
f 490/546/490 489/545/489 491/547/491
f 489/545/489 492/548/492 491/547/491
f 491/547/491 492/548/492 493/549/493
f 492/548/492 494/550/494 493/549/493
f 493/549/493 494/550/494 495/551/495
f 494/550/494 496/552/496 495/551/495
f 495/551/495 496/552/496 497/553/497
f 496/552/496 498/554/498 497/553/497
f 494/550/494 492/548/492 496/552/496
f 492/548/492 499/555/499 496/552/496
f 496/552/496 499/555/499 498/554/498
f 499/555/499 464/520/464 498/554/498
f 464/520/464 499/555/499 465/521/465
f 499/555/499 492/548/492 465/521/465
f 465/521/465 492/548/492 489/545/489
f 491/547/491 500/556/500 490/546/490
f 500/556/500 501/557/501 490/546/490
f 490/546/490 501/557/501 488/544/488
f 501/557/501 502/558/502 488/544/488
f 488/544/488 502/558/502 487/543/487
f 502/558/502 503/559/503 487/543/487
f 503/559/503 502/558/502 504/560/504
f 502/558/502 505/561/505 504/560/504
f 504/560/504 505/561/505 506/562/506
f 505/561/505 507/563/507 506/562/506
f 508/564/508 507/563/507 509/565/509
f 507/563/507 505/561/505 509/565/509
f 509/565/509 505/561/505 510/566/510
f 505/561/505 502/558/502 510/566/510
f 510/566/510 502/558/502 501/557/501
f 500/556/500 511/567/511 501/557/501
f 511/567/511 512/568/512 501/557/501
f 501/557/501 512/568/512 510/566/510
f 512/568/512 513/569/513 510/566/510
f 510/566/510 513/569/513 509/565/509
f 513/569/513 514/570/514 509/565/509
f 509/565/509 514/570/514 508/564/508
f 514/570/514 515/571/515 508/564/508
f 511/567/511 516/572/516 512/568/512
f 516/572/516 517/573/517 512/568/512
f 512/568/512 517/573/517 513/569/513
f 517/573/517 518/574/518 513/569/513
f 513/569/513 518/574/518 519/575/519
f 518/574/518 520/576/520 519/575/519
f 519/575/519 520/576/520 515/571/515
f 513/569/513 519/575/519 514/570/514
f 519/575/519 515/571/515 514/570/514
f 518/574/518 517/573/517 521/577/521
f 517/573/517 516/572/516 521/577/521
f 520/576/520 518/574/518 522/578/522
f 518/574/518 521/577/521 522/578/522
f 475/579/475 523/580/523 476/581/476
f 523/580/523 480/582/480 476/581/476
f 523/580/523 524/583/524 480/582/480
f 524/583/524 525/584/525 480/582/480
f 525/584/525 524/583/524 526/585/526
f 524/583/524 523/580/523 526/585/526
f 526/585/526 527/586/527 525/584/525
f 527/586/527 528/587/528 525/584/525
f 525/584/525 528/587/528 529/588/529
f 528/587/528 486/589/486 529/588/529
f 529/588/529 486/589/486 525/584/525
f 486/589/486 481/590/481 525/584/525
f 525/584/525 481/590/481 480/582/480
f 486/589/486 528/587/528 485/591/485
f 528/587/528 527/586/527 485/591/485
f 530/592/530 531/593/531 526/585/526
f 531/593/531 457/594/457 526/585/526
f 526/585/526 457/594/457 527/586/527
f 457/594/457 479/595/479 527/586/527
f 527/586/527 479/595/479 485/591/485
f 530/592/530 526/585/526 532/596/532
f 526/585/526 523/580/523 532/596/532
f 532/596/532 523/580/523 533/597/533
f 523/580/523 475/579/475 533/597/533
f 533/597/533 534/598/534 532/596/532
f 534/598/534 535/599/535 532/596/532
f 532/596/532 535/599/535 530/592/530
f 535/599/535 536/600/536 530/592/530
f 530/592/530 536/600/536 537/601/537
f 536/600/536 538/602/538 537/601/537
f 537/601/537 538/602/538 539/603/539
f 534/598/534 540/604/540 535/599/535
f 540/604/540 541/605/541 535/599/535
f 535/599/535 541/605/541 536/600/536
f 541/605/541 542/606/542 536/600/536
f 536/600/536 542/606/542 538/602/538
f 506/607/506 542/606/542 543/608/543
f 542/606/542 541/605/541 543/608/543
f 543/608/543 541/605/541 544/609/544
f 541/605/541 540/604/540 544/609/544
f 544/609/544 540/604/540 545/610/545
f 540/604/540 534/598/534 545/610/545
f 545/610/545 534/598/534 546/611/546
f 534/598/534 533/597/533 546/611/546
f 546/611/546 533/597/533 472/612/472
f 533/597/533 475/579/475 472/612/472
f 515/613/515 520/614/520 547/615/547
f 520/614/520 522/616/522 547/615/547
f 547/615/547 522/616/522 548/617/548
f 522/616/522 521/618/521 548/617/548
f 548/617/548 521/618/521 549/619/549
f 521/618/521 516/620/516 549/619/549
f 549/619/549 516/620/516 542/606/542
f 516/620/516 511/621/511 542/606/542
f 542/606/542 511/621/511 538/602/538
f 511/621/511 500/622/500 538/602/538
f 538/602/538 500/622/500 539/603/539
f 500/622/500 491/623/491 539/603/539
f 539/603/539 491/623/491 550/624/550
f 491/623/491 493/625/493 550/624/550
f 550/624/550 493/625/493 495/626/495
f 547/615/547 548/617/548 515/613/515
f 548/617/548 508/627/508 515/613/515
f 548/617/548 549/619/549 508/627/508
f 549/619/549 507/628/507 508/627/508
f 549/619/549 542/606/542 507/628/507
f 542/606/542 506/607/506 507/628/507
f 497/629/497 551/630/551 495/626/495
f 551/630/551 550/624/550 495/626/495
f 539/603/539 550/624/550 552/631/552
f 550/624/550 551/630/551 552/631/552
f 552/631/552 551/630/551 553/632/553
f 551/630/551 497/629/497 553/632/553
f 553/632/553 497/629/497 552/631/552
f 497/629/497 498/633/498 552/631/552
f 552/631/552 498/633/498 464/634/464
f 539/603/539 552/631/552 537/601/537
f 552/631/552 464/634/464 537/601/537
f 537/601/537 464/634/464 554/635/554
f 464/634/464 444/636/444 554/635/554
f 554/635/554 444/636/444 555/637/555
f 444/636/444 446/638/446 555/637/555
f 555/637/555 446/638/446 447/639/447
f 537/601/537 554/635/554 556/640/556
f 554/635/554 555/637/555 556/640/556
f 556/640/556 555/637/555 557/641/557
f 555/637/555 447/639/447 557/641/557
f 557/641/557 447/639/447 452/642/452
f 557/641/557 452/642/452 556/640/556
f 452/642/452 453/643/453 556/640/556
f 537/601/537 556/640/556 530/592/530
f 556/640/556 453/643/453 530/592/530
f 530/592/530 453/643/453 558/644/558
f 453/643/453 461/645/461 558/644/558
f 558/644/558 461/645/461 559/646/559
f 461/645/461 462/647/462 559/646/559
f 559/646/559 462/647/462 463/648/463
f 530/592/530 558/644/558 531/593/531
f 558/644/558 559/646/559 531/593/531
f 531/593/531 559/646/559 560/649/560
f 559/646/559 463/648/463 560/649/560
f 560/649/560 463/648/463 458/650/458
f 560/649/560 458/650/458 531/593/531
f 458/650/458 457/594/457 531/593/531
f 474/530/474 455/511/455 473/529/473
f 455/511/455 450/506/450 473/529/473
f 561/651/561 562/652/562 563/653/563
f 562/652/562 564/654/564 563/653/563
f 565/655/565 561/651/561 566/656/566
f 561/651/561 563/653/563 566/656/566
f 566/656/566 563/653/563 567/657/567
f 567/657/567 563/653/563 568/658/568
f 563/653/563 564/654/564 568/658/568
f 568/658/568 564/654/564 569/659/569
f 570/660/570 571/661/571 572/662/572
f 571/661/571 567/657/567 572/662/572
f 572/662/572 567/657/567 573/663/573
f 567/657/567 568/658/568 573/663/573
f 568/658/568 569/659/569 573/663/573
f 573/663/573 569/659/569 574/664/574
f 574/664/574 569/659/569 575/665/575
f 575/665/575 569/659/569 576/666/576
f 576/666/576 569/659/569 577/667/577
f 569/659/569 564/654/564 577/667/577
f 577/667/577 564/654/564 578/668/578
f 564/654/564 562/652/562 578/668/578
f 578/668/578 562/652/562 579/669/579
f 579/669/579 562/652/562 580/670/580
f 562/652/562 561/651/561 580/670/580
f 580/670/580 561/651/561 581/671/581
f 561/651/561 565/655/565 581/671/581
f 581/671/581 565/655/565 582/672/582
f 582/672/582 565/655/565 583/673/583
f 583/673/583 565/655/565 584/674/584
f 565/655/565 566/656/566 584/674/584
f 584/674/584 566/656/566 585/675/585
f 566/656/566 567/657/567 585/675/585
f 585/675/585 567/657/567 571/661/571
f 586/676/586 579/669/579 587/677/587
f 579/669/579 580/670/580 587/677/587
f 587/677/587 580/670/580 588/678/588
f 580/670/580 581/671/581 588/678/588
f 581/671/581 582/672/582 588/678/588
f 588/678/588 582/672/582 589/679/589
f 582/672/582 583/673/583 589/679/589
f 589/679/589 583/673/583 590/680/590
f 591/681/591 592/682/592 593/683/593
f 593/683/593 592/682/592 594/684/594
f 592/682/592 595/685/595 594/684/594
f 594/684/594 595/685/595 596/686/596
f 595/685/595 597/687/597 596/686/596
f 596/686/596 597/687/597 598/688/598
f 597/687/597 599/689/599 598/688/598
f 598/688/598 599/689/599 600/690/600
f 601/691/601 570/660/570 602/692/602
f 570/660/570 572/662/572 602/692/602
f 602/692/602 572/662/572 603/693/603
f 572/662/572 573/663/573 603/693/603
f 603/693/603 573/663/573 604/694/604
f 573/663/573 574/664/574 604/694/604
f 604/694/604 574/664/574 605/695/605
f 574/664/574 575/665/575 605/695/605
f 593/683/593 594/684/594 606/696/606
f 594/684/594 607/697/607 606/696/606
f 606/696/606 607/697/607 608/698/608
f 607/697/607 609/699/609 608/698/608
f 608/698/608 609/699/609 610/700/610
f 609/699/609 611/701/611 610/700/610
f 610/700/610 611/701/611 612/702/612
f 611/701/611 613/703/613 612/702/612
f 613/703/613 614/704/614 612/702/612
f 612/702/612 614/704/614 615/705/615
f 594/684/594 596/686/596 607/697/607
f 596/686/596 616/706/616 607/697/607
f 616/706/616 617/707/617 607/697/607
f 607/697/607 617/707/617 609/699/609
f 617/707/617 618/708/618 609/699/609
f 609/699/609 618/708/618 611/701/611
f 618/708/618 619/709/619 611/701/611
f 611/701/611 619/709/619 613/703/613
f 619/709/619 620/710/620 613/703/613
f 613/703/613 620/710/620 614/704/614
f 621/711/621 622/712/622 623/713/623
f 623/713/623 622/712/622 624/714/624
f 622/712/622 620/710/620 624/714/624
f 620/710/620 619/709/619 624/714/624
f 619/709/619 618/708/618 624/714/624
f 618/708/618 625/715/625 624/714/624
f 624/714/624 625/715/625 623/713/623
f 623/713/623 625/715/625 626/716/626
f 625/715/625 627/717/627 626/716/626
f 626/716/626 627/717/627 628/718/628
f 627/717/627 629/719/629 628/718/628
f 628/718/628 629/719/629 630/720/630
f 630/720/630 629/719/629 600/690/600
f 600/690/600 629/719/629 598/688/598
f 598/688/598 629/719/629 596/686/596
f 596/686/596 629/719/629 616/706/616
f 629/719/629 627/717/627 616/706/616
f 616/706/616 627/717/627 617/707/617
f 627/717/627 625/715/625 617/707/617
f 617/707/617 625/715/625 618/708/618
f 631/721/631 632/722/632 633/723/633
f 634/724/634 635/725/635 636/726/636
f 635/725/635 634/724/634 637/727/637
f 634/728/634 638/729/638 639/730/639
f 638/729/638 634/728/634 640/731/640
f 641/732/641 642/733/642 633/723/633
f 642/733/642 631/721/631 633/723/633
f 643/734/643 644/735/644 645/736/645
f 644/735/644 646/737/646 645/736/645
f 646/737/646 642/733/642 645/736/645
f 645/736/645 642/733/642 641/738/641
f 647/739/647 648/740/648 649/741/649
f 648/740/648 650/742/650 649/741/649
f 649/741/649 650/742/650 651/743/651
f 650/742/650 652/744/652 651/743/651
f 651/743/651 652/744/652 653/745/653
f 653/745/653 652/744/652 654/746/654
f 654/746/654 652/744/652 655/747/655
f 655/747/655 652/744/652 656/748/656
f 652/744/652 650/742/650 656/748/656
f 650/742/650 657/749/657 656/748/656
f 657/749/657 631/721/631 656/748/656
f 631/721/631 658/750/658 656/748/656
f 656/748/656 658/750/658 655/747/655
f 655/747/655 658/750/658 659/751/659
f 659/751/659 658/750/658 644/735/644
f 644/735/644 658/750/658 646/737/646
f 658/750/658 631/721/631 646/737/646
f 646/737/646 631/721/631 642/733/642
f 647/752/647 649/741/649 660/753/660
f 649/741/649 651/743/651 660/753/660
f 651/743/651 653/745/653 660/753/660
f 660/753/660 653/745/653 661/754/661
f 631/721/631 657/749/657 632/722/632
f 632/722/632 657/749/657 662/755/662
f 662/755/662 657/749/657 663/756/663
f 657/749/657 650/742/650 663/756/663
f 663/756/663 650/742/650 648/740/648
f 664/757/664 665/758/665 666/759/666
f 666/759/666 665/758/665 667/760/667
f 665/758/665 668/761/668 667/760/667
f 667/760/667 668/761/668 669/762/669
f 668/761/668 670/763/670 669/762/669
f 669/762/669 670/763/670 671/764/671
f 670/763/670 672/765/672 671/764/671
f 672/765/672 673/766/673 671/764/671
f 671/764/671 673/766/673 674/767/674
f 673/766/673 675/768/675 674/767/674
f 675/768/675 676/769/676 674/767/674
f 676/769/676 677/770/677 674/767/674
f 677/770/677 666/759/666 674/767/674
f 666/759/666 667/760/667 674/767/674
f 667/760/667 669/762/669 674/767/674
f 674/767/674 669/762/669 671/764/671
f 678/771/678 679/772/679 680/773/680
f 679/772/679 681/774/681 680/773/680
f 680/773/680 681/774/681 682/775/682
f 681/774/681 683/776/683 682/775/682
f 682/775/682 683/776/683 684/777/684
f 683/776/683 685/778/685 684/777/684
f 684/777/684 685/778/685 686/779/686
f 686/779/686 685/778/685 687/780/687
f 685/778/685 688/781/688 687/780/687
f 687/780/687 688/781/688 689/782/689
f 689/782/689 688/781/688 690/783/690
f 690/783/690 688/781/688 691/784/691
f 691/784/691 688/781/688 679/772/679
f 679/772/679 688/781/688 681/774/681
f 681/774/681 688/781/688 683/776/683
f 688/781/688 685/778/685 683/776/683
f 640/785/640 692/786/692 693/787/693
f 692/786/692 694/788/694 693/787/693
f 694/788/694 695/789/695 693/787/693
f 693/787/693 695/789/695 696/790/696
f 695/789/695 697/791/697 696/790/696
f 696/790/696 697/791/697 698/792/698
f 697/791/697 699/793/699 698/792/698
f 699/793/699 700/794/700 698/792/698
f 698/792/698 700/794/700 701/795/701
f 700/794/700 702/796/702 701/795/701
f 701/795/701 702/796/702 703/797/703
f 702/796/702 704/798/704 703/797/703
f 704/798/704 705/799/705 703/797/703
f 705/799/705 636/800/636 703/797/703
f 636/800/636 635/801/635 703/797/703
f 635/801/635 637/802/637 703/797/703
f 703/797/703 637/802/637 701/795/701
f 637/802/637 634/803/634 701/795/701
f 701/795/701 634/803/634 698/792/698
f 698/792/698 634/803/634 696/790/696
f 634/803/634 639/804/639 696/790/696
f 696/790/696 639/804/639 693/787/693
f 639/804/639 638/805/638 693/787/693
f 693/787/693 638/805/638 640/785/640
f 706/806/706 707/807/707 708/808/708
f 707/807/707 709/809/709 708/808/708
f 709/809/709 710/810/710 708/808/708
f 708/808/708 710/810/710 711/811/711
f 711/811/711 710/810/710 712/812/712
f 710/810/710 713/813/713 712/812/712
f 713/813/713 714/814/714 712/812/712
f 712/812/712 714/814/714 715/815/715
f 128/128/128 706/806/706 129/129/129
f 706/806/706 708/808/708 129/129/129
f 708/808/708 711/811/711 129/129/129
f 129/129/129 711/811/711 130/130/130
f 130/130/130 711/811/711 119/119/119
f 711/811/711 712/812/712 119/119/119
f 712/812/712 715/815/715 119/119/119
f 119/119/119 715/815/715 106/106/106
f 716/816/716 717/817/717 718/818/718
f 717/817/717 719/819/719 718/818/718
f 718/818/718 719/819/719 720/820/720
f 720/820/720 719/819/719 721/821/721
f 721/821/721 719/819/719 722/822/722
f 722/822/722 719/819/719 723/823/723
f 719/819/719 717/817/717 723/823/723
f 723/823/723 717/817/717 724/824/724
f 725/825/725 591/681/591 726/826/726
f 591/681/591 593/683/593 726/826/726
f 570/660/570 601/691/601 727/827/727
f 601/691/601 728/828/728 727/827/727
f 726/826/726 593/683/593 729/829/729
f 593/683/593 606/696/606 729/829/729
f 729/829/729 606/696/606 730/830/730
f 606/696/606 608/698/608 730/830/730
f 730/830/730 608/698/608 731/831/731
f 608/698/608 610/700/610 731/831/731
f 731/831/731 610/700/610 732/832/732
f 610/700/610 612/702/612 732/832/732
f 612/702/612 615/705/615 732/832/732
f 732/832/732 615/705/615 733/833/733
f 734/834/734 590/680/590 735/835/735
f 590/680/590 583/673/583 735/835/735
f 583/673/583 584/674/584 735/835/735
f 735/835/735 584/674/584 736/836/736
f 584/674/584 585/675/585 736/836/736
f 736/836/736 585/675/585 737/837/737
f 585/675/585 571/661/571 737/837/737
f 737/837/737 571/661/571 738/838/738
f 571/661/571 570/660/570 738/838/738
f 738/838/738 570/660/570 727/827/727
f 2/2/2 1/1/1 739/839/739
f 1/1/1 740/840/740 739/839/739
f 739/839/739 740/840/740 741/841/741
f 740/840/740 742/842/742 741/841/741
f 741/841/741 742/842/742 743/843/743
f 742/842/742 744/844/744 743/843/743
f 745/845/745 746/846/746 747/847/747
f 746/846/746 748/848/748 747/847/747
f 747/847/747 748/848/748 749/849/749
f 748/848/748 750/850/750 749/849/749
f 750/850/750 751/851/751 749/849/749
f 749/849/749 751/851/751 752/852/752
f 753/853/753 752/852/752 754/854/754
f 752/852/752 751/851/751 754/854/754
f 754/854/754 751/851/751 755/855/755
f 755/855/755 751/851/751 756/856/756
f 751/851/751 750/850/750 756/856/756
f 756/856/756 750/850/750 757/857/757
f 750/850/750 748/848/748 757/857/757
f 757/857/757 748/848/748 758/858/758
f 758/858/758 748/848/748 759/859/759
f 748/848/748 746/846/746 759/859/759
f 759/859/759 746/846/746 743/843/743
f 743/843/743 746/846/746 741/841/741
f 746/846/746 745/845/745 741/841/741
f 741/841/741 745/845/745 739/839/739
f 2/2/2 739/839/739 24/24/24
f 739/839/739 745/845/745 24/24/24
f 24/24/24 745/845/745 25/25/25
f 745/845/745 747/847/747 25/25/25
f 25/25/25 747/847/747 26/26/26
f 747/847/747 749/849/749 26/26/26
f 749/849/749 752/852/752 26/26/26
f 26/26/26 752/852/752 27/27/27
f 752/852/752 753/853/753 27/27/27
f 27/27/27 753/853/753 28/28/28
f 31/31/31 760/860/760 29/29/29
f 29/29/29 760/860/760 761/861/761
f 760/860/760 762/862/762 761/861/761
f 761/861/761 762/862/762 763/863/763
f 762/862/762 764/864/764 763/863/763
f 763/863/763 764/864/764 765/865/765
f 766/866/766 767/867/767 768/868/768
f 767/867/767 769/869/769 768/868/768
f 769/869/769 770/870/770 768/868/768
f 768/868/768 770/870/770 771/871/771
f 770/870/770 772/872/772 771/871/771
f 771/871/771 772/872/772 773/873/773
f 760/860/760 773/873/773 762/862/762
f 773/873/773 772/872/772 762/862/762
f 762/862/762 772/872/772 764/864/764
f 764/864/764 772/872/772 774/874/774
f 772/872/772 770/870/770 774/874/774
f 774/874/774 770/870/770 775/875/775
f 775/875/775 770/870/770 776/876/776
f 770/870/770 769/869/769 776/876/776
f 776/876/776 769/869/769 777/877/777
f 769/869/769 767/867/767 777/877/777
f 777/877/777 767/867/767 778/878/778
f 778/878/778 767/867/767 779/879/779
f 767/867/767 766/866/766 779/879/779
f 779/879/779 766/866/766 780/880/780
f 56/56/56 780/880/780 55/55/55
f 780/880/780 766/866/766 55/55/55
f 55/55/55 766/866/766 54/54/54
f 766/866/766 768/868/768 54/54/54
f 768/868/768 771/871/771 54/54/54
f 54/54/54 771/871/771 53/53/53
f 771/871/771 773/873/773 53/53/53
f 53/53/53 773/873/773 52/52/52
f 773/873/773 760/860/760 52/52/52
f 52/52/52 760/860/760 31/31/31
f 781/881/781 575/665/575 782/882/782
f 575/665/575 576/666/576 782/882/782
f 782/882/782 576/666/576 577/667/577
f 783/883/783 781/881/781 784/884/784
f 781/881/781 782/882/782 784/884/784
f 784/884/784 782/882/782 785/885/785
f 782/882/782 577/667/577 785/885/785
f 785/885/785 577/667/577 786/886/786
f 577/667/577 578/668/578 786/886/786
f 786/886/786 578/668/578 579/669/579
f 787/887/787 783/883/783 788/888/788
f 783/883/783 784/884/784 788/888/788
f 788/888/788 784/884/784 789/889/789
f 784/884/784 790/890/790 789/889/789
f 789/889/789 790/890/790 791/891/791
f 790/890/790 792/892/792 791/891/791
f 791/891/791 792/892/792 793/893/793
f 792/892/792 786/886/786 793/893/793
f 793/893/793 786/886/786 794/894/794
f 786/886/786 579/669/579 794/894/794
f 794/894/794 579/669/579 795/895/795
f 579/669/579 586/676/586 795/895/795
f 784/884/784 785/885/785 790/890/790
f 785/885/785 786/886/786 790/890/790
f 790/890/790 786/886/786 792/892/792
f 794/894/794 795/895/795 793/893/793
f 795/895/795 796/896/796 793/893/793
f 796/896/796 797/897/797 793/893/793
f 797/897/797 798/898/798 793/893/793
f 793/893/793 798/898/798 791/891/791
f 799/899/799 800/900/800 801/901/801
f 800/900/800 802/902/802 801/901/801
f 803/903/803 623/713/623 802/902/802
f 623/713/623 626/716/626 802/902/802
f 626/716/626 628/718/628 802/902/802
f 802/902/802 628/718/628 801/901/801
f 628/718/628 804/904/804 801/901/801
f 801/901/801 804/904/804 799/899/799
f 804/904/804 805/905/805 799/899/799
f 799/899/799 805/905/805 806/906/806
f 621/711/621 623/713/623 807/907/807
f 623/713/623 803/903/803 807/907/807
f 807/907/807 803/903/803 808/908/808
f 803/903/803 802/902/802 808/908/808
f 808/908/808 802/902/802 809/909/809
f 802/902/802 800/900/800 809/909/809
f 809/909/809 800/900/800 810/910/810
f 810/910/810 800/900/800 811/911/811
f 800/900/800 799/899/799 811/911/811
f 811/911/811 799/899/799 812/912/812
f 799/899/799 806/906/806 812/912/812
f 812/912/812 806/906/806 813/913/813
f 809/909/809 810/910/810 808/908/808
f 810/910/810 814/914/814 808/908/808
f 814/914/814 815/915/815 808/908/808
f 815/915/815 816/916/816 808/908/808
f 808/908/808 816/916/816 807/907/807
f 628/718/628 630/720/630 804/904/804
f 630/720/630 600/690/600 804/904/804
f 804/904/804 600/690/600 805/905/805
f 817/917/817 813/913/813 818/918/818
f 813/913/813 806/906/806 818/918/818
f 806/906/806 805/905/805 818/918/818
f 818/918/818 805/905/805 819/919/819
f 819/919/819 805/905/805 599/689/599
f 805/905/805 600/690/600 599/689/599
f 820/920/820 821/921/821 787/887/787
f 787/887/787 821/921/821 783/883/783
f 783/883/783 821/921/821 781/881/781
f 821/921/821 822/922/822 781/881/781
f 822/922/822 605/695/605 781/881/781
f 781/881/781 605/695/605 575/665/575
f 815/923/815 814/924/814 823/925/823
f 814/924/814 810/926/810 823/925/823
f 810/926/810 811/927/811 823/925/823
f 811/927/811 812/928/812 823/925/823
f 812/928/812 813/929/813 823/925/823
f 813/929/813 817/930/817 823/925/823
f 817/930/817 824/931/824 823/925/823
f 823/925/823 824/931/824 815/923/815
f 797/932/797 825/933/825 826/934/823
f 825/933/825 820/935/820 826/934/823
f 820/935/820 787/936/787 826/934/823
f 787/936/787 788/937/788 826/934/823
f 788/937/788 789/938/789 826/934/823
f 789/938/789 791/939/791 826/934/823
f 791/939/791 798/940/798 826/934/823
f 826/934/823 798/940/798 797/932/797
f 827/941/826 828/942/827 829/943/828
f 830/944/829 831/945/830 832/946/831
f 831/945/830 830/944/829 833/947/832
f 834/948/833 831/945/830 833/947/832
f 831/945/830 834/948/833 835/949/834
f 836/950/835 837/951/836 838/952/837
f 839/953/838 837/951/836 840/954/839
f 837/951/836 836/950/835 840/954/839
f 840/954/839 836/950/835 841/955/840
f 836/950/835 842/956/841 841/955/840
f 841/955/840 842/956/841 843/957/842
f 842/956/841 844/958/843 843/957/842
f 843/957/842 844/958/843 845/959/844
f 844/958/843 846/960/845 845/959/844
f 846/960/845 100/100/100 845/959/844
f 845/959/844 100/100/100 847/961/846
f 100/100/100 102/102/102 847/961/846
f 102/102/102 848/962/847 847/961/846
f 847/961/846 848/962/847 849/963/848
f 848/962/847 850/964/849 849/963/848
f 849/963/848 850/964/849 851/965/850
f 850/964/849 852/966/851 851/965/850
f 851/965/850 852/966/851 853/967/852
f 852/966/851 854/968/853 853/967/852
f 853/967/852 854/968/853 855/969/854
f 854/968/853 856/970/855 855/969/854
f 855/969/854 856/970/855 857/971/856
f 856/970/855 858/972/857 857/971/856
f 857/971/856 858/972/857 859/973/858
f 858/972/857 860/974/859 859/973/858
f 839/953/838 840/954/839 861/975/860
f 840/954/839 841/955/840 861/975/860
f 861/975/860 841/955/840 851/965/850
f 841/955/840 843/957/842 851/965/850
f 851/965/850 843/957/842 849/963/848
f 849/963/848 843/957/842 847/961/846
f 843/957/842 845/959/844 847/961/846
f 858/972/857 856/970/855 862/976/861
f 856/970/855 863/977/862 862/976/861
f 862/976/861 863/977/862 864/978/863
f 863/977/862 865/979/864 864/978/863
f 864/978/863 865/979/864 866/980/865
f 866/980/865 865/979/864 105/105/105
f 865/979/864 867/981/866 105/105/105
f 105/105/105 867/981/866 102/102/102
f 102/102/102 867/981/866 848/962/847
f 867/981/866 868/982/867 848/962/847
f 848/962/847 868/982/867 850/964/849
f 868/982/867 854/968/853 850/964/849
f 850/964/849 854/968/853 852/966/851
f 856/970/855 854/968/853 863/977/862
f 854/968/853 868/982/867 863/977/862
f 868/982/867 867/981/866 863/977/862
f 863/977/862 867/981/866 865/979/864
f 851/965/850 853/967/852 861/975/860
f 855/969/854 857/971/856 869/983/868
f 857/971/856 859/973/858 869/983/868
f 870/984/869 871/985/870 872/986/871
f 873/987/872 874/988/873 875/989/874
f 874/988/873 876/990/875 875/989/874
f 875/989/874 876/990/875 870/984/869
f 876/990/875 877/991/876 870/984/869
f 870/984/869 877/991/876 871/985/870
f 871/985/870 877/991/876 878/992/877
f 877/991/876 879/993/878 878/992/877
f 878/992/877 879/993/878 880/994/879
f 879/993/878 881/995/880 880/994/879
f 880/994/879 881/995/880 882/996/881
f 881/995/880 883/997/882 882/996/881
f 882/996/881 883/997/882 259/259/259
f 259/259/259 883/997/882 267/267/267
f 883/997/882 884/998/883 267/267/267
f 267/267/267 884/998/883 885/999/884
f 884/998/883 886/1000/885 885/999/884
f 885/999/884 886/1000/885 887/1001/886
f 887/1001/886 886/1000/885 888/1002/887
f 886/1000/885 889/1003/888 888/1002/887
f 888/1002/887 889/1003/888 874/988/873
f 874/988/873 889/1003/888 876/990/875
f 889/1003/888 879/993/878 876/990/875
f 876/990/875 879/993/878 877/991/876
f 879/993/878 889/1003/888 881/995/880
f 889/1003/888 886/1000/885 881/995/880
f 886/1000/885 884/998/883 881/995/880
f 881/995/880 884/998/883 883/997/882
f 890/1004/889 891/1005/890 892/1006/891
f 891/1005/890 893/1007/892 892/1006/891
f 892/1006/891 893/1007/892 894/1008/893
f 893/1007/892 895/1009/894 894/1008/893
f 894/1008/893 895/1009/894 896/1010/895
f 895/1009/894 897/1011/896 896/1010/895
f 896/1010/895 897/1011/896 898/1012/897
f 897/1011/896 899/1013/898 898/1012/897
f 898/1012/897 899/1013/898 255/255/255
f 255/255/255 899/1013/898 254/254/254
f 254/254/254 899/1013/898 259/259/259
f 259/259/259 899/1013/898 882/996/881
f 882/996/881 899/1013/898 880/994/879
f 880/994/879 899/1013/898 900/1014/899
f 899/1013/898 897/1011/896 900/1014/899
f 892/1006/891 894/1008/893 901/1015/900
f 894/1008/893 902/1016/901 901/1015/900
f 901/1015/900 902/1016/901 903/1017/902
f 903/1017/902 902/1016/901 904/1018/903
f 902/1016/901 905/1019/904 904/1018/903
f 904/1018/903 905/1019/904 256/256/256
f 905/1019/904 906/1020/905 256/256/256
f 256/256/256 906/1020/905 255/255/255
f 255/255/255 906/1020/905 898/1012/897
f 898/1012/897 906/1020/905 896/1010/895
f 906/1020/905 905/1019/904 896/1010/895
f 905/1019/904 902/1016/901 896/1010/895
f 896/1010/895 902/1016/901 894/1008/893
f 891/1005/890 828/942/827 893/1007/892
f 828/942/827 907/1021/906 893/1007/892
f 893/1007/892 907/1021/906 895/1009/894
f 907/1021/906 908/1022/907 895/1009/894
f 895/1009/894 908/1022/907 897/1011/896
f 828/942/827 827/941/826 907/1021/906
f 827/941/826 908/1022/907 907/1021/906
f 839/953/838 861/975/860 909/1023/908
f 861/975/860 853/967/852 909/1023/908
f 853/967/852 855/969/854 909/1023/908
f 909/1023/908 855/969/854 869/983/868
f 910/1024/909 831/1025/830 911/1026/910
f 831/1025/830 835/1027/834 911/1026/910
f 911/1026/910 835/1027/834 834/1028/833
f 912/1029/911 910/1024/909 913/1030/912
f 910/1024/909 911/1026/910 913/1030/912
f 913/1030/912 911/1026/910 914/1031/913
f 911/1026/910 834/1028/833 914/1031/913
f 914/1031/913 834/1028/833 915/1032/914
f 834/1028/833 833/1033/832 915/1032/914
f 915/1032/914 833/1033/832 830/1034/829
f 916/1035/915 917/1036/916 918/1037/917
f 917/1036/916 919/1038/918 918/1037/917
f 918/1037/917 919/1038/918 920/1039/919
f 919/1038/918 921/1040/920 920/1039/919
f 920/1039/919 921/1040/920 831/1041/830
f 831/1041/830 921/1040/920 832/1042/831
f 832/1042/831 921/1040/920 830/1034/829
f 921/1040/920 922/1043/921 830/1034/829
f 830/1034/829 922/1043/921 915/1032/914
f 922/1043/921 923/1044/922 915/1032/914
f 915/1032/914 923/1044/922 914/1031/913
f 923/1044/922 924/1045/923 914/1031/913
f 914/1031/913 924/1045/923 913/1030/912
f 924/1045/923 925/1046/924 913/1030/912
f 913/1030/912 925/1046/924 912/1029/911
f 925/1046/924 926/1047/925 912/1029/911
f 921/1040/920 919/1038/918 922/1043/921
f 919/1038/918 927/1048/926 922/1043/921
f 922/1043/921 927/1048/926 923/1044/922
f 927/1048/926 928/1049/927 923/1044/922
f 923/1044/922 928/1049/927 924/1045/923
f 928/1049/927 929/1050/928 924/1045/923
f 924/1045/923 929/1050/928 925/1046/924
f 919/1038/918 917/1036/916 927/1048/926
f 917/1036/916 930/1051/929 927/1048/926
f 927/1048/926 930/1051/929 928/1049/927
f 828/942/827 931/1052/930 829/943/828
f 839/953/838 909/1023/908 932/1053/931
f 909/1023/908 869/983/868 932/1053/931
f 699/793/699 933/1054/932 700/794/700
f 933/1054/932 934/1055/933 700/794/700
f 700/794/700 934/1055/933 702/796/702
f 704/798/704 702/796/702 935/1056/934
f 702/796/702 934/1055/933 935/1056/934
f 935/1056/934 934/1055/933 916/1035/915
f 916/1035/915 934/1055/933 917/1036/916
f 917/1036/916 934/1055/933 930/1051/929
f 934/1055/933 933/1054/932 930/1051/929
f 930/1051/929 933/1054/932 936/1057/935
f 933/1054/932 699/793/699 936/1057/935
f 936/1057/935 699/793/699 937/1058/936
f 699/793/699 697/791/697 937/1058/936
f 937/1058/936 697/791/697 938/1059/937
f 697/791/697 695/789/695 938/1059/937
f 938/1059/937 695/789/695 939/1060/938
f 695/789/695 694/788/694 939/1060/938
f 939/1060/938 926/1047/925 938/1059/937
f 926/1047/925 925/1046/924 938/1059/937
f 925/1046/924 929/1050/928 938/1059/937
f 938/1059/937 929/1050/928 937/1058/936
f 937/1058/936 929/1050/928 936/1057/935
f 929/1050/928 928/1049/927 936/1057/935
f 936/1057/935 928/1049/927 930/1051/929
f 655/747/655 659/751/659 940/1061/939
f 659/751/659 941/1062/940 940/1061/939
f 940/1061/939 941/1062/940 837/951/836
f 837/951/836 941/1062/940 838/952/837
f 838/952/837 941/1062/940 942/1063/941
f 942/1063/941 941/1062/940 643/734/643
f 643/734/643 941/1062/940 644/735/644
f 941/1062/940 659/751/659 644/735/644
f 837/951/836 839/953/838 940/1061/939
f 839/953/838 932/1053/931 940/1061/939
f 940/1061/939 932/1053/931 655/747/655
f 932/1053/931 943/1064/942 655/747/655
f 655/747/655 943/1064/942 654/746/654
f 943/1064/942 944/1065/943 654/746/654
f 654/746/654 944/1065/943 653/745/653
f 653/745/653 944/1065/943 661/754/661
f 661/754/661 944/1065/943 945/1066/944
f 945/1066/944 944/1065/943 860/974/859
f 860/974/859 944/1065/943 859/973/858
f 944/1065/943 943/1064/942 859/973/858
f 859/973/858 943/1064/942 869/983/868
f 943/1064/942 932/1053/931 869/983/868
f 664/757/664 666/759/666 946/1067/945
f 666/759/666 677/770/677 946/1067/945
f 946/1067/945 677/770/677 947/1068/946
f 677/770/677 676/769/676 947/1068/946
f 676/769/676 931/1052/930 947/1068/946
f 931/1052/930 828/942/827 947/1068/946
f 828/942/827 891/1005/890 947/1068/946
f 947/1068/946 891/1005/890 946/1067/945
f 891/1005/890 890/1004/889 946/1067/945
f 890/1004/889 948/1069/947 946/1067/945
f 946/1067/945 948/1069/947 664/757/664
f 872/986/871 949/1070/948 870/984/869
f 949/1070/948 950/1071/949 870/984/869
f 870/984/869 950/1071/949 875/989/874
f 950/1071/949 951/1072/950 875/989/874
f 875/989/874 951/1072/950 873/987/872
f 873/987/872 951/1072/950 952/1073/951
f 952/1073/951 951/1072/950 678/771/678
f 678/771/678 951/1072/950 679/772/679
f 679/772/679 951/1072/950 691/784/691
f 951/1072/950 950/1071/949 691/784/691
f 691/784/691 950/1071/949 690/783/690
f 950/1071/949 949/1070/948 690/783/690
f 953/1074/952 1/1/1 954/1075/953
f 1/1/1 3/3/3 954/1075/953
f 954/1075/953 3/3/3 955/1076/954
f 3/3/3 5/5/5 955/1076/954
f 955/1076/954 5/5/5 956/1077/955
f 5/5/5 7/7/7 956/1077/955
f 28/28/28 953/1078/952 23/23/23
f 953/1078/952 954/1079/953 23/23/23
f 954/1079/953 955/1080/954 23/23/23
f 23/23/23 955/1080/954 17/17/17
f 17/17/17 955/1080/954 18/18/18
f 955/1080/954 956/1081/955 18/18/18
f 957/1082/956 958/1083/957 29/29/29
f 29/29/29 958/1083/957 30/30/30
f 958/1083/957 959/1084/958 30/30/30
f 30/30/30 959/1084/958 33/33/33
f 959/1084/958 960/1085/959 33/33/33
f 33/33/33 960/1085/959 35/35/35
f 56/56/56 51/51/51 957/1086/956
f 957/1086/956 51/51/51 958/1087/957
f 958/1087/957 51/51/51 959/1088/958
f 51/51/51 38/38/38 959/1088/958
f 38/38/38 37/37/37 959/1088/958
f 959/1088/958 37/37/37 960/1089/959
f 961/1090/960 962/1091/961 120/120/120
f 962/1091/961 127/127/127 120/120/120
f 244/244/244 317/336/317 961/1092/960
f 317/336/317 962/1093/961 961/1092/960
f 962/1091/961 963/1094/962 127/127/127
f 963/1094/962 128/128/128 127/127/127
f 317/336/317 309/328/309 962/1093/961
f 309/328/309 963/1095/962 962/1093/961
f 107/107/107 964/1096/963 109/109/109
f 964/1096/963 965/1097/964 109/109/109
f 964/1098/963 140/140/140 965/1099/964
f 140/140/140 139/139/139 965/1099/964
f 106/106/106 966/1100/965 107/107/107
f 966/1100/965 964/1096/963 107/107/107
f 966/1101/965 154/155/155 964/1098/963
f 154/155/155 140/140/140 964/1098/963
f 967/1102/966 113/113/113 968/1103/967
f 113/113/113 111/111/111 968/1103/967
f 968/1103/967 111/111/111 965/1097/964
f 111/111/111 109/109/109 965/1097/964
f 969/1104/968 105/105/105 970/1105/969
f 105/105/105 104/104/104 970/1105/969
f 970/1105/969 104/104/104 967/1102/966
f 104/104/104 113/113/113 967/1102/966
f 971/1106/970 972/1107/971 124/124/124
f 124/124/124 972/1107/971 122/122/122
f 972/1107/971 961/1090/960 122/122/122
f 122/122/122 961/1090/960 120/120/120
f 971/1108/970 258/258/258 972/1109/971
f 258/258/258 245/245/245 972/1109/971
f 245/245/245 244/244/244 972/1109/971
f 972/1109/971 244/244/244 961/1092/960
f 973/1110/972 974/1111/973 100/100/100
f 100/100/100 974/1111/973 101/101/101
f 974/1111/973 971/1106/970 101/101/101
f 101/101/101 971/1106/970 124/124/124
f 258/258/258 971/1108/970 257/257/257
f 971/1108/970 974/1112/973 257/257/257
f 974/1112/973 973/1113/972 257/257/257
f 257/257/257 973/1113/972 256/256/256
f 267/267/267 969/1114/968 266/266/266
f 969/1114/968 970/1115/969 266/266/266
f 970/1115/969 967/1116/966 266/266/266
f 266/266/266 967/1116/966 265/265/265
f 965/1099/964 139/139/139 968/1117/967
f 139/139/139 138/138/138 968/1117/967
f 138/138/138 265/265/265 968/1117/967
f 968/1117/967 265/265/265 967/1116/966
f 395/486/395 975/1118/974 413/435/413
f 975/1118/974 976/1119/975 413/435/413
f 977/1120/976 978/1121/977 956/1081/955
f 978/1121/977 18/18/18 956/1081/955
f 14/14/14 425/1122/425 11/11/11
f 425/1122/425 976/1123/975 11/11/11
f 412/434/412 413/435/413 425/466/425
f 413/435/413 976/1119/975 425/466/425
f 979/1124/978 975/1125/974 396/418/396
f 975/1125/974 395/417/395 396/418/396
f 425/466/425 980/1126/979 424/465/424
f 980/1126/979 354/464/354 424/465/424
f 347/369/347 354/376/354 978/1127/977
f 354/376/354 980/1128/979 978/1127/977
f 18/18/18 978/1121/977 16/16/16
f 978/1121/977 980/1129/979 16/16/16
f 16/16/16 980/1129/979 14/14/14
f 980/1129/979 425/1122/425 14/14/14
f 956/1077/955 7/7/7 977/1130/976
f 977/1130/976 7/7/7 981/1131/980
f 7/7/7 8/8/8 981/1131/980
f 981/1131/980 8/8/8 979/1132/978
f 11/11/11 976/1123/975 9/9/9
f 976/1123/975 975/1133/974 9/9/9
f 975/1133/974 979/1132/978 9/9/9
f 9/9/9 979/1132/978 8/8/8
f 347/369/347 978/1127/977 346/368/346
f 978/1127/977 977/1134/976 346/368/346
f 977/1134/976 981/1135/980 346/368/346
f 346/368/346 981/1135/980 370/392/370
f 981/1135/980 979/1124/978 370/392/370
f 370/392/370 979/1124/978 396/418/396
f 982/1136/981 983/1137/982 470/526/470
f 983/1137/982 472/528/472 470/526/470
f 37/37/37 984/1138/983 960/1089/959
f 984/1138/983 985/1139/984 960/1089/959
f 982/1140/981 503/1141/503 43/43/43
f 503/1141/503 41/41/41 43/43/43
f 982/1136/981 470/526/470 503/559/503
f 470/526/470 487/543/487 503/559/503
f 472/612/472 983/1142/982 546/611/546
f 983/1142/982 986/1143/985 546/611/546
f 506/562/506 987/1144/986 504/560/504
f 987/1144/986 503/559/503 504/560/504
f 987/1145/986 506/607/506 984/1146/983
f 506/607/506 543/608/543 984/1146/983
f 960/1085/959 985/1147/984 35/35/35
f 985/1147/984 988/1148/987 35/35/35
f 35/35/35 988/1148/987 36/36/36
f 988/1148/987 986/1149/985 36/36/36
f 37/37/37 39/39/39 984/1138/983
f 984/1138/983 39/39/39 987/1150/986
f 39/39/39 41/41/41 987/1150/986
f 987/1150/986 41/41/41 503/1141/503
f 36/36/36 986/1149/985 46/46/46
f 986/1149/985 983/1151/982 46/46/46
f 983/1151/982 982/1140/981 46/46/46
f 46/46/46 982/1140/981 43/43/43
f 546/611/546 986/1143/985 545/610/545
f 986/1143/985 988/1152/987 545/610/545
f 545/610/545 988/1152/987 544/609/544
f 988/1152/987 985/1153/984 544/609/544
f 985/1153/984 984/1146/983 544/609/544
f 544/609/544 984/1146/983 543/608/543
f 989/1154/988 615/705/615 990/1155/989
f 615/705/615 614/704/614 990/1155/989
f 614/704/614 620/710/620 990/1155/989
f 990/1155/989 620/710/620 991/1156/990
f 620/710/620 622/712/622 991/1156/990
f 991/1156/990 622/712/622 992/1157/991
f 622/712/622 621/711/621 992/1157/991
f 992/1157/991 621/711/621 993/1158/992
f 994/1159/993 586/676/586 995/1160/994
f 586/676/586 587/677/587 995/1160/994
f 995/1160/994 587/677/587 996/1161/995
f 587/677/587 588/678/588 996/1161/995
f 996/1161/995 588/678/588 997/1162/996
f 588/678/588 589/679/589 997/1162/996
f 589/679/589 590/680/590 997/1162/996
f 997/1162/996 590/680/590 998/1163/997
f 605/695/605 994/1164/993 604/694/604
f 994/1164/993 995/1165/994 604/694/604
f 995/1165/994 996/1166/995 604/694/604
f 604/694/604 996/1166/995 603/693/603
f 996/1166/995 997/1167/996 603/693/603
f 603/693/603 997/1167/996 602/692/602
f 602/692/602 997/1167/996 601/691/601
f 997/1167/996 998/1168/997 601/691/601
f 599/689/599 597/687/597 993/1169/992
f 993/1169/992 597/687/597 992/1170/991
f 992/1170/991 597/687/597 991/1171/990
f 597/687/597 595/685/595 991/1171/990
f 991/1171/990 595/685/595 990/1172/989
f 595/685/595 592/682/592 990/1172/989
f 592/682/592 591/681/591 990/1172/989
f 990/1172/989 591/681/591 989/1173/988
f 999/1174/998 1000/1175/999 672/765/672
f 1000/1175/999 999/1174/998 1001/1176/1000
f 1002/1177/1001 1000/1175/999 1001/1176/1000
f 1000/1175/999 1002/1177/1001 686/779/686
f 668/761/668 1003/1178/1002 670/763/670
f 1003/1178/1002 1004/1179/1003 670/763/670
f 1005/1180/1004 1003/1181/1002 665/758/665
f 1003/1181/1002 668/761/668 665/758/665
f 1006/1182/1005 1007/1183/1006 665/758/665
f 1007/1183/1006 1005/1180/1004 665/758/665
f 1004/1179/1003 1008/1184/1007 670/763/670
f 1008/1184/1007 1009/1185/1008 670/763/670
f 1010/1186/1009 1011/1187/1010 633/723/633
f 1011/1187/1010 641/732/641 633/723/633
f 1007/1188/1006 1006/1189/1005 1012/1190/1011
f 1006/1189/1005 645/736/645 1012/1190/1011
f 1009/1185/1008 999/1174/998 670/763/670
f 999/1174/998 672/765/672 670/763/670
f 1013/1191/1012 1014/1192/1013 661/754/661
f 1014/1192/1013 660/753/660 661/754/661
f 1013/1193/1012 678/771/678 1014/1194/1013
f 678/771/678 680/773/680 1014/1194/1013
f 682/775/682 1015/1195/1014 680/773/680
f 1015/1195/1014 1016/1196/1015 680/773/680
f 1017/1197/1016 1015/1198/1014 684/777/684
f 1015/1198/1014 682/775/682 684/777/684
f 1018/1199/1017 1019/1200/1018 648/740/648
f 1019/1200/1018 1020/1201/1019 648/740/648
f 1021/1202/1020 1022/1203/1021 660/753/660
f 1022/1203/1021 647/752/647 660/753/660
f 1016/1196/1015 1023/1204/1022 680/773/680
f 1023/1204/1022 1014/1194/1013 680/773/680
f 1020/1205/1019 1019/1206/1018 684/777/684
f 1019/1206/1018 1017/1197/1016 684/777/684
f 647/739/647 1022/1207/1021 648/740/648
f 1022/1207/1021 1018/1199/1017 648/740/648
f 660/753/660 1014/1192/1013 1021/1202/1020
f 1014/1192/1013 1023/1208/1022 1021/1202/1020
f 686/779/686 1002/1177/1001 684/777/684
f 1002/1177/1001 1020/1205/1019 684/777/684
f 645/736/645 1006/1189/1005 643/734/643
f 1006/1189/1005 1024/1209/1023 643/734/643
f 665/758/665 664/757/664 1006/1182/1005
f 664/757/664 1024/1210/1023 1006/1182/1005
f 641/738/641 1011/1211/1010 645/736/645
f 1011/1211/1010 1012/1190/1011 645/736/645
f 1009/1212/1008 1008/1213/1007 633/723/633
f 1008/1213/1007 1010/1186/1009 633/723/633
f 1009/1212/1008 633/723/633 999/1214/998
f 633/723/633 632/722/632 999/1214/998
f 999/1214/998 632/722/632 1001/1215/1000
f 632/722/632 662/755/662 1001/1215/1000
f 662/755/662 663/756/663 1001/1215/1000
f 1001/1215/1000 663/756/663 1002/1216/1001
f 663/756/663 648/740/648 1002/1216/1001
f 1002/1216/1001 648/740/648 1020/1201/1019
f 1025/1217/1024 1026/1218/1025 720/820/720
f 1026/1218/1025 1027/1219/1026 720/820/720
f 1028/1220/1027 716/816/716 1029/1221/1028
f 716/816/716 1030/1222/1029 1029/1221/1028
f 1031/1223/1030 1032/1224/1031 722/822/722
f 1032/1224/1031 1033/1225/1032 722/822/722
f 1034/1226/1033 724/824/724 1035/1227/1034
f 724/824/724 1036/1228/1035 1035/1227/1034
f 714/814/714 1037/1229/1036 715/815/715
f 1037/1229/1036 1038/1230/1037 715/815/715
f 715/815/715 1038/1230/1037 106/106/106
f 1038/1230/1037 966/1100/965 106/106/106
f 1027/1231/1026 1039/1232/1038 1040/1233/1039
f 1039/1232/1038 66/66/66 1040/1233/1039
f 1040/1233/1039 66/66/66 1030/1234/1029
f 66/66/66 64/64/64 1030/1234/1029
f 72/72/72 1028/1235/1027 70/70/70
f 1028/1235/1027 1029/1236/1028 70/70/70
f 70/70/70 1029/1236/1028 64/64/64
f 1029/1236/1028 1030/1234/1029 64/64/64
f 707/807/707 706/806/706 1039/1237/1038
f 1039/1237/1038 706/806/706 1041/1238/1040
f 706/806/706 128/128/128 1041/1238/1040
f 1041/1238/1040 128/128/128 963/1094/962
f 1039/1237/1038 1027/1239/1026 707/807/707
f 1027/1239/1026 1026/1240/1025 707/807/707
f 1026/1240/1025 1025/1241/1024 707/807/707
f 707/807/707 1025/1241/1024 709/809/709
f 709/809/709 1025/1241/1024 710/810/710
f 1025/1241/1024 1042/1242/1041 710/810/710
f 1042/1242/1041 1033/1243/1032 710/810/710
f 710/810/710 1033/1243/1032 713/813/713
f 720/820/720 1027/1219/1026 718/818/718
f 1027/1219/1026 1040/1244/1039 718/818/718
f 1040/1244/1039 1030/1222/1029 718/818/718
f 718/818/718 1030/1222/1029 716/816/716
f 66/66/66 1039/1232/1038 67/67/67
f 1039/1232/1038 1041/1245/1040 67/67/67
f 1041/1245/1040 963/1095/962 67/67/67
f 67/67/67 963/1095/962 309/328/309
f 713/813/713 1033/1243/1032 714/814/714
f 1033/1243/1032 1032/1246/1031 714/814/714
f 1032/1246/1031 1031/1247/1030 714/814/714
f 714/814/714 1031/1247/1030 1037/1229/1036
f 1031/1248/1030 1043/1249/1042 1037/1250/1036
f 1037/1250/1036 1043/1249/1042 89/89/89
f 1043/1249/1042 1034/1251/1033 89/89/89
f 89/89/89 1034/1251/1033 83/83/83
f 79/79/79 81/81/81 1036/1252/1035
f 1036/1252/1035 81/81/81 1035/1253/1034
f 81/81/81 83/83/83 1035/1253/1034
f 1035/1253/1034 83/83/83 1034/1251/1033
f 722/822/722 1033/1225/1032 721/821/721
f 1033/1225/1032 1042/1254/1041 721/821/721
f 1042/1254/1041 1025/1217/1024 721/821/721
f 721/821/721 1025/1217/1024 720/820/720
f 154/155/155 966/1101/965 90/90/90
f 966/1101/965 1038/1255/1037 90/90/90
f 1038/1255/1037 1037/1250/1036 90/90/90
f 90/90/90 1037/1250/1036 89/89/89
f 724/824/724 1034/1226/1033 723/823/723
f 1034/1226/1033 1043/1256/1042 723/823/723
f 1043/1256/1042 1031/1223/1030 723/823/723
f 723/823/723 1031/1223/1030 722/822/722
f 1036/1228/1035 724/824/724 1044/1257/1043
f 724/824/724 717/817/717 1044/1257/1043
f 1044/1257/1043 717/817/717 1045/1258/1044
f 1045/1258/1044 717/817/717 1046/1259/1045
f 717/817/717 716/816/716 1046/1259/1045
f 1046/1259/1045 716/816/716 1028/1220/1027
f 1028/1235/1027 72/72/72 1046/1260/1045
f 72/72/72 74/74/74 1046/1260/1045
f 1046/1260/1045 74/74/74 1045/1261/1044
f 74/74/74 76/76/76 1045/1261/1044
f 76/76/76 77/77/77 1045/1261/1044
f 1045/1261/1044 77/77/77 1044/1262/1043
f 77/77/77 79/79/79 1044/1262/1043
f 1044/1262/1043 79/79/79 1036/1252/1035
f 1047/1263/1046 1048/1264/1047 725/825/725
f 1048/1264/1047 1049/1265/1048 725/825/725
f 1048/1266/1047 1050/1267/1049 1049/1268/1048
f 1050/1267/1049 733/833/733 1049/1268/1048
f 725/825/725 1049/1265/1048 591/681/591
f 1049/1265/1048 989/1173/988 591/681/591
f 1049/1268/1048 733/833/733 989/1154/988
f 733/833/733 615/705/615 989/1154/988
f 1010/1269/1009 1008/1270/1007 1047/1271/1046
f 1008/1270/1007 1048/1272/1047 1047/1271/1046
f 1007/1188/1006 1012/1190/1011 1051/1273/1050
f 1012/1190/1011 1052/1274/1051 1051/1273/1050
f 1005/1180/1004 1007/1183/1006 1053/1275/1052
f 1007/1183/1006 1051/1276/1050 1053/1275/1052
f 1008/1277/1007 1004/1278/1003 1048/1279/1047
f 1004/1278/1003 1050/1280/1049 1048/1279/1047
f 1054/1281/1053 1055/1282/1054 728/828/728
f 1055/1282/1054 1056/1283/1055 728/828/728
f 734/834/734 1057/1284/1056 1054/1285/1053
f 1057/1284/1056 1055/1286/1054 1054/1285/1053
f 998/1168/997 1054/1281/1053 601/691/601
f 1054/1281/1053 728/828/728 601/691/601
f 590/680/590 734/834/734 998/1163/997
f 734/834/734 1054/1285/1053 998/1163/997
f 1055/1287/1054 1019/1288/1018 1056/1289/1055
f 1019/1288/1018 1018/1290/1017 1056/1289/1055
f 1058/1291/1057 1021/1202/1020 1059/1292/1058
f 1021/1202/1020 1023/1208/1022 1059/1292/1058
f 1059/1293/1058 1023/1204/1022 1060/1294/1059
f 1023/1204/1022 1016/1196/1015 1060/1294/1059
f 1057/1295/1056 1017/1296/1016 1055/1297/1054
f 1017/1296/1016 1019/1298/1018 1055/1297/1054
f 1017/1296/1016 1057/1295/1056 1015/1195/1014
f 1057/1295/1056 1061/1299/1060 1015/1195/1014
f 1015/1195/1014 1061/1299/1060 1016/1196/1015
f 1061/1299/1060 1060/1294/1059 1016/1196/1015
f 733/833/733 1050/1267/1049 732/832/732
f 1050/1267/1049 1062/1300/1061 732/832/732
f 732/832/732 1062/1300/1061 731/831/731
f 1062/1300/1061 1053/1301/1052 731/831/731
f 1056/1289/1055 1018/1290/1017 1063/1302/1062
f 1018/1290/1017 1022/1203/1021 1063/1302/1062
f 1063/1302/1062 1022/1203/1021 1058/1291/1057
f 1022/1203/1021 1021/1202/1020 1058/1291/1057
f 731/831/731 1053/1301/1052 730/830/730
f 1053/1301/1052 1051/1303/1050 730/830/730
f 1051/1303/1050 1052/1304/1051 730/830/730
f 730/830/730 1052/1304/1051 729/829/729
f 729/829/729 1052/1304/1051 726/826/726
f 1052/1304/1051 1064/1305/1063 726/826/726
f 1064/1305/1063 1047/1263/1046 726/826/726
f 726/826/726 1047/1263/1046 725/825/725
f 1004/1278/1003 1003/1181/1002 1050/1280/1049
f 1050/1280/1049 1003/1181/1002 1062/1306/1061
f 1003/1181/1002 1005/1180/1004 1062/1306/1061
f 1062/1306/1061 1005/1180/1004 1053/1275/1052
f 1047/1271/1046 1064/1307/1063 1010/1269/1009
f 1010/1269/1009 1064/1307/1063 1011/1211/1010
f 1064/1307/1063 1052/1274/1051 1011/1211/1010
f 1011/1211/1010 1052/1274/1051 1012/1190/1011
f 728/828/728 1056/1283/1055 727/827/727
f 1056/1283/1055 1063/1308/1062 727/827/727
f 1063/1308/1062 1058/1309/1057 727/827/727
f 727/827/727 1058/1309/1057 738/838/738
f 738/838/738 1058/1309/1057 737/837/737
f 1058/1309/1057 1059/1310/1058 737/837/737
f 1059/1310/1058 1060/1311/1059 737/837/737
f 737/837/737 1060/1311/1059 736/836/736
f 734/834/734 735/835/735 1057/1284/1056
f 1057/1284/1056 735/835/735 1061/1312/1060
f 735/835/735 736/836/736 1061/1312/1060
f 1061/1312/1060 736/836/736 1060/1311/1059
f 756/856/756 757/857/757 1065/1313/1064
f 757/857/757 1066/1314/1065 1065/1313/1064
f 755/855/755 756/856/756 1067/1315/1066
f 756/856/756 1065/1313/1064 1067/1315/1066
f 1067/1315/1066 1065/1313/1064 1068/1316/1067
f 1068/1316/1067 1065/1313/1064 1069/1317/1068
f 1065/1313/1064 1066/1314/1065 1069/1317/1068
f 1069/1317/1068 1066/1314/1065 1070/1318/1069
f 744/844/744 1071/1319/1070 1072/1320/1071
f 1071/1319/1070 1073/1321/1072 1072/1320/1071
f 1072/1320/1071 1073/1321/1072 1074/1322/1073
f 1073/1321/1072 1075/1323/1074 1074/1322/1073
f 743/843/743 744/844/744 1076/1324/1075
f 744/844/744 1072/1320/1071 1076/1324/1075
f 1076/1324/1075 1072/1320/1071 1077/1325/1076
f 1072/1320/1071 1074/1322/1073 1077/1325/1076
f 1068/1316/1067 1075/1326/1074 1067/1315/1066
f 1075/1326/1074 1073/1327/1072 1067/1315/1066
f 1067/1315/1066 1073/1327/1072 755/855/755
f 1073/1327/1072 1071/1328/1070 755/855/755
f 743/843/743 1076/1324/1075 759/859/759
f 759/859/759 1076/1324/1075 1078/1329/1077
f 1076/1324/1075 1077/1325/1076 1078/1329/1077
f 1078/1329/1077 1077/1325/1076 1079/1330/1078
f 1/1/1 953/1074/952 740/840/740
f 953/1074/952 1080/1331/1079 740/840/740
f 740/840/740 1080/1331/1079 742/842/742
f 1080/1331/1079 1081/1332/1080 742/842/742
f 742/842/742 1081/1332/1080 744/844/744
f 1081/1332/1080 1071/1319/1070 744/844/744
f 28/28/28 753/853/753 953/1078/952
f 953/1078/952 753/853/753 1080/1333/1079
f 1080/1333/1079 753/853/753 1081/1334/1080
f 753/853/753 754/854/754 1081/1334/1080
f 754/854/754 755/855/755 1081/1334/1080
f 1081/1334/1080 755/855/755 1071/1328/1070
f 757/857/757 758/858/758 1066/1314/1065
f 758/858/758 1082/1335/1081 1066/1314/1065
f 1066/1314/1065 1082/1335/1081 1070/1318/1069
f 1070/1318/1069 1082/1335/1081 1083/1336/1082
f 1083/1336/1082 1082/1335/1081 1079/1330/1078
f 1079/1330/1078 1082/1335/1081 1078/1329/1077
f 1082/1335/1081 758/858/758 1078/1329/1077
f 1078/1329/1077 758/858/758 759/859/759
f 1084/1337/1083 1085/1338/1084 1086/1339/1085
f 1085/1338/1084 1087/1340/1086 1086/1339/1085
f 778/878/778 1087/1340/1086 777/877/777
f 1087/1340/1086 1085/1338/1084 777/877/777
f 777/877/777 1085/1338/1084 776/876/776
f 776/876/776 1085/1338/1084 1088/1341/1087
f 1085/1338/1084 1084/1337/1083 1088/1341/1087
f 1088/1341/1087 1084/1337/1083 1089/1342/1088
f 764/864/764 774/874/774 1090/1343/1089
f 774/874/774 1091/1344/1090 1090/1343/1089
f 1090/1343/1089 1091/1344/1090 1092/1345/1091
f 1091/1344/1090 1093/1346/1092 1092/1345/1091
f 1086/1339/1085 1087/1340/1086 1094/1347/1093
f 1094/1347/1093 1087/1340/1086 1095/1348/1094
f 1087/1340/1086 778/878/778 1095/1348/1094
f 1095/1348/1094 778/878/778 1096/1349/1095
f 765/865/765 1097/1350/1096 1096/1351/1095
f 1096/1351/1095 1097/1350/1096 1095/1352/1094
f 1097/1350/1096 1098/1353/1097 1095/1352/1094
f 1095/1352/1094 1098/1353/1097 1094/1354/1093
f 764/864/764 1090/1343/1089 765/865/765
f 765/865/765 1090/1343/1089 1097/1350/1096
f 1090/1343/1089 1092/1345/1091 1097/1350/1096
f 1097/1350/1096 1092/1345/1091 1098/1353/1097
f 29/29/29 761/861/761 957/1082/956
f 957/1082/956 761/861/761 1099/1355/1098
f 761/861/761 763/863/763 1099/1355/1098
f 1099/1355/1098 763/863/763 1100/1356/1099
f 763/863/763 765/865/765 1100/1356/1099
f 1100/1356/1099 765/865/765 1096/1351/1095
f 56/56/56 957/1086/956 780/880/780
f 957/1086/956 1099/1357/1098 780/880/780
f 1099/1357/1098 1100/1358/1099 780/880/780
f 780/880/780 1100/1358/1099 779/879/779
f 779/879/779 1100/1358/1099 778/878/778
f 1100/1358/1099 1096/1349/1095 778/878/778
f 774/874/774 775/875/775 1091/1344/1090
f 775/875/775 1101/1359/1100 1091/1344/1090
f 1091/1344/1090 1101/1359/1100 1093/1346/1092
f 1093/1346/1092 1101/1359/1100 1102/1360/1101
f 1102/1360/1101 1101/1359/1100 1089/1342/1088
f 1089/1342/1088 1101/1359/1100 1088/1341/1087
f 1101/1359/1100 775/875/775 1088/1341/1087
f 1088/1341/1087 775/875/775 776/876/776
f 820/920/820 825/1361/825 821/921/821
f 825/1361/825 1103/1362/1102 821/921/821
f 821/921/821 1103/1362/1102 822/922/822
f 1103/1362/1102 1104/1363/1103 822/922/822
f 822/922/822 1104/1363/1103 605/695/605
f 1104/1363/1103 994/1164/993 605/695/605
f 817/917/817 818/918/818 824/1364/824
f 824/1364/824 818/918/818 1105/1365/1104
f 818/918/818 819/919/819 1105/1365/1104
f 1105/1365/1104 819/919/819 1106/1366/1105
f 819/919/819 599/689/599 1106/1366/1105
f 1106/1366/1105 599/689/599 993/1169/992
f 993/1158/992 621/711/621 1106/1367/1105
f 621/711/621 807/907/807 1106/1367/1105
f 1106/1367/1105 807/907/807 1105/1368/1104
f 807/907/807 816/916/816 1105/1368/1104
f 816/916/816 815/915/815 1105/1368/1104
f 1105/1368/1104 815/915/815 824/1369/824
f 825/1370/825 797/897/797 1103/1371/1102
f 797/897/797 796/896/796 1103/1371/1102
f 796/896/796 795/895/795 1103/1371/1102
f 1103/1371/1102 795/895/795 1104/1372/1103
f 795/895/795 586/676/586 1104/1372/1103
f 1104/1372/1103 586/676/586 994/1159/993
f 838/952/837 1107/1373/1106 836/950/835
f 1107/1373/1106 1108/1374/1107 836/950/835
f 1108/1375/1107 1107/1376/1106 892/1006/891
f 1107/1376/1106 890/1004/889 892/1006/891
f 1092/1377/1091 842/956/841 1098/1378/1097
f 842/956/841 836/950/835 1098/1378/1097
f 1089/1379/1088 903/1017/902 1102/1380/1101
f 903/1017/902 1109/1381/1108 1102/1380/1101
f 1109/1382/1108 844/958/843 1102/1383/1101
f 844/958/843 1093/1384/1092 1102/1383/1101
f 1108/1375/1107 892/1006/891 1094/1385/1093
f 892/1006/891 1086/1386/1085 1094/1385/1093
f 1092/1377/1091 1093/1384/1092 842/956/841
f 1093/1384/1092 844/958/843 842/956/841
f 1108/1374/1107 1094/1387/1093 836/950/835
f 1094/1387/1093 1098/1378/1097 836/950/835
f 1110/1388/1109 1111/1389/1110 858/972/857
f 1111/1389/1110 860/974/859 858/972/857
f 873/987/872 1111/1390/1110 874/988/873
f 1111/1390/1110 1110/1391/1109 874/988/873
f 858/972/857 862/976/861 1074/1392/1073
f 862/976/861 1077/1393/1076 1074/1392/1073
f 1112/1394/1111 887/1001/886 1083/1395/1082
f 887/1001/886 1070/1396/1069 1083/1395/1082
f 1079/1397/1078 864/978/863 1083/1398/1082
f 864/978/863 1112/1399/1111 1083/1398/1082
f 1068/1400/1067 874/988/873 1075/1401/1074
f 874/988/873 1110/1391/1109 1075/1401/1074
f 864/978/863 1079/1397/1078 862/976/861
f 1079/1397/1078 1077/1393/1076 862/976/861
f 1074/1392/1073 1075/1402/1074 858/972/857
f 1075/1402/1074 1110/1388/1109 858/972/857
f 1070/1396/1069 887/1001/886 1069/1403/1068
f 887/1001/886 888/1002/887 1069/1403/1068
f 1069/1403/1068 888/1002/887 1068/1400/1067
f 888/1002/887 874/988/873 1068/1400/1067
f 256/256/256 973/1113/972 904/1018/903
f 973/1113/972 1113/1404/1112 904/1018/903
f 904/1018/903 1113/1404/1112 903/1017/902
f 1113/1404/1112 1109/1381/1108 903/1017/902
f 105/105/105 969/1104/968 866/980/865
f 969/1104/968 1114/1405/1113 866/980/865
f 866/980/865 1114/1405/1113 864/978/863
f 1114/1405/1113 1112/1399/1111 864/978/863
f 100/100/100 846/960/845 973/1110/972
f 973/1110/972 846/960/845 1113/1406/1112
f 846/960/845 844/958/843 1113/1406/1112
f 1113/1406/1112 844/958/843 1109/1382/1108
f 1089/1379/1088 1084/1407/1083 903/1017/902
f 903/1017/902 1084/1407/1083 901/1015/900
f 1084/1407/1083 1086/1386/1085 901/1015/900
f 901/1015/900 1086/1386/1085 892/1006/891
f 267/267/267 885/999/884 969/1114/968
f 969/1114/968 885/999/884 1114/1408/1113
f 885/999/884 887/1001/886 1114/1408/1113
f 1114/1408/1113 887/1001/886 1112/1394/1111
f 1111/1390/1110 873/987/872 1115/1409/1114
f 873/987/872 952/1073/951 1115/1409/1114
f 1115/1409/1114 952/1073/951 1013/1193/1012
f 952/1073/951 678/771/678 1013/1193/1012
f 643/734/643 1024/1209/1023 942/1063/941
f 1024/1209/1023 1116/1410/1115 942/1063/941
f 1116/1410/1115 1107/1373/1106 942/1063/941
f 942/1063/941 1107/1373/1106 838/952/837
f 1107/1376/1106 1116/1411/1115 890/1004/889
f 890/1004/889 1116/1411/1115 948/1069/947
f 1116/1411/1115 1024/1210/1023 948/1069/947
f 948/1069/947 1024/1210/1023 664/757/664
f 860/974/859 1111/1389/1110 945/1066/944
f 1111/1389/1110 1115/1412/1114 945/1066/944
f 1115/1412/1114 1013/1191/1012 945/1066/944
f 945/1066/944 1013/1191/1012 661/754/661
f 704/798/704 1117/1413/1116 705/799/705
f 1117/1413/1116 1118/1414/1117 705/799/705
f 1118/1414/1117 1119/1415/1118 705/799/705
f 705/799/705 1119/1415/1118 636/800/636
f 640/785/640 1119/1416/1118 692/786/692
f 1119/1416/1118 1120/1417/1119 692/786/692
f 1120/1417/1119 1121/1418/1120 692/786/692
f 692/786/692 1121/1418/1120 694/788/694
f 690/783/690 1121/1419/1120 689/782/689
f 1121/1419/1120 1120/1420/1119 689/782/689
f 689/782/689 1120/1420/1119 687/780/687
f 1120/1420/1119 1119/1421/1118 687/780/687
f 687/780/687 1119/1421/1118 686/779/686
f 686/779/686 1119/1421/1118 1000/1175/999
f 1000/1175/999 1119/1421/1118 672/765/672
f 672/765/672 1119/1421/1118 673/766/673
f 1119/1421/1118 1118/1420/1117 673/766/673
f 673/766/673 1118/1420/1117 675/768/675
f 1118/1420/1117 1117/1419/1116 675/768/675
f 675/768/675 1117/1419/1116 676/769/676
f 1122/1422/1121 827/941/826 829/943/828
f 1123/1423/1122 920/1039/919 900/1424/899
f 920/1039/919 831/1041/830 900/1424/899
f 831/1025/830 910/1024/909 900/1425/899
f 910/1024/909 1124/1426/1123 900/1425/899
f 1122/1427/1121 916/1035/915 1125/1428/1124
f 916/1035/915 918/1037/917 1125/1428/1124
f 1125/1428/1124 918/1037/917 1123/1423/1122
f 918/1037/917 920/1039/919 1123/1423/1122
f 1126/1429/1125 1127/1430/1126 926/1047/925
f 926/1047/925 1127/1430/1126 912/1029/911
f 1127/1430/1126 1124/1426/1123 912/1029/911
f 912/1029/911 1124/1426/1123 910/1024/909
f 1122/1422/1121 1125/1431/1124 827/941/826
f 1125/1431/1124 1123/1432/1122 827/941/826
f 827/941/826 1123/1432/1122 908/1022/907
f 1123/1432/1122 900/1014/899 908/1022/907
f 908/1022/907 900/1014/899 897/1011/896
f 880/994/879 900/1014/899 878/992/877
f 900/1014/899 1124/1432/1123 878/992/877
f 878/992/877 1124/1432/1123 871/985/870
f 1124/1432/1123 1127/1431/1126 871/985/870
f 1127/1431/1126 1126/1422/1125 871/985/870
f 871/985/870 1126/1422/1125 872/986/871
f 931/1052/930 676/769/676 1128/1433/1127
f 676/769/676 1117/1419/1116 1128/1433/1127
f 931/1052/930 1128/1433/1127 829/943/828
f 1128/1433/1127 1122/1422/1121 829/943/828
f 1117/1413/1116 704/798/704 1128/1434/1127
f 704/798/704 935/1056/934 1128/1434/1127
f 1128/1434/1127 935/1056/934 1122/1427/1121
f 935/1056/934 916/1035/915 1122/1427/1121
f 939/1060/938 694/788/694 1129/1435/1128
f 694/788/694 1121/1418/1120 1129/1435/1128
f 926/1047/925 939/1060/938 1126/1429/1125
f 939/1060/938 1129/1435/1128 1126/1429/1125
f 1121/1419/1120 690/783/690 1129/1433/1128
f 690/783/690 949/1070/948 1129/1433/1128
f 949/1070/948 872/986/871 1129/1433/1128
f 1129/1433/1128 872/986/871 1126/1422/1125
o tounge.001
v 0.127906 1.217011 0.340693
v 0.105107 1.184457 0.369752
v 0.127813 1.199282 0.333968
v 0.105204 1.201592 0.376854
v 0.134853 1.244372 0.288635
v 0.137026 1.243545 0.235031
v 0.137066 1.262103 0.238289
v 0.134767 1.226428 0.282778
v -0.129685 1.269553 0.202660
v -0.128953 1.239402 0.242041
v -0.128913 1.257944 0.245564
v -0.129720 1.250924 0.199797
v -0.091885 1.200933 0.380791
v -0.116084 1.198175 0.338932
v -0.091982 1.184436 0.373518
v -0.115991 1.215403 0.345859
v -0.050212 1.173627 0.397356
v -0.050112 1.190755 0.404564
v 0.007425 1.185151 0.417315
v 0.064314 1.174033 0.395072
v 0.064414 1.190821 0.402366
v 0.007325 1.168284 0.410045
v 0.005864 1.199191 0.336309
v 0.006589 1.184122 0.372880
v 0.136297 1.270547 0.196997
v 0.135485 1.268110 0.144356
v 0.135518 1.286417 0.147452
v 0.136262 1.255193 0.192307
v -0.124835 1.239766 0.295559
v -0.124921 1.221868 0.289459
v -0.130466 1.279414 0.158243
v -0.130499 1.261473 0.154194
v 0.003271 1.267164 0.188046
v 0.002493 1.269350 0.146187
v 0.004926 1.228614 0.284551
v 0.004036 1.245968 0.236402
v 0.001678 1.262952 0.100463
v 0.134671 1.258870 0.101103
v -0.131315 1.255977 0.108699
v -0.131472 1.289747 0.101001
v 0.001521 1.296614 0.090745
v 0.002526 1.290017 0.147259
v 0.134513 1.292466 0.092699
v 0.133587 1.212407 0.047643
v 0.000594 1.214654 0.048644
v -0.132399 1.211494 0.053628
v -0.133164 1.213975 0.013918
v -0.000171 1.216504 0.007857
v 0.132822 1.214340 0.008000
v 0.003306 1.283307 0.191234
v 0.004077 1.264539 0.239477
v 0.005013 1.243080 0.291806
v 0.005957 1.216424 0.343201
v 0.006686 1.201059 0.380024
vn 0.7128 0.4943 0.4975
vn 0.5455 -0.8094 0.2174
vn 0.7031 -0.7075 -0.0713
vn 0.5522 0.4064 0.7279
vn 0.6969 0.6354 0.3327
vn 0.7153 -0.6698 -0.1995
vn 0.7033 0.6820 0.2005
vn 0.7246 -0.6527 -0.2212
vn -0.7260 0.6656 0.1730
vn -0.7075 -0.6799 -0.1927
vn -0.7178 0.6501 0.2493
vn -0.6781 -0.7152 -0.1690
vn -0.5267 0.4012 0.7494
vn -0.6948 -0.7183 -0.0353
vn -0.5270 -0.8151 0.2407
vn -0.7000 0.4939 0.5159
vn -0.2887 -0.8872 0.3600
vn -0.2824 0.3551 0.8911
vn 0.0182 0.3047 0.9523
vn 0.3032 -0.8864 0.3497
vn 0.3158 0.3474 0.8829
vn 0.0110 -0.8985 0.4388
vn -0.0085 -0.8997 -0.4364
vn -0.0063 -0.9219 -0.3875
vn 0.7382 0.6528 0.1701
vn 0.7491 -0.6621 -0.0224
vn 0.7035 0.6994 0.1260
vn 0.6870 -0.6945 -0.2137
vn -0.7023 0.6187 0.3521
vn -0.7152 -0.6731 -0.1883
vn -0.7207 0.6781 0.1442
vn -0.7206 -0.6932 -0.0163
vn 0.0038 -0.9718 -0.2357
vn 0.0251 -0.9987 0.0432
vn 0.0001 -0.9108 -0.4129
vn -0.0044 -0.9312 -0.3645
vn 0.0301 -0.9012 0.4324
vn 0.7614 -0.5862 0.2769
vn -0.7526 -0.5987 0.2741
vn -0.6491 0.7387 -0.1818
vn -0.0176 0.9478 -0.3184
vn -0.0241 0.9904 0.1362
vn 0.6328 0.7323 -0.2516
vn 0.8359 -0.4185 0.3551
vn 0.0307 -0.7389 0.6731
vn -0.8251 -0.4315 0.3646
vn -0.4935 0.6472 -0.5811
vn -0.0109 0.7228 -0.6910
vn 0.4566 0.6494 -0.6081
vn -0.0052 0.9665 0.2567
vn 0.0092 0.9326 0.3608
vn 0.0009 0.9095 0.4158
vn 0.0035 0.9057 0.4238
vn 0.0055 0.9212 0.3891
vt 0.583033 0.753316
vt 0.630679 0.847295
vt 0.601361 0.733690
vt 0.615861 0.880549
vt 0.571955 0.635593
vt 0.587535 0.521565
vt 0.567253 0.520743
vt 0.591474 0.628578
vt 0.940845 0.410867
vt 0.920682 0.521565
vt 0.940845 0.520743
vt 0.920690 0.411220
vt 0.892348 0.880549
vt 0.906848 0.733690
vt 0.877537 0.847295
vt 0.925185 0.753316
vt 0.825833 0.919296
vt 0.834441 0.961191
vt 0.754108 1.001181
vt 0.682384 0.919296
vt 0.673776 0.961191
vt 0.754108 0.955008
vt 0.754108 0.733690
vt 0.754108 0.847392
vt 0.567253 0.410867
vt 0.587527 0.301182
vt 0.567253 0.300531
vt 0.587527 0.411220
vt 0.936262 0.635593
vt 0.916743 0.628578
vt 0.940845 0.300531
vt 0.920690 0.301182
vt 0.754108 0.411220
vt 0.754108 0.301182
vt 0.754108 0.628578
vt 0.754108 0.521565
vt 0.754108 0.179794
vt 0.587527 0.179794
vt 0.920690 0.179794
vt 0.940940 0.179623
vt 0.207087 0.153362
vt 0.388018 0.298759
vt 0.207071 0.298759
vt 0.388201 0.153362
vt 0.026219 0.153362
vt 0.026029 0.298759
vt 0.567119 0.179794
vt 0.587527 0.009499
vt 0.754108 0.009499
vt 0.920690 0.009499
vt 0.972705 0.009279
vt 0.388201 0.014167
vt 0.207087 0.014167
vt 0.026219 0.014167
vt 0.535425 0.009603
vt 0.388018 0.412959
vt 0.207071 0.412959
vt 0.026037 0.412959
vt 0.207071 0.527160
vt 0.026037 0.527160
vt 0.207071 0.641371
vt 0.030317 0.641371
vt 0.207071 0.755573
vt 0.041062 0.755573
vt 0.072913 0.879006
vt 0.207071 0.879111
vt 0.129097 0.957236
vt 0.207071 0.996031
vt 0.284958 0.957236
vt 0.341134 0.879006
vt 0.372985 0.755573
vt 0.383730 0.641371
vt 0.388010 0.527160
s 1
usemtl Material.006
f 1130/1436/1129 1131/1437/1130 1132/1438/1131
f 1133/1439/1132 1131/1437/1130 1130/1436/1129
f 1134/1440/1133 1135/1441/1134 1136/1442/1135
f 1135/1441/1134 1134/1440/1133 1137/1443/1136
f 1138/1444/1137 1139/1445/1138 1140/1446/1139
f 1139/1445/1138 1138/1444/1137 1141/1447/1140
f 1142/1448/1141 1143/1449/1142 1144/1450/1143
f 1143/1449/1142 1142/1448/1141 1145/1451/1144
f 1142/1448/1141 1146/1452/1145 1147/1453/1146
f 1146/1452/1145 1142/1448/1141 1144/1450/1143
f 1148/1454/1147 1149/1455/1148 1150/1456/1149
f 1149/1455/1148 1148/1454/1147 1151/1457/1150
f 1152/1458/1151 1131/1437/1130 1153/1459/1152
f 1131/1437/1130 1152/1458/1151 1132/1438/1131
f 1154/1460/1153 1155/1461/1154 1156/1462/1155
f 1155/1461/1154 1154/1460/1153 1157/1463/1156
f 1136/1442/1135 1157/1463/1156 1154/1460/1153
f 1157/1463/1156 1136/1442/1135 1135/1441/1134
f 1137/1443/1136 1130/1436/1129 1132/1438/1131
f 1130/1436/1129 1137/1443/1136 1134/1440/1133
f 1158/1464/1157 1143/1449/1142 1145/1451/1144
f 1143/1449/1142 1158/1464/1157 1159/1465/1158
f 1140/1446/1139 1159/1465/1158 1158/1464/1157
f 1159/1465/1158 1140/1446/1139 1139/1445/1138
f 1141/1447/1140 1160/1466/1159 1161/1467/1160
f 1160/1466/1159 1141/1447/1140 1138/1444/1137
f 1162/1468/1161 1161/1467/1160 1163/1469/1162
f 1161/1467/1160 1162/1468/1161 1141/1447/1140
f 1164/1470/1163 1135/1441/1134 1137/1443/1136
f 1135/1441/1134 1164/1470/1163 1165/1471/1164
f 1165/1471/1164 1159/1465/1158 1139/1445/1138
f 1159/1465/1158 1165/1471/1164 1164/1470/1163
f 1165/1471/1164 1157/1463/1156 1135/1441/1134
f 1157/1463/1156 1165/1471/1164 1162/1468/1161
f 1162/1468/1161 1139/1445/1138 1141/1447/1140
f 1139/1445/1138 1162/1468/1161 1165/1471/1164
f 1164/1470/1163 1143/1449/1142 1159/1465/1158
f 1143/1449/1142 1164/1470/1163 1152/1458/1151
f 1152/1458/1151 1137/1443/1136 1132/1438/1131
f 1137/1443/1136 1152/1458/1151 1164/1470/1163
f 1162/1468/1161 1155/1461/1154 1157/1463/1156
f 1155/1461/1154 1162/1468/1161 1163/1469/1162
f 1146/1452/1145 1153/1459/1152 1151/1457/1150
f 1153/1459/1152 1146/1452/1145 1144/1450/1143
f 1152/1458/1151 1144/1450/1143 1143/1449/1142
f 1144/1450/1143 1152/1458/1151 1153/1459/1152
f 1149/1455/1148 1153/1459/1152 1131/1437/1130
f 1153/1459/1152 1149/1455/1148 1151/1457/1150
f 1147/1453/1146 1151/1457/1150 1148/1454/1147
f 1151/1457/1150 1147/1453/1146 1146/1452/1145
f 1150/1456/1149 1131/1437/1130 1133/1439/1132
f 1131/1437/1130 1150/1456/1149 1149/1455/1148
f 1166/1472/1165 1155/1461/1154 1163/1469/1162
f 1155/1461/1154 1166/1472/1165 1167/1473/1166
f 1168/1474/1167 1163/1469/1162 1161/1467/1160
f 1163/1469/1162 1168/1474/1167 1166/1472/1165
f 1169/1475/1168 1161/1467/1160 1160/1466/1159
f 1161/1467/1160 1169/1475/1168 1168/1474/1167
f 1170/1476/1169 1160/1477/1159 1171/1478/1170
f 1160/1477/1159 1170/1476/1169 1169/1479/1168
f 1172/1480/1171 1171/1478/1170 1156/1481/1155
f 1171/1478/1170 1172/1480/1171 1170/1476/1169
f 1167/1473/1166 1156/1462/1155 1155/1461/1154
f 1156/1462/1155 1167/1473/1166 1172/1482/1171
f 1173/1483/1172 1166/1472/1165 1174/1484/1173
f 1166/1472/1165 1173/1483/1172 1167/1473/1166
f 1174/1484/1173 1168/1474/1167 1175/1485/1174
f 1168/1474/1167 1174/1484/1173 1166/1472/1165
f 1175/1485/1174 1169/1475/1168 1176/1486/1175
f 1169/1475/1168 1175/1485/1174 1168/1474/1167
f 1176/1487/1175 1170/1476/1169 1177/1488/1176
f 1170/1476/1169 1176/1487/1175 1169/1479/1168
f 1177/1488/1176 1172/1480/1171 1178/1489/1177
f 1172/1480/1171 1177/1488/1176 1170/1476/1169
f 1173/1483/1172 1172/1482/1171 1167/1473/1166
f 1172/1482/1171 1173/1483/1172 1178/1490/1177
f 1160/1477/1159 1138/1491/1137 1171/1478/1170
f 1138/1491/1137 1179/1492/1178 1171/1478/1170
f 1171/1478/1170 1179/1492/1178 1156/1481/1155
f 1156/1481/1155 1179/1492/1178 1154/1493/1153
f 1179/1492/1178 1180/1494/1179 1154/1493/1153
f 1154/1493/1153 1180/1494/1179 1136/1495/1135
f 1180/1494/1179 1181/1496/1180 1136/1495/1135
f 1136/1495/1135 1181/1496/1180 1134/1497/1133
f 1181/1496/1180 1182/1498/1181 1134/1497/1133
f 1182/1498/1181 1130/1499/1129 1134/1497/1133
f 1130/1499/1129 1182/1498/1181 1133/1500/1132
f 1182/1498/1181 1183/1501/1182 1133/1500/1132
f 1133/1500/1132 1183/1501/1182 1150/1502/1149
f 1150/1502/1149 1183/1501/1182 1148/1503/1147
f 1148/1503/1147 1183/1501/1182 1147/1504/1146
f 1147/1504/1146 1183/1501/1182 1142/1505/1141
f 1183/1501/1182 1182/1498/1181 1142/1505/1141
f 1142/1505/1141 1182/1498/1181 1145/1506/1144
f 1182/1498/1181 1181/1496/1180 1145/1506/1144
f 1145/1506/1144 1181/1496/1180 1158/1507/1157
f 1181/1496/1180 1180/1494/1179 1158/1507/1157
f 1158/1507/1157 1180/1494/1179 1140/1508/1139
f 1180/1494/1179 1179/1492/1178 1140/1508/1139
f 1140/1508/1139 1179/1492/1178 1138/1491/1137
