# Blender 4.2.3 LTS
# www.blender.org
mtllib doll_chair2seat.mtl
o rdmobj00.001
v 0.271162 0.774822 -0.202831
v 0.295548 0.811487 -0.242751
v 0.381593 0.724860 -0.209568
v 0.402074 0.762566 -0.263085
v 0.492108 0.741251 -0.169283
v 0.497293 0.777834 -0.241755
v 0.552398 0.782359 -0.128080
v 0.564180 0.800370 -0.214002
v 0.540402 0.845057 -0.222379
v 0.461649 0.852569 -0.248128
v 0.518503 0.883972 -0.204501
v 0.417286 0.906815 -0.172135
v 0.393795 0.909945 -0.075971
v 0.480203 0.960386 -0.171303
v 0.411162 0.845088 -0.025635
v 0.467368 0.967306 -0.093625
v 0.435492 0.780083 -0.035581
v 0.480388 0.904844 -0.040648
v 0.391346 0.833330 -0.252357
v 0.370098 0.874313 -0.171842
v 0.359528 0.873249 -0.086570
v 0.365369 0.804863 -0.047834
v 0.377224 0.744383 -0.065551
v 0.329571 0.859021 -0.216181
v 0.342447 0.870175 -0.136206
v 0.341718 0.849185 -0.066234
v 0.325514 0.781825 -0.043542
v 0.301934 0.736527 -0.073066
v -0.340642 0.790713 -0.141260
v -0.398832 0.709982 -0.119052
v -0.395548 0.826617 -0.128621
v -0.461412 0.744812 -0.117751
v -0.435039 0.669593 -0.032199
v -0.501587 0.705179 -0.045244
v -0.429626 0.663965 0.085797
v -0.484847 0.662247 0.038040
v -0.341702 0.748711 0.147854
v -0.303486 0.689846 0.018615
v -0.342079 0.804635 0.147200
v -0.293329 0.743601 0.045231
v -0.383829 0.864620 0.113019
v -0.330186 0.813981 0.046199
v -0.471182 0.836445 0.052595
v -0.422446 0.819387 0.011020
v -0.501745 0.774471 -0.031741
v -0.517143 0.739890 0.007693
v -0.462844 0.788931 -0.073949
v -0.395831 0.803091 -0.020181
v -0.321274 0.783833 0.015612
v -0.280109 0.721452 -0.005921
v -0.286101 0.691318 -0.048308
v -0.408209 0.832429 -0.061615
v -0.358400 0.806137 -0.000829
v -0.298755 0.766913 0.024827
v -0.256840 0.722273 -0.014497
v -0.254704 0.720840 -0.074509
v -0.197840 1.253404 0.134152
v 0.000002 1.269213 0.009104
v -0.186514 1.279219 0.007525
v 0.000002 1.230363 0.141882
v 0.197843 1.249664 0.136163
v 0.186517 1.278314 0.009724
v -0.418602 1.781814 0.035790
v -0.340424 1.990924 0.006754
v -0.431580 1.778724 -0.042663
v -0.357099 1.970103 -0.124106
v -0.441624 1.767442 -0.138493
v -0.338537 1.931369 0.087007
v -0.226978 1.959175 0.184494
v -0.226996 2.009692 0.126180
v -0.127986 1.965960 0.223080
v -0.129480 2.018504 0.178769
v -0.059159 1.965030 0.233557
v -0.054490 2.022287 0.187268
v 0.000003 1.964543 0.235939
v 0.000003 2.024751 0.187493
v 0.054496 2.022287 0.187268
v 0.059165 1.965030 0.233557
v 0.129486 2.018504 0.178769
v 0.127992 1.965959 0.223081
v 0.227002 2.009691 0.126180
v 0.226984 1.959175 0.184494
v 0.340431 1.990922 0.006754
v 0.338543 1.931368 0.087007
v 0.322219 1.864833 0.160513
v 0.379648 1.778362 0.121939
v 0.418607 1.781812 0.035793
v 0.431585 1.778722 -0.042662
v 0.357106 1.970101 -0.124105
v 0.441629 1.767440 -0.138492
v 0.227436 1.885862 0.218123
v 0.124927 1.859915 0.269300
v 0.064425 1.867977 0.274344
v 0.000003 1.868899 0.275590
v -0.064420 1.867977 0.274343
v -0.124921 1.859916 0.269300
v -0.227431 1.885863 0.218122
v -0.322213 1.864834 0.160512
v -0.379643 1.778366 0.121932
v -0.060399 1.041014 -0.067203
v -0.066172 1.058401 -0.053440
v 0.000001 1.043141 -0.087873
v 0.000001 1.063687 -0.077523
v 0.066175 1.058387 -0.053301
v 0.060401 1.040995 -0.067107
v 0.400615 1.489082 -0.367982
v 0.402723 1.299508 -0.335591
v 0.207335 1.289598 -0.442670
v 0.329436 1.160648 -0.220130
v 0.159054 1.152030 -0.314879
v 0.191924 1.109923 -0.129141
v 0.108738 1.104020 -0.193688
v 0.104336 1.085461 -0.066372
v 0.059654 1.086467 -0.102204
v 0.000001 1.086702 -0.111207
v 0.000002 1.105183 -0.210773
v 0.000002 1.154710 -0.338367
v 0.000002 1.286602 -0.475596
v 0.215336 1.471568 -0.490503
v -0.329433 1.159826 -0.220271
v -0.159050 1.150866 -0.314997
v -0.191921 1.109450 -0.128959
v -0.108735 1.103568 -0.193573
v -0.104333 1.085436 -0.066309
v -0.059651 1.086503 -0.102239
v -0.207330 1.289540 -0.442699
v -0.402719 1.299261 -0.335755
v -0.400610 1.489018 -0.368068
v -0.215331 1.471547 -0.490523
v 0.000003 1.466786 -0.525723
v 0.424933 1.402385 0.177324
v 0.425787 1.388785 0.175654
v 0.453008 1.370332 0.133790
v 0.383823 1.387452 0.232828
v 0.401150 1.313768 0.203982
v 0.295025 1.385778 0.321060
v 0.285054 1.292801 0.301447
v 0.235289 1.162130 0.169112
v 0.405764 1.212130 0.089999
v 0.484657 1.336514 0.004854
v 0.477321 1.473722 0.072710
v 0.448781 1.419142 0.157111
v 0.442465 1.547177 0.147749
v 0.416992 1.464188 0.229904
v 0.334946 1.609430 0.261120
v 0.329177 1.501025 0.311944
v 0.180849 1.641930 0.336031
v 0.189314 1.532363 0.384402
v 0.074797 1.659089 0.351224
v 0.080781 1.548192 0.401489
v 0.188061 1.427781 0.404909
v 0.315228 1.417493 0.334481
v 0.388622 1.407253 0.253333
v 0.479658 1.549000 -0.105873
v 0.471470 1.574244 -0.007614
v 0.449090 1.631455 0.077661
v 0.388280 1.676305 0.151334
v 0.291555 1.660181 0.251629
v 0.206000 1.677320 0.297446
v 0.165340 1.737531 0.285481
v 0.251881 1.735888 0.245248
v 0.323196 1.702940 0.195664
v 0.317649 1.764432 0.186811
v 0.283973 1.803874 0.201991
v 0.230546 1.814677 0.228910
v 0.181267 1.786807 0.265268
v 0.000002 1.760072 0.312858
v 0.000002 1.663409 0.353094
v 0.067229 1.753615 0.307954
v 0.114695 1.744009 0.295345
v -0.067224 1.753620 0.307948
v -0.074793 1.659106 0.351206
v -0.114691 1.744016 0.295335
v -0.180844 1.641965 0.335994
v -0.165335 1.737541 0.285467
v 0.000002 1.550945 0.404807
v -0.080778 1.548242 0.401453
v -0.189310 1.532467 0.384326
v -0.329173 1.501230 0.311777
v -0.334941 1.609486 0.261051
v -0.416988 1.464438 0.229665
v -0.388619 1.407705 0.253007
v -0.315224 1.417958 0.334211
v -0.188058 1.428071 0.404763
v -0.080699 1.432007 0.426178
v 0.000002 1.431945 0.429266
v 0.080702 1.431898 0.426230
v 0.201313 1.403249 0.371078
v 0.295872 1.398876 0.311715
v 0.377640 1.396201 0.229143
v 0.411378 1.392777 0.176914
v 0.410170 1.391080 0.175400
v 0.374453 1.387844 0.252890
v 0.307372 1.392800 0.334271
v 0.186471 1.397532 0.399314
v 0.080058 1.397330 0.420075
v 0.000002 1.397408 0.422746
v -0.080054 1.397476 0.420014
v -0.186468 1.397927 0.399138
v -0.307368 1.393399 0.333957
v -0.374449 1.388395 0.252522
v 0.000002 1.392873 0.387608
v 0.078965 1.393727 0.381290
v 0.178418 1.394220 0.363820
v 0.287490 1.388213 0.290451
v 0.350826 1.384730 0.219266
v 0.396992 1.389696 0.161893
v 0.398070 1.387846 0.162735
v 0.361242 1.389925 0.209172
v 0.287750 1.393244 0.283760
v 0.198697 1.398356 0.344112
v 0.074119 1.399407 0.372090
v 0.075967 1.401864 0.402306
v 0.000002 1.402914 0.407411
v 0.000002 1.398157 0.377019
v -0.074115 1.399567 0.372012
v -0.078962 1.393941 0.381191
v -0.178415 1.394665 0.363605
v -0.287486 1.388977 0.290000
v -0.350823 1.385268 0.218863
v -0.410166 1.391489 0.175022
v -0.396988 1.390101 0.161496
v -0.411375 1.393181 0.176541
v -0.398066 1.388257 0.162336
v -0.377636 1.396671 0.228788
v -0.361239 1.390450 0.208753
v -0.287747 1.393999 0.283295
v -0.295869 1.399527 0.311340
v -0.198694 1.399015 0.343768
v -0.201310 1.403655 0.370878
v -0.075964 1.402094 0.402202
v 0.000002 1.381650 0.415296
v 0.078307 1.381894 0.409089
v -0.424930 1.402750 0.176975
v -0.425783 1.389186 0.175287
v -0.383819 1.387975 0.232453
v -0.295022 1.386444 0.320708
v -0.201535 1.383084 0.377056
v -0.078304 1.382120 0.408997
v -0.067257 1.288204 0.380480
v 0.000001 1.286241 0.385133
v 0.000001 1.181760 0.277922
v 0.067260 1.287793 0.380578
v -0.405760 1.213307 0.089525
v -0.235286 1.166202 0.168935
v -0.401147 1.314722 0.203455
v -0.285051 1.294296 0.300963
v -0.186349 1.287021 0.352151
v -0.122039 1.179068 0.242642
v 0.000001 1.100419 0.128548
v -0.056524 1.097897 0.114042
v 0.000001 1.061306 0.085433
v -0.033357 1.060869 0.075898
v 0.000001 1.032660 0.078288
v -0.032354 1.033046 0.072477
v -0.073374 1.036073 0.032458
v -0.070653 1.059187 0.039229
v -0.111504 1.091685 0.063420
v 0.032356 1.032677 0.072152
v 0.033359 1.060547 0.075683
v 0.056526 1.097459 0.113913
v 0.122041 1.175297 0.242886
v 0.186352 1.285643 0.352503
v 0.201538 1.382530 0.377300
v 0.111506 1.091156 0.063155
v 0.070655 1.058918 0.038960
v 0.073376 1.035772 0.032059
v 0.160163 1.503850 0.121377
v 0.000002 1.521917 0.121823
v 0.188490 1.384397 -0.029139
v 0.000002 1.386236 -0.033760
v -0.188486 1.384908 -0.035082
v -0.160159 1.503915 0.121267
v -0.060756 1.512684 0.292520
v -0.169208 1.500748 0.277269
v 0.000002 1.516105 0.294265
v -0.298860 1.447580 0.212399
v -0.319013 1.448435 0.106058
v -0.307651 1.383947 -0.002777
v -0.333184 1.313232 0.029074
v -0.329536 1.290429 0.126037
v -0.307267 1.327082 0.244371
v -0.358028 1.345368 0.183949
v -0.191944 1.319937 0.299419
v 0.000002 1.314266 0.322493
v 0.191947 1.318538 0.299971
v 0.307271 1.326091 0.244871
v 0.358031 1.344711 0.184423
v 0.329540 1.289200 0.126914
v 0.298864 1.447253 0.212715
v 0.367256 1.421358 0.173057
v 0.384803 1.402712 0.142317
v 0.391349 1.370696 0.146150
v 0.368936 1.316648 0.116142
v 0.333187 1.312903 0.029681
v 0.307655 1.383699 -0.001857
v 0.319017 1.448278 0.106309
v 0.169212 1.500615 0.277391
v 0.060760 1.512691 0.292514
v 0.386284 1.341191 0.090150
v 0.372639 1.391371 0.078889
v 0.363866 1.422655 0.103999
v -0.323191 1.702958 0.195633
v -0.251876 1.735899 0.245231
v -0.317644 1.764438 0.186800
v -0.283968 1.803875 0.201990
v -0.230540 1.814678 0.228909
v -0.181262 1.786811 0.265262
v -0.479653 1.548995 -0.105998
v -0.471466 1.574264 -0.007715
v -0.449086 1.631478 0.077600
v -0.388275 1.676324 0.151296
v -0.291551 1.660208 0.251592
v -0.205995 1.677342 0.297419
v -0.442461 1.547261 0.147613
v -0.477317 1.473829 0.072483
v -0.484653 1.336670 0.004412
v -0.448777 1.419413 0.156808
v -0.453004 1.370701 0.133404
v -0.367252 1.421689 0.172710
v -0.384800 1.403042 0.141942
v -0.391345 1.371151 0.145703
v -0.368933 1.317401 0.115465
v -0.386280 1.341695 0.089539
v -0.372635 1.391744 0.078288
v -0.363862 1.422836 0.103728
v 0.697175 0.976814 -0.047863
v 0.716876 0.988582 -0.094575
v 0.738572 1.000800 -0.026370
v 0.760540 1.006180 -0.062558
v 0.775033 1.102937 -0.049995
v 0.717475 1.084194 -0.039608
v 0.728966 1.077756 -0.079999
v 0.683716 1.057163 -0.096093
v 0.669852 1.052580 -0.048403
v 0.710877 1.055867 -0.027332
v 0.728104 1.074158 -0.062524
v 0.744121 1.067721 0.003574
v 0.773177 1.088024 -0.015639
v 0.802442 1.024177 -0.014568
v 0.768810 1.015744 0.004756
v 0.656805 1.042259 -0.048804
v 0.684202 0.978929 -0.047955
v 0.589603 1.007435 -0.043249
v 0.612310 0.942821 -0.049574
v 0.546376 0.907013 -0.040319
v 0.520504 0.965821 -0.042936
v 0.750143 1.100696 -0.020863
v 0.733278 1.160431 -0.026866
v 0.693968 1.138803 -0.047584
v 0.651865 1.125578 -0.060397
v 0.626886 1.110038 -0.056886
v 0.578198 1.058812 -0.065361
v 0.495518 1.025118 -0.086308
v 0.748808 1.167936 -0.058595
v 0.699096 1.146815 -0.089443
v 0.652376 1.129238 -0.106337
v 0.631944 1.123608 -0.103607
v 0.593307 1.108871 -0.102784
v 0.605499 1.077230 -0.115491
v 0.585408 1.054392 -0.070255
v 0.606108 1.088428 -0.099723
v 0.591331 1.075480 -0.061783
v 0.619448 1.128688 -0.074166
v 0.604630 1.109228 -0.045406
v 0.592391 1.144547 -0.062758
v 0.565374 1.135065 -0.041570
v 0.534758 1.095164 -0.056834
v 0.507559 1.050207 -0.077814
v 0.586288 0.818545 -0.053549
v 0.646529 0.859680 -0.061039
v 0.719648 0.900385 -0.054672
v 0.724793 0.900069 -0.051009
v 0.767476 0.929616 -0.024239
v 0.749327 0.913791 -0.092095
v 0.789856 0.935974 -0.060119
v 0.798377 0.944759 0.008882
v 0.832335 0.954114 -0.009140
v 0.775390 0.991486 0.008112
v 0.805737 1.009950 -0.009922
v 0.762114 0.997347 -0.058498
v 0.743142 0.981624 -0.023244
v 0.692768 0.791166 -0.071365
v 0.759030 0.826083 -0.058843
v 0.751853 0.824684 -0.053651
v 0.777402 0.847291 -0.022929
v 0.751843 0.901586 -0.023401
v 0.767867 0.905940 0.010009
v 0.789641 0.859462 0.011398
v 0.824458 0.866949 -0.002084
v 0.806521 0.851875 -0.054457
v 0.779889 0.833426 -0.089427
v 0.768361 0.827521 -0.106000
v 0.701894 0.799624 -0.142527
v 0.628176 0.785907 -0.175131
v 0.622872 0.765802 -0.086501
v 0.774813 0.921662 -0.054884
v 0.797621 0.925921 -0.003069
v 0.736724 0.998317 -0.140446
v 0.749246 1.077140 -0.099087
v 0.776779 1.021320 -0.099123
v 0.810210 1.035184 -0.055153
v 0.785557 1.086972 -0.056228
v 0.709609 1.137367 -0.129401
v 0.694913 1.062628 -0.144017
v 0.660713 1.122765 -0.150847
v 0.674246 1.061225 -0.161007
v 0.641042 1.125997 -0.150149
v 0.613938 1.039779 -0.183989
v 0.581611 1.087204 -0.164128
v 0.536389 1.063246 -0.167394
v 0.555414 1.010556 -0.196696
v 0.593325 0.892057 -0.205316
v 0.644183 0.960157 -0.189998
v 0.704410 0.989086 -0.165904
v 0.747139 1.153766 -0.100611
v 0.585821 1.089740 -0.150300
v 0.591413 1.105885 -0.126520
v 0.604285 1.131145 -0.097309
v 0.577635 1.147900 -0.093760
v 0.555034 1.142723 -0.072955
v 0.527469 1.118227 -0.103092
v 0.505173 1.073762 -0.135207
v 0.495937 1.038145 -0.157588
v 0.511170 0.987297 -0.184745
v 0.541999 1.087045 -0.152399
v 0.558473 1.117991 -0.123217
v 0.771244 1.104411 -0.092537
v 0.734440 1.083222 -0.122022
v 0.783695 1.002158 -0.094537
v 0.818361 1.012022 -0.050283
v 0.841367 0.965476 -0.049405
v 0.808131 0.950601 -0.095541
v 0.773195 0.926957 -0.132846
v 0.739434 0.913209 -0.161230
v 0.673074 0.890858 -0.185622
v 0.699700 0.812304 -0.177118
v 0.770217 0.841406 -0.151590
v 0.801112 0.855295 -0.124448
v 0.827989 0.872543 -0.086162
v 0.837373 0.885115 -0.039950
v 0.817960 0.926381 -0.040803
v 0.802320 0.926987 -0.087313
v -0.543339 0.887434 0.299484
v -0.574752 0.893032 0.349349
v -0.536363 0.884968 0.365570
v -0.563231 0.820532 0.373324
v -0.596994 0.840632 0.356452
v -0.583969 0.897587 0.293256
v -0.612185 0.838218 0.225186
v -0.609461 0.841321 0.300887
v -0.573656 0.819009 0.307965
v -0.571278 0.814656 0.246173
v -0.612529 0.820781 0.297975
v -0.640239 0.801304 0.152259
v -0.650195 0.788840 0.260566
v -0.625351 0.772885 0.178948
v -0.641534 0.775873 0.247105
v -0.600444 0.815418 0.354432
v -0.621274 0.768391 0.361238
v -0.571988 0.808493 0.303551
v -0.562375 0.804232 0.369208
v -0.589852 0.749196 0.373850
v -0.542962 0.884970 0.242527
v -0.583880 0.905181 0.222845
v -0.571558 0.901200 0.188107
v -0.569835 0.842513 0.159952
v -0.506045 0.812023 0.126567
v -0.588459 0.770448 0.122611
v -0.529532 0.811186 0.084915
v -0.606771 0.699400 0.083898
v -0.542313 0.703171 0.043170
v -0.614587 0.775541 0.138642
v -0.657156 0.681154 0.143545
v -0.591662 0.669010 0.098397
v -0.633300 0.644750 0.163166
v -0.676400 0.671707 0.176321
v -0.673561 0.803424 0.176422
v -0.654921 0.780650 0.209546
v -0.639471 0.639387 0.179132
v -0.649684 0.633602 0.219912
v -0.690339 0.687079 0.201853
v -0.728972 0.765172 0.199617
v -0.699711 0.796820 0.214669
v -0.689269 0.779736 0.252575
v -0.718864 0.718799 0.235908
v -0.436146 0.853578 0.143557
v -0.481810 0.877903 0.150415
v -0.548397 0.968569 0.210873
v -0.536469 0.964223 0.188527
v -0.509959 0.957007 0.232814
v -0.561017 0.973056 0.264582
v -0.523466 0.966045 0.282944
v -0.560563 0.976397 0.314531
v -0.528133 0.972797 0.344601
v -0.585152 0.927646 0.324577
v -0.558334 0.909448 0.352434
v -0.556648 0.898599 0.292970
v -0.587972 0.920173 0.273497
v -0.500604 0.953103 0.217591
v -0.489728 0.932189 0.146296
v -0.406050 0.884180 0.172457
v -0.435530 0.891415 0.137636
v -0.404101 0.884833 0.160168
v -0.384803 0.892232 0.191906
v -0.383743 0.846059 0.203768
v -0.386529 0.865318 0.220105
v -0.397817 0.931758 0.199185
v -0.418572 0.963402 0.162483
v -0.445419 0.931028 0.147892
v -0.471183 0.940859 0.191226
v -0.492746 0.938989 0.157581
v -0.455621 0.964908 0.164874
v -0.421104 0.980554 0.206185
v -0.410654 0.966754 0.235356
v -0.490417 0.920268 0.191811
v -0.484423 0.951337 0.179980
v -0.475552 0.970061 0.215019
v -0.451379 0.987742 0.204698
v -0.444435 0.977928 0.237033
v -0.480733 0.928425 0.206442
v -0.473655 0.962489 0.241677
v -0.602664 0.619357 0.189723
v -0.596804 0.622663 0.185522
v -0.608194 0.619295 0.228770
v -0.613812 0.741918 0.209552
v -0.648224 0.748318 0.231759
v -0.669567 0.748424 0.262337
v -0.629659 0.635166 0.258639
v -0.547613 0.796042 0.252060
v -0.630972 0.759866 0.257832
v -0.616378 0.743687 0.214955
v -0.549193 0.624098 0.135771
v -0.506668 0.684090 0.174612
v -0.539539 0.799714 0.259706
v -0.493224 0.860835 0.259369
v -0.500251 0.865797 0.260233
v -0.468663 0.930771 0.247150
v -0.478605 0.935499 0.258862
v -0.496078 0.751469 0.243201
v -0.458647 0.811884 0.255084
v -0.439482 0.890071 0.205482
v -0.390865 0.792524 0.211460
v -0.409764 0.741164 0.186906
v -0.446376 0.669360 0.132391
v -0.492971 0.636342 0.086195
v -0.445479 0.939327 0.251425
v -0.446670 0.910026 0.224517
v -0.448238 0.891238 0.210512
v -0.493230 0.942195 0.301908
v -0.498041 0.953512 0.349773
v -0.519041 0.888661 0.310054
v -0.522404 0.896111 0.350354
v -0.508318 0.862519 0.304238
v -0.505685 0.863190 0.351072
v -0.533211 0.806746 0.312718
v -0.527896 0.810578 0.358225
v -0.537286 0.786508 0.306259
v -0.532810 0.784851 0.352546
v -0.574093 0.743797 0.346324
v 0.268703 0.572653 0.366561
v 0.290482 0.526997 0.439429
v 0.335900 0.509862 0.357614
v 0.348771 0.483813 0.408589
v 0.250027 0.598388 0.282831
v 0.324589 0.529726 0.296882
v 0.349939 0.415275 0.304203
v 0.348826 0.410838 0.335966
v 0.356812 0.387156 0.356442
v 0.272520 0.338389 0.165697
v 0.341038 0.401392 0.179893
v 0.283088 0.352617 0.297606
v 0.278009 0.355625 0.316978
v 0.284015 0.334098 0.328543
v 0.310550 0.254573 0.370681
v 0.389044 0.313587 0.403651
v 0.379885 0.425341 0.483771
v 0.309727 0.489279 0.505539
v 0.200707 0.485122 0.495999
v 0.193650 0.534806 0.445606
v 0.175010 0.579872 0.363892
v 0.158118 0.594530 0.273022
v 0.162325 0.563451 0.176680
v 0.248840 0.575085 0.178965
v 0.319104 0.508027 0.182289
v 0.134755 0.413820 0.468725
v 0.131258 0.464534 0.415585
v 0.114356 0.505211 0.349156
v 0.105792 0.501213 0.262830
v 0.114528 0.471180 0.160448
v -0.111692 0.432632 0.155427
v -0.117891 0.487999 0.181427
v -0.189702 0.461004 0.221522
v -0.215617 0.517012 0.184853
v -0.119937 0.483404 0.192691
v -0.213480 0.512543 0.190090
v -0.135583 0.459224 0.188049
v -0.223830 0.497355 0.175707
v -0.180386 0.377786 0.149802
v -0.277994 0.421816 0.133952
v 0.177029 0.331260 0.128767
v 0.182599 0.342814 0.290141
v 0.181009 0.348514 0.315570
v 0.187658 0.328514 0.341470
v 0.203169 0.250675 0.384227
v -0.259340 0.521022 0.232627
v -0.270561 0.576924 0.227915
v -0.259938 0.601722 0.186966
v -0.235318 0.653888 0.282499
v -0.211158 0.655802 0.125324
v -0.178507 0.720890 0.214126
v -0.132654 0.647718 0.088488
v -0.097748 0.719603 0.163366
v -0.036694 0.628394 0.183310
v -0.078939 0.555556 0.103478
v -0.275350 0.563306 0.236398
v -0.251911 0.616165 0.322857
v -0.183891 0.623842 0.383060
v -0.096710 0.587664 0.404203
v -0.043501 0.544756 0.332253
v -0.116483 0.400465 0.335893
v -0.084426 0.470028 0.350548
v -0.175074 0.449457 0.401625
v -0.142864 0.511742 0.418056
v -0.230349 0.549511 0.397739
v -0.277775 0.488227 0.398827
v -0.281304 0.570347 0.335235
v -0.346949 0.488559 0.327020
v -0.290595 0.541225 0.226271
v -0.351245 0.466909 0.191470
v -0.100383 0.403702 -0.116564
v -0.042335 0.369096 -0.067861
v -0.097381 0.395760 -0.040518
v -0.000000 0.411323 -0.026134
v -0.022380 0.403958 0.132744
v 0.000001 0.410376 0.146818
v -0.059542 0.408667 0.042288
v 0.022380 0.403958 0.132744
v 0.062395 0.403735 0.049026
v -0.000001 0.410376 0.146818
v -0.186180 0.432057 -0.009981
v -0.159626 0.429834 -0.079803
v -0.213412 0.554196 -0.079888
v -0.173780 0.559647 -0.152165
v -0.213840 0.468263 -0.034901
v -0.177892 0.467944 -0.126563
v 0.197392 0.419537 -0.035482
v 0.104638 0.384995 -0.039976
v 0.165834 0.422911 -0.091724
v 0.103057 0.400246 -0.119453
v 0.179779 0.467625 -0.136185
v 0.100217 0.461251 -0.180723
v 0.173352 0.561201 -0.153393
v 0.099755 0.553572 -0.187558
v 0.000000 0.549548 -0.203659
v 0.000000 0.448710 -0.193337
v -0.000000 0.385082 -0.135903
v -0.100217 0.461251 -0.180723
v -0.099755 0.553573 -0.187559
v 0.218648 0.465196 -0.053497
v 0.213095 0.556078 -0.085495
v -0.000000 0.365228 -0.060567
v 0.042810 0.368337 -0.065740
v -0.198971 0.569917 0.083005
v -0.192754 0.518028 0.073725
v -0.174853 0.570699 0.142617
v -0.167208 0.514004 0.127805
v -0.157234 0.495323 0.084181
v -0.145399 0.486553 0.121880
v -0.099350 0.436653 0.108716
v -0.103682 0.446079 0.145429
v -0.043850 0.390869 0.119038
v -0.043963 0.413659 0.160709
v -0.108347 0.490422 0.169244
v -0.038996 0.474671 0.189733
v -0.038995 0.567341 0.191889
v -0.108719 0.569914 0.172427
v 0.197215 0.570528 0.080220
v 0.173854 0.571712 0.136411
v 0.190335 0.518604 0.080229
v 0.163074 0.519929 0.127966
v 0.156642 0.493006 0.102455
v 0.141995 0.491910 0.128875
v 0.099791 0.435991 0.119572
v 0.101929 0.450017 0.150065
v 0.043372 0.392825 0.119719
v 0.043963 0.413659 0.160709
v 0.106468 0.494144 0.166758
v 0.038996 0.474671 0.189733
v 0.038995 0.567341 0.191889
v 0.108719 0.569914 0.172427
v -0.000001 0.475780 0.172938
v 0.026478 0.464993 0.155954
v -0.000001 0.567193 0.174596
v 0.043202 0.567522 0.158689
v 0.107229 0.448557 0.039679
v 0.134404 0.547931 -0.004191
v 0.000000 0.451037 -0.067099
v 0.000000 0.558921 -0.107957
v -0.136160 0.547797 -0.001941
v -0.101638 0.461060 0.032167
v -0.043201 0.567522 0.158689
v -0.026478 0.464994 0.155954
v 0.000002 0.567193 0.174596
v 0.000001 0.475780 0.172938
v -0.369496 1.727053 -0.394882
v -0.300300 1.908432 -0.383094
v -0.198344 1.706672 -0.499011
v -0.164572 1.876448 -0.459381
v 0.000003 1.864079 -0.486449
v 0.000003 1.698529 -0.533383
v 0.198350 1.706671 -0.499010
v 0.164579 1.876448 -0.459380
v 0.300306 1.908431 -0.383093
v 0.369502 1.727052 -0.394882
v -0.135294 2.047964 0.019553
v 0.000003 2.051577 0.022615
v -0.138615 2.035231 -0.124803
v 0.000003 2.036697 -0.130352
v -0.137065 2.014072 -0.261566
v 0.000003 2.018466 -0.267233
v 0.137072 2.014072 -0.261566
v 0.138622 2.035231 -0.124803
v 0.135301 2.047964 0.019553
v -0.120290 0.414170 0.082129
v -0.185087 0.420424 0.125539
v 0.230138 0.361332 0.059242
v 0.156943 0.360620 0.055943
v -0.251441 0.464722 0.128880
v -0.255487 0.528417 0.093608
v -0.210846 0.570435 0.066332
v -0.149137 0.571258 0.060192
v -0.104353 0.508130 0.075795
v 0.121586 0.460186 0.110691
v 0.161245 0.521416 0.120988
v 0.222842 0.530757 0.098958
v 0.278010 0.488023 0.078493
v 0.290162 0.413424 0.066440
v 0.239369 0.850948 -0.191422
v 0.212531 0.800233 -0.156375
v 0.215519 0.877084 -0.156780
v 0.189516 0.841568 -0.128912
v 0.197728 0.919306 -0.113863
v 0.167628 0.892444 -0.101603
v 0.275229 0.888553 -0.156847
v 0.252720 0.902956 -0.117775
v 0.307758 0.878760 -0.094939
v 0.273738 0.891290 -0.061100
v 0.309815 0.848138 -0.032248
v 0.268430 0.862402 -0.005110
v 0.231945 0.823034 0.001978
v 0.278365 0.792519 -0.019176
v 0.245770 0.759416 -0.055695
v 0.206576 0.791567 -0.034341
v 0.156671 0.859763 -0.022394
v 0.189204 0.876279 0.010302
v 0.225491 0.904549 0.004704
v 0.237089 0.924108 -0.041900
v 0.226552 0.929743 -0.085338
v -0.330212 0.879463 -0.107722
v -0.285028 0.833740 -0.124980
v -0.280883 0.904817 -0.096571
v -0.240464 0.865614 -0.107380
v -0.227823 0.930499 -0.076353
v -0.196533 0.902499 -0.089125
v -0.222544 0.758912 -0.005337
v -0.188992 0.805422 0.003157
v -0.264832 0.791034 0.035564
v -0.229130 0.831150 0.033992
v -0.269665 0.870054 0.012691
v -0.314191 0.835271 0.012404
v -0.290112 0.905348 -0.034287
v -0.338697 0.880700 -0.042640
v -0.239452 0.930899 -0.036003
v -0.227527 0.914002 0.000158
v -0.200179 0.888921 0.024973
v -0.170251 0.865454 0.009467
v -0.155105 0.856326 -0.034931
v -0.183234 0.802869 -0.054705
v -0.218031 0.761368 -0.067321
v 0.330096 0.210383 0.434105
v 0.406125 0.278503 0.463957
v 0.333432 0.195519 0.463284
v 0.411819 0.264093 0.493464
v 0.388806 0.420668 0.511573
v 0.306037 0.505994 0.524423
v 0.328435 0.205397 0.485997
v 0.398795 0.265601 0.512349
v 0.384210 0.411883 0.561331
v 0.395395 0.416243 0.544767
v 0.307950 0.519574 0.577353
v 0.310885 0.525184 0.563902
v 0.172478 0.529591 0.543052
v 0.187060 0.506258 0.505814
v 0.116047 0.421337 0.479140
v 0.097781 0.413118 0.509161
v 0.103820 0.412499 0.525872
v 0.171178 0.523769 0.556783
v -0.416484 0.370032 0.218921
v -0.386778 0.442411 0.360627
v -0.369076 0.464561 0.341718
v -0.278980 0.483504 0.424494
v -0.163533 0.449238 0.425811
v -0.399752 0.396343 0.208474
v -0.332750 0.340642 0.147464
v -0.347121 0.313646 0.157588
v -0.103621 0.387877 0.350886
v -0.160062 0.431969 0.468630
v -0.294767 0.469891 0.463442
v -0.298078 0.456060 0.467772
v -0.382470 0.425176 0.369610
v -0.409515 0.355420 0.234266
v -0.347133 0.305510 0.180585
v -0.165004 0.418466 0.472796
v -0.111407 0.345485 0.374437
v -0.099571 0.354964 0.365165
v -0.235227 0.272817 0.182935
v -0.231565 0.279421 0.158836
v -0.222762 0.309050 0.150488
v 0.212199 0.204584 0.476179
v 0.213383 0.193405 0.452706
v 0.216044 0.209997 0.425148
v -0.267297 0.360638 0.318420
v -0.151637 0.294768 0.265173
v 0.133351 0.291531 0.499868
v 0.258780 0.352393 0.533148
v -0.038997 0.856854 0.164975
v -0.108683 0.756073 0.153751
v -0.038997 0.756036 0.170328
v -0.051408 1.001235 0.026920
v -0.000000 1.000531 0.099571
v -0.022132 1.002173 0.080575
v 0.000001 0.990213 -0.034701
v 0.051411 1.001088 0.026647
v 0.022134 1.002309 0.080708
v -0.206889 0.873093 -0.077470
v -0.171825 0.774390 -0.173209
v -0.237139 0.789406 -0.113807
v -0.098962 0.768039 -0.193877
v -0.174789 0.878533 -0.167927
v -0.154009 0.942852 -0.154633
v -0.186326 0.934180 -0.087376
v -0.122382 0.993840 -0.135428
v -0.158334 0.983950 -0.074586
v -0.101631 1.021163 -0.098610
v -0.103074 1.026432 -0.074707
v -0.059108 1.029196 -0.108948
v 0.000001 1.029381 -0.113841
v -0.067737 0.997961 -0.158347
v 0.000001 0.999893 -0.156245
v -0.082759 0.933110 -0.182194
v 0.000001 0.932840 -0.183578
v 0.000001 0.861706 -0.200301
v 0.082761 0.933110 -0.182194
v 0.093239 0.862516 -0.190865
v 0.143927 0.932961 -0.160847
v 0.154459 0.861122 -0.170149
v 0.194065 0.861819 -0.083373
v 0.163690 0.766577 -0.170809
v 0.223366 0.767949 -0.105916
v -0.096461 0.864924 -0.191663
v 0.182204 0.927402 -0.100001
v 0.121797 0.993108 -0.136363
v 0.160137 0.983218 -0.082690
v 0.101634 1.021162 -0.098610
v 0.103077 1.026513 -0.075165
v 0.059110 1.029565 -0.109741
v 0.067739 0.997961 -0.158347
v 0.097511 0.767056 -0.193143
v 0.108684 0.756073 0.153751
v 0.038999 0.856854 0.164975
v 0.038998 0.756036 0.170328
v 0.208427 0.759700 0.060311
v 0.191067 0.874531 0.028365
v 0.174867 0.757524 0.115824
v 0.167174 0.862885 0.107855
v 0.102145 0.858153 0.147888
v 0.038999 0.927163 0.149938
v 0.098035 0.924907 0.134407
v 0.035499 1.000071 0.110276
v 0.085423 0.994724 0.102442
v 0.032816 1.024012 0.085582
v 0.075206 1.020864 0.070131
v 0.099641 1.015826 0.046501
v 0.102524 1.021868 0.026981
v 0.137316 0.988413 0.081591
v 0.158023 0.979813 0.023118
v 0.183798 0.923258 0.034637
v 0.158585 0.923809 0.096254
v -0.178056 0.731709 0.020666
v -0.166705 0.747237 0.102362
v -0.176871 0.861894 0.024353
v -0.159734 0.855540 0.103084
v -0.151522 0.917467 0.094052
v -0.098033 0.924907 0.134407
v -0.085420 0.994725 0.102442
v -0.035496 1.000071 0.110276
v -0.032814 1.024006 0.085577
v 0.000001 1.022895 0.089915
v 0.000002 1.000109 0.108924
v -0.169891 0.912086 0.035166
v -0.133539 0.985239 0.081212
v -0.148886 0.972898 0.025021
v -0.102522 1.021801 0.026881
v -0.099638 1.015827 0.046501
v -0.075204 1.021321 0.070549
v -0.102024 0.858020 0.147752
v -0.038997 0.927163 0.149938
v 0.000001 0.768122 -0.204734
v -0.000000 0.927659 0.134076
v 0.037565 0.929337 0.112293
v -0.000000 0.858428 0.148788
v 0.046179 0.862304 0.125899
v 0.101963 0.937441 0.024206
v 0.000001 0.945725 -0.075780
v 0.000002 0.756748 0.155384
v -0.051352 0.757662 0.135442
v 0.000002 0.858428 0.148788
v -0.046177 0.862304 0.125899
v 0.000002 0.927659 0.134076
v -0.037563 0.929337 0.112293
v -0.098051 0.933356 0.020870
v 0.000001 0.872869 -0.103309
v 0.122932 0.860145 0.019957
v 0.051354 0.757662 0.135442
v -0.000001 0.756748 0.155384
v -0.112419 0.845017 -0.004322
v 0.000001 0.771410 -0.118647
v 0.172016 0.746725 0.005355
v -0.138561 0.749337 -0.054856
v -0.038996 0.660541 0.178560
v 0.000001 0.660724 -0.205152
v -0.165331 0.657201 -0.103411
v -0.047735 0.660549 0.142362
v 0.000002 0.660546 0.162552
v 0.000001 0.661238 -0.126894
v 0.146187 0.659263 -0.001121
v 0.047736 0.660549 0.142362
v -0.000001 0.660546 0.162552
v -0.098280 0.660663 -0.191197
v -0.171072 0.663609 -0.166184
v -0.229690 0.673160 -0.111988
v 0.098281 0.660663 -0.191197
v 0.166489 0.660604 -0.163504
v 0.208354 0.660437 -0.094848
v -0.175546 0.660383 0.131182
v -0.108276 0.660456 0.165553
v -0.191760 0.634636 0.005821
v 0.038997 0.660540 0.178560
v 0.108277 0.660456 0.165553
v 0.175547 0.660382 0.131182
v 0.199837 0.660299 0.076311
v 0.279386 0.740985 -0.132629
v 0.379816 0.722008 -0.132066
v 0.465416 0.751413 -0.093696
v 0.510822 0.843059 -0.051710
v -0.288600 0.747566 -0.110912
v -0.335117 0.693125 -0.083356
v -0.360397 0.673377 -0.002321
v -0.375432 0.708777 0.127587
v -0.392720 1.168145 -0.089585
v -0.480911 1.311815 -0.198216
v -0.474894 1.514496 -0.235937
v 0.480915 1.312040 -0.197919
v 0.392724 1.168506 -0.089371
v 0.474899 1.514535 -0.235834
v 0.118840 1.087520 -0.020357
v 0.229785 1.113940 -0.039476
v 0.076954 1.038677 -0.022210
v 0.073282 1.057254 -0.015662
v -0.118837 1.087574 -0.020215
v -0.229782 1.113953 -0.039206
v -0.076951 1.038699 -0.022116
v -0.073279 1.057276 -0.015597
v 0.569995 0.816678 -0.203468
v 0.549490 0.880047 -0.210342
v 0.519223 0.886447 -0.037337
v 0.497423 0.954108 -0.047060
v 0.580679 0.794353 -0.183104
v 0.490579 0.996704 -0.093651
v 0.563777 0.800689 -0.090590
v -0.494891 0.828789 0.061762
v -0.522943 0.727908 0.017471
v -0.367865 0.780867 0.190900
v -0.386082 0.726576 0.162321
v -0.482484 0.654412 0.052377
v -0.378364 0.839369 0.178786
v -0.433279 0.666870 0.108989
v -0.077895 0.467292 0.118854
v -0.043045 0.542761 0.223542
v -0.056076 0.506804 0.260518
v -0.079230 0.458395 0.278315
v -0.125233 0.367321 0.250237
v 0.138900 0.324440 0.445085
v 0.127472 0.399937 0.384547
v 0.121935 0.420557 0.334193
v 0.118991 0.426298 0.281421
v 0.122302 0.390195 0.129465
v -0.041888 0.378721 0.026600
v 0.000001 0.384826 0.117602
v -0.000000 0.371250 0.022861
v 0.043560 0.376305 0.030635
v -0.157692 0.502969 0.065453
v -0.136716 0.483757 0.065706
v -0.180653 0.504235 0.052032
v -0.210513 0.499122 0.020515
v -0.194572 0.485443 0.033902
v -0.123759 0.449565 0.049724
v -0.089622 0.410623 0.039589
v -0.134890 0.419934 0.020224
v -0.173522 0.435408 0.018050
v -0.198321 0.456348 0.025444
v 0.213722 0.557241 -0.004041
v 0.212330 0.495381 0.018303
v 0.159095 0.492286 0.085149
v 0.181189 0.497052 0.063000
v 0.141891 0.468192 0.083682
v 0.150495 0.397340 0.012505
v 0.135340 0.427366 0.052149
v 0.096842 0.397977 0.048258
v 0.208351 0.443494 0.002495
v 0.188446 0.414937 0.002822
v 0.198811 0.476362 0.030074
v -0.215013 0.556857 -0.000428
v -0.150329 1.924883 -0.426377
v -0.272094 1.945409 -0.368536
v -0.313787 1.979432 -0.248818
v -0.133863 2.030638 0.152714
v -0.224221 2.026101 0.097264
v -0.297486 2.019850 0.013600
v 0.313794 1.979431 -0.248817
v 0.272101 1.945408 -0.368536
v 0.150336 1.924882 -0.426377
v 0.297492 2.019849 0.013600
v 0.224227 2.026100 0.097264
v 0.133869 2.030638 0.152714
v 0.355399 1.942550 -0.248999
v 0.438123 1.749849 -0.264048
v -0.355392 1.942551 -0.249000
v -0.315510 2.004519 -0.121387
v -0.438117 1.749850 -0.264049
v 0.000003 1.918482 -0.447199
v 0.315516 2.004518 -0.121386
v 0.049142 2.033601 0.161363
v 0.000003 2.032385 0.159409
v -0.049136 2.033601 0.161363
v -0.137529 0.422754 0.037429
v -0.125918 0.447045 0.054309
v -0.093191 0.445670 0.076924
v -0.137348 0.482980 0.065759
v -0.198060 0.483788 0.043068
v -0.203491 0.457072 0.046581
v -0.187179 0.505008 0.052760
v 0.118809 0.399981 0.080138
v 0.138740 0.424110 0.055580
v 0.156403 0.395547 0.027503
v 0.143503 0.466081 0.080723
v 0.217638 0.437343 0.018743
v 0.204082 0.471670 0.035091
v 0.188110 0.496890 0.060464
v 0.164889 0.495113 0.079034
v -0.164241 0.503823 0.063707
v 0.189784 0.405047 0.019419
v -0.168982 0.434001 0.055338
v 0.186816 0.903878 0.011744
v 0.197304 0.938766 -0.000733
v 0.174932 0.875645 -0.014197
v 0.190875 0.884723 -0.006857
v 0.186937 0.919855 0.015201
v 0.179042 0.951795 -0.003271
v 0.157264 0.870669 -0.056950
v 0.176431 0.892818 -0.083554
v 0.174157 0.879058 -0.043391
v 0.187556 0.891304 -0.075000
v 0.189903 0.882907 -0.034651
v 0.188971 0.923783 -0.090904
v 0.185848 0.925788 -0.082106
v 0.201808 0.949660 -0.071956
v 0.183504 0.955816 -0.068598
v 0.212146 0.775397 -0.101813
v 0.182035 0.817449 -0.078902
v 0.201339 0.953242 -0.037411
v 0.176985 0.962598 -0.037528
v -0.173280 0.909310 0.017290
v -0.172204 0.894065 0.012065
v -0.180285 0.876375 -0.006755
v -0.168728 0.869554 -0.020046
v -0.181747 0.928673 0.009459
v -0.167710 0.943952 0.001800
v -0.200035 0.929518 -0.072102
v -0.202751 0.949559 -0.047794
v -0.186630 0.929578 -0.070511
v -0.179677 0.955957 -0.056598
v -0.185281 0.880574 -0.032568
v -0.176669 0.878466 -0.045111
v -0.169325 0.872844 -0.061588
v -0.190185 0.899566 -0.076032
v -0.191094 0.896492 -0.067736
v -0.246246 0.793321 -0.100392
v -0.208395 0.832037 -0.084619
v -0.192906 0.947312 -0.018733
v -0.169289 0.958550 -0.029369
v 0.127229 0.289261 0.479774
v 0.138289 0.300107 0.450864
v -0.139907 0.303756 0.250658
v -0.138626 0.334133 0.237546
v -0.213326 0.761087 -0.049445
v -0.190231 0.850588 -0.029303
v -0.146492 0.989244 -0.029074
v 0.195841 0.854081 -0.026460
v 0.250920 0.766025 -0.032988
v 0.151838 0.992462 -0.033238
v -0.103123 1.026287 -0.025252
v 0.103126 1.026369 -0.024887
v 0.218562 0.662212 -0.014375
v -0.235923 0.663954 -0.077065
v 0.000002 0.567458 0.189480
v 0.000001 0.476718 0.187096
v -0.000001 0.413203 0.158000
v -0.000001 0.476718 0.187096
v -0.000001 0.567458 0.189480
v 0.000002 0.756053 0.168834
v 0.000002 0.927222 0.146265
v -0.000000 0.927222 0.146265
v 0.000002 0.856951 0.161761
v -0.000001 0.756053 0.168834
v -0.000000 0.856951 0.161761
v 0.000002 0.660540 0.176730
v -0.000001 0.660540 0.176730
vn -0.5387 -0.6169 -0.5738
vn -0.4360 0.0097 -0.8999
vn -0.1065 -0.9342 -0.3405
vn -0.0082 -0.4629 -0.8864
vn 0.4236 -0.9052 -0.0333
vn 0.3979 -0.4978 -0.7707
vn 0.5035 -0.8190 0.2750
vn 0.7399 -0.3492 -0.5751
vn 0.4094 0.2047 -0.8891
vn 0.0964 0.4699 -0.8775
vn -0.1159 0.4621 -0.8792
vn -0.1843 0.9433 -0.2762
vn -0.3144 0.8438 0.4348
vn -0.7542 0.3490 -0.5562
vn -0.0229 0.2503 0.9679
vn -0.8480 0.4949 0.1898
vn 0.3113 -0.4082 0.8582
vn -0.2795 0.1385 0.9501
vn -0.1179 0.4784 -0.8702
vn -0.3526 0.9049 -0.2384
vn -0.6243 0.6856 0.3745
vn -0.2350 0.0821 0.9685
vn 0.0236 -0.7742 0.6325
vn -0.0800 0.8239 -0.5611
vn 0.0283 0.9996 0.0029
vn 0.5662 0.4698 0.6773
vn 0.1992 -0.2368 0.9509
vn -0.0554 -0.9223 0.3824
vn 0.0749 -0.0656 -0.9950
vn -0.0656 -0.6201 -0.7818
vn -0.4276 0.5050 -0.7497
vn -0.5865 -0.1241 -0.8004
vn -0.1579 -0.9611 -0.2264
vn -0.7623 -0.5083 -0.4006
vn 0.3306 -0.9431 0.0344
vn -0.3279 -0.8678 -0.3735
vn 0.7526 -0.3970 0.5254
vn 0.5518 -0.7589 0.3458
vn 0.8845 0.3317 0.3280
vn 0.9322 0.0307 0.3606
vn 0.5037 0.8485 -0.1622
vn 0.6458 0.7434 -0.1740
vn -0.2668 0.8287 -0.4920
vn 0.0511 0.9365 -0.3468
vn -0.8156 0.4981 -0.2946
vn -0.9666 0.0700 -0.2467
vn -0.6358 0.7097 -0.3036
vn -0.1249 0.9698 0.2093
vn 0.5728 0.4843 -0.6613
vn 0.7140 -0.3565 0.6025
vn 0.4563 -0.8749 -0.1624
vn -0.6125 0.7525 0.2422
vn -0.4817 0.2258 0.8468
vn -0.3745 -0.5313 0.7599
vn 0.5026 -0.7025 0.5038
vn 0.5606 -0.6905 -0.4571
vn 0.1837 0.9803 -0.0728
vn -0.0027 0.7475 0.6643
vn 0.1451 0.7541 0.6405
vn 0.0076 0.9974 -0.0712
vn -0.1839 0.9803 -0.0721
vn -0.1431 0.7416 0.6554
vn -0.9177 0.3019 0.2584
vn -0.7422 0.6430 0.1890
vn -0.9504 0.2945 0.1003
vn -0.7991 0.5982 -0.0599
vn -0.9589 0.2835 -0.0114
vn -0.7517 0.4814 0.4509
vn -0.4638 0.5519 0.6930
vn -0.4702 0.7219 0.5077
vn -0.2417 0.5193 0.8197
vn -0.2379 0.7543 0.6119
vn -0.0776 0.5141 0.8542
vn -0.0611 0.8000 0.5968
vn -0.0000 0.5108 0.8597
vn -0.0000 0.8391 0.5440
vn 0.0611 0.8000 0.5968
vn 0.0776 0.5141 0.8542
vn 0.2379 0.7543 0.6119
vn 0.2417 0.5193 0.8197
vn 0.4702 0.7219 0.5077
vn 0.4638 0.5519 0.6930
vn 0.7422 0.6430 0.1890
vn 0.7517 0.4814 0.4509
vn 0.6819 0.3030 0.6657
vn 0.7881 0.2645 0.5558
vn 0.9176 0.3019 0.2584
vn 0.9504 0.2945 0.1003
vn 0.7991 0.5982 -0.0599
vn 0.9589 0.2835 -0.0114
vn 0.4501 0.2837 0.8467
vn 0.2566 0.3036 0.9176
vn 0.0749 0.3381 0.9381
vn -0.0000 0.3401 0.9404
vn -0.0749 0.3381 0.9381
vn -0.2566 0.3035 0.9176
vn -0.4501 0.2837 0.8467
vn -0.6820 0.3030 0.6657
vn -0.7881 0.2644 0.5558
vn -0.4019 0.8073 -0.4322
vn -0.6998 -0.5328 -0.4759
vn -0.0021 0.7697 -0.6384
vn 0.0006 -0.3461 -0.9382
vn 0.7001 -0.5325 -0.4756
vn 0.4021 0.8096 -0.4276
vn 0.7298 -0.0549 -0.6814
vn 0.6611 -0.4040 -0.6323
vn 0.3133 -0.4758 -0.8218
vn 0.4417 -0.8289 -0.3431
vn 0.1954 -0.8379 -0.5096
vn 0.2347 -0.9620 -0.1395
vn 0.1270 -0.9609 -0.2460
vn 0.3143 -0.9328 -0.1765
vn 0.1176 -0.9404 -0.3192
vn 0.0006 -0.9320 -0.3624
vn 0.0018 -0.9594 -0.2821
vn 0.0029 -0.8352 -0.5499
vn 0.0006 -0.4955 -0.8686
vn 0.3653 -0.1371 -0.9207
vn -0.4424 -0.8289 -0.3423
vn -0.1935 -0.8384 -0.5096
vn -0.2335 -0.9629 -0.1352
vn -0.1234 -0.9620 -0.2434
vn -0.3139 -0.9333 -0.1744
vn -0.1165 -0.9411 -0.3173
vn -0.3134 -0.4742 -0.8228
vn -0.6609 -0.4031 -0.6330
vn -0.7297 -0.0547 -0.6816
vn -0.3652 -0.1370 -0.9208
vn 0.0001 -0.1514 -0.9885
vn 0.6835 -0.4550 0.5708
vn 0.7211 0.0410 0.6916
vn 0.9005 -0.1878 0.3922
vn 0.7183 0.2656 0.6431
vn 0.7303 -0.3578 0.5819
vn 0.6017 0.1118 0.7908
vn 0.5221 -0.4882 0.6993
vn 0.3537 -0.8329 0.4256
vn 0.6671 -0.6742 0.3169
vn 0.9649 -0.2356 0.1158
vn 0.9804 0.0560 0.1890
vn 0.8923 -0.1162 0.4363
vn 0.8770 0.2150 0.4297
vn 0.8209 0.0502 0.5688
vn 0.6080 0.4111 0.6792
vn 0.6108 0.2082 0.7639
vn 0.3462 0.4385 0.8294
vn 0.3442 0.2904 0.8929
vn 0.1325 0.4286 0.8937
vn 0.1238 0.3131 0.9416
vn 0.3362 -0.0024 0.9418
vn 0.6231 -0.0558 0.7801
vn 0.7486 -0.3149 0.5835
vn 0.9856 0.1477 0.0824
vn 0.9948 0.1017 -0.0070
vn 0.9246 0.2431 0.2933
vn 0.7371 0.3102 0.6004
vn 0.5363 0.4695 0.7014
vn 0.4681 0.4378 0.7676
vn 0.3274 0.3527 0.8766
vn 0.5141 0.3065 0.8011
vn 0.6366 0.3052 0.7082
vn 0.6504 0.2180 0.7276
vn 0.5667 0.2125 0.7960
vn 0.4549 0.2320 0.8598
vn 0.4196 0.2652 0.8681
vn -0.0000 0.3531 0.9356
vn -0.0001 0.4120 0.9112
vn 0.1760 0.3345 0.9258
vn 0.2530 0.3279 0.9102
vn -0.1761 0.3345 0.9258
vn -0.1326 0.4286 0.8937
vn -0.2531 0.3278 0.9102
vn -0.3463 0.4385 0.8294
vn -0.3275 0.3526 0.8766
vn -0.0001 0.3140 0.9494
vn -0.1240 0.3130 0.9416
vn -0.3444 0.2902 0.8928
vn -0.6111 0.2078 0.7638
vn -0.6081 0.4109 0.6792
vn -0.8209 0.0495 0.5689
vn -0.7479 -0.3168 0.5834
vn -0.6234 -0.0573 0.7798
vn -0.3368 -0.0033 0.9416
vn -0.1186 0.0156 0.9928
vn -0.0004 0.0093 1.0000
vn 0.1179 0.0159 0.9929
vn 0.2370 0.8225 0.5170
vn 0.3274 0.8796 0.3451
vn 0.2703 0.9410 0.2036
vn -0.1029 0.9900 -0.0969
vn 0.6638 -0.6419 -0.3838
vn 0.4341 -0.8345 0.3394
vn 0.4108 -0.7084 0.5739
vn 0.2284 -0.7096 0.6666
vn 0.0831 -0.7202 0.6888
vn -0.0009 -0.7211 0.6928
vn -0.0852 -0.7208 0.6879
vn -0.2298 -0.7105 0.6651
vn -0.4105 -0.7102 0.5719
vn -0.4321 -0.8356 0.3392
vn -0.0008 -0.9297 -0.3683
vn -0.0470 -0.9227 -0.3825
vn -0.1383 -0.9395 -0.3134
vn -0.2767 -0.9262 -0.2563
vn -0.3052 -0.9003 -0.3103
vn -0.7515 -0.6405 0.1585
vn -0.8729 0.4476 0.1944
vn -0.5061 0.7546 -0.4176
vn -0.3908 0.7496 -0.5341
vn -0.1680 0.8379 -0.5194
vn -0.0815 0.8767 -0.4741
vn 0.0896 0.8227 0.5614
vn 0.0007 0.8475 0.5308
vn 0.0012 0.8459 -0.5334
vn 0.0846 0.8765 -0.4740
vn 0.0453 -0.9225 -0.3833
vn 0.1369 -0.9394 -0.3143
vn 0.2776 -0.9256 -0.2573
vn 0.3059 -0.9006 -0.3088
vn -0.6638 -0.6418 -0.3839
vn 0.7508 -0.6410 0.1597
vn 0.1020 0.9900 -0.0971
vn 0.8726 0.4483 0.1941
vn -0.2716 0.9408 0.2026
vn 0.5036 0.7562 -0.4178
vn 0.3891 0.7517 -0.5325
vn -0.3280 0.8792 0.3457
vn 0.1686 0.8418 -0.5128
vn -0.2366 0.8203 0.5207
vn -0.0882 0.8236 0.5602
vn -0.0007 0.0224 0.9997
vn 0.1618 0.0179 0.9867
vn -0.6819 -0.4571 0.5710
vn -0.7211 0.0398 0.6917
vn -0.7184 0.2656 0.6429
vn -0.6021 0.1113 0.7906
vn -0.3856 -0.0101 0.9226
vn -0.1632 0.0174 0.9864
vn -0.1383 -0.5277 0.8381
vn -0.0022 -0.5228 0.8524
vn -0.0109 -0.8035 0.5951
vn 0.1319 -0.5252 0.8407
vn -0.6639 -0.6749 0.3222
vn -0.3532 -0.8298 0.4320
vn -0.7282 -0.3613 0.5824
vn -0.5209 -0.4932 0.6967
vn -0.3193 -0.5376 0.7804
vn -0.2015 -0.8082 0.5534
vn -0.0058 -0.8219 0.5696
vn -0.2077 -0.8377 0.5051
vn -0.0004 -0.5504 0.8349
vn -0.4059 -0.5208 0.7510
vn 0.0066 0.3554 0.9347
vn -0.3591 0.4679 0.8075
vn -0.7479 0.5713 0.3380
vn -0.7432 -0.5277 0.4114
vn -0.3605 -0.8907 0.2768
vn 0.3660 0.4769 0.7991
vn 0.4064 -0.5217 0.7501
vn 0.2005 -0.8437 0.4979
vn 0.1904 -0.8098 0.5549
vn 0.3175 -0.5323 0.7848
vn 0.3847 -0.0086 0.9230
vn 0.3549 -0.8956 0.2682
vn 0.7426 -0.5298 0.4097
vn 0.7441 0.5744 0.3411
vn -0.2019 -0.9349 0.2918
vn -0.0028 -0.9481 0.3181
vn -0.1425 -0.2689 0.9526
vn -0.0155 -0.2507 0.9679
vn 0.1494 -0.2589 0.9543
vn 0.2019 -0.9376 0.2830
vn 0.1112 -0.8822 -0.4575
vn 0.3053 -0.8602 -0.4084
vn -0.0000 -0.8879 -0.4600
vn 0.5047 -0.7998 -0.3249
vn 0.3954 -0.8854 0.2445
vn 0.4278 -0.3118 0.8484
vn 0.5356 0.5765 0.6170
vn 0.4387 0.8939 -0.0926
vn 0.5344 0.6157 -0.5791
vn 0.7445 0.5099 -0.4310
vn 0.2244 0.7209 -0.6557
vn 0.0028 0.7510 -0.6603
vn -0.2211 0.7164 -0.6617
vn -0.5391 0.6095 -0.5813
vn -0.7469 0.5061 -0.4313
vn -0.4480 0.8896 -0.0883
vn -0.5052 -0.7989 -0.3264
vn -0.6087 -0.7393 -0.2880
vn -0.8588 -0.4878 0.1566
vn -0.9687 0.2346 -0.0812
vn -0.7109 0.6980 -0.0860
vn -0.5340 0.5725 0.6222
vn -0.4129 -0.3156 0.8544
vn -0.3932 -0.8852 0.2487
vn -0.3062 -0.8597 -0.4089
vn -0.1115 -0.8822 -0.4574
vn -0.9196 0.2710 0.2845
vn -0.7887 -0.3836 0.4804
vn -0.6001 -0.7267 0.3344
vn -0.6367 0.3051 0.7082
vn -0.5141 0.3064 0.8011
vn -0.6505 0.2178 0.7276
vn -0.5667 0.2124 0.7961
vn -0.4549 0.2319 0.8598
vn -0.4196 0.2651 0.8681
vn -0.9948 0.1017 -0.0070
vn -0.9856 0.1477 0.0824
vn -0.9246 0.2430 0.2933
vn -0.7372 0.3100 0.6004
vn -0.5363 0.4694 0.7014
vn -0.4682 0.4377 0.7676
vn -0.8771 0.2147 0.4297
vn -0.9804 0.0557 0.1890
vn -0.9647 -0.2359 0.1167
vn -0.8920 -0.1173 0.4366
vn -0.9001 -0.1892 0.3924
vn 0.6082 -0.7401 -0.2868
vn 0.8579 -0.4893 0.1572
vn 0.9684 0.2357 -0.0813
vn 0.7074 0.7013 -0.0882
vn 0.9196 0.2720 0.2833
vn 0.7882 -0.3865 0.4789
vn 0.5999 -0.7285 0.3308
vn -0.1324 -0.0700 0.9887
vn 0.8658 0.2728 0.4195
vn -0.0564 -0.8054 0.5901
vn 0.4228 -0.9054 -0.0392
vn 0.9073 -0.3188 0.2742
vn 0.0275 -0.6303 0.7759
vn 0.4195 -0.9040 0.0825
vn 0.7784 0.3326 0.5325
vn -0.0759 0.1052 0.9916
vn -0.6098 0.4249 0.6690
vn -0.3654 0.9290 0.0580
vn -0.3167 0.4181 0.8514
vn 0.2779 0.8309 0.4821
vn 0.8032 -0.3673 0.4691
vn 0.1168 -0.5332 0.8379
vn -0.0561 0.0732 0.9957
vn 0.0072 -0.0435 0.9990
vn -0.0587 0.1764 0.9826
vn 0.0998 -0.0793 0.9918
vn 0.0762 -0.0783 0.9940
vn -0.2198 0.2156 0.9514
vn 0.2876 -0.3820 0.8783
vn -0.0228 0.6785 0.7343
vn -0.5012 0.5661 0.6545
vn -0.3425 0.7021 0.6243
vn -0.3612 0.5333 0.7649
vn -0.6177 0.6504 0.4422
vn -0.8408 0.2678 0.4705
vn 0.4034 0.9119 0.0760
vn -0.3198 0.9425 -0.0969
vn -0.2442 0.9691 -0.0348
vn -0.3632 0.9308 0.0403
vn -0.8052 0.5927 0.0177
vn 0.4023 -0.5822 -0.7065
vn -0.1368 -0.9619 0.2369
vn 0.9872 -0.1463 -0.0631
vn 0.5138 -0.4670 0.7197
vn 0.9344 0.3507 0.0618
vn 0.5645 -0.1564 0.8105
vn 0.3194 0.8817 0.3473
vn -0.2451 0.4773 0.8439
vn -0.5765 0.0447 0.8159
vn -0.6729 0.0649 0.7369
vn -0.2104 -0.4946 0.8433
vn 0.0730 -0.1524 0.9856
vn -0.3036 -0.2013 0.9313
vn -0.5099 -0.1895 0.8391
vn -0.0522 -0.8011 0.5963
vn 0.7882 0.3258 0.5221
vn 0.4591 -0.8884 -0.0080
vn 0.1052 -0.5507 0.8281
vn 0.7933 -0.3654 0.4871
vn -0.3369 0.4236 0.8409
vn 0.2728 0.8158 0.5099
vn -0.3066 0.9476 0.0895
vn -0.5949 0.4470 0.6681
vn 0.2119 -0.7660 0.6070
vn -0.1949 0.3623 0.9115
vn -0.4732 -0.8795 -0.0502
vn -0.2099 -0.8360 0.5070
vn -0.7940 0.3643 0.4867
vn -0.5172 0.3271 0.7909
vn -0.1109 -0.5489 0.8285
vn 0.7269 -0.3712 0.5778
vn 0.5510 -0.8321 0.0631
vn 0.5272 -0.8497 0.0101
vn 0.4785 -0.8733 -0.0914
vn 0.3649 -0.9112 -0.1911
vn 0.0335 -0.7990 -0.6004
vn -0.1428 -0.9124 0.3835
vn -0.3335 0.9398 0.0748
vn 0.1854 0.7960 0.5762
vn 0.6385 0.2722 -0.7199
vn 0.2594 0.8244 -0.5031
vn 0.7686 -0.3360 -0.5443
vn 0.9646 -0.1632 -0.2069
vn 0.5399 0.8163 -0.2051
vn 0.1893 0.6510 -0.7351
vn 0.5807 0.2323 -0.7803
vn 0.1303 0.6272 -0.7679
vn 0.4171 0.2597 -0.8710
vn -0.1274 0.8217 -0.5556
vn 0.1242 0.2672 -0.9556
vn -0.1909 0.6907 -0.6975
vn -0.3303 0.4683 -0.8195
vn -0.1362 0.2333 -0.9628
vn 0.1401 0.0180 -0.9900
vn 0.2402 0.1130 -0.9641
vn 0.4327 0.1931 -0.8806
vn 0.4579 0.7081 -0.5375
vn -0.8694 0.4199 -0.2605
vn 0.6138 0.5363 -0.5793
vn 0.6377 0.5591 -0.5298
vn 0.0122 0.9303 -0.3666
vn -0.5023 0.8560 0.1222
vn -0.7107 0.6905 -0.1347
vn -0.8193 0.4992 -0.2822
vn -0.8452 0.2404 -0.4773
vn -0.5608 0.2413 -0.7921
vn -0.3192 0.6617 -0.6784
vn -0.1201 0.7704 -0.6261
vn 0.8907 -0.2427 -0.3844
vn 0.6445 -0.4850 -0.5911
vn 0.3222 0.8324 -0.4508
vn 0.5170 0.8408 -0.1607
vn 0.9714 -0.1558 -0.1794
vn 0.7929 -0.3183 -0.5196
vn 0.7227 0.1947 -0.6632
vn 0.4638 0.1186 -0.8780
vn 0.2869 0.0261 -0.9576
vn 0.3548 -0.5215 -0.7760
vn 0.5947 -0.4153 -0.6884
vn 0.7894 -0.3371 -0.5130
vn 0.9179 -0.2090 -0.3373
vn 0.9975 -0.0334 0.0622
vn 0.5850 0.8089 0.0589
vn 0.4456 0.8517 -0.2756
vn 0.4072 0.9132 -0.0169
vn -0.3995 0.7897 0.4657
vn 0.2845 0.6547 0.7003
vn -0.2286 -0.5441 0.8073
vn -0.8093 -0.1922 0.5551
vn -0.4429 0.8923 0.0870
vn -0.8777 0.4701 -0.0929
vn -0.9578 -0.2593 0.1238
vn -0.4253 -0.9018 0.0758
vn -0.3055 0.1035 0.9466
vn -0.3459 0.9148 0.2084
vn -0.2897 0.7175 -0.6335
vn -0.9925 0.0872 0.0857
vn -0.6562 0.3498 0.6686
vn -0.8400 -0.5389 -0.0633
vn -0.3391 0.8028 0.4903
vn -0.7840 -0.2250 0.5786
vn 0.4047 0.9129 0.0535
vn 0.3307 0.6062 0.7233
vn -0.1169 -0.6424 0.7574
vn -0.3411 0.2433 0.9080
vn -0.9156 0.3717 -0.1532
vn -0.6724 0.3490 -0.6527
vn -0.4928 0.4652 -0.7353
vn -0.7597 0.6137 -0.2150
vn -0.5516 0.5018 -0.6663
vn -0.6881 0.6727 -0.2721
vn -0.6707 -0.0417 -0.7406
vn -0.5158 -0.2973 -0.8035
vn -0.3757 0.3825 -0.8441
vn -0.7450 -0.2156 -0.6313
vn -0.3868 -0.6792 -0.6237
vn -0.4324 -0.7546 -0.4936
vn -0.8178 -0.4023 -0.4117
vn -0.2023 0.8866 -0.4159
vn 0.5549 0.7098 0.4338
vn -0.4738 -0.8194 -0.3226
vn -0.5365 -0.7830 0.3148
vn -0.9370 -0.3470 0.0411
vn -0.9223 0.1540 -0.3545
vn -0.3563 0.9084 0.2186
vn -0.1267 0.6145 0.7787
vn -0.8771 -0.3372 0.3421
vn -0.5376 0.8431 -0.0128
vn -0.0862 0.3454 -0.9345
vn -0.3782 0.8890 -0.2580
vn -0.1993 0.7987 -0.5678
vn 0.4094 0.9123 0.0069
vn -0.4489 0.8844 -0.1279
vn 0.4179 0.9070 -0.0512
vn -0.4661 0.8586 0.2136
vn 0.0580 0.8039 0.5920
vn -0.9209 -0.0793 0.3816
vn -0.4940 -0.4096 0.7670
vn -0.4845 -0.8647 0.1324
vn -0.9781 -0.2078 0.0106
vn 0.4125 0.9107 -0.0220
vn -0.2731 0.3553 -0.8940
vn 0.0991 0.8132 -0.5734
vn -0.2803 0.9362 0.2121
vn 0.5824 0.6440 -0.4960
vn 0.9375 0.3384 -0.0816
vn 0.7670 0.0928 0.6349
vn 0.4398 -0.2263 0.8691
vn 0.9895 0.0308 0.1409
vn 0.5179 0.5508 -0.6545
vn 0.1533 0.0011 -0.9882
vn 0.6729 0.5531 -0.4911
vn -0.9260 0.0127 -0.3773
vn -0.2217 0.7416 -0.6332
vn 0.5208 0.8519 -0.0556
vn 0.7308 0.3401 0.5918
vn -0.8133 -0.5346 -0.2297
vn -0.8203 0.5715 -0.0231
vn -0.7975 0.5983 0.0776
vn -0.1830 0.9773 -0.1071
vn 0.0044 0.7817 0.6236
vn -0.8288 -0.2015 0.5220
vn -0.6847 0.2681 0.6777
vn 0.0135 -0.5315 0.8470
vn -0.0858 -0.6553 -0.7504
vn 0.4597 -0.7595 0.4604
vn -0.7688 0.3158 0.5561
vn 0.6822 0.4138 0.6028
vn 0.2346 0.2389 0.9423
vn 0.1369 -0.6195 0.7730
vn -0.2597 -0.1256 0.9575
vn -0.5167 -0.8070 0.2861
vn -0.8787 0.2083 0.4295
vn 0.0772 -0.9927 0.0932
vn 0.1585 -0.6957 0.7006
vn -0.4217 0.0362 0.9060
vn 0.2924 0.0493 0.9550
vn 0.5410 -0.1304 0.8309
vn 0.7963 0.4120 0.4429
vn 0.8282 0.4242 0.3662
vn 0.0276 -0.5628 0.8262
vn 0.4021 -0.0490 0.9143
vn 0.5031 -0.7941 0.3409
vn 0.5066 -0.1838 0.8424
vn 0.3802 -0.5939 0.7090
vn 0.3865 -0.8141 0.4334
vn 0.1549 -0.9612 -0.2284
vn 0.0361 -0.3365 0.9410
vn -0.0037 -0.6191 0.7853
vn -0.3279 -0.8592 0.3926
vn 0.9506 0.2661 0.1600
vn 0.7273 0.3333 0.5999
vn 0.3366 -0.8867 0.3170
vn 0.3137 -0.7006 0.6409
vn 0.9567 0.2887 0.0364
vn 0.8952 0.2172 0.3892
vn 0.3909 -0.9192 0.0474
vn 0.4751 -0.7349 0.4838
vn 0.9826 -0.1467 -0.1136
vn 0.9658 0.0025 0.2594
vn 0.3268 -0.9437 -0.0516
vn 0.3873 0.8723 0.2984
vn 0.3758 0.8292 0.4138
vn 0.8709 0.4900 0.0375
vn 0.8656 0.5000 0.0267
vn 0.3164 0.9483 -0.0258
vn 0.8461 0.5302 -0.0541
vn 0.9561 -0.2915 -0.0285
vn 0.9451 -0.2072 -0.2525
vn 0.8344 -0.0681 -0.5470
vn 0.4231 -0.8963 -0.1327
vn 0.9291 -0.3045 -0.2100
vn 0.4201 -0.8945 0.1527
vn 0.3745 -0.8317 -0.4099
vn 0.2194 -0.4060 -0.8871
vn 0.2789 -0.5943 -0.7543
vn 0.8494 -0.1561 -0.5041
vn 0.8831 0.4479 -0.1399
vn 0.4022 0.8937 -0.1991
vn -0.2811 0.9006 -0.3316
vn -0.3400 0.7193 0.6058
vn -0.3943 0.8379 0.3775
vn -0.4949 0.8673 -0.0542
vn -0.4881 0.7801 -0.3914
vn 0.3010 0.8754 -0.3783
vn 0.8393 0.4655 -0.2810
vn -0.8324 0.3274 -0.4471
vn -0.9066 0.2469 0.3421
vn -0.9344 0.2618 0.2417
vn -0.9806 0.1927 -0.0347
vn -0.9652 0.2100 -0.1560
vn 0.4386 -0.7878 0.4324
vn 0.2606 -0.7372 0.6234
vn -0.0022 -0.3535 0.9354
vn -0.0916 -0.3097 0.9464
vn 0.4640 -0.6066 -0.6455
vn -0.2601 -0.0485 -0.9644
vn 0.5605 -0.0453 -0.8269
vn 0.0825 0.5325 -0.8424
vn 0.5161 -0.1112 -0.8493
vn -0.1181 0.2164 -0.9691
vn -0.3219 -0.9419 -0.0963
vn -0.3904 -0.9110 0.1326
vn -0.5016 -0.8505 -0.1581
vn -0.4920 -0.6229 -0.6083
vn -0.4535 -0.6098 -0.6499
vn -0.4300 -0.0443 0.9017
vn -0.9705 0.1332 -0.2009
vn -0.9324 0.3159 -0.1756
vn -0.7120 0.6715 0.2053
vn -0.5838 0.6210 -0.5230
vn -0.2921 0.9547 0.0575
vn 0.1698 0.5228 -0.8354
vn 0.3990 0.8769 -0.2680
vn 0.9415 0.2998 -0.1538
vn 0.7912 0.0798 -0.6063
vn -0.8196 0.4041 -0.4061
vn -0.7348 0.5917 0.3315
vn -0.1837 0.6614 0.7272
vn 0.4960 0.3528 0.7934
vn 0.9362 -0.0163 0.3511
vn 0.9940 0.0689 0.0846
vn 0.7758 -0.3949 0.4921
vn 0.5463 0.6023 0.5820
vn 0.2146 -0.1376 0.9670
vn -0.3656 0.3104 0.8775
vn -0.1984 0.8043 0.5602
vn -0.7494 0.5748 0.3286
vn -0.7239 0.6720 0.1558
vn -0.5447 0.6684 -0.5065
vn -0.6493 0.5294 -0.5459
vn -0.3930 -0.8232 -0.4098
vn -0.2476 -0.9626 -0.1102
vn -0.4244 -0.9034 0.0613
vn 0.0236 0.8481 0.5294
vn 0.4149 0.8096 -0.4152
vn 0.5350 0.5987 -0.5960
vn 0.5613 0.8264 0.0449
vn -0.3858 0.8134 -0.4354
vn -0.4864 0.8737 -0.0005
vn -0.5350 0.5987 -0.5961
vn -0.6649 -0.7298 0.1590
vn -0.5641 -0.7911 -0.2365
vn -0.9423 -0.1621 -0.2929
vn -0.7026 -0.1092 -0.7032
vn -0.9249 -0.3660 -0.1031
vn -0.7427 -0.4055 -0.5329
vn 0.7118 -0.6941 -0.1076
vn 0.3118 -0.9500 -0.0188
vn 0.5429 -0.7505 -0.3768
vn 0.3336 -0.8178 -0.4689
vn 0.7001 -0.3472 -0.6240
vn 0.3095 -0.3861 -0.8690
vn 0.6842 -0.0553 -0.7272
vn 0.2911 -0.0545 -0.9551
vn -0.0000 -0.0563 -0.9984
vn -0.0073 -0.4316 -0.9020
vn -0.0196 -0.8318 -0.5547
vn -0.3370 -0.4125 -0.8463
vn -0.2902 -0.0613 -0.9550
vn 0.9513 -0.2466 -0.1849
vn 0.9592 -0.0217 -0.2817
vn -0.0077 -0.9970 -0.0770
vn 0.1715 -0.9776 -0.1222
vn -0.9646 0.0258 0.2626
vn -0.7635 -0.5270 0.3733
vn -0.7235 -0.0483 0.6887
vn -0.7532 -0.4575 0.4727
vn -0.6319 -0.7702 -0.0873
vn -0.7230 -0.6304 0.2825
vn -0.6901 -0.7150 0.1119
vn -0.6373 -0.6163 0.4627
vn -0.3539 -0.8900 0.2876
vn -0.2180 -0.6776 0.7024
vn -0.4836 -0.2691 0.8329
vn -0.1172 -0.2366 0.9645
vn -0.0987 0.0455 0.9941
vn -0.3447 0.0228 0.9384
vn 0.9485 -0.0448 0.3135
vn 0.7429 -0.0753 0.6651
vn 0.8207 -0.3693 0.4360
vn 0.7280 -0.3766 0.5728
vn 0.7178 -0.6384 0.2779
vn 0.7043 -0.5159 0.4877
vn 0.6321 -0.7079 0.3152
vn 0.6098 -0.5475 0.5731
vn 0.3513 -0.8815 0.3156
vn 0.2338 -0.6846 0.6904
vn 0.4889 -0.2307 0.8413
vn 0.1411 -0.2370 0.9612
vn 0.1041 0.0402 0.9938
vn 0.3751 -0.0072 0.9269
vn -0.8899 0.0696 -0.4509
vn -0.6301 0.2341 -0.7404
vn -0.8384 -0.0141 -0.5448
vn -0.6368 -0.0026 -0.7710
vn -0.8792 0.4763 -0.0088
vn -0.9549 0.1852 0.2321
vn 0.0098 0.5529 0.8332
vn -0.1169 0.3285 0.9373
vn 0.9549 0.2922 0.0535
vn 0.8785 0.4776 0.0129
vn 0.6402 0.0101 -0.7682
vn 0.6570 0.2336 -0.7168
vn 0.8384 -0.0141 -0.5448
vn 0.8899 0.0696 -0.4509
vn -0.7112 0.1672 -0.6829
vn -0.5945 0.4632 -0.6573
vn -0.3332 0.1242 -0.9346
vn -0.2411 0.4242 -0.8729
vn -0.0000 0.4172 -0.9088
vn -0.0000 0.1180 -0.9930
vn 0.3332 0.1241 -0.9346
vn 0.2411 0.4242 -0.8729
vn 0.5945 0.4632 -0.6573
vn 0.7112 0.1671 -0.6828
vn -0.0940 0.9955 0.0147
vn -0.0000 0.9999 0.0170
vn -0.0996 0.9872 -0.1248
vn -0.0000 0.9927 -0.1203
vn -0.1029 0.9494 -0.2968
vn -0.0000 0.9495 -0.3136
vn 0.1029 0.9494 -0.2968
vn 0.0996 0.9872 -0.1248
vn 0.0940 0.9955 0.0147
vn 0.4026 -0.8999 -0.1675
vn -0.3127 -0.9450 0.0963
vn 0.3232 -0.7322 -0.5995
vn -0.4419 -0.7340 -0.5157
vn -0.8293 -0.5569 -0.0463
vn -0.8735 0.0924 -0.4779
vn -0.4261 0.3314 -0.8418
vn 0.1503 0.2144 -0.9651
vn 0.5812 0.0359 -0.8130
vn -0.9077 0.3017 -0.2917
vn -0.5532 0.7024 -0.4479
vn 0.0906 0.8268 -0.5552
vn 0.6228 0.5153 -0.5887
vn 0.7521 -0.2039 -0.6267
vn -0.5608 0.3427 -0.7537
vn -0.7770 -0.4007 -0.4855
vn -0.5287 0.4948 -0.6896
vn -0.8690 -0.1281 -0.4780
vn -0.3183 0.7370 -0.5963
vn -0.8961 0.2947 -0.3319
vn 0.0651 0.9299 -0.3621
vn 0.3093 0.9007 -0.3050
vn 0.4414 0.8816 0.1672
vn 0.6073 0.7650 0.2143
vn 0.6634 0.2735 0.6965
vn 0.5378 0.2214 0.8135
vn -0.0346 -0.3765 0.9258
vn 0.2475 -0.4494 0.8583
vn -0.3288 -0.8460 0.4197
vn -0.5454 -0.7263 0.4183
vn -0.9225 -0.0034 0.3861
vn -0.3842 -0.1565 0.9099
vn 0.4700 0.3499 0.8104
vn 0.6826 0.7039 0.1964
vn 0.4181 0.8505 -0.3190
vn -0.3108 0.7386 -0.5982
vn 0.2336 0.1167 -0.9653
vn -0.1936 0.7682 -0.6103
vn 0.3037 0.1324 -0.9435
vn -0.0767 0.8664 -0.4934
vn 0.5339 0.2903 -0.7942
vn 0.6114 -0.6382 0.4679
vn 0.7158 -0.4593 0.5260
vn 0.0356 -0.2178 0.9754
vn 0.1392 -0.0233 0.9900
vn -0.3472 0.4742 0.8091
vn -0.3996 0.3618 0.8423
vn -0.4453 0.8298 0.3363
vn -0.5369 0.7774 0.3277
vn -0.4023 0.8932 0.2010
vn -0.4113 0.6496 0.6395
vn 0.0747 0.2321 0.9698
vn 0.8057 -0.0728 0.5878
vn 0.9932 0.0691 -0.0933
vn 0.8257 -0.4290 -0.3664
vn 0.7323 -0.5366 -0.4193
vn 0.3872 -0.7471 -0.5404
vn 0.9128 -0.2222 -0.3427
vn 0.3625 -0.9313 -0.0353
vn 0.9058 -0.4108 0.1040
vn 0.8774 0.4551 -0.1519
vn 0.3544 0.7864 -0.5059
vn 0.1334 -0.7032 0.6984
vn 0.4558 -0.4431 0.7719
vn 0.4615 -0.0191 0.8870
vn 0.9187 0.3166 0.2362
vn 0.2292 0.4715 0.8516
vn 0.4473 0.8940 0.0266
vn -0.4137 0.9038 -0.1097
vn -0.1480 0.6615 -0.7352
vn -0.6593 0.3433 -0.6689
vn -0.9879 0.1432 -0.0591
vn -0.6975 -0.0161 0.7164
vn -0.4667 0.4894 0.7366
vn -0.9566 -0.0489 -0.2874
vn -0.8694 0.3930 0.2995
vn -0.7035 0.6985 0.1310
vn -0.0206 0.9655 0.2597
vn 0.5280 0.8448 0.0874
vn -0.7873 0.3728 -0.4911
vn -0.3342 -0.0431 -0.9415
vn -0.5031 -0.5173 -0.6924
vn 0.9281 0.3665 -0.0664
vn 0.5750 0.4598 0.6767
vn -0.2657 0.7067 0.6558
vn -0.4327 -0.1918 0.8809
vn -0.7118 -0.4232 0.5606
vn -0.7274 -0.6466 0.2300
vn -0.4536 -0.8905 0.0351
vn 0.2420 -0.3868 0.8898
vn 0.3818 -0.7624 0.5225
vn 0.9510 -0.2541 0.1762
vn -0.0249 -0.9987 0.0448
vn 0.2047 -0.7214 -0.6615
vn 0.3468 -0.2771 -0.8961
vn -0.3119 -0.6935 0.6495
vn -0.3732 -0.9234 -0.0899
vn -0.3381 -0.7492 -0.5696
vn -0.2549 -0.8378 0.4828
vn 0.2340 -0.9471 0.2197
vn -0.5729 -0.4503 0.6849
vn -0.1016 -0.2750 0.9561
vn -0.0881 0.1373 0.9866
vn -0.4615 0.0775 0.8838
vn -0.0969 0.0686 0.9929
vn 0.5433 -0.8373 0.0609
vn 0.0016 -0.7798 -0.6260
vn 0.3959 -0.8600 -0.3220
vn 0.0005 -0.8113 0.5846
vn -0.5218 -0.8507 0.0633
vn -0.3903 -0.8642 -0.3174
vn -0.9577 0.2846 0.0429
vn -0.5257 0.0460 -0.8494
vn -0.9383 0.2085 -0.2759
vn -0.1973 0.0056 -0.9803
vn -0.6852 0.1856 -0.7043
vn -0.6121 0.4394 -0.6575
vn -0.9157 0.3514 -0.1950
vn -0.5030 0.6711 -0.5446
vn -0.7393 0.6623 -0.1217
vn -0.4097 0.8580 -0.3097
vn -0.4647 0.8768 -0.1236
vn -0.1611 0.8978 -0.4099
vn -0.0042 0.8579 -0.5139
vn -0.1631 0.6212 -0.7665
vn -0.0000 0.6243 -0.7812
vn -0.1804 0.2936 -0.9388
vn -0.0000 0.3037 -0.9528
vn 0.0049 0.1183 -0.9930
vn 0.1868 0.2858 -0.9399
vn 0.2174 0.0955 -0.9714
vn 0.6124 0.3164 -0.7245
vn 0.6601 0.1276 -0.7403
vn 0.9297 0.2694 -0.2510
vn 0.5811 0.0595 -0.8117
vn 0.8538 0.1221 -0.5061
vn -0.1950 0.1100 -0.9746
vn 0.8978 0.2076 -0.3885
vn 0.5144 0.6403 -0.5704
vn 0.7236 0.6491 -0.2346
vn 0.4037 0.8591 -0.3145
vn 0.4552 0.8817 -0.1242
vn 0.1615 0.8975 -0.4104
vn 0.1622 0.6189 -0.7685
vn 0.2238 0.0115 -0.9746
vn 0.3699 0.0903 0.9247
vn 0.0870 0.1369 0.9868
vn 0.0968 0.0686 0.9929
vn 0.8963 0.0996 0.4321
vn 0.9556 0.2096 0.2070
vn 0.7085 0.1311 0.6934
vn 0.7725 0.1540 0.6161
vn 0.3859 0.1398 0.9119
vn 0.0864 0.3408 0.9361
vn 0.3763 0.3302 0.8656
vn 0.0963 0.5914 0.8006
vn 0.3168 0.6247 0.7137
vn 0.1420 0.7874 0.5998
vn 0.3844 0.8182 0.4276
vn 0.4004 0.8494 0.3439
vn 0.5025 0.8487 0.1651
vn 0.5880 0.6220 0.5170
vn 0.7660 0.6244 0.1531
vn 0.9386 0.2612 0.2252
vn 0.7401 0.2959 0.6039
vn -0.9558 0.0576 0.2885
vn -0.8800 0.1048 0.4632
vn -0.9688 0.1007 0.2264
vn -0.8372 0.1237 0.5327
vn -0.8039 0.2555 0.5371
vn -0.4289 0.3266 0.8422
vn -0.3485 0.6123 0.7097
vn -0.0963 0.5914 0.8006
vn -0.1407 0.7774 0.6131
vn 0.0022 0.7321 0.6812
vn -0.0000 0.5599 0.8286
vn -0.9555 0.2083 0.2089
vn -0.6664 0.5604 0.4918
vn -0.8337 0.5288 0.1592
vn -0.5710 0.8065 0.1532
vn -0.4519 0.8245 0.3405
vn -0.3890 0.8134 0.4325
vn -0.4394 0.1412 0.8871
vn -0.0868 0.3405 0.9362
vn 0.0050 0.0207 -0.9998
vn -0.8705 -0.1599 -0.4655
vn -0.6325 -0.3251 -0.7031
vn -0.8533 -0.0776 -0.5156
vn -0.6361 -0.1562 -0.7556
vn -0.9024 -0.4286 0.0441
vn 0.0053 -0.4901 0.8716
vn 0.8253 -0.0358 -0.5635
vn 0.6901 -0.0496 -0.7220
vn 0.8533 -0.0776 -0.5156
vn 0.6858 -0.1389 -0.7145
vn 0.8705 -0.1599 -0.4655
vn 0.6505 -0.3191 -0.6892
vn 0.9287 -0.3676 0.0484
vn -0.0144 -0.2527 0.9674
vn -0.9542 -0.2941 0.0555
vn -0.5836 -0.0785 -0.8082
vn -0.8253 -0.0358 -0.5635
vn 0.9615 -0.2294 0.1511
vn -0.0691 -0.1911 0.9791
vn -0.9916 -0.0879 0.0952
vn 0.8951 -0.3279 0.3020
vn -0.0738 0.1189 0.9902
vn 0.0011 -0.0114 -0.9999
vn 0.8318 -0.0142 0.5549
vn 0.6860 -0.0779 -0.7234
vn 0.8266 -0.0626 -0.5593
vn -0.2112 0.0149 0.9773
vn -0.9672 0.2012 0.1551
vn -0.6301 -0.0322 -0.7758
vn -0.8266 -0.0625 -0.5593
vn -0.2312 -0.0308 -0.9724
vn -0.5484 -0.0961 -0.8307
vn -0.9016 -0.0935 -0.4223
vn 0.2567 -0.0264 -0.9661
vn 0.6313 -0.0554 -0.7736
vn 0.9322 -0.1167 -0.3427
vn -0.7843 0.1948 0.5890
vn -0.3540 0.1317 0.9259
vn -0.9345 0.1682 0.3138
vn 0.0738 0.1189 0.9902
vn 0.3330 0.1078 0.9367
vn 0.7183 0.0593 0.6932
vn 0.9510 -0.0236 0.3082
vn -0.3208 -0.9294 -0.1822
vn 0.0094 -0.9965 0.0831
vn 0.4886 -0.7649 0.4197
vn 0.2405 -0.4075 0.8810
vn 0.3327 -0.4355 -0.8364
vn 0.1605 -0.8295 -0.5350
vn 0.1044 -0.9920 0.0709
vn 0.4879 -0.7805 0.3908
vn -0.6168 -0.7869 -0.0192
vn -0.9197 -0.3178 -0.2306
vn -0.9580 0.0445 -0.2831
vn 0.9195 -0.3183 -0.2306
vn 0.6167 -0.7869 -0.0231
vn 0.9581 0.0443 -0.2831
vn 0.3846 -0.9231 -0.0023
vn 0.3068 -0.9499 0.0602
vn 0.7348 0.6746 -0.0711
vn 0.9139 -0.3985 -0.0777
vn -0.3853 -0.9228 0.0010
vn -0.3072 -0.9491 0.0694
vn -0.7364 0.6728 -0.0715
vn -0.9144 -0.3975 -0.0765
vn 0.0830 -0.4977 -0.8634
vn 0.0530 0.1782 -0.9826
vn -0.1584 -0.2015 0.9666
vn -0.4717 0.2627 0.8417
vn 0.5222 -0.7657 -0.3755
vn -0.9448 0.3084 0.1105
vn -0.0905 -0.8859 0.4549
vn -0.5454 0.6794 -0.4908
vn -0.6912 -0.1753 -0.7010
vn 0.6950 -0.2041 0.6894
vn 0.4852 -0.6445 0.5909
vn 0.0488 -0.8550 -0.5163
vn 0.8669 0.4660 0.1770
vn 0.4013 -0.8860 0.2323
vn 0.9246 -0.3490 -0.1529
vn 0.9396 -0.3258 -0.1054
vn 0.8600 -0.4842 -0.1611
vn 0.8884 -0.4388 -0.1349
vn 0.9174 -0.3316 -0.2199
vn -0.9483 -0.1601 -0.2741
vn -0.9681 -0.2438 -0.0575
vn -0.9420 -0.3354 0.0097
vn -0.9295 -0.3666 0.0397
vn -0.9038 -0.4274 0.0188
vn -0.3388 -0.9299 0.1431
vn 0.0089 -0.9328 0.3602
vn -0.0314 -0.9933 0.1115
vn 0.2239 -0.9608 0.1634
vn -0.5320 -0.7533 0.3867
vn -0.5252 -0.6058 0.5976
vn 0.3687 0.3331 0.8678
vn -0.9485 -0.1684 0.2682
vn -0.9607 -0.0526 0.2727
vn 0.0460 -0.8467 0.5301
vn -0.6024 -0.7704 0.2086
vn 0.0578 -0.9469 0.3163
vn -0.5136 -0.8512 0.1081
vn -0.8731 -0.4875 0.0085
vn 0.9973 -0.0030 0.0733
vn 0.9578 -0.1147 0.2635
vn 0.6970 -0.6523 0.2979
vn 0.6261 0.2528 0.7376
vn 0.6842 -0.5131 0.5182
vn -0.0482 -0.9949 0.0887
vn -0.1206 -0.8500 0.5128
vn 0.4052 -0.8601 0.3100
vn 0.9535 -0.2527 -0.1642
vn 0.5853 -0.7674 -0.2617
vn 0.9725 0.1413 0.1852
vn -0.9915 0.0295 0.1268
vn -0.1297 0.7366 -0.6637
vn -0.3567 0.7526 -0.5535
vn -0.4465 0.8511 -0.2760
vn -0.1644 0.9359 0.3115
vn -0.3266 0.9040 0.2760
vn -0.4192 0.8962 0.1449
vn 0.4465 0.8511 -0.2760
vn 0.3567 0.7526 -0.5535
vn 0.1297 0.7366 -0.6637
vn 0.4192 0.8962 0.1449
vn 0.3266 0.9040 0.2760
vn 0.1644 0.9359 0.3115
vn 0.7838 0.5545 -0.2796
vn 0.9233 0.2515 -0.2902
vn -0.7838 0.5545 -0.2796
vn -0.4253 0.8980 -0.1126
vn -0.9233 0.2515 -0.2902
vn -0.0000 0.7355 -0.6775
vn 0.4253 0.8980 -0.1126
vn 0.0148 0.9617 0.2738
vn -0.0000 0.9750 0.2221
vn -0.0148 0.9617 0.2738
vn 0.3337 -0.9427 0.0047
vn 0.9501 -0.1331 -0.2822
vn 0.8033 -0.3008 -0.5140
vn 0.9972 -0.0590 -0.0460
vn -0.7783 0.3148 -0.5433
vn -0.8043 -0.4778 -0.3532
vn -0.0690 0.5569 -0.8277
vn -0.9215 -0.2125 -0.3251
vn -0.9641 -0.2403 -0.1129
vn -0.4589 -0.8195 -0.3432
vn -0.6296 -0.1258 0.7667
vn 0.6739 -0.0100 -0.7388
vn 0.5743 0.6356 -0.5159
vn -0.0693 0.8306 -0.5526
vn -0.6642 0.3847 -0.6409
vn 0.1603 0.5911 -0.7905
vn 0.3250 -0.6758 -0.6616
vn -0.4717 -0.8682 -0.1542
vn -0.6754 0.2015 0.7094
vn 0.4898 0.5957 0.6365
vn -0.6597 0.7339 0.1616
vn 0.7492 0.5474 -0.3729
vn 0.9311 0.1527 0.3311
vn 0.7170 0.6126 0.3327
vn -0.9658 0.2590 -0.0125
vn -0.6450 0.6340 0.4266
vn -0.4682 0.8607 0.2000
vn 0.6474 0.6629 0.3761
vn 0.5200 0.8500 0.0839
vn -0.6026 0.6860 -0.4079
vn 0.2657 0.6742 -0.6891
vn 0.2832 0.8230 -0.4924
vn 0.6097 0.7136 -0.3450
vn -0.7043 -0.7066 -0.0684
vn -0.8578 -0.4991 -0.1232
vn 0.5070 0.8533 0.1214
vn 0.6245 0.7788 0.0595
vn -0.9371 0.0979 0.3351
vn 0.9031 0.2767 0.3284
vn -0.7403 0.6643 -0.1033
vn 0.6866 0.7267 0.0229
vn -0.1816 0.5107 0.8403
vn -0.6949 0.5411 0.4736
vn 0.0796 0.6746 -0.7339
vn -0.4286 0.8775 -0.2151
vn -0.7131 0.4512 -0.5365
vn -0.6865 0.7169 -0.1218
vn -0.3563 0.8520 0.3837
vn 0.6369 0.7562 0.1497
vn 0.8853 0.2190 -0.4103
vn 0.9101 0.3600 -0.2055
vn -0.2247 0.7937 0.5653
vn 0.5007 -0.2191 -0.8374
vn 0.5841 -0.1831 -0.7908
vn -0.4068 0.8361 0.3679
vn -0.6369 0.7448 0.1990
vn -0.8934 -0.4431 -0.0745
vn -0.8325 -0.2496 -0.4947
vn 0.7764 -0.5642 -0.2808
vn 0.8729 -0.2391 -0.4254
vn -0.9244 0.0672 0.3755
vn -0.9408 0.1823 0.2857
vn -0.7155 0.6847 0.1384
vn 0.9164 0.3994 -0.0269
vn 0.9962 0.0830 0.0265
vn 0.6616 0.7493 0.0277
vn -0.5510 0.8324 0.0597
vn 0.5125 0.8577 0.0409
vn 0.9882 -0.1332 0.0751
vn -0.9976 -0.0420 0.0542
vn 0.7115 0.0396 0.7015
vn 0.6911 -0.1646 0.7038
vn 0.0042 -0.6714 0.7411
vn -0.6911 -0.1646 0.7038
vn -0.7115 0.0396 0.7015
vn 0.7237 0.0481 0.6885
vn 0.7104 0.2386 0.6622
vn -0.7104 0.2386 0.6622
vn 0.7197 0.0998 0.6871
vn -0.7237 0.0481 0.6885
vn -0.7197 0.0998 0.6871
vn 0.7296 0.0769 0.6795
vn -0.7296 0.0769 0.6795
vt 0.818544 0.256065
vt 0.838826 0.256074
vt 0.818540 0.276580
vt 0.838826 0.276594
vt 0.818540 0.303773
vt 0.838826 0.303789
vt 0.818540 0.329658
vt 0.838826 0.329660
vt 0.856631 0.329660
vt 0.856631 0.303792
vt 0.884645 0.329660
vt 0.884645 0.303789
vt 0.916637 0.303778
vt 0.916637 0.329660
vt 0.942931 0.303766
vt 0.942931 0.329658
vt 0.970802 0.303757
vt 0.970800 0.329658
vt 0.856631 0.276595
vt 0.884644 0.276592
vt 0.916637 0.276583
vt 0.942929 0.276575
vt 0.970803 0.276568
vt 0.856631 0.256083
vt 0.884645 0.256085
vt 0.916636 0.256081
vt 0.942929 0.256068
vt 0.970802 0.256060
vt 0.970251 0.455651
vt 0.970255 0.476522
vt 0.949527 0.455661
vt 0.949527 0.476538
vt 0.970255 0.504186
vt 0.949527 0.504203
vt 0.970255 0.530519
vt 0.949527 0.530530
vt 0.814721 0.530509
vt 0.814719 0.504170
vt 0.843186 0.530514
vt 0.843186 0.504181
vt 0.870041 0.530526
vt 0.870041 0.504191
vt 0.902718 0.530535
vt 0.902718 0.504203
vt 0.931332 0.504207
vt 0.931332 0.530535
vt 0.931330 0.476540
vt 0.902718 0.476534
vt 0.870043 0.476528
vt 0.843186 0.476517
vt 0.814719 0.476510
vt 0.931330 0.455671
vt 0.902718 0.455673
vt 0.870043 0.455668
vt 0.843188 0.455656
vt 0.814719 0.455645
vt 0.472732 0.075492
vt 0.432958 0.098726
vt 0.466396 0.099474
vt 0.432958 0.074218
vt 0.393182 0.075492
vt 0.399518 0.099474
vt 0.382333 0.897106
vt 0.389927 0.967318
vt 0.362008 0.900699
vt 0.350001 0.968182
vt 0.337314 0.902632
vt 0.408907 0.943095
vt 0.450508 0.946481
vt 0.443301 0.966455
vt 0.482047 0.946437
vt 0.478986 0.966253
vt 0.503153 0.945518
vt 0.503334 0.966993
vt 0.521464 0.945217
vt 0.521464 0.967787
vt 0.539594 0.966993
vt 0.539775 0.945518
vt 0.563941 0.966253
vt 0.560881 0.946437
vt 0.599628 0.966455
vt 0.592420 0.946481
vt 0.653001 0.967318
vt 0.634021 0.943095
vt 0.616945 0.916981
vt 0.636805 0.890917
vt 0.660595 0.897106
vt 0.680920 0.900699
vt 0.692927 0.968182
vt 0.705614 0.902632
vt 0.587106 0.920487
vt 0.556252 0.908981
vt 0.539553 0.911326
vt 0.521464 0.911555
vt 0.503375 0.911326
vt 0.486676 0.908981
vt 0.455822 0.920487
vt 0.425983 0.916981
vt 0.406123 0.890917
vt 0.185085 0.625961
vt 0.195389 0.648658
vt 0.153952 0.626204
vt 0.153952 0.650060
vt 0.112515 0.648658
vt 0.122817 0.625961
vt 0.058270 0.856942
vt 0.058362 0.802853
vt 0.104712 0.805312
vt 0.061046 0.751784
vt 0.108331 0.751976
vt 0.071888 0.706130
vt 0.115730 0.706068
vt 0.093408 0.672627
vt 0.127104 0.673454
vt 0.153952 0.673603
vt 0.153952 0.706743
vt 0.153952 0.752239
vt 0.153952 0.806067
vt 0.104704 0.858159
vt 0.246857 0.751784
vt 0.199572 0.751976
vt 0.236016 0.706130
vt 0.192172 0.706068
vt 0.214502 0.672627
vt 0.180799 0.673454
vt 0.203190 0.805312
vt 0.249541 0.802853
vt 0.249633 0.856942
vt 0.203198 0.858159
vt 0.153952 0.858576
vt 0.646866 0.760154
vt 0.649075 0.753927
vt 0.659389 0.752147
vt 0.630998 0.748013
vt 0.642371 0.728813
vt 0.600787 0.739936
vt 0.606127 0.713862
vt 0.619789 0.664107
vt 0.674962 0.706162
vt 0.690793 0.752155
vt 0.668465 0.794076
vt 0.650832 0.768607
vt 0.646927 0.813712
vt 0.630922 0.780518
vt 0.608900 0.827436
vt 0.602880 0.789035
vt 0.567155 0.833678
vt 0.566412 0.795027
vt 0.540477 0.838398
vt 0.540698 0.799193
vt 0.565824 0.759497
vt 0.599456 0.759802
vt 0.625102 0.759981
vt 0.682348 0.831669
vt 0.706163 0.829158
vt 0.659335 0.845404
vt 0.635469 0.855767
vt 0.601391 0.844600
vt 0.576432 0.847523
vt 0.567035 0.867943
vt 0.592362 0.869767
vt 0.615888 0.861888
vt 0.614518 0.882546
vt 0.604160 0.894574
vt 0.588109 0.896532
vt 0.572229 0.885269
vt 0.521464 0.873717
vt 0.521464 0.839700
vt 0.539517 0.871890
vt 0.552817 0.869485
vt 0.503412 0.871890
vt 0.502451 0.838398
vt 0.490111 0.869485
vt 0.475773 0.833678
vt 0.475893 0.867943
vt 0.521464 0.799901
vt 0.502230 0.799193
vt 0.476516 0.795027
vt 0.440049 0.789035
vt 0.434029 0.827436
vt 0.412005 0.780518
vt 0.417826 0.759981
vt 0.443473 0.759802
vt 0.477104 0.759497
vt 0.502488 0.759866
vt 0.521464 0.759707
vt 0.540441 0.759866
vt 0.573898 0.741156
vt 0.601897 0.744935
vt 0.630457 0.751123
vt 0.645336 0.755762
vt 0.644741 0.757248
vt 0.623992 0.753735
vt 0.598819 0.751814
vt 0.566524 0.750040
vt 0.540810 0.749033
vt 0.521464 0.748897
vt 0.502118 0.749033
vt 0.476404 0.750040
vt 0.444110 0.751814
vt 0.418936 0.753735
vt 0.521461 0.743684
vt 0.540887 0.744044
vt 0.567207 0.745544
vt 0.599175 0.748446
vt 0.623982 0.751947
vt 0.644265 0.756411
vt 0.644330 0.756040
vt 0.627981 0.752401
vt 0.599495 0.747853
vt 0.572909 0.744745
vt 0.540837 0.742699
vt 0.541132 0.738064
vt 0.521464 0.737910
vt 0.521728 0.742562
vt 0.501743 0.742535
vt 0.501953 0.743695
vt 0.475534 0.744929
vt 0.443337 0.748191
vt 0.418624 0.752002
vt 0.399857 0.757213
vt 0.400739 0.756045
vt 0.398531 0.755331
vt 0.400506 0.755721
vt 0.412472 0.751123
vt 0.413419 0.752872
vt 0.442000 0.747371
vt 0.441031 0.744935
vt 0.469253 0.744448
vt 0.469031 0.741156
vt 0.501797 0.738064
vt 0.521464 0.730476
vt 0.541658 0.731126
vt 0.397433 0.760350
vt 0.395875 0.754705
vt 0.411931 0.748013
vt 0.442142 0.739936
vt 0.469051 0.734080
vt 0.501270 0.731126
vt 0.501716 0.705549
vt 0.521464 0.704653
vt 0.521464 0.661659
vt 0.541212 0.705549
vt 0.367967 0.706162
vt 0.423140 0.664107
vt 0.400558 0.728813
vt 0.436801 0.713862
vt 0.466610 0.707174
vt 0.471810 0.662886
vt 0.521464 0.615422
vt 0.487654 0.614948
vt 0.521464 0.581747
vt 0.499396 0.581582
vt 0.521198 0.551450
vt 0.508904 0.551378
vt 0.459068 0.551387
vt 0.443607 0.581066
vt 0.429276 0.614782
vt 0.533474 0.551378
vt 0.543532 0.581582
vt 0.555274 0.614948
vt 0.571117 0.662886
vt 0.576319 0.707174
vt 0.573877 0.734080
vt 0.613652 0.614782
vt 0.599322 0.581066
vt 0.583327 0.551387
vt 0.397266 0.184786
vt 0.432957 0.185902
vt 0.395007 0.128767
vt 0.432958 0.129155
vt 0.470907 0.128767
vt 0.468649 0.184786
vt 0.443949 0.215583
vt 0.465211 0.215062
vt 0.432957 0.215353
vt 0.432957 0.249072
vt 0.448727 0.248712
vt 0.469403 0.248383
vt 0.504553 0.248774
vt 0.509420 0.211054
vt 0.513387 0.173531
vt 0.497905 0.127655
vt 0.496762 0.101853
vt 0.501348 0.078548
vt 0.507211 0.042727
vt 0.528905 0.059157
vt 0.549576 0.015903
vt 0.508779 0.007542
vt 0.478148 0.005041
vt 0.477355 0.033953
vt 0.432958 0.031503
vt 0.449050 0.004835
vt 0.432957 0.005201
vt 0.416865 0.004835
vt 0.387767 0.005041
vt 0.388560 0.033953
vt 0.358704 0.042727
vt 0.357136 0.007542
vt 0.316338 0.015903
vt 0.337010 0.059157
vt 0.364567 0.078548
vt 0.361362 0.248774
vt 0.356495 0.211054
vt 0.315998 0.232481
vt 0.329841 0.201064
vt 0.306791 0.131236
vt 0.316786 0.130839
vt 0.309373 0.090591
vt 0.320292 0.098759
vt 0.349748 0.084430
vt 0.369153 0.101853
vt 0.368010 0.127655
vt 0.352527 0.173531
vt 0.400704 0.215062
vt 0.396512 0.248383
vt 0.417188 0.248712
vt 0.421966 0.215583
vt 0.342187 0.101661
vt 0.337130 0.129245
vt 0.338192 0.164086
vt 0.427040 0.861888
vt 0.450567 0.869767
vt 0.428411 0.882546
vt 0.438768 0.894574
vt 0.454819 0.896532
vt 0.470699 0.885269
vt 0.336765 0.829158
vt 0.360579 0.831669
vt 0.383592 0.845404
vt 0.407459 0.855767
vt 0.441537 0.844600
vt 0.466496 0.847523
vt 0.396001 0.813712
vt 0.374463 0.794076
vt 0.352135 0.752155
vt 0.392096 0.768607
vt 0.383540 0.752147
vt 0.549917 0.232481
vt 0.536073 0.201064
vt 0.559123 0.131238
vt 0.549129 0.130839
vt 0.556542 0.090591
vt 0.545623 0.098759
vt 0.516166 0.084430
vt 0.523727 0.101661
vt 0.528785 0.129245
vt 0.527722 0.164086
vt 0.694213 0.305741
vt 0.693774 0.315006
vt 0.699407 0.326913
vt 0.693958 0.334518
vt 0.716066 0.355774
vt 0.720858 0.326647
vt 0.715643 0.332977
vt 0.715890 0.312639
vt 0.715296 0.305663
vt 0.710984 0.327394
vt 0.714969 0.333076
vt 0.709114 0.347346
vt 0.713242 0.357848
vt 0.691745 0.360136
vt 0.698928 0.347497
vt 0.714930 0.300360
vt 0.695788 0.299452
vt 0.714362 0.280354
vt 0.694714 0.277165
vt 0.692432 0.255065
vt 0.713645 0.254905
vt 0.721987 0.344098
vt 0.735280 0.341735
vt 0.734048 0.324387
vt 0.734728 0.306562
vt 0.734948 0.301220
vt 0.730422 0.283149
vt 0.732428 0.250319
vt 0.741269 0.354237
vt 0.744157 0.332259
vt 0.745775 0.311576
vt 0.746233 0.305811
vt 0.744508 0.298664
vt 0.746092 0.295200
vt 0.739679 0.278293
vt 0.754811 0.297784
vt 0.746817 0.279046
vt 0.771556 0.298015
vt 0.763342 0.283596
vt 0.777745 0.284767
vt 0.776247 0.270936
vt 0.756003 0.260323
vt 0.743330 0.254246
vt 0.666041 0.256950
vt 0.669750 0.278888
vt 0.672984 0.299669
vt 0.670040 0.304531
vt 0.676637 0.325686
vt 0.670343 0.312740
vt 0.671330 0.330276
vt 0.673595 0.346578
vt 0.668584 0.358711
vt 0.686666 0.346181
vt 0.691014 0.360013
vt 0.692940 0.334226
vt 0.687828 0.326515
vt 0.648570 0.280746
vt 0.649571 0.300755
vt 0.649805 0.305606
vt 0.651613 0.323850
vt 0.663682 0.323620
vt 0.663046 0.339263
vt 0.652656 0.339747
vt 0.643625 0.354580
vt 0.633747 0.330965
vt 0.629061 0.308550
vt 0.627913 0.303678
vt 0.623549 0.280950
vt 0.625164 0.256633
vt 0.649853 0.255861
vt 0.671022 0.330410
vt 0.668937 0.350412
vt 0.732427 0.461178
vt 0.720475 0.440297
vt 0.731200 0.438038
vt 0.730291 0.416763
vt 0.717516 0.417960
vt 0.695141 0.442769
vt 0.709083 0.463402
vt 0.695133 0.463693
vt 0.713998 0.468306
vt 0.694731 0.470680
vt 0.711243 0.483836
vt 0.691225 0.489081
vt 0.693510 0.504262
vt 0.710499 0.507195
vt 0.745577 0.509526
vt 0.734072 0.484157
vt 0.733806 0.467992
vt 0.711054 0.455607
vt 0.713451 0.443367
vt 0.712253 0.409415
vt 0.736050 0.406929
vt 0.735170 0.437821
vt 0.734490 0.451455
vt 0.681092 0.421332
vt 0.694670 0.424720
vt 0.682385 0.445062
vt 0.683258 0.462625
vt 0.682858 0.471639
vt 0.683740 0.478395
vt 0.687230 0.492153
vt 0.682082 0.482808
vt 0.679968 0.492822
vt 0.676913 0.481674
vt 0.665078 0.490353
vt 0.653684 0.480060
vt 0.651507 0.496032
vt 0.661489 0.500465
vt 0.649331 0.512005
vt 0.657902 0.510575
vt 0.660300 0.529416
vt 0.674115 0.515183
vt 0.677723 0.536414
vt 0.687922 0.516616
vt 0.690953 0.539764
vt 0.692466 0.518015
vt 0.709831 0.520871
vt 0.687576 0.504385
vt 0.677042 0.504003
vt 0.706138 0.422842
vt 0.710518 0.408332
vt 0.712690 0.443541
vt 0.705942 0.442168
vt 0.741775 0.439092
vt 0.736970 0.437741
vt 0.740187 0.416549
vt 0.737597 0.405134
vt 0.755667 0.415540
vt 0.757970 0.404775
vt 0.758157 0.436342
vt 0.756025 0.435436
vt 0.759253 0.449755
vt 0.758458 0.460223
vt 0.757309 0.467335
vt 0.756384 0.484143
vt 0.776083 0.485044
vt 0.779434 0.509218
vt 0.788093 0.492091
vt 0.780377 0.467272
vt 0.779974 0.459174
vt 0.789288 0.475789
vt 0.790102 0.461652
vt 0.788562 0.436406
vt 0.778762 0.439586
vt 0.776108 0.423009
vt 0.780838 0.411991
vt 0.762947 0.409108
vt 0.764512 0.423751
vt 0.760637 0.437799
vt 0.764728 0.440708
vt 0.918092 0.049672
vt 0.914051 0.024955
vt 0.919282 0.016641
vt 0.895631 0.014222
vt 0.901356 0.023789
vt 0.911110 0.046684
vt 0.899232 0.067001
vt 0.900451 0.044487
vt 0.896660 0.045638
vt 0.897181 0.057542
vt 0.889940 0.045513
vt 0.873358 0.066071
vt 0.875777 0.041957
vt 0.872569 0.055887
vt 0.873657 0.042838
vt 0.891518 0.023581
vt 0.876132 0.022600
vt 0.894715 0.044199
vt 0.894093 0.012475
vt 0.873843 0.012126
vt 0.921405 0.061884
vt 0.922433 0.069165
vt 0.921303 0.073935
vt 0.899112 0.073628
vt 0.897597 0.089357
vt 0.875420 0.089342
vt 0.886162 0.114037
vt 0.855842 0.090218
vt 0.852511 0.113737
vt 0.874501 0.072990
vt 0.851572 0.072928
vt 0.843905 0.097076
vt 0.842717 0.081215
vt 0.851973 0.065051
vt 0.867128 0.047084
vt 0.871192 0.044256
vt 0.841908 0.067461
vt 0.843438 0.042900
vt 0.853179 0.045994
vt 0.855817 0.029865
vt 0.867342 0.030586
vt 0.868896 0.016342
vt 0.851115 0.019146
vt 0.921026 0.111769
vt 0.920286 0.089045
vt 0.936297 0.069447
vt 0.936697 0.076245
vt 0.948101 0.068407
vt 0.936289 0.049090
vt 0.948969 0.051321
vt 0.936759 0.031530
vt 0.950253 0.028234
vt 0.925361 0.029704
vt 0.921006 0.015587
vt 0.918848 0.049841
vt 0.925554 0.048505
vt 0.948499 0.077178
vt 0.940182 0.094147
vt 0.937911 0.108916
vt 0.920938 0.125074
vt 0.938949 0.122296
vt 0.943466 0.120936
vt 0.940452 0.143456
vt 0.953603 0.140195
vt 0.970918 0.133388
vt 0.957187 0.119541
vt 0.943808 0.109036
vt 0.947621 0.083750
vt 0.944153 0.097135
vt 0.954279 0.108664
vt 0.973303 0.115058
vt 0.981822 0.116449
vt 0.949270 0.088043
vt 0.951371 0.097787
vt 0.966171 0.095384
vt 0.969737 0.105221
vt 0.979659 0.100910
vt 0.954407 0.086940
vt 0.977496 0.085370
vt 0.407290 0.351360
vt 0.379591 0.369345
vt 0.400908 0.374221
vt 0.399329 0.379104
vt 0.378923 0.374285
vt 0.375490 0.392782
vt 0.358860 0.371422
vt 0.363485 0.391495
vt 0.362720 0.407544
vt 0.373028 0.408945
vt 0.380699 0.424899
vt 0.392655 0.401613
vt 0.355852 0.418433
vt 0.334667 0.370553
vt 0.350394 0.392479
vt 0.357469 0.381854
vt 0.355809 0.397648
vt 0.356360 0.366193
vt 0.382380 0.348972
vt 0.361442 0.345227
vt 0.333660 0.363985
vt 0.314507 0.363247
vt 0.313668 0.368634
vt 0.294483 0.362381
vt 0.294226 0.367861
vt 0.336724 0.341289
vt 0.316863 0.342839
vt 0.300610 0.344296
vt 0.301552 0.310553
vt 0.319856 0.316879
vt 0.340975 0.318891
vt 0.367102 0.323117
vt 0.383328 0.323415
vt 0.407857 0.326355
vt 0.256046 0.327816
vt 0.253315 0.341828
vt 0.267772 0.341885
vt 0.258297 0.355912
vt 0.284643 0.338673
vt 0.275001 0.357137
vt 0.291822 0.338525
vt 0.283920 0.355254
vt 0.285188 0.358935
vt 0.282829 0.366093
vt 0.282770 0.372025
vt 0.293307 0.386149
vt 0.282531 0.393315
vt 0.283443 0.416042
vt 0.277166 0.318728
vt 0.290337 0.313619
vt 0.308416 0.419809
vt 0.290528 0.403780
vt 0.306247 0.389608
vt 0.303560 0.407354
vt 0.310876 0.396536
vt 0.312615 0.375731
vt 0.316018 0.391232
vt 0.311539 0.396695
vt 0.316097 0.411797
vt 0.311042 0.422175
vt 0.332258 0.426390
vt 0.327596 0.391750
vt 0.326231 0.412837
vt 0.332344 0.400000
vt 0.334273 0.380066
vt 0.339168 0.392352
vt 0.332774 0.400226
vt 0.338567 0.412561
vt 0.332996 0.426326
vt 0.355461 0.426948
vt 0.351554 0.414106
vt 0.355040 0.397614
vt 0.903048 0.869513
vt 0.903048 0.833131
vt 0.874919 0.869510
vt 0.874919 0.833126
vt 0.903049 0.902580
vt 0.874919 0.902576
vt 0.847422 0.902571
vt 0.847421 0.869499
vt 0.847421 0.833101
vt 0.818491 0.933308
vt 0.847421 0.933301
vt 0.818491 0.902578
vt 0.818491 0.869508
vt 0.818491 0.833121
vt 0.818491 0.802124
vt 0.847327 0.801990
vt 0.874919 0.802113
vt 0.903048 0.802110
vt 0.935493 0.802110
vt 0.935495 0.833138
vt 0.935495 0.869517
vt 0.935495 0.902583
vt 0.935497 0.933369
vt 0.903049 0.933372
vt 0.874918 0.933330
vt 0.962242 0.802110
vt 0.962242 0.833141
vt 0.962242 0.869525
vt 0.962240 0.902592
vt 0.962242 0.933374
vt 0.949130 0.706615
vt 0.949130 0.676958
vt 0.926677 0.706588
vt 0.926677 0.676939
vt 0.949130 0.645050
vt 0.926677 0.645035
vt 0.949130 0.609933
vt 0.926677 0.609930
vt 0.949130 0.580023
vt 0.926677 0.580023
vt 0.796049 0.933337
vt 0.796049 0.902596
vt 0.796049 0.869524
vt 0.796049 0.833126
vt 0.796049 0.802124
vt 0.897725 0.706581
vt 0.897723 0.676932
vt 0.870167 0.706608
vt 0.870167 0.676939
vt 0.841976 0.706649
vt 0.841976 0.676941
vt 0.809459 0.706647
vt 0.809459 0.676946
vt 0.782655 0.676954
vt 0.782655 0.706650
vt 0.897723 0.645024
vt 0.870167 0.645037
vt 0.841976 0.645040
vt 0.809459 0.645043
vt 0.782655 0.645051
vt 0.782655 0.580009
vt 0.782655 0.609948
vt 0.809461 0.580009
vt 0.809459 0.609944
vt 0.841978 0.609938
vt 0.841978 0.580009
vt 0.870167 0.609934
vt 0.870165 0.580013
vt 0.897723 0.609911
vt 0.897817 0.579893
vt 0.202536 0.374471
vt 0.174992 0.339694
vt 0.203437 0.339661
vt 0.737040 0.639942
vt 0.729413 0.601246
vt 0.737040 0.597727
vt 0.715925 0.624052
vt 0.358909 0.617637
vt 0.366534 0.578941
vt 0.380023 0.601747
vt 0.358907 0.575422
vt 0.242895 0.373747
vt 0.227099 0.387186
vt 0.245631 0.433565
vt 0.218938 0.431887
vt 0.248724 0.404362
vt 0.220116 0.401946
vt 0.243960 0.387494
vt 0.060385 0.368808
vt 0.103952 0.339661
vt 0.079246 0.387186
vt 0.103807 0.374471
vt 0.086227 0.401946
vt 0.117428 0.395879
vt 0.087407 0.431887
vt 0.117984 0.429483
vt 0.153172 0.428189
vt 0.153172 0.391425
vt 0.153172 0.366459
vt 0.188917 0.395879
vt 0.188359 0.429483
vt 0.062383 0.387494
vt 0.057619 0.404362
vt 0.060712 0.433565
vt 0.153695 0.339608
vt 0.132395 0.339694
vt 0.442432 0.358945
vt 0.446490 0.335944
vt 0.461725 0.357728
vt 0.465350 0.333616
vt 0.458058 0.319016
vt 0.469614 0.320710
vt 0.482995 0.295298
vt 0.483066 0.308254
vt 0.508922 0.287555
vt 0.507839 0.300240
vt 0.486239 0.326830
vt 0.508962 0.321557
vt 0.508963 0.355892
vt 0.486246 0.357064
vt 0.599962 0.358945
vt 0.580668 0.357728
vt 0.595904 0.335944
vt 0.577046 0.333616
vt 0.584335 0.319016
vt 0.572779 0.320710
vt 0.559359 0.295298
vt 0.559346 0.308254
vt 0.533466 0.287555
vt 0.534564 0.300240
vt 0.556194 0.326830
vt 0.533454 0.321557
vt 0.533454 0.355892
vt 0.556194 0.357064
vt 0.019818 0.003434
vt 0.019814 0.035409
vt 0.040401 0.035409
vt 0.019814 0.081579
vt 0.040410 0.081579
vt 0.097143 0.035409
vt 0.097184 0.081579
vt 0.158437 0.035409
vt 0.158440 0.081579
vt 0.214293 0.081579
vt 0.214326 0.035409
vt 0.263769 0.081579
vt 0.263780 0.035409
vt 0.282297 0.081550
vt 0.282293 0.035409
vt 0.282293 0.003462
vt 0.263778 0.003462
vt 0.214362 0.003464
vt 0.158450 0.003447
vt 0.097143 0.003429
vt 0.040401 0.003462
vt 0.248727 0.923999
vt 0.247972 0.973493
vt 0.203481 0.923527
vt 0.204635 0.968438
vt 0.153952 0.966362
vt 0.153952 0.922979
vt 0.104421 0.923527
vt 0.103267 0.968438
vt 0.059930 0.973493
vt 0.059175 0.923999
vt 0.626210 0.059387
vt 0.667107 0.058276
vt 0.625206 0.101454
vt 0.667107 0.103034
vt 0.625675 0.143483
vt 0.667107 0.144944
vt 0.708541 0.143483
vt 0.709010 0.101454
vt 0.708006 0.059387
vt 0.949130 0.736435
vt 0.926677 0.736447
vt 0.818491 0.964258
vt 0.796049 0.964246
vt 0.897725 0.736476
vt 0.870169 0.736487
vt 0.841973 0.736478
vt 0.809456 0.736457
vt 0.782653 0.736439
vt 0.962244 0.964249
vt 0.935498 0.964268
vt 0.903053 0.964289
vt 0.874918 0.964299
vt 0.847421 0.964287
vt 0.838826 0.235266
vt 0.818547 0.235253
vt 0.838826 0.214229
vt 0.818554 0.214214
vt 0.838826 0.193359
vt 0.818567 0.193358
vt 0.856632 0.235278
vt 0.856632 0.214241
vt 0.884647 0.235286
vt 0.884647 0.214243
vt 0.916636 0.235288
vt 0.916636 0.214236
vt 0.942929 0.214236
vt 0.942929 0.235281
vt 0.970802 0.235271
vt 0.970802 0.214218
vt 0.970802 0.193359
vt 0.942927 0.193359
vt 0.916636 0.193359
vt 0.884644 0.193361
vt 0.856632 0.193361
vt 0.949527 0.434471
vt 0.970249 0.434400
vt 0.949527 0.413092
vt 0.970240 0.413090
vt 0.949525 0.386140
vt 0.970229 0.386129
vt 0.843188 0.434537
vt 0.843188 0.413092
vt 0.870043 0.434573
vt 0.870043 0.413092
vt 0.902715 0.413093
vt 0.902715 0.434568
vt 0.931328 0.413092
vt 0.931330 0.434526
vt 0.931330 0.386179
vt 0.902720 0.386186
vt 0.870043 0.386162
vt 0.843190 0.386148
vt 0.814719 0.386141
vt 0.814719 0.413090
vt 0.814719 0.434494
vt 0.818491 0.792311
vt 0.847422 0.792312
vt 0.818491 0.781686
vt 0.847422 0.781686
vt 0.874921 0.792314
vt 0.903048 0.792314
vt 0.818491 0.772333
vt 0.847422 0.772333
vt 0.874919 0.772333
vt 0.874919 0.781686
vt 0.903048 0.772333
vt 0.903048 0.781685
vt 0.935493 0.781685
vt 0.935493 0.792314
vt 0.962240 0.792314
vt 0.962240 0.781686
vt 0.962240 0.772333
vt 0.935493 0.772333
vt 0.897723 0.560306
vt 0.870167 0.560306
vt 0.870165 0.570558
vt 0.841976 0.570558
vt 0.809461 0.570558
vt 0.897723 0.570558
vt 0.926677 0.570557
vt 0.926677 0.560306
vt 0.782657 0.570558
vt 0.809461 0.560304
vt 0.841978 0.560304
vt 0.841978 0.551282
vt 0.870167 0.551282
vt 0.897723 0.551282
vt 0.926677 0.551282
vt 0.809461 0.551282
vt 0.782657 0.551282
vt 0.782655 0.560304
vt 0.949138 0.551282
vt 0.949130 0.560306
vt 0.949127 0.570592
vt 0.796040 0.772333
vt 0.796049 0.781686
vt 0.796052 0.792349
vt 0.828765 0.039899
vt 0.799407 0.018054
vt 0.796344 0.066127
vt 0.770479 0.029215
vt 0.761159 0.064948
vt 0.770776 0.098728
vt 0.792983 0.108200
vt 0.820851 0.099307
vt 0.831902 0.071546
vt 0.314976 0.486104
vt 0.311916 0.517785
vt 0.346628 0.512362
vt 0.322704 0.545578
vt 0.349909 0.554482
vt 0.371589 0.544999
vt 0.380978 0.511181
vt 0.371879 0.475408
vt 0.343639 0.464234
vt 0.508952 0.468425
vt 0.486217 0.429096
vt 0.508957 0.429132
vt 0.243868 0.647112
vt 0.276649 0.603496
vt 0.262535 0.614649
vt 0.276649 0.680155
vt 0.309430 0.647112
vt 0.290763 0.614649
vt 0.241345 0.539859
vt 0.210420 0.503855
vt 0.239647 0.504472
vt 0.186573 0.503467
vt 0.206132 0.536131
vt 0.203915 0.563425
vt 0.228923 0.564173
vt 0.202622 0.586973
vt 0.229262 0.587136
vt 0.200941 0.611203
vt 0.212071 0.614116
vt 0.180739 0.613685
vt 0.153172 0.613689
vt 0.178942 0.587510
vt 0.153172 0.588311
vt 0.181131 0.562389
vt 0.153172 0.562236
vt 0.153172 0.535042
vt 0.125212 0.562389
vt 0.122232 0.535707
vt 0.102428 0.563425
vt 0.100213 0.536131
vt 0.064998 0.539859
vt 0.095923 0.503855
vt 0.066696 0.504472
vt 0.184111 0.535707
vt 0.077420 0.564173
vt 0.103721 0.586973
vt 0.077081 0.587136
vt 0.105403 0.611203
vt 0.094273 0.614116
vt 0.125605 0.613685
vt 0.127403 0.587510
vt 0.119772 0.503467
vt 0.556197 0.429096
vt 0.533457 0.468425
vt 0.533455 0.429132
vt 0.607677 0.429072
vt 0.621842 0.469722
vt 0.584342 0.429071
vt 0.587056 0.468482
vt 0.556198 0.468262
vt 0.533460 0.496310
vt 0.556202 0.494935
vt 0.533465 0.528038
vt 0.556206 0.525843
vt 0.533470 0.542492
vt 0.556214 0.541870
vt 0.585146 0.539687
vt 0.597495 0.540811
vt 0.584709 0.523319
vt 0.614365 0.519699
vt 0.619875 0.491419
vt 0.586532 0.493442
vt 0.434716 0.429072
vt 0.458054 0.429071
vt 0.420553 0.469722
vt 0.455339 0.468482
vt 0.455863 0.493442
vt 0.486189 0.494935
vt 0.486151 0.525843
vt 0.508929 0.528038
vt 0.508916 0.542492
vt 0.521198 0.542266
vt 0.521198 0.528002
vt 0.422518 0.491419
vt 0.457686 0.523319
vt 0.428029 0.519699
vt 0.444943 0.540811
vt 0.457249 0.539687
vt 0.486091 0.541870
vt 0.486213 0.468262
vt 0.508945 0.496310
vt 0.153172 0.503637
vt 0.019827 0.255111
vt 0.019801 0.291699
vt 0.040429 0.255111
vt 0.040448 0.291693
vt 0.097392 0.291699
vt 0.019827 0.223249
vt 0.040427 0.223249
vt 0.097194 0.255111
vt 0.158455 0.255111
vt 0.158478 0.291699
vt 0.214261 0.291693
vt 0.282297 0.174397
vt 0.263756 0.174399
vt 0.282297 0.223249
vt 0.263752 0.223249
vt 0.282297 0.255044
vt 0.263748 0.255111
vt 0.282293 0.291699
vt 0.263726 0.291693
vt 0.214392 0.255111
vt 0.158437 0.223249
vt 0.097164 0.223249
vt 0.040423 0.174399
vt 0.019814 0.174399
vt 0.214384 0.223249
vt 0.158440 0.174399
vt 0.097164 0.174399
vt 0.214388 0.174399
vt 0.508960 0.392037
vt 0.153172 0.467057
vt 0.214371 0.126784
vt 0.263763 0.126784
vt 0.282297 0.126778
vt 0.158440 0.126784
vt 0.097179 0.126784
vt 0.040416 0.126784
vt 0.019814 0.126784
vt 0.187573 0.467048
vt 0.214420 0.467053
vt 0.243189 0.467057
vt 0.118770 0.467048
vt 0.091923 0.467053
vt 0.063155 0.467057
vt 0.459424 0.391937
vt 0.486239 0.391995
vt 0.438112 0.391856
vt 0.533454 0.392037
vt 0.556194 0.391995
vt 0.582971 0.391937
vt 0.604282 0.391856
vt 0.802675 0.256060
vt 0.802675 0.276573
vt 0.802675 0.303764
vt 0.802675 0.329658
vt 0.986895 0.256060
vt 0.986895 0.276573
vt 0.986895 0.303764
vt 0.986895 0.329658
vt 0.986464 0.455647
vt 0.986464 0.476515
vt 0.986464 0.504177
vt 0.986465 0.530513
vt 0.798280 0.455647
vt 0.798280 0.476515
vt 0.798280 0.504177
vt 0.798280 0.530513
vt 0.285059 0.751200
vt 0.286698 0.799583
vt 0.319860 0.703255
vt 0.307870 0.756815
vt 0.286146 0.857447
vt 0.307155 0.825478
vt 0.020907 0.799583
vt 0.022547 0.751200
vt 0.735058 0.756815
vt 0.723069 0.703255
vt 0.021459 0.857447
vt 0.735773 0.825478
vt 0.056804 0.672421
vt 0.025480 0.705007
vt 0.097415 0.625977
vt 0.083235 0.648341
vt 0.250795 0.672421
vt 0.282125 0.705007
vt 0.375708 0.615276
vt 0.353651 0.658595
vt 0.213165 0.625977
vt 0.224370 0.648341
vt 0.402121 0.580638
vt 0.414964 0.551359
vt 0.627430 0.551359
vt 0.640808 0.580638
vt 0.667221 0.615276
vt 0.689278 0.658595
vt 0.778361 0.525124
vt 0.745366 0.521559
vt 0.986814 0.342443
vt 0.970802 0.342443
vt 0.916639 0.342468
vt 0.884644 0.342468
vt 0.650999 0.239624
vt 0.627649 0.241247
vt 0.712002 0.544182
vt 0.714494 0.240354
vt 0.732314 0.240836
vt 0.942931 0.342446
vt 0.802594 0.342443
vt 0.818542 0.342448
vt 0.838826 0.342460
vt 0.856631 0.342465
vt 0.691730 0.238008
vt 0.666137 0.238969
vt 0.886370 0.125744
vt 0.853576 0.129212
vt 0.814719 0.543528
vt 0.798388 0.543528
vt 0.902720 0.543552
vt 0.870041 0.543552
vt 0.406758 0.310405
vt 0.383640 0.306712
vt 0.918782 0.147755
vt 0.302512 0.300867
vt 0.320310 0.301925
vt 0.986493 0.543528
vt 0.970253 0.543533
vt 0.949527 0.543544
vt 0.843186 0.543531
vt 0.931332 0.543549
vt 0.368616 0.304723
vt 0.343201 0.301512
vt 0.761461 0.706591
vt 0.761461 0.676941
vt 0.761465 0.645031
vt 0.761469 0.609903
vt 0.761464 0.580001
vt 0.983387 0.802101
vt 0.983382 0.833095
vt 0.983387 0.869504
vt 0.983390 0.902580
vt 0.983390 0.933311
vt 0.763419 0.802101
vt 0.763416 0.833095
vt 0.763419 0.869504
vt 0.763424 0.902580
vt 0.763422 0.933311
vt 0.981830 0.580001
vt 0.981833 0.609903
vt 0.981830 0.645031
vt 0.981825 0.676941
vt 0.981825 0.706591
vt 0.508722 0.258319
vt 0.521198 0.285557
vt 0.521163 0.258249
vt 0.533604 0.258319
vt 0.459907 0.313346
vt 0.469477 0.296498
vt 0.441290 0.325695
vt 0.453218 0.319032
vt 0.420891 0.336765
vt 0.426070 0.327839
vt 0.470237 0.282323
vt 0.480527 0.267676
vt 0.223456 0.338796
vt 0.241648 0.357928
vt 0.274482 0.400224
vt 0.273337 0.409558
vt 0.264272 0.395859
vt 0.035108 0.433812
vt 0.033007 0.409558
vt 0.625039 0.359956
vt 0.621503 0.336765
vt 0.589176 0.319032
vt 0.601104 0.325695
vt 0.575951 0.296498
vt 0.585521 0.313413
vt 0.083932 0.338796
vt 0.086682 0.312351
vt 0.105521 0.298390
vt 0.042072 0.395859
vt 0.053386 0.386967
vt 0.616324 0.327839
vt 0.561799 0.267676
vt 0.572088 0.282323
vt 0.065741 0.357928
vt 0.031857 0.400224
vt 0.271238 0.433812
vt 0.417355 0.359956
vt 0.252959 0.386967
vt 0.201868 0.298390
vt 0.220706 0.312351
vt 0.175374 0.298614
vt 0.153695 0.298703
vt 0.132015 0.298614
vt 0.621664 0.197547
vt 0.584857 0.179151
vt 0.572254 0.141528
vt 0.626643 0.018715
vt 0.599329 0.035540
vt 0.577181 0.062673
vt 0.761962 0.141528
vt 0.749359 0.179151
vt 0.712550 0.197547
vt 0.757033 0.062673
vt 0.734887 0.035540
vt 0.707573 0.018715
vt 0.013578 0.976277
vt 0.020673 0.923820
vt 0.308690 0.983154
vt 0.311256 0.966488
vt 0.353141 0.983281
vt 0.390216 0.979364
vt 0.479349 0.976701
vt 0.443317 0.976098
vt 0.294027 0.976277
vt 0.286932 0.923820
vt 0.293572 0.986451
vt 0.248295 0.982982
vt 0.207313 0.980176
vt 0.153952 0.979439
vt 0.100590 0.980176
vt 0.571734 0.102078
vt 0.306984 0.904241
vt 0.059607 0.982982
vt 0.014033 0.986451
vt 0.734238 0.983154
vt 0.689787 0.983281
vt 0.731672 0.966488
vt 0.652712 0.979364
vt 0.563543 0.976701
vt 0.599135 0.976097
vt 0.667107 0.204117
vt 0.735945 0.904241
vt 0.762482 0.102078
vt 0.682808 0.015618
vt 0.667019 0.015630
vt 0.651413 0.015618
vt 0.503320 0.976086
vt 0.521343 0.976087
vt 0.539576 0.976086
vt 0.949130 0.759330
vt 0.981824 0.759329
vt 0.981822 0.736429
vt 0.761459 0.759329
vt 0.782653 0.759332
vt 0.761457 0.736429
vt 0.255948 0.376440
vt 0.274482 0.373348
vt 0.260076 0.380584
vt 0.274482 0.379152
vt 0.274482 0.395011
vt 0.267618 0.391954
vt 0.438539 0.321933
vt 0.425699 0.322855
vt 0.435997 0.305946
vt 0.454283 0.311862
vt 0.434268 0.311695
vt 0.449859 0.313747
vt 0.763427 0.964239
vt 0.763426 0.987975
vt 0.796049 0.987976
vt 0.962244 0.987978
vt 0.983393 0.964239
vt 0.983392 0.987975
vt 0.031846 0.379152
vt 0.031844 0.373348
vt 0.046268 0.380584
vt 0.050397 0.376440
vt 0.038726 0.391954
vt 0.031857 0.395011
vt 0.616694 0.322855
vt 0.603854 0.321933
vt 0.592535 0.313747
vt 0.588111 0.311862
vt 0.608125 0.311695
vt 0.606397 0.305946
vt 0.592357 0.316925
vt 0.809456 0.759337
vt 0.841971 0.759347
vt 0.046270 0.386811
vt 0.869818 0.759357
vt 0.897726 0.759364
vt 0.926677 0.759339
vt 0.450037 0.316925
vt 0.260075 0.386811
vt 0.818491 0.987985
vt 0.847419 0.988011
vt 0.875267 0.988004
vt 0.903053 0.987993
vt 0.935498 0.987981
vt 0.942927 0.178772
vt 0.916636 0.178772
vt 0.970803 0.178772
vt 0.970805 0.173671
vt 0.942927 0.173671
vt 0.916636 0.173671
vt 0.802677 0.193358
vt 0.818563 0.178772
vt 0.802677 0.178772
vt 0.818561 0.173671
vt 0.802677 0.173671
vt 0.838826 0.178772
vt 0.838826 0.173671
vt 0.986899 0.173671
vt 0.986899 0.178772
vt 0.986897 0.193358
vt 0.856634 0.178772
vt 0.856634 0.173671
vt 0.802675 0.235263
vt 0.802677 0.214214
vt 0.986897 0.235263
vt 0.986897 0.214214
vt 0.884786 0.178772
vt 0.884928 0.173670
vt 0.843190 0.366120
vt 0.843190 0.371296
vt 0.814715 0.366133
vt 0.814717 0.371277
vt 0.870043 0.371351
vt 0.870045 0.366116
vt 0.949525 0.371267
vt 0.931328 0.371416
vt 0.949525 0.366123
vt 0.931327 0.366113
vt 0.798276 0.366133
vt 0.798276 0.371258
vt 0.798276 0.386136
vt 0.970231 0.371230
vt 0.986464 0.386136
vt 0.986464 0.371258
vt 0.970234 0.366130
vt 0.986464 0.366133
vt 0.986464 0.434451
vt 0.986464 0.413090
vt 0.798278 0.434451
vt 0.798278 0.413090
vt 0.902574 0.371436
vt 0.902428 0.366107
vt 0.763327 0.772333
vt 0.763490 0.781641
vt 0.763424 0.792316
vt 0.981921 0.551282
vt 0.981759 0.560262
vt 0.981825 0.570562
vt 0.761459 0.570562
vt 0.761399 0.560262
vt 0.761550 0.551282
vt 0.983302 0.772333
vt 0.983451 0.781641
vt 0.983392 0.792316
vt 0.266782 0.505634
vt 0.264554 0.539297
vt 0.402310 0.460822
vt 0.409037 0.429028
vt 0.237645 0.565476
vt 0.243131 0.553119
vt 0.411653 0.509836
vt 0.401119 0.512378
vt 0.403507 0.522026
vt 0.242281 0.592318
vt 0.242281 0.582228
vt 0.242016 0.578673
vt 0.396492 0.472627
vt 0.402559 0.474075
vt 0.264553 0.551643
vt 0.041808 0.539297
vt 0.039573 0.505634
vt 0.633357 0.429028
vt 0.640084 0.460822
vt 0.063212 0.553119
vt 0.068698 0.565476
vt 0.638887 0.522026
vt 0.641275 0.512378
vt 0.630741 0.509836
vt 0.064327 0.578673
vt 0.064096 0.582228
vt 0.064097 0.592318
vt 0.639835 0.474075
vt 0.645902 0.472627
vt 0.041816 0.551643
vt 0.629678 0.490641
vt 0.411469 0.540635
vt 0.076386 0.615760
vt 0.229989 0.615760
vt 0.412716 0.490641
vt 0.630924 0.540635
vt 0.629548 0.391798
vt 0.267896 0.467113
vt 0.412845 0.391798
vt 0.038455 0.467113
vt 0.297372 0.081515
vt 0.297355 0.035409
vt 0.297364 0.003467
vt 0.008249 0.003467
vt 0.008249 0.035409
vt 0.008249 0.081579
vt 0.523455 0.354340
vt 0.523455 0.319882
vt 0.521198 0.300127
vt 0.521198 0.429130
vt 0.297357 0.255111
vt 0.297361 0.291770
vt 0.008275 0.291710
vt 0.008249 0.255111
vt 0.297385 0.174412
vt 0.297387 0.223197
vt 0.008249 0.174399
vt 0.008249 0.223249
vt 0.521198 0.468343
vt 0.521198 0.496196
vt 0.523455 0.391305
vt 0.297381 0.126828
vt 0.008249 0.126784
s 1
usemtl Material.004
f 1/1/1 2/2/2 3/3/3
f 2/2/2 4/4/4 3/3/3
f 3/3/3 4/4/4 5/5/5
f 4/4/4 6/6/6 5/5/5
f 5/5/5 6/6/6 7/7/7
f 6/6/6 8/8/8 7/7/7
f 8/8/8 6/6/6 9/9/9
f 6/6/6 10/10/10 9/9/9
f 9/9/9 10/10/10 11/11/11
f 10/10/10 12/12/12 11/11/11
f 12/12/12 13/13/13 11/11/11
f 11/11/11 13/13/13 14/14/14
f 13/13/13 15/15/15 14/14/14
f 14/14/14 15/15/15 16/16/16
f 15/15/15 17/17/17 16/16/16
f 16/16/16 17/17/17 18/18/18
f 10/10/10 19/19/19 12/12/12
f 19/19/19 20/20/20 12/12/12
f 20/20/20 21/21/21 12/12/12
f 12/12/12 21/21/21 13/13/13
f 21/21/21 22/22/22 13/13/13
f 13/13/13 22/22/22 15/15/15
f 15/15/15 22/22/22 17/17/17
f 22/22/22 23/23/23 17/17/17
f 6/6/6 4/4/4 10/10/10
f 10/10/10 4/4/4 19/19/19
f 4/4/4 2/2/2 19/19/19
f 2/2/2 24/24/24 19/19/19
f 19/19/19 24/24/24 20/20/20
f 24/24/24 25/25/25 20/20/20
f 20/20/20 25/25/25 21/21/21
f 25/25/25 26/26/26 21/21/21
f 26/26/26 27/27/27 21/21/21
f 21/21/21 27/27/27 22/22/22
f 22/22/22 27/27/27 23/23/23
f 27/27/27 28/28/28 23/23/23
f 29/29/29 30/30/30 31/31/31
f 31/31/31 30/30/30 32/32/32
f 30/30/30 33/33/33 32/32/32
f 32/32/32 33/33/33 34/34/34
f 33/33/33 35/35/35 34/34/34
f 34/34/34 35/35/35 36/36/36
f 37/37/37 38/38/38 39/39/39
f 38/38/38 40/40/40 39/39/39
f 39/39/39 40/40/40 41/41/41
f 40/40/40 42/42/42 41/41/41
f 41/41/41 42/42/42 43/43/43
f 42/42/42 44/44/44 43/43/43
f 44/44/44 45/45/45 43/43/43
f 43/43/43 45/45/45 46/46/46
f 45/45/45 34/34/34 46/46/46
f 46/46/46 34/34/34 36/36/36
f 45/45/45 44/44/44 47/47/47
f 47/47/47 44/44/44 48/48/48
f 48/48/48 44/44/44 49/49/49
f 44/44/44 42/42/42 49/49/49
f 49/49/49 42/42/42 50/50/50
f 42/42/42 40/40/40 50/50/50
f 40/40/40 38/38/38 50/50/50
f 50/50/50 38/38/38 51/51/51
f 34/34/34 45/45/45 32/32/32
f 45/45/45 47/47/47 32/32/32
f 32/32/32 47/47/47 31/31/31
f 31/31/31 47/47/47 52/52/52
f 47/47/47 48/48/48 52/52/52
f 52/52/52 48/48/48 53/53/53
f 48/48/48 49/49/49 53/53/53
f 53/53/53 49/49/49 54/54/54
f 54/54/54 49/49/49 55/55/55
f 49/49/49 50/50/50 55/55/55
f 50/50/50 51/51/51 55/55/55
f 55/55/55 51/51/51 56/56/56
f 57/57/57 58/58/58 59/59/59
f 58/58/58 57/57/57 60/60/60
f 61/61/61 58/58/58 60/60/60
f 58/58/58 61/61/61 62/62/62
f 63/63/63 64/64/64 65/65/65
f 64/64/64 66/66/66 65/65/65
f 65/65/65 66/66/66 67/67/67
f 63/63/63 68/68/68 64/64/64
f 68/68/68 69/69/69 64/64/64
f 64/64/64 69/69/69 70/70/70
f 69/69/69 71/71/71 70/70/70
f 70/70/70 71/71/71 72/72/72
f 71/71/71 73/73/73 72/72/72
f 72/72/72 73/73/73 74/74/74
f 73/73/73 75/75/75 74/74/74
f 74/74/74 75/75/75 76/76/76
f 76/76/76 75/75/75 77/77/77
f 75/75/75 78/78/78 77/77/77
f 77/77/77 78/78/78 79/79/79
f 78/78/78 80/80/80 79/79/79
f 79/79/79 80/80/80 81/81/81
f 80/80/80 82/82/82 81/81/81
f 81/81/81 82/82/82 83/83/83
f 83/83/83 82/82/82 84/84/84
f 82/82/82 85/85/85 84/84/84
f 85/85/85 86/86/86 84/84/84
f 86/86/86 87/87/87 84/84/84
f 84/84/84 87/87/87 83/83/83
f 87/87/87 88/88/88 83/83/83
f 83/83/83 88/88/88 89/89/89
f 88/88/88 90/90/90 89/89/89
f 85/85/85 82/82/82 91/91/91
f 82/82/82 80/80/80 91/91/91
f 91/91/91 80/80/80 92/92/92
f 92/92/92 80/80/80 93/93/93
f 80/80/80 78/78/78 93/93/93
f 78/78/78 75/75/75 93/93/93
f 93/93/93 75/75/75 94/94/94
f 94/94/94 75/75/75 95/95/95
f 75/75/75 73/73/73 95/95/95
f 73/73/73 71/71/71 95/95/95
f 95/95/95 71/71/71 96/96/96
f 96/96/96 71/71/71 97/97/97
f 71/71/71 69/69/69 97/97/97
f 97/97/97 69/69/69 98/98/98
f 69/69/69 68/68/68 98/98/98
f 98/98/98 68/68/68 99/99/99
f 68/68/68 63/63/63 99/99/99
f 100/100/100 101/101/101 102/102/102
f 101/101/101 103/103/103 102/102/102
f 103/103/103 104/104/104 102/102/102
f 102/102/102 104/104/104 105/105/105
f 106/106/106 107/107/107 108/108/108
f 107/107/107 109/109/109 108/108/108
f 108/108/108 109/109/109 110/110/110
f 109/109/109 111/111/111 110/110/110
f 110/110/110 111/111/111 112/112/112
f 111/111/111 113/113/113 112/112/112
f 112/112/112 113/113/113 114/114/114
f 113/113/113 104/104/104 114/114/114
f 104/104/104 103/103/103 114/114/114
f 103/103/103 115/115/115 114/114/114
f 114/114/114 115/115/115 112/112/112
f 115/115/115 116/116/116 112/112/112
f 116/116/116 117/117/117 112/112/112
f 112/112/112 117/117/117 110/110/110
f 117/117/117 118/118/118 110/110/110
f 110/110/110 118/118/118 108/108/108
f 118/118/118 119/119/119 108/108/108
f 108/108/108 119/119/119 106/106/106
f 120/120/120 121/121/121 122/122/122
f 121/121/121 123/123/123 122/122/122
f 122/122/122 123/123/123 124/124/124
f 123/123/123 125/125/125 124/124/124
f 124/124/124 125/125/125 101/101/101
f 101/101/101 125/125/125 103/103/103
f 103/103/103 125/125/125 115/115/115
f 125/125/125 123/123/123 115/115/115
f 115/115/115 123/123/123 116/116/116
f 116/116/116 123/123/123 117/117/117
f 123/123/123 121/121/121 117/117/117
f 117/117/117 121/121/121 118/118/118
f 118/118/118 121/121/121 126/126/126
f 121/121/121 120/120/120 126/126/126
f 120/120/120 127/127/127 126/126/126
f 127/127/127 128/128/128 126/126/126
f 128/128/128 129/129/129 126/126/126
f 126/126/126 129/129/129 118/118/118
f 129/129/129 130/130/130 118/118/118
f 130/130/130 119/119/119 118/118/118
f 131/131/131 132/132/132 133/133/133
f 132/132/132 134/134/134 133/133/133
f 133/133/133 134/134/134 135/135/135
f 136/136/136 137/137/137 134/134/134
f 134/134/134 137/137/137 135/135/135
f 137/137/137 138/138/138 135/135/135
f 138/138/138 139/139/139 135/135/135
f 135/135/135 139/139/139 133/133/133
f 139/139/139 140/140/140 133/133/133
f 140/140/140 141/141/141 133/133/133
f 133/133/133 141/141/141 142/142/142
f 141/141/141 143/143/143 142/142/142
f 142/142/142 143/143/143 144/144/144
f 143/143/143 145/145/145 144/144/144
f 144/144/144 145/145/145 146/146/146
f 145/145/145 147/147/147 146/146/146
f 146/146/146 147/147/147 148/148/148
f 147/147/147 149/149/149 148/148/148
f 149/149/149 150/150/150 148/148/148
f 150/150/150 151/151/151 148/148/148
f 148/148/148 151/151/151 146/146/146
f 151/151/151 152/152/152 146/146/146
f 152/152/152 153/153/153 146/146/146
f 146/146/146 153/153/153 144/144/144
f 144/144/144 153/153/153 142/142/142
f 153/153/153 131/131/131 142/142/142
f 142/142/142 131/131/131 133/133/133
f 90/90/90 155/154/154 154/155/155
f 154/155/155 155/154/154 140/140/140
f 140/140/140 155/154/154 141/141/141
f 155/154/154 156/156/156 141/141/141
f 141/141/141 156/156/156 143/143/143
f 156/156/156 157/157/157 143/143/143
f 143/143/143 157/157/157 145/145/145
f 157/157/157 158/158/158 145/145/145
f 145/145/145 158/158/158 147/147/147
f 158/158/158 159/159/159 147/147/147
f 147/147/147 159/159/159 160/160/160
f 160/160/160 159/159/159 161/161/161
f 159/159/159 158/158/158 161/161/161
f 161/161/161 158/158/158 162/162/162
f 158/158/158 157/157/157 162/162/162
f 162/162/162 157/157/157 86/86/86
f 157/157/157 156/156/156 86/86/86
f 86/86/86 156/156/156 87/87/87
f 156/156/156 155/154/154 87/87/87
f 87/87/87 155/154/154 88/88/88
f 155/154/154 90/90/90 88/88/88
f 161/161/161 162/162/162 163/163/163
f 162/162/162 86/86/86 163/163/163
f 163/163/163 86/86/86 164/164/164
f 86/86/86 85/85/85 164/164/164
f 85/85/85 91/91/91 164/164/164
f 164/164/164 91/91/91 165/165/165
f 91/91/91 92/92/92 165/165/165
f 165/165/165 92/92/92 166/166/166
f 92/92/92 160/160/160 166/166/166
f 160/160/160 161/161/161 166/166/166
f 166/166/166 161/161/161 165/165/165
f 165/165/165 161/161/161 164/164/164
f 161/161/161 163/163/163 164/164/164
f 167/167/167 168/168/168 169/169/169
f 168/168/168 149/149/149 169/169/169
f 169/169/169 149/149/149 170/170/170
f 149/149/149 147/147/147 170/170/170
f 147/147/147 160/160/160 170/170/170
f 160/160/160 92/92/92 170/170/170
f 170/170/170 92/92/92 169/169/169
f 92/92/92 93/93/93 169/169/169
f 93/93/93 94/94/94 169/169/169
f 169/169/169 94/94/94 167/167/167
f 94/94/94 171/171/171 167/167/167
f 167/167/167 171/171/171 168/168/168
f 168/168/168 171/171/171 172/172/172
f 171/171/171 173/173/173 172/172/172
f 172/172/172 173/173/173 174/174/174
f 174/174/174 173/173/173 175/175/175
f 175/175/175 173/173/173 96/96/96
f 173/173/173 171/171/171 96/96/96
f 96/96/96 171/171/171 95/95/95
f 171/171/171 94/94/94 95/95/95
f 150/150/150 149/149/149 176/176/176
f 149/149/149 168/168/168 176/176/176
f 168/168/168 172/172/172 176/176/176
f 176/176/176 172/172/172 177/177/177
f 177/177/177 172/172/172 178/178/178
f 172/172/172 174/174/174 178/178/178
f 178/178/178 174/174/174 179/179/179
f 174/174/174 180/180/180 179/179/179
f 180/180/180 181/181/181 179/179/179
f 181/181/181 182/182/182 179/179/179
f 182/182/182 183/183/183 179/179/179
f 183/183/183 184/184/184 179/179/179
f 179/179/179 184/184/184 178/178/178
f 178/178/178 184/184/184 177/177/177
f 184/184/184 185/185/185 177/177/177
f 177/177/177 185/185/185 176/176/176
f 185/185/185 186/186/186 176/176/176
f 186/186/186 187/187/187 176/176/176
f 176/176/176 187/187/187 150/150/150
f 187/187/187 151/151/151 150/150/150
f 188/188/188 136/136/136 189/189/189
f 136/136/136 134/134/134 189/189/189
f 189/189/189 134/134/134 190/190/190
f 134/134/134 132/132/132 190/190/190
f 190/190/190 132/132/132 191/191/191
f 132/132/132 131/131/131 191/191/191
f 191/191/191 131/131/131 192/192/192
f 192/192/192 131/131/131 193/193/193
f 131/131/131 153/153/153 193/193/193
f 153/153/153 152/152/152 193/193/193
f 193/193/193 152/152/152 194/194/194
f 194/194/194 152/152/152 195/195/195
f 152/152/152 151/151/151 195/195/195
f 151/151/151 187/187/187 195/195/195
f 195/195/195 187/187/187 196/196/196
f 187/187/187 186/186/186 196/196/196
f 196/196/196 186/186/186 197/197/197
f 197/197/197 186/186/186 198/198/198
f 186/186/186 185/185/185 198/198/198
f 198/198/198 185/185/185 199/199/199
f 185/185/185 184/184/184 199/199/199
f 184/184/184 183/183/183 199/199/199
f 199/199/199 183/183/183 200/200/200
f 183/183/183 201/201/201 200/200/200
f 198/198/198 202/202/202 197/197/197
f 197/197/197 202/202/202 196/196/196
f 202/202/202 203/203/203 196/196/196
f 203/203/203 204/204/204 196/196/196
f 196/196/196 204/204/204 195/195/195
f 195/195/195 204/204/204 194/194/194
f 204/204/204 205/205/205 194/194/194
f 194/194/194 205/205/205 193/193/193
f 205/205/205 206/206/206 193/193/193
f 193/193/193 206/206/206 192/192/192
f 206/206/206 207/207/207 192/192/192
f 192/192/192 207/207/207 191/191/191
f 207/207/207 208/208/208 191/191/191
f 191/191/191 208/208/208 190/190/190
f 208/208/208 209/209/209 190/190/190
f 209/209/209 210/210/210 190/190/190
f 190/190/190 210/210/210 189/189/189
f 210/210/210 211/211/211 189/189/189
f 189/189/189 211/211/211 188/188/188
f 211/211/211 212/212/212 188/188/188
f 188/188/188 212/212/212 213/213/213
f 213/213/213 212/212/212 214/214/214
f 212/212/212 215/215/215 214/214/214
f 215/215/215 216/216/216 214/214/214
f 202/202/202 198/198/198 217/217/217
f 217/217/217 198/198/198 218/218/218
f 198/198/198 199/199/199 218/218/218
f 199/199/199 200/200/200 218/218/218
f 218/218/218 200/200/200 219/219/219
f 200/200/200 201/201/201 219/219/219
f 219/219/219 201/201/201 220/220/220
f 201/201/201 221/221/221 220/220/220
f 220/220/220 221/221/221 222/222/222
f 221/221/221 223/223/223 222/222/222
f 222/222/222 223/223/223 224/224/224
f 223/223/223 225/225/225 224/224/224
f 224/224/224 225/225/225 226/226/226
f 226/226/226 225/225/225 227/227/227
f 225/225/225 228/228/228 227/227/227
f 227/227/227 228/228/228 229/229/229
f 228/228/228 230/230/230 229/229/229
f 229/229/229 230/230/230 216/216/216
f 230/230/230 231/231/231 216/216/216
f 216/216/216 231/231/231 214/214/214
f 231/231/231 232/232/232 214/214/214
f 214/214/214 232/232/232 213/213/213
f 232/232/232 233/233/233 213/213/213
f 213/213/213 233/233/233 188/188/188
f 183/183/183 182/182/182 201/201/201
f 182/182/182 234/234/234 201/201/201
f 201/201/201 234/234/234 221/221/221
f 221/221/221 234/234/234 223/223/223
f 234/234/234 235/235/235 223/223/223
f 223/223/223 235/235/235 225/225/225
f 235/235/235 236/236/236 225/225/225
f 225/225/225 236/236/236 228/228/228
f 236/236/236 237/237/237 228/228/228
f 228/228/228 237/237/237 230/230/230
f 237/237/237 238/238/238 230/230/230
f 238/238/238 239/239/239 230/230/230
f 230/230/230 239/239/239 231/231/231
f 231/231/231 239/239/239 232/232/232
f 239/239/239 240/240/240 232/232/232
f 232/232/232 240/240/240 241/241/241
f 240/240/240 242/242/242 241/241/241
f 242/242/242 243/243/243 241/241/241
f 241/241/241 243/243/243 232/232/232
f 243/243/243 233/233/233 232/232/232
f 244/244/244 245/245/245 246/246/246
f 245/245/245 247/247/247 246/246/246
f 246/246/246 247/247/247 236/236/236
f 236/236/236 247/247/247 237/237/237
f 247/247/247 248/248/248 237/237/237
f 237/237/237 248/248/248 238/238/238
f 238/238/238 248/248/248 239/239/239
f 239/239/239 248/248/248 240/240/240
f 248/248/248 249/249/249 240/240/240
f 240/240/240 249/249/249 242/242/242
f 242/242/242 249/249/249 250/250/250
f 249/249/249 251/251/251 250/250/250
f 250/250/250 251/251/251 252/252/252
f 251/251/251 253/253/253 252/252/252
f 252/252/252 253/253/253 254/254/254
f 254/254/254 253/253/253 255/255/255
f 255/255/255 253/253/253 256/256/256
f 256/256/256 253/253/253 257/257/257
f 253/253/253 251/251/251 257/257/257
f 257/257/257 251/251/251 258/258/258
f 258/258/258 251/251/251 245/245/245
f 251/251/251 249/249/249 245/245/245
f 245/245/245 249/249/249 247/247/247
f 249/249/249 248/248/248 247/247/247
f 259/259/259 260/260/260 254/254/254
f 254/254/254 260/260/260 252/252/252
f 260/260/260 261/261/261 252/252/252
f 252/252/252 261/261/261 250/250/250
f 261/261/261 262/262/262 250/250/250
f 250/250/250 262/262/262 242/242/242
f 242/242/242 262/262/262 243/243/243
f 262/262/262 263/263/263 243/243/243
f 243/243/243 263/263/263 233/233/233
f 263/263/263 264/264/264 233/233/233
f 233/233/233 264/264/264 188/188/188
f 188/188/188 264/264/264 136/136/136
f 264/264/264 263/263/263 136/136/136
f 136/136/136 263/263/263 137/137/137
f 263/263/263 262/262/262 137/137/137
f 137/137/137 262/262/262 138/138/138
f 262/262/262 261/261/261 138/138/138
f 138/138/138 261/261/261 265/265/265
f 265/265/265 261/261/261 266/266/266
f 261/261/261 260/260/260 266/266/266
f 266/266/266 260/260/260 267/267/267
f 260/260/260 259/259/259 267/267/267
f 268/268/268 269/269/269 270/270/270
f 269/269/269 271/271/271 270/270/270
f 271/271/271 58/58/58 270/270/270
f 270/270/270 58/58/58 62/62/62
f 59/59/59 58/58/58 272/272/272
f 58/58/58 271/271/271 272/272/272
f 271/271/271 269/269/269 272/272/272
f 272/272/272 269/269/269 273/273/273
f 269/269/269 274/274/274 273/273/273
f 273/273/273 274/274/274 275/275/275
f 276/276/276 202/277/202 274/274/274
f 202/277/202 217/278/217 274/274/274
f 274/274/274 217/278/217 275/275/275
f 217/278/217 218/279/218 275/275/275
f 218/279/218 219/280/219 275/275/275
f 219/280/219 277/281/277 275/275/275
f 275/275/275 277/281/277 273/273/273
f 277/281/277 278/282/278 273/273/273
f 273/273/273 278/282/278 272/272/272
f 278/282/278 279/283/279 272/272/272
f 272/272/272 279/283/279 59/59/59
f 279/283/279 280/284/280 59/59/59
f 280/284/280 281/285/281 59/59/59
f 59/59/59 281/285/281 57/57/57
f 57/57/57 281/285/281 282/286/282
f 281/285/281 283/287/283 282/286/282
f 283/287/283 226/288/226 282/286/282
f 226/288/226 227/289/227 282/286/282
f 227/289/227 229/290/229 282/286/282
f 229/290/229 284/291/284 282/286/282
f 282/286/282 284/291/284 57/57/57
f 57/57/57 284/291/284 60/60/60
f 60/60/60 284/291/284 285/292/285
f 284/291/284 229/290/229 285/292/285
f 229/290/229 216/293/216 285/292/285
f 216/293/216 215/294/215 285/292/285
f 215/294/215 212/295/212 285/292/285
f 212/295/212 211/296/211 285/292/285
f 211/296/211 286/297/286 285/292/285
f 285/292/285 286/297/286 60/60/60
f 60/60/60 286/297/286 61/61/61
f 61/61/61 286/297/286 287/298/287
f 286/297/286 211/296/211 287/298/287
f 211/296/211 210/299/210 287/298/287
f 210/299/210 209/300/209 287/298/287
f 209/300/209 288/301/288 287/298/287
f 288/301/288 289/302/289 287/298/287
f 287/298/287 289/302/289 61/61/61
f 289/302/289 62/62/62 61/61/61
f 205/303/205 290/304/290 206/305/206
f 290/304/290 291/306/291 206/305/206
f 206/305/206 291/306/291 207/307/207
f 291/306/291 292/308/292 207/307/207
f 207/307/207 292/308/292 208/309/208
f 292/308/292 293/310/293 208/309/208
f 208/309/208 293/310/293 209/300/209
f 209/300/209 293/310/293 288/301/288
f 293/310/293 294/311/294 288/301/288
f 288/301/288 294/311/294 289/302/289
f 294/311/294 295/312/295 289/302/289
f 289/302/289 295/312/295 62/62/62
f 295/312/295 296/313/296 62/62/62
f 62/62/62 296/313/296 270/270/270
f 296/313/296 297/314/297 270/270/270
f 270/270/270 297/314/297 268/268/268
f 297/314/297 290/304/290 268/268/268
f 268/268/268 290/304/290 298/315/298
f 290/304/290 205/303/205 298/315/298
f 205/303/205 204/316/204 298/315/298
f 204/316/204 203/317/203 298/315/298
f 298/315/298 203/317/203 299/318/299
f 203/317/203 202/277/202 299/318/299
f 299/318/299 202/277/202 276/276/276
f 295/312/295 294/311/294 300/319/300
f 294/311/294 293/310/293 300/319/300
f 300/319/300 293/310/293 301/320/301
f 293/310/293 292/308/292 301/320/301
f 301/320/301 292/308/292 302/321/302
f 292/308/292 291/306/291 302/321/302
f 291/306/291 290/304/290 302/321/302
f 290/304/290 297/314/297 302/321/302
f 302/321/302 297/314/297 301/320/301
f 297/314/297 296/313/296 301/320/301
f 301/320/301 296/313/296 300/319/300
f 296/313/296 295/312/295 300/319/300
f 274/274/274 269/269/269 276/276/276
f 276/276/276 269/269/269 299/318/299
f 269/269/269 268/268/268 299/318/299
f 299/318/299 268/268/268 298/315/298
f 303/322/303 304/323/304 305/324/305
f 304/323/304 306/325/306 305/324/305
f 306/325/306 99/99/99 305/324/305
f 305/324/305 99/99/99 303/322/303
f 99/99/99 306/325/306 98/98/98
f 98/98/98 306/325/306 97/97/97
f 306/325/306 307/326/307 97/97/97
f 97/97/97 307/326/307 96/96/96
f 307/326/307 308/327/308 96/96/96
f 96/96/96 308/327/308 175/175/175
f 175/175/175 308/327/308 304/323/304
f 308/327/308 307/326/307 304/323/304
f 304/323/304 307/326/307 306/325/306
f 309/328/309 310/329/310 67/67/67
f 67/67/67 310/329/310 65/65/65
f 65/65/65 310/329/310 63/63/63
f 310/329/310 311/330/311 63/63/63
f 63/63/63 311/330/311 99/99/99
f 311/330/311 312/331/312 99/99/99
f 99/99/99 312/331/312 303/322/303
f 312/331/312 313/332/313 303/322/303
f 303/322/303 313/332/313 304/323/304
f 313/332/313 314/333/314 304/323/304
f 304/323/304 314/333/314 175/175/175
f 175/175/175 314/333/314 174/174/174
f 314/333/314 313/332/313 174/174/174
f 174/174/174 313/332/313 180/180/180
f 313/332/313 312/331/312 180/180/180
f 180/180/180 312/331/312 315/334/315
f 312/331/312 311/330/311 315/334/315
f 315/334/315 311/330/311 316/335/316
f 311/330/311 310/329/310 316/335/316
f 316/335/316 310/329/310 317/336/317
f 310/329/310 309/328/309 317/336/317
f 180/180/180 315/334/315 181/181/181
f 315/334/315 318/337/318 181/181/181
f 181/181/181 318/337/318 182/182/182
f 182/182/182 318/337/318 234/234/234
f 318/337/318 319/338/319 234/234/234
f 234/234/234 319/338/319 235/235/235
f 235/235/235 319/338/319 236/236/236
f 236/236/236 319/338/319 246/246/246
f 246/246/246 319/338/319 244/244/244
f 244/244/244 319/338/319 317/336/317
f 317/336/317 319/338/319 316/335/316
f 319/338/319 318/337/318 316/335/316
f 316/335/316 318/337/318 315/334/315
f 219/280/219 220/339/220 277/281/277
f 277/281/277 220/339/220 320/340/320
f 220/339/220 222/341/222 320/340/320
f 320/340/320 222/341/222 321/342/321
f 222/341/222 224/343/224 321/342/321
f 321/342/321 224/343/224 322/344/322
f 224/343/224 226/288/226 322/344/322
f 226/288/226 283/287/283 322/344/322
f 322/344/322 283/287/283 323/345/323
f 283/287/283 281/285/281 323/345/323
f 281/285/281 280/284/280 323/345/323
f 323/345/323 280/284/280 324/346/324
f 280/284/280 279/283/279 324/346/324
f 324/346/324 279/283/279 325/347/325
f 279/283/279 278/282/278 325/347/325
f 325/347/325 278/282/278 326/348/326
f 278/282/278 277/281/277 326/348/326
f 277/281/277 320/340/320 326/348/326
f 320/340/320 321/342/321 326/348/326
f 326/348/326 321/342/321 325/347/325
f 321/342/321 322/344/322 325/347/325
f 325/347/325 322/344/322 324/346/324
f 322/344/322 323/345/323 324/346/324
f 327/349/327 328/350/328 329/351/329
f 328/350/328 330/352/330 329/351/329
f 331/353/331 332/354/332 333/355/333
f 333/355/333 332/354/332 334/356/334
f 332/354/332 335/357/335 334/356/334
f 335/357/335 336/358/336 334/356/334
f 334/356/334 336/358/336 337/359/337
f 336/358/336 338/360/338 337/359/337
f 337/359/337 338/360/338 339/361/339
f 339/361/339 338/360/338 340/362/340
f 338/360/338 341/363/341 340/362/340
f 340/362/340 341/363/341 330/352/330
f 330/352/330 341/363/341 329/351/329
f 341/363/341 338/360/338 329/351/329
f 338/360/338 336/358/336 329/351/329
f 336/358/336 335/357/335 329/351/329
f 329/351/329 335/357/335 327/349/327
f 335/357/335 342/364/342 327/349/327
f 327/349/327 342/364/342 343/365/343
f 342/364/342 344/366/344 343/365/343
f 343/365/343 344/366/344 345/367/345
f 345/367/345 344/366/344 346/368/346
f 344/366/344 347/369/347 346/368/346
f 331/353/331 348/370/348 332/354/332
f 348/370/348 349/371/349 332/354/332
f 349/371/349 350/372/350 332/354/332
f 350/372/350 351/373/351 332/354/332
f 332/354/332 351/373/351 335/357/335
f 351/373/351 352/374/352 335/357/335
f 335/357/335 352/374/352 342/364/342
f 352/374/352 353/375/353 342/364/342
f 342/364/342 353/375/353 344/366/344
f 344/366/344 353/375/353 347/369/347
f 353/375/353 354/376/354 347/369/347
f 348/370/348 331/353/331 349/371/349
f 331/353/331 355/377/355 349/371/349
f 349/371/349 355/377/355 350/372/350
f 355/377/355 356/378/356 350/372/350
f 356/378/356 357/379/357 350/372/350
f 350/372/350 357/379/357 351/373/351
f 357/379/357 358/380/358 351/373/351
f 351/373/351 358/380/358 352/374/352
f 358/380/358 359/381/359 352/374/352
f 352/374/352 359/381/359 353/375/353
f 359/381/359 360/382/360 353/375/353
f 353/375/353 360/382/360 361/383/361
f 360/382/360 362/384/362 361/383/361
f 361/383/361 362/384/362 363/385/363
f 362/384/362 364/386/364 363/385/363
f 363/385/363 364/386/364 365/387/365
f 364/386/364 366/388/366 365/387/365
f 366/388/366 367/389/367 365/387/365
f 365/387/365 367/389/367 363/385/363
f 367/389/367 368/390/368 363/385/363
f 363/385/363 368/390/368 361/383/361
f 368/390/368 369/391/369 361/383/361
f 361/383/361 369/391/369 353/375/353
f 369/391/369 354/376/354 353/375/353
f 346/368/346 370/392/370 345/367/345
f 370/392/370 371/393/371 345/367/345
f 345/367/345 371/393/371 343/365/343
f 371/393/371 372/394/372 343/365/343
f 343/365/343 372/394/372 327/349/327
f 372/394/372 373/395/373 327/349/327
f 327/349/327 373/395/373 374/396/374
f 373/395/373 375/397/375 374/396/374
f 375/397/375 376/398/376 374/396/374
f 374/396/374 376/398/376 377/399/377
f 376/398/376 378/400/378 377/399/377
f 377/399/377 378/400/378 379/401/379
f 378/400/378 380/402/380 379/401/379
f 380/402/380 381/403/381 379/401/379
f 379/401/379 381/403/381 382/404/382
f 381/403/381 328/350/328 382/404/382
f 328/350/328 327/349/327 382/404/382
f 327/349/327 374/396/374 382/404/382
f 382/404/382 374/396/374 379/401/379
f 374/396/374 377/399/377 379/401/379
f 371/393/371 383/405/383 372/394/372
f 383/405/383 384/406/384 372/394/372
f 372/394/372 384/406/384 373/395/373
f 384/406/384 385/407/385 373/395/373
f 385/407/385 386/408/386 373/395/373
f 373/395/373 386/408/386 387/409/387
f 387/409/387 386/408/386 388/410/388
f 386/408/386 389/411/389 388/410/388
f 388/410/388 389/411/389 390/412/390
f 389/411/389 386/408/386 390/412/390
f 390/412/390 386/408/386 391/413/391
f 391/413/391 386/408/386 392/414/392
f 386/408/386 385/407/385 392/414/392
f 385/407/385 384/406/384 392/414/392
f 392/414/392 384/406/384 393/415/393
f 393/415/393 384/406/384 394/416/394
f 384/406/384 383/405/383 394/416/394
f 394/416/394 383/405/383 395/417/395
f 395/417/395 383/405/383 396/418/396
f 383/405/383 371/393/371 396/418/396
f 371/393/371 370/392/370 396/418/396
f 373/395/373 387/409/387 375/397/375
f 375/397/375 387/409/387 397/419/397
f 397/419/397 387/409/387 398/420/398
f 387/409/387 388/410/388 398/420/398
f 398/420/398 388/410/388 390/412/390
f 399/421/399 400/422/400 401/423/401
f 401/423/401 400/422/400 402/424/402
f 400/422/400 403/425/403 402/424/402
f 404/426/404 405/427/405 406/428/406
f 405/427/405 407/429/407 406/428/406
f 406/428/406 407/429/407 408/430/408
f 407/429/407 409/431/409 408/430/408
f 408/430/408 409/431/409 410/432/410
f 410/432/410 409/431/409 411/433/411
f 411/433/411 409/431/409 412/434/412
f 412/434/412 409/431/409 413/435/413
f 413/435/413 409/431/409 414/436/414
f 409/431/409 407/429/407 414/436/414
f 414/436/414 407/429/407 415/437/415
f 415/437/415 407/429/407 399/421/399
f 407/429/407 405/427/405 399/421/399
f 399/421/399 405/427/405 400/422/400
f 405/427/405 334/438/334 400/422/400
f 334/438/334 337/439/337 400/422/400
f 400/422/400 337/439/337 403/425/403
f 337/439/337 339/440/339 403/425/403
f 403/425/403 339/440/339 402/424/402
f 339/440/339 340/441/340 402/424/402
f 340/441/340 330/442/330 402/424/402
f 402/424/402 330/442/330 401/423/401
f 330/442/330 328/443/328 401/423/401
f 401/423/401 328/443/328 399/421/399
f 355/444/355 416/445/416 356/446/356
f 416/445/416 404/426/404 356/446/356
f 356/446/356 404/426/404 357/447/357
f 404/426/404 406/428/406 357/447/357
f 406/428/406 408/430/408 357/447/357
f 357/447/357 408/430/408 358/448/358
f 408/430/408 410/432/410 358/448/358
f 358/448/358 410/432/410 359/449/359
f 410/432/410 417/450/417 359/449/359
f 359/449/359 417/450/417 360/451/360
f 417/450/417 418/452/418 360/451/360
f 360/451/360 418/452/418 362/453/362
f 418/452/418 419/454/419 362/453/362
f 362/453/362 419/454/419 364/455/364
f 364/455/364 419/454/419 366/456/366
f 419/454/419 420/457/420 366/456/366
f 366/456/366 420/457/420 367/458/367
f 420/457/420 421/459/421 367/458/367
f 367/458/367 421/459/421 368/460/368
f 421/459/421 422/461/422 368/460/368
f 368/460/368 422/461/422 369/462/369
f 422/461/422 423/463/423 369/462/369
f 369/462/369 423/463/423 354/464/354
f 423/463/423 424/465/424 354/464/354
f 412/434/412 425/466/425 411/433/411
f 425/466/425 424/465/424 411/433/411
f 424/465/424 423/463/423 411/433/411
f 423/463/423 426/467/426 411/433/411
f 411/433/411 426/467/426 410/432/410
f 410/432/410 426/467/426 417/450/417
f 426/467/426 427/468/427 417/450/417
f 417/450/417 427/468/427 418/452/418
f 418/452/418 427/468/427 419/454/419
f 419/454/419 427/468/427 420/457/420
f 420/457/420 427/468/427 421/459/421
f 421/459/421 427/468/427 422/461/422
f 427/468/427 426/467/426 422/461/422
f 422/461/422 426/467/426 423/463/423
f 416/445/416 355/444/355 428/469/428
f 355/444/355 331/470/331 428/469/428
f 331/470/331 333/471/333 428/469/428
f 428/469/428 333/471/333 429/472/429
f 333/471/333 334/438/334 429/472/429
f 334/438/334 405/427/405 429/472/429
f 405/427/405 404/426/404 429/472/429
f 429/472/429 404/426/404 428/469/428
f 404/426/404 416/445/416 428/469/428
f 399/421/399 328/443/328 430/473/430
f 328/443/328 381/474/381 430/473/430
f 430/473/430 381/474/381 431/475/431
f 381/474/381 380/476/380 431/475/431
f 431/475/431 380/476/380 432/477/432
f 380/476/380 378/478/378 432/477/432
f 378/478/378 376/479/376 432/477/432
f 432/477/432 376/479/376 433/480/433
f 376/479/376 375/481/375 433/480/433
f 375/481/375 434/482/434 433/480/433
f 434/482/434 430/473/430 433/480/433
f 433/480/433 430/473/430 432/477/432
f 430/473/430 431/475/431 432/477/432
f 430/473/430 434/482/434 399/421/399
f 434/482/434 435/483/435 399/421/399
f 399/421/399 435/483/435 415/437/415
f 435/483/435 436/484/436 415/437/415
f 415/437/415 436/484/436 414/436/414
f 414/436/414 436/484/436 413/435/413
f 436/484/436 437/485/437 413/435/413
f 413/435/413 437/485/437 395/486/395
f 395/486/395 437/485/437 394/487/394
f 394/487/394 437/485/437 438/488/438
f 437/485/437 436/484/436 438/488/438
f 436/484/436 435/483/435 438/488/438
f 435/483/435 434/482/434 438/488/438
f 434/482/434 439/489/439 438/488/438
f 439/489/439 393/490/393 438/488/438
f 438/488/438 393/490/393 394/487/394
f 393/490/393 439/489/439 392/491/392
f 392/491/392 439/489/439 391/492/391
f 439/489/439 440/493/440 391/492/391
f 440/493/440 441/494/441 391/492/391
f 391/492/391 441/494/441 390/495/390
f 390/495/390 441/494/441 398/496/398
f 441/494/441 442/497/442 398/496/398
f 398/496/398 442/497/442 397/498/397
f 442/497/442 443/499/443 397/498/397
f 397/498/397 443/499/443 375/481/375
f 375/481/375 443/499/443 434/482/434
f 434/482/434 443/499/443 439/489/439
f 439/489/439 443/499/443 440/493/440
f 440/493/440 443/499/443 441/494/441
f 443/499/443 442/497/442 441/494/441
f 444/500/444 445/501/445 446/502/446
f 447/503/447 446/502/446 448/504/448
f 446/502/446 445/501/445 448/504/448
f 448/504/448 445/501/445 449/505/449
f 445/501/445 444/500/444 449/505/449
f 450/506/450 451/507/451 449/505/449
f 451/507/451 448/504/448 449/505/449
f 447/503/447 448/504/448 452/508/452
f 448/504/448 451/507/451 452/508/452
f 452/508/452 451/507/451 453/509/453
f 451/507/451 450/506/450 453/509/453
f 453/509/453 450/506/450 454/510/454
f 450/506/450 455/511/455 454/510/454
f 454/510/454 455/511/455 456/512/456
f 455/511/455 457/513/457 456/512/456
f 456/512/456 457/513/457 458/514/458
f 459/515/459 454/510/454 460/516/460
f 454/510/454 456/512/456 460/516/460
f 460/516/460 456/512/456 458/514/458
f 453/509/453 454/510/454 461/517/461
f 454/510/454 459/515/459 461/517/461
f 461/517/461 459/515/459 462/518/462
f 459/515/459 460/516/460 462/518/462
f 462/518/462 460/516/460 463/519/463
f 460/516/460 458/514/458 463/519/463
f 444/500/444 464/520/464 449/505/449
f 464/520/464 465/521/465 449/505/449
f 449/505/449 465/521/465 450/506/450
f 465/521/465 466/522/466 450/506/450
f 450/506/450 466/522/466 467/523/467
f 466/522/466 468/524/468 467/523/467
f 467/523/467 468/524/468 469/525/469
f 468/524/468 470/526/470 469/525/469
f 469/525/469 470/526/470 471/527/471
f 470/526/470 472/528/472 471/527/471
f 450/506/450 467/523/467 473/529/473
f 467/523/467 469/525/469 473/529/473
f 473/529/473 469/525/469 474/530/474
f 469/525/469 471/527/471 474/530/474
f 474/530/474 471/527/471 475/531/475
f 471/527/471 472/528/472 475/531/475
f 475/531/475 476/532/476 474/530/474
f 476/532/476 477/533/477 474/530/474
f 474/530/474 477/533/477 455/511/455
f 477/533/477 478/534/478 455/511/455
f 455/511/455 478/534/478 457/513/457
f 478/534/478 479/535/479 457/513/457
f 476/532/476 480/536/480 477/533/477
f 480/536/480 481/537/481 477/533/477
f 477/533/477 481/537/481 482/538/482
f 481/537/481 483/539/483 482/538/482
f 482/538/482 483/539/483 478/534/478
f 483/539/483 484/540/484 478/534/478
f 478/534/478 484/540/484 479/535/479
f 484/540/484 485/541/485 479/535/479
f 478/534/478 477/533/477 482/538/482
f 484/540/484 483/539/483 485/541/485
f 483/539/483 486/542/486 485/541/485
f 483/539/483 481/537/481 486/542/486
f 487/543/487 470/526/470 488/544/488
f 470/526/470 468/524/468 488/544/488
f 488/544/488 468/524/468 466/522/466
f 465/521/465 489/545/489 466/522/466
f 488/544/488 466/522/466 490/546/490
f 466/522/466 489/545/489 490/546/490
f 490/546/490 489/545/489 491/547/491
f 489/545/489 492/548/492 491/547/491
f 491/547/491 492/548/492 493/549/493
f 492/548/492 494/550/494 493/549/493
f 493/549/493 494/550/494 495/551/495
f 494/550/494 496/552/496 495/551/495
f 495/551/495 496/552/496 497/553/497
f 496/552/496 498/554/498 497/553/497
f 494/550/494 492/548/492 496/552/496
f 492/548/492 499/555/499 496/552/496
f 496/552/496 499/555/499 498/554/498
f 499/555/499 464/520/464 498/554/498
f 464/520/464 499/555/499 465/521/465
f 499/555/499 492/548/492 465/521/465
f 465/521/465 492/548/492 489/545/489
f 491/547/491 500/556/500 490/546/490
f 500/556/500 501/557/501 490/546/490
f 490/546/490 501/557/501 488/544/488
f 501/557/501 502/558/502 488/544/488
f 488/544/488 502/558/502 487/543/487
f 502/558/502 503/559/503 487/543/487
f 503/559/503 502/558/502 504/560/504
f 502/558/502 505/561/505 504/560/504
f 504/560/504 505/561/505 506/562/506
f 505/561/505 507/563/507 506/562/506
f 508/564/508 507/563/507 509/565/509
f 507/563/507 505/561/505 509/565/509
f 509/565/509 505/561/505 510/566/510
f 505/561/505 502/558/502 510/566/510
f 510/566/510 502/558/502 501/557/501
f 500/556/500 511/567/511 501/557/501
f 511/567/511 512/568/512 501/557/501
f 501/557/501 512/568/512 510/566/510
f 512/568/512 513/569/513 510/566/510
f 510/566/510 513/569/513 509/565/509
f 513/569/513 514/570/514 509/565/509
f 509/565/509 514/570/514 508/564/508
f 514/570/514 515/571/515 508/564/508
f 511/567/511 516/572/516 512/568/512
f 516/572/516 517/573/517 512/568/512
f 512/568/512 517/573/517 513/569/513
f 517/573/517 518/574/518 513/569/513
f 513/569/513 518/574/518 519/575/519
f 518/574/518 520/576/520 519/575/519
f 519/575/519 520/576/520 515/571/515
f 513/569/513 519/575/519 514/570/514
f 519/575/519 515/571/515 514/570/514
f 518/574/518 517/573/517 521/577/521
f 517/573/517 516/572/516 521/577/521
f 520/576/520 518/574/518 522/578/522
f 518/574/518 521/577/521 522/578/522
f 475/579/475 523/580/523 476/581/476
f 523/580/523 480/582/480 476/581/476
f 523/580/523 524/583/524 480/582/480
f 524/583/524 525/584/525 480/582/480
f 525/584/525 524/583/524 526/585/526
f 524/583/524 523/580/523 526/585/526
f 526/585/526 527/586/527 525/584/525
f 527/586/527 528/587/528 525/584/525
f 525/584/525 528/587/528 529/588/529
f 528/587/528 486/589/486 529/588/529
f 529/588/529 486/589/486 525/584/525
f 486/589/486 481/590/481 525/584/525
f 525/584/525 481/590/481 480/582/480
f 486/589/486 528/587/528 485/591/485
f 528/587/528 527/586/527 485/591/485
f 530/592/530 531/593/531 526/585/526
f 531/593/531 457/594/457 526/585/526
f 526/585/526 457/594/457 527/586/527
f 457/594/457 479/595/479 527/586/527
f 527/586/527 479/595/479 485/591/485
f 530/592/530 526/585/526 532/596/532
f 526/585/526 523/580/523 532/596/532
f 532/596/532 523/580/523 533/597/533
f 523/580/523 475/579/475 533/597/533
f 533/597/533 534/598/534 532/596/532
f 534/598/534 535/599/535 532/596/532
f 532/596/532 535/599/535 530/592/530
f 535/599/535 536/600/536 530/592/530
f 530/592/530 536/600/536 537/601/537
f 536/600/536 538/602/538 537/601/537
f 537/601/537 538/602/538 539/603/539
f 534/598/534 540/604/540 535/599/535
f 540/604/540 541/605/541 535/599/535
f 535/599/535 541/605/541 536/600/536
f 541/605/541 542/606/542 536/600/536
f 536/600/536 542/606/542 538/602/538
f 506/607/506 542/606/542 543/608/543
f 542/606/542 541/605/541 543/608/543
f 543/608/543 541/605/541 544/609/544
f 541/605/541 540/604/540 544/609/544
f 544/609/544 540/604/540 545/610/545
f 540/604/540 534/598/534 545/610/545
f 545/610/545 534/598/534 546/611/546
f 534/598/534 533/597/533 546/611/546
f 546/611/546 533/597/533 472/612/472
f 533/597/533 475/579/475 472/612/472
f 515/613/515 520/614/520 547/615/547
f 520/614/520 522/616/522 547/615/547
f 547/615/547 522/616/522 548/617/548
f 522/616/522 521/618/521 548/617/548
f 548/617/548 521/618/521 549/619/549
f 521/618/521 516/620/516 549/619/549
f 549/619/549 516/620/516 542/606/542
f 516/620/516 511/621/511 542/606/542
f 542/606/542 511/621/511 538/602/538
f 511/621/511 500/622/500 538/602/538
f 538/602/538 500/622/500 539/603/539
f 500/622/500 491/623/491 539/603/539
f 539/603/539 491/623/491 550/624/550
f 491/623/491 493/625/493 550/624/550
f 550/624/550 493/625/493 495/626/495
f 547/615/547 548/617/548 515/613/515
f 548/617/548 508/627/508 515/613/515
f 548/617/548 549/619/549 508/627/508
f 549/619/549 507/628/507 508/627/508
f 549/619/549 542/606/542 507/628/507
f 542/606/542 506/607/506 507/628/507
f 497/629/497 551/630/551 495/626/495
f 551/630/551 550/624/550 495/626/495
f 539/603/539 550/624/550 552/631/552
f 550/624/550 551/630/551 552/631/552
f 552/631/552 551/630/551 553/632/553
f 551/630/551 497/629/497 553/632/553
f 553/632/553 497/629/497 552/631/552
f 497/629/497 498/633/498 552/631/552
f 552/631/552 498/633/498 464/634/464
f 539/603/539 552/631/552 537/601/537
f 552/631/552 464/634/464 537/601/537
f 537/601/537 464/634/464 554/635/554
f 464/634/464 444/636/444 554/635/554
f 554/635/554 444/636/444 555/637/555
f 444/636/444 446/638/446 555/637/555
f 555/637/555 446/638/446 447/639/447
f 537/601/537 554/635/554 556/640/556
f 554/635/554 555/637/555 556/640/556
f 556/640/556 555/637/555 557/641/557
f 555/637/555 447/639/447 557/641/557
f 557/641/557 447/639/447 452/642/452
f 557/641/557 452/642/452 556/640/556
f 452/642/452 453/643/453 556/640/556
f 537/601/537 556/640/556 530/592/530
f 556/640/556 453/643/453 530/592/530
f 530/592/530 453/643/453 558/644/558
f 453/643/453 461/645/461 558/644/558
f 558/644/558 461/645/461 559/646/559
f 461/645/461 462/647/462 559/646/559
f 559/646/559 462/647/462 463/648/463
f 530/592/530 558/644/558 531/593/531
f 558/644/558 559/646/559 531/593/531
f 531/593/531 559/646/559 560/649/560
f 559/646/559 463/648/463 560/649/560
f 560/649/560 463/648/463 458/650/458
f 560/649/560 458/650/458 531/593/531
f 458/650/458 457/594/457 531/593/531
f 474/530/474 455/511/455 473/529/473
f 455/511/455 450/506/450 473/529/473
f 561/651/561 562/652/562 563/653/563
f 562/652/562 564/654/564 563/653/563
f 565/655/565 561/651/561 566/656/566
f 561/651/561 563/653/563 566/656/566
f 566/656/566 563/653/563 567/657/567
f 567/657/567 563/653/563 568/658/568
f 563/653/563 564/654/564 568/658/568
f 568/658/568 564/654/564 569/659/569
f 570/660/570 571/661/571 572/662/572
f 571/661/571 567/657/567 572/662/572
f 572/662/572 567/657/567 573/663/573
f 567/657/567 568/658/568 573/663/573
f 568/658/568 569/659/569 573/663/573
f 573/663/573 569/659/569 574/664/574
f 574/664/574 569/659/569 575/665/575
f 575/665/575 569/659/569 576/666/576
f 576/666/576 569/659/569 577/667/577
f 569/659/569 564/654/564 577/667/577
f 577/667/577 564/654/564 578/668/578
f 564/654/564 562/652/562 578/668/578
f 578/668/578 562/652/562 579/669/579
f 579/669/579 562/652/562 580/670/580
f 562/652/562 561/651/561 580/670/580
f 580/670/580 561/651/561 581/671/581
f 561/651/561 565/655/565 581/671/581
f 581/671/581 565/655/565 582/672/582
f 582/672/582 565/655/565 583/673/583
f 583/673/583 565/655/565 584/674/584
f 565/655/565 566/656/566 584/674/584
f 584/674/584 566/656/566 585/675/585
f 566/656/566 567/657/567 585/675/585
f 585/675/585 567/657/567 571/661/571
f 586/676/586 579/669/579 587/677/587
f 579/669/579 580/670/580 587/677/587
f 587/677/587 580/670/580 588/678/588
f 580/670/580 581/671/581 588/678/588
f 581/671/581 582/672/582 588/678/588
f 588/678/588 582/672/582 589/679/589
f 582/672/582 583/673/583 589/679/589
f 589/679/589 583/673/583 590/680/590
f 591/681/591 592/682/592 593/683/593
f 593/683/593 592/682/592 594/684/594
f 592/682/592 595/685/595 594/684/594
f 594/684/594 595/685/595 596/686/596
f 595/685/595 597/687/597 596/686/596
f 596/686/596 597/687/597 598/688/598
f 597/687/597 599/689/599 598/688/598
f 598/688/598 599/689/599 600/690/600
f 601/691/601 570/660/570 602/692/602
f 570/660/570 572/662/572 602/692/602
f 602/692/602 572/662/572 603/693/603
f 572/662/572 573/663/573 603/693/603
f 603/693/603 573/663/573 604/694/604
f 573/663/573 574/664/574 604/694/604
f 604/694/604 574/664/574 605/695/605
f 574/664/574 575/665/575 605/695/605
f 593/683/593 594/684/594 606/696/606
f 594/684/594 607/697/607 606/696/606
f 606/696/606 607/697/607 608/698/608
f 607/697/607 609/699/609 608/698/608
f 608/698/608 609/699/609 610/700/610
f 609/699/609 611/701/611 610/700/610
f 610/700/610 611/701/611 612/702/612
f 611/701/611 613/703/613 612/702/612
f 613/703/613 614/704/614 612/702/612
f 612/702/612 614/704/614 615/705/615
f 594/684/594 596/686/596 607/697/607
f 596/686/596 616/706/616 607/697/607
f 616/706/616 617/707/617 607/697/607
f 607/697/607 617/707/617 609/699/609
f 617/707/617 618/708/618 609/699/609
f 609/699/609 618/708/618 611/701/611
f 618/708/618 619/709/619 611/701/611
f 611/701/611 619/709/619 613/703/613
f 619/709/619 620/710/620 613/703/613
f 613/703/613 620/710/620 614/704/614
f 621/711/621 622/712/622 623/713/623
f 623/713/623 622/712/622 624/714/624
f 622/712/622 620/710/620 624/714/624
f 620/710/620 619/709/619 624/714/624
f 619/709/619 618/708/618 624/714/624
f 618/708/618 625/715/625 624/714/624
f 624/714/624 625/715/625 623/713/623
f 623/713/623 625/715/625 626/716/626
f 625/715/625 627/717/627 626/716/626
f 626/716/626 627/717/627 628/718/628
f 627/717/627 629/719/629 628/718/628
f 628/718/628 629/719/629 630/720/630
f 630/720/630 629/719/629 600/690/600
f 600/690/600 629/719/629 598/688/598
f 598/688/598 629/719/629 596/686/596
f 596/686/596 629/719/629 616/706/616
f 629/719/629 627/717/627 616/706/616
f 616/706/616 627/717/627 617/707/617
f 627/717/627 625/715/625 617/707/617
f 617/707/617 625/715/625 618/708/618
f 631/721/631 632/722/632 633/723/633
f 634/724/634 635/725/635 636/726/636
f 635/725/635 634/724/634 637/727/637
f 634/728/634 638/729/638 639/730/639
f 638/729/638 634/728/634 640/731/640
f 641/732/641 642/733/642 633/723/633
f 642/733/642 631/721/631 633/723/633
f 643/734/643 644/735/644 645/736/645
f 644/735/644 646/737/646 645/736/645
f 646/737/646 642/733/642 645/736/645
f 645/736/645 642/733/642 641/738/641
f 647/739/647 648/740/648 649/741/649
f 648/740/648 650/742/650 649/741/649
f 649/741/649 650/742/650 651/743/651
f 650/742/650 652/744/652 651/743/651
f 651/743/651 652/744/652 653/745/653
f 653/745/653 652/744/652 654/746/654
f 654/746/654 652/744/652 655/747/655
f 655/747/655 652/744/652 656/748/656
f 652/744/652 650/742/650 656/748/656
f 650/742/650 657/749/657 656/748/656
f 657/749/657 631/721/631 656/748/656
f 631/721/631 658/750/658 656/748/656
f 656/748/656 658/750/658 655/747/655
f 655/747/655 658/750/658 659/751/659
f 659/751/659 658/750/658 644/735/644
f 644/735/644 658/750/658 646/737/646
f 658/750/658 631/721/631 646/737/646
f 646/737/646 631/721/631 642/733/642
f 647/752/647 649/741/649 660/753/660
f 649/741/649 651/743/651 660/753/660
f 651/743/651 653/745/653 660/753/660
f 660/753/660 653/745/653 661/754/661
f 631/721/631 657/749/657 632/722/632
f 632/722/632 657/749/657 662/755/662
f 662/755/662 657/749/657 663/756/663
f 657/749/657 650/742/650 663/756/663
f 663/756/663 650/742/650 648/740/648
f 664/757/664 665/758/665 666/759/666
f 666/759/666 665/758/665 667/760/667
f 665/758/665 668/761/668 667/760/667
f 667/760/667 668/761/668 669/762/669
f 668/761/668 670/763/670 669/762/669
f 669/762/669 670/763/670 671/764/671
f 670/763/670 672/765/672 671/764/671
f 672/765/672 673/766/673 671/764/671
f 671/764/671 673/766/673 674/767/674
f 673/766/673 675/768/675 674/767/674
f 675/768/675 676/769/676 674/767/674
f 676/769/676 677/770/677 674/767/674
f 677/770/677 666/759/666 674/767/674
f 666/759/666 667/760/667 674/767/674
f 667/760/667 669/762/669 674/767/674
f 674/767/674 669/762/669 671/764/671
f 678/771/678 679/772/679 680/773/680
f 679/772/679 681/774/681 680/773/680
f 680/773/680 681/774/681 682/775/682
f 681/774/681 683/776/683 682/775/682
f 682/775/682 683/776/683 684/777/684
f 683/776/683 685/778/685 684/777/684
f 684/777/684 685/778/685 686/779/686
f 686/779/686 685/778/685 687/780/687
f 685/778/685 688/781/688 687/780/687
f 687/780/687 688/781/688 689/782/689
f 689/782/689 688/781/688 690/783/690
f 690/783/690 688/781/688 691/784/691
f 691/784/691 688/781/688 679/772/679
f 679/772/679 688/781/688 681/774/681
f 681/774/681 688/781/688 683/776/683
f 688/781/688 685/778/685 683/776/683
f 640/785/640 692/786/692 693/787/693
f 692/786/692 694/788/694 693/787/693
f 694/788/694 695/789/695 693/787/693
f 693/787/693 695/789/695 696/790/696
f 695/789/695 697/791/697 696/790/696
f 696/790/696 697/791/697 698/792/698
f 697/791/697 699/793/699 698/792/698
f 699/793/699 700/794/700 698/792/698
f 698/792/698 700/794/700 701/795/701
f 700/794/700 702/796/702 701/795/701
f 701/795/701 702/796/702 703/797/703
f 702/796/702 704/798/704 703/797/703
f 704/798/704 705/799/705 703/797/703
f 705/799/705 636/800/636 703/797/703
f 636/800/636 635/801/635 703/797/703
f 635/801/635 637/802/637 703/797/703
f 703/797/703 637/802/637 701/795/701
f 637/802/637 634/803/634 701/795/701
f 701/795/701 634/803/634 698/792/698
f 698/792/698 634/803/634 696/790/696
f 634/803/634 639/804/639 696/790/696
f 696/790/696 639/804/639 693/787/693
f 639/804/639 638/805/638 693/787/693
f 693/787/693 638/805/638 640/785/640
f 706/806/706 707/807/707 708/808/708
f 707/807/707 709/809/709 708/808/708
f 709/809/709 710/810/710 708/808/708
f 708/808/708 710/810/710 711/811/711
f 711/811/711 710/810/710 712/812/712
f 710/810/710 713/813/713 712/812/712
f 713/813/713 714/814/714 712/812/712
f 712/812/712 714/814/714 715/815/715
f 128/128/128 706/806/706 129/129/129
f 706/806/706 708/808/708 129/129/129
f 708/808/708 711/811/711 129/129/129
f 129/129/129 711/811/711 130/130/130
f 130/130/130 711/811/711 119/119/119
f 711/811/711 712/812/712 119/119/119
f 712/812/712 715/815/715 119/119/119
f 119/119/119 715/815/715 106/106/106
f 716/816/716 717/817/717 718/818/718
f 717/817/717 719/819/719 718/818/718
f 718/818/718 719/819/719 720/820/720
f 720/820/720 719/819/719 721/821/721
f 721/821/721 719/819/719 722/822/722
f 722/822/722 719/819/719 723/823/723
f 719/819/719 717/817/717 723/823/723
f 723/823/723 717/817/717 724/824/724
f 725/825/725 591/681/591 726/826/726
f 591/681/591 593/683/593 726/826/726
f 570/660/570 601/691/601 727/827/727
f 601/691/601 728/828/728 727/827/727
f 726/826/726 593/683/593 729/829/729
f 593/683/593 606/696/606 729/829/729
f 729/829/729 606/696/606 730/830/730
f 606/696/606 608/698/608 730/830/730
f 730/830/730 608/698/608 731/831/731
f 608/698/608 610/700/610 731/831/731
f 731/831/731 610/700/610 732/832/732
f 610/700/610 612/702/612 732/832/732
f 612/702/612 615/705/615 732/832/732
f 732/832/732 615/705/615 733/833/733
f 734/834/734 590/680/590 735/835/735
f 590/680/590 583/673/583 735/835/735
f 583/673/583 584/674/584 735/835/735
f 735/835/735 584/674/584 736/836/736
f 584/674/584 585/675/585 736/836/736
f 736/836/736 585/675/585 737/837/737
f 585/675/585 571/661/571 737/837/737
f 737/837/737 571/661/571 738/838/738
f 571/661/571 570/660/570 738/838/738
f 738/838/738 570/660/570 727/827/727
f 2/2/2 1/1/1 739/839/739
f 1/1/1 740/840/740 739/839/739
f 739/839/739 740/840/740 741/841/741
f 740/840/740 742/842/742 741/841/741
f 741/841/741 742/842/742 743/843/743
f 742/842/742 744/844/744 743/843/743
f 745/845/745 746/846/746 747/847/747
f 746/846/746 748/848/748 747/847/747
f 747/847/747 748/848/748 749/849/749
f 748/848/748 750/850/750 749/849/749
f 750/850/750 751/851/751 749/849/749
f 749/849/749 751/851/751 752/852/752
f 753/853/753 752/852/752 754/854/754
f 752/852/752 751/851/751 754/854/754
f 754/854/754 751/851/751 755/855/755
f 755/855/755 751/851/751 756/856/756
f 751/851/751 750/850/750 756/856/756
f 756/856/756 750/850/750 757/857/757
f 750/850/750 748/848/748 757/857/757
f 757/857/757 748/848/748 758/858/758
f 758/858/758 748/848/748 759/859/759
f 748/848/748 746/846/746 759/859/759
f 759/859/759 746/846/746 743/843/743
f 743/843/743 746/846/746 741/841/741
f 746/846/746 745/845/745 741/841/741
f 741/841/741 745/845/745 739/839/739
f 2/2/2 739/839/739 24/24/24
f 739/839/739 745/845/745 24/24/24
f 24/24/24 745/845/745 25/25/25
f 745/845/745 747/847/747 25/25/25
f 25/25/25 747/847/747 26/26/26
f 747/847/747 749/849/749 26/26/26
f 749/849/749 752/852/752 26/26/26
f 26/26/26 752/852/752 27/27/27
f 752/852/752 753/853/753 27/27/27
f 27/27/27 753/853/753 28/28/28
f 31/31/31 760/860/760 29/29/29
f 29/29/29 760/860/760 761/861/761
f 760/860/760 762/862/762 761/861/761
f 761/861/761 762/862/762 763/863/763
f 762/862/762 764/864/764 763/863/763
f 763/863/763 764/864/764 765/865/765
f 766/866/766 767/867/767 768/868/768
f 767/867/767 769/869/769 768/868/768
f 769/869/769 770/870/770 768/868/768
f 768/868/768 770/870/770 771/871/771
f 770/870/770 772/872/772 771/871/771
f 771/871/771 772/872/772 773/873/773
f 760/860/760 773/873/773 762/862/762
f 773/873/773 772/872/772 762/862/762
f 762/862/762 772/872/772 764/864/764
f 764/864/764 772/872/772 774/874/774
f 772/872/772 770/870/770 774/874/774
f 774/874/774 770/870/770 775/875/775
f 775/875/775 770/870/770 776/876/776
f 770/870/770 769/869/769 776/876/776
f 776/876/776 769/869/769 777/877/777
f 769/869/769 767/867/767 777/877/777
f 777/877/777 767/867/767 778/878/778
f 778/878/778 767/867/767 779/879/779
f 767/867/767 766/866/766 779/879/779
f 779/879/779 766/866/766 780/880/780
f 56/56/56 780/880/780 55/55/55
f 780/880/780 766/866/766 55/55/55
f 55/55/55 766/866/766 54/54/54
f 766/866/766 768/868/768 54/54/54
f 768/868/768 771/871/771 54/54/54
f 54/54/54 771/871/771 53/53/53
f 771/871/771 773/873/773 53/53/53
f 53/53/53 773/873/773 52/52/52
f 773/873/773 760/860/760 52/52/52
f 52/52/52 760/860/760 31/31/31
f 781/881/781 575/665/575 782/882/782
f 575/665/575 576/666/576 782/882/782
f 782/882/782 576/666/576 577/667/577
f 783/883/783 781/881/781 784/884/784
f 781/881/781 782/882/782 784/884/784
f 784/884/784 782/882/782 785/885/785
f 782/882/782 577/667/577 785/885/785
f 785/885/785 577/667/577 786/886/786
f 577/667/577 578/668/578 786/886/786
f 786/886/786 578/668/578 579/669/579
f 787/887/787 783/883/783 788/888/788
f 783/883/783 784/884/784 788/888/788
f 788/888/788 784/884/784 789/889/789
f 784/884/784 790/890/790 789/889/789
f 789/889/789 790/890/790 791/891/791
f 790/890/790 792/892/792 791/891/791
f 791/891/791 792/892/792 793/893/793
f 792/892/792 786/886/786 793/893/793
f 793/893/793 786/886/786 794/894/794
f 786/886/786 579/669/579 794/894/794
f 794/894/794 579/669/579 795/895/795
f 579/669/579 586/676/586 795/895/795
f 784/884/784 785/885/785 790/890/790
f 785/885/785 786/886/786 790/890/790
f 790/890/790 786/886/786 792/892/792
f 794/894/794 795/895/795 793/893/793
f 795/895/795 796/896/796 793/893/793
f 796/896/796 797/897/797 793/893/793
f 797/897/797 798/898/798 793/893/793
f 793/893/793 798/898/798 791/891/791
f 799/899/799 800/900/800 801/901/801
f 800/900/800 802/902/802 801/901/801
f 803/903/803 623/713/623 802/902/802
f 623/713/623 626/716/626 802/902/802
f 626/716/626 628/718/628 802/902/802
f 802/902/802 628/718/628 801/901/801
f 628/718/628 804/904/804 801/901/801
f 801/901/801 804/904/804 799/899/799
f 804/904/804 805/905/805 799/899/799
f 799/899/799 805/905/805 806/906/806
f 621/711/621 623/713/623 807/907/807
f 623/713/623 803/903/803 807/907/807
f 807/907/807 803/903/803 808/908/808
f 803/903/803 802/902/802 808/908/808
f 808/908/808 802/902/802 809/909/809
f 802/902/802 800/900/800 809/909/809
f 809/909/809 800/900/800 810/910/810
f 810/910/810 800/900/800 811/911/811
f 800/900/800 799/899/799 811/911/811
f 811/911/811 799/899/799 812/912/812
f 799/899/799 806/906/806 812/912/812
f 812/912/812 806/906/806 813/913/813
f 809/909/809 810/910/810 808/908/808
f 810/910/810 814/914/814 808/908/808
f 814/914/814 815/915/815 808/908/808
f 815/915/815 816/916/816 808/908/808
f 808/908/808 816/916/816 807/907/807
f 628/718/628 630/720/630 804/904/804
f 630/720/630 600/690/600 804/904/804
f 804/904/804 600/690/600 805/905/805
f 817/917/817 813/913/813 818/918/818
f 813/913/813 806/906/806 818/918/818
f 806/906/806 805/905/805 818/918/818
f 818/918/818 805/905/805 819/919/819
f 819/919/819 805/905/805 599/689/599
f 805/905/805 600/690/600 599/689/599
f 820/920/820 821/921/821 787/887/787
f 787/887/787 821/921/821 783/883/783
f 783/883/783 821/921/821 781/881/781
f 821/921/821 822/922/822 781/881/781
f 822/922/822 605/695/605 781/881/781
f 781/881/781 605/695/605 575/665/575
f 815/923/815 814/924/814 823/925/823
f 814/924/814 810/926/810 823/925/823
f 810/926/810 811/927/811 823/925/823
f 811/927/811 812/928/812 823/925/823
f 812/928/812 813/929/813 823/925/823
f 813/929/813 817/930/817 823/925/823
f 817/930/817 824/931/824 823/925/823
f 823/925/823 824/931/824 815/923/815
f 797/932/797 825/933/825 826/934/826
f 825/933/825 820/935/820 826/934/826
f 820/935/820 787/936/787 826/934/826
f 787/936/787 788/937/788 826/934/826
f 788/937/788 789/938/789 826/934/826
f 789/938/789 791/939/791 826/934/826
f 791/939/791 798/940/798 826/934/826
f 826/934/826 798/940/798 797/932/797
f 827/941/827 828/942/828 829/943/829
f 830/944/830 831/945/831 832/946/832
f 831/945/831 830/944/830 833/947/833
f 834/948/834 831/945/831 833/947/833
f 831/945/831 834/948/834 835/949/835
f 836/950/836 837/951/837 838/952/838
f 839/953/839 837/951/837 840/954/840
f 837/951/837 836/950/836 840/954/840
f 840/954/840 836/950/836 841/955/841
f 836/950/836 842/956/842 841/955/841
f 841/955/841 842/956/842 843/957/843
f 842/956/842 844/958/844 843/957/843
f 843/957/843 844/958/844 845/959/845
f 844/958/844 846/960/846 845/959/845
f 846/960/846 100/100/100 845/959/845
f 845/959/845 100/100/100 847/961/847
f 100/100/100 102/102/102 847/961/847
f 102/102/102 848/962/848 847/961/847
f 847/961/847 848/962/848 849/963/849
f 848/962/848 850/964/850 849/963/849
f 849/963/849 850/964/850 851/965/851
f 850/964/850 852/966/852 851/965/851
f 851/965/851 852/966/852 853/967/853
f 852/966/852 854/968/854 853/967/853
f 853/967/853 854/968/854 855/969/855
f 854/968/854 856/970/856 855/969/855
f 855/969/855 856/970/856 857/971/857
f 856/970/856 858/972/858 857/971/857
f 857/971/857 858/972/858 859/973/859
f 858/972/858 860/974/860 859/973/859
f 839/953/839 840/954/840 861/975/861
f 840/954/840 841/955/841 861/975/861
f 861/975/861 841/955/841 851/965/851
f 841/955/841 843/957/843 851/965/851
f 851/965/851 843/957/843 849/963/849
f 849/963/849 843/957/843 847/961/847
f 843/957/843 845/959/845 847/961/847
f 858/972/858 856/970/856 862/976/862
f 856/970/856 863/977/863 862/976/862
f 862/976/862 863/977/863 864/978/864
f 863/977/863 865/979/865 864/978/864
f 864/978/864 865/979/865 866/980/866
f 866/980/866 865/979/865 105/105/105
f 865/979/865 867/981/867 105/105/105
f 105/105/105 867/981/867 102/102/102
f 102/102/102 867/981/867 848/962/848
f 867/981/867 868/982/868 848/962/848
f 848/962/848 868/982/868 850/964/850
f 868/982/868 854/968/854 850/964/850
f 850/964/850 854/968/854 852/966/852
f 856/970/856 854/968/854 863/977/863
f 854/968/854 868/982/868 863/977/863
f 868/982/868 867/981/867 863/977/863
f 863/977/863 867/981/867 865/979/865
f 851/965/851 853/967/853 861/975/861
f 855/969/855 857/971/857 869/983/869
f 857/971/857 859/973/859 869/983/869
f 870/984/870 871/985/871 872/986/872
f 873/987/873 874/988/874 875/989/875
f 874/988/874 876/990/876 875/989/875
f 875/989/875 876/990/876 870/984/870
f 876/990/876 877/991/877 870/984/870
f 870/984/870 877/991/877 871/985/871
f 871/985/871 877/991/877 878/992/878
f 877/991/877 879/993/879 878/992/878
f 878/992/878 879/993/879 880/994/880
f 879/993/879 881/995/881 880/994/880
f 880/994/880 881/995/881 882/996/882
f 881/995/881 883/997/883 882/996/882
f 882/996/882 883/997/883 259/259/259
f 259/259/259 883/997/883 267/267/267
f 883/997/883 884/998/884 267/267/267
f 267/267/267 884/998/884 885/999/885
f 884/998/884 886/1000/886 885/999/885
f 885/999/885 886/1000/886 887/1001/887
f 887/1001/887 886/1000/886 888/1002/888
f 886/1000/886 889/1003/889 888/1002/888
f 888/1002/888 889/1003/889 874/988/874
f 874/988/874 889/1003/889 876/990/876
f 889/1003/889 879/993/879 876/990/876
f 876/990/876 879/993/879 877/991/877
f 879/993/879 889/1003/889 881/995/881
f 889/1003/889 886/1000/886 881/995/881
f 886/1000/886 884/998/884 881/995/881
f 881/995/881 884/998/884 883/997/883
f 890/1004/890 891/1005/891 892/1006/892
f 891/1005/891 893/1007/893 892/1006/892
f 892/1006/892 893/1007/893 894/1008/894
f 893/1007/893 895/1009/895 894/1008/894
f 894/1008/894 895/1009/895 896/1010/896
f 895/1009/895 897/1011/897 896/1010/896
f 896/1010/896 897/1011/897 898/1012/898
f 897/1011/897 899/1013/899 898/1012/898
f 898/1012/898 899/1013/899 255/255/255
f 255/255/255 899/1013/899 254/254/254
f 254/254/254 899/1013/899 259/259/259
f 259/259/259 899/1013/899 882/996/882
f 882/996/882 899/1013/899 880/994/880
f 880/994/880 899/1013/899 900/1014/900
f 899/1013/899 897/1011/897 900/1014/900
f 892/1006/892 894/1008/894 901/1015/901
f 894/1008/894 902/1016/902 901/1015/901
f 901/1015/901 902/1016/902 903/1017/903
f 903/1017/903 902/1016/902 904/1018/904
f 902/1016/902 905/1019/905 904/1018/904
f 904/1018/904 905/1019/905 256/256/256
f 905/1019/905 906/1020/906 256/256/256
f 256/256/256 906/1020/906 255/255/255
f 255/255/255 906/1020/906 898/1012/898
f 898/1012/898 906/1020/906 896/1010/896
f 906/1020/906 905/1019/905 896/1010/896
f 905/1019/905 902/1016/902 896/1010/896
f 896/1010/896 902/1016/902 894/1008/894
f 891/1005/891 828/942/828 893/1007/893
f 828/942/828 907/1021/907 893/1007/893
f 893/1007/893 907/1021/907 895/1009/895
f 907/1021/907 908/1022/908 895/1009/895
f 895/1009/895 908/1022/908 897/1011/897
f 828/942/828 827/941/827 907/1021/907
f 827/941/827 908/1022/908 907/1021/907
f 839/953/839 861/975/861 909/1023/909
f 861/975/861 853/967/853 909/1023/909
f 853/967/853 855/969/855 909/1023/909
f 909/1023/909 855/969/855 869/983/869
f 910/1024/910 831/1025/831 911/1026/911
f 831/1025/831 835/1027/835 911/1026/911
f 911/1026/911 835/1027/835 834/1028/834
f 912/1029/912 910/1024/910 913/1030/913
f 910/1024/910 911/1026/911 913/1030/913
f 913/1030/913 911/1026/911 914/1031/914
f 911/1026/911 834/1028/834 914/1031/914
f 914/1031/914 834/1028/834 915/1032/915
f 834/1028/834 833/1033/833 915/1032/915
f 915/1032/915 833/1033/833 830/1034/830
f 916/1035/916 917/1036/917 918/1037/918
f 917/1036/917 919/1038/919 918/1037/918
f 918/1037/918 919/1038/919 920/1039/920
f 919/1038/919 921/1040/921 920/1039/920
f 920/1039/920 921/1040/921 831/1041/831
f 831/1041/831 921/1040/921 832/1042/832
f 832/1042/832 921/1040/921 830/1034/830
f 921/1040/921 922/1043/922 830/1034/830
f 830/1034/830 922/1043/922 915/1032/915
f 922/1043/922 923/1044/923 915/1032/915
f 915/1032/915 923/1044/923 914/1031/914
f 923/1044/923 924/1045/924 914/1031/914
f 914/1031/914 924/1045/924 913/1030/913
f 924/1045/924 925/1046/925 913/1030/913
f 913/1030/913 925/1046/925 912/1029/912
f 925/1046/925 926/1047/926 912/1029/912
f 921/1040/921 919/1038/919 922/1043/922
f 919/1038/919 927/1048/927 922/1043/922
f 922/1043/922 927/1048/927 923/1044/923
f 927/1048/927 928/1049/928 923/1044/923
f 923/1044/923 928/1049/928 924/1045/924
f 928/1049/928 929/1050/929 924/1045/924
f 924/1045/924 929/1050/929 925/1046/925
f 919/1038/919 917/1036/917 927/1048/927
f 917/1036/917 930/1051/930 927/1048/927
f 927/1048/927 930/1051/930 928/1049/928
f 828/942/828 931/1052/931 829/943/829
f 839/953/839 909/1023/909 932/1053/932
f 909/1023/909 869/983/869 932/1053/932
f 699/793/699 933/1054/933 700/794/700
f 933/1054/933 934/1055/934 700/794/700
f 700/794/700 934/1055/934 702/796/702
f 704/798/704 702/796/702 935/1056/935
f 702/796/702 934/1055/934 935/1056/935
f 935/1056/935 934/1055/934 916/1035/916
f 916/1035/916 934/1055/934 917/1036/917
f 917/1036/917 934/1055/934 930/1051/930
f 934/1055/934 933/1054/933 930/1051/930
f 930/1051/930 933/1054/933 936/1057/936
f 933/1054/933 699/793/699 936/1057/936
f 936/1057/936 699/793/699 937/1058/937
f 699/793/699 697/791/697 937/1058/937
f 937/1058/937 697/791/697 938/1059/938
f 697/791/697 695/789/695 938/1059/938
f 938/1059/938 695/789/695 939/1060/939
f 695/789/695 694/788/694 939/1060/939
f 939/1060/939 926/1047/926 938/1059/938
f 926/1047/926 925/1046/925 938/1059/938
f 925/1046/925 929/1050/929 938/1059/938
f 938/1059/938 929/1050/929 937/1058/937
f 937/1058/937 929/1050/929 936/1057/936
f 929/1050/929 928/1049/928 936/1057/936
f 936/1057/936 928/1049/928 930/1051/930
f 655/747/655 659/751/659 940/1061/940
f 659/751/659 941/1062/941 940/1061/940
f 940/1061/940 941/1062/941 837/951/837
f 837/951/837 941/1062/941 838/952/838
f 838/952/838 941/1062/941 942/1063/942
f 942/1063/942 941/1062/941 643/734/643
f 643/734/643 941/1062/941 644/735/644
f 941/1062/941 659/751/659 644/735/644
f 837/951/837 839/953/839 940/1061/940
f 839/953/839 932/1053/932 940/1061/940
f 940/1061/940 932/1053/932 655/747/655
f 932/1053/932 943/1064/943 655/747/655
f 655/747/655 943/1064/943 654/746/654
f 943/1064/943 944/1065/944 654/746/654
f 654/746/654 944/1065/944 653/745/653
f 653/745/653 944/1065/944 661/754/661
f 661/754/661 944/1065/944 945/1066/945
f 945/1066/945 944/1065/944 860/974/860
f 860/974/860 944/1065/944 859/973/859
f 944/1065/944 943/1064/943 859/973/859
f 859/973/859 943/1064/943 869/983/869
f 943/1064/943 932/1053/932 869/983/869
f 664/757/664 666/759/666 946/1067/946
f 666/759/666 677/770/677 946/1067/946
f 946/1067/946 677/770/677 947/1068/947
f 677/770/677 676/769/676 947/1068/947
f 676/769/676 931/1052/931 947/1068/947
f 931/1052/931 828/942/828 947/1068/947
f 828/942/828 891/1005/891 947/1068/947
f 947/1068/947 891/1005/891 946/1067/946
f 891/1005/891 890/1004/890 946/1067/946
f 890/1004/890 948/1069/948 946/1067/946
f 946/1067/946 948/1069/948 664/757/664
f 872/986/872 949/1070/949 870/984/870
f 949/1070/949 950/1071/950 870/984/870
f 870/984/870 950/1071/950 875/989/875
f 950/1071/950 951/1072/951 875/989/875
f 875/989/875 951/1072/951 873/987/873
f 873/987/873 951/1072/951 952/1073/952
f 952/1073/952 951/1072/951 678/771/678
f 678/771/678 951/1072/951 679/772/679
f 679/772/679 951/1072/951 691/784/691
f 951/1072/951 950/1071/950 691/784/691
f 691/784/691 950/1071/950 690/783/690
f 950/1071/950 949/1070/949 690/783/690
f 953/1074/953 1/1/1 954/1075/954
f 1/1/1 3/3/3 954/1075/954
f 954/1075/954 3/3/3 955/1076/955
f 3/3/3 5/5/5 955/1076/955
f 955/1076/955 5/5/5 956/1077/956
f 5/5/5 7/7/7 956/1077/956
f 28/28/28 953/1078/953 23/23/23
f 953/1078/953 954/1079/954 23/23/23
f 954/1079/954 955/1080/955 23/23/23
f 23/23/23 955/1080/955 17/17/17
f 17/17/17 955/1080/955 18/18/18
f 955/1080/955 956/1081/956 18/18/18
f 957/1082/957 958/1083/958 29/29/29
f 29/29/29 958/1083/958 30/30/30
f 958/1083/958 959/1084/959 30/30/30
f 30/30/30 959/1084/959 33/33/33
f 959/1084/959 960/1085/960 33/33/33
f 33/33/33 960/1085/960 35/35/35
f 56/56/56 51/51/51 957/1086/957
f 957/1086/957 51/51/51 958/1087/958
f 958/1087/958 51/51/51 959/1088/959
f 51/51/51 38/38/38 959/1088/959
f 38/38/38 37/37/37 959/1088/959
f 959/1088/959 37/37/37 960/1089/960
f 961/1090/961 962/1091/962 120/120/120
f 962/1091/962 127/127/127 120/120/120
f 244/244/244 317/336/317 961/1092/961
f 317/336/317 962/1093/962 961/1092/961
f 962/1091/962 963/1094/963 127/127/127
f 963/1094/963 128/128/128 127/127/127
f 317/336/317 309/328/309 962/1093/962
f 309/328/309 963/1095/963 962/1093/962
f 107/107/107 964/1096/964 109/109/109
f 964/1096/964 965/1097/965 109/109/109
f 964/1098/964 140/140/140 965/1099/965
f 140/140/140 139/139/139 965/1099/965
f 106/106/106 966/1100/966 107/107/107
f 966/1100/966 964/1096/964 107/107/107
f 966/1101/966 154/155/155 964/1098/964
f 154/155/155 140/140/140 964/1098/964
f 967/1102/967 113/113/113 968/1103/968
f 113/113/113 111/111/111 968/1103/968
f 968/1103/968 111/111/111 965/1097/965
f 111/111/111 109/109/109 965/1097/965
f 969/1104/969 105/105/105 970/1105/970
f 105/105/105 104/104/104 970/1105/970
f 970/1105/970 104/104/104 967/1102/967
f 104/104/104 113/113/113 967/1102/967
f 971/1106/971 972/1107/972 124/124/124
f 124/124/124 972/1107/972 122/122/122
f 972/1107/972 961/1090/961 122/122/122
f 122/122/122 961/1090/961 120/120/120
f 971/1108/971 258/258/258 972/1109/972
f 258/258/258 245/245/245 972/1109/972
f 245/245/245 244/244/244 972/1109/972
f 972/1109/972 244/244/244 961/1092/961
f 973/1110/973 974/1111/974 100/100/100
f 100/100/100 974/1111/974 101/101/101
f 974/1111/974 971/1106/971 101/101/101
f 101/101/101 971/1106/971 124/124/124
f 258/258/258 971/1108/971 257/257/257
f 971/1108/971 974/1112/974 257/257/257
f 974/1112/974 973/1113/973 257/257/257
f 257/257/257 973/1113/973 256/256/256
f 267/267/267 969/1114/969 266/266/266
f 969/1114/969 970/1115/970 266/266/266
f 970/1115/970 967/1116/967 266/266/266
f 266/266/266 967/1116/967 265/265/265
f 965/1099/965 139/139/139 968/1117/968
f 139/139/139 138/138/138 968/1117/968
f 138/138/138 265/265/265 968/1117/968
f 968/1117/968 265/265/265 967/1116/967
f 395/486/395 975/1118/975 413/435/413
f 975/1118/975 976/1119/976 413/435/413
f 977/1120/977 978/1121/978 956/1081/956
f 978/1121/978 18/18/18 956/1081/956
f 14/14/14 425/1122/425 11/11/11
f 425/1122/425 976/1123/976 11/11/11
f 412/434/412 413/435/413 425/466/425
f 413/435/413 976/1119/976 425/466/425
f 979/1124/979 975/1125/975 396/418/396
f 975/1125/975 395/417/395 396/418/396
f 425/466/425 980/1126/980 424/465/424
f 980/1126/980 354/464/354 424/465/424
f 347/369/347 354/376/354 978/1127/978
f 354/376/354 980/1128/980 978/1127/978
f 18/18/18 978/1121/978 16/16/16
f 978/1121/978 980/1129/980 16/16/16
f 16/16/16 980/1129/980 14/14/14
f 980/1129/980 425/1122/425 14/14/14
f 956/1077/956 7/7/7 977/1130/977
f 977/1130/977 7/7/7 981/1131/981
f 7/7/7 8/8/8 981/1131/981
f 981/1131/981 8/8/8 979/1132/979
f 11/11/11 976/1123/976 9/9/9
f 976/1123/976 975/1133/975 9/9/9
f 975/1133/975 979/1132/979 9/9/9
f 9/9/9 979/1132/979 8/8/8
f 347/369/347 978/1127/978 346/368/346
f 978/1127/978 977/1134/977 346/368/346
f 977/1134/977 981/1135/981 346/368/346
f 346/368/346 981/1135/981 370/392/370
f 981/1135/981 979/1124/979 370/392/370
f 370/392/370 979/1124/979 396/418/396
f 982/1136/982 983/1137/983 470/526/470
f 983/1137/983 472/528/472 470/526/470
f 37/37/37 984/1138/984 960/1089/960
f 984/1138/984 985/1139/985 960/1089/960
f 982/1140/982 503/1141/503 43/43/43
f 503/1141/503 41/41/41 43/43/43
f 982/1136/982 470/526/470 503/559/503
f 470/526/470 487/543/487 503/559/503
f 472/612/472 983/1142/983 546/611/546
f 983/1142/983 986/1143/986 546/611/546
f 506/562/506 987/1144/987 504/560/504
f 987/1144/987 503/559/503 504/560/504
f 987/1145/987 506/607/506 984/1146/984
f 506/607/506 543/608/543 984/1146/984
f 960/1085/960 985/1147/985 35/35/35
f 985/1147/985 988/1148/988 35/35/35
f 35/35/35 988/1148/988 36/36/36
f 988/1148/988 986/1149/986 36/36/36
f 37/37/37 39/39/39 984/1138/984
f 984/1138/984 39/39/39 987/1150/987
f 39/39/39 41/41/41 987/1150/987
f 987/1150/987 41/41/41 503/1141/503
f 36/36/36 986/1149/986 46/46/46
f 986/1149/986 983/1151/983 46/46/46
f 983/1151/983 982/1140/982 46/46/46
f 46/46/46 982/1140/982 43/43/43
f 546/611/546 986/1143/986 545/610/545
f 986/1143/986 988/1152/988 545/610/545
f 545/610/545 988/1152/988 544/609/544
f 988/1152/988 985/1153/985 544/609/544
f 985/1153/985 984/1146/984 544/609/544
f 544/609/544 984/1146/984 543/608/543
f 989/1154/989 615/705/615 990/1155/990
f 615/705/615 614/704/614 990/1155/990
f 614/704/614 620/710/620 990/1155/990
f 990/1155/990 620/710/620 991/1156/991
f 620/710/620 622/712/622 991/1156/991
f 991/1156/991 622/712/622 992/1157/992
f 622/712/622 621/711/621 992/1157/992
f 992/1157/992 621/711/621 993/1158/993
f 994/1159/994 586/676/586 995/1160/995
f 586/676/586 587/677/587 995/1160/995
f 995/1160/995 587/677/587 996/1161/996
f 587/677/587 588/678/588 996/1161/996
f 996/1161/996 588/678/588 997/1162/997
f 588/678/588 589/679/589 997/1162/997
f 589/679/589 590/680/590 997/1162/997
f 997/1162/997 590/680/590 998/1163/998
f 605/695/605 994/1164/994 604/694/604
f 994/1164/994 995/1165/995 604/694/604
f 995/1165/995 996/1166/996 604/694/604
f 604/694/604 996/1166/996 603/693/603
f 996/1166/996 997/1167/997 603/693/603
f 603/693/603 997/1167/997 602/692/602
f 602/692/602 997/1167/997 601/691/601
f 997/1167/997 998/1168/998 601/691/601
f 599/689/599 597/687/597 993/1169/993
f 993/1169/993 597/687/597 992/1170/992
f 992/1170/992 597/687/597 991/1171/991
f 597/687/597 595/685/595 991/1171/991
f 991/1171/991 595/685/595 990/1172/990
f 595/685/595 592/682/592 990/1172/990
f 592/682/592 591/681/591 990/1172/990
f 990/1172/990 591/681/591 989/1173/989
f 999/1174/999 1000/1175/1000 672/765/672
f 1000/1175/1000 999/1174/999 1001/1176/1001
f 1002/1177/1002 1000/1175/1000 1001/1176/1001
f 1000/1175/1000 1002/1177/1002 686/779/686
f 668/761/668 1003/1178/1003 670/763/670
f 1003/1178/1003 1004/1179/1004 670/763/670
f 1005/1180/1005 1003/1181/1003 665/758/665
f 1003/1181/1003 668/761/668 665/758/665
f 1006/1182/1006 1007/1183/1007 665/758/665
f 1007/1183/1007 1005/1180/1005 665/758/665
f 1004/1179/1004 1008/1184/1008 670/763/670
f 1008/1184/1008 1009/1185/1009 670/763/670
f 1010/1186/1010 1011/1187/1011 633/723/633
f 1011/1187/1011 641/732/641 633/723/633
f 1007/1188/1007 1006/1189/1006 1012/1190/1012
f 1006/1189/1006 645/736/645 1012/1190/1012
f 1009/1185/1009 999/1174/999 670/763/670
f 999/1174/999 672/765/672 670/763/670
f 1013/1191/1013 1014/1192/1014 661/754/661
f 1014/1192/1014 660/753/660 661/754/661
f 1013/1193/1013 678/771/678 1014/1194/1014
f 678/771/678 680/773/680 1014/1194/1014
f 682/775/682 1015/1195/1015 680/773/680
f 1015/1195/1015 1016/1196/1016 680/773/680
f 1017/1197/1017 1015/1198/1015 684/777/684
f 1015/1198/1015 682/775/682 684/777/684
f 1018/1199/1018 1019/1200/1019 648/740/648
f 1019/1200/1019 1020/1201/1020 648/740/648
f 1021/1202/1021 1022/1203/1022 660/753/660
f 1022/1203/1022 647/752/647 660/753/660
f 1016/1196/1016 1023/1204/1023 680/773/680
f 1023/1204/1023 1014/1194/1014 680/773/680
f 1020/1205/1020 1019/1206/1019 684/777/684
f 1019/1206/1019 1017/1197/1017 684/777/684
f 647/739/647 1022/1207/1022 648/740/648
f 1022/1207/1022 1018/1199/1018 648/740/648
f 660/753/660 1014/1192/1014 1021/1202/1021
f 1014/1192/1014 1023/1208/1023 1021/1202/1021
f 686/779/686 1002/1177/1002 684/777/684
f 1002/1177/1002 1020/1205/1020 684/777/684
f 645/736/645 1006/1189/1006 643/734/643
f 1006/1189/1006 1024/1209/1024 643/734/643
f 665/758/665 664/757/664 1006/1182/1006
f 664/757/664 1024/1210/1024 1006/1182/1006
f 641/738/641 1011/1211/1011 645/736/645
f 1011/1211/1011 1012/1190/1012 645/736/645
f 1009/1212/1009 1008/1213/1008 633/723/633
f 1008/1213/1008 1010/1186/1010 633/723/633
f 1009/1212/1009 633/723/633 999/1214/999
f 633/723/633 632/722/632 999/1214/999
f 999/1214/999 632/722/632 1001/1215/1001
f 632/722/632 662/755/662 1001/1215/1001
f 662/755/662 663/756/663 1001/1215/1001
f 1001/1215/1001 663/756/663 1002/1216/1002
f 663/756/663 648/740/648 1002/1216/1002
f 1002/1216/1002 648/740/648 1020/1201/1020
f 1025/1217/1025 1026/1218/1026 720/820/720
f 1026/1218/1026 1027/1219/1027 720/820/720
f 1028/1220/1028 716/816/716 1029/1221/1029
f 716/816/716 1030/1222/1030 1029/1221/1029
f 1031/1223/1031 1032/1224/1032 722/822/722
f 1032/1224/1032 1033/1225/1033 722/822/722
f 1034/1226/1034 724/824/724 1035/1227/1035
f 724/824/724 1036/1228/1036 1035/1227/1035
f 714/814/714 1037/1229/1037 715/815/715
f 1037/1229/1037 1038/1230/1038 715/815/715
f 715/815/715 1038/1230/1038 106/106/106
f 1038/1230/1038 966/1100/966 106/106/106
f 1027/1231/1027 1039/1232/1039 1040/1233/1040
f 1039/1232/1039 66/66/66 1040/1233/1040
f 1040/1233/1040 66/66/66 1030/1234/1030
f 66/66/66 64/64/64 1030/1234/1030
f 72/72/72 1028/1235/1028 70/70/70
f 1028/1235/1028 1029/1236/1029 70/70/70
f 70/70/70 1029/1236/1029 64/64/64
f 1029/1236/1029 1030/1234/1030 64/64/64
f 707/807/707 706/806/706 1039/1237/1039
f 1039/1237/1039 706/806/706 1041/1238/1041
f 706/806/706 128/128/128 1041/1238/1041
f 1041/1238/1041 128/128/128 963/1094/963
f 1039/1237/1039 1027/1239/1027 707/807/707
f 1027/1239/1027 1026/1240/1026 707/807/707
f 1026/1240/1026 1025/1241/1025 707/807/707
f 707/807/707 1025/1241/1025 709/809/709
f 709/809/709 1025/1241/1025 710/810/710
f 1025/1241/1025 1042/1242/1042 710/810/710
f 1042/1242/1042 1033/1243/1033 710/810/710
f 710/810/710 1033/1243/1033 713/813/713
f 720/820/720 1027/1219/1027 718/818/718
f 1027/1219/1027 1040/1244/1040 718/818/718
f 1040/1244/1040 1030/1222/1030 718/818/718
f 718/818/718 1030/1222/1030 716/816/716
f 66/66/66 1039/1232/1039 67/67/67
f 1039/1232/1039 1041/1245/1041 67/67/67
f 1041/1245/1041 963/1095/963 67/67/67
f 67/67/67 963/1095/963 309/328/309
f 713/813/713 1033/1243/1033 714/814/714
f 1033/1243/1033 1032/1246/1032 714/814/714
f 1032/1246/1032 1031/1247/1031 714/814/714
f 714/814/714 1031/1247/1031 1037/1229/1037
f 1031/1248/1031 1043/1249/1043 1037/1250/1037
f 1037/1250/1037 1043/1249/1043 89/89/89
f 1043/1249/1043 1034/1251/1034 89/89/89
f 89/89/89 1034/1251/1034 83/83/83
f 79/79/79 81/81/81 1036/1252/1036
f 1036/1252/1036 81/81/81 1035/1253/1035
f 81/81/81 83/83/83 1035/1253/1035
f 1035/1253/1035 83/83/83 1034/1251/1034
f 722/822/722 1033/1225/1033 721/821/721
f 1033/1225/1033 1042/1254/1042 721/821/721
f 1042/1254/1042 1025/1217/1025 721/821/721
f 721/821/721 1025/1217/1025 720/820/720
f 154/155/155 966/1101/966 90/90/90
f 966/1101/966 1038/1255/1038 90/90/90
f 1038/1255/1038 1037/1250/1037 90/90/90
f 90/90/90 1037/1250/1037 89/89/89
f 724/824/724 1034/1226/1034 723/823/723
f 1034/1226/1034 1043/1256/1043 723/823/723
f 1043/1256/1043 1031/1223/1031 723/823/723
f 723/823/723 1031/1223/1031 722/822/722
f 1036/1228/1036 724/824/724 1044/1257/1044
f 724/824/724 717/817/717 1044/1257/1044
f 1044/1257/1044 717/817/717 1045/1258/1045
f 1045/1258/1045 717/817/717 1046/1259/1046
f 717/817/717 716/816/716 1046/1259/1046
f 1046/1259/1046 716/816/716 1028/1220/1028
f 1028/1235/1028 72/72/72 1046/1260/1046
f 72/72/72 74/74/74 1046/1260/1046
f 1046/1260/1046 74/74/74 1045/1261/1045
f 74/74/74 76/76/76 1045/1261/1045
f 76/76/76 77/77/77 1045/1261/1045
f 1045/1261/1045 77/77/77 1044/1262/1044
f 77/77/77 79/79/79 1044/1262/1044
f 1044/1262/1044 79/79/79 1036/1252/1036
f 1047/1263/1047 1048/1264/1048 725/825/725
f 1048/1264/1048 1049/1265/1049 725/825/725
f 1048/1266/1048 1050/1267/1050 1049/1268/1049
f 1050/1267/1050 733/833/733 1049/1268/1049
f 725/825/725 1049/1265/1049 591/681/591
f 1049/1265/1049 989/1173/989 591/681/591
f 1049/1268/1049 733/833/733 989/1154/989
f 733/833/733 615/705/615 989/1154/989
f 1010/1269/1010 1008/1270/1008 1047/1271/1047
f 1008/1270/1008 1048/1272/1048 1047/1271/1047
f 1007/1188/1007 1012/1190/1012 1051/1273/1051
f 1012/1190/1012 1052/1274/1052 1051/1273/1051
f 1005/1180/1005 1007/1183/1007 1053/1275/1053
f 1007/1183/1007 1051/1276/1051 1053/1275/1053
f 1008/1277/1008 1004/1278/1004 1048/1279/1048
f 1004/1278/1004 1050/1280/1050 1048/1279/1048
f 1054/1281/1054 1055/1282/1055 728/828/728
f 1055/1282/1055 1056/1283/1056 728/828/728
f 734/834/734 1057/1284/1057 1054/1285/1054
f 1057/1284/1057 1055/1286/1055 1054/1285/1054
f 998/1168/998 1054/1281/1054 601/691/601
f 1054/1281/1054 728/828/728 601/691/601
f 590/680/590 734/834/734 998/1163/998
f 734/834/734 1054/1285/1054 998/1163/998
f 1055/1287/1055 1019/1288/1019 1056/1289/1056
f 1019/1288/1019 1018/1290/1018 1056/1289/1056
f 1058/1291/1058 1021/1202/1021 1059/1292/1059
f 1021/1202/1021 1023/1208/1023 1059/1292/1059
f 1059/1293/1059 1023/1204/1023 1060/1294/1060
f 1023/1204/1023 1016/1196/1016 1060/1294/1060
f 1057/1295/1057 1017/1296/1017 1055/1297/1055
f 1017/1296/1017 1019/1298/1019 1055/1297/1055
f 1017/1296/1017 1057/1295/1057 1015/1195/1015
f 1057/1295/1057 1061/1299/1061 1015/1195/1015
f 1015/1195/1015 1061/1299/1061 1016/1196/1016
f 1061/1299/1061 1060/1294/1060 1016/1196/1016
f 733/833/733 1050/1267/1050 732/832/732
f 1050/1267/1050 1062/1300/1062 732/832/732
f 732/832/732 1062/1300/1062 731/831/731
f 1062/1300/1062 1053/1301/1053 731/831/731
f 1056/1289/1056 1018/1290/1018 1063/1302/1063
f 1018/1290/1018 1022/1203/1022 1063/1302/1063
f 1063/1302/1063 1022/1203/1022 1058/1291/1058
f 1022/1203/1022 1021/1202/1021 1058/1291/1058
f 731/831/731 1053/1301/1053 730/830/730
f 1053/1301/1053 1051/1303/1051 730/830/730
f 1051/1303/1051 1052/1304/1052 730/830/730
f 730/830/730 1052/1304/1052 729/829/729
f 729/829/729 1052/1304/1052 726/826/726
f 1052/1304/1052 1064/1305/1064 726/826/726
f 1064/1305/1064 1047/1263/1047 726/826/726
f 726/826/726 1047/1263/1047 725/825/725
f 1004/1278/1004 1003/1181/1003 1050/1280/1050
f 1050/1280/1050 1003/1181/1003 1062/1306/1062
f 1003/1181/1003 1005/1180/1005 1062/1306/1062
f 1062/1306/1062 1005/1180/1005 1053/1275/1053
f 1047/1271/1047 1064/1307/1064 1010/1269/1010
f 1010/1269/1010 1064/1307/1064 1011/1211/1011
f 1064/1307/1064 1052/1274/1052 1011/1211/1011
f 1011/1211/1011 1052/1274/1052 1012/1190/1012
f 728/828/728 1056/1283/1056 727/827/727
f 1056/1283/1056 1063/1308/1063 727/827/727
f 1063/1308/1063 1058/1309/1058 727/827/727
f 727/827/727 1058/1309/1058 738/838/738
f 738/838/738 1058/1309/1058 737/837/737
f 1058/1309/1058 1059/1310/1059 737/837/737
f 1059/1310/1059 1060/1311/1060 737/837/737
f 737/837/737 1060/1311/1060 736/836/736
f 734/834/734 735/835/735 1057/1284/1057
f 1057/1284/1057 735/835/735 1061/1312/1061
f 735/835/735 736/836/736 1061/1312/1061
f 1061/1312/1061 736/836/736 1060/1311/1060
f 756/856/756 757/857/757 1065/1313/1065
f 757/857/757 1066/1314/1066 1065/1313/1065
f 755/855/755 756/856/756 1067/1315/1067
f 756/856/756 1065/1313/1065 1067/1315/1067
f 1067/1315/1067 1065/1313/1065 1068/1316/1068
f 1068/1316/1068 1065/1313/1065 1069/1317/1069
f 1065/1313/1065 1066/1314/1066 1069/1317/1069
f 1069/1317/1069 1066/1314/1066 1070/1318/1070
f 744/844/744 1071/1319/1071 1072/1320/1072
f 1071/1319/1071 1073/1321/1073 1072/1320/1072
f 1072/1320/1072 1073/1321/1073 1074/1322/1074
f 1073/1321/1073 1075/1323/1075 1074/1322/1074
f 743/843/743 744/844/744 1076/1324/1076
f 744/844/744 1072/1320/1072 1076/1324/1076
f 1076/1324/1076 1072/1320/1072 1077/1325/1077
f 1072/1320/1072 1074/1322/1074 1077/1325/1077
f 1068/1316/1068 1075/1326/1075 1067/1315/1067
f 1075/1326/1075 1073/1327/1073 1067/1315/1067
f 1067/1315/1067 1073/1327/1073 755/855/755
f 1073/1327/1073 1071/1328/1071 755/855/755
f 743/843/743 1076/1324/1076 759/859/759
f 759/859/759 1076/1324/1076 1078/1329/1078
f 1076/1324/1076 1077/1325/1077 1078/1329/1078
f 1078/1329/1078 1077/1325/1077 1079/1330/1079
f 1/1/1 953/1074/953 740/840/740
f 953/1074/953 1080/1331/1080 740/840/740
f 740/840/740 1080/1331/1080 742/842/742
f 1080/1331/1080 1081/1332/1081 742/842/742
f 742/842/742 1081/1332/1081 744/844/744
f 1081/1332/1081 1071/1319/1071 744/844/744
f 28/28/28 753/853/753 953/1078/953
f 953/1078/953 753/853/753 1080/1333/1080
f 1080/1333/1080 753/853/753 1081/1334/1081
f 753/853/753 754/854/754 1081/1334/1081
f 754/854/754 755/855/755 1081/1334/1081
f 1081/1334/1081 755/855/755 1071/1328/1071
f 757/857/757 758/858/758 1066/1314/1066
f 758/858/758 1082/1335/1082 1066/1314/1066
f 1066/1314/1066 1082/1335/1082 1070/1318/1070
f 1070/1318/1070 1082/1335/1082 1083/1336/1083
f 1083/1336/1083 1082/1335/1082 1079/1330/1079
f 1079/1330/1079 1082/1335/1082 1078/1329/1078
f 1082/1335/1082 758/858/758 1078/1329/1078
f 1078/1329/1078 758/858/758 759/859/759
f 1084/1337/1084 1085/1338/1085 1086/1339/1086
f 1085/1338/1085 1087/1340/1087 1086/1339/1086
f 778/878/778 1087/1340/1087 777/877/777
f 1087/1340/1087 1085/1338/1085 777/877/777
f 777/877/777 1085/1338/1085 776/876/776
f 776/876/776 1085/1338/1085 1088/1341/1088
f 1085/1338/1085 1084/1337/1084 1088/1341/1088
f 1088/1341/1088 1084/1337/1084 1089/1342/1089
f 764/864/764 774/874/774 1090/1343/1090
f 774/874/774 1091/1344/1091 1090/1343/1090
f 1090/1343/1090 1091/1344/1091 1092/1345/1092
f 1091/1344/1091 1093/1346/1093 1092/1345/1092
f 1086/1339/1086 1087/1340/1087 1094/1347/1094
f 1094/1347/1094 1087/1340/1087 1095/1348/1095
f 1087/1340/1087 778/878/778 1095/1348/1095
f 1095/1348/1095 778/878/778 1096/1349/1096
f 765/865/765 1097/1350/1097 1096/1351/1096
f 1096/1351/1096 1097/1350/1097 1095/1352/1095
f 1097/1350/1097 1098/1353/1098 1095/1352/1095
f 1095/1352/1095 1098/1353/1098 1094/1354/1094
f 764/864/764 1090/1343/1090 765/865/765
f 765/865/765 1090/1343/1090 1097/1350/1097
f 1090/1343/1090 1092/1345/1092 1097/1350/1097
f 1097/1350/1097 1092/1345/1092 1098/1353/1098
f 29/29/29 761/861/761 957/1082/957
f 957/1082/957 761/861/761 1099/1355/1099
f 761/861/761 763/863/763 1099/1355/1099
f 1099/1355/1099 763/863/763 1100/1356/1100
f 763/863/763 765/865/765 1100/1356/1100
f 1100/1356/1100 765/865/765 1096/1351/1096
f 56/56/56 957/1086/957 780/880/780
f 957/1086/957 1099/1357/1099 780/880/780
f 1099/1357/1099 1100/1358/1100 780/880/780
f 780/880/780 1100/1358/1100 779/879/779
f 779/879/779 1100/1358/1100 778/878/778
f 1100/1358/1100 1096/1349/1096 778/878/778
f 774/874/774 775/875/775 1091/1344/1091
f 775/875/775 1101/1359/1101 1091/1344/1091
f 1091/1344/1091 1101/1359/1101 1093/1346/1093
f 1093/1346/1093 1101/1359/1101 1102/1360/1102
f 1102/1360/1102 1101/1359/1101 1089/1342/1089
f 1089/1342/1089 1101/1359/1101 1088/1341/1088
f 1101/1359/1101 775/875/775 1088/1341/1088
f 1088/1341/1088 775/875/775 776/876/776
f 820/920/820 825/1361/825 821/921/821
f 825/1361/825 1103/1362/1103 821/921/821
f 821/921/821 1103/1362/1103 822/922/822
f 1103/1362/1103 1104/1363/1104 822/922/822
f 822/922/822 1104/1363/1104 605/695/605
f 1104/1363/1104 994/1164/994 605/695/605
f 817/917/817 818/918/818 824/1364/824
f 824/1364/824 818/918/818 1105/1365/1105
f 818/918/818 819/919/819 1105/1365/1105
f 1105/1365/1105 819/919/819 1106/1366/1106
f 819/919/819 599/689/599 1106/1366/1106
f 1106/1366/1106 599/689/599 993/1169/993
f 993/1158/993 621/711/621 1106/1367/1106
f 621/711/621 807/907/807 1106/1367/1106
f 1106/1367/1106 807/907/807 1105/1368/1105
f 807/907/807 816/916/816 1105/1368/1105
f 816/916/816 815/915/815 1105/1368/1105
f 1105/1368/1105 815/915/815 824/1369/824
f 825/1370/825 797/897/797 1103/1371/1103
f 797/897/797 796/896/796 1103/1371/1103
f 796/896/796 795/895/795 1103/1371/1103
f 1103/1371/1103 795/895/795 1104/1372/1104
f 795/895/795 586/676/586 1104/1372/1104
f 1104/1372/1104 586/676/586 994/1159/994
f 838/952/838 1107/1373/1107 836/950/836
f 1107/1373/1107 1108/1374/1108 836/950/836
f 1108/1375/1108 1107/1376/1107 892/1006/892
f 1107/1376/1107 890/1004/890 892/1006/892
f 1092/1377/1092 842/956/842 1098/1378/1098
f 842/956/842 836/950/836 1098/1378/1098
f 1089/1379/1089 903/1017/903 1102/1380/1102
f 903/1017/903 1109/1381/1109 1102/1380/1102
f 1109/1382/1109 844/958/844 1102/1383/1102
f 844/958/844 1093/1384/1093 1102/1383/1102
f 1108/1375/1108 892/1006/892 1094/1385/1094
f 892/1006/892 1086/1386/1086 1094/1385/1094
f 1092/1377/1092 1093/1384/1093 842/956/842
f 1093/1384/1093 844/958/844 842/956/842
f 1108/1374/1108 1094/1387/1094 836/950/836
f 1094/1387/1094 1098/1378/1098 836/950/836
f 1110/1388/1110 1111/1389/1111 858/972/858
f 1111/1389/1111 860/974/860 858/972/858
f 873/987/873 1111/1390/1111 874/988/874
f 1111/1390/1111 1110/1391/1110 874/988/874
f 858/972/858 862/976/862 1074/1392/1074
f 862/976/862 1077/1393/1077 1074/1392/1074
f 1112/1394/1112 887/1001/887 1083/1395/1083
f 887/1001/887 1070/1396/1070 1083/1395/1083
f 1079/1397/1079 864/978/864 1083/1398/1083
f 864/978/864 1112/1399/1112 1083/1398/1083
f 1068/1400/1068 874/988/874 1075/1401/1075
f 874/988/874 1110/1391/1110 1075/1401/1075
f 864/978/864 1079/1397/1079 862/976/862
f 1079/1397/1079 1077/1393/1077 862/976/862
f 1074/1392/1074 1075/1402/1075 858/972/858
f 1075/1402/1075 1110/1388/1110 858/972/858
f 1070/1396/1070 887/1001/887 1069/1403/1069
f 887/1001/887 888/1002/888 1069/1403/1069
f 1069/1403/1069 888/1002/888 1068/1400/1068
f 888/1002/888 874/988/874 1068/1400/1068
f 256/256/256 973/1113/973 904/1018/904
f 973/1113/973 1113/1404/1113 904/1018/904
f 904/1018/904 1113/1404/1113 903/1017/903
f 1113/1404/1113 1109/1381/1109 903/1017/903
f 105/105/105 969/1104/969 866/980/866
f 969/1104/969 1114/1405/1114 866/980/866
f 866/980/866 1114/1405/1114 864/978/864
f 1114/1405/1114 1112/1399/1112 864/978/864
f 100/100/100 846/960/846 973/1110/973
f 973/1110/973 846/960/846 1113/1406/1113
f 846/960/846 844/958/844 1113/1406/1113
f 1113/1406/1113 844/958/844 1109/1382/1109
f 1089/1379/1089 1084/1407/1084 903/1017/903
f 903/1017/903 1084/1407/1084 901/1015/901
f 1084/1407/1084 1086/1386/1086 901/1015/901
f 901/1015/901 1086/1386/1086 892/1006/892
f 267/267/267 885/999/885 969/1114/969
f 969/1114/969 885/999/885 1114/1408/1114
f 885/999/885 887/1001/887 1114/1408/1114
f 1114/1408/1114 887/1001/887 1112/1394/1112
f 1111/1390/1111 873/987/873 1115/1409/1115
f 873/987/873 952/1073/952 1115/1409/1115
f 1115/1409/1115 952/1073/952 1013/1193/1013
f 952/1073/952 678/771/678 1013/1193/1013
f 643/734/643 1024/1209/1024 942/1063/942
f 1024/1209/1024 1116/1410/1116 942/1063/942
f 1116/1410/1116 1107/1373/1107 942/1063/942
f 942/1063/942 1107/1373/1107 838/952/838
f 1107/1376/1107 1116/1411/1116 890/1004/890
f 890/1004/890 1116/1411/1116 948/1069/948
f 1116/1411/1116 1024/1210/1024 948/1069/948
f 948/1069/948 1024/1210/1024 664/757/664
f 860/974/860 1111/1389/1111 945/1066/945
f 1111/1389/1111 1115/1412/1115 945/1066/945
f 1115/1412/1115 1013/1191/1013 945/1066/945
f 945/1066/945 1013/1191/1013 661/754/661
f 704/798/704 1117/1413/1117 705/799/705
f 1117/1413/1117 1118/1414/1118 705/799/705
f 1118/1414/1118 1119/1415/1119 705/799/705
f 705/799/705 1119/1415/1119 636/800/636
f 640/785/640 1119/1416/1119 692/786/692
f 1119/1416/1119 1120/1417/1120 692/786/692
f 1120/1417/1120 1121/1418/1121 692/786/692
f 692/786/692 1121/1418/1121 694/788/694
f 690/783/690 1121/1419/1121 689/782/689
f 1121/1419/1121 1120/1420/1120 689/782/689
f 689/782/689 1120/1420/1120 687/780/687
f 1120/1420/1120 1119/1421/1119 687/780/687
f 687/780/687 1119/1421/1119 686/779/686
f 686/779/686 1119/1421/1119 1000/1175/1000
f 1000/1175/1000 1119/1421/1119 672/765/672
f 672/765/672 1119/1421/1119 673/766/673
f 1119/1421/1119 1118/1420/1118 673/766/673
f 673/766/673 1118/1420/1118 675/768/675
f 1118/1420/1118 1117/1419/1117 675/768/675
f 675/768/675 1117/1419/1117 676/769/676
f 1122/1422/1122 827/941/827 829/943/829
f 1123/1423/1123 920/1039/920 900/1424/900
f 920/1039/920 831/1041/831 900/1424/900
f 831/1025/831 910/1024/910 900/1425/900
f 910/1024/910 1124/1426/1124 900/1425/900
f 1122/1427/1122 916/1035/916 1125/1428/1125
f 916/1035/916 918/1037/918 1125/1428/1125
f 1125/1428/1125 918/1037/918 1123/1423/1123
f 918/1037/918 920/1039/920 1123/1423/1123
f 1126/1429/1126 1127/1430/1127 926/1047/926
f 926/1047/926 1127/1430/1127 912/1029/912
f 1127/1430/1127 1124/1426/1124 912/1029/912
f 912/1029/912 1124/1426/1124 910/1024/910
f 1122/1422/1122 1125/1431/1125 827/941/827
f 1125/1431/1125 1123/1432/1123 827/941/827
f 827/941/827 1123/1432/1123 908/1022/908
f 1123/1432/1123 900/1014/900 908/1022/908
f 908/1022/908 900/1014/900 897/1011/897
f 880/994/880 900/1014/900 878/992/878
f 900/1014/900 1124/1432/1124 878/992/878
f 878/992/878 1124/1432/1124 871/985/871
f 1124/1432/1124 1127/1431/1127 871/985/871
f 1127/1431/1127 1126/1422/1126 871/985/871
f 871/985/871 1126/1422/1126 872/986/872
f 931/1052/931 676/769/676 1128/1433/1128
f 676/769/676 1117/1419/1117 1128/1433/1128
f 931/1052/931 1128/1433/1128 829/943/829
f 1128/1433/1128 1122/1422/1122 829/943/829
f 1117/1413/1117 704/798/704 1128/1434/1128
f 704/798/704 935/1056/935 1128/1434/1128
f 1128/1434/1128 935/1056/935 1122/1427/1122
f 935/1056/935 916/1035/916 1122/1427/1122
f 939/1060/939 694/788/694 1129/1435/1129
f 694/788/694 1121/1418/1121 1129/1435/1129
f 926/1047/926 939/1060/939 1126/1429/1126
f 939/1060/939 1129/1435/1129 1126/1429/1126
f 1121/1419/1121 690/783/690 1129/1433/1129
f 690/783/690 949/1070/949 1129/1433/1129
f 949/1070/949 872/986/872 1129/1433/1129
f 1129/1433/1129 872/986/872 1126/1422/1126
o tounge.001
v 0.127906 1.397549 0.254919
v 0.105107 1.384647 0.295602
v 0.127813 1.378805 0.257892
v 0.105204 1.403714 0.292624
v 0.134853 1.384347 0.208465
v 0.137026 1.353154 0.167656
v 0.137066 1.371414 0.162654
v 0.134767 1.365638 0.211412
v -0.129685 1.360974 0.129745
v -0.128953 1.357073 0.170836
v -0.128913 1.375299 0.165672
v -0.129720 1.342749 0.134922
v -0.091885 1.405384 0.296131
v -0.116084 1.381030 0.262126
v -0.091982 1.385960 0.299317
v -0.115991 1.400044 0.258949
v -0.050212 1.389333 0.324731
v -0.050112 1.408402 0.321902
v 0.007425 1.410458 0.335346
v 0.064314 1.388348 0.322695
v 0.064414 1.407610 0.319759
v 0.007325 1.391247 0.338255
v 0.005864 1.379661 0.260170
v 0.006589 1.385431 0.298871
v 0.136297 1.358740 0.125228
v 0.135485 1.319417 0.100342
v 0.135518 1.340770 0.093740
v 0.136262 1.338836 0.132052
v -0.124835 1.388517 0.211418
v -0.124921 1.369820 0.214519
v -0.130466 1.345827 0.094321
v -0.130499 1.324410 0.101561
v 0.003271 1.333582 0.140666
v 0.002493 1.319666 0.103574
v 0.004926 1.365312 0.214944
v 0.004036 1.352746 0.171282
v 0.001678 1.295097 0.068580
v 0.134671 1.296178 0.063462
v -0.131315 1.299238 0.066498
v -0.131472 1.329381 0.047548
v 0.001521 1.325641 0.050835
v 0.002526 1.339927 0.098589
v 0.134513 1.326543 0.044910
v 0.133587 1.234834 0.026619
v 0.000594 1.234592 0.030439
v -0.132399 1.236964 0.030956
v -0.133164 1.227412 -0.007272
v -0.000171 1.225601 -0.007241
v 0.132822 1.225603 -0.011741
v 0.003306 1.353259 0.134882
v 0.004077 1.371029 0.166393
v 0.005013 1.385895 0.210576
v 0.005957 1.398677 0.257016
v 0.006686 1.404610 0.295837
vn 0.7025 0.7056 0.0927
vn 0.5441 -0.5768 0.6094
vn 0.7068 -0.5905 0.3896
vn 0.5476 0.7308 0.4075
vn 0.7217 0.6821 -0.1178
vn 0.7290 -0.6442 0.2313
vn 0.7080 0.6762 -0.2036
vn 0.7109 -0.6546 0.2571
vn -0.6820 0.6822 -0.2635
vn -0.7413 -0.6165 0.2654
vn -0.6867 0.6964 -0.2085
vn -0.7478 -0.5935 0.2976
vn -0.5185 0.7393 0.4296
vn -0.7072 -0.5823 0.4010
vn -0.5321 -0.5699 0.6262
vn -0.6844 0.7178 0.1284
vn -0.2870 -0.5669 0.7721
vn -0.2797 0.7616 0.5845
vn 0.0174 0.7608 0.6488
vn 0.3067 -0.5738 0.7594
vn 0.3117 0.7605 0.5696
vn 0.0108 -0.5351 0.8447
vn -0.0017 -0.9747 0.2235
vn -0.0046 -0.9894 0.1453
vn 0.6686 0.6669 -0.3288
vn 0.7235 -0.5982 0.3446
vn 0.7205 0.6369 -0.2743
vn 0.7422 -0.6008 0.2970
vn -0.7010 0.7069 -0.0938
vn -0.7255 -0.6346 0.2661
vn -0.6980 0.6739 -0.2422
vn -0.7387 -0.5667 0.3648
vn 0.0003 -0.8929 0.4502
vn -0.0138 -0.8843 0.4667
vn -0.0065 -0.9583 0.2855
vn 0.0013 -0.9165 0.4000
vn -0.0051 -0.6902 0.7236
vn 0.7764 -0.4503 0.4410
vn -0.7632 -0.4260 0.4858
vn -0.6229 0.5997 -0.5024
vn 0.0020 0.7835 -0.6213
vn 0.0200 0.9477 -0.3185
vn 0.6174 0.6085 -0.4986
vn 0.8411 -0.2923 0.4550
vn 0.0016 -0.5274 0.8496
vn -0.8253 -0.2691 0.4965
vn -0.4558 0.4390 -0.7743
vn -0.0146 0.4993 -0.8663
vn 0.4414 0.4335 -0.7856
vn 0.0012 0.9068 -0.4216
vn -0.0053 0.9181 -0.3963
vn 0.0065 0.9576 -0.2881
vn 0.0064 0.9778 -0.2093
vn 0.0052 0.9892 -0.1468
vt 0.583033 0.753316
vt 0.630679 0.847295
vt 0.601361 0.733690
vt 0.615861 0.880549
vt 0.571955 0.635593
vt 0.587535 0.521565
vt 0.567253 0.520743
vt 0.591474 0.628578
vt 0.940845 0.410867
vt 0.920682 0.521565
vt 0.940845 0.520743
vt 0.920690 0.411220
vt 0.892348 0.880549
vt 0.906848 0.733690
vt 0.877537 0.847295
vt 0.925185 0.753316
vt 0.825833 0.919296
vt 0.834441 0.961191
vt 0.754108 1.001181
vt 0.682384 0.919296
vt 0.673776 0.961191
vt 0.754108 0.955008
vt 0.754108 0.733690
vt 0.754108 0.847392
vt 0.567253 0.410867
vt 0.587527 0.301182
vt 0.567253 0.300531
vt 0.587527 0.411220
vt 0.936262 0.635593
vt 0.916743 0.628578
vt 0.940845 0.300531
vt 0.920690 0.301182
vt 0.754108 0.411220
vt 0.754108 0.301182
vt 0.754108 0.628578
vt 0.754108 0.521565
vt 0.754108 0.179794
vt 0.587527 0.179794
vt 0.920690 0.179794
vt 0.940940 0.179623
vt 0.207087 0.153362
vt 0.388018 0.298759
vt 0.207071 0.298759
vt 0.388201 0.153362
vt 0.026219 0.153362
vt 0.026029 0.298759
vt 0.567119 0.179794
vt 0.587527 0.009499
vt 0.754108 0.009499
vt 0.920690 0.009499
vt 0.972705 0.009279
vt 0.388201 0.014167
vt 0.207087 0.014167
vt 0.026219 0.014167
vt 0.535425 0.009603
vt 0.388018 0.412959
vt 0.207071 0.412959
vt 0.026037 0.412959
vt 0.207071 0.527160
vt 0.026037 0.527160
vt 0.207071 0.641371
vt 0.030317 0.641371
vt 0.207071 0.755573
vt 0.041062 0.755573
vt 0.072913 0.879006
vt 0.207071 0.879111
vt 0.129097 0.957236
vt 0.207071 0.996031
vt 0.284958 0.957236
vt 0.341134 0.879006
vt 0.372985 0.755573
vt 0.383730 0.641371
vt 0.388010 0.527160
s 1
usemtl Material.006
f 1130/1436/1130 1131/1437/1131 1132/1438/1132
f 1133/1439/1133 1131/1437/1131 1130/1436/1130
f 1134/1440/1134 1135/1441/1135 1136/1442/1136
f 1135/1441/1135 1134/1440/1134 1137/1443/1137
f 1138/1444/1138 1139/1445/1139 1140/1446/1140
f 1139/1445/1139 1138/1444/1138 1141/1447/1141
f 1142/1448/1142 1143/1449/1143 1144/1450/1144
f 1143/1449/1143 1142/1448/1142 1145/1451/1145
f 1142/1448/1142 1146/1452/1146 1147/1453/1147
f 1146/1452/1146 1142/1448/1142 1144/1450/1144
f 1148/1454/1148 1149/1455/1149 1150/1456/1150
f 1149/1455/1149 1148/1454/1148 1151/1457/1151
f 1152/1458/1152 1131/1437/1131 1153/1459/1153
f 1131/1437/1131 1152/1458/1152 1132/1438/1132
f 1154/1460/1154 1155/1461/1155 1156/1462/1156
f 1155/1461/1155 1154/1460/1154 1157/1463/1157
f 1136/1442/1136 1157/1463/1157 1154/1460/1154
f 1157/1463/1157 1136/1442/1136 1135/1441/1135
f 1137/1443/1137 1130/1436/1130 1132/1438/1132
f 1130/1436/1130 1137/1443/1137 1134/1440/1134
f 1158/1464/1158 1143/1449/1143 1145/1451/1145
f 1143/1449/1143 1158/1464/1158 1159/1465/1159
f 1140/1446/1140 1159/1465/1159 1158/1464/1158
f 1159/1465/1159 1140/1446/1140 1139/1445/1139
f 1141/1447/1141 1160/1466/1160 1161/1467/1161
f 1160/1466/1160 1141/1447/1141 1138/1444/1138
f 1162/1468/1162 1161/1467/1161 1163/1469/1163
f 1161/1467/1161 1162/1468/1162 1141/1447/1141
f 1164/1470/1164 1135/1441/1135 1137/1443/1137
f 1135/1441/1135 1164/1470/1164 1165/1471/1165
f 1165/1471/1165 1159/1465/1159 1139/1445/1139
f 1159/1465/1159 1165/1471/1165 1164/1470/1164
f 1165/1471/1165 1157/1463/1157 1135/1441/1135
f 1157/1463/1157 1165/1471/1165 1162/1468/1162
f 1162/1468/1162 1139/1445/1139 1141/1447/1141
f 1139/1445/1139 1162/1468/1162 1165/1471/1165
f 1164/1470/1164 1143/1449/1143 1159/1465/1159
f 1143/1449/1143 1164/1470/1164 1152/1458/1152
f 1152/1458/1152 1137/1443/1137 1132/1438/1132
f 1137/1443/1137 1152/1458/1152 1164/1470/1164
f 1162/1468/1162 1155/1461/1155 1157/1463/1157
f 1155/1461/1155 1162/1468/1162 1163/1469/1163
f 1146/1452/1146 1153/1459/1153 1151/1457/1151
f 1153/1459/1153 1146/1452/1146 1144/1450/1144
f 1152/1458/1152 1144/1450/1144 1143/1449/1143
f 1144/1450/1144 1152/1458/1152 1153/1459/1153
f 1149/1455/1149 1153/1459/1153 1131/1437/1131
f 1153/1459/1153 1149/1455/1149 1151/1457/1151
f 1147/1453/1147 1151/1457/1151 1148/1454/1148
f 1151/1457/1151 1147/1453/1147 1146/1452/1146
f 1150/1456/1150 1131/1437/1131 1133/1439/1133
f 1131/1437/1131 1150/1456/1150 1149/1455/1149
f 1166/1472/1166 1155/1461/1155 1163/1469/1163
f 1155/1461/1155 1166/1472/1166 1167/1473/1167
f 1168/1474/1168 1163/1469/1163 1161/1467/1161
f 1163/1469/1163 1168/1474/1168 1166/1472/1166
f 1169/1475/1169 1161/1467/1161 1160/1466/1160
f 1161/1467/1161 1169/1475/1169 1168/1474/1168
f 1170/1476/1170 1160/1477/1160 1171/1478/1171
f 1160/1477/1160 1170/1476/1170 1169/1479/1169
f 1172/1480/1172 1171/1478/1171 1156/1481/1156
f 1171/1478/1171 1172/1480/1172 1170/1476/1170
f 1167/1473/1167 1156/1462/1156 1155/1461/1155
f 1156/1462/1156 1167/1473/1167 1172/1482/1172
f 1173/1483/1173 1166/1472/1166 1174/1484/1174
f 1166/1472/1166 1173/1483/1173 1167/1473/1167
f 1174/1484/1174 1168/1474/1168 1175/1485/1175
f 1168/1474/1168 1174/1484/1174 1166/1472/1166
f 1175/1485/1175 1169/1475/1169 1176/1486/1176
f 1169/1475/1169 1175/1485/1175 1168/1474/1168
f 1176/1487/1176 1170/1476/1170 1177/1488/1177
f 1170/1476/1170 1176/1487/1176 1169/1479/1169
f 1177/1488/1177 1172/1480/1172 1178/1489/1178
f 1172/1480/1172 1177/1488/1177 1170/1476/1170
f 1173/1483/1173 1172/1482/1172 1167/1473/1167
f 1172/1482/1172 1173/1483/1173 1178/1490/1178
f 1160/1477/1160 1138/1491/1138 1171/1478/1171
f 1138/1491/1138 1179/1492/1179 1171/1478/1171
f 1171/1478/1171 1179/1492/1179 1156/1481/1156
f 1156/1481/1156 1179/1492/1179 1154/1493/1154
f 1179/1492/1179 1180/1494/1180 1154/1493/1154
f 1154/1493/1154 1180/1494/1180 1136/1495/1136
f 1180/1494/1180 1181/1496/1181 1136/1495/1136
f 1136/1495/1136 1181/1496/1181 1134/1497/1134
f 1181/1496/1181 1182/1498/1182 1134/1497/1134
f 1182/1498/1182 1130/1499/1130 1134/1497/1134
f 1130/1499/1130 1182/1498/1182 1133/1500/1133
f 1182/1498/1182 1183/1501/1183 1133/1500/1133
f 1133/1500/1133 1183/1501/1183 1150/1502/1150
f 1150/1502/1150 1183/1501/1183 1148/1503/1148
f 1148/1503/1148 1183/1501/1183 1147/1504/1147
f 1147/1504/1147 1183/1501/1183 1142/1505/1142
f 1183/1501/1183 1182/1498/1182 1142/1505/1142
f 1142/1505/1142 1182/1498/1182 1145/1506/1145
f 1182/1498/1182 1181/1496/1181 1145/1506/1145
f 1145/1506/1145 1181/1496/1181 1158/1507/1158
f 1181/1496/1181 1180/1494/1180 1158/1507/1158
f 1158/1507/1158 1180/1494/1180 1140/1508/1140
f 1180/1494/1180 1179/1492/1179 1140/1508/1140
f 1140/1508/1140 1179/1492/1179 1138/1491/1138
