# Blender 4.2.3 LTS
# www.blender.org
mtllib door01.mtl
o 16695_36x96_6_Panel_Door-White_V1
v 33.930901 -88.318237 -2.362093
v 33.930901 -88.318237 1.758307
v 24.071400 99.588203 1.758292
v 33.930901 99.588203 1.758292
v 33.930901 99.588203 -2.362108
v 24.071400 99.588203 -2.362108
v 33.930901 -72.659370 1.758305
v 33.930901 -72.659370 -2.362094
v -50.831100 -88.318237 -2.362093
v -50.831100 -88.318237 1.758307
v -50.831100 -72.659370 1.758305
v -50.831100 -72.659370 -2.362094
v 33.930901 -24.214718 1.758302
v 33.930901 -24.214718 -2.362098
v -50.831100 -24.214718 1.758302
v -50.831100 -24.214718 -2.362098
v 33.930901 -11.247269 1.758301
v 33.930901 -11.247269 -2.362099
v -50.831100 -11.247269 1.758301
v -50.831100 -11.247269 -2.362099
v 33.930901 68.515121 1.758295
v 33.930901 68.515121 -2.362105
v -50.831100 68.515121 1.758295
v -50.831100 68.515121 -2.362105
v 33.930901 75.855240 1.758294
v 33.930901 75.855240 -2.362106
v -50.831100 75.855240 1.758294
v -50.831100 75.855240 -2.362106
v 33.930901 91.758766 1.758293
v 33.930901 91.758766 -2.362107
v -50.831100 91.758766 1.758293
v -50.831100 91.758766 -2.362107
v -50.831100 99.588203 1.758292
v -50.831100 99.588203 -2.362108
v -4.035400 99.588203 1.758292
v -4.035400 99.588203 -2.362108
v -12.864800 99.588203 1.758292
v -12.864800 99.588203 -2.362108
v -40.971600 99.588203 1.758292
v -40.971600 99.588203 -2.362108
v -49.671001 -82.783180 -7.494694
v -54.380001 -82.783180 -7.494694
v -54.380001 -89.457573 -7.494693
v -49.671101 -89.457573 -7.494693
v -54.380001 -82.783180 6.890306
v -54.380100 -89.457573 6.890306
v -51.648800 -82.783180 6.890306
v -51.648800 -89.457573 6.890306
v -51.040798 -82.783180 6.793506
v -50.762600 -82.783180 6.580606
v -50.762600 -89.457573 6.580606
v -51.040798 -89.457573 6.793507
v -50.690102 -82.783180 6.367706
v -50.699501 -82.783180 6.270906
v -50.699501 -89.457573 6.270906
v -50.690102 -89.457573 6.367707
v -50.411301 -82.783180 6.225206
v -50.266499 -82.783180 6.104706
v -50.266602 -89.457573 6.104707
v -50.411301 -89.457573 6.225207
v -50.217400 -82.783180 5.934306
v -50.216099 -82.783180 5.739106
v -50.216202 -89.457573 5.739107
v -50.217499 -89.457573 5.934407
v -50.204700 -82.783180 5.488406
v -50.143299 -82.783264 5.269606
v -50.143299 -89.457657 5.269707
v -50.204700 -89.457573 5.488407
v -49.982101 -82.783264 5.115006
v -49.671001 -82.783264 5.056306
v -49.671101 -89.457657 5.056307
v -49.982101 -89.457657 5.115006
v -54.380001 -75.975029 -7.494694
v -49.671001 -75.975029 -7.494694
v -54.380001 -75.975029 6.890206
v -51.648800 -75.975029 6.890206
v -51.040798 -75.975029 6.793506
v -50.762600 -75.974945 6.580606
v -50.690102 -75.974945 6.367706
v -50.699501 -75.974945 6.270905
v -50.411301 -75.974945 6.225206
v -50.266499 -75.974945 6.104706
v -50.217400 -75.975029 5.934306
v -50.216099 -75.975029 5.739006
v -50.204700 -75.975029 5.488306
v -50.143299 -75.975029 5.269606
v -49.982101 -75.975029 5.114906
v -49.671001 -75.975029 5.056306
v -54.380001 -69.166801 -7.494695
v -49.671001 -69.166801 -7.494695
v -54.380001 -69.166801 6.890205
v -51.648800 -69.166801 6.890205
v -51.040798 -69.166801 6.793505
v -50.762600 -69.166801 6.580605
v -50.690102 -69.166801 6.367705
v -50.699501 -69.166801 6.270905
v -50.411301 -69.166801 6.225205
v -50.266499 -69.166801 6.104705
v -50.217400 -69.166801 5.934305
v -50.216099 -69.166801 5.739005
v -50.204700 -69.166801 5.488305
v -50.143299 -69.166801 5.269605
v -49.982101 -69.166801 5.114905
v -49.671001 -69.166801 5.056305
v -54.380001 -62.358650 -7.494695
v -49.671001 -62.358650 -7.494695
v -54.380001 -62.358566 6.890205
v -51.648800 -62.358566 6.890205
v -51.040798 -62.358650 6.793505
v -50.762600 -62.358650 6.580605
v -50.690102 -62.358650 6.367605
v -50.699501 -62.358650 6.270905
v -50.411301 -62.358650 6.225205
v -50.266499 -62.358650 6.104705
v -50.217400 -62.358650 5.934305
v -50.216099 -62.358650 5.739005
v -50.204700 -62.358650 5.488305
v -50.143299 -62.358650 5.269705
v -49.982101 -62.358650 5.115005
v -49.671001 -62.358650 5.056305
v -54.380001 -55.550419 -7.494696
v -49.671001 -55.550419 -7.494696
v -54.380001 -55.550331 6.890204
v -51.648800 -55.550331 6.890204
v -51.040699 -55.550419 6.793404
v -50.762501 -55.550419 6.580504
v -50.690102 -55.550419 6.367604
v -50.699501 -55.550419 6.270904
v -50.411301 -55.550419 6.225204
v -50.266499 -55.550419 6.104704
v -50.217400 -55.550419 5.934304
v -50.216099 -55.550419 5.739004
v -50.204700 -55.550419 5.488304
v -50.143299 -55.550419 5.269604
v -49.982101 -55.550419 5.114904
v -49.671001 -55.550419 5.056204
v -54.380001 -48.742184 -7.494796
v -49.671001 -48.742184 -7.494696
v -54.380001 -48.742184 6.890204
v -51.648800 -48.742184 6.890204
v -51.040699 -48.742184 6.793404
v -50.762501 -48.742184 6.580504
v -50.690102 -48.742184 6.367604
v -50.699501 -48.742184 6.270804
v -50.411301 -48.742184 6.225204
v -50.266499 -48.742184 6.104704
v -50.217400 -48.742184 5.934304
v -50.216099 -48.742184 5.739004
v -50.204700 -48.742184 5.488304
v -50.143299 -48.742184 5.269604
v -49.982101 -48.742184 5.114904
v -49.671001 -48.742184 5.056204
v -54.380001 -41.934032 -7.494797
v -49.671001 -41.933949 -7.494697
v -54.380001 -41.934032 6.890203
v -51.648800 -41.934032 6.890203
v -51.040699 -41.934032 6.793403
v -50.762501 -41.934032 6.580503
v -50.690102 -41.934032 6.367603
v -50.699501 -41.934032 6.270803
v -50.411301 -41.934032 6.225103
v -50.266499 -41.934032 6.104603
v -50.217400 -41.933949 5.934203
v -50.216099 -41.933949 5.738904
v -50.204700 -41.934032 5.488303
v -50.143299 -41.934032 5.269603
v -49.982101 -41.934032 5.114903
v -49.671001 -41.934032 5.056203
v -54.380001 -35.125801 -7.494797
v -49.671001 -35.125801 -7.494697
v -54.380001 -35.125801 6.890203
v -51.648800 -35.125801 6.890203
v -51.040699 -35.125801 6.793403
v -50.762501 -35.125801 6.580503
v -50.690102 -35.125801 6.367603
v -50.699501 -35.125801 6.270803
v -50.411301 -35.125801 6.225103
v -50.266499 -35.125801 6.104603
v -50.217400 -35.125801 5.934303
v -50.216099 -35.125801 5.739003
v -50.204700 -35.125801 5.488303
v -50.143299 -35.125801 5.269603
v -49.982101 -35.125801 5.114903
v -49.671001 -35.125801 5.056203
v -54.380001 -28.317564 -7.494798
v -49.671001 -28.317564 -7.494698
v -54.380001 -28.317564 6.890202
v -51.648800 -28.317564 6.890202
v -51.040699 -28.317564 6.793402
v -50.762501 -28.317564 6.580502
v -50.690102 -28.317564 6.367602
v -50.699501 -28.317564 6.270802
v -50.411201 -28.317564 6.225102
v -50.266499 -28.317564 6.104602
v -50.217300 -28.317564 5.934202
v -50.216099 -28.317564 5.738902
v -50.204700 -28.317564 5.488202
v -50.143299 -28.317564 5.269602
v -49.982101 -28.317564 5.114902
v -49.671001 -28.317564 5.056202
v -54.380001 -21.509333 -7.494799
v -49.671001 -21.509333 -7.494699
v -54.380001 -21.509333 6.890202
v -51.648800 -21.509333 6.890202
v -51.040699 -21.509333 6.793401
v -50.762501 -21.509333 6.580502
v -50.690102 -21.509333 6.367601
v -50.699501 -21.509333 6.270802
v -50.411201 -21.509333 6.225101
v -50.266499 -21.509333 6.104601
v -50.217300 -21.509333 5.934201
v -50.216000 -21.509333 5.739001
v -50.204700 -21.509333 5.488202
v -50.143299 -21.509333 5.269601
v -49.982101 -21.509415 5.114902
v -49.671001 -21.509415 5.056201
v -54.380001 -14.701100 -7.494799
v -49.671001 -14.701100 -7.494799
v -54.380001 -14.701098 6.890101
v -51.648800 -14.701098 6.890201
v -51.040699 -14.701098 6.793401
v -50.762501 -14.701098 6.580501
v -50.690102 -14.701098 6.367601
v -50.699501 -14.701099 6.270801
v -50.411201 -14.701099 6.225101
v -50.266499 -14.701099 6.104601
v -50.217300 -14.701099 5.934201
v -50.216000 -14.701099 5.738901
v -50.204700 -14.701181 5.488201
v -50.143299 -14.701181 5.269501
v -49.982101 -14.701181 5.114801
v -49.671001 -14.701181 5.056201
v -54.380001 -7.892866 -7.494800
v -49.671001 -7.892866 -7.494800
v -54.380001 -7.892949 6.890100
v -51.648800 -7.892865 6.890100
v -51.040699 -7.892865 6.793400
v -50.762501 -7.892865 6.580400
v -50.690102 -7.892865 6.367500
v -50.699501 -7.892865 6.270801
v -50.411201 -7.892865 6.225000
v -50.266499 -7.892865 6.104500
v -50.217300 -7.892865 5.934200
v -50.216000 -7.892865 5.738901
v -50.204700 -7.892949 5.488201
v -50.143299 -7.892949 5.269500
v -49.982101 -7.893032 5.114800
v -49.671001 -7.893032 5.056201
v -54.380001 -0.629482 -7.494800
v -49.671001 -0.629482 -7.494800
v -54.380001 -0.629480 6.890200
v -51.648800 -0.629480 6.890200
v -51.040699 -0.629480 6.793400
v -50.762501 -0.629481 6.580500
v -50.690102 -0.629481 6.367600
v -50.699501 -0.629481 6.270800
v -50.411201 -0.629481 6.225100
v -50.266499 -0.629481 6.104600
v -50.217300 -0.629481 5.934200
v -50.216000 -0.629481 5.738900
v -50.204700 -0.629564 5.488200
v -50.143299 -0.629564 5.269500
v -49.982101 -0.629647 5.114900
v -49.671001 -0.629647 5.056200
v -54.380001 6.178668 -7.494801
v -49.671001 6.178752 -7.494801
v -54.380001 6.178669 6.890100
v -51.648800 6.178669 6.890100
v -51.040699 6.178669 6.793399
v -50.762501 6.178669 6.580500
v -50.690102 6.178669 6.367499
v -50.699501 6.178669 6.270800
v -50.411201 6.178669 6.224999
v -50.266499 6.178669 6.104499
v -50.217300 6.178669 5.934199
v -50.216000 6.178669 5.738900
v -50.204700 6.178669 5.488200
v -50.143299 6.178669 5.269499
v -49.982101 6.178586 5.114799
v -49.671001 6.178586 5.056200
v -54.380001 12.986901 -7.494801
v -49.671001 12.986901 -7.494801
v -54.380001 12.986903 6.890099
v -51.648800 12.986903 6.890099
v -51.040699 12.986903 6.793299
v -50.762501 12.986903 6.580399
v -50.690102 12.986903 6.367499
v -50.699501 12.986902 6.270699
v -50.411201 12.986902 6.224999
v -50.266499 12.986902 6.104499
v -50.217300 12.986902 5.934199
v -50.216000 12.986902 5.738899
v -50.204601 12.986820 5.488199
v -50.143299 12.986820 5.269499
v -49.982101 12.986820 5.114799
v -49.671001 12.986820 5.056099
v -54.380001 19.795137 -7.494802
v -49.671001 19.795137 -7.494802
v -54.380001 19.795053 6.890099
v -51.648701 19.795053 6.890099
v -51.040699 19.795053 6.793299
v -50.762501 19.795053 6.580399
v -50.690102 19.795053 6.367498
v -50.699402 19.795053 6.270699
v -50.411201 19.795053 6.224998
v -50.266399 19.795053 6.104498
v -50.217300 19.795053 5.934198
v -50.216000 19.795053 5.738899
v -50.204601 19.795053 5.488199
v -50.143200 19.795053 5.269498
v -49.981998 19.795053 5.114799
v -49.671001 19.795053 5.056098
v -54.380001 26.603287 -7.494902
v -49.671001 26.603287 -7.494902
v -54.380001 26.603287 6.890098
v -51.648701 26.603287 6.890098
v -51.040699 26.603287 6.793298
v -50.762501 26.603287 6.580398
v -50.690102 26.603287 6.367498
v -50.699402 26.603287 6.270698
v -50.411201 26.603287 6.224998
v -50.266499 26.603287 6.104498
v -50.217300 26.603287 5.934198
v -50.216000 26.603287 5.738898
v -50.204601 26.603287 5.488198
v -50.143200 26.603287 5.269498
v -49.981998 26.603203 5.114798
v -49.671001 26.603203 5.056098
v -54.380001 33.411522 -7.494903
v -49.671001 33.411522 -7.494802
v -54.380001 33.411522 6.890098
v -51.648701 33.411522 6.890098
v -51.040699 33.411522 6.793298
v -50.762501 33.411522 6.580398
v -50.690102 33.411522 6.367497
v -50.699402 33.411522 6.270698
v -50.411201 33.411522 6.224998
v -50.266399 33.411522 6.104497
v -50.217300 33.411522 5.934197
v -50.216000 33.411522 5.738898
v -50.204601 33.411522 5.488198
v -50.143200 33.411522 5.269497
v -49.981998 33.411434 5.114798
v -49.671001 33.411434 5.056098
v -54.380001 40.219669 -7.494903
v -49.671001 40.219669 -7.494903
v -54.380001 40.219669 6.890097
v -51.648701 40.219669 6.890097
v -51.040699 40.219669 6.793297
v -50.762501 40.219669 6.580397
v -50.690102 40.219669 6.367497
v -50.699402 40.219669 6.270697
v -50.411201 40.219669 6.224997
v -50.266399 40.219669 6.104497
v -50.217300 40.219669 5.934097
v -50.216000 40.219669 5.738897
v -50.204601 40.219669 5.488197
v -50.143200 40.219669 5.269497
v -49.981998 40.219669 5.114797
v -49.671001 40.219669 5.056097
v -54.380001 47.027821 -7.494904
v -49.671001 47.027821 -7.494904
v -54.380001 47.027821 6.889997
v -51.648701 47.027821 6.890097
v -51.040699 47.027821 6.793297
v -50.762501 47.027821 6.580397
v -50.690102 47.027821 6.367496
v -50.699402 47.027821 6.270697
v -50.411201 47.027821 6.224997
v -50.266399 47.027821 6.104496
v -50.217300 47.027821 5.934097
v -50.216000 47.027821 5.738797
v -50.204601 47.027821 5.488097
v -50.143200 47.027821 5.269496
v -49.981998 47.027821 5.114797
v -49.671001 47.027821 5.056097
v -54.380001 53.836056 -7.494905
v -49.671001 53.836056 -7.494905
v -54.380001 53.836056 6.889996
v -51.648701 53.836056 6.889996
v -51.040699 53.836056 6.793296
v -50.762501 53.836056 6.580396
v -50.690102 53.836056 6.367496
v -50.699402 53.836056 6.270696
v -50.411201 53.836056 6.224996
v -50.266399 53.836056 6.104496
v -50.217300 53.836056 5.934096
v -50.216000 53.836056 5.738796
v -50.204601 53.836056 5.488096
v -50.143200 53.836056 5.269396
v -49.981998 53.836056 5.114696
v -49.671001 53.836056 5.056096
v -54.380001 91.962021 -7.494907
v -49.671001 91.962021 -7.494907
v -54.380001 91.962021 6.889993
v -51.648701 91.962021 6.889993
v -51.040600 91.962021 6.793293
v -50.762501 91.962021 6.580293
v -50.690102 91.962021 6.367393
v -50.699402 91.962021 6.270693
v -50.411201 91.962021 6.224993
v -50.266399 91.962021 6.104493
v -50.217300 91.962021 5.934093
v -50.216000 91.962021 5.738793
v -50.204601 91.962021 5.488093
v -50.143200 91.962021 5.269393
v -49.981998 91.962021 5.114793
v -49.671001 91.962021 5.056093
v -54.380001 100.727539 -7.494908
v -49.671001 96.812820 -7.494907
v -54.380001 100.727539 6.889992
v -51.648701 98.457016 6.889992
v -51.040600 97.951485 6.793192
v -50.762402 97.720215 6.580293
v -50.690102 97.660027 6.367393
v -50.699402 97.667839 6.270693
v -50.411201 97.428169 6.224993
v -50.266399 97.307877 6.104493
v -50.217300 97.267052 5.934093
v -50.216000 97.265976 5.738793
v -50.204601 97.256500 5.488093
v -50.143200 97.205452 5.269393
v -49.981998 97.071442 5.114693
v -49.671001 96.812820 5.055993
v -43.528801 100.727539 -7.494908
v -43.528801 96.812820 -7.494907
v -43.528801 100.727539 6.890092
v -43.528801 98.457016 6.890092
v -43.528801 97.951485 6.793293
v -43.528801 97.720215 6.580393
v -43.528801 97.660027 6.367493
v -43.528801 97.667839 6.270693
v -43.528801 97.428169 6.224993
v -43.528801 97.307877 6.104493
v -43.528801 97.267052 5.934093
v -43.528801 97.265976 5.738793
v -43.528801 97.256500 5.488093
v -43.528801 97.205452 5.269393
v -43.528801 97.071442 5.114693
v -43.528801 96.812820 5.056093
v -35.032101 100.727539 -7.494908
v -35.032101 96.812820 -7.494807
v -35.032101 100.727539 6.890092
v -35.032101 98.457016 6.890092
v -35.032101 97.951485 6.793293
v -35.032101 97.720215 6.580393
v -35.032101 97.660027 6.367493
v -35.032101 97.667839 6.270693
v -35.032101 97.428169 6.224993
v -35.032101 97.307877 6.104493
v -35.032101 97.267052 5.934193
v -35.032101 97.265976 5.738893
v -35.032101 97.256500 5.488193
v -35.032101 97.205452 5.269493
v -35.032101 97.071442 5.114793
v -35.032101 96.812820 5.056093
v -24.180901 100.727539 -7.494808
v -24.180901 96.812820 -7.494807
v -24.181000 100.727539 6.890092
v -24.181000 98.457016 6.890092
v -24.181000 97.951485 6.793392
v -24.181000 97.720215 6.580493
v -24.181000 97.660027 6.367593
v -24.181000 97.667839 6.270793
v -24.181000 97.428169 6.225093
v -24.181000 97.307877 6.104593
v -24.181000 97.267052 5.934193
v -24.181000 97.265976 5.738893
v -24.181000 97.256500 5.488193
v -24.181000 97.205452 5.269493
v -24.181000 97.071442 5.114793
v -24.181000 96.812820 5.056193
v -15.684300 100.727539 -7.494808
v -15.684200 96.812820 -7.494807
v -15.684300 100.727539 6.890193
v -15.684300 98.456932 6.890193
v -15.684300 97.951485 6.793392
v -15.684300 97.720215 6.580493
v -15.684300 97.660027 6.367593
v -15.684300 97.667755 6.270793
v -15.684300 97.428169 6.225093
v -15.684300 97.307877 6.104593
v -15.684300 97.266968 5.934193
v -15.684300 97.265976 5.738893
v -15.684300 97.256416 5.488193
v -15.684300 97.205452 5.269593
v -15.684300 97.071358 5.114893
v -15.684300 96.812820 5.056193
v -6.543800 100.727539 -7.494508
v -6.543800 96.812820 -7.494507
v -6.543900 100.727455 6.890392
v -6.543900 98.456932 6.890392
v -6.543900 97.951408 6.793592
v -6.543900 97.720131 6.580693
v -6.543900 97.659943 6.367793
v -6.543900 97.667755 6.271093
v -6.543900 97.428169 6.225393
v -6.543900 97.307793 6.104893
v -6.543800 97.266968 5.934493
v -6.543800 97.265892 5.739193
v -6.543800 97.256416 5.488493
v -6.543800 97.205376 5.269793
v -6.543800 97.071358 5.115093
v -6.543800 96.812737 5.056393
v -1.216000 100.727455 -7.494208
v -1.216000 96.812737 -7.494207
v -1.216000 100.727455 6.890692
v -1.216000 98.456932 6.890692
v -1.216000 97.951408 6.793892
v -1.216000 97.720131 6.580993
v -1.216000 97.659943 6.368093
v -1.216000 97.667671 6.271293
v -1.216000 97.428085 6.225593
v -1.216000 97.307793 6.105093
v -1.216000 97.266891 5.934693
v -1.216000 97.265808 5.739393
v -1.216000 97.256332 5.488693
v -1.216000 97.205376 5.270093
v -1.216000 97.071281 5.115393
v -1.216000 96.812737 5.056693
v 7.280700 100.727455 -7.494208
v 7.280700 96.812737 -7.494207
v 7.280600 100.727455 6.890692
v 7.280700 98.456856 6.890692
v 7.280700 97.951408 6.793892
v 7.280700 97.720131 6.580993
v 7.280700 97.659943 6.368093
v 7.280700 97.667671 6.271293
v 7.280700 97.428085 6.225593
v 7.280700 97.307709 6.105093
v 7.280700 97.266891 5.934793
v 7.280700 97.265808 5.739493
v 7.280700 97.256332 5.488793
v 7.280700 97.205376 5.270093
v 7.280700 97.071281 5.115393
v 7.280700 96.812737 5.056693
v 18.131800 100.727455 -7.494208
v 18.131901 96.812737 -7.494207
v 18.131800 100.727455 6.890692
v 18.131800 98.456856 6.890792
v 18.131800 97.951408 6.793993
v 18.131800 97.720039 6.581093
v 18.131800 97.659859 6.368193
v 18.131800 97.667671 6.271393
v 18.131800 97.428085 6.225693
v 18.131800 97.307709 6.105193
v 18.131800 97.266891 5.934793
v 18.131800 97.265808 5.739493
v 18.131800 97.256332 5.488793
v 18.131800 97.205376 5.270093
v 18.131800 97.071281 5.115393
v 18.131800 96.812737 5.056793
v 28.983000 100.727455 -7.494108
v 28.983000 96.812737 -7.494207
v 28.983000 100.727455 6.890792
v 28.983000 98.456856 6.890792
v 28.983000 97.951324 6.793993
v 28.983000 97.720039 6.581093
v 28.983000 97.659859 6.368193
v 28.983000 97.667671 6.271393
v 28.983000 97.428085 6.225693
v 28.983000 97.307709 6.105193
v 28.983000 97.266891 5.934793
v 28.983000 97.265808 5.739593
v 28.983000 97.256332 5.488893
v 28.983000 97.205376 5.270193
v 28.983000 97.071281 5.115493
v 28.983000 96.812737 5.056793
v 37.479698 100.727455 -7.494108
v 32.770699 96.812737 -7.494107
v 37.479698 100.727455 6.890893
v 34.748402 98.456856 6.890792
v 34.140301 97.951324 6.793993
v 33.862099 97.720039 6.581093
v 33.789799 97.659859 6.368193
v 33.799099 97.667671 6.271393
v 33.510899 97.428085 6.225693
v 33.366100 97.307709 6.105193
v 33.317001 97.266891 5.934893
v 33.315800 97.265808 5.739593
v 33.304298 97.256332 5.488893
v 33.243000 97.205292 5.270193
v 33.081699 97.071281 5.115493
v 32.770699 96.812653 5.056793
v 37.479698 91.961861 -7.494107
v 32.770699 91.961861 -7.494107
v 37.479698 91.961861 6.890893
v 34.748402 91.961861 6.890793
v 34.140301 91.961861 6.794093
v 33.862099 91.961861 6.581193
v 33.789799 91.961861 6.368293
v 33.799099 91.961861 6.271493
v 33.510899 91.961861 6.225793
v 33.366100 91.961861 6.105293
v 33.317001 91.961861 5.934893
v 33.315800 91.961861 5.739593
v 33.304298 91.961861 5.488893
v 33.243000 91.961861 5.270193
v 33.081699 91.961861 5.115493
v 32.770699 91.961861 5.056893
v 37.479698 53.835888 -7.494104
v 32.770699 53.835888 -7.494104
v 37.479698 53.835888 6.890896
v 34.748402 53.835888 6.890796
v 34.140301 53.835888 6.794096
v 33.862099 53.835888 6.581096
v 33.789799 53.835888 6.368196
v 33.799099 53.835888 6.271496
v 33.510899 53.835888 6.225696
v 33.366100 53.835888 6.105196
v 33.317001 53.835888 5.934896
v 33.315800 53.835888 5.739596
v 33.304298 53.835888 5.488896
v 33.243000 53.835888 5.270195
v 33.081699 53.835888 5.115496
v 32.770699 53.835888 5.056796
v 37.479698 47.027737 -7.494003
v 32.770699 47.027737 -7.494103
v 37.479698 47.027653 6.890897
v 34.748402 47.027653 6.890897
v 34.140301 47.027653 6.794096
v 33.862099 47.027653 6.581197
v 33.789799 47.027653 6.368196
v 33.799099 47.027653 6.271497
v 33.510899 47.027653 6.225797
v 33.366100 47.027653 6.105297
v 33.317001 47.027653 5.934896
v 33.315800 47.027653 5.739597
v 33.304298 47.027653 5.488897
v 33.243000 47.027653 5.270196
v 33.081699 47.027653 5.115597
v 32.770699 47.027653 5.056897
v 37.479698 40.219505 -7.494103
v 32.770699 40.219505 -7.494103
v 37.479698 40.219421 6.890897
v 34.748402 40.219421 6.890897
v 34.140301 40.219421 6.794097
v 33.862099 40.219421 6.581197
v 33.789799 40.219505 6.368297
v 33.799099 40.219505 6.271497
v 33.510799 40.219505 6.225797
v 33.366100 40.219505 6.105297
v 33.317001 40.219505 5.934897
v 33.315800 40.219505 5.739597
v 33.304298 40.219505 5.488897
v 33.243000 40.219505 5.270197
v 33.081699 40.219505 5.115597
v 32.770699 40.219505 5.056897
v 37.479698 33.411522 -7.494002
v 32.770699 33.411522 -7.494102
v 37.479698 33.411434 6.890898
v 34.748402 33.411434 6.890898
v 34.140301 33.411434 6.794097
v 33.862099 33.411434 6.581198
v 33.789700 33.411434 6.368298
v 33.799099 33.411434 6.271498
v 33.510799 33.411434 6.225798
v 33.366100 33.411434 6.105298
v 33.317001 33.411434 5.934897
v 33.315800 33.411434 5.739598
v 33.304298 33.411434 5.488997
v 33.243000 33.411434 5.270298
v 33.081699 33.411270 5.115598
v 32.770699 33.411270 5.056898
v 37.479698 26.603287 -7.494102
v 32.770699 26.603287 -7.494102
v 37.479698 26.603203 6.890898
v 34.748402 26.603203 6.890898
v 34.140301 26.603203 6.794098
v 33.862099 26.603203 6.581198
v 33.789700 26.603203 6.368298
v 33.799099 26.603203 6.271498
v 33.510799 26.603203 6.225798
v 33.366100 26.603203 6.105298
v 33.317001 26.603203 5.934898
v 33.315800 26.603203 5.739698
v 33.304298 26.603203 5.488898
v 33.243000 26.603203 5.270198
v 33.081699 26.603039 5.115598
v 32.770699 26.603039 5.056898
v 37.479698 19.795053 -7.494001
v 32.770699 19.795053 -7.494102
v 37.479698 19.795053 6.890899
v 34.748402 19.795053 6.890899
v 34.140301 19.795053 6.794098
v 33.862099 19.795053 6.581199
v 33.789700 19.795053 6.368299
v 33.799099 19.795053 6.271499
v 33.510799 19.795053 6.225799
v 33.366100 19.795053 6.105299
v 33.317001 19.795053 5.934999
v 33.315800 19.795053 5.739698
v 33.304298 19.795053 5.488998
v 33.243000 19.795053 5.270298
v 33.081699 19.794804 5.115599
v 32.770699 19.794804 5.056899
v 37.479698 12.986901 -7.494001
v 32.770699 12.986901 -7.494001
v 37.479698 12.986821 6.890899
v 34.748402 12.986821 6.890899
v 34.140301 12.986821 6.794099
v 33.862099 12.986821 6.581199
v 33.789700 12.986821 6.368299
v 33.799099 12.986820 6.271499
v 33.510799 12.986820 6.225799
v 33.366100 12.986820 6.105299
v 33.317001 12.986820 5.934999
v 33.315800 12.986820 5.739699
v 33.304298 12.986820 5.488999
v 33.243000 12.986820 5.270299
v 33.081699 12.986653 5.115599
v 32.770699 12.986653 5.056899
v 37.479698 6.178668 -7.494000
v 32.770699 6.178668 -7.494000
v 37.479599 6.178669 6.890999
v 34.748402 6.178669 6.890900
v 34.140301 6.178669 6.794199
v 33.862099 6.178669 6.581299
v 33.789700 6.178669 6.368400
v 33.799000 6.178669 6.271599
v 33.510799 6.178669 6.225900
v 33.366100 6.178669 6.105400
v 33.317001 6.178669 5.934999
v 33.315701 6.178669 5.739699
v 33.304298 6.178669 5.488999
v 33.243000 6.178669 5.270299
v 33.081699 6.178421 5.115600
v 32.770599 6.178421 5.057000
v 37.479698 -0.629565 -7.494000
v 32.770699 -0.629565 -7.494000
v 37.479599 -0.629563 6.891000
v 34.748402 -0.629563 6.891000
v 34.140301 -0.629563 6.794200
v 33.862099 -0.629564 6.581300
v 33.789700 -0.629564 6.368400
v 33.799000 -0.629564 6.271600
v 33.510799 -0.629564 6.225900
v 33.366001 -0.629564 6.105400
v 33.317001 -0.629564 5.935000
v 33.315701 -0.629564 5.739700
v 33.304298 -0.629564 5.489000
v 33.242901 -0.629564 5.270300
v 33.081600 -0.629813 5.115600
v 32.770599 -0.629813 5.057000
v 37.479698 -7.892866 -7.493999
v 32.770699 -7.892866 -7.493999
v 37.479599 -7.892949 6.891000
v 34.748402 -7.892949 6.891000
v 34.140301 -7.892949 6.794200
v 33.862099 -7.892949 6.581201
v 33.789700 -7.892949 6.368300
v 33.799000 -7.892949 6.271501
v 33.510799 -7.892949 6.225801
v 33.366001 -7.892949 6.105300
v 33.317001 -7.892949 5.935000
v 33.315701 -7.892949 5.739700
v 33.304298 -7.892949 5.489000
v 33.242901 -7.892949 5.270300
v 33.081600 -7.893115 5.115601
v 32.770599 -7.893115 5.056901
v 37.479698 -14.701100 -7.493999
v 32.770699 -14.701100 -7.493999
v 37.479599 -14.701180 6.891001
v 34.748402 -14.701180 6.891001
v 34.140301 -14.701180 6.794201
v 33.862099 -14.701180 6.581301
v 33.789700 -14.701180 6.368401
v 33.799000 -14.701181 6.271601
v 33.510799 -14.701181 6.225901
v 33.366001 -14.701181 6.105301
v 33.317001 -14.701181 5.935001
v 33.315701 -14.701181 5.739701
v 33.304298 -14.701181 5.489001
v 33.242901 -14.701181 5.270301
v 33.081600 -14.701348 5.115601
v 32.770599 -14.701348 5.057001
v 37.479698 -21.509333 -7.493999
v 32.770699 -21.509333 -7.493999
v 37.479599 -21.509333 6.891001
v 34.748402 -21.509333 6.891001
v 34.140301 -21.509333 6.794201
v 33.862099 -21.509333 6.581301
v 33.789700 -21.509333 6.368402
v 33.799000 -21.509333 6.271601
v 33.510799 -21.509333 6.225902
v 33.366001 -21.509333 6.105402
v 33.317001 -21.509333 5.935001
v 33.315701 -21.509333 5.739701
v 33.304298 -21.509415 5.489001
v 33.242901 -21.509415 5.270301
v 33.081600 -21.509583 5.115602
v 32.770599 -21.509583 5.057002
v 37.479698 -28.317650 -7.493898
v 32.770699 -28.317650 -7.493998
v 37.479599 -28.317732 6.891002
v 34.748402 -28.317732 6.891002
v 34.140301 -28.317732 6.794202
v 33.862099 -28.317732 6.581302
v 33.789700 -28.317732 6.368402
v 33.799000 -28.317732 6.271602
v 33.510799 -28.317732 6.225902
v 33.366001 -28.317732 6.105402
v 33.317001 -28.317650 5.935002
v 33.315701 -28.317650 5.739702
v 33.304298 -28.317650 5.489002
v 33.242901 -28.317650 5.270302
v 33.081600 -28.317650 5.115602
v 32.770599 -28.317650 5.057002
v 37.479698 -35.125881 -7.493897
v 32.770699 -35.125881 -7.493897
v 37.479599 -35.125965 6.891003
v 34.748402 -35.125965 6.891003
v 34.140301 -35.125965 6.794203
v 33.862099 -35.125965 6.581303
v 33.789700 -35.125965 6.368403
v 33.799000 -35.125965 6.271603
v 33.510799 -35.125965 6.225903
v 33.366001 -35.125965 6.105403
v 33.317001 -35.125881 5.935003
v 33.315701 -35.125881 5.739803
v 33.304298 -35.125881 5.489103
v 33.242901 -35.125881 5.270403
v 33.081600 -35.125881 5.115703
v 32.770599 -35.125881 5.057003
v 37.479698 -41.934116 -7.493896
v 32.770699 -41.934116 -7.493896
v 37.479599 -41.934200 6.891003
v 34.748402 -41.934200 6.891003
v 34.140301 -41.934200 6.794203
v 33.862099 -41.934200 6.581303
v 33.789700 -41.934200 6.368403
v 33.799000 -41.934200 6.271603
v 33.510799 -41.934200 6.225904
v 33.366001 -41.934200 6.105403
v 33.317001 -41.934116 5.935003
v 33.315701 -41.934116 5.739803
v 33.304298 -41.934116 5.489103
v 33.242901 -41.934116 5.270403
v 33.081600 -41.934116 5.115703
v 32.770599 -41.934116 5.057003
v 37.479698 -48.742268 -7.493896
v 32.770599 -48.742268 -7.493896
v 37.479599 -48.742268 6.891104
v 34.748402 -48.742268 6.891004
v 34.140301 -48.742268 6.794204
v 33.862099 -48.742268 6.581304
v 33.789700 -48.742268 6.368404
v 33.799000 -48.742268 6.271604
v 33.510799 -48.742268 6.225904
v 33.366001 -48.742268 6.105404
v 33.317001 -48.742268 5.935104
v 33.315701 -48.742268 5.739804
v 33.304298 -48.742268 5.489104
v 33.242901 -48.742268 5.270404
v 33.081600 -48.742268 5.115704
v 32.770599 -48.742268 5.057004
v 37.479599 -55.550499 -7.493896
v 32.770599 -55.550499 -7.493896
v 37.479599 -55.550419 6.891104
v 34.748402 -55.550419 6.891004
v 34.140301 -55.550499 6.794204
v 33.862099 -55.550499 6.581304
v 33.789700 -55.550499 6.368404
v 33.799000 -55.550499 6.271604
v 33.510799 -55.550499 6.225904
v 33.366001 -55.550499 6.105404
v 33.317001 -55.550499 5.935104
v 33.315701 -55.550499 5.739804
v 33.304298 -55.550499 5.489104
v 33.242901 -55.550499 5.270404
v 33.081600 -55.550499 5.115704
v 32.770599 -55.550499 5.057004
v 37.479599 -62.358734 -7.493895
v 32.770599 -62.358734 -7.493895
v 37.479599 -62.358650 6.891105
v 34.748402 -62.358566 6.891105
v 34.140301 -62.358734 6.794305
v 33.862099 -62.358734 6.581305
v 33.789700 -62.358734 6.368405
v 33.799000 -62.358734 6.271705
v 33.510799 -62.358734 6.226005
v 33.366001 -62.358734 6.105505
v 33.317001 -62.358734 5.935105
v 33.315701 -62.358734 5.739805
v 33.304298 -62.358734 5.489105
v 33.242901 -62.358734 5.270405
v 33.081600 -62.358734 5.115705
v 32.770599 -62.358734 5.057005
v 37.479599 -69.166962 -7.493895
v 32.770599 -69.166885 -7.493895
v 37.479599 -69.166801 6.891005
v 34.748402 -69.166801 6.891005
v 34.140301 -69.166885 6.794205
v 33.862099 -69.166885 6.581305
v 33.789700 -69.166885 6.368405
v 33.799000 -69.166885 6.271705
v 33.510799 -69.166885 6.226005
v 33.366001 -69.166885 6.105505
v 33.317001 -69.166885 5.935105
v 33.315701 -69.166885 5.739805
v 33.304298 -69.166885 5.489105
v 33.242901 -69.166885 5.270405
v 33.081600 -69.166885 5.115705
v 32.770599 -69.166885 5.057005
v 37.479599 -75.975197 -7.493894
v 32.770599 -75.975197 -7.493894
v 37.479599 -75.975029 6.891006
v 34.748402 -75.975029 6.891006
v 34.140301 -75.975029 6.794306
v 33.862099 -75.975029 6.581406
v 33.789700 -75.975029 6.368406
v 33.799000 -75.975029 6.271706
v 33.510799 -75.975029 6.226006
v 33.366001 -75.975029 6.105506
v 33.317001 -75.975197 5.935106
v 33.315701 -75.975197 5.739806
v 33.304298 -75.975197 5.489106
v 33.242901 -75.975197 5.270406
v 33.081600 -75.975197 5.115705
v 32.770599 -75.975197 5.057006
v 37.479599 -82.783264 -7.493794
v 32.770599 -82.783264 -7.493894
v 37.479599 -82.783264 6.891106
v 34.748402 -82.783264 6.891106
v 34.140301 -82.783264 6.794306
v 33.862099 -82.783264 6.581406
v 33.789700 -82.783264 6.368506
v 33.799000 -82.783264 6.271706
v 33.510799 -82.783264 6.226006
v 33.366001 -82.783264 6.105506
v 33.317001 -82.783264 5.935106
v 33.315701 -82.783264 5.739806
v 33.304298 -82.783264 5.489106
v 33.242901 -82.783432 5.270506
v 33.081600 -82.783432 5.115806
v 32.770599 -82.783432 5.057106
v 32.770599 -89.457573 -7.493893
v 37.479599 -89.457573 -7.493793
v 37.479599 -89.457573 6.891107
v 34.748402 -89.457573 6.891107
v 34.140301 -89.457573 6.794307
v 33.862099 -89.457573 6.581407
v 33.789600 -89.457573 6.368507
v 33.799000 -89.457573 6.271707
v 33.510799 -89.457573 6.226007
v 33.366001 -89.457573 6.105507
v 33.317001 -89.457573 5.935107
v 33.315701 -89.457573 5.739907
v 33.304298 -89.457573 5.489207
v 33.242802 -89.457657 5.270507
v 33.081600 -89.457657 5.115807
v 32.770599 -89.457657 5.057106
vn -0.0000 1.0000 -0.0000
vn 1.0000 -0.0000 -0.0000
vn -1.0000 -0.0000 -0.0000
vn -0.0000 -0.0000 -1.0000
vn -0.0000 -0.0000 1.0000
vn 0.0789 -0.0000 0.9969
vn 0.8122 -0.0000 0.5834
vn 0.3945 -0.0000 0.9189
vn 0.9953 -0.0000 -0.0966
vn 0.9933 -0.0000 0.1154
vn 0.8372 -0.0000 0.5468
vn 0.4129 -0.0000 0.9108
vn 0.4131 -0.0000 0.9107
vn 0.9997 -0.0000 0.0262
vn 0.9897 -0.0000 0.1431
vn 0.9897 -0.0000 0.1432
vn 0.9873 -0.0000 0.1591
vn 0.8577 -0.0000 0.5141
vn 0.9873 -0.0000 0.1588
vn 0.1855 -0.0000 0.9826
vn 0.4578 -0.0000 0.8891
vn 0.4580 -0.0000 0.8890
vn 0.0788 -0.0000 0.9969
vn 0.9954 -0.0000 -0.0963
vn 0.1566 -0.0000 0.9877
vn 0.8372 -0.0000 0.5469
vn 0.9997 -0.0000 0.0260
vn 0.9873 -0.0000 0.1589
vn 0.8578 -0.0000 0.5140
vn 0.1851 -0.0000 0.9827
vn 0.3944 -0.0000 0.9189
vn 0.9933 -0.0000 0.1155
vn 0.8122 -0.0000 0.5833
vn 0.9933 -0.0000 0.1153
vn 0.9953 -0.0000 -0.0967
vn 0.9873 -0.0000 0.1590
vn 0.4579 -0.0000 0.8890
vn 0.1854 -0.0000 0.9827
vn 0.8123 -0.0000 0.5832
vn 0.9933 -0.0000 0.1152
vn 0.9953 -0.0000 -0.0964
vn 0.4128 -0.0000 0.9108
vn 0.1563 -0.0000 0.9877
vn 0.9997 -0.0000 0.0261
vn 0.8372 -0.0000 0.5470
vn 0.9954 -0.0000 -0.0962
vn 0.4130 -0.0000 0.9107
vn 0.9997 -0.0000 0.0258
vn 0.9897 -0.0000 0.1434
vn 0.8371 -0.0000 0.5470
vn 0.9873 -0.0000 0.1587
vn 0.8124 -0.0000 0.5831
vn 0.4132 -0.0000 0.9106
vn 0.1569 -0.0000 0.9876
vn 0.9897 -0.0000 0.1435
vn 0.8124 -0.0000 0.5832
vn 0.9934 -0.0000 0.1151
vn 0.9953 -0.0000 -0.0972
vn 0.8579 -0.0000 0.5138
vn 0.9933 -0.0000 0.1157
vn 0.9954 -0.0000 -0.0956
vn 0.4578 -0.0000 0.8890
vn 0.1852 -0.0000 0.9827
vn 0.3946 -0.0000 0.9188
vn 0.9954 -0.0000 -0.0957
vn 0.0203 -0.0232 0.9995
vn 0.1469 -0.1767 0.9732
vn 0.4314 -0.5189 0.7380
vn 0.6313 -0.7581 0.1632
vn 0.6346 -0.7630 -0.1227
vn 0.1531 -0.1841 0.9709
vn 0.0787 -0.0946 0.9924
vn 0.4542 -0.5465 0.7036
vn 0.6274 -0.7537 0.1957
vn 0.6393 -0.7682 0.0329
vn 0.6285 -0.7551 0.1866
vn 0.5432 -0.6525 0.5284
vn 0.3088 -0.3714 0.8756
vn 0.0934 -0.1122 0.9893
vn -0.0000 -0.0945 0.9955
vn -0.0000 -0.4589 0.8885
vn -0.0000 -0.8587 0.5125
vn -0.0000 -0.9954 0.0960
vn -0.0000 -0.9968 -0.0804
vn -0.0000 -0.1873 0.9823
vn -0.0000 -0.4789 0.8779
vn -0.0000 -0.8788 0.4771
vn -0.0000 -0.9928 0.1201
vn -0.0000 -0.9998 0.0217
vn -0.0000 -0.9912 0.1324
vn -0.0000 -0.8951 0.4459
vn -0.0000 -0.5266 0.8501
vn -0.0000 -0.2210 0.9753
vn -0.0000 -1.0000 -0.0000
vn -0.0000 -0.9954 0.0961
vn -0.0000 -0.9928 0.1196
vn -0.0000 -0.9998 0.0216
vn -0.0000 -0.9911 0.1331
vn -0.0000 -0.5267 0.8500
vn -0.0000 -0.2213 0.9752
vn -0.0000 -0.0944 0.9955
vn -0.0000 -0.4588 0.8885
vn -0.0000 -0.9953 0.0973
vn -0.0000 -0.9968 -0.0805
vn -0.0000 -0.8789 0.4771
vn -0.0000 -0.9928 0.1200
vn -0.0000 -0.9912 0.1325
vn -0.0000 -0.9953 0.0966
vn -0.0000 -0.9968 -0.0795
vn -0.0000 -0.1874 0.9823
vn -0.0000 -0.4790 0.8778
vn -0.0000 -0.8787 0.4773
vn -0.0000 -0.9912 0.1327
vn -0.0000 -0.2214 0.9752
vn -0.0000 -0.4788 0.8779
vn -0.0000 -0.8788 0.4772
vn -0.0000 -0.9929 0.1192
vn -0.0000 -0.9998 0.0215
vn -0.0000 -0.9952 0.0974
vn -0.0000 -0.9968 -0.0796
vn -0.0000 -0.9953 0.0967
vn -0.0000 -0.9928 0.1194
vn -0.0000 -0.9911 0.1329
vn -0.0000 -0.8951 0.4458
vn -0.0000 -0.4588 0.8886
vn -0.0000 -0.8586 0.5126
vn -0.0000 -0.9954 0.0963
vn -0.0000 -0.9929 0.1193
vn -0.0000 -0.9911 0.1330
vn -0.0000 -0.5264 0.8502
vn -0.0000 -0.2211 0.9753
vn -0.0000 -0.9912 0.1326
vn -0.0198 -0.0239 0.9995
vn -0.1469 -0.1767 0.9732
vn -0.4314 -0.5189 0.7380
vn -0.6313 -0.7581 0.1633
vn -0.6346 -0.7630 -0.1226
vn -0.1531 -0.1841 0.9709
vn -0.0787 -0.0946 0.9924
vn -0.4542 -0.5463 0.7037
vn -0.6273 -0.7538 0.1956
vn -0.6394 -0.7681 0.0328
vn -0.6284 -0.7552 0.1866
vn -0.5433 -0.6525 0.5283
vn -0.3086 -0.3714 0.8757
vn -0.0934 -0.1123 0.9893
vn -0.0788 -0.0000 0.9969
vn -0.3944 -0.0000 0.9189
vn -0.8124 -0.0000 0.5831
vn -0.9933 -0.0000 0.1155
vn -0.9954 -0.0000 -0.0956
vn -0.1566 -0.0000 0.9877
vn -0.4129 -0.0000 0.9108
vn -0.8372 -0.0000 0.5469
vn -0.9897 -0.0000 0.1429
vn -0.9997 -0.0000 0.0260
vn -0.9873 -0.0000 0.1589
vn -0.8578 -0.0000 0.5139
vn -0.4577 -0.0000 0.8891
vn -0.1852 -0.0000 0.9827
vn -0.3945 -0.0000 0.9189
vn -0.8125 -0.0000 0.5830
vn -0.9954 -0.0000 -0.0957
vn -0.4131 -0.0000 0.9107
vn -0.1569 -0.0000 0.9876
vn -0.4578 -0.0000 0.8891
vn -0.1855 -0.0000 0.9827
vn -0.0789 -0.0000 0.9969
vn -0.9933 -0.0000 0.1154
vn -0.8577 -0.0000 0.5141
vn -0.1855 -0.0000 0.9826
vn -0.8373 -0.0000 0.5467
vn -0.8123 -0.0000 0.5832
vn -0.9933 -0.0000 0.1152
vn -0.9953 -0.0000 -0.0966
vn -0.8373 -0.0000 0.5468
vn -0.4578 -0.0000 0.8890
vn -0.9933 -0.0000 0.1157
vn -0.9897 -0.0000 0.1431
vn -0.9873 -0.0000 0.1587
vn -0.1851 -0.0000 0.9827
vn -0.9954 -0.0000 -0.0960
vn -0.8374 -0.0000 0.5467
vn -0.9897 -0.0000 0.1428
vn -0.9997 -0.0000 0.0261
vn -0.3946 -0.0000 0.9188
vn -0.8374 -0.0000 0.5466
vn -0.8124 -0.0000 0.5832
vn -0.9933 -0.0000 0.1156
vn -0.9873 -0.0000 0.1590
vn -0.8577 -0.0000 0.5142
vn -0.8122 -0.0000 0.5834
vn -0.9873 -0.0000 0.1591
vn -0.4579 -0.0000 0.8890
vt 1541.261597 -165.226898
vt 1537.074097 -163.476898
vt 1537.074097 -165.226898
vt -163.476898 1.097000
vt -165.226898 9.097000
vt -165.226898 1.097000
vt 166.226898 1.097000
vt 164.476898 9.097000
vt 164.476898 1.097000
vt -163.476898 9.097000
vt -165.226898 33.847000
vt 166.226898 9.097000
vt 164.476898 33.847000
vt -163.476898 33.847000
vt -165.226898 40.472000
vt 166.226898 33.847000
vt 164.476898 40.472000
vt -163.476898 40.472000
vt -165.226898 81.222000
vt 166.226898 40.472000
vt 164.476898 81.222000
vt -163.476898 81.222000
vt -165.226898 84.972000
vt 166.226898 81.222000
vt 164.476898 84.972000
vt -163.476898 84.972000
vt -165.226898 93.097000
vt 166.226898 84.972000
vt 164.476898 93.097000
vt -163.476898 93.097000
vt -165.226898 97.097000
vt 166.226898 93.097000
vt 164.476898 97.097000
vt 1525.136597 -165.226898
vt 1525.136597 -163.476898
vt 1521.386597 -165.226898
vt 1521.386597 -163.476898
vt 1509.449097 -165.226898
vt 1509.449097 -163.476898
vt 1505.261597 -165.226898
vt -751.627502 -241.198807
vt -749.627502 -237.788895
vt -751.627502 -237.788895
vt -2.554800 -48.082100
vt 3.554800 -44.672199
vt -2.554800 -44.672199
vt -408.072906 -411.454987
vt -406.912811 -414.864990
vt -406.912811 -411.454987
vt -406.536407 -414.864990
vt -406.654602 -411.454987
vt -406.654602 -414.864990
vt -2.291800 -48.082100
vt -2.332800 -44.672199
vt -2.332900 -48.082100
vt -406.325806 -414.864990
vt -406.387207 -411.454987
vt -406.387299 -414.864990
vt -2.065900 -48.082100
vt -2.148800 -44.672199
vt -2.148800 -48.082100
vt -1.959400 -48.082100
vt -1.866500 -44.672199
vt -1.959400 -44.672199
vt -406.072906 -414.864990
vt -406.204987 -411.455109
vt -406.204987 -414.864990
vt -749.627502 -234.310699
vt -751.627502 -234.310699
vt 3.554800 -41.193901
vt -2.554800 -41.194000
vt -406.912811 -407.976807
vt -408.072906 -407.976807
vt -406.654602 -407.976807
vt -406.536407 -411.454987
vt -406.536407 -407.976807
vt -2.423300 -44.672199
vt -2.332800 -41.193901
vt -2.423300 -41.193901
vt -2.291700 -41.193901
vt -406.509613 -411.454987
vt -406.387207 -407.976807
vt -406.509613 -407.976807
vt -406.325714 -407.976807
vt -2.221200 -44.672199
vt -2.148800 -41.193901
vt -2.221200 -41.193901
vt -2.065900 -44.672199
vt -2.065800 -41.193901
vt -1.959400 -41.193901
vt -1.866500 -41.193901
vt -406.273407 -407.976807
vt -406.204987 -407.976807
vt -406.072906 -407.976807
vt -1.775900 -41.193901
vt 3.554700 -44.672199
vt -749.627502 -230.832397
vt -751.627502 -230.832397
vt 3.554800 -37.715698
vt -2.554800 -37.715698
vt -406.912811 -404.498505
vt -408.072906 -404.498505
vt -406.654602 -404.498505
vt -406.536407 -404.498505
vt -2.332800 -37.715698
vt -2.423300 -37.715698
vt -2.291700 -37.715698
vt -406.387207 -404.498505
vt -406.509613 -404.498505
vt -406.325714 -404.498505
vt -2.148800 -37.715698
vt -2.221100 -37.715698
vt -2.065800 -37.715698
vt -1.959400 -37.715698
vt -1.866500 -37.715698
vt -406.204987 -404.498505
vt -406.273407 -404.498505
vt -406.072906 -404.498505
vt -1.775900 -37.715698
vt -749.627502 -227.354202
vt -751.627502 -227.354202
vt -2.554800 -34.237400
vt 3.554800 -34.237400
vt -406.912811 -401.020294
vt -408.072906 -401.020294
vt -406.654602 -401.020294
vt -406.536407 -401.020294
vt -2.423300 -34.237400
vt -2.332800 -34.237400
vt -2.291700 -34.237400
vt -406.387207 -401.020294
vt -406.509613 -401.020294
vt -406.325714 -401.020294
vt -2.148800 -34.237400
vt -2.221100 -34.237400
vt -2.065900 -34.237400
vt -1.959400 -34.237400
vt -1.866500 -34.237400
vt -406.204987 -401.020294
vt -406.273407 -401.020294
vt -406.072906 -401.020294
vt 3.554700 -34.237400
vt -1.775900 -34.237400
vt -749.627625 -223.875900
vt -751.627625 -223.875900
vt -2.554800 -30.759199
vt 3.554800 -30.759100
vt -406.912811 -397.541992
vt -408.072906 -397.541992
vt -406.654510 -397.541992
vt -406.536407 -397.541992
vt -2.423300 -30.759100
vt -2.332800 -30.759100
vt -2.291700 -30.759100
vt -406.387207 -397.541992
vt -406.509613 -397.541992
vt -406.325714 -397.541992
vt -2.148800 -30.759100
vt -2.221100 -30.759100
vt -2.065800 -30.759100
vt -1.959400 -30.759100
vt -1.866500 -30.759100
vt -406.273407 -397.541992
vt -406.204987 -397.541992
vt -406.072906 -397.541992
vt -1.775900 -30.759100
vt 3.554700 -30.759100
vt -749.627625 -220.397598
vt -751.627625 -220.397598
vt 3.554800 -27.280899
vt -2.554800 -27.280899
vt -406.912811 -394.063812
vt -408.072906 -394.063812
vt -406.654510 -394.063812
vt -406.536407 -394.063812
vt -2.332800 -27.280899
vt -2.423300 -27.280899
vt -2.291700 -27.280899
vt -406.387207 -394.063812
vt -406.509613 -394.063812
vt -406.325714 -394.063812
vt -2.148800 -27.280899
vt -2.221100 -27.280899
vt -2.065800 -27.280899
vt -1.959400 -27.280899
vt -1.866500 -27.280899
vt -406.204987 -394.063812
vt -406.273407 -394.063812
vt -406.072906 -394.063812
vt -1.775900 -27.280899
vt -749.627625 -216.919403
vt -751.627625 -216.919296
vt 3.554800 -23.802601
vt -2.554800 -23.802601
vt -406.912811 -390.585510
vt -408.072906 -390.585510
vt -406.654510 -390.585510
vt -406.536407 -390.585510
vt -2.332800 -23.802601
vt -2.423200 -23.802601
vt -2.291700 -23.802601
vt -406.509613 -390.585510
vt -406.387207 -390.585510
vt -406.325714 -390.585510
vt -2.221100 -23.802601
vt -2.148800 -23.802601
vt -2.065800 -23.802601
vt -1.959300 -23.802601
vt -1.866500 -23.802601
vt -406.204987 -390.585510
vt -406.273407 -390.585510
vt -406.072906 -390.585510
vt -1.775800 -23.802601
vt -749.627625 -213.441101
vt -751.627625 -213.441101
vt 3.554800 -20.324400
vt -2.554800 -20.324400
vt -406.912811 -387.107208
vt -408.072906 -387.107208
vt -406.654510 -387.107208
vt -406.536407 -387.107208
vt -2.332800 -20.324400
vt -2.423300 -20.324400
vt -2.291700 -20.324400
vt -406.387207 -387.107208
vt -406.509613 -387.107208
vt -406.325714 -387.107208
vt -2.221100 -20.324400
vt -2.148800 -20.324400
vt -2.065800 -20.324400
vt -1.959400 -20.324400
vt -1.866500 -20.324400
vt -406.204987 -387.107208
vt -406.273407 -387.107208
vt -406.072906 -387.107208
vt -1.775900 -20.324400
vt -749.627625 -209.962799
vt -751.627625 -209.962799
vt 3.554800 -16.846100
vt -2.554800 -16.846100
vt -406.912811 -383.628998
vt -408.072906 -383.628998
vt -406.654510 -383.628998
vt -406.536407 -383.628998
vt -2.332800 -16.846100
vt -2.423200 -16.846100
vt -2.291700 -16.846100
vt -406.387207 -383.628998
vt -406.509613 -383.628998
vt -406.325714 -383.628998
vt -2.221100 -16.846100
vt -2.148800 -16.846100
vt -2.065800 -16.846100
vt -1.959300 -16.846100
vt -1.866500 -16.846100
vt -406.204987 -383.628998
vt -406.273407 -383.628998
vt -406.072906 -383.628998
vt -1.775900 -16.846100
vt -749.627625 -206.484497
vt -751.627625 -206.484497
vt 3.554800 -13.367800
vt -2.554800 -13.367800
vt -406.912811 -380.150696
vt -408.072906 -380.150696
vt -406.654510 -380.150696
vt -406.536407 -380.150696
vt -2.332800 -13.367800
vt -2.423200 -13.367800
vt -2.291700 -13.367800
vt -406.387207 -380.150696
vt -406.509613 -380.150696
vt -406.325714 -380.150696
vt -2.148800 -13.367800
vt -2.221100 -13.367800
vt -2.065800 -13.367800
vt -1.959300 -13.367800
vt -1.866500 -13.367800
vt -406.204987 -380.150696
vt -406.273407 -380.150696
vt -406.072906 -380.150696
vt -1.775900 -13.367900
vt -749.627625 -203.006302
vt -751.627625 -203.006302
vt 3.554700 -9.889600
vt -2.554800 -9.889600
vt -406.912811 -376.672394
vt -408.072906 -376.672394
vt -406.654510 -376.672394
vt -406.536407 -376.672394
vt -2.332800 -9.889600
vt -2.423200 -9.889600
vt -2.291700 -9.889600
vt -406.387207 -376.672394
vt -406.509613 -376.672394
vt -406.325714 -376.672394
vt -2.148800 -9.889600
vt -2.221100 -9.889600
vt -2.065800 -9.889600
vt -1.959300 -9.889600
vt -1.866500 -9.889600
vt -406.204987 -376.672485
vt -406.273407 -376.672394
vt -406.072815 -376.672485
vt -1.775800 -9.889600
vt 3.554800 -9.889500
vt -749.627625 -199.528000
vt -751.627625 -199.528000
vt 3.554700 -6.411300
vt -2.554800 -6.411300
vt -408.072906 -373.194214
vt -406.912811 -373.194214
vt -406.654510 -373.194214
vt -406.536407 -373.194214
vt -2.423200 -6.411300
vt -2.332800 -6.411300
vt -2.291700 -6.411300
vt -406.387207 -373.194214
vt -406.509613 -373.194214
vt -406.325714 -373.194214
vt -2.221100 -6.411300
vt -2.148700 -6.411300
vt -2.065800 -6.411300
vt -1.959300 -6.411300
vt -1.866400 -6.411300
vt -406.204987 -373.194214
vt -406.273407 -373.194214
vt -406.072815 -373.194214
vt -1.775800 -6.411300
vt 3.554800 -6.411300
vt -749.627625 -195.817200
vt -751.627625 -195.817200
vt -2.554800 -2.700500
vt 3.554800 -2.700500
vt -408.072906 -369.483307
vt -406.912811 -369.483307
vt -406.654510 -369.483307
vt -406.536407 -369.483307
vt -2.332800 -2.700500
vt -2.423200 -2.700500
vt -2.291700 -2.700500
vt -406.387207 -369.483307
vt -406.509613 -369.483307
vt -406.325714 -369.483307
vt -2.148800 -2.700500
vt -2.221100 -2.700500
vt -2.065800 -2.700500
vt -1.959300 -2.700500
vt -1.866500 -2.700500
vt -406.204987 -369.483398
vt -406.273407 -369.483398
vt -406.072815 -369.483398
vt -1.775800 -2.700500
vt -749.627625 -192.338898
vt -751.627625 -192.338898
vt 3.554700 0.777800
vt -2.554800 0.777800
vt -406.912811 -366.005096
vt -408.072906 -366.005096
vt -406.654510 -366.005096
vt -406.536407 -366.005096
vt -2.423200 0.777800
vt -2.332800 0.777800
vt -2.291700 0.777800
vt -406.387207 -366.005096
vt -406.509613 -366.005096
vt -406.325714 -366.005096
vt -2.221100 0.777800
vt -2.148800 0.777800
vt -2.065800 0.777800
vt -1.959300 0.777800
vt -1.866400 0.777800
vt -406.204987 -366.005096
vt -406.273407 -366.005096
vt -406.072815 -366.005096
vt -1.775800 0.777700
vt 3.554800 0.777800
vt -749.627625 -188.860703
vt -751.627625 -188.860703
vt 3.554700 4.256000
vt -2.554800 4.256100
vt -406.912811 -362.526794
vt -408.072815 -362.526794
vt -406.654510 -362.526794
vt -406.536407 -362.526794
vt -2.423200 4.256000
vt -2.332800 4.256000
vt -2.291700 4.256000
vt -406.509613 -362.526794
vt -406.387207 -362.526794
vt -406.325714 -362.526794
vt -2.148700 4.256000
vt -2.221100 4.256000
vt -2.065800 4.256000
vt -1.959300 4.256000
vt -1.866400 4.256000
vt -406.204987 -362.526886
vt -406.273407 -362.526886
vt -406.072815 -362.526886
vt -1.775800 4.256000
vt 3.554800 4.256100
vt -749.627625 -185.382401
vt -751.627625 -185.382401
vt 3.554700 7.734300
vt -2.554800 7.734300
vt -408.072815 -359.048615
vt -406.912811 -359.048615
vt -406.654510 -359.048615
vt -406.536407 -359.048615
vt -2.332800 7.734300
vt -2.423200 7.734300
vt -2.291700 7.734300
vt -406.509613 -359.048615
vt -406.387207 -359.048615
vt -406.325714 -359.048615
vt -2.148700 7.734300
vt -2.221100 7.734300
vt -2.065800 7.734300
vt -1.959300 7.734300
vt -1.866400 7.734300
vt -406.273407 -359.048615
vt -406.204987 -359.048615
vt -406.072815 -359.048615
vt -1.775800 7.734300
vt 3.554800 7.734300
vt -749.627625 -181.904099
vt -751.627625 -181.904099
vt 3.554700 11.212600
vt -2.554800 11.212600
vt -406.912811 -355.570312
vt -408.072815 -355.570312
vt -406.654510 -355.570312
vt -406.536407 -355.570312
vt -2.332800 11.212600
vt -2.423200 11.212600
vt -2.291700 11.212600
vt -406.387207 -355.570312
vt -406.509613 -355.570312
vt -406.325714 -355.570312
vt -2.148700 11.212600
vt -2.221100 11.212600
vt -2.065800 11.212600
vt -1.959300 11.212600
vt -1.866400 11.212600
vt -406.204987 -355.570312
vt -406.273407 -355.570312
vt -406.072815 -355.570312
vt -1.775800 11.212500
vt 3.554800 11.212600
vt -749.627625 -178.425903
vt -751.627625 -178.425903
vt 3.554700 14.690800
vt -2.554800 14.690800
vt -406.912811 -352.092010
vt -408.072815 -352.092010
vt -406.654510 -352.092010
vt -406.536407 -352.092010
vt -2.332800 14.690800
vt -2.423200 14.690800
vt -2.291700 14.690800
vt -406.387207 -352.092010
vt -406.509613 -352.092010
vt -406.325714 -352.092010
vt -2.148700 14.690800
vt -2.221100 14.690800
vt -2.065800 14.690800
vt -1.959300 14.690800
vt -1.866400 14.690800
vt -406.204987 -352.092102
vt -406.273407 -352.092010
vt -406.072815 -352.092102
vt -1.775800 14.690800
vt 3.554800 14.690800
vt -749.627625 -174.947693
vt -751.627625 -174.947693
vt 3.554700 18.169001
vt -2.554800 18.169001
vt -406.912811 -348.613800
vt -408.072815 -348.613800
vt -406.654510 -348.613800
vt -406.536407 -348.613800
vt -2.332800 18.169100
vt -2.423200 18.169001
vt -2.291700 18.169100
vt -406.387207 -348.613800
vt -406.509613 -348.613800
vt -406.325714 -348.613800
vt -2.221100 18.169100
vt -2.148700 18.169100
vt -2.065800 18.169100
vt -1.959300 18.169100
vt -1.866400 18.169100
vt -406.204987 -348.613800
vt -406.273407 -348.613800
vt -406.072815 -348.613800
vt -1.775800 18.169100
vt 3.554800 18.169100
vt -749.627625 -171.469406
vt -751.627625 -171.469406
vt 3.554700 21.647301
vt -2.554800 21.647301
vt -406.912811 -345.135590
vt -408.072815 -345.135590
vt -406.654510 -345.135590
vt -406.536407 -345.135590
vt -2.332800 21.647301
vt -2.423200 21.647301
vt -2.291700 21.647301
vt -406.387207 -345.135590
vt -406.509613 -345.135590
vt -406.325714 -345.135590
vt -2.148700 21.647301
vt -2.221100 21.647301
vt -2.065800 21.647301
vt -1.959300 21.647301
vt -1.866400 21.647301
vt -406.204987 -345.135590
vt -406.273407 -345.135590
vt -406.072815 -345.135590
vt 3.554800 21.647301
vt -1.775800 21.647301
vt -749.627625 -167.991104
vt -751.627625 -167.991104
vt 3.554700 25.125601
vt -2.554800 25.125601
vt -406.912811 -341.657288
vt -408.072815 -341.657288
vt -406.654510 -341.657288
vt -406.536407 -341.657288
vt -2.332800 25.125601
vt -2.423200 25.125601
vt -2.291700 25.125601
vt -406.387207 -341.657288
vt -406.509613 -341.657288
vt -406.325714 -341.657288
vt -2.148700 25.125601
vt -2.221100 25.125601
vt -2.065800 25.125601
vt -1.959300 25.125601
vt -1.866400 25.125601
vt -406.273407 -341.657288
vt -406.204987 -341.657288
vt -406.072815 -341.657288
vt 3.554800 25.125601
vt -1.775800 25.125601
vt -749.627625 -148.512894
vt -751.627625 -148.512894
vt 3.554700 44.603802
vt -2.554800 44.603802
vt -406.912811 -322.178986
vt -408.072815 -322.178986
vt -406.654510 -322.178986
vt -406.536407 -322.178986
vt -2.332800 44.603802
vt -2.423200 44.603802
vt -2.291600 44.603802
vt -406.387207 -322.178986
vt -406.509613 -322.178986
vt -406.325714 -322.178986
vt -2.148700 44.603802
vt -2.221100 44.603802
vt -2.065800 44.603802
vt -1.959300 44.603802
vt -1.866400 44.603802
vt -406.204987 -322.178986
vt -406.273407 -322.178986
vt -406.072815 -322.178986
vt 3.554800 44.603802
vt -1.775800 44.603802
vt -751.627625 -146.034607
vt -749.627625 -144.034607
vt 3.554700 49.082100
vt -2.554900 49.082100
vt -406.912811 -318.860809
vt -408.072815 -317.700806
vt -406.654510 -319.118988
vt -406.536407 -319.237213
vt -2.332800 47.514900
vt -2.423200 47.545700
vt -2.291600 47.518902
vt -406.387207 -319.386414
vt -406.509613 -319.264008
vt -406.325714 -319.447906
vt -2.148700 47.314201
vt -2.221100 47.334999
vt -2.065800 47.313599
vt -1.959300 47.308800
vt -1.866400 47.282700
vt -406.204987 -319.568695
vt -406.273407 -319.500214
vt -406.072815 -319.700806
vt -1.775800 47.082100
vt 3.554800 47.082100
vt 771.391113 -668.612793
vt 769.391113 -671.221497
vt 771.391113 -671.221497
vt 731.744690 307.138702
vt 737.854187 302.529999
vt 737.854187 307.138702
vt 943.057312 -320.449402
vt 944.217285 -323.898102
vt 944.217285 -320.449402
vt 944.475525 -323.639801
vt 944.475525 -320.449402
vt 944.593628 -323.521698
vt 944.593628 -320.449402
vt 700.901001 -422.221008
vt 700.810486 -419.179504
vt 700.810486 -422.221008
vt 700.769470 -422.221008
vt 944.620483 -320.449402
vt 944.742798 -323.372498
vt 944.742798 -320.449402
vt 944.804321 -323.311005
vt 944.804321 -320.449402
vt 700.698914 -422.221008
vt 700.626526 -419.380310
vt 700.626526 -422.221008
vt 700.543579 -419.380798
vt 700.543579 -422.221008
vt 700.437073 -419.385712
vt 700.437073 -422.221008
vt 700.344177 -419.411713
vt 700.344177 -422.221008
vt 944.856689 -320.449402
vt 944.925171 -323.190186
vt 944.925171 -320.449402
vt 945.057312 -323.058105
vt 945.057312 -320.449402
vt 700.253601 -419.612305
vt 694.922974 -422.221008
vt 700.253601 -422.221008
vt 769.391113 -674.830200
vt 771.391113 -674.830200
vt 737.854187 310.747406
vt 731.744812 310.747406
vt 944.217285 -316.840698
vt 943.057312 -316.840698
vt 944.475525 -316.840698
vt 944.593628 -316.840698
vt 700.810608 -425.829712
vt 700.901001 -425.829712
vt 700.769470 -425.829712
vt 944.742798 -316.840698
vt 944.620483 -316.840698
vt 944.804321 -316.840698
vt 700.698914 -425.829712
vt 700.626587 -425.829712
vt 700.543579 -425.829712
vt 700.437073 -425.829712
vt 700.344177 -425.829712
vt 944.925171 -316.840698
vt 944.856689 -316.840698
vt 945.057312 -316.840698
vt 694.922974 -425.829712
vt 700.253723 -425.829712
vt 769.391113 -679.438904
vt 771.391113 -679.438904
vt 731.744812 315.356110
vt 737.854187 315.355988
vt 944.217285 -312.232086
vt 943.057312 -312.232086
vt 944.475525 -312.232086
vt 944.593628 -312.232086
vt 700.810608 -430.438385
vt 700.901001 -430.438385
vt 700.769470 -430.438385
vt 944.742798 -312.232086
vt 944.620483 -312.232086
vt 944.804321 -312.232086
vt 700.626587 -430.438385
vt 700.698914 -430.438385
vt 700.543579 -430.438385
vt 700.437073 -430.438385
vt 700.344177 -430.438385
vt 944.925171 -312.232086
vt 944.856689 -312.232086
vt 945.057312 -312.232086
vt 694.922974 -430.438385
vt 700.253723 -430.438385
vt 769.391113 -683.047607
vt 771.391113 -683.047607
vt 731.744812 318.964813
vt 737.854309 318.964691
vt 943.057312 -308.623413
vt 944.217285 -308.623413
vt 944.475525 -308.623413
vt 944.593628 -308.623413
vt 700.810608 -434.047089
vt 700.901123 -434.047089
vt 700.769470 -434.047089
vt 944.620483 -308.623413
vt 944.742920 -308.623413
vt 944.804321 -308.623413
vt 700.626587 -434.047089
vt 700.698975 -434.047089
vt 700.543579 -434.047089
vt 700.437073 -434.047089
vt 700.344177 -434.047089
vt 944.925171 -308.623413
vt 944.856689 -308.623413
vt 945.057312 -308.623413
vt 700.253723 -434.047089
vt 694.922974 -434.047089
vt 769.391113 -686.929688
vt 771.391113 -686.929688
vt 731.744873 322.846893
vt 737.854370 322.846802
vt 943.057312 -304.741302
vt 944.217285 -304.741302
vt 944.475586 -304.741302
vt 944.593811 -304.741302
vt 700.810730 -437.929199
vt 700.901123 -437.929199
vt 700.769714 -437.929199
vt 944.742920 -304.741302
vt 944.620483 -304.741302
vt 944.804321 -304.741302
vt 700.698975 -437.929199
vt 700.626709 -437.929199
vt 700.543701 -437.929199
vt 700.437317 -437.929199
vt 700.344421 -437.929199
vt 944.925171 -304.741211
vt 944.856689 -304.741211
vt 945.057312 -304.741211
vt 694.923218 -437.929199
vt 700.253784 -437.929199
vt 769.391113 -689.192505
vt 771.391113 -689.192627
vt 731.744995 325.109711
vt 737.854492 325.109711
vt 944.217285 -302.478394
vt 943.057312 -302.478394
vt 944.475586 -302.478394
vt 944.593811 -302.478394
vt 700.810913 -440.191986
vt 700.901184 -440.191986
vt 700.769775 -440.191986
vt 944.620483 -302.478394
vt 944.742920 -302.478394
vt 944.804321 -302.478394
vt 700.699219 -440.191986
vt 700.626770 -440.191986
vt 700.543823 -440.191986
vt 700.437378 -440.191986
vt 700.344482 -440.191986
vt 944.925171 -302.478394
vt 944.856689 -302.478394
vt 945.057312 -302.478394
vt 694.923218 -440.192108
vt 700.253906 -440.191986
vt 769.391113 -692.801208
vt 771.391113 -692.801208
vt 737.854614 328.718292
vt 731.744995 328.718414
vt 943.057312 -298.869812
vt 944.217285 -298.869690
vt 944.475586 -298.869690
vt 944.593811 -298.869690
vt 700.810913 -443.800812
vt 700.901184 -443.800812
vt 700.769775 -443.800812
vt 944.742920 -298.869690
vt 944.620483 -298.869690
vt 944.804382 -298.869690
vt 700.626770 -443.800812
vt 700.699219 -443.800812
vt 700.543823 -443.800812
vt 700.437378 -443.800812
vt 700.344482 -443.800812
vt 944.925171 -298.869690
vt 944.856689 -298.869690
vt 945.057312 -298.869690
vt 694.923279 -443.800812
vt 700.253906 -443.800812
vt 769.391113 -697.409912
vt 771.391113 -697.409912
vt 737.854614 333.326996
vt 731.744995 333.327087
vt 943.057312 -294.260986
vt 944.217285 -294.260986
vt 944.475586 -294.260986
vt 944.593811 -294.260986
vt 700.810913 -448.409393
vt 700.901306 -448.409393
vt 700.769775 -448.409393
vt 944.742920 -294.260986
vt 944.620483 -294.260986
vt 944.804382 -294.260986
vt 700.626770 -448.409393
vt 700.699219 -448.409393
vt 700.543884 -448.409393
vt 700.437378 -448.409393
vt 700.344482 -448.409393
vt 944.925171 -294.260986
vt 944.856689 -294.260986
vt 945.057312 -294.260986
vt 694.923279 -448.409485
vt 700.253906 -448.409393
vt 769.391113 -702.018616
vt 771.391113 -702.018616
vt 731.744995 337.935791
vt 737.854614 337.935699
vt 944.217285 -289.652313
vt 943.057312 -289.652313
vt 944.475586 -289.652313
vt 944.593811 -289.652313
vt 700.810913 -453.018097
vt 700.901428 -453.018097
vt 700.769775 -453.018097
vt 944.742920 -289.652313
vt 944.620483 -289.652313
vt 944.804382 -289.652313
vt 700.626770 -453.018097
vt 700.699219 -453.018097
vt 700.543884 -453.018097
vt 700.437378 -453.018097
vt 700.344482 -453.018097
vt 944.925171 -289.652313
vt 944.856689 -289.652313
vt 945.057312 -289.652313
vt 700.253906 -453.018097
vt 694.923279 -453.018188
vt 771.391113 -703.627319
vt 769.391113 -705.627319
vt 731.744995 341.544495
vt 737.854614 341.544403
vt 944.217285 -287.203613
vt 943.057312 -286.043610
vt 944.475586 -287.461914
vt 944.593811 -287.580109
vt 700.810913 -455.059692
vt 700.901428 -455.090393
vt 700.769775 -455.063599
vt 944.742920 -287.729187
vt 944.620483 -287.606812
vt 944.804382 -287.790710
vt 700.626770 -454.858887
vt 700.699219 -454.879700
vt 700.543884 -454.858307
vt 700.437378 -454.853485
vt 700.344604 -454.827393
vt 944.925171 -287.911499
vt 944.856689 -287.842987
vt 945.057312 -288.043610
vt 694.923279 -454.626892
vt 700.253906 -454.626801
vt -786.642090 -146.034698
vt -788.642090 -148.513000
vt -786.642090 -148.513000
vt 3.554500 49.082001
vt -2.555100 44.603802
vt 3.554500 44.603802
vt -369.058289 -322.179108
vt -370.218292 -318.860809
vt -370.218292 -322.179108
vt -370.476593 -319.119110
vt -370.476593 -322.179108
vt -370.594788 -319.237305
vt -370.594788 -322.179108
vt 3.423500 44.603802
vt 3.333100 47.514900
vt 3.333100 44.603802
vt 3.292000 44.603802
vt -370.621490 -322.179108
vt -370.743988 -319.386505
vt -370.743988 -322.179108
vt -370.805389 -319.447906
vt -370.805389 -322.179108
vt 3.221400 44.603802
vt 3.149000 47.314098
vt 3.149100 44.603802
vt 3.066100 47.313499
vt 3.066100 44.603802
vt 2.959600 47.308701
vt 2.959600 44.603802
vt 2.866700 47.282600
vt 2.866700 44.603802
vt -370.857697 -322.179108
vt -370.926208 -319.568695
vt -370.926208 -322.179108
vt -371.058289 -319.700806
vt -371.058289 -322.179108
vt 2.776100 47.082001
vt -2.554500 44.603802
vt 2.776100 44.603802
vt -788.642090 -167.991196
vt -786.642090 -167.991196
vt -2.555100 25.125500
vt 3.554500 25.125500
vt -370.218292 -341.657288
vt -369.058289 -341.657288
vt -370.476593 -341.657288
vt -370.594788 -341.657288
vt 3.333100 25.125500
vt 3.423500 25.125500
vt 3.292000 25.125500
vt -370.743988 -341.657288
vt -370.621490 -341.657288
vt -370.805389 -341.657288
vt 3.149000 25.125500
vt 3.221400 25.125500
vt 3.066100 25.125500
vt 2.959600 25.125500
vt 2.866700 25.125500
vt -370.926208 -341.657288
vt -370.857697 -341.657288
vt -371.058289 -341.657288
vt 2.776100 25.125500
vt -2.554500 25.125500
vt -788.642090 -171.469498
vt -786.642090 -171.469498
vt 3.554500 21.647200
vt -2.555100 21.647200
vt -370.218292 -345.135590
vt -369.058289 -345.135590
vt -370.476593 -345.135590
vt -370.594788 -345.135590
vt 3.333100 21.647200
vt 3.423500 21.647200
vt 3.292000 21.647200
vt -370.743988 -345.135590
vt -370.621490 -345.135590
vt -370.805389 -345.135590
vt 3.149100 21.647200
vt 3.221400 21.647200
vt 3.066100 21.647200
vt 2.959600 21.647200
vt 2.866800 21.647200
vt -370.926208 -345.135590
vt -370.857697 -345.135590
vt -371.058289 -345.135590
vt -2.554500 21.647200
vt 2.776100 21.647200
vt -788.642090 -174.947800
vt -786.642090 -174.947800
vt 3.554500 18.169001
vt -2.555100 18.169001
vt -370.218292 -348.613892
vt -369.058289 -348.613892
vt -370.476593 -348.613892
vt -370.594788 -348.613892
vt 3.333100 18.169001
vt 3.423500 18.169001
vt 3.292000 18.169001
vt -370.621490 -348.613892
vt -370.743988 -348.613892
vt -370.805389 -348.613892
vt 3.149100 18.169001
vt 3.221400 18.169001
vt 3.066100 18.169001
vt 2.959600 18.169001
vt 2.866800 18.169001
vt -370.926208 -348.613892
vt -370.857697 -348.613892
vt -371.058289 -348.613892
vt -2.554500 18.169001
vt 2.776100 18.169001
vt -788.642090 -178.425903
vt -786.642090 -178.425903
vt 3.554500 14.690800
vt -2.555100 14.690800
vt -370.218292 -352.092010
vt -369.058289 -352.092010
vt -370.476593 -352.092010
vt -370.594788 -352.092010
vt 3.333100 14.690800
vt 3.423500 14.690800
vt 3.292000 14.690800
vt -370.743988 -352.092010
vt -370.621490 -352.092010
vt -370.805389 -352.092010
vt 3.149100 14.690800
vt 3.221400 14.690800
vt 3.066100 14.690800
vt 2.959700 14.690800
vt 2.866800 14.690800
vt -370.857697 -352.092102
vt -370.926208 -352.092194
vt -371.058289 -352.092194
vt -2.554500 14.690800
vt 2.776100 14.690700
vt -788.642090 -181.904205
vt -786.642090 -181.904205
vt 3.554500 11.212600
vt -2.555100 11.212500
vt -370.218292 -355.570312
vt -369.058289 -355.570312
vt -370.476593 -355.570312
vt -370.594788 -355.570312
vt 3.333100 11.212500
vt 3.423600 11.212500
vt 3.292000 11.212500
vt -370.743988 -355.570312
vt -370.621490 -355.570312
vt -370.805389 -355.570312
vt 3.149100 11.212500
vt 3.221400 11.212500
vt 3.066100 11.212500
vt 2.959600 11.212500
vt 2.866800 11.212500
vt -370.857697 -355.570312
vt -370.926208 -355.570404
vt -371.058289 -355.570404
vt -2.554500 11.212600
vt 2.776100 11.212400
vt -788.642090 -185.382401
vt -786.642090 -185.382401
vt 3.554500 7.734300
vt -2.555100 7.734300
vt -370.218292 -359.048615
vt -369.058289 -359.048615
vt -370.476593 -359.048615
vt -370.594788 -359.048615
vt 3.333100 7.734300
vt 3.423600 7.734300
vt 3.292000 7.734300
vt -370.743988 -359.048615
vt -370.621490 -359.048615
vt -370.805389 -359.048615
vt 3.149100 7.734300
vt 3.221400 7.734300
vt 3.066100 7.734300
vt 2.959700 7.734300
vt 2.866800 7.734300
vt -370.857697 -359.048615
vt -370.926208 -359.048706
vt -371.058289 -359.048706
vt -2.554500 7.734300
vt 2.776200 7.734200
vt -788.642090 -188.860703
vt -786.642090 -188.860703
vt 3.554500 4.256000
vt -2.555100 4.256000
vt -370.218292 -362.526886
vt -369.058289 -362.526886
vt -370.476593 -362.526794
vt -370.594788 -362.526794
vt 3.333100 4.256000
vt 3.423600 4.256000
vt 3.292000 4.256000
vt -370.743988 -362.526794
vt -370.621490 -362.526794
vt -370.805389 -362.526794
vt 3.149100 4.256000
vt 3.221400 4.256000
vt 3.066100 4.256000
vt 2.959700 4.256000
vt 2.866800 4.256000
vt -370.857697 -362.526886
vt -370.926208 -362.526886
vt -371.058289 -362.526886
vt -2.554500 4.256000
vt 2.776200 4.255900
vt -788.642090 -192.338898
vt -786.642090 -192.338898
vt 3.554400 0.777800
vt -2.555100 0.777800
vt -369.058289 -366.005096
vt -370.218292 -366.005096
vt -370.476593 -366.005096
vt -370.594788 -366.005096
vt 3.333100 0.777800
vt 3.423600 0.777800
vt 3.292000 0.777800
vt -370.743988 -366.005096
vt -370.621613 -366.005096
vt -370.805389 -366.005096
vt 3.149100 0.777800
vt 3.221500 0.777800
vt 3.066100 0.777800
vt 2.959700 0.777800
vt 2.866800 0.777800
vt -370.857697 -366.005096
vt -370.926208 -366.005188
vt -371.058289 -366.005188
vt -2.554500 0.777800
vt 2.776200 0.777600
vt -788.642090 -195.817200
vt -786.642090 -195.817200
vt -2.555100 -2.700500
vt 3.554400 -2.700500
vt -370.218292 -369.483398
vt -369.058289 -369.483398
vt -370.476593 -369.483398
vt -370.594788 -369.483398
vt 3.333200 -2.700500
vt 3.423600 -2.700500
vt 3.292000 -2.700500
vt -370.743988 -369.483398
vt -370.621613 -369.483398
vt -370.805511 -369.483398
vt 3.221500 -2.700500
vt 3.149100 -2.700500
vt 3.066200 -2.700500
vt 2.959700 -2.700500
vt 2.866800 -2.700500
vt -370.857788 -369.483398
vt -370.926300 -369.483490
vt -371.058289 -369.483490
vt -2.554500 -2.700500
vt 2.776200 -2.700600
vt -788.642090 -199.528000
vt -786.642090 -199.528000
vt 3.554500 -6.411300
vt -2.555100 -6.411300
vt -370.218414 -373.194214
vt -369.058289 -373.194214
vt -370.476593 -373.194214
vt -370.594788 -373.194214
vt 3.423600 -6.411300
vt 3.333100 -6.411300
vt 3.292000 -6.411300
vt -370.621613 -373.194214
vt -370.743988 -373.194214
vt -370.805511 -373.194214
vt 3.221400 -6.411300
vt 3.149100 -6.411300
vt 3.066100 -6.411300
vt 2.959700 -6.411300
vt 2.866800 -6.411300
vt -370.857788 -373.194214
vt -370.926300 -373.194305
vt -371.058289 -373.194305
vt -2.554500 -6.411300
vt 2.776200 -6.411400
vt -788.642090 -203.006302
vt -786.642090 -203.006302
vt 3.554400 -9.889600
vt -2.555100 -9.889600
vt -370.218292 -376.672394
vt -369.058289 -376.672394
vt -370.476593 -376.672394
vt -370.594788 -376.672394
vt 3.333200 -9.889600
vt 3.423600 -9.889600
vt 3.292000 -9.889600
vt -370.743988 -376.672394
vt -370.621613 -376.672394
vt -370.805511 -376.672394
vt 3.149100 -9.889600
vt 3.221400 -9.889600
vt 3.066200 -9.889600
vt 2.959700 -9.889600
vt 2.866800 -9.889600
vt -370.857788 -376.672485
vt -370.926300 -376.672485
vt -371.058289 -376.672485
vt -2.554400 -9.889600
vt 2.776200 -9.889700
vt -788.642090 -206.484604
vt -786.642090 -206.484604
vt 3.554400 -13.367800
vt -2.555100 -13.367800
vt -370.218292 -380.150696
vt -369.058289 -380.150696
vt -370.476593 -380.150696
vt -370.594788 -380.150696
vt 3.333200 -13.367800
vt 3.423600 -13.367800
vt 3.292000 -13.367800
vt -370.743988 -380.150696
vt -370.621613 -380.150696
vt -370.805511 -380.150696
vt 3.149100 -13.367800
vt 3.221500 -13.367800
vt 3.066200 -13.367800
vt 2.959700 -13.367800
vt 2.866800 -13.367800
vt -370.857788 -380.150696
vt -370.926300 -380.150787
vt -371.058289 -380.150787
vt -2.554400 -13.367800
vt 2.776200 -13.368000
vt -788.642090 -209.962906
vt -786.642090 -209.962906
vt 3.554400 -16.846100
vt -2.555100 -16.846201
vt -370.218414 -383.629089
vt -369.058289 -383.629089
vt -370.476593 -383.629089
vt -370.594788 -383.629089
vt 3.333200 -16.846201
vt 3.423600 -16.846201
vt 3.292100 -16.846201
vt -370.743988 -383.629089
vt -370.621613 -383.629089
vt -370.805511 -383.629089
vt 3.149100 -16.846100
vt 3.221500 -16.846201
vt 3.066200 -16.846100
vt 2.959700 -16.846100
vt 2.866800 -16.846100
vt -370.857788 -383.628998
vt -370.926300 -383.628998
vt -371.058289 -383.628998
vt -2.554400 -16.846100
vt 2.776200 -16.846100
vt -788.642090 -213.441101
vt -786.642090 -213.441101
vt 3.554400 -20.324400
vt -2.555100 -20.324499
vt -370.218414 -387.107300
vt -369.058289 -387.107300
vt -370.476593 -387.107300
vt -370.594788 -387.107300
vt 3.333200 -20.324499
vt 3.423600 -20.324499
vt 3.292100 -20.324499
vt -370.743988 -387.107300
vt -370.621613 -387.107300
vt -370.805511 -387.107300
vt 3.149100 -20.324400
vt 3.221500 -20.324499
vt 3.066200 -20.324400
vt 2.959700 -20.324400
vt 2.866800 -20.324400
vt -370.926300 -387.107300
vt -370.857788 -387.107300
vt -371.058289 -387.107300
vt -2.554400 -20.324400
vt 2.776200 -20.324400
vt -788.642090 -216.919403
vt -786.642090 -216.919403
vt 3.554400 -23.802700
vt -2.555100 -23.802700
vt -370.218414 -390.585602
vt -369.058289 -390.585602
vt -370.476593 -390.585602
vt -370.594788 -390.585602
vt 3.333200 -23.802700
vt 3.423600 -23.802700
vt 3.292100 -23.802700
vt -370.743988 -390.585602
vt -370.621613 -390.585602
vt -370.805511 -390.585602
vt 3.149100 -23.802700
vt 3.221500 -23.802700
vt 3.066200 -23.802700
vt 2.959700 -23.802700
vt 2.866800 -23.802700
vt -370.926300 -390.585510
vt -370.857788 -390.585510
vt -371.058289 -390.585510
vt -2.554400 -23.802700
vt 2.776200 -23.802700
vt -788.642090 -220.397705
vt -786.642029 -220.397705
vt 3.554400 -27.280899
vt -2.555200 -27.280899
vt -370.218414 -394.063812
vt -369.058289 -394.063812
vt -370.476593 -394.063812
vt -370.594788 -394.063812
vt 3.333200 -27.280899
vt 3.423600 -27.280899
vt 3.292100 -27.280899
vt -370.743988 -394.063812
vt -370.621613 -394.063812
vt -370.805511 -394.063812
vt 3.149100 -27.280899
vt 3.221500 -27.280899
vt 3.066200 -27.280899
vt 2.959700 -27.280899
vt 2.866800 -27.280899
vt -370.926300 -394.063812
vt -370.857788 -394.063812
vt -371.058289 -394.063812
vt -2.554400 -27.280899
vt 2.776200 -27.280899
vt -788.642029 -223.875900
vt -786.642029 -223.875900
vt -2.555200 -30.759199
vt 3.554400 -30.759199
vt -370.218414 -397.541992
vt -369.058289 -397.541992
vt -370.476593 -397.542114
vt -370.594788 -397.542114
vt 3.333200 -30.759199
vt 3.423600 -30.759199
vt 3.292100 -30.759199
vt -370.743988 -397.542114
vt -370.621613 -397.542114
vt -370.805511 -397.542114
vt 3.149100 -30.759199
vt 3.221500 -30.759199
vt 3.066200 -30.759199
vt 2.959700 -30.759199
vt 2.866800 -30.759199
vt -370.926300 -397.542114
vt -370.857788 -397.542114
vt -371.058289 -397.542114
vt -2.554400 -30.759199
vt 2.776200 -30.759199
vt -788.642029 -227.354202
vt -786.642029 -227.354202
vt -2.555200 -34.237400
vt 3.554400 -34.237499
vt -370.218414 -401.020294
vt -369.058289 -401.020294
vt -370.476593 -401.020294
vt -370.594788 -401.020294
vt 3.333200 -34.237499
vt 3.423600 -34.237499
vt 3.292100 -34.237499
vt -370.743988 -401.020294
vt -370.621613 -401.020294
vt -370.805511 -401.020294
vt 3.149100 -34.237499
vt 3.221500 -34.237499
vt 3.066200 -34.237499
vt 2.959700 -34.237499
vt 2.866800 -34.237499
vt -370.926300 -401.020294
vt -370.857788 -401.020294
vt -371.058289 -401.020294
vt -2.554400 -34.237499
vt 2.776200 -34.237499
vt -786.642029 -230.832504
vt -788.642029 -230.832504
vt -2.555100 -37.715698
vt 3.554400 -37.715698
vt -370.218414 -404.498505
vt -369.058289 -404.498505
vt -370.476593 -404.498596
vt -370.594788 -404.498596
vt 3.333200 -37.715698
vt 3.423600 -37.715698
vt 3.292100 -37.715698
vt -370.743988 -404.498596
vt -370.621613 -404.498596
vt -370.805511 -404.498596
vt 3.149100 -37.715698
vt 3.221500 -37.715698
vt 3.066200 -37.715698
vt 2.959700 -37.715698
vt 2.866800 -37.715698
vt -370.926300 -404.498596
vt -370.857788 -404.498596
vt -371.058289 -404.498596
vt -2.554400 -37.715698
vt 2.776200 -37.715698
vt -786.642029 -234.310806
vt -788.642029 -234.310806
vt -2.555100 -41.193901
vt 3.554400 -41.194000
vt -370.218414 -407.976807
vt -369.058289 -407.976807
vt -370.476593 -407.976807
vt -370.594788 -407.976807
vt 3.333200 -41.193901
vt 3.423600 -41.193901
vt 3.292100 -41.193901
vt -370.743988 -407.976807
vt -370.621613 -407.976807
vt -370.805511 -407.976807
vt 3.221500 -41.193901
vt 3.149100 -41.194000
vt 3.066200 -41.194000
vt 2.959700 -41.194000
vt 2.866800 -41.194000
vt -370.926300 -407.976898
vt -370.857788 -407.976898
vt -371.058289 -407.976898
vt -2.554400 -41.194000
vt 2.776200 -41.194000
vt -788.642029 -237.788895
vt -786.642029 -237.788895
vt 3.554400 -44.672199
vt -2.555200 -44.672199
vt -370.218414 -411.455109
vt -369.058289 -411.455109
vt -370.476593 -411.455109
vt -370.594788 -411.455109
vt 3.333200 -44.672199
vt 3.423600 -44.672199
vt 3.292100 -44.672199
vt -370.743988 -411.455109
vt -370.621613 -411.455109
vt -370.805511 -411.455109
vt 3.221500 -44.672199
vt 3.149200 -44.672199
vt 3.066200 -44.672199
vt 2.959700 -44.672199
vt 2.866900 -44.672298
vt -370.926300 -411.455200
vt -370.857788 -411.455200
vt -371.058289 -411.455200
vt -2.554400 -44.672199
vt 2.776200 -44.672298
vt -786.642029 -241.198807
vt 3.554400 -48.082100
vt -2.555200 -48.082100
vt -369.058289 -414.864990
vt -370.218292 -414.864990
vt -370.476593 -414.864990
vt 3.423600 -48.082100
vt 3.292100 -48.082100
vt 3.333200 -48.082100
vt -370.621613 -414.864899
vt -370.743988 -414.864899
vt 3.221500 -48.082100
vt 3.066200 -48.082100
vt 3.149200 -48.082100
vt 2.959700 -48.082100
vt -370.857788 -414.864990
vt -370.926300 -414.864990
vt -2.423300 -48.082100
vt -406.509613 -414.864990
vt -406.273407 -411.455109
vt -1.775900 -44.672199
vt 3.554700 -48.082100
vt -2.554400 -48.082100
vt 1541.261597 -163.476898
vt -163.476898 97.097000
vt 166.226898 97.097000
vt 1505.261597 -163.476898
vt -749.627625 -241.198807
vt 3.554800 -48.082100
vt -408.072906 -414.864899
vt -2.291800 -44.672199
vt -406.325714 -411.454987
vt -1.866500 -48.082100
vt -406.072906 -411.455109
vt 769.391113 -666.612793
vt 731.744629 302.529999
vt 943.057312 -325.058105
vt 700.901001 -419.148804
vt 700.769470 -419.175507
vt 944.620483 -323.494904
vt 700.698914 -419.359497
vt 944.856689 -323.258698
vt 694.922974 -419.612305
vt -788.642090 -144.034698
vt -2.555100 49.082001
vt -369.058289 -317.700806
vt 3.423500 47.545601
vt 3.292000 47.518799
vt -370.621490 -319.264008
vt 3.221400 47.334900
vt -370.857697 -319.500214
vt -2.554500 47.082001
vt -788.642029 -241.198807
vt -370.594788 -414.864990
vt -370.805511 -414.864990
vt 2.866900 -48.082100
vt -371.058289 -414.864990
vt -2.221200 -48.082100
vt -406.273407 -414.864990
vt -1.775900 -48.082100
vt 2.776200 -48.082100
s 1
usemtl 
f 4/1/1 6/2/1 3/3/1
f 1/4/2 7/5/2 2/6/2
f 10/7/3 12/8/3 9/9/3
s 0
f 8/10/2 13/11/2 7/5/2
f 11/12/3 16/13/3 12/8/3
f 14/14/2 17/15/2 13/11/2
f 15/16/3 20/17/3 16/13/3
f 18/18/2 21/19/2 17/15/2
f 19/20/3 24/21/3 20/17/3
f 22/22/2 25/23/2 21/19/2
f 23/24/3 28/25/3 24/21/3
f 26/26/2 29/27/2 25/23/2
f 27/28/3 32/29/3 28/25/3
f 30/30/2 4/31/2 29/27/2
f 31/32/3 34/33/3 32/29/3
f 6/2/1 35/34/1 3/3/1
f 36/35/1 37/36/1 35/34/1
f 38/37/1 39/38/1 37/36/1
f 40/39/1 33/40/1 39/38/1
s 1
f 44/41/4 42/42/4 41/43/4
f 43/44/3 45/45/3 42/46/3
f 45/47/5 48/48/6 47/49/6
f 51/50/7 49/51/8 52/52/8
f 55/53/9 53/54/10 56/55/10
f 59/56/11 57/57/12 60/58/13
f 63/59/14 61/60/15 64/61/16
f 68/62/17 66/63/18 65/64/19
f 71/65/20 69/66/21 72/67/22
f 41/43/4 73/68/4 74/69/4
f 42/46/3 75/70/3 73/71/3
f 45/47/5 76/72/23 75/73/5
f 47/49/6 77/74/8 76/72/23
f 77/74/8 50/75/7 78/76/7
f 50/77/7 79/78/10 78/79/7
f 53/54/10 80/80/24 79/78/10
f 54/81/25 81/82/12 80/83/25
f 57/57/12 82/84/26 81/82/12
f 58/85/26 83/86/15 82/87/26
f 83/86/15 62/88/27 84/89/27
f 84/89/27 65/64/19 85/90/28
f 65/64/19 86/91/29 85/90/28
f 86/92/29 69/66/21 87/93/21
f 69/66/21 88/94/30 87/93/21
f 88/95/2 41/96/2 74/70/2
f 74/69/4 89/97/4 90/98/4
f 73/71/3 91/99/3 89/100/3
f 75/73/5 92/101/23 91/102/5
f 76/72/23 93/103/31 92/101/23
f 93/103/31 78/76/7 94/104/7
f 78/79/7 95/105/32 94/106/7
f 79/78/10 96/107/9 95/105/32
f 80/83/25 97/108/12 96/109/25
f 81/82/12 98/110/26 97/108/12
f 82/87/26 99/111/15 98/112/26
f 83/86/15 100/113/27 99/111/15
f 84/89/27 101/114/28 100/113/27
f 85/90/28 102/115/29 101/114/28
f 86/92/29 103/116/21 102/117/29
f 87/93/21 104/118/30 103/116/21
f 88/95/2 90/99/2 104/119/2
f 90/98/4 105/120/4 106/121/4
f 105/122/3 91/99/3 107/123/3
f 91/102/5 108/124/23 107/125/5
f 92/101/23 109/126/31 108/124/23
f 93/103/31 110/127/33 109/126/31
f 110/128/33 95/105/32 111/129/34
f 111/129/34 96/107/9 112/130/35
f 96/109/25 113/131/12 112/132/25
f 97/108/12 114/133/26 113/131/12
f 98/112/26 115/134/15 114/135/26
f 99/111/15 116/136/27 115/134/15
f 100/113/27 117/137/36 116/136/27
f 101/114/28 118/138/29 117/137/36
f 102/117/29 119/139/37 118/140/29
f 103/116/21 120/141/38 119/139/37
f 104/119/2 106/142/2 120/143/2
f 106/121/4 121/144/4 122/145/4
f 121/146/3 107/123/3 123/147/3
f 107/125/5 124/148/23 123/149/5
f 108/124/23 125/150/8 124/148/23
f 125/150/8 110/127/33 126/151/39
f 126/152/39 111/129/34 127/153/40
f 111/129/34 128/154/41 127/153/40
f 112/132/25 129/155/12 128/156/25
f 113/131/12 130/157/26 129/155/12
f 114/135/26 131/158/15 130/159/26
f 115/134/15 132/160/27 131/158/15
f 116/136/27 133/161/28 132/160/27
f 133/161/28 118/138/29 134/162/29
f 134/163/29 119/139/37 135/164/37
f 135/164/37 120/141/38 136/165/38
f 136/166/2 106/142/2 122/167/2
f 122/145/4 137/168/4 138/169/4
f 121/146/3 139/170/3 137/171/3
f 123/149/5 140/172/23 139/173/5
f 124/148/23 141/174/8 140/172/23
f 125/150/8 142/175/39 141/174/8
f 126/152/39 143/176/40 142/177/39
f 127/153/40 144/178/9 143/176/40
f 128/156/25 145/179/42 144/180/43
f 129/155/12 146/181/26 145/179/42
f 130/159/26 147/182/15 146/183/26
f 131/158/15 148/184/27 147/182/15
f 132/160/27 149/185/28 148/184/27
f 133/161/28 150/186/29 149/185/28
f 134/163/29 151/187/37 150/188/29
f 135/164/37 152/189/38 151/187/37
f 136/166/2 138/170/2 152/190/2
f 138/169/4 153/191/4 154/192/4
f 137/171/3 155/193/3 153/194/3
f 139/173/5 156/195/23 155/196/5
f 140/172/23 157/197/8 156/195/23
f 141/174/8 158/198/39 157/197/8
f 142/177/39 159/199/40 158/200/39
f 143/176/40 160/201/9 159/199/40
f 160/202/25 145/179/42 161/203/12
f 161/203/12 146/181/26 162/204/26
f 162/205/26 147/182/15 163/206/15
f 163/206/15 148/184/27 164/207/44
f 148/184/27 165/208/28 164/207/44
f 149/185/28 166/209/29 165/208/28
f 150/188/29 167/210/37 166/211/29
f 151/187/37 168/212/38 167/210/37
f 168/213/2 138/170/2 154/193/2
f 154/192/4 169/214/4 170/215/4
f 153/194/3 171/216/3 169/217/3
f 155/196/5 172/218/23 171/219/5
f 156/195/23 173/220/8 172/218/23
f 157/197/8 174/221/39 173/220/8
f 158/200/39 175/222/40 174/223/39
f 159/199/40 176/224/9 175/222/40
f 160/202/25 177/225/12 176/226/25
f 161/203/12 178/227/45 177/225/12
f 178/228/45 163/206/15 179/229/16
f 163/206/15 180/230/27 179/229/16
f 164/207/44 181/231/28 180/230/27
f 165/208/28 182/232/29 181/231/28
f 166/211/29 183/233/37 182/234/29
f 167/210/37 184/235/38 183/233/37
f 184/236/2 154/193/2 170/216/2
f 170/215/4 185/237/4 186/238/4
f 169/217/3 187/239/3 185/240/3
f 171/219/5 188/241/23 187/242/5
f 172/218/23 189/243/8 188/241/23
f 173/220/8 190/244/39 189/243/8
f 174/223/39 191/245/40 190/246/39
f 175/222/40 192/247/46 191/245/40
f 176/226/25 193/248/47 192/249/25
f 193/248/47 178/227/45 194/250/45
f 194/251/45 179/229/16 195/252/15
f 195/252/15 180/230/27 196/253/48
f 196/253/48 181/231/28 197/254/36
f 197/254/36 182/232/29 198/255/29
f 182/234/29 199/256/37 198/257/29
f 183/233/37 200/258/38 199/256/37
f 184/236/2 186/239/2 200/259/2
f 186/238/4 201/260/4 202/261/4
f 185/240/3 203/262/3 201/263/3
f 187/242/5 204/264/23 203/265/5
f 188/241/23 205/266/8 204/264/23
f 189/243/8 206/267/39 205/266/8
f 190/246/39 207/268/40 206/269/39
f 191/245/40 208/270/9 207/268/40
f 192/249/25 209/271/47 208/272/25
f 193/248/47 210/273/45 209/271/47
f 194/251/45 211/274/49 210/275/45
f 195/252/15 212/276/48 211/274/49
f 196/253/48 213/277/19 212/276/48
f 197/254/36 214/278/29 213/277/19
f 198/257/29 215/279/37 214/280/29
f 199/256/37 216/281/38 215/279/37
f 216/282/2 186/239/2 202/262/2
f 202/261/4 217/283/4 218/284/4
f 201/263/3 219/285/3 217/286/3
f 203/265/5 220/287/23 219/288/5
f 204/264/23 221/289/8 220/287/23
f 205/266/8 222/290/39 221/289/8
f 206/269/39 223/291/40 222/292/39
f 207/268/40 224/293/9 223/291/40
f 208/272/25 225/294/47 224/295/25
f 209/271/47 226/296/50 225/294/47
f 210/275/45 227/297/49 226/298/50
f 227/297/49 212/276/48 228/299/48
f 212/276/48 229/300/51 228/299/48
f 229/300/51 214/278/29 230/301/29
f 214/280/29 231/302/21 230/303/29
f 215/279/37 232/304/30 231/302/21
f 232/305/2 202/262/2 218/306/2
f 218/284/4 233/307/4 234/308/4
f 217/286/3 235/309/3 233/310/3
f 235/311/5 220/287/23 236/312/23
f 220/287/23 237/313/8 236/312/23
f 237/313/8 222/290/39 238/314/52
f 238/315/52 223/291/40 239/316/40
f 239/316/40 224/293/9 240/317/35
f 224/295/25 241/318/53 240/319/54
f 241/318/53 226/296/50 242/320/50
f 242/321/50 227/297/49 243/322/55
f 227/297/49 244/323/48 243/322/55
f 228/299/48 245/324/51 244/323/48
f 229/300/51 246/325/29 245/324/51
f 230/303/29 247/326/21 246/327/29
f 231/302/21 248/328/30 247/326/21
f 248/329/2 218/306/2 234/330/2
f 234/308/4 249/331/4 250/332/4
f 249/333/3 235/309/3 251/334/3
f 251/335/5 236/312/23 252/336/23
f 236/312/23 253/337/8 252/336/23
f 237/313/8 254/338/39 253/337/8
f 238/315/52 255/339/40 254/340/39
f 239/316/40 256/341/9 255/339/40
f 240/319/54 257/342/47 256/343/25
f 241/318/53 258/344/50 257/342/47
f 242/321/50 259/345/49 258/346/50
f 243/322/55 260/347/48 259/345/49
f 244/323/48 261/348/51 260/347/48
f 245/324/51 262/349/18 261/348/51
f 246/327/29 263/350/21 262/351/18
f 247/326/21 264/352/38 263/350/21
f 264/353/2 234/330/2 250/334/2
f 250/332/4 265/354/4 266/355/4
f 249/333/3 267/356/3 265/357/3
f 251/335/5 268/358/23 267/359/5
f 252/336/23 269/360/31 268/358/23
f 253/337/8 270/361/56 269/360/31
f 270/362/56 255/339/40 271/363/57
f 271/363/57 256/341/9 272/364/35
f 256/343/25 273/365/53 272/366/54
f 273/365/53 258/344/50 274/367/50
f 274/368/50 259/345/49 275/369/49
f 259/345/49 276/370/48 275/369/49
f 260/347/48 277/371/51 276/370/48
f 261/348/51 278/372/29 277/371/51
f 262/351/18 279/373/21 278/374/29
f 263/350/21 280/375/30 279/373/21
f 280/376/2 250/334/2 266/377/2
f 266/355/4 281/378/4 282/379/4
f 265/357/3 283/380/3 281/381/3
f 267/359/5 284/382/23 283/383/5
f 268/358/23 285/384/8 284/382/23
f 285/384/8 270/361/56 286/385/39
f 286/386/39 271/363/57 287/387/40
f 287/387/40 272/364/35 288/388/58
f 288/389/25 273/365/53 289/390/47
f 273/365/53 290/391/50 289/390/47
f 274/368/50 291/392/55 290/393/50
f 275/369/49 292/394/27 291/392/55
f 276/370/48 293/395/51 292/394/27
f 293/395/51 278/372/29 294/396/59
f 278/374/29 295/397/37 294/398/59
f 279/373/21 296/399/38 295/397/37
f 296/400/2 266/377/2 282/401/2
f 282/379/4 297/402/4 298/403/4
f 281/381/3 299/404/3 297/405/3
f 299/406/5 284/382/23 300/407/6
f 300/407/6 285/384/8 301/408/8
f 285/384/8 302/409/39 301/408/8
f 286/386/39 303/410/60 302/411/39
f 287/387/40 304/412/61 303/410/60
f 304/413/25 289/390/47 305/414/12
f 289/390/47 306/415/45 305/414/12
f 290/393/50 307/416/16 306/417/45
f 291/392/55 308/418/27 307/416/16
f 292/394/27 309/419/28 308/418/27
f 309/419/28 294/396/59 310/420/29
f 310/421/29 295/397/37 311/422/37
f 311/422/37 296/399/38 312/423/20
f 312/424/2 282/401/2 298/425/2
f 298/403/4 313/426/4 314/427/4
f 297/405/3 315/428/3 313/429/3
f 299/406/5 316/430/6 315/431/5
f 300/407/6 317/432/8 316/430/6
f 301/408/8 318/433/39 317/432/8
f 302/411/39 319/434/60 318/435/39
f 303/410/60 320/436/61 319/434/60
f 304/413/25 321/437/13 320/438/25
f 305/414/12 322/439/50 321/437/13
f 306/417/45 323/440/49 322/441/50
f 307/416/16 324/442/27 323/440/49
f 308/418/27 325/443/28 324/442/27
f 309/419/28 326/444/29 325/443/28
f 310/421/29 327/445/37 326/446/29
f 311/422/37 328/447/20 327/445/37
f 328/448/2 298/425/2 314/449/2
f 314/427/4 329/450/4 330/451/4
f 313/429/3 331/452/3 329/453/3
f 315/431/5 332/454/6 331/455/5
f 316/430/6 333/456/8 332/454/6
f 317/432/8 334/457/39 333/456/8
f 318/435/39 335/458/60 334/459/39
f 319/434/60 336/460/61 335/458/60
f 320/438/25 337/461/12 336/462/25
f 337/461/12 322/439/50 338/463/45
f 322/441/50 339/464/16 338/465/45
f 323/440/49 340/466/27 339/464/16
f 324/442/27 341/467/28 340/466/27
f 325/443/28 342/468/29 341/467/28
f 326/446/29 343/469/37 342/470/29
f 327/445/37 344/471/20 343/469/37
f 344/472/2 314/449/2 330/473/2
f 330/451/4 345/474/4 346/475/4
f 329/453/3 347/476/3 345/477/3
f 331/455/5 348/478/6 347/479/5
f 332/454/6 349/480/8 348/478/6
f 333/456/8 350/481/39 349/480/8
f 334/459/39 351/482/60 350/483/39
f 335/458/60 352/484/61 351/482/60
f 336/462/25 353/485/12 352/486/25
f 337/461/12 354/487/26 353/485/12
f 354/488/26 339/464/16 355/489/15
f 355/489/15 340/466/27 356/490/27
f 340/466/27 357/491/28 356/490/27
f 341/467/28 358/492/29 357/491/28
f 342/470/29 359/493/37 358/494/29
f 343/469/37 360/495/20 359/493/37
f 360/496/2 330/473/2 346/497/2
f 346/475/4 361/498/4 362/499/4
f 345/477/3 363/500/3 361/501/3
f 347/479/5 364/502/23 363/503/5
f 348/478/6 365/504/8 364/502/23
f 349/480/8 366/505/39 365/504/8
f 350/483/39 367/506/60 366/507/39
f 351/482/60 368/508/61 367/506/60
f 352/486/25 369/509/12 368/510/25
f 353/485/12 370/511/26 369/509/12
f 354/488/26 371/512/15 370/513/26
f 371/512/15 356/490/27 372/514/27
f 372/514/27 357/491/28 373/515/36
f 373/515/36 358/492/29 374/516/29
f 358/494/29 375/517/37 374/518/29
f 359/493/37 376/519/20 375/517/37
f 360/496/2 362/520/2 376/521/2
f 362/499/4 377/522/4 378/523/4
f 361/501/3 379/524/3 377/525/3
f 363/503/5 380/526/23 379/527/5
f 380/526/23 365/504/8 381/528/31
f 365/504/8 382/529/39 381/528/31
f 366/507/39 383/530/60 382/531/39
f 367/506/60 384/532/61 383/530/60
f 368/510/25 385/533/12 384/534/25
f 369/509/12 386/535/26 385/533/12
f 370/513/26 387/536/15 386/537/26
f 371/512/15 388/538/27 387/536/15
f 372/514/27 389/539/28 388/538/27
f 389/539/28 374/516/29 390/540/29
f 390/541/29 375/517/37 391/542/62
f 375/517/37 392/543/63 391/542/62
f 376/521/2 378/544/2 392/545/2
f 378/523/4 393/546/4 394/547/4
f 377/525/3 395/548/3 393/549/3
f 379/527/5 396/550/23 395/551/5
f 380/526/23 397/552/64 396/550/23
f 381/528/31 398/553/52 397/552/64
f 382/531/39 399/554/60 398/555/52
f 383/530/60 400/556/65 399/554/60
f 384/534/25 401/557/12 400/558/25
f 385/533/12 402/559/26 401/557/12
f 386/537/26 403/560/15 402/561/26
f 387/536/15 404/562/27 403/560/15
f 388/538/27 405/563/28 404/562/27
f 389/539/28 406/564/18 405/563/28
f 390/541/29 407/565/21 406/566/18
f 391/542/62 408/567/20 407/565/21
f 392/545/2 394/568/2 408/569/2
f 410/570/4 393/546/4 409/571/4
f 393/549/3 411/572/3 409/573/3
f 395/551/5 412/574/66 411/575/5
f 396/550/23 413/576/67 412/574/66
f 397/552/64 414/577/68 413/576/67
f 398/555/52 415/578/69 414/579/68
f 415/578/69 400/556/65 416/580/70
f 400/558/25 417/581/71 416/582/72
f 401/557/12 418/583/73 417/581/71
f 402/561/26 419/584/74 418/585/73
f 403/560/15 420/586/75 419/584/74
f 404/562/27 421/587/76 420/586/75
f 405/563/28 422/588/77 421/587/76
f 406/566/18 423/589/78 422/590/77
f 407/565/21 424/591/79 423/589/78
f 424/592/2 394/568/2 410/593/2
f 410/594/4 425/595/4 426/596/4
f 425/597/1 411/598/1 427/599/1
f 427/600/5 412/601/66 428/602/80
f 428/602/80 413/603/67 429/604/81
f 429/604/81 414/605/68 430/606/82
f 430/607/82 415/608/69 431/609/83
f 415/608/69 432/610/84 431/609/83
f 432/611/85 417/612/71 433/613/86
f 433/613/86 418/614/73 434/615/87
f 434/616/87 419/617/74 435/618/88
f 435/618/88 420/619/75 436/620/89
f 436/620/89 421/621/76 437/622/90
f 437/622/90 422/623/77 438/624/91
f 438/625/91 423/626/78 439/627/92
f 439/627/92 424/628/79 440/629/93
f 424/630/94 426/631/94 440/632/94
f 426/596/4 441/633/4 442/634/4
f 425/597/1 443/635/1 441/636/1
f 427/600/5 444/637/80 443/638/5
f 428/602/80 445/639/81 444/637/80
f 429/604/81 446/640/82 445/639/81
f 430/607/82 447/641/95 446/642/82
f 431/609/83 448/643/84 447/641/95
f 432/611/85 449/644/86 448/645/85
f 433/613/86 450/646/87 449/644/86
f 450/647/87 435/618/88 451/648/96
f 435/618/88 452/649/97 451/648/96
f 436/620/89 453/650/98 452/649/97
f 437/622/90 454/651/91 453/650/98
f 438/625/91 455/652/99 454/653/91
f 439/627/92 456/654/100 455/652/99
f 440/632/94 442/655/94 456/656/94
f 442/634/4 457/657/4 458/658/4
f 457/659/1 443/635/1 459/660/1
f 443/638/5 460/661/101 459/662/5
f 444/637/80 461/663/102 460/661/101
f 445/639/81 462/664/82 461/663/102
f 446/642/82 463/665/103 462/666/82
f 447/641/95 464/667/104 463/665/103
f 448/645/85 465/668/86 464/669/85
f 449/644/86 466/670/105 465/668/86
f 450/647/87 467/671/106 466/672/105
f 451/648/96 468/673/97 467/671/106
f 452/649/97 469/674/107 468/673/97
f 453/650/98 470/675/91 469/674/107
f 454/653/91 471/676/92 470/677/91
f 455/652/99 472/678/93 471/676/92
f 456/656/94 458/679/94 472/680/94
f 458/658/4 473/681/4 474/682/4
f 473/683/1 459/660/1 475/684/1
f 475/685/5 460/661/101 476/686/80
f 476/686/80 461/663/102 477/687/81
f 461/663/102 478/688/82 477/687/81
f 462/666/82 479/689/108 478/690/82
f 463/665/103 480/691/109 479/689/108
f 480/692/110 465/668/86 481/693/111
f 465/668/86 482/694/112 481/693/111
f 466/672/105 483/695/88 482/696/112
f 467/671/106 484/697/89 483/695/88
f 468/673/97 485/698/113 484/697/89
f 469/674/107 486/699/91 485/698/113
f 470/677/91 487/700/92 486/701/91
f 487/700/92 472/678/93 488/702/114
f 488/703/94 458/679/94 474/704/94
f 474/682/4 489/705/4 490/706/4
f 489/707/1 475/684/1 491/708/1
f 491/709/5 476/686/80 492/710/80
f 492/710/80 477/687/81 493/711/81
f 477/687/81 494/712/82 493/711/81
f 478/690/82 495/713/83 494/714/82
f 479/689/108 496/715/104 495/713/83
f 480/692/110 497/716/115 496/717/110
f 481/693/111 498/718/116 497/716/115
f 498/719/116 483/695/88 499/720/117
f 483/695/88 500/721/118 499/720/117
f 484/697/89 501/722/90 500/721/118
f 485/698/113 502/723/91 501/722/90
f 486/701/91 503/724/99 502/725/91
f 487/700/92 504/726/114 503/724/99
f 488/703/94 490/727/94 504/728/94
f 490/706/4 505/729/4 506/730/4
f 505/731/1 491/708/1 507/732/1
f 491/709/5 508/733/80 507/734/5
f 492/710/80 509/735/81 508/733/80
f 493/711/81 510/736/82 509/735/81
f 494/714/82 511/737/119 510/738/82
f 495/713/83 512/739/120 511/737/119
f 512/740/110 497/716/115 513/741/111
f 497/716/115 514/742/112 513/741/111
f 514/743/112 499/720/117 515/744/96
f 499/720/117 516/745/89 515/744/96
f 500/721/118 517/746/98 516/745/89
f 501/722/90 518/747/91 517/746/98
f 502/725/91 519/748/92 518/749/91
f 503/724/99 520/750/114 519/748/92
f 504/728/94 506/751/94 520/752/94
f 506/730/4 521/753/4 522/754/4
f 505/731/1 523/755/1 521/756/1
f 523/757/5 508/733/80 524/758/80
f 524/758/80 509/735/81 525/759/81
f 509/735/81 526/760/82 525/759/81
f 510/738/82 527/761/121 526/762/82
f 511/737/119 528/763/109 527/761/121
f 512/740/110 529/764/115 528/765/110
f 529/764/115 514/742/112 530/766/112
f 514/743/112 531/767/122 530/768/112
f 515/744/96 532/769/89 531/767/122
f 516/745/89 533/770/123 532/769/89
f 517/746/98 534/771/124 533/770/123
f 518/749/91 535/772/92 534/773/124
f 519/748/92 536/774/114 535/772/92
f 520/752/94 522/775/94 536/776/94
f 522/754/4 537/777/4 538/778/4
f 521/756/1 539/779/1 537/780/1
f 539/781/5 524/758/80 540/782/101
f 524/758/80 541/783/125 540/782/101
f 525/759/81 542/784/126 541/783/125
f 526/762/82 543/785/127 542/786/126
f 527/761/121 544/787/104 543/785/127
f 528/765/110 545/788/115 544/789/110
f 529/764/115 546/790/116 545/788/115
f 530/768/112 547/791/128 546/792/116
f 531/767/122 548/793/97 547/791/128
f 532/769/89 549/794/129 548/793/97
f 533/770/123 550/795/124 549/794/129
f 534/773/124 551/796/130 550/797/124
f 535/772/92 552/798/131 551/796/130
f 536/776/94 538/799/94 552/800/94
f 538/778/4 553/801/4 554/802/4
f 553/803/1 539/779/1 555/804/1
f 539/781/5 556/805/80 555/806/5
f 556/805/80 541/783/125 557/807/81
f 557/807/81 542/784/126 558/808/82
f 542/786/126 559/809/121 558/810/82
f 543/785/127 560/811/84 559/809/121
f 544/789/110 561/812/115 560/813/110
f 545/788/115 562/814/116 561/812/115
f 546/792/116 563/815/106 562/816/116
f 547/791/128 564/817/89 563/815/106
f 548/793/97 565/818/132 564/817/89
f 549/794/129 566/819/124 565/818/132
f 550/797/124 567/820/92 566/821/124
f 551/796/130 568/822/114 567/820/92
f 568/823/94 538/799/94 554/824/94
f 570/825/4 553/801/4 569/826/4
f 569/827/1 555/804/1 571/828/1
f 555/806/5 572/829/133 571/830/5
f 556/805/80 573/831/134 572/829/133
f 557/807/81 574/832/135 573/831/134
f 558/810/82 575/833/136 574/834/135
f 575/833/136 560/811/84 576/835/137
f 560/813/110 577/836/138 576/837/139
f 561/812/115 578/838/140 577/836/138
f 562/816/116 579/839/141 578/840/140
f 563/815/106 580/841/142 579/839/141
f 564/817/89 581/842/143 580/841/142
f 565/818/132 582/843/144 581/842/143
f 566/821/124 583/844/145 582/845/144
f 567/820/92 584/846/146 583/844/145
f 568/823/94 570/847/94 584/848/94
f 570/849/4 585/850/4 586/851/4
f 569/852/2 587/853/2 585/854/2
f 587/855/5 572/856/133 588/857/147
f 588/857/147 573/858/134 589/859/148
f 589/859/148 574/860/135 590/861/149
f 590/862/149 575/863/136 591/864/150
f 575/863/136 592/865/151 591/864/150
f 592/866/152 577/867/138 593/868/153
f 593/868/153 578/869/140 594/870/154
f 594/871/154 579/872/141 595/873/155
f 595/873/155 580/874/142 596/875/156
f 596/875/156 581/876/143 597/877/157
f 597/877/157 582/878/144 598/879/158
f 598/880/158 583/881/145 599/882/159
f 599/882/159 584/883/146 600/884/160
f 584/885/3 586/886/3 600/887/3
f 586/851/4 601/888/4 602/889/4
f 585/854/2 603/890/2 601/891/2
f 587/855/5 604/892/147 603/893/5
f 588/857/147 605/894/161 604/892/147
f 589/859/148 606/895/162 605/894/161
f 590/862/149 607/896/150 606/897/162
f 591/864/150 608/898/163 607/896/150
f 592/866/152 609/899/164 608/900/165
f 593/868/153 610/901/154 609/899/164
f 594/871/154 611/902/155 610/903/154
f 595/873/155 612/904/156 611/902/155
f 596/875/156 613/905/157 612/904/156
f 597/877/157 614/906/158 613/905/157
f 598/880/158 615/907/166 614/908/158
f 599/882/159 616/909/167 615/907/166
f 616/910/3 586/886/3 602/911/3
f 602/889/4 617/912/4 618/913/4
f 617/914/2 603/890/2 619/915/2
f 603/893/5 620/916/168 619/917/5
f 604/892/147 621/918/161 620/916/168
f 605/894/161 622/919/162 621/918/161
f 606/897/162 623/920/169 622/921/162
f 607/896/150 624/922/163 623/920/169
f 608/900/165 625/923/153 624/924/152
f 609/899/164 626/925/154 625/923/153
f 610/903/154 627/926/155 626/927/154
f 611/902/155 628/928/156 627/926/155
f 612/904/156 629/929/157 628/928/156
f 613/905/157 630/930/170 629/929/157
f 614/908/158 631/931/159 630/932/170
f 615/907/166 632/933/171 631/931/159
f 616/910/3 618/934/3 632/935/3
f 618/913/4 633/936/4 634/937/4
f 633/938/2 619/915/2 635/939/2
f 619/917/5 636/940/147 635/941/5
f 620/916/168 637/942/161 636/940/147
f 621/918/161 638/943/149 637/942/161
f 622/921/162 639/944/150 638/945/149
f 623/920/169 640/946/151 639/944/150
f 640/947/152 625/923/153 641/948/164
f 625/923/153 642/949/172 641/948/164
f 626/927/154 643/950/155 642/951/172
f 627/926/155 644/952/156 643/950/155
f 628/928/156 645/953/157 644/952/156
f 629/929/157 646/954/170 645/953/157
f 630/932/170 647/955/159 646/956/170
f 631/931/159 648/957/171 647/955/159
f 632/935/3 634/958/3 648/959/3
f 634/937/4 649/960/4 650/961/4
f 649/962/2 635/939/2 651/963/2
f 635/941/5 652/964/147 651/965/5
f 636/940/147 653/966/161 652/964/147
f 637/942/161 654/967/173 653/966/161
f 638/945/149 655/968/174 654/969/173
f 639/944/150 656/970/175 655/968/174
f 640/947/152 657/971/164 656/972/152
f 641/948/164 658/973/172 657/971/164
f 642/951/172 659/974/155 658/975/172
f 643/950/155 660/976/156 659/974/155
f 644/952/156 661/977/157 660/976/156
f 645/953/157 662/978/158 661/977/157
f 662/979/158 647/955/159 663/980/166
f 647/955/159 664/981/171 663/980/166
f 648/959/3 650/982/3 664/983/3
f 650/961/4 665/984/4 666/985/4
f 665/986/2 651/963/2 667/987/2
f 651/965/5 668/988/147 667/989/5
f 652/964/147 669/990/161 668/988/147
f 653/966/161 670/991/173 669/990/161
f 654/969/173 671/992/174 670/993/173
f 655/968/174 672/994/175 671/992/174
f 656/972/152 673/995/164 672/996/152
f 657/971/164 674/997/172 673/995/164
f 658/975/172 675/998/155 674/999/172
f 659/974/155 676/1000/156 675/998/155
f 676/1000/156 661/977/157 677/1001/157
f 677/1001/157 662/978/158 678/1002/170
f 678/1003/170 663/980/166 679/1004/159
f 663/980/166 680/1005/171 679/1004/159
f 664/983/3 666/1006/3 680/1007/3
f 666/985/4 681/1008/4 682/1009/4
f 681/1010/2 667/987/2 683/1011/2
f 667/989/5 684/1012/147 683/1013/5
f 668/988/147 685/1014/161 684/1012/147
f 669/990/161 686/1015/173 685/1014/161
f 670/993/173 687/1016/174 686/1017/173
f 671/992/174 688/1018/175 687/1016/174
f 672/996/152 689/1019/164 688/1020/152
f 673/995/164 690/1021/176 689/1019/164
f 674/999/172 691/1022/155 690/1023/176
f 675/998/155 692/1024/156 691/1022/155
f 676/1000/156 693/1025/157 692/1024/156
f 677/1001/157 694/1026/158 693/1025/157
f 694/1027/158 679/1004/159 695/1028/177
f 679/1004/159 696/1029/171 695/1028/177
f 680/1007/3 682/1030/3 696/1031/3
f 682/1009/4 697/1032/4 698/1033/4
f 697/1034/2 683/1011/2 699/1035/2
f 683/1013/5 700/1036/168 699/1037/5
f 684/1012/147 701/1038/161 700/1036/168
f 685/1014/161 702/1039/173 701/1038/161
f 686/1017/173 703/1040/174 702/1041/173
f 687/1016/174 704/1042/175 703/1040/174
f 688/1020/152 705/1043/164 704/1044/152
f 689/1019/164 706/1045/176 705/1043/164
f 690/1023/176 707/1046/155 706/1047/176
f 691/1022/155 708/1048/156 707/1046/155
f 692/1024/156 709/1049/157 708/1048/156
f 693/1025/157 710/1050/158 709/1049/157
f 710/1051/158 695/1028/177 711/1052/177
f 695/1028/177 712/1053/167 711/1052/177
f 696/1031/3 698/1054/3 712/1055/3
f 698/1033/4 713/1056/4 714/1057/4
f 713/1058/2 699/1035/2 715/1059/2
f 715/1060/5 700/1036/168 716/1061/147
f 700/1036/168 717/1062/148 716/1061/147
f 701/1038/161 718/1063/173 717/1062/148
f 702/1041/173 719/1064/178 718/1065/173
f 703/1040/174 720/1066/151 719/1064/178
f 704/1044/152 721/1067/164 720/1068/152
f 705/1043/164 722/1069/172 721/1067/164
f 706/1047/176 723/1070/179 722/1071/172
f 707/1046/155 724/1072/156 723/1070/179
f 708/1048/156 725/1073/180 724/1072/156
f 709/1049/157 726/1074/158 725/1073/180
f 726/1075/158 711/1052/177 727/1076/159
f 727/1076/159 712/1053/167 728/1077/181
f 712/1055/3 714/1078/3 728/1079/3
f 714/1057/4 729/1080/4 730/1081/4
f 713/1058/2 731/1082/2 729/1083/2
f 715/1060/5 732/1084/168 731/1085/5
f 716/1061/147 733/1086/161 732/1084/168
f 717/1062/148 734/1087/173 733/1086/161
f 718/1065/173 735/1088/178 734/1089/173
f 719/1064/178 736/1090/182 735/1088/178
f 720/1068/152 737/1091/153 736/1092/152
f 737/1091/153 722/1069/172 738/1093/183
f 738/1094/183 723/1070/179 739/1095/184
f 723/1070/179 740/1096/185 739/1095/184
f 724/1072/156 741/1097/157 740/1096/185
f 741/1097/157 726/1074/158 742/1098/170
f 742/1099/170 727/1076/159 743/1100/159
f 743/1100/159 728/1077/181 744/1101/160
f 728/1079/3 730/1102/3 744/1103/3
f 730/1081/4 745/1104/4 746/1105/4
f 745/1106/2 731/1082/2 747/1107/2
f 731/1085/5 748/1108/147 747/1109/5
f 732/1084/168 749/1110/186 748/1108/147
f 749/1110/186 734/1087/173 750/1111/149
f 750/1112/149 735/1088/178 751/1113/178
f 751/1113/178 736/1090/182 752/1114/151
f 752/1115/152 737/1091/153 753/1116/153
f 753/1116/153 738/1093/183 754/1117/172
f 754/1118/172 739/1095/184 755/1119/155
f 739/1095/184 756/1120/185 755/1119/155
f 740/1096/185 757/1121/157 756/1120/185
f 741/1097/157 758/1122/170 757/1121/157
f 758/1123/170 743/1100/159 759/1124/166
f 743/1100/159 760/1125/167 759/1124/166
f 744/1103/3 746/1126/3 760/1127/3
f 746/1105/4 761/1128/4 762/1129/4
f 761/1130/2 747/1107/2 763/1131/2
f 747/1109/5 764/1132/147 763/1133/5
f 748/1108/147 765/1134/161 764/1132/147
f 749/1110/186 766/1135/173 765/1134/161
f 750/1112/149 767/1136/178 766/1137/173
f 751/1113/178 768/1138/182 767/1136/178
f 752/1115/152 769/1139/164 768/1140/152
f 753/1116/153 770/1141/187 769/1139/164
f 754/1118/172 771/1142/155 770/1143/187
f 755/1119/155 772/1144/185 771/1142/155
f 756/1120/185 773/1145/157 772/1144/185
f 757/1121/157 774/1146/170 773/1145/157
f 774/1147/170 759/1124/166 775/1148/159
f 759/1124/166 776/1149/160 775/1148/159
f 760/1127/3 762/1150/3 776/1151/3
f 762/1129/4 777/1152/4 778/1153/4
f 777/1154/2 763/1131/2 779/1155/2
f 763/1133/5 780/1156/147 779/1157/5
f 764/1132/147 781/1158/161 780/1156/147
f 765/1134/161 782/1159/173 781/1158/161
f 766/1137/173 783/1160/178 782/1161/173
f 767/1136/178 784/1162/182 783/1160/178
f 768/1140/152 785/1163/153 784/1164/152
f 769/1139/164 786/1165/183 785/1163/153
f 770/1143/187 787/1166/184 786/1167/183
f 771/1142/155 788/1168/185 787/1166/184
f 788/1168/185 773/1145/157 789/1169/157
f 773/1145/157 790/1170/170 789/1169/157
f 790/1171/170 775/1148/159 791/1172/159
f 775/1148/159 792/1173/160 791/1172/159
f 776/1151/3 778/1174/3 792/1175/3
f 778/1153/4 793/1176/4 794/1177/4
f 793/1178/2 779/1155/2 795/1179/2
f 779/1157/5 796/1180/147 795/1181/5
f 780/1156/147 797/1182/161 796/1180/147
f 781/1158/161 798/1183/173 797/1182/161
f 782/1161/173 799/1184/178 798/1185/173
f 783/1160/178 800/1186/182 799/1184/178
f 784/1164/152 801/1187/153 800/1188/152
f 785/1163/153 802/1189/183 801/1187/153
f 786/1167/183 803/1190/184 802/1191/183
f 787/1166/184 804/1192/185 803/1190/184
f 804/1192/185 789/1169/157 805/1193/157
f 789/1169/157 806/1194/170 805/1193/157
f 806/1195/170 791/1172/159 807/1196/159
f 791/1172/159 808/1197/160 807/1196/159
f 792/1175/3 794/1198/3 808/1199/3
f 794/1177/4 809/1200/4 810/1201/4
f 809/1202/2 795/1179/2 811/1203/2
f 795/1181/5 812/1204/147 811/1205/5
f 796/1180/147 813/1206/161 812/1204/147
f 797/1182/161 814/1207/173 813/1206/161
f 798/1185/173 815/1208/178 814/1209/173
f 799/1184/178 816/1210/151 815/1208/178
f 800/1188/152 817/1211/153 816/1212/152
f 801/1187/153 818/1213/183 817/1211/153
f 802/1191/183 819/1214/184 818/1215/183
f 803/1190/184 820/1216/185 819/1214/184
f 804/1192/185 821/1217/157 820/1216/185
f 805/1193/157 822/1218/170 821/1217/157
f 806/1195/170 823/1219/177 822/1220/170
f 807/1196/159 824/1221/167 823/1219/177
f 808/1199/3 810/1222/3 824/1223/3
f 810/1201/4 825/1224/4 826/1225/4
f 825/1226/2 811/1203/2 827/1227/2
f 811/1205/5 828/1228/147 827/1229/5
f 812/1204/147 829/1230/161 828/1228/147
f 813/1206/161 830/1231/173 829/1230/161
f 814/1209/173 831/1232/178 830/1233/173
f 815/1208/178 832/1234/151 831/1232/178
f 816/1212/152 833/1235/153 832/1236/152
f 817/1211/153 834/1237/183 833/1235/153
f 818/1215/183 835/1238/184 834/1239/183
f 819/1214/184 836/1240/185 835/1238/184
f 820/1216/185 837/1241/157 836/1240/185
f 821/1217/157 838/1242/170 837/1241/157
f 822/1220/170 839/1243/177 838/1244/170
f 823/1219/177 840/1245/171 839/1243/177
f 824/1223/3 826/1246/3 840/1247/3
f 826/1225/4 841/1248/4 842/1249/4
f 841/1250/2 827/1227/2 843/1251/2
f 827/1229/5 844/1252/168 843/1253/5
f 828/1228/147 845/1254/161 844/1252/168
f 829/1230/161 846/1255/173 845/1254/161
f 830/1233/173 847/1256/178 846/1257/173
f 831/1232/178 848/1258/182 847/1256/178
f 832/1236/152 849/1259/153 848/1260/152
f 833/1235/153 850/1261/172 849/1259/153
f 834/1239/183 851/1262/155 850/1263/172
f 835/1238/184 852/1264/185 851/1262/155
f 836/1240/185 853/1265/157 852/1264/185
f 837/1241/157 854/1266/170 853/1265/157
f 838/1244/170 855/1267/177 854/1268/170
f 839/1243/177 856/1269/171 855/1267/177
f 840/1247/3 842/1270/3 856/1271/3
f 842/1249/4 857/1272/4 858/1273/4
f 841/1250/2 859/1274/2 857/1275/2
f 843/1253/5 860/1276/168 859/1277/5
f 860/1276/168 845/1254/161 861/1278/161
f 845/1254/161 862/1279/173 861/1278/161
f 846/1257/173 863/1280/178 862/1281/173
f 847/1256/178 864/1282/151 863/1280/178
f 848/1260/152 865/1283/153 864/1284/152
f 849/1259/153 866/1285/172 865/1283/153
f 850/1263/172 867/1286/155 866/1287/172
f 851/1262/155 868/1288/185 867/1286/155
f 852/1264/185 869/1289/157 868/1288/185
f 853/1265/157 870/1290/170 869/1289/157
f 854/1268/170 871/1291/177 870/1292/170
f 855/1267/177 872/1293/171 871/1291/177
f 856/1271/3 858/1294/3 872/1295/3
f 858/1273/4 873/1296/4 874/1297/4
f 857/1275/2 875/1298/2 873/1299/2
f 859/1277/5 876/1300/168 875/1301/5
f 876/1300/168 861/1278/161 877/1302/186
f 861/1278/161 878/1303/149 877/1302/186
f 862/1281/173 879/1304/178 878/1305/149
f 863/1280/178 880/1306/163 879/1304/178
f 864/1284/152 881/1307/153 880/1308/152
f 865/1283/153 882/1309/183 881/1307/153
f 866/1287/172 883/1310/184 882/1311/183
f 867/1286/155 884/1312/185 883/1310/184
f 868/1288/185 885/1313/157 884/1312/185
f 869/1289/157 886/1314/170 885/1313/157
f 870/1292/170 887/1315/177 886/1316/170
f 871/1291/177 888/1317/171 887/1315/177
f 872/1295/3 874/1318/3 888/1319/3
f 890/1320/4 873/1296/4 889/1321/4
f 873/1299/2 891/1322/2 889/1323/2
f 875/1301/5 892/1324/147 891/1325/5
f 892/1324/147 877/1302/186 893/1326/161
f 893/1326/161 878/1303/149 894/1327/173
f 878/1305/149 895/1328/178 894/1329/173
f 879/1304/178 896/1330/163 895/1328/178
f 880/1308/152 897/1331/153 896/1332/152
f 881/1307/153 898/1333/183 897/1331/153
f 882/1311/183 899/1334/184 898/1335/183
f 883/1310/184 900/1336/185 899/1334/184
f 884/1312/185 901/1337/157 900/1336/185
f 885/1313/157 902/1338/170 901/1337/157
f 886/1316/170 903/1339/177 902/1340/170
f 887/1315/177 904/1341/171 903/1339/177
f 888/1319/3 890/1342/3 904/1343/3
f 906/1344/4 889/1321/4 905/1345/4
f 889/1323/2 907/1346/2 905/1347/2
f 891/1325/5 908/1348/147 907/1349/5
f 908/1348/147 893/1326/161 909/1350/148
f 893/1326/161 910/1351/188 909/1350/148
f 894/1329/173 911/1352/189 910/1353/188
f 895/1328/178 912/1354/163 911/1352/189
f 896/1332/152 913/1355/153 912/1356/152
f 897/1331/153 914/1357/183 913/1355/153
f 914/1358/183 899/1334/184 915/1359/184
f 899/1334/184 916/1360/185 915/1359/184
f 900/1336/185 917/1361/157 916/1360/185
f 901/1337/157 918/1362/170 917/1361/157
f 902/1340/170 919/1363/177 918/1364/170
f 903/1339/177 920/1365/171 919/1363/177
f 904/1343/3 906/1366/3 920/1367/3
f 906/1344/4 921/1368/4 922/1369/4
f 921/1370/2 907/1346/2 923/1371/2
f 907/1349/5 924/1372/168 923/1373/5
f 908/1348/147 925/1374/161 924/1372/168
f 909/1350/148 926/1375/173 925/1374/161
f 910/1353/188 927/1376/178 926/1377/173
f 911/1352/189 928/1378/151 927/1376/178
f 912/1356/152 929/1379/153 928/1380/152
f 913/1355/153 930/1381/183 929/1379/153
f 930/1382/183 915/1359/184 931/1383/184
f 915/1359/184 932/1384/185 931/1383/184
f 916/1360/185 933/1385/190 932/1384/185
f 933/1385/190 918/1362/170 934/1386/191
f 918/1364/170 935/1387/177 934/1388/191
f 919/1363/177 936/1389/171 935/1387/177
f 920/1367/3 922/1390/3 936/1391/3
f 921/1368/4 937/1392/4 922/1369/4
f 938/1393/2 923/1371/2 939/1394/2
f 924/1372/168 939/1395/5 923/1373/5
f 925/1374/161 940/1396/147 924/1372/168
f 926/1375/173 941/1397/161 925/1374/161
f 927/1376/178 942/1398/192 926/1377/173
f 927/1376/178 944/1399/175 943/1400/169
f 929/1379/153 944/1401/152 928/1380/152
f 930/1381/183 945/1402/153 929/1379/153
f 931/1383/184 946/1403/183 930/1382/183
f 931/1383/184 948/1404/185 947/1405/184
f 932/1384/185 949/1406/193 948/1404/185
f 934/1386/191 949/1406/193 933/1385/190
f 935/1387/177 950/1407/191 934/1388/191
f 936/1389/171 951/1408/194 935/1387/177
f 48/48/6 49/51/8 47/49/6
f 51/1409/7 53/54/10 50/77/7
f 55/1410/25 57/57/12 54/81/25
f 58/85/26 64/61/16 61/60/15
f 63/59/14 65/64/19 62/88/27
f 66/1411/18 72/67/22 69/66/21
f 70/1412/2 44/1413/2 41/96/2
f 937/1414/3 936/1391/3 922/1390/3
f 4/1/1 5/1415/1 6/2/1
f 1/4/2 8/10/2 7/5/2
f 10/7/3 11/12/3 12/8/3
s 0
f 8/10/2 14/14/2 13/11/2
f 11/12/3 15/16/3 16/13/3
f 14/14/2 18/18/2 17/15/2
f 15/16/3 19/20/3 20/17/3
f 18/18/2 22/22/2 21/19/2
f 19/20/3 23/24/3 24/21/3
f 22/22/2 26/26/2 25/23/2
f 23/24/3 27/28/3 28/25/3
f 26/26/2 30/30/2 29/27/2
f 27/28/3 31/32/3 32/29/3
f 30/30/2 5/1416/2 4/31/2
f 31/32/3 33/1417/3 34/33/3
f 6/2/1 36/35/1 35/34/1
f 36/35/1 38/37/1 37/36/1
f 38/37/1 40/39/1 39/38/1
f 40/39/1 34/1418/1 33/40/1
s 1
f 44/41/4 43/1419/4 42/42/4
f 43/44/3 46/1420/3 45/45/3
f 45/47/5 46/1421/5 48/48/6
f 51/50/7 50/75/7 49/51/8
f 55/53/9 54/1422/46 53/54/10
f 59/56/11 58/1423/26 57/57/12
f 63/59/14 62/88/27 61/60/15
f 68/62/17 67/1424/29 66/63/18
f 71/65/38 70/1425/38 69/66/21
f 41/43/4 42/42/4 73/68/4
f 42/46/3 45/45/3 75/70/3
f 45/47/5 47/49/6 76/72/23
f 47/49/6 49/51/8 77/74/8
f 77/74/8 49/51/8 50/75/7
f 50/77/7 53/54/10 79/78/10
f 53/54/10 54/1422/46 80/80/24
f 54/81/25 57/57/12 81/82/12
f 57/57/12 58/1423/26 82/84/26
f 58/85/26 61/60/15 83/86/15
f 83/86/15 61/60/15 62/88/27
f 84/89/27 62/88/27 65/64/19
f 65/64/19 66/63/18 86/91/29
f 86/92/29 66/1411/18 69/66/21
f 69/66/21 70/1425/38 88/94/30
f 88/95/2 70/1412/2 41/96/2
f 74/69/4 73/68/4 89/97/4
f 73/71/3 75/70/3 91/99/3
f 75/73/5 76/72/23 92/101/23
f 76/72/23 77/74/8 93/103/31
f 93/103/31 77/74/8 78/76/7
f 78/79/7 79/78/10 95/105/32
f 79/78/10 80/80/24 96/107/9
f 80/83/25 81/82/12 97/108/12
f 81/82/12 82/84/26 98/110/26
f 82/87/26 83/86/15 99/111/15
f 83/86/15 84/89/27 100/113/27
f 84/89/27 85/90/28 101/114/28
f 85/90/28 86/91/29 102/115/29
f 86/92/29 87/93/21 103/116/21
f 87/93/21 88/94/30 104/118/30
f 88/95/2 74/70/2 90/99/2
f 90/98/4 89/97/4 105/120/4
f 105/122/3 89/100/3 91/99/3
f 91/102/5 92/101/23 108/124/23
f 92/101/23 93/103/31 109/126/31
f 93/103/31 94/104/7 110/127/33
f 110/128/33 94/106/7 95/105/32
f 111/129/34 95/105/32 96/107/9
f 96/109/25 97/108/12 113/131/12
f 97/108/12 98/110/26 114/133/26
f 98/112/26 99/111/15 115/134/15
f 99/111/15 100/113/27 116/136/27
f 100/113/27 101/114/28 117/137/36
f 101/114/28 102/115/29 118/138/29
f 102/117/29 103/116/21 119/139/37
f 103/116/21 104/118/30 120/141/38
f 104/119/2 90/99/2 106/142/2
f 106/121/4 105/120/4 121/144/4
f 121/146/3 105/122/3 107/123/3
f 107/125/5 108/124/23 124/148/23
f 108/124/23 109/126/31 125/150/8
f 125/150/8 109/126/31 110/127/33
f 126/152/39 110/128/33 111/129/34
f 111/129/34 112/130/35 128/154/41
f 112/132/25 113/131/12 129/155/12
f 113/131/12 114/133/26 130/157/26
f 114/135/26 115/134/15 131/158/15
f 115/134/15 116/136/27 132/160/27
f 116/136/27 117/137/36 133/161/28
f 133/161/28 117/137/36 118/138/29
f 134/163/29 118/140/29 119/139/37
f 135/164/37 119/139/37 120/141/38
f 136/166/2 120/143/2 106/142/2
f 122/145/4 121/144/4 137/168/4
f 121/146/3 123/147/3 139/170/3
f 123/149/5 124/148/23 140/172/23
f 124/148/23 125/150/8 141/174/8
f 125/150/8 126/151/39 142/175/39
f 126/152/39 127/153/40 143/176/40
f 127/153/40 128/154/41 144/178/9
f 128/156/25 129/155/12 145/179/42
f 129/155/12 130/157/26 146/181/26
f 130/159/26 131/158/15 147/182/15
f 131/158/15 132/160/27 148/184/27
f 132/160/27 133/161/28 149/185/28
f 133/161/28 134/162/29 150/186/29
f 134/163/29 135/164/37 151/187/37
f 135/164/37 136/165/38 152/189/38
f 136/166/2 122/167/2 138/170/2
f 138/169/4 137/168/4 153/191/4
f 137/171/3 139/170/3 155/193/3
f 139/173/5 140/172/23 156/195/23
f 140/172/23 141/174/8 157/197/8
f 141/174/8 142/175/39 158/198/39
f 142/177/39 143/176/40 159/199/40
f 143/176/40 144/178/9 160/201/9
f 160/202/25 144/180/43 145/179/42
f 161/203/12 145/179/42 146/181/26
f 162/205/26 146/183/26 147/182/15
f 163/206/15 147/182/15 148/184/27
f 148/184/27 149/185/28 165/208/28
f 149/185/28 150/186/29 166/209/29
f 150/188/29 151/187/37 167/210/37
f 151/187/37 152/189/38 168/212/38
f 168/213/2 152/190/2 138/170/2
f 154/192/4 153/191/4 169/214/4
f 153/194/3 155/193/3 171/216/3
f 155/196/5 156/195/23 172/218/23
f 156/195/23 157/197/8 173/220/8
f 157/197/8 158/198/39 174/221/39
f 158/200/39 159/199/40 175/222/40
f 159/199/40 160/201/9 176/224/9
f 160/202/25 161/203/12 177/225/12
f 161/203/12 162/204/26 178/227/45
f 178/228/45 162/205/26 163/206/15
f 163/206/15 164/207/44 180/230/27
f 164/207/44 165/208/28 181/231/28
f 165/208/28 166/209/29 182/232/29
f 166/211/29 167/210/37 183/233/37
f 167/210/37 168/212/38 184/235/38
f 184/236/2 168/213/2 154/193/2
f 170/215/4 169/214/4 185/237/4
f 169/217/3 171/216/3 187/239/3
f 171/219/5 172/218/23 188/241/23
f 172/218/23 173/220/8 189/243/8
f 173/220/8 174/221/39 190/244/39
f 174/223/39 175/222/40 191/245/40
f 175/222/40 176/224/9 192/247/46
f 176/226/25 177/225/12 193/248/47
f 193/248/47 177/225/12 178/227/45
f 194/251/45 178/228/45 179/229/16
f 195/252/15 179/229/16 180/230/27
f 196/253/48 180/230/27 181/231/28
f 197/254/36 181/231/28 182/232/29
f 182/234/29 183/233/37 199/256/37
f 183/233/37 184/235/38 200/258/38
f 184/236/2 170/216/2 186/239/2
f 186/238/4 185/237/4 201/260/4
f 185/240/3 187/239/3 203/262/3
f 187/242/5 188/241/23 204/264/23
f 188/241/23 189/243/8 205/266/8
f 189/243/8 190/244/39 206/267/39
f 190/246/39 191/245/40 207/268/40
f 191/245/40 192/247/46 208/270/9
f 192/249/25 193/248/47 209/271/47
f 193/248/47 194/250/45 210/273/45
f 194/251/45 195/252/15 211/274/49
f 195/252/15 196/253/48 212/276/48
f 196/253/48 197/254/36 213/277/19
f 197/254/36 198/255/29 214/278/29
f 198/257/29 199/256/37 215/279/37
f 199/256/37 200/258/38 216/281/38
f 216/282/2 200/259/2 186/239/2
f 202/261/4 201/260/4 217/283/4
f 201/263/3 203/262/3 219/285/3
f 203/265/5 204/264/23 220/287/23
f 204/264/23 205/266/8 221/289/8
f 205/266/8 206/267/39 222/290/39
f 206/269/39 207/268/40 223/291/40
f 207/268/40 208/270/9 224/293/9
f 208/272/25 209/271/47 225/294/47
f 209/271/47 210/273/45 226/296/50
f 210/275/45 211/274/49 227/297/49
f 227/297/49 211/274/49 212/276/48
f 212/276/48 213/277/19 229/300/51
f 229/300/51 213/277/19 214/278/29
f 214/280/29 215/279/37 231/302/21
f 215/279/37 216/281/38 232/304/30
f 232/305/2 216/282/2 202/262/2
f 218/284/4 217/283/4 233/307/4
f 217/286/3 219/285/3 235/309/3
f 235/311/5 219/288/5 220/287/23
f 220/287/23 221/289/8 237/313/8
f 237/313/8 221/289/8 222/290/39
f 238/315/52 222/292/39 223/291/40
f 239/316/40 223/291/40 224/293/9
f 224/295/25 225/294/47 241/318/53
f 241/318/53 225/294/47 226/296/50
f 242/321/50 226/298/50 227/297/49
f 227/297/49 228/299/48 244/323/48
f 228/299/48 229/300/51 245/324/51
f 229/300/51 230/301/29 246/325/29
f 230/303/29 231/302/21 247/326/21
f 231/302/21 232/304/30 248/328/30
f 248/329/2 232/305/2 218/306/2
f 234/308/4 233/307/4 249/331/4
f 249/333/3 233/310/3 235/309/3
f 251/335/5 235/311/5 236/312/23
f 236/312/23 237/313/8 253/337/8
f 237/313/8 238/314/52 254/338/39
f 238/315/52 239/316/40 255/339/40
f 239/316/40 240/317/35 256/341/9
f 240/319/54 241/318/53 257/342/47
f 241/318/53 242/320/50 258/344/50
f 242/321/50 243/322/55 259/345/49
f 243/322/55 244/323/48 260/347/48
f 244/323/48 245/324/51 261/348/51
f 245/324/51 246/325/29 262/349/18
f 246/327/29 247/326/21 263/350/21
f 247/326/21 248/328/30 264/352/38
f 264/353/2 248/329/2 234/330/2
f 250/332/4 249/331/4 265/354/4
f 249/333/3 251/334/3 267/356/3
f 251/335/5 252/336/23 268/358/23
f 252/336/23 253/337/8 269/360/31
f 253/337/8 254/338/39 270/361/56
f 270/362/56 254/340/39 255/339/40
f 271/363/57 255/339/40 256/341/9
f 256/343/25 257/342/47 273/365/53
f 273/365/53 257/342/47 258/344/50
f 274/368/50 258/346/50 259/345/49
f 259/345/49 260/347/48 276/370/48
f 260/347/48 261/348/51 277/371/51
f 261/348/51 262/349/18 278/372/29
f 262/351/18 263/350/21 279/373/21
f 263/350/21 264/352/38 280/375/30
f 280/376/2 264/353/2 250/334/2
f 266/355/4 265/354/4 281/378/4
f 265/357/3 267/356/3 283/380/3
f 267/359/5 268/358/23 284/382/23
f 268/358/23 269/360/31 285/384/8
f 285/384/8 269/360/31 270/361/56
f 286/386/39 270/362/56 271/363/57
f 287/387/40 271/363/57 272/364/35
f 288/389/25 272/366/54 273/365/53
f 273/365/53 274/367/50 290/391/50
f 274/368/50 275/369/49 291/392/55
f 275/369/49 276/370/48 292/394/27
f 276/370/48 277/371/51 293/395/51
f 293/395/51 277/371/51 278/372/29
f 278/374/29 279/373/21 295/397/37
f 279/373/21 280/375/30 296/399/38
f 296/400/2 280/376/2 266/377/2
f 282/379/4 281/378/4 297/402/4
f 281/381/3 283/380/3 299/404/3
f 299/406/5 283/383/5 284/382/23
f 300/407/6 284/382/23 285/384/8
f 285/384/8 286/385/39 302/409/39
f 286/386/39 287/387/40 303/410/60
f 287/387/40 288/388/58 304/412/61
f 304/413/25 288/389/25 289/390/47
f 289/390/47 290/391/50 306/415/45
f 290/393/50 291/392/55 307/416/16
f 291/392/55 292/394/27 308/418/27
f 292/394/27 293/395/51 309/419/28
f 309/419/28 293/395/51 294/396/59
f 310/421/29 294/398/59 295/397/37
f 311/422/37 295/397/37 296/399/38
f 312/424/2 296/400/2 282/401/2
f 298/403/4 297/402/4 313/426/4
f 297/405/3 299/404/3 315/428/3
f 299/406/5 300/407/6 316/430/6
f 300/407/6 301/408/8 317/432/8
f 301/408/8 302/409/39 318/433/39
f 302/411/39 303/410/60 319/434/60
f 303/410/60 304/412/61 320/436/61
f 304/413/25 305/414/12 321/437/13
f 305/414/12 306/415/45 322/439/50
f 306/417/45 307/416/16 323/440/49
f 307/416/16 308/418/27 324/442/27
f 308/418/27 309/419/28 325/443/28
f 309/419/28 310/420/29 326/444/29
f 310/421/29 311/422/37 327/445/37
f 311/422/37 312/423/20 328/447/20
f 328/448/2 312/424/2 298/425/2
f 314/427/4 313/426/4 329/450/4
f 313/429/3 315/428/3 331/452/3
f 315/431/5 316/430/6 332/454/6
f 316/430/6 317/432/8 333/456/8
f 317/432/8 318/433/39 334/457/39
f 318/435/39 319/434/60 335/458/60
f 319/434/60 320/436/61 336/460/61
f 320/438/25 321/437/13 337/461/12
f 337/461/12 321/437/13 322/439/50
f 322/441/50 323/440/49 339/464/16
f 323/440/49 324/442/27 340/466/27
f 324/442/27 325/443/28 341/467/28
f 325/443/28 326/444/29 342/468/29
f 326/446/29 327/445/37 343/469/37
f 327/445/37 328/447/20 344/471/20
f 344/472/2 328/448/2 314/449/2
f 330/451/4 329/450/4 345/474/4
f 329/453/3 331/452/3 347/476/3
f 331/455/5 332/454/6 348/478/6
f 332/454/6 333/456/8 349/480/8
f 333/456/8 334/457/39 350/481/39
f 334/459/39 335/458/60 351/482/60
f 335/458/60 336/460/61 352/484/61
f 336/462/25 337/461/12 353/485/12
f 337/461/12 338/463/45 354/487/26
f 354/488/26 338/465/45 339/464/16
f 355/489/15 339/464/16 340/466/27
f 340/466/27 341/467/28 357/491/28
f 341/467/28 342/468/29 358/492/29
f 342/470/29 343/469/37 359/493/37
f 343/469/37 344/471/20 360/495/20
f 360/496/2 344/472/2 330/473/2
f 346/475/4 345/474/4 361/498/4
f 345/477/3 347/476/3 363/500/3
f 347/479/5 348/478/6 364/502/23
f 348/478/6 349/480/8 365/504/8
f 349/480/8 350/481/39 366/505/39
f 350/483/39 351/482/60 367/506/60
f 351/482/60 352/484/61 368/508/61
f 352/486/25 353/485/12 369/509/12
f 353/485/12 354/487/26 370/511/26
f 354/488/26 355/489/15 371/512/15
f 371/512/15 355/489/15 356/490/27
f 372/514/27 356/490/27 357/491/28
f 373/515/36 357/491/28 358/492/29
f 358/494/29 359/493/37 375/517/37
f 359/493/37 360/495/20 376/519/20
f 360/496/2 346/497/2 362/520/2
f 362/499/4 361/498/4 377/522/4
f 361/501/3 363/500/3 379/524/3
f 363/503/5 364/502/23 380/526/23
f 380/526/23 364/502/23 365/504/8
f 365/504/8 366/505/39 382/529/39
f 366/507/39 367/506/60 383/530/60
f 367/506/60 368/508/61 384/532/61
f 368/510/25 369/509/12 385/533/12
f 369/509/12 370/511/26 386/535/26
f 370/513/26 371/512/15 387/536/15
f 371/512/15 372/514/27 388/538/27
f 372/514/27 373/515/36 389/539/28
f 389/539/28 373/515/36 374/516/29
f 390/541/29 374/518/29 375/517/37
f 375/517/37 376/519/20 392/543/63
f 376/521/2 362/520/2 378/544/2
f 378/523/4 377/522/4 393/546/4
f 377/525/3 379/524/3 395/548/3
f 379/527/5 380/526/23 396/550/23
f 380/526/23 381/528/31 397/552/64
f 381/528/31 382/529/39 398/553/52
f 382/531/39 383/530/60 399/554/60
f 383/530/60 384/532/61 400/556/65
f 384/534/25 385/533/12 401/557/12
f 385/533/12 386/535/26 402/559/26
f 386/537/26 387/536/15 403/560/15
f 387/536/15 388/538/27 404/562/27
f 388/538/27 389/539/28 405/563/28
f 389/539/28 390/540/29 406/564/18
f 390/541/29 391/542/62 407/565/21
f 391/542/62 392/543/63 408/567/20
f 392/545/2 378/544/2 394/568/2
f 410/570/4 394/547/4 393/546/4
f 393/549/3 395/548/3 411/572/3
f 395/551/5 396/550/23 412/574/66
f 396/550/23 397/552/64 413/576/67
f 397/552/64 398/553/52 414/577/68
f 398/555/52 399/554/60 415/578/69
f 415/578/69 399/554/60 400/556/65
f 400/558/25 401/557/12 417/581/71
f 401/557/12 402/559/26 418/583/73
f 402/561/26 403/560/15 419/584/74
f 403/560/15 404/562/27 420/586/75
f 404/562/27 405/563/28 421/587/76
f 405/563/28 406/564/18 422/588/77
f 406/566/18 407/565/21 423/589/78
f 407/565/21 408/567/20 424/591/79
f 424/592/2 408/569/2 394/568/2
f 410/594/4 409/1426/4 425/595/4
f 425/597/1 409/1427/1 411/598/1
f 427/600/5 411/1428/5 412/601/66
f 428/602/80 412/601/66 413/603/67
f 429/604/81 413/603/67 414/605/68
f 430/607/82 414/1429/68 415/608/69
f 415/608/69 416/1430/70 432/610/84
f 432/611/85 416/1431/72 417/612/71
f 433/613/86 417/612/71 418/614/73
f 434/616/87 418/1432/73 419/617/74
f 435/618/88 419/617/74 420/619/75
f 436/620/89 420/619/75 421/621/76
f 437/622/90 421/621/76 422/623/77
f 438/625/91 422/1433/77 423/626/78
f 439/627/92 423/626/78 424/628/79
f 424/630/94 410/1434/94 426/631/94
f 426/596/4 425/595/4 441/633/4
f 425/597/1 427/599/1 443/635/1
f 427/600/5 428/602/80 444/637/80
f 428/602/80 429/604/81 445/639/81
f 429/604/81 430/606/82 446/640/82
f 430/607/82 431/609/83 447/641/95
f 431/609/83 432/610/84 448/643/84
f 432/611/85 433/613/86 449/644/86
f 433/613/86 434/615/87 450/646/87
f 450/647/87 434/616/87 435/618/88
f 435/618/88 436/620/89 452/649/97
f 436/620/89 437/622/90 453/650/98
f 437/622/90 438/624/91 454/651/91
f 438/625/91 439/627/92 455/652/99
f 439/627/92 440/629/93 456/654/100
f 440/632/94 426/631/94 442/655/94
f 442/634/4 441/633/4 457/657/4
f 457/659/1 441/636/1 443/635/1
f 443/638/5 444/637/80 460/661/101
f 444/637/80 445/639/81 461/663/102
f 445/639/81 446/640/82 462/664/82
f 446/642/82 447/641/95 463/665/103
f 447/641/95 448/643/84 464/667/104
f 448/645/85 449/644/86 465/668/86
f 449/644/86 450/646/87 466/670/105
f 450/647/87 451/648/96 467/671/106
f 451/648/96 452/649/97 468/673/97
f 452/649/97 453/650/98 469/674/107
f 453/650/98 454/651/91 470/675/91
f 454/653/91 455/652/99 471/676/92
f 455/652/99 456/654/100 472/678/93
f 456/656/94 442/655/94 458/679/94
f 458/658/4 457/657/4 473/681/4
f 473/683/1 457/659/1 459/660/1
f 475/685/5 459/662/5 460/661/101
f 476/686/80 460/661/101 461/663/102
f 461/663/102 462/664/82 478/688/82
f 462/666/82 463/665/103 479/689/108
f 463/665/103 464/667/104 480/691/109
f 480/692/110 464/669/85 465/668/86
f 465/668/86 466/670/105 482/694/112
f 466/672/105 467/671/106 483/695/88
f 467/671/106 468/673/97 484/697/89
f 468/673/97 469/674/107 485/698/113
f 469/674/107 470/675/91 486/699/91
f 470/677/91 471/676/92 487/700/92
f 487/700/92 471/676/92 472/678/93
f 488/703/94 472/680/94 458/679/94
f 474/682/4 473/681/4 489/705/4
f 489/707/1 473/683/1 475/684/1
f 491/709/5 475/685/5 476/686/80
f 492/710/80 476/686/80 477/687/81
f 477/687/81 478/688/82 494/712/82
f 478/690/82 479/689/108 495/713/83
f 479/689/108 480/691/109 496/715/104
f 480/692/110 481/693/111 497/716/115
f 481/693/111 482/694/112 498/718/116
f 498/719/116 482/696/112 483/695/88
f 483/695/88 484/697/89 500/721/118
f 484/697/89 485/698/113 501/722/90
f 485/698/113 486/699/91 502/723/91
f 486/701/91 487/700/92 503/724/99
f 487/700/92 488/702/114 504/726/114
f 488/703/94 474/704/94 490/727/94
f 490/706/4 489/705/4 505/729/4
f 505/731/1 489/707/1 491/708/1
f 491/709/5 492/710/80 508/733/80
f 492/710/80 493/711/81 509/735/81
f 493/711/81 494/712/82 510/736/82
f 494/714/82 495/713/83 511/737/119
f 495/713/83 496/715/104 512/739/120
f 512/740/110 496/717/110 497/716/115
f 497/716/115 498/718/116 514/742/112
f 514/743/112 498/719/116 499/720/117
f 499/720/117 500/721/118 516/745/89
f 500/721/118 501/722/90 517/746/98
f 501/722/90 502/723/91 518/747/91
f 502/725/91 503/724/99 519/748/92
f 503/724/99 504/726/114 520/750/114
f 504/728/94 490/727/94 506/751/94
f 506/730/4 505/729/4 521/753/4
f 505/731/1 507/732/1 523/755/1
f 523/757/5 507/734/5 508/733/80
f 524/758/80 508/733/80 509/735/81
f 509/735/81 510/736/82 526/760/82
f 510/738/82 511/737/119 527/761/121
f 511/737/119 512/739/120 528/763/109
f 512/740/110 513/741/111 529/764/115
f 529/764/115 513/741/111 514/742/112
f 514/743/112 515/744/96 531/767/122
f 515/744/96 516/745/89 532/769/89
f 516/745/89 517/746/98 533/770/123
f 517/746/98 518/747/91 534/771/124
f 518/749/91 519/748/92 535/772/92
f 519/748/92 520/750/114 536/774/114
f 520/752/94 506/751/94 522/775/94
f 522/754/4 521/753/4 537/777/4
f 521/756/1 523/755/1 539/779/1
f 539/781/5 523/757/5 524/758/80
f 524/758/80 525/759/81 541/783/125
f 525/759/81 526/760/82 542/784/126
f 526/762/82 527/761/121 543/785/127
f 527/761/121 528/763/109 544/787/104
f 528/765/110 529/764/115 545/788/115
f 529/764/115 530/766/112 546/790/116
f 530/768/112 531/767/122 547/791/128
f 531/767/122 532/769/89 548/793/97
f 532/769/89 533/770/123 549/794/129
f 533/770/123 534/771/124 550/795/124
f 534/773/124 535/772/92 551/796/130
f 535/772/92 536/774/114 552/798/131
f 536/776/94 522/775/94 538/799/94
f 538/778/4 537/777/4 553/801/4
f 553/803/1 537/780/1 539/779/1
f 539/781/5 540/782/101 556/805/80
f 556/805/80 540/782/101 541/783/125
f 557/807/81 541/783/125 542/784/126
f 542/786/126 543/785/127 559/809/121
f 543/785/127 544/787/104 560/811/84
f 544/789/110 545/788/115 561/812/115
f 545/788/115 546/790/116 562/814/116
f 546/792/116 547/791/128 563/815/106
f 547/791/128 548/793/97 564/817/89
f 548/793/97 549/794/129 565/818/132
f 549/794/129 550/795/124 566/819/124
f 550/797/124 551/796/130 567/820/92
f 551/796/130 552/798/131 568/822/114
f 568/823/94 552/800/94 538/799/94
f 570/825/4 554/802/4 553/801/4
f 569/827/1 553/803/1 555/804/1
f 555/806/5 556/805/80 572/829/133
f 556/805/80 557/807/81 573/831/134
f 557/807/81 558/808/82 574/832/135
f 558/810/82 559/809/121 575/833/136
f 575/833/136 559/809/121 560/811/84
f 560/813/110 561/812/115 577/836/138
f 561/812/115 562/814/116 578/838/140
f 562/816/116 563/815/106 579/839/141
f 563/815/106 564/817/89 580/841/142
f 564/817/89 565/818/132 581/842/143
f 565/818/132 566/819/124 582/843/144
f 566/821/124 567/820/92 583/844/145
f 567/820/92 568/822/114 584/846/146
f 568/823/94 554/824/94 570/847/94
f 570/849/4 569/1435/4 585/850/4
f 569/852/2 571/1436/2 587/853/2
f 587/855/5 571/1437/5 572/856/133
f 588/857/147 572/856/133 573/858/134
f 589/859/148 573/858/134 574/860/135
f 590/862/149 574/1438/135 575/863/136
f 575/863/136 576/1439/137 592/865/151
f 592/866/152 576/1440/139 577/867/138
f 593/868/153 577/867/138 578/869/140
f 594/871/154 578/1441/140 579/872/141
f 595/873/155 579/872/141 580/874/142
f 596/875/156 580/874/142 581/876/143
f 597/877/157 581/876/143 582/878/144
f 598/880/158 582/1442/144 583/881/145
f 599/882/159 583/881/145 584/883/146
f 584/885/3 570/1443/3 586/886/3
f 586/851/4 585/850/4 601/888/4
f 585/854/2 587/853/2 603/890/2
f 587/855/5 588/857/147 604/892/147
f 588/857/147 589/859/148 605/894/161
f 589/859/148 590/861/149 606/895/162
f 590/862/149 591/864/150 607/896/150
f 591/864/150 592/865/151 608/898/163
f 592/866/152 593/868/153 609/899/164
f 593/868/153 594/870/154 610/901/154
f 594/871/154 595/873/155 611/902/155
f 595/873/155 596/875/156 612/904/156
f 596/875/156 597/877/157 613/905/157
f 597/877/157 598/879/158 614/906/158
f 598/880/158 599/882/159 615/907/166
f 599/882/159 600/884/160 616/909/167
f 616/910/3 600/887/3 586/886/3
f 602/889/4 601/888/4 617/912/4
f 617/914/2 601/891/2 603/890/2
f 603/893/5 604/892/147 620/916/168
f 604/892/147 605/894/161 621/918/161
f 605/894/161 606/895/162 622/919/162
f 606/897/162 607/896/150 623/920/169
f 607/896/150 608/898/163 624/922/163
f 608/900/165 609/899/164 625/923/153
f 609/899/164 610/901/154 626/925/154
f 610/903/154 611/902/155 627/926/155
f 611/902/155 612/904/156 628/928/156
f 612/904/156 613/905/157 629/929/157
f 613/905/157 614/906/158 630/930/170
f 614/908/158 615/907/166 631/931/159
f 615/907/166 616/909/167 632/933/171
f 616/910/3 602/911/3 618/934/3
f 618/913/4 617/912/4 633/936/4
f 633/938/2 617/914/2 619/915/2
f 619/917/5 620/916/168 636/940/147
f 620/916/168 621/918/161 637/942/161
f 621/918/161 622/919/162 638/943/149
f 622/921/162 623/920/169 639/944/150
f 623/920/169 624/922/163 640/946/151
f 640/947/152 624/924/152 625/923/153
f 625/923/153 626/925/154 642/949/172
f 626/927/154 627/926/155 643/950/155
f 627/926/155 628/928/156 644/952/156
f 628/928/156 629/929/157 645/953/157
f 629/929/157 630/930/170 646/954/170
f 630/932/170 631/931/159 647/955/159
f 631/931/159 632/933/171 648/957/171
f 632/935/3 618/934/3 634/958/3
f 634/937/4 633/936/4 649/960/4
f 649/962/2 633/938/2 635/939/2
f 635/941/5 636/940/147 652/964/147
f 636/940/147 637/942/161 653/966/161
f 637/942/161 638/943/149 654/967/173
f 638/945/149 639/944/150 655/968/174
f 639/944/150 640/946/151 656/970/175
f 640/947/152 641/948/164 657/971/164
f 641/948/164 642/949/172 658/973/172
f 642/951/172 643/950/155 659/974/155
f 643/950/155 644/952/156 660/976/156
f 644/952/156 645/953/157 661/977/157
f 645/953/157 646/954/170 662/978/158
f 662/979/158 646/956/170 647/955/159
f 647/955/159 648/957/171 664/981/171
f 648/959/3 634/958/3 650/982/3
f 650/961/4 649/960/4 665/984/4
f 665/986/2 649/962/2 651/963/2
f 651/965/5 652/964/147 668/988/147
f 652/964/147 653/966/161 669/990/161
f 653/966/161 654/967/173 670/991/173
f 654/969/173 655/968/174 671/992/174
f 655/968/174 656/970/175 672/994/175
f 656/972/152 657/971/164 673/995/164
f 657/971/164 658/973/172 674/997/172
f 658/975/172 659/974/155 675/998/155
f 659/974/155 660/976/156 676/1000/156
f 676/1000/156 660/976/156 661/977/157
f 677/1001/157 661/977/157 662/978/158
f 678/1003/170 662/979/158 663/980/166
f 663/980/166 664/981/171 680/1005/171
f 664/983/3 650/982/3 666/1006/3
f 666/985/4 665/984/4 681/1008/4
f 681/1010/2 665/986/2 667/987/2
f 667/989/5 668/988/147 684/1012/147
f 668/988/147 669/990/161 685/1014/161
f 669/990/161 670/991/173 686/1015/173
f 670/993/173 671/992/174 687/1016/174
f 671/992/174 672/994/175 688/1018/175
f 672/996/152 673/995/164 689/1019/164
f 673/995/164 674/997/172 690/1021/176
f 674/999/172 675/998/155 691/1022/155
f 675/998/155 676/1000/156 692/1024/156
f 676/1000/156 677/1001/157 693/1025/157
f 677/1001/157 678/1002/170 694/1026/158
f 694/1027/158 678/1003/170 679/1004/159
f 679/1004/159 680/1005/171 696/1029/171
f 680/1007/3 666/1006/3 682/1030/3
f 682/1009/4 681/1008/4 697/1032/4
f 697/1034/2 681/1010/2 683/1011/2
f 683/1013/5 684/1012/147 700/1036/168
f 684/1012/147 685/1014/161 701/1038/161
f 685/1014/161 686/1015/173 702/1039/173
f 686/1017/173 687/1016/174 703/1040/174
f 687/1016/174 688/1018/175 704/1042/175
f 688/1020/152 689/1019/164 705/1043/164
f 689/1019/164 690/1021/176 706/1045/176
f 690/1023/176 691/1022/155 707/1046/155
f 691/1022/155 692/1024/156 708/1048/156
f 692/1024/156 693/1025/157 709/1049/157
f 693/1025/157 694/1026/158 710/1050/158
f 710/1051/158 694/1027/158 695/1028/177
f 695/1028/177 696/1029/171 712/1053/167
f 696/1031/3 682/1030/3 698/1054/3
f 698/1033/4 697/1032/4 713/1056/4
f 713/1058/2 697/1034/2 699/1035/2
f 715/1060/5 699/1037/5 700/1036/168
f 700/1036/168 701/1038/161 717/1062/148
f 701/1038/161 702/1039/173 718/1063/173
f 702/1041/173 703/1040/174 719/1064/178
f 703/1040/174 704/1042/175 720/1066/151
f 704/1044/152 705/1043/164 721/1067/164
f 705/1043/164 706/1045/176 722/1069/172
f 706/1047/176 707/1046/155 723/1070/179
f 707/1046/155 708/1048/156 724/1072/156
f 708/1048/156 709/1049/157 725/1073/180
f 709/1049/157 710/1050/158 726/1074/158
f 726/1075/158 710/1051/158 711/1052/177
f 727/1076/159 711/1052/177 712/1053/167
f 712/1055/3 698/1054/3 714/1078/3
f 714/1057/4 713/1056/4 729/1080/4
f 713/1058/2 715/1059/2 731/1082/2
f 715/1060/5 716/1061/147 732/1084/168
f 716/1061/147 717/1062/148 733/1086/161
f 717/1062/148 718/1063/173 734/1087/173
f 718/1065/173 719/1064/178 735/1088/178
f 719/1064/178 720/1066/151 736/1090/182
f 720/1068/152 721/1067/164 737/1091/153
f 737/1091/153 721/1067/164 722/1069/172
f 738/1094/183 722/1071/172 723/1070/179
f 723/1070/179 724/1072/156 740/1096/185
f 724/1072/156 725/1073/180 741/1097/157
f 741/1097/157 725/1073/180 726/1074/158
f 742/1099/170 726/1075/158 727/1076/159
f 743/1100/159 727/1076/159 728/1077/181
f 728/1079/3 714/1078/3 730/1102/3
f 730/1081/4 729/1080/4 745/1104/4
f 745/1106/2 729/1083/2 731/1082/2
f 731/1085/5 732/1084/168 748/1108/147
f 732/1084/168 733/1086/161 749/1110/186
f 749/1110/186 733/1086/161 734/1087/173
f 750/1112/149 734/1089/173 735/1088/178
f 751/1113/178 735/1088/178 736/1090/182
f 752/1115/152 736/1092/152 737/1091/153
f 753/1116/153 737/1091/153 738/1093/183
f 754/1118/172 738/1094/183 739/1095/184
f 739/1095/184 740/1096/185 756/1120/185
f 740/1096/185 741/1097/157 757/1121/157
f 741/1097/157 742/1098/170 758/1122/170
f 758/1123/170 742/1099/170 743/1100/159
f 743/1100/159 744/1101/160 760/1125/167
f 744/1103/3 730/1102/3 746/1126/3
f 746/1105/4 745/1104/4 761/1128/4
f 761/1130/2 745/1106/2 747/1107/2
f 747/1109/5 748/1108/147 764/1132/147
f 748/1108/147 749/1110/186 765/1134/161
f 749/1110/186 750/1111/149 766/1135/173
f 750/1112/149 751/1113/178 767/1136/178
f 751/1113/178 752/1114/151 768/1138/182
f 752/1115/152 753/1116/153 769/1139/164
f 753/1116/153 754/1117/172 770/1141/187
f 754/1118/172 755/1119/155 771/1142/155
f 755/1119/155 756/1120/185 772/1144/185
f 756/1120/185 757/1121/157 773/1145/157
f 757/1121/157 758/1122/170 774/1146/170
f 774/1147/170 758/1123/170 759/1124/166
f 759/1124/166 760/1125/167 776/1149/160
f 760/1127/3 746/1126/3 762/1150/3
f 762/1129/4 761/1128/4 777/1152/4
f 777/1154/2 761/1130/2 763/1131/2
f 763/1133/5 764/1132/147 780/1156/147
f 764/1132/147 765/1134/161 781/1158/161
f 765/1134/161 766/1135/173 782/1159/173
f 766/1137/173 767/1136/178 783/1160/178
f 767/1136/178 768/1138/182 784/1162/182
f 768/1140/152 769/1139/164 785/1163/153
f 769/1139/164 770/1141/187 786/1165/183
f 770/1143/187 771/1142/155 787/1166/184
f 771/1142/155 772/1144/185 788/1168/185
f 788/1168/185 772/1144/185 773/1145/157
f 773/1145/157 774/1146/170 790/1170/170
f 790/1171/170 774/1147/170 775/1148/159
f 775/1148/159 776/1149/160 792/1173/160
f 776/1151/3 762/1150/3 778/1174/3
f 778/1153/4 777/1152/4 793/1176/4
f 793/1178/2 777/1154/2 779/1155/2
f 779/1157/5 780/1156/147 796/1180/147
f 780/1156/147 781/1158/161 797/1182/161
f 781/1158/161 782/1159/173 798/1183/173
f 782/1161/173 783/1160/178 799/1184/178
f 783/1160/178 784/1162/182 800/1186/182
f 784/1164/152 785/1163/153 801/1187/153
f 785/1163/153 786/1165/183 802/1189/183
f 786/1167/183 787/1166/184 803/1190/184
f 787/1166/184 788/1168/185 804/1192/185
f 804/1192/185 788/1168/185 789/1169/157
f 789/1169/157 790/1170/170 806/1194/170
f 806/1195/170 790/1171/170 791/1172/159
f 791/1172/159 792/1173/160 808/1197/160
f 792/1175/3 778/1174/3 794/1198/3
f 794/1177/4 793/1176/4 809/1200/4
f 809/1202/2 793/1178/2 795/1179/2
f 795/1181/5 796/1180/147 812/1204/147
f 796/1180/147 797/1182/161 813/1206/161
f 797/1182/161 798/1183/173 814/1207/173
f 798/1185/173 799/1184/178 815/1208/178
f 799/1184/178 800/1186/182 816/1210/151
f 800/1188/152 801/1187/153 817/1211/153
f 801/1187/153 802/1189/183 818/1213/183
f 802/1191/183 803/1190/184 819/1214/184
f 803/1190/184 804/1192/185 820/1216/185
f 804/1192/185 805/1193/157 821/1217/157
f 805/1193/157 806/1194/170 822/1218/170
f 806/1195/170 807/1196/159 823/1219/177
f 807/1196/159 808/1197/160 824/1221/167
f 808/1199/3 794/1198/3 810/1222/3
f 810/1201/4 809/1200/4 825/1224/4
f 825/1226/2 809/1202/2 811/1203/2
f 811/1205/5 812/1204/147 828/1228/147
f 812/1204/147 813/1206/161 829/1230/161
f 813/1206/161 814/1207/173 830/1231/173
f 814/1209/173 815/1208/178 831/1232/178
f 815/1208/178 816/1210/151 832/1234/151
f 816/1212/152 817/1211/153 833/1235/153
f 817/1211/153 818/1213/183 834/1237/183
f 818/1215/183 819/1214/184 835/1238/184
f 819/1214/184 820/1216/185 836/1240/185
f 820/1216/185 821/1217/157 837/1241/157
f 821/1217/157 822/1218/170 838/1242/170
f 822/1220/170 823/1219/177 839/1243/177
f 823/1219/177 824/1221/167 840/1245/171
f 824/1223/3 810/1222/3 826/1246/3
f 826/1225/4 825/1224/4 841/1248/4
f 841/1250/2 825/1226/2 827/1227/2
f 827/1229/5 828/1228/147 844/1252/168
f 828/1228/147 829/1230/161 845/1254/161
f 829/1230/161 830/1231/173 846/1255/173
f 830/1233/173 831/1232/178 847/1256/178
f 831/1232/178 832/1234/151 848/1258/182
f 832/1236/152 833/1235/153 849/1259/153
f 833/1235/153 834/1237/183 850/1261/172
f 834/1239/183 835/1238/184 851/1262/155
f 835/1238/184 836/1240/185 852/1264/185
f 836/1240/185 837/1241/157 853/1265/157
f 837/1241/157 838/1242/170 854/1266/170
f 838/1244/170 839/1243/177 855/1267/177
f 839/1243/177 840/1245/171 856/1269/171
f 840/1247/3 826/1246/3 842/1270/3
f 842/1249/4 841/1248/4 857/1272/4
f 841/1250/2 843/1251/2 859/1274/2
f 843/1253/5 844/1252/168 860/1276/168
f 860/1276/168 844/1252/168 845/1254/161
f 845/1254/161 846/1255/173 862/1279/173
f 846/1257/173 847/1256/178 863/1280/178
f 847/1256/178 848/1258/182 864/1282/151
f 848/1260/152 849/1259/153 865/1283/153
f 849/1259/153 850/1261/172 866/1285/172
f 850/1263/172 851/1262/155 867/1286/155
f 851/1262/155 852/1264/185 868/1288/185
f 852/1264/185 853/1265/157 869/1289/157
f 853/1265/157 854/1266/170 870/1290/170
f 854/1268/170 855/1267/177 871/1291/177
f 855/1267/177 856/1269/171 872/1293/171
f 856/1271/3 842/1270/3 858/1294/3
f 858/1273/4 857/1272/4 873/1296/4
f 857/1275/2 859/1274/2 875/1298/2
f 859/1277/5 860/1276/168 876/1300/168
f 876/1300/168 860/1276/168 861/1278/161
f 861/1278/161 862/1279/173 878/1303/149
f 862/1281/173 863/1280/178 879/1304/178
f 863/1280/178 864/1282/151 880/1306/163
f 864/1284/152 865/1283/153 881/1307/153
f 865/1283/153 866/1285/172 882/1309/183
f 866/1287/172 867/1286/155 883/1310/184
f 867/1286/155 868/1288/185 884/1312/185
f 868/1288/185 869/1289/157 885/1313/157
f 869/1289/157 870/1290/170 886/1314/170
f 870/1292/170 871/1291/177 887/1315/177
f 871/1291/177 872/1293/171 888/1317/171
f 872/1295/3 858/1294/3 874/1318/3
f 890/1320/4 874/1297/4 873/1296/4
f 873/1299/2 875/1298/2 891/1322/2
f 875/1301/5 876/1300/168 892/1324/147
f 892/1324/147 876/1300/168 877/1302/186
f 893/1326/161 877/1302/186 878/1303/149
f 878/1305/149 879/1304/178 895/1328/178
f 879/1304/178 880/1306/163 896/1330/163
f 880/1308/152 881/1307/153 897/1331/153
f 881/1307/153 882/1309/183 898/1333/183
f 882/1311/183 883/1310/184 899/1334/184
f 883/1310/184 884/1312/185 900/1336/185
f 884/1312/185 885/1313/157 901/1337/157
f 885/1313/157 886/1314/170 902/1338/170
f 886/1316/170 887/1315/177 903/1339/177
f 887/1315/177 888/1317/171 904/1341/171
f 888/1319/3 874/1318/3 890/1342/3
f 906/1344/4 890/1320/4 889/1321/4
f 889/1323/2 891/1322/2 907/1346/2
f 891/1325/5 892/1324/147 908/1348/147
f 908/1348/147 892/1324/147 893/1326/161
f 893/1326/161 894/1327/173 910/1351/188
f 894/1329/173 895/1328/178 911/1352/189
f 895/1328/178 896/1330/163 912/1354/163
f 896/1332/152 897/1331/153 913/1355/153
f 897/1331/153 898/1333/183 914/1357/183
f 914/1358/183 898/1335/183 899/1334/184
f 899/1334/184 900/1336/185 916/1360/185
f 900/1336/185 901/1337/157 917/1361/157
f 901/1337/157 902/1338/170 918/1362/170
f 902/1340/170 903/1339/177 919/1363/177
f 903/1339/177 904/1341/171 920/1365/171
f 904/1343/3 890/1342/3 906/1366/3
f 906/1344/4 905/1345/4 921/1368/4
f 921/1370/2 905/1347/2 907/1346/2
f 907/1349/5 908/1348/147 924/1372/168
f 908/1348/147 909/1350/148 925/1374/161
f 909/1350/148 910/1351/188 926/1375/173
f 910/1353/188 911/1352/189 927/1376/178
f 911/1352/189 912/1354/163 928/1378/151
f 912/1356/152 913/1355/153 929/1379/153
f 913/1355/153 914/1357/183 930/1381/183
f 930/1382/183 914/1358/183 915/1359/184
f 915/1359/184 916/1360/185 932/1384/185
f 916/1360/185 917/1361/157 933/1385/190
f 933/1385/190 917/1361/157 918/1362/170
f 918/1364/170 919/1363/177 935/1387/177
f 919/1363/177 920/1365/171 936/1389/171
f 920/1367/3 906/1366/3 922/1390/3
f 921/1368/4 938/1444/4 937/1392/4
f 938/1393/2 921/1370/2 923/1371/2
f 924/1372/168 940/1396/147 939/1395/5
f 925/1374/161 941/1397/161 940/1396/147
f 926/1375/173 942/1445/192 941/1397/161
f 927/1376/178 943/1400/169 942/1398/192
f 927/1376/178 928/1378/151 944/1399/175
f 929/1379/153 945/1402/153 944/1401/152
f 930/1381/183 946/1446/183 945/1402/153
f 931/1383/184 947/1405/184 946/1403/183
f 931/1383/184 932/1384/185 948/1404/185
f 932/1384/185 933/1385/190 949/1406/193
f 934/1386/191 950/1447/191 949/1406/193
f 935/1387/177 951/1408/194 950/1407/191
f 936/1389/171 952/1448/171 951/1408/194
f 48/48/6 52/52/8 49/51/8
f 51/1409/7 56/55/10 53/54/10
f 55/1410/25 60/58/13 57/57/12
f 58/85/26 59/1449/11 64/61/16
f 63/59/14 68/62/17 65/64/19
f 66/1411/18 67/1450/29 72/67/22
f 70/1412/2 71/1451/2 44/1413/2
f 937/1414/3 952/1452/3 936/1391/3
