# Blender 4.2.3 LTS
# www.blender.org
mtllib gun.mtl
o Cylinder
v -5.479124 2.008751 -3.119898
v -5.475727 1.974712 -3.119915
v -5.465754 1.941991 -3.119930
v -5.449590 1.911843 -3.119944
v -5.427854 1.885429 -3.119956
v -5.401383 1.863763 -3.119966
v -5.371194 1.847677 -3.119974
v -5.338447 1.837789 -3.119978
v -5.304400 1.834481 -3.119980
v -5.270362 1.837878 -3.119978
v -5.237640 1.847850 -3.119974
v -5.207493 1.864015 -3.119966
v -5.181078 1.885750 -3.119956
v -5.159412 1.912221 -3.119944
v -5.143326 1.942410 -3.119929
v -5.133439 1.975158 -3.119914
v -5.130130 2.009204 -3.119898
v -5.133527 2.043243 -3.119882
v -5.143500 2.075964 -3.119867
v -5.159664 2.106111 -3.119853
v -5.181400 2.132526 -3.119841
v -5.207870 2.154192 -3.119831
v -5.238060 2.170278 -3.119823
v -5.270807 2.180165 -3.119818
v -5.304854 2.183474 -3.119817
v -5.338892 2.180077 -3.119818
v -5.371614 2.170104 -3.119823
v -5.401761 2.153940 -3.119831
v -5.428175 2.132204 -3.119841
v -5.449842 2.105734 -3.119853
v -5.465928 2.075544 -3.119867
v -5.475815 2.042797 -3.119882
v -5.436198 1.982676 -3.222053
v -5.438811 2.008850 -3.222041
v -5.428530 1.957514 -3.222065
v -5.416100 1.934331 -3.222076
v -5.399386 1.914019 -3.222085
v -5.379030 1.897358 -3.222093
v -5.355816 1.884989 -3.222099
v -5.330634 1.877385 -3.222102
v -5.304452 1.874842 -3.222104
v -5.278278 1.877454 -3.222102
v -5.253116 1.885122 -3.222099
v -5.229933 1.897552 -3.222093
v -5.209621 1.914266 -3.222085
v -5.192960 1.934622 -3.222076
v -5.180591 1.957837 -3.222065
v -5.172987 1.983018 -3.222053
v -5.170443 2.009200 -3.222041
v -5.173056 2.035374 -3.222029
v -5.180724 2.060536 -3.222017
v -5.193154 2.083719 -3.222006
v -5.209868 2.104031 -3.221996
v -5.230224 2.120692 -3.221989
v -5.253438 2.133062 -3.221983
v -5.278620 2.140665 -3.221979
v -5.304801 2.143209 -3.221978
v -5.330976 2.140597 -3.221979
v -5.356138 2.132928 -3.221983
v -5.379321 2.120498 -3.221989
v -5.399633 2.103783 -3.221997
v -5.416294 2.083428 -3.222006
v -5.428664 2.060213 -3.222017
v -5.436266 2.035032 -3.222029
v -5.516841 2.008815 -3.362986
v -5.505169 2.008837 -3.376534
v -5.501265 1.969718 -3.376552
v -5.512710 1.967419 -3.363005
v -5.489804 1.932112 -3.376569
v -5.500582 1.927625 -3.363024
v -5.471227 1.897466 -3.376586
v -5.480924 1.890962 -3.363041
v -5.446247 1.867108 -3.376600
v -5.454490 1.858837 -3.363056
v -5.415825 1.842208 -3.376612
v -5.422297 1.832487 -3.363069
v -5.381130 1.823721 -3.376620
v -5.385583 1.812925 -3.363078
v -5.343495 1.812358 -3.376626
v -5.345757 1.800900 -3.363083
v -5.304366 1.808555 -3.376627
v -5.304351 1.796877 -3.363085
v -5.265247 1.812460 -3.376626
v -5.262955 1.801008 -3.363083
v -5.227642 1.823921 -3.376620
v -5.223161 1.813136 -3.363077
v -5.192995 1.842498 -3.376612
v -5.186497 1.832795 -3.363069
v -5.162638 1.867477 -3.376600
v -5.154374 1.859228 -3.363056
v -5.137737 1.897899 -3.376585
v -5.128024 1.891420 -3.363041
v -5.119250 1.932595 -3.376569
v -5.108460 1.928135 -3.363024
v -5.107887 1.970230 -3.376552
v -5.096436 1.967961 -3.363005
v -5.104085 2.009358 -3.376533
v -5.092412 2.009367 -3.362986
v -5.107989 2.048477 -3.376515
v -5.096544 2.050763 -3.362967
v -5.119450 2.086082 -3.376497
v -5.108672 2.090557 -3.362948
v -5.138027 2.120730 -3.376482
v -5.128330 2.127221 -3.362931
v -5.163007 2.151087 -3.376467
v -5.154764 2.159345 -3.362916
v -5.193429 2.175987 -3.376455
v -5.186956 2.185694 -3.362903
v -5.228124 2.194474 -3.376447
v -5.223671 2.205257 -3.362894
v -5.265759 2.205837 -3.376441
v -5.263497 2.217282 -3.362888
v -5.304888 2.209639 -3.376440
v -5.304903 2.221306 -3.362887
v -5.344007 2.205735 -3.376441
v -5.346299 2.217174 -3.362888
v -5.381612 2.194274 -3.376447
v -5.386093 2.205046 -3.362894
v -5.416259 2.175697 -3.376456
v -5.422757 2.185388 -3.362904
v -5.446616 2.150718 -3.376467
v -5.454881 2.158954 -3.362916
v -5.471517 2.120296 -3.376482
v -5.481230 2.126761 -3.362931
v -5.490004 2.085600 -3.376498
v -5.500793 2.090047 -3.362948
v -5.501367 2.047965 -3.376515
v -5.512818 2.050221 -3.362967
v -5.436198 1.982744 -3.366764
v -5.445836 1.980818 -3.376547
v -5.448640 2.008910 -3.376534
v -5.438811 2.008918 -3.366752
v -5.428530 1.957582 -3.366776
v -5.437606 1.953813 -3.376559
v -5.416100 1.934399 -3.366786
v -5.424265 1.928933 -3.376571
v -5.399386 1.914087 -3.366796
v -5.406327 1.907133 -3.376581
v -5.379030 1.897426 -3.366804
v -5.384480 1.889251 -3.376589
v -5.355816 1.885056 -3.366810
v -5.359565 1.875975 -3.376596
v -5.330634 1.877453 -3.366813
v -5.332539 1.867815 -3.376600
v -5.304452 1.874909 -3.366814
v -5.304440 1.865084 -3.376601
v -5.278278 1.877521 -3.366813
v -5.276348 1.867888 -3.376600
v -5.253116 1.885190 -3.366810
v -5.249342 1.876118 -3.376595
v -5.229933 1.897620 -3.366804
v -5.224462 1.889459 -3.376589
v -5.209621 1.914334 -3.366796
v -5.202662 1.907397 -3.376581
v -5.192960 1.934689 -3.366786
v -5.184781 1.929244 -3.376571
v -5.180591 1.957904 -3.366776
v -5.171504 1.954159 -3.376559
v -5.172987 1.983086 -3.366764
v -5.163344 1.981186 -3.376547
v -5.170443 2.009267 -3.366752
v -5.160614 2.009285 -3.376534
v -5.173056 2.035442 -3.366739
v -5.163418 2.037377 -3.376520
v -5.180724 2.060604 -3.366727
v -5.171648 2.064382 -3.376508
v -5.193154 2.083787 -3.366716
v -5.184988 2.089263 -3.376496
v -5.209868 2.104099 -3.366707
v -5.202927 2.111063 -3.376486
v -5.230224 2.120759 -3.366699
v -5.224773 2.128944 -3.376478
v -5.253438 2.133130 -3.366693
v -5.249689 2.142220 -3.376472
v -5.278620 2.140732 -3.366690
v -5.276715 2.150380 -3.376468
v -5.304801 2.143277 -3.366689
v -5.304814 2.153111 -3.376466
v -5.330976 2.140665 -3.366690
v -5.332906 2.150307 -3.376468
v -5.356138 2.132996 -3.366693
v -5.359911 2.142076 -3.376472
v -5.379321 2.120566 -3.366699
v -5.384792 2.128736 -3.376478
v -5.399633 2.103852 -3.366707
v -5.406592 2.110798 -3.376486
v -5.416294 2.083497 -3.366717
v -5.424474 2.088951 -3.376496
v -5.428664 2.060281 -3.366728
v -5.437749 2.064036 -3.376508
v -5.436266 2.035100 -3.366740
v -5.445910 2.037009 -3.376521
v -5.556934 2.058736 -2.933352
v -5.542362 2.107001 -2.933329
v -5.518653 2.151495 -2.933309
v -5.486720 2.190510 -2.933290
v -5.447789 2.222544 -2.933275
v -5.403356 2.246369 -2.933264
v -5.355129 2.261067 -2.933258
v -5.304962 2.266073 -2.933255
v -5.254781 2.261197 -2.933258
v -5.206516 2.246625 -2.933264
v -5.162022 2.222916 -2.933275
v -5.123007 2.190983 -2.933290
v -5.090972 2.152052 -2.933309
v -5.067148 2.107619 -2.933329
v -5.052450 2.059392 -2.933352
v -5.047443 2.009225 -2.933375
v -5.052320 1.959044 -2.933399
v -5.066892 1.910779 -2.933421
v -5.090600 1.866285 -2.933442
v -5.122534 1.827270 -2.933460
v -5.161465 1.795236 -2.933475
v -5.205898 1.771411 -2.933486
v -5.254125 1.756713 -2.933494
v -5.304292 1.751706 -2.933496
v -5.354473 1.756583 -2.933494
v -5.402738 1.771155 -2.933487
v -5.447232 1.794864 -2.933475
v -5.486247 1.826797 -2.933461
v -5.518281 1.865729 -2.933442
v -5.542106 1.910161 -2.933422
v -5.556804 1.958388 -2.933399
v -5.561810 2.008556 -2.933376
v -5.543821 2.008579 -2.933376
v -5.539164 1.961921 -2.933397
v -5.525494 1.917067 -2.933418
v -5.503336 1.875742 -2.933437
v -5.473543 1.839534 -2.933455
v -5.437257 1.809835 -2.933468
v -5.395875 1.787785 -2.933479
v -5.350986 1.774231 -2.933486
v -5.304316 1.769696 -2.933487
v -5.257658 1.774353 -2.933485
v -5.212804 1.788023 -2.933479
v -5.171479 1.810181 -2.933468
v -5.135271 1.839975 -2.933454
v -5.105572 1.876260 -2.933437
v -5.083521 1.917642 -2.933418
v -5.069968 1.962531 -2.933397
v -5.065433 2.009201 -2.933375
v -5.070090 2.055859 -2.933353
v -5.083760 2.100713 -2.933332
v -5.105917 2.142038 -2.933313
v -5.135711 2.178246 -2.933296
v -5.171997 2.207946 -2.933282
v -5.213379 2.229995 -2.933272
v -5.258268 2.243548 -2.933266
v -5.304938 2.248084 -2.933264
v -5.351597 2.243427 -2.933266
v -5.396450 2.229757 -2.933272
v -5.437775 2.207599 -2.933282
v -5.473983 2.177806 -2.933296
v -5.503682 2.141520 -2.933313
v -5.525733 2.100138 -2.933333
v -5.539286 2.055249 -2.933354
v -5.543821 2.008660 -3.107310
v -5.531172 2.008682 -3.119898
v -5.526761 1.964492 -3.119919
v -5.539164 1.962002 -3.107332
v -5.513814 1.922010 -3.119939
v -5.525494 1.917148 -3.107352
v -5.492828 1.882871 -3.119957
v -5.503336 1.875824 -3.107372
v -5.464610 1.848578 -3.119973
v -5.473543 1.839616 -3.107388
v -5.430243 1.820449 -3.119986
v -5.437257 1.809916 -3.107403
v -5.391049 1.799565 -3.119996
v -5.395875 1.787866 -3.107413
v -5.348535 1.786728 -3.120002
v -5.350986 1.774313 -3.107419
v -5.304332 1.782432 -3.120004
v -5.304316 1.769778 -3.107421
v -5.260141 1.786843 -3.120002
v -5.257658 1.774434 -3.107419
v -5.217660 1.799790 -3.119996
v -5.212804 1.788104 -3.107413
v -5.178520 1.820776 -3.119986
v -5.171479 1.810262 -3.107402
v -5.144228 1.848994 -3.119973
v -5.135271 1.840056 -3.107388
v -5.116098 1.883361 -3.119957
v -5.105572 1.876341 -3.107371
v -5.095214 1.922555 -3.119938
v -5.083521 1.917724 -3.107352
v -5.082378 1.965070 -3.119919
v -5.069968 1.962613 -3.107331
v -5.078082 2.009272 -3.119898
v -5.065433 2.009282 -3.107309
v -5.082493 2.053463 -3.119877
v -5.070090 2.055941 -3.107287
v -5.095440 2.095945 -3.119858
v -5.083760 2.100794 -3.107267
v -5.116426 2.135084 -3.119839
v -5.105917 2.142119 -3.107247
v -5.144644 2.169377 -3.119823
v -5.135711 2.178327 -3.107230
v -5.179010 2.197506 -3.119810
v -5.171997 2.208027 -3.107216
v -5.218204 2.218390 -3.119800
v -5.213379 2.230077 -3.107206
v -5.260719 2.231226 -3.119794
v -5.258268 2.243630 -3.107200
v -5.304922 2.235522 -3.119792
v -5.304938 2.248165 -3.107198
v -5.349113 2.231111 -3.119794
v -5.351597 2.243509 -3.107200
v -5.391594 2.218164 -3.119800
v -5.396450 2.229839 -3.107206
v -5.430734 2.197179 -3.119810
v -5.437775 2.207680 -3.107217
v -5.465027 2.168960 -3.119823
v -5.473983 2.177887 -3.107231
v -5.493156 2.134594 -3.119839
v -5.503682 2.141601 -3.107247
v -5.514040 2.095400 -3.119858
v -5.525733 2.100219 -3.107267
v -5.526876 2.052884 -3.119878
v -5.539286 2.055330 -3.107288
v -5.661423 2.079296 -2.757935
v -5.668319 2.008335 -2.757968
v -5.562131 2.265642 -2.757848
v -5.607289 2.210471 -2.757874
v -5.376044 2.365420 -2.757801
v -5.444243 2.344635 -2.757811
v -5.165885 2.344996 -2.757811
v -5.234138 2.365605 -2.757801
v -5.002491 2.211258 -2.757874
v -5.047792 2.266311 -2.757848
v -4.940935 2.009281 -2.757968
v -4.948015 2.080225 -2.757935
v -5.001965 1.807145 -2.758063
v -4.968438 1.870066 -2.758033
v -5.165011 1.672982 -2.758125
v -5.102177 1.706672 -2.758110
v -5.375116 1.652012 -2.758135
v -5.304154 1.645116 -2.758138
v -5.561461 1.751304 -2.758089
v -5.506290 1.706146 -2.758110
v -5.233210 1.652197 -2.758135
v -5.047123 1.751973 -2.758089
v -5.443369 1.672620 -2.758125
v -5.606763 1.806358 -2.758063
v -5.661238 1.937391 -2.758002
v -5.640453 1.869192 -2.758033
v -5.640816 2.147549 -2.757903
v -5.507077 2.310944 -2.757827
v -5.305100 2.372500 -2.757798
v -5.102964 2.311470 -2.757827
v -4.968801 2.148424 -2.757903
v -4.947831 1.938319 -2.758001
v -5.234138 2.365596 -2.739559
v -5.305100 2.372491 -2.739555
v -5.640453 1.869184 -2.739791
v -5.606763 1.806350 -2.739820
v -5.102177 1.706664 -2.739867
v -5.047123 1.751965 -2.739845
v -4.948015 2.080216 -2.739692
v -4.968801 2.148415 -2.739660
v -5.102964 2.311462 -2.739584
v -5.165885 2.344988 -2.739568
v -5.640816 2.147541 -2.739661
v -5.661423 2.079288 -2.739692
v -5.443369 1.672611 -2.739882
v -5.375116 1.652004 -2.739892
v -5.561461 1.751296 -2.739846
v -5.506290 1.706138 -2.739867
v -5.001965 1.807136 -2.739820
v -4.968438 1.870057 -2.739790
v -5.668319 2.008327 -2.739725
v -5.444243 2.344626 -2.739568
v -5.507077 2.310935 -2.739584
v -4.947831 1.938311 -2.739758
v -4.940935 2.009272 -2.739725
v -5.376044 2.365411 -2.739559
v -5.661238 1.937383 -2.739759
v -5.607289 2.210462 -2.739631
v -5.304154 1.645108 -2.739895
v -5.233210 1.652188 -2.739892
v -5.047792 2.266303 -2.739605
v -5.002491 2.211249 -2.739631
v -5.562131 2.265634 -2.739605
v -5.165011 1.672973 -2.739882
v -5.050373 2.351909 -2.704625
v -4.968442 2.270191 -2.704663
v -4.915772 2.167154 -2.704711
v -4.897522 2.052884 -2.704765
v -4.868599 2.048765 -1.559862
v -5.265244 2.444379 -1.559676
v -4.888146 2.171151 -1.559804
v -4.944556 2.281506 -1.559752
v -5.032306 2.369028 -1.559712
v -5.142807 2.425150 -1.559685
v -5.265244 2.444915 -2.704582
v -4.868599 2.049301 -2.704767
v -5.142807 2.425686 -2.704591
v -5.032306 2.369564 -2.704617
v -4.944556 2.282041 -2.704658
v -4.888146 2.171686 -2.704710
v -5.345144 2.444276 -1.559676
v -5.740758 2.047631 -1.559862
v -5.467530 2.424728 -1.559685
v -5.577885 2.368318 -1.559712
v -5.665408 2.280568 -1.559753
v -5.721530 2.170067 -1.559805
v -5.740758 2.048167 -2.704767
v -5.345145 2.444811 -2.704582
v -5.721530 2.170602 -2.704710
v -5.665408 2.281104 -2.704658
v -5.577885 2.368854 -2.704617
v -5.467530 2.425264 -2.704591
v -5.038881 1.457137 -1.560138
v -4.868052 1.628411 -1.560058
v -4.868052 1.628947 -2.704963
v -5.038881 1.457673 -2.705044
v -5.740211 1.627277 -1.560058
v -5.568938 1.456448 -1.560138
v -5.568938 1.456984 -2.705044
v -5.740212 1.627812 -2.704964
v -5.153546 2.404310 -2.704601
v -5.267863 2.422264 -2.704592
v -5.693892 2.166142 -2.704712
v -5.711845 2.051825 -2.704765
v -5.641491 2.269315 -2.704664
v -5.559772 2.351247 -2.704625
v -5.456736 2.403916 -2.704601
v -5.342466 2.422167 -2.704592
v -5.711335 1.659346 -2.704949
v -5.551419 1.499846 -2.705023
v -5.056512 1.500489 -2.705023
v -4.897011 1.660405 -2.704949
v -4.968442 2.270208 -2.741498
v -5.050373 2.351926 -2.741460
v -5.559772 2.351264 -2.741460
v -5.641491 2.269333 -2.741498
v -5.153546 2.404327 -2.741436
v -5.267863 2.422281 -2.741427
v -5.693892 2.166159 -2.741547
v -4.915772 2.167171 -2.741546
v -5.711845 2.051842 -2.741600
v -4.897522 2.052902 -2.741600
v -5.456736 2.403933 -2.741436
v -5.342466 2.422184 -2.741427
v -5.711335 1.659364 -2.741784
v -5.551419 1.499863 -2.741858
v -5.056512 1.500507 -2.741858
v -4.897011 1.660423 -2.741784
v -4.812363 2.183584 -1.559798
v -4.789260 2.038935 -1.559866
v -4.879034 2.314013 -1.559737
v -4.982747 2.417456 -1.559689
v -5.113349 2.483788 -1.559658
v -5.258057 2.506515 -1.559647
v -5.820071 2.037595 -1.559867
v -5.797345 2.182303 -1.559799
v -5.731013 2.312905 -1.559738
v -5.627570 2.416617 -1.559689
v -5.497141 2.483288 -1.559658
v -5.352492 2.506392 -1.559647
v -5.616995 1.338872 -1.560193
v -5.819425 1.540775 -1.560099
v -4.788614 1.542116 -1.560098
v -4.990518 1.339687 -1.560193
v -4.812363 2.183084 -0.492676
v -4.789260 2.038436 -0.492744
v -4.879034 2.313514 -0.492615
v -4.982747 2.416957 -0.492567
v -5.113349 2.483288 -0.492536
v -5.258057 2.506015 -0.492525
v -5.820071 2.037096 -0.492745
v -5.797345 2.181804 -0.492677
v -5.731013 2.312406 -0.492616
v -5.627570 2.416119 -0.492567
v -5.497141 2.482790 -0.492536
v -5.352492 2.505893 -0.492525
v -5.616995 1.338373 -0.493071
v -5.819425 1.540276 -0.492977
v -4.788614 1.541617 -0.492976
v -4.990518 1.339188 -0.493071
v -4.999128 0.388786 0.721953
v -5.203226 0.160447 -0.091340
v -5.605914 0.387996 0.721953
v -5.074193 0.169955 -0.058032
v -5.413215 1.452369 -0.758049
v -5.379516 1.480350 -0.726539
v -5.413251 1.480322 -0.760275
v -5.408714 1.466343 -0.742294
v -5.396379 1.476585 -0.730761
v -5.379516 1.480695 -1.463162
v -5.413215 1.452178 -1.422986
v -5.413252 1.480636 -1.429426
v -5.396379 1.476859 -1.457779
v -5.408713 1.466421 -1.443074
v -5.194048 1.033560 -0.758238
v -5.227763 1.017295 -0.726756
v -5.198558 1.025444 -0.742497
v -5.210898 1.019490 -0.730974
v -5.227669 0.945190 -0.746112
v -5.193964 0.968397 -0.775601
v -5.210805 0.948316 -0.750063
v -5.198468 0.956810 -0.760857
v -5.193880 0.903818 -1.190984
v -5.227576 0.873292 -1.206350
v -5.198380 0.888571 -1.198667
v -5.210713 0.877398 -1.204291
v -5.227763 1.017587 -1.350510
v -5.194049 1.034011 -1.320873
v -5.210898 1.019803 -1.346539
v -5.198558 1.025815 -1.335692
v -5.412501 0.903540 -0.888668
v -5.378726 0.872939 -0.871050
v -5.407962 0.888224 -0.879859
v -5.395599 0.877023 -0.873411
v -5.378913 1.017098 -0.726756
v -5.412671 1.033706 -0.758155
v -5.395784 1.019308 -0.730963
v -5.408140 1.025386 -0.742456
v -5.412524 0.920769 -0.823339
v -5.378751 0.892228 -0.798928
v -5.407986 0.906482 -0.811133
v -5.395624 0.896036 -0.802198
v -5.412586 0.968440 -0.775542
v -5.378819 0.944994 -0.746113
v -5.408051 0.956701 -0.760827
v -5.395691 0.948119 -0.750055
v -5.412671 1.034286 -1.321435
v -5.378913 1.017390 -1.350510
v -5.408141 1.025822 -1.335972
v -5.395784 1.019638 -1.346615
v -5.378726 0.873096 -1.206350
v -5.412501 0.903839 -1.191525
v -5.395599 0.877198 -1.204364
v -5.407962 0.888451 -1.198938
v -5.378819 0.945267 -1.331221
v -5.412586 0.969102 -1.304174
v -5.395692 0.948445 -1.327597
v -5.408051 0.957169 -1.317698
v -5.378751 0.892452 -1.278455
v -5.412524 0.921343 -1.256615
v -5.395624 0.896306 -1.275529
v -5.407986 0.906881 -1.267535
v -5.228365 1.480547 -0.726539
v -5.194592 1.451593 -0.758129
v -5.194630 1.480607 -0.760275
v -5.211493 1.476684 -0.730771
v -5.199131 1.466086 -0.742334
v -5.194592 1.451611 -1.422369
v -5.228366 1.480892 -1.463161
v -5.194630 1.480920 -1.429426
v -5.199131 1.466267 -1.442765
v -5.211493 1.476985 -1.457696
v -5.193902 0.920793 -0.823322
v -5.227601 0.892425 -0.798928
v -5.198403 0.906625 -0.811125
v -5.210738 0.896241 -0.802196
v -5.227576 0.873136 -0.871050
v -5.193879 0.903569 -0.888542
v -5.210713 0.877229 -0.873394
v -5.198380 0.888368 -0.879796
v -5.227669 0.945464 -1.331221
v -5.193964 0.968913 -1.303585
v -5.210805 0.948622 -1.327518
v -5.198469 0.957205 -1.317403
v -5.193902 0.921246 -1.256032
v -5.227601 0.892649 -1.278455
v -5.198403 0.906963 -1.267244
v -5.210738 0.896496 -1.275451
v -5.194554 1.422479 -0.789844
v -5.228250 1.393576 -0.821793
v -5.194517 1.393496 -0.855170
v -5.199055 1.407992 -0.805687
v -5.211388 1.397414 -0.817381
v -5.228251 1.393820 -1.341774
v -5.194555 1.423048 -1.382637
v -5.194517 1.393708 -1.308110
v -5.211389 1.397700 -1.347274
v -5.199055 1.408399 -1.362231
v -5.193995 0.992097 -0.805773
v -5.227758 1.015669 -0.835610
v -5.198529 1.003734 -0.820565
v -5.210887 1.012362 -0.831486
v -5.227824 1.066567 -0.821946
v -5.194070 1.049980 -0.790105
v -5.210955 1.064210 -0.817549
v -5.198600 1.058139 -0.805894
v -5.193939 0.949657 -0.848181
v -5.227710 0.978422 -0.872892
v -5.198477 0.963878 -0.860420
v -5.210838 0.974407 -0.869466
v -5.193919 0.933965 -0.906037
v -5.227692 0.964806 -0.923804
v -5.198458 0.949220 -0.914820
v -5.210820 0.960508 -0.921323
v -5.194069 1.050026 -1.291895
v -5.227825 1.066773 -1.262253
v -5.198600 1.058266 -1.277076
v -5.210955 1.064395 -1.266227
v -5.227759 1.015862 -1.248638
v -5.193994 0.992049 -1.276267
v -5.210888 1.012523 -1.252337
v -5.198529 1.003806 -1.262450
v -5.227710 0.978580 -1.211390
v -5.193939 0.949587 -1.233776
v -5.210838 0.974535 -1.214375
v -5.198477 0.963923 -1.222569
v -5.227692 0.964916 -1.160491
v -5.193919 0.933983 -1.175778
v -5.210820 0.960607 -1.162511
v -5.198458 0.949285 -1.168106
v -5.413177 1.422819 -1.381560
v -5.379405 1.394249 -1.341456
v -5.413139 1.394330 -1.307649
v -5.408638 1.408569 -1.361482
v -5.396277 1.398112 -1.346803
v -5.379406 1.394007 -0.823404
v -5.413176 1.422041 -0.792253
v -5.413139 1.394119 -0.857499
v -5.396278 1.397798 -0.819362
v -5.408638 1.408060 -0.807960
v -5.412694 1.051927 -0.792516
v -5.378983 1.068211 -0.823556
v -5.408186 1.060203 -0.808168
v -5.395846 1.066164 -0.819529
v -5.378917 1.017501 -0.837169
v -5.412620 0.994419 -0.808088
v -5.395779 1.014558 -0.833400
v -5.408115 1.006110 -0.822756
v -5.378869 0.980392 -0.874313
v -5.412565 0.952247 -0.850220
v -5.395730 0.976782 -0.871202
v -5.408064 0.966480 -0.862382
v -5.378850 0.966826 -0.925035
v -5.412544 0.936632 -0.907693
v -5.395712 0.962946 -0.922813
v -5.408045 0.951894 -0.916465
v -5.412619 0.994224 -1.275718
v -5.378916 1.017694 -1.248664
v -5.408115 1.006108 -1.262194
v -5.395779 1.014699 -1.252291
v -5.378982 1.068416 -1.262230
v -5.412694 1.051843 -1.291300
v -5.395846 1.066330 -1.266123
v -5.408185 1.060264 -1.276763
v -5.412564 0.952055 -1.233433
v -5.378868 0.980550 -1.211555
v -5.408063 0.966463 -1.222507
v -5.395730 0.976892 -1.214500
v -5.412544 0.936601 -1.175749
v -5.378850 0.966937 -1.160845
v -5.408045 0.951934 -1.168326
v -5.395712 0.963037 -1.162871
v -5.245564 1.366947 -0.989697
v -5.245564 1.367001 -1.104546
v -5.362021 1.366796 -0.989697
v -5.362021 1.366849 -1.104546
v -5.245159 1.055142 -1.099802
v -5.245159 1.055163 -1.145389
v -5.361616 1.054991 -1.099802
v -5.361616 1.055012 -1.145389
v -5.361683 1.106953 -1.069836
v -5.361751 1.158914 -1.037965
v -5.361819 1.210878 -1.013255
v -5.361887 1.262849 -1.000777
v -5.361954 1.314822 -0.995459
v -5.361954 1.314870 -1.098688
v -5.361887 1.262892 -1.093118
v -5.361819 1.210916 -1.094351
v -5.361751 1.158946 -1.106732
v -5.361683 1.106979 -1.125916
v -5.245497 1.314973 -0.995459
v -5.245429 1.263000 -1.000777
v -5.245361 1.211030 -1.013255
v -5.245294 1.159065 -1.037965
v -5.245226 1.107104 -1.069836
v -5.245226 1.107131 -1.125916
v -5.245294 1.159098 -1.106731
v -5.245361 1.211068 -1.094351
v -5.245429 1.263043 -1.093117
v -5.245497 1.315022 -1.098687
v -5.391413 1.338985 -1.175943
v -5.216101 1.339213 -1.175943
v -5.391413 1.338846 -0.877322
v -5.216101 1.339074 -0.877322
v -5.391558 1.450774 -1.175891
v -5.216246 1.451002 -1.175890
v -5.391558 1.450634 -0.877269
v -5.216246 1.450863 -0.877269
v -5.056025 2.143109 -0.492695
v -5.044354 2.070042 -0.492729
v -5.089703 2.208994 -0.492664
v -5.142093 2.261248 -0.492640
v -5.208065 2.294755 -0.492624
v -5.281163 2.306235 -0.492619
v -5.565060 2.069365 -0.492729
v -5.553580 2.142462 -0.492695
v -5.520073 2.208435 -0.492664
v -5.467820 2.260824 -0.492640
v -5.401934 2.294502 -0.492624
v -5.328866 2.306172 -0.492619
v -5.462478 1.716410 -0.492894
v -5.564734 1.818400 -0.492847
v -5.044028 1.819077 -0.492847
v -5.146018 1.716822 -0.492894
v -5.056025 2.142071 1.726209
v -5.044354 2.069004 1.726174
v -5.089703 2.207956 1.726239
v -5.142092 2.260211 1.726264
v -5.208065 2.293717 1.726279
v -5.281163 2.305197 1.726285
v -5.565060 2.068326 1.726174
v -5.553580 2.141424 1.726208
v -5.520073 2.207397 1.726239
v -5.467819 2.259787 1.726264
v -5.401934 2.293465 1.726279
v -5.328866 2.305135 1.726285
v -5.462478 1.715372 1.726009
v -5.564734 1.817362 1.726057
v -5.044028 1.818039 1.726057
v -5.146018 1.715784 1.726009
v -5.001365 2.108790 0.127653
v -5.258915 2.365463 0.038850
v -5.035993 2.237249 0.083251
v -5.130262 2.331198 0.050747
v -5.258912 2.363646 -0.734738
v -5.659647 0.415221 0.819283
v -5.130260 2.329378 -0.724010
v -5.035990 2.235421 -0.694698
v -5.351269 2.365342 0.038850
v -5.608151 2.108001 0.127652
v -5.479832 2.330743 0.050747
v -5.573857 2.236549 0.083251
v -4.945467 0.416150 0.819284
v -5.351266 2.363525 -0.734739
v -5.573855 2.234722 -0.694698
v -5.479830 2.328923 -0.724010
v -5.218127 0.171534 -0.051736
v -4.998923 0.231052 0.159487
v -5.108497 0.179612 -0.023438
v -5.028262 0.201397 0.053875
v -5.605709 0.230263 0.159486
v -5.386350 0.171315 -0.051736
v -5.576292 0.200684 0.053875
v -5.496001 0.179108 -0.023438
v -5.001363 2.107491 -0.425147
v -5.035990 2.235421 -0.694698
v -5.006002 2.124433 -0.545267
v -5.018676 2.171258 -0.643929
v -5.573855 2.234722 -0.694698
v -5.608149 2.106701 -0.425147
v -5.591002 2.170514 -0.643930
v -5.603554 2.123656 -0.545267
v -4.979757 0.195597 0.032963
v -4.945225 0.230500 0.157267
v -5.624782 0.194757 0.032963
v -5.659405 0.229571 0.157266
v -5.530280 0.169361 -0.058033
v -5.401222 0.160189 -0.091340
v -5.530099 0.030294 -0.019034
v -5.624600 0.055689 0.071962
v -5.659465 0.276153 0.858283
v -5.659224 0.090502 0.196266
v -5.203045 0.021379 -0.052341
v -5.401042 0.021121 -0.052341
v -4.945045 0.091431 0.196266
v -4.979577 0.056528 0.071962
v -5.074011 0.030887 -0.019034
v -4.945286 0.277082 0.858283
v -5.259468 2.791075 -0.735743
v -5.259471 2.792893 0.037846
v -5.351825 2.792773 0.037846
v -5.351822 2.790955 -0.735743
v -5.511819 3.214737 -1.415611
v -5.746011 3.214324 -1.161470
v -5.628915 3.214571 -1.363309
v -5.714636 3.214419 -1.262527
v -5.507816 3.174627 -1.415630
v -5.737449 3.128531 -1.161510
v -5.622633 3.151619 -1.363339
v -5.706684 3.134747 -1.262564
v -5.496065 3.136069 -1.415648
v -5.712314 3.046057 -1.161548
v -5.604189 3.091103 -1.363367
v -5.683342 3.058156 -1.262600
v -5.477017 3.100544 -1.415664
v -5.671571 2.970072 -1.161584
v -5.574294 3.035348 -1.363393
v -5.645506 2.987592 -1.262633
v -5.451405 3.069418 -1.415679
v -5.616788 2.903495 -1.161615
v -5.534096 2.986496 -1.363416
v -5.594631 2.925765 -1.262662
v -5.420212 3.043886 -1.415691
v -5.550069 2.848885 -1.161640
v -5.485141 2.946425 -1.363435
v -5.532671 2.875050 -1.262686
v -5.384637 3.024930 -1.415700
v -5.473978 2.808340 -1.161659
v -5.429307 2.916676 -1.363449
v -5.462008 2.837398 -1.262703
v -5.346049 3.013280 -1.415705
v -5.391439 2.783420 -1.161671
v -5.368744 2.898390 -1.363457
v -5.385358 2.814256 -1.262714
v -5.305929 3.009382 -1.415707
v -5.305624 2.775081 -1.161675
v -5.305777 2.892271 -1.363460
v -5.305665 2.806511 -1.262718
v -5.265819 3.013384 -1.415705
v -5.219831 2.783642 -1.161671
v -5.242826 2.898554 -1.363457
v -5.225993 2.814462 -1.262714
v -5.227261 3.025136 -1.415699
v -5.137358 2.808778 -1.161659
v -5.182309 2.916997 -1.363449
v -5.149403 2.837804 -1.262703
v -5.191736 3.044184 -1.415691
v -5.061373 2.849521 -1.161640
v -5.126554 2.946892 -1.363435
v -5.078838 2.875641 -1.262685
v -5.160610 3.069796 -1.415679
v -4.994796 2.904304 -1.161615
v -5.077703 2.987090 -1.363416
v -5.017011 2.926515 -1.262662
v -5.135078 3.100989 -1.415664
v -4.940186 2.971023 -1.161583
v -5.037632 3.036046 -1.363393
v -4.966296 2.988475 -1.262633
v -5.116123 3.136563 -1.415648
v -4.899641 3.047114 -1.161548
v -5.007882 3.091878 -1.363367
v -4.928644 3.059138 -1.262600
v -5.104472 3.175152 -1.415629
v -4.874721 3.129653 -1.161509
v -4.989596 3.152442 -1.363338
v -4.905501 3.135788 -1.262564
v -5.100573 3.215272 -1.415611
v -4.866381 3.215467 -1.161469
v -4.983477 3.215410 -1.363309
v -4.897757 3.215482 -1.262527
v -5.104577 3.255382 -1.415592
v -4.874944 3.301260 -1.161429
v -4.989760 3.278361 -1.363279
v -4.905709 3.295154 -1.262489
v -5.116328 3.293941 -1.415574
v -4.900079 3.383734 -1.161390
v -5.008204 3.338877 -1.363251
v -4.929051 3.371744 -1.262453
v -5.135375 3.329465 -1.415557
v -4.940822 3.459719 -1.161355
v -5.038098 3.394632 -1.363225
v -4.966887 3.442308 -1.262420
v -5.160988 3.360591 -1.415543
v -4.995605 3.526296 -1.161324
v -5.078297 3.443483 -1.363202
v -5.017762 3.504136 -1.262391
v -5.192181 3.386122 -1.415531
v -5.062324 3.580906 -1.161298
v -5.127253 3.483554 -1.363184
v -5.079721 3.554851 -1.262368
v -5.227755 3.405077 -1.415522
v -5.138415 3.621451 -1.161279
v -5.183085 3.513304 -1.363170
v -5.150384 3.592502 -1.262350
v -5.266344 3.416729 -1.415516
v -5.220954 3.646371 -1.161267
v -5.243649 3.531590 -1.363161
v -5.227035 3.615645 -1.262339
v -5.306464 3.420628 -1.415514
v -5.306769 3.654710 -1.161263
v -5.306616 3.537709 -1.363158
v -5.306728 3.623389 -1.262336
v -5.346574 3.416625 -1.415516
v -5.392561 3.646147 -1.161268
v -5.369568 3.531426 -1.363161
v -5.386400 3.615437 -1.262339
v -5.385132 3.404873 -1.415522
v -5.475035 3.621013 -1.161279
v -5.430084 3.512982 -1.363170
v -5.462990 3.592095 -1.262350
v -5.420657 3.385825 -1.415531
v -5.551021 3.580270 -1.161298
v -5.485839 3.483088 -1.363184
v -5.533555 3.554259 -1.262368
v -5.451783 3.360213 -1.415543
v -5.617598 3.525486 -1.161324
v -5.534690 3.442890 -1.363202
v -5.595383 3.503385 -1.262392
v -5.477314 3.329020 -1.415557
v -5.672207 3.458767 -1.161355
v -5.574761 3.393933 -1.363225
v -5.646097 3.441424 -1.262421
v -5.496270 3.293446 -1.415574
v -5.712751 3.382676 -1.161391
v -5.604511 3.338100 -1.363251
v -5.683749 3.370761 -1.262454
v -5.507921 3.254857 -1.415592
v -5.737672 3.300138 -1.161429
v -5.622797 3.277537 -1.363280
v -5.706891 3.294111 -1.262490
v -5.485965 3.213761 0.777992
v -5.746011 3.213544 0.506961
v -5.615988 3.213608 0.731084
v -5.711172 3.213528 0.636358
v -5.737449 3.127750 0.506921
v -5.482465 3.178694 0.777975
v -5.703287 3.134531 0.636321
v -5.609957 3.153177 0.731055
v -5.712314 3.045277 0.506882
v -5.472192 3.144983 0.777959
v -5.680143 3.058590 0.636286
v -5.592252 3.095086 0.731028
v -5.671571 2.969291 0.506847
v -5.455539 3.113925 0.777945
v -5.642628 2.988624 0.636253
v -5.563555 3.041564 0.731003
v -5.616788 2.902715 0.506816
v -5.433147 3.086713 0.777932
v -5.592185 2.927321 0.636224
v -5.524967 2.994669 0.730981
v -5.550069 2.848105 0.506790
v -5.405876 3.064392 0.777922
v -5.530751 2.877037 0.636201
v -5.477973 2.956204 0.730963
v -5.473978 2.807560 0.506771
v -5.374774 3.047819 0.777914
v -5.460687 2.839705 0.636183
v -5.424376 2.927645 0.730950
v -5.391439 2.782639 0.506759
v -5.341038 3.037633 0.777909
v -5.384686 2.816758 0.636172
v -5.366239 2.910092 0.730941
v -5.305624 2.774301 0.506755
v -5.305963 3.034225 0.777908
v -5.305669 2.809079 0.636169
v -5.305793 2.904218 0.730939
v -5.219831 2.782862 0.506759
v -5.270895 3.037725 0.777909
v -5.226673 2.816963 0.636173
v -5.245363 2.910249 0.730941
v -5.137358 2.807998 0.506771
v -5.237185 3.047998 0.777914
v -5.150732 2.840108 0.636183
v -5.187272 2.927954 0.730950
v -5.061372 2.848740 0.506790
v -5.206128 3.064651 0.777922
v -5.080766 2.877622 0.636201
v -5.133750 2.956652 0.730963
v -4.994795 2.903524 0.506816
v -5.178915 3.087044 0.777932
v -5.019463 2.928066 0.636224
v -5.086855 2.995239 0.730981
v -4.940186 2.970243 0.506847
v -5.156594 3.114315 0.777945
v -4.969179 2.989500 0.636253
v -5.048389 3.042234 0.731003
v -4.899641 3.046334 0.506883
v -5.140022 3.145416 0.777959
v -4.931846 3.059564 0.636286
v -5.019831 3.095830 0.731028
v -4.874721 3.128873 0.506921
v -5.129836 3.179152 0.777975
v -4.908899 3.135565 0.636321
v -5.002278 3.153968 0.731055
v -4.866381 3.214687 0.506961
v -5.126427 3.214228 0.777992
v -4.901220 3.214581 0.636358
v -4.996404 3.214413 0.731084
v -4.874944 3.300481 0.507002
v -5.129927 3.249295 0.778008
v -4.909105 3.293578 0.636396
v -5.002435 3.274843 0.731112
v -4.900079 3.382953 0.507040
v -5.140201 3.283005 0.778024
v -4.932249 3.369518 0.636431
v -5.020140 3.332935 0.731139
v -4.940821 3.458939 0.507075
v -5.156854 3.314063 0.778039
v -4.969764 3.439484 0.636464
v -5.048837 3.386456 0.731164
v -4.995605 3.525516 0.507107
v -5.179246 3.341276 0.778051
v -5.020208 3.500788 0.636492
v -5.087425 3.433351 0.731186
v -5.062324 3.580126 0.507132
v -5.206516 3.363596 0.778062
v -5.081642 3.551071 0.636516
v -5.134420 3.471817 0.731204
v -5.138415 3.620670 0.507151
v -5.237618 3.380170 0.778069
v -5.151706 3.588404 0.636533
v -5.188017 3.500375 0.731217
v -5.220954 3.645591 0.507163
v -5.271354 3.390354 0.778074
v -5.227706 3.611352 0.636544
v -5.246154 3.517929 0.731226
v -5.306768 3.653930 0.507167
v -5.306430 3.393763 0.778075
v -5.306723 3.619030 0.636548
v -5.306599 3.523803 0.731229
v -5.392561 3.645367 0.507163
v -5.341497 3.390263 0.778074
v -5.385720 3.611146 0.636544
v -5.367029 3.517771 0.731226
v -5.475035 3.620233 0.507151
v -5.375207 3.379989 0.778069
v -5.461660 3.588002 0.636533
v -5.425121 3.500067 0.731217
v -5.551021 3.579489 0.507132
v -5.406265 3.363337 0.778062
v -5.531627 3.550486 0.636516
v -5.478642 3.471370 0.731204
v -5.617597 3.524706 0.507107
v -5.433477 3.340945 0.778051
v -5.592930 3.500043 0.636492
v -5.525537 3.432781 0.731186
v -5.672207 3.457988 0.507075
v -5.455799 3.313674 0.778038
v -5.643214 3.438608 0.636463
v -5.564003 3.385786 0.731164
v -5.712751 3.381896 0.507040
v -5.472371 3.282573 0.778023
v -5.680547 3.368545 0.636430
v -5.592561 3.332190 0.731139
v -5.737672 3.299357 0.507001
v -5.482557 3.248836 0.778008
v -5.703493 3.292545 0.636395
v -5.610115 3.274052 0.731111
v -4.968232 2.156474 1.725105
v -4.952442 2.057616 1.725058
v -5.013797 2.245616 1.725146
v -5.084679 2.316314 1.725180
v -5.173938 2.361648 1.725201
v -5.272838 2.377179 1.725208
v -5.656942 2.056700 1.725058
v -5.641410 2.155600 1.725104
v -5.596076 2.244860 1.725146
v -5.525379 2.315741 1.725180
v -5.436238 2.361306 1.725201
v -5.337379 2.377096 1.725208
v -5.518152 1.579163 1.724835
v -5.656501 1.717153 1.724900
v -4.952001 1.718069 1.724900
v -5.089990 1.579720 1.724835
v -4.968231 2.156271 2.158806
v -5.005121 2.144214 2.197126
v -4.973174 2.154649 2.177968
v -4.986676 2.150236 2.191994
v -4.990765 2.054329 2.197084
v -4.952442 2.057414 2.158759
v -4.971603 2.055865 2.191950
v -4.957576 2.056994 2.177922
v -5.013797 2.245413 2.158847
v -5.045161 2.222546 2.197164
v -5.017999 2.242343 2.178010
v -5.029479 2.233973 2.192034
v -5.084679 2.316111 2.158881
v -5.107447 2.284670 2.197192
v -5.087729 2.311892 2.178042
v -5.096063 2.300384 2.192065
v -5.173938 2.361445 2.158901
v -5.185881 2.324506 2.197212
v -5.175538 2.356489 2.178063
v -5.179910 2.342968 2.192085
v -5.272838 2.376976 2.158909
v -5.275805 2.338628 2.197218
v -5.273235 2.371832 2.178070
v -5.274321 2.357796 2.192092
v -5.656942 2.056497 2.158759
v -5.618611 2.053512 2.197084
v -5.651807 2.056090 2.177922
v -5.637777 2.054998 2.191950
v -5.604489 2.143436 2.197126
v -5.641410 2.155397 2.158805
v -5.622950 2.149410 2.191994
v -5.636463 2.153788 2.177968
v -5.564653 2.221871 2.197163
v -5.596076 2.244657 2.158847
v -5.580364 2.233257 2.192034
v -5.591866 2.241597 2.178009
v -5.502529 2.284157 2.197192
v -5.525379 2.315538 2.158881
v -5.513954 2.299841 2.192065
v -5.522317 2.311327 2.178042
v -5.424199 2.324196 2.197212
v -5.436238 2.361103 2.158901
v -5.430218 2.342643 2.192085
v -5.434625 2.356152 2.178063
v -5.334313 2.338552 2.197218
v -5.337379 2.376893 2.158909
v -5.335846 2.357716 2.192092
v -5.336968 2.371749 2.178070
v -5.518151 1.578960 2.158536
v -5.502326 1.617289 2.196881
v -5.516031 1.584088 2.177702
v -5.510239 1.598118 2.191737
v -5.618195 1.732857 2.196935
v -5.656500 1.716950 2.158600
v -5.637347 1.724897 2.191796
v -5.651368 1.719074 2.177765
v -4.952000 1.717866 2.158600
v -4.990347 1.733674 2.196935
v -4.957138 1.719977 2.177765
v -4.971174 1.725763 2.191796
v -5.105915 1.617805 2.196881
v -5.089990 1.579517 2.158536
v -5.097952 1.598654 2.191737
v -5.092124 1.584640 2.177702
v -5.820071 2.037595 -1.559867
v -5.819425 1.540775 -1.560099
v -5.820071 2.037096 -0.492745
v -5.819425 1.540276 -0.492977
v -4.868599 2.048842 -1.723419
v -4.868599 2.048918 -1.886977
v -4.868599 2.048995 -2.050535
v -4.868599 2.049072 -2.214093
v -4.868599 2.049148 -2.377651
v -4.868599 2.049225 -2.541209
v -4.888146 2.171610 -2.541152
v -4.888146 2.171533 -2.377594
v -4.888146 2.171457 -2.214036
v -4.888146 2.171380 -2.050478
v -4.888146 2.171304 -1.886920
v -4.888146 2.171227 -1.723362
v -4.944556 2.281965 -2.541100
v -4.944556 2.281888 -2.377542
v -4.944556 2.281812 -2.213984
v -4.944556 2.281736 -2.050426
v -4.944556 2.281659 -1.886868
v -4.944556 2.281582 -1.723310
v -5.032306 2.369487 -2.541059
v -5.032306 2.369411 -2.377501
v -5.032306 2.369334 -2.213943
v -5.032306 2.369258 -2.050385
v -5.032306 2.369181 -1.886827
v -5.032306 2.369104 -1.723270
v -5.142807 2.425610 -2.541033
v -5.142807 2.425533 -2.377475
v -5.142807 2.425457 -2.213917
v -5.142807 2.425380 -2.050359
v -5.142807 2.425303 -1.886801
v -5.142807 2.425227 -1.723243
v -5.265244 2.444839 -2.541024
v -5.265244 2.444762 -2.377466
v -5.265244 2.444685 -2.213908
v -5.265244 2.444609 -2.050350
v -5.265244 2.444532 -1.886792
v -5.265244 2.444456 -1.723234
v -5.740758 2.048090 -2.541209
v -5.740758 2.048013 -2.377651
v -5.740758 2.047937 -2.214094
v -5.740758 2.047860 -2.050536
v -5.740758 2.047784 -1.886978
v -5.740758 2.047707 -1.723420
v -5.721530 2.170143 -1.723363
v -5.721530 2.170220 -1.886920
v -5.721530 2.170296 -2.050478
v -5.721530 2.170373 -2.214036
v -5.721530 2.170449 -2.377594
v -5.721530 2.170526 -2.541152
v -5.665408 2.280644 -1.723311
v -5.665408 2.280721 -1.886869
v -5.665408 2.280798 -2.050426
v -5.665408 2.280874 -2.213984
v -5.665408 2.280951 -2.377542
v -5.665408 2.281028 -2.541100
v -5.577885 2.368395 -1.723270
v -5.577885 2.368471 -1.886828
v -5.577885 2.368548 -2.050385
v -5.577885 2.368624 -2.213943
v -5.577885 2.368701 -2.377501
v -5.577885 2.368778 -2.541059
v -5.467530 2.424805 -1.723243
v -5.467530 2.424882 -1.886801
v -5.467530 2.424958 -2.050359
v -5.467530 2.425035 -2.213917
v -5.467530 2.425111 -2.377475
v -5.467530 2.425188 -2.541033
v -5.345144 2.444352 -1.723234
v -5.345144 2.444429 -1.886792
v -5.345145 2.444505 -2.050350
v -5.345145 2.444581 -2.213908
v -5.345145 2.444658 -2.377466
v -5.345145 2.444734 -2.541024
v -5.568938 1.456907 -2.541486
v -5.568938 1.456831 -2.377928
v -5.568938 1.456754 -2.214370
v -5.568938 1.456678 -2.050812
v -5.568938 1.456601 -1.887254
v -5.568938 1.456525 -1.723696
v -5.740211 1.627353 -1.723616
v -5.740212 1.627430 -1.887174
v -5.740212 1.627506 -2.050732
v -5.740212 1.627583 -2.214290
v -5.740212 1.627659 -2.377848
v -5.740212 1.627736 -2.541406
v -4.868052 1.628870 -2.541406
v -4.868052 1.628794 -2.377848
v -4.868052 1.628717 -2.214290
v -4.868052 1.628641 -2.050732
v -4.868052 1.628564 -1.887174
v -4.868052 1.628488 -1.723616
v -5.038881 1.457214 -1.723696
v -5.038881 1.457290 -1.887254
v -5.038881 1.457367 -2.050812
v -5.038881 1.457443 -2.214370
v -5.038881 1.457520 -2.377928
v -5.038881 1.457596 -2.541486
v -5.667123 2.048186 -2.541209
v -5.667123 2.048109 -2.377651
v -5.667123 2.048033 -2.214094
v -5.667123 2.047956 -2.050536
v -5.667123 2.047880 -1.886978
v -5.667123 2.047803 -1.723420
v -5.666576 1.627449 -1.723616
v -5.666576 1.627525 -1.887174
v -5.666576 1.627602 -2.050732
v -5.666576 1.627679 -2.214290
v -5.666576 1.627755 -2.377848
v -5.666576 1.627831 -2.541406
v -4.950621 2.048735 -1.723419
v -4.950621 2.048812 -1.886977
v -4.950621 2.048888 -2.050535
v -4.950621 2.048965 -2.214093
v -4.950621 2.049042 -2.377651
v -4.950621 2.049118 -2.541209
v -4.950074 1.628763 -2.541406
v -4.950074 1.628687 -2.377848
v -4.950074 1.628611 -2.214290
v -4.950074 1.628534 -2.050732
v -4.950074 1.628458 -1.887174
v -4.950074 1.628381 -1.723616
v -5.345429 2.610083 -2.570978
v -5.265528 2.610163 -2.570912
v -5.265528 2.505941 -2.444861
v -5.345429 2.505861 -2.444927
v -5.345429 2.640135 -2.607325
v -5.345306 2.597954 -2.700290
v -5.345412 2.661632 -2.652614
v -5.345367 2.646193 -2.686642
v -5.265405 2.598036 -2.700253
v -5.265528 2.640216 -2.607258
v -5.265466 2.646274 -2.686589
v -5.265512 2.661712 -2.652551
v -5.351822 2.790955 -0.735743
v -5.351825 2.792773 0.037846
v -5.351266 2.363525 -0.734739
v -5.351269 2.365342 0.038850
v -5.326285 2.609994 -0.430481
v -5.326369 2.674536 -0.366242
v -5.331372 2.697296 -0.490601
v -5.326327 2.642210 -0.421930
v -5.326358 2.665834 -0.398417
v -5.326118 2.481308 -0.365788
v -5.326201 2.545548 -0.430330
v -5.331063 2.458026 -0.490067
v -5.326129 2.489859 -0.398003
v -5.326159 2.513373 -0.421627
v -5.326203 2.546369 -0.080614
v -5.326118 2.481827 -0.144854
v -5.335716 2.437469 -0.034932
v -5.326161 2.514153 -0.089165
v -5.326130 2.490530 -0.112679
v -5.326370 2.675055 -0.145308
v -5.326286 2.610816 -0.080766
v -5.336067 2.719990 -0.035677
v -5.326359 2.666504 -0.113092
v -5.326328 2.642991 -0.089468
v -5.462994 2.674359 -0.366242
v -5.462910 2.609817 -0.430481
v -5.462983 2.665656 -0.398417
v -5.462952 2.642032 -0.421930
v -5.462826 2.545370 -0.430330
v -5.462743 2.481131 -0.365788
v -5.462784 2.513195 -0.421627
v -5.462754 2.489682 -0.398003
v -5.462744 2.481650 -0.144854
v -5.462828 2.546191 -0.080614
v -5.462755 2.490352 -0.112678
v -5.462786 2.513976 -0.089165
v -5.462912 2.610638 -0.080766
v -5.462995 2.674877 -0.145308
v -5.462953 2.642813 -0.089468
v -5.462984 2.666326 -0.113092
v -5.284434 2.532441 -0.430299
v -5.284368 2.481332 -0.378949
v -5.280385 2.462818 -0.477827
v -5.284400 2.506842 -0.423375
v -5.284376 2.488135 -0.404580
v -5.284368 2.481913 -0.131693
v -5.284435 2.533263 -0.080583
v -5.276640 2.446641 -0.044238
v -5.284377 2.488836 -0.106094
v -5.284402 2.507632 -0.087387
v -5.284619 2.674559 -0.379403
v -5.284552 2.623209 -0.430512
v -5.280685 2.692678 -0.478344
v -5.284610 2.667636 -0.405001
v -5.284585 2.648840 -0.423709
v -5.284553 2.624031 -0.080797
v -5.284619 2.675140 -0.132147
v -5.276998 2.710911 -0.044924
v -5.284586 2.649630 -0.087720
v -5.284611 2.668337 -0.106516
v -5.171779 2.481478 -0.378948
v -5.171845 2.532588 -0.430299
v -5.171788 2.488281 -0.404579
v -5.171812 2.506989 -0.423375
v -5.171847 2.533409 -0.080583
v -5.171780 2.482059 -0.131693
v -5.171813 2.507778 -0.087386
v -5.171789 2.488983 -0.106094
v -5.171964 2.623356 -0.430512
v -5.172030 2.674706 -0.379402
v -5.171997 2.648987 -0.423709
v -5.172021 2.667782 -0.405001
v -5.172031 2.675287 -0.132147
v -5.171965 2.624177 -0.080796
v -5.172022 2.668483 -0.106516
v -5.171998 2.649776 -0.087720
v -5.479124 2.008751 -3.119898
v -5.475727 1.974712 -3.119915
v -5.465754 1.941991 -3.119930
v -5.449590 1.911843 -3.119944
v -5.427854 1.885429 -3.119956
v -5.401383 1.863763 -3.119966
v -5.371194 1.847677 -3.119974
v -5.338447 1.837789 -3.119978
v -5.304400 1.834481 -3.119980
v -5.270362 1.837878 -3.119978
v -5.237640 1.847850 -3.119974
v -5.207493 1.864015 -3.119966
v -5.181078 1.885750 -3.119956
v -5.159412 1.912221 -3.119944
v -5.143326 1.942410 -3.119929
v -5.133439 1.975158 -3.119914
v -5.130130 2.009204 -3.119898
v -5.133527 2.043243 -3.119882
v -5.143500 2.075964 -3.119867
v -5.159664 2.106111 -3.119853
v -5.181400 2.132526 -3.119841
v -5.207870 2.154192 -3.119831
v -5.238060 2.170278 -3.119823
v -5.270807 2.180165 -3.119818
v -5.304854 2.183474 -3.119817
v -5.338892 2.180077 -3.119818
v -5.371614 2.170104 -3.119823
v -5.401761 2.153940 -3.119831
v -5.428175 2.132204 -3.119841
v -5.449842 2.105734 -3.119853
v -5.465928 2.075544 -3.119867
v -5.475815 2.042797 -3.119882
v -5.436198 1.982676 -3.222053
v -5.438811 2.008850 -3.222041
v -5.428530 1.957514 -3.222065
v -5.416100 1.934331 -3.222076
v -5.399386 1.914019 -3.222085
v -5.379030 1.897358 -3.222093
v -5.355816 1.884989 -3.222099
v -5.330634 1.877385 -3.222102
v -5.304452 1.874842 -3.222104
v -5.278278 1.877454 -3.222102
v -5.253116 1.885122 -3.222099
v -5.229933 1.897552 -3.222093
v -5.209621 1.914266 -3.222085
v -5.192960 1.934622 -3.222076
v -5.180591 1.957837 -3.222065
v -5.172987 1.983018 -3.222053
v -5.170443 2.009200 -3.222041
v -5.173056 2.035374 -3.222029
v -5.180724 2.060536 -3.222017
v -5.193154 2.083719 -3.222006
v -5.209868 2.104031 -3.221996
v -5.230224 2.120692 -3.221989
v -5.253438 2.133062 -3.221983
v -5.278620 2.140665 -3.221979
v -5.304801 2.143209 -3.221978
v -5.330976 2.140597 -3.221979
v -5.356138 2.132928 -3.221983
v -5.379321 2.120498 -3.221989
v -5.399633 2.103783 -3.221997
v -5.416294 2.083428 -3.222006
v -5.428664 2.060213 -3.222017
v -5.436266 2.035032 -3.222029
v -5.512710 1.967419 -3.363005
v -5.516841 2.008815 -3.362986
v -5.505169 2.008837 -3.376534
v -5.501265 1.969718 -3.376552
v -5.500582 1.927625 -3.363024
v -5.489804 1.932112 -3.376569
v -5.480924 1.890962 -3.363041
v -5.471227 1.897466 -3.376586
v -5.454490 1.858837 -3.363056
v -5.446247 1.867108 -3.376600
v -5.422297 1.832487 -3.363069
v -5.415825 1.842208 -3.376612
v -5.385583 1.812925 -3.363078
v -5.381130 1.823721 -3.376620
v -5.345757 1.800900 -3.363083
v -5.343495 1.812358 -3.376626
v -5.304351 1.796877 -3.363085
v -5.304366 1.808555 -3.376627
v -5.262955 1.801008 -3.363083
v -5.265247 1.812460 -3.376626
v -5.223161 1.813136 -3.363077
v -5.227642 1.823921 -3.376620
v -5.186497 1.832795 -3.363069
v -5.192995 1.842498 -3.376612
v -5.154374 1.859228 -3.363056
v -5.162638 1.867477 -3.376600
v -5.128024 1.891420 -3.363041
v -5.137737 1.897899 -3.376585
v -5.108460 1.928135 -3.363024
v -5.119250 1.932595 -3.376569
v -5.096436 1.967961 -3.363005
v -5.107887 1.970230 -3.376552
v -5.092412 2.009367 -3.362986
v -5.104085 2.009358 -3.376533
v -5.096544 2.050763 -3.362967
v -5.107989 2.048477 -3.376515
v -5.108672 2.090557 -3.362948
v -5.119450 2.086082 -3.376497
v -5.128330 2.127221 -3.362931
v -5.138027 2.120730 -3.376482
v -5.154764 2.159345 -3.362916
v -5.163007 2.151087 -3.376467
v -5.186956 2.185694 -3.362903
v -5.193429 2.175987 -3.376455
v -5.223671 2.205257 -3.362894
v -5.228124 2.194474 -3.376447
v -5.263497 2.217282 -3.362888
v -5.265759 2.205837 -3.376441
v -5.304903 2.221306 -3.362887
v -5.304888 2.209639 -3.376440
v -5.346299 2.217174 -3.362888
v -5.344007 2.205735 -3.376441
v -5.386093 2.205046 -3.362894
v -5.381612 2.194274 -3.376447
v -5.422757 2.185388 -3.362904
v -5.416259 2.175697 -3.376456
v -5.454881 2.158954 -3.362916
v -5.446616 2.150718 -3.376467
v -5.481230 2.126761 -3.362931
v -5.471517 2.120296 -3.376482
v -5.500793 2.090047 -3.362948
v -5.490004 2.085600 -3.376498
v -5.512818 2.050221 -3.362967
v -5.501367 2.047965 -3.376515
v -5.445836 1.980818 -3.376547
v -5.448640 2.008910 -3.376534
v -5.438811 2.008918 -3.366752
v -5.436198 1.982744 -3.366764
v -5.437606 1.953813 -3.376559
v -5.428530 1.957582 -3.366776
v -5.424265 1.928933 -3.376571
v -5.416100 1.934399 -3.366786
v -5.406327 1.907133 -3.376581
v -5.399386 1.914087 -3.366796
v -5.384480 1.889251 -3.376589
v -5.379030 1.897426 -3.366804
v -5.359565 1.875975 -3.376596
v -5.355816 1.885056 -3.366810
v -5.332539 1.867815 -3.376600
v -5.330634 1.877453 -3.366813
v -5.304440 1.865084 -3.376601
v -5.304452 1.874909 -3.366814
v -5.276348 1.867888 -3.376600
v -5.278278 1.877521 -3.366813
v -5.249342 1.876118 -3.376595
v -5.253116 1.885190 -3.366810
v -5.224462 1.889459 -3.376589
v -5.229933 1.897620 -3.366804
v -5.202662 1.907397 -3.376581
v -5.209621 1.914334 -3.366796
v -5.184781 1.929244 -3.376571
v -5.192960 1.934689 -3.366786
v -5.171504 1.954159 -3.376559
v -5.180591 1.957904 -3.366776
v -5.163344 1.981186 -3.376547
v -5.172987 1.983086 -3.366764
v -5.160614 2.009285 -3.376534
v -5.170443 2.009267 -3.366752
v -5.163418 2.037377 -3.376520
v -5.173056 2.035442 -3.366739
v -5.171648 2.064382 -3.376508
v -5.180724 2.060604 -3.366727
v -5.184988 2.089263 -3.376496
v -5.193154 2.083787 -3.366716
v -5.202927 2.111063 -3.376486
v -5.209868 2.104099 -3.366707
v -5.224773 2.128944 -3.376478
v -5.230224 2.120759 -3.366699
v -5.249689 2.142220 -3.376472
v -5.253438 2.133130 -3.366693
v -5.276715 2.150380 -3.376468
v -5.278620 2.140732 -3.366690
v -5.304814 2.153111 -3.376466
v -5.304801 2.143277 -3.366689
v -5.332906 2.150307 -3.376468
v -5.330976 2.140665 -3.366690
v -5.359911 2.142076 -3.376472
v -5.356138 2.132996 -3.366693
v -5.384792 2.128736 -3.376478
v -5.379321 2.120566 -3.366699
v -5.406592 2.110798 -3.376486
v -5.399633 2.103852 -3.366707
v -5.424474 2.088951 -3.376496
v -5.416294 2.083497 -3.366717
v -5.437749 2.064036 -3.376508
v -5.428664 2.060281 -3.366728
v -5.445910 2.037009 -3.376521
v -5.436266 2.035100 -3.366740
v -5.234138 2.365605 -2.757801
v -5.305100 2.372500 -2.757798
v -5.640453 1.869192 -2.758033
v -5.606763 1.806358 -2.758063
v -5.102177 1.706672 -2.758110
v -5.047123 1.751973 -2.758089
v -4.948015 2.080225 -2.757935
v -4.968801 2.148424 -2.757903
v -5.102964 2.311470 -2.757827
v -5.165885 2.344996 -2.757811
v -5.640816 2.147549 -2.757903
v -5.661423 2.079296 -2.757935
v -5.443369 1.672620 -2.758125
v -5.375116 1.652012 -2.758135
v -5.561461 1.751304 -2.758089
v -5.506290 1.706146 -2.758110
v -5.001965 1.807145 -2.758063
v -4.968438 1.870066 -2.758033
v -5.668319 2.008335 -2.757968
v -5.556934 2.058736 -2.933352
v -5.561810 2.008556 -2.933376
v -5.486720 2.190510 -2.933290
v -5.518653 2.151495 -2.933309
v -5.355129 2.261067 -2.933258
v -5.403356 2.246369 -2.933264
v -5.206516 2.246625 -2.933264
v -5.254781 2.261197 -2.933258
v -5.090972 2.152052 -2.933309
v -5.123007 2.190983 -2.933290
v -5.047443 2.009225 -2.933375
v -5.052450 2.059392 -2.933352
v -5.090600 1.866285 -2.933442
v -5.066892 1.910779 -2.933421
v -5.205898 1.771411 -2.933486
v -5.161465 1.795236 -2.933475
v -5.354473 1.756583 -2.933494
v -5.304292 1.751706 -2.933496
v -5.486247 1.826797 -2.933461
v -5.447232 1.794864 -2.933475
v -5.444243 2.344635 -2.757811
v -5.507077 2.310944 -2.757827
v -5.254125 1.756713 -2.933494
v -5.122534 1.827270 -2.933460
v -4.947831 1.938319 -2.758001
v -5.402738 1.771155 -2.933487
v -4.940935 2.009281 -2.757968
v -5.518281 1.865729 -2.933442
v -5.376044 2.365420 -2.757801
v -5.556804 1.958388 -2.933399
v -5.542106 1.910161 -2.933422
v -5.661238 1.937391 -2.758002
v -5.607289 2.210471 -2.757874
v -5.304154 1.645116 -2.758138
v -5.542362 2.107001 -2.933329
v -5.447789 2.222544 -2.933275
v -5.304962 2.266073 -2.933255
v -5.162022 2.222916 -2.933275
v -5.067148 2.107619 -2.933329
v -5.052320 1.959044 -2.933399
v -5.543821 2.008579 -2.933376
v -5.539164 1.961921 -2.933397
v -5.525494 1.917067 -2.933418
v -5.503336 1.875742 -2.933437
v -5.473543 1.839534 -2.933455
v -5.437257 1.809835 -2.933468
v -5.395875 1.787785 -2.933479
v -5.350986 1.774231 -2.933486
v -5.304316 1.769696 -2.933487
v -5.257658 1.774353 -2.933485
v -5.212804 1.788023 -2.933479
v -5.171479 1.810181 -2.933468
v -5.135271 1.839975 -2.933454
v -5.105572 1.876260 -2.933437
v -5.083521 1.917642 -2.933418
v -5.069968 1.962531 -2.933397
v -5.065433 2.009201 -2.933375
v -5.070090 2.055859 -2.933353
v -5.083760 2.100713 -2.933332
v -5.105917 2.142038 -2.933313
v -5.135711 2.178246 -2.933296
v -5.171997 2.207946 -2.933282
v -5.213379 2.229995 -2.933272
v -5.258268 2.243548 -2.933266
v -5.304938 2.248084 -2.933264
v -5.351597 2.243427 -2.933266
v -5.396450 2.229757 -2.933272
v -5.437775 2.207599 -2.933282
v -5.473983 2.177806 -2.933296
v -5.503682 2.141520 -2.933313
v -5.525733 2.100138 -2.933333
v -5.539286 2.055249 -2.933354
v -5.233210 1.652197 -2.758135
v -5.047792 2.266311 -2.757848
v -5.002491 2.211258 -2.757874
v -5.562131 2.265642 -2.757848
v -5.165011 1.672982 -2.758125
v -5.531172 2.008682 -3.119898
v -5.526761 1.964492 -3.119919
v -5.539164 1.962002 -3.107332
v -5.543821 2.008660 -3.107310
v -5.513814 1.922010 -3.119939
v -5.525494 1.917148 -3.107352
v -5.492828 1.882871 -3.119957
v -5.503336 1.875824 -3.107372
v -5.464610 1.848578 -3.119973
v -5.473543 1.839616 -3.107388
v -5.430243 1.820449 -3.119986
v -5.437257 1.809916 -3.107403
v -5.391049 1.799565 -3.119996
v -5.395875 1.787866 -3.107413
v -5.348535 1.786728 -3.120002
v -5.350986 1.774313 -3.107419
v -5.304332 1.782432 -3.120004
v -5.304316 1.769778 -3.107421
v -5.260141 1.786843 -3.120002
v -5.257658 1.774434 -3.107419
v -5.217660 1.799790 -3.119996
v -5.212804 1.788104 -3.107413
v -5.178520 1.820776 -3.119986
v -5.171479 1.810262 -3.107402
v -5.144228 1.848994 -3.119973
v -5.135271 1.840056 -3.107388
v -5.116098 1.883361 -3.119957
v -5.105572 1.876341 -3.107371
v -5.095214 1.922555 -3.119938
v -5.083521 1.917724 -3.107352
v -5.082378 1.965070 -3.119919
v -5.069968 1.962613 -3.107331
v -5.078082 2.009272 -3.119898
v -5.065433 2.009282 -3.107309
v -5.082493 2.053463 -3.119877
v -5.070090 2.055941 -3.107287
v -5.095440 2.095945 -3.119858
v -5.083760 2.100794 -3.107267
v -5.116426 2.135084 -3.119839
v -5.105917 2.142119 -3.107247
v -5.144644 2.169377 -3.119823
v -5.135711 2.178327 -3.107230
v -5.179010 2.197506 -3.119810
v -5.171997 2.208027 -3.107216
v -5.218204 2.218390 -3.119800
v -5.213379 2.230077 -3.107206
v -5.260719 2.231226 -3.119794
v -5.258268 2.243630 -3.107200
v -5.304922 2.235522 -3.119792
v -5.304938 2.248165 -3.107198
v -5.349113 2.231111 -3.119794
v -5.351597 2.243509 -3.107200
v -5.391594 2.218164 -3.119800
v -5.396450 2.229839 -3.107206
v -5.430734 2.197179 -3.119810
v -5.437775 2.207680 -3.107217
v -5.465027 2.168960 -3.119823
v -5.473983 2.177887 -3.107231
v -5.493156 2.134594 -3.119839
v -5.503682 2.141601 -3.107247
v -5.514040 2.095400 -3.119858
v -5.525733 2.100219 -3.107267
v -5.526876 2.052884 -3.119878
v -5.539286 2.055330 -3.107288
v -5.234138 2.365596 -2.739559
v -5.305100 2.372491 -2.739555
v -5.640453 1.869184 -2.739791
v -5.606763 1.806350 -2.739820
v -5.102177 1.706664 -2.739867
v -5.047123 1.751965 -2.739845
v -4.948015 2.080216 -2.739692
v -4.968801 2.148415 -2.739660
v -5.102964 2.311462 -2.739584
v -5.165885 2.344988 -2.739568
v -5.640816 2.147541 -2.739661
v -5.661423 2.079288 -2.739692
v -5.443369 1.672611 -2.739882
v -5.375116 1.652004 -2.739892
v -5.561461 1.751296 -2.739846
v -5.506290 1.706138 -2.739867
v -5.001965 1.807136 -2.739820
v -4.968438 1.870057 -2.739790
v -5.668319 2.008327 -2.739725
v -5.444243 2.344626 -2.739568
v -5.507077 2.310935 -2.739584
v -4.947831 1.938311 -2.739758
v -4.940935 2.009272 -2.739725
v -5.376044 2.365411 -2.739559
v -5.661238 1.937383 -2.739759
v -5.607289 2.210462 -2.739631
v -5.304154 1.645108 -2.739895
v -5.233210 1.652188 -2.739892
v -5.047792 2.266303 -2.739605
v -5.002491 2.211249 -2.739631
v -5.562131 2.265634 -2.739605
v -5.165011 1.672973 -2.739882
v -4.968442 2.270191 -2.704663
v -5.050373 2.351909 -2.704625
v -5.559772 2.351247 -2.704625
v -5.641491 2.269315 -2.704664
v -5.153546 2.404310 -2.704601
v -5.267863 2.422264 -2.704592
v -5.693892 2.166142 -2.704712
v -4.888146 2.171151 -1.559804
v -4.868599 2.048765 -1.559862
v -4.868599 2.049301 -2.704767
v -4.888146 2.171686 -2.704710
v -4.944556 2.281506 -1.559752
v -4.944556 2.282041 -2.704658
v -5.032306 2.369028 -1.559712
v -5.032306 2.369564 -2.704617
v -5.142807 2.425150 -1.559685
v -5.142807 2.425686 -2.704591
v -5.265244 2.444379 -1.559676
v -5.265244 2.444915 -2.704582
v -5.265244 2.444915 -2.704582
v -5.721530 2.170602 -2.704710
v -5.740758 2.048167 -2.704767
v -5.740758 2.047631 -1.559862
v -5.721530 2.170067 -1.559805
v -5.665408 2.281104 -2.704658
v -5.665408 2.280568 -1.559753
v -5.577885 2.368854 -2.704617
v -5.577885 2.368318 -1.559712
v -5.467530 2.425264 -2.704591
v -5.467530 2.424728 -1.559685
v -5.345145 2.444811 -2.704582
v -5.345145 2.444811 -2.704582
v -5.345144 2.444276 -1.559676
v -5.345145 2.444734 -2.541024
v -4.915772 2.167154 -2.704711
v -5.711845 2.051825 -2.704765
v -4.897522 2.052884 -2.704765
v -5.740212 1.627812 -2.704964
v -5.740212 1.627812 -2.704964
v -5.568938 1.456984 -2.705044
v -5.568938 1.456984 -2.705044
v -5.568938 1.456525 -1.723696
v -5.568938 1.456448 -1.560138
v -5.568938 1.456448 -1.560138
v -5.740211 1.627277 -1.560058
v -5.740211 1.627277 -1.560058
v -5.740212 1.627736 -2.541406
v -5.740212 1.627736 -2.541406
v -5.740212 1.627736 -2.541406
v -5.038881 1.457673 -2.705044
v -5.038881 1.457673 -2.705044
v -4.868052 1.628947 -2.704963
v -4.868052 1.628947 -2.704963
v -4.868052 1.628488 -1.723616
v -4.868052 1.628488 -1.723616
v -4.868052 1.628488 -1.723616
v -4.868052 1.628411 -1.560058
v -4.868052 1.628411 -1.560058
v -5.038881 1.457137 -1.560138
v -5.038881 1.457137 -1.560138
v -5.038881 1.457596 -2.541486
v -5.456736 2.403916 -2.704601
v -5.342466 2.422167 -2.704592
v -5.711335 1.659346 -2.704949
v -5.711335 1.659346 -2.704949
v -5.551419 1.499846 -2.705023
v -5.551419 1.499846 -2.705023
v -5.056512 1.500489 -2.705023
v -5.056512 1.500489 -2.705023
v -4.897011 1.660405 -2.704949
v -4.897011 1.660405 -2.704949
v -4.968442 2.270208 -2.741498
v -5.050373 2.351926 -2.741460
v -5.559772 2.351264 -2.741460
v -5.641491 2.269333 -2.741498
v -5.153546 2.404327 -2.741436
v -5.267863 2.422281 -2.741427
v -5.693892 2.166159 -2.741547
v -4.915772 2.167171 -2.741546
v -5.711845 2.051842 -2.741600
v -4.897522 2.052902 -2.741600
v -5.456736 2.403933 -2.741436
v -5.342466 2.422184 -2.741427
v -5.711335 1.659364 -2.741784
v -5.711335 1.659364 -2.741784
v -5.551419 1.499863 -2.741858
v -5.551419 1.499863 -2.741858
v -5.056512 1.500507 -2.741858
v -5.056512 1.500507 -2.741858
v -4.897011 1.660423 -2.741784
v -4.897011 1.660423 -2.741784
v -4.812363 2.183584 -1.559798
v -4.789260 2.038935 -1.559866
v -4.879034 2.314013 -1.559737
v -4.982747 2.417456 -1.559689
v -5.113349 2.483788 -1.559658
v -5.258057 2.506515 -1.559647
v -5.820071 2.037595 -1.559867
v -5.820071 2.037595 -1.559867
v -5.820071 2.037595 -1.559867
v -5.797345 2.182303 -1.559799
v -5.731013 2.312905 -1.559738
v -5.627570 2.416617 -1.559689
v -5.497141 2.483288 -1.559658
v -5.352492 2.506392 -1.559647
v -5.616995 1.338872 -1.560193
v -5.616995 1.338872 -1.560193
v -5.819425 1.540775 -1.560099
v -5.819425 1.540775 -1.560099
v -5.819425 1.540775 -1.560099
v -4.788614 1.542116 -1.560098
v -4.788614 1.542116 -1.560098
v -4.990518 1.339687 -1.560193
v -4.990518 1.339687 -1.560193
v -4.812363 2.183084 -0.492676
v -4.789260 2.038436 -0.492744
v -4.879034 2.313514 -0.492615
v -4.982747 2.416957 -0.492567
v -5.113349 2.483288 -0.492536
v -5.258057 2.506015 -0.492525
v -5.820071 2.037096 -0.492745
v -5.820071 2.037096 -0.492745
v -5.820071 2.037096 -0.492745
v -5.797345 2.181804 -0.492677
v -5.731013 2.312406 -0.492616
v -5.627570 2.416119 -0.492567
v -5.497141 2.482790 -0.492536
v -5.352492 2.505893 -0.492525
v -5.616995 1.338373 -0.493071
v -5.616995 1.338373 -0.493071
v -5.819425 1.540276 -0.492977
v -5.819425 1.540276 -0.492977
v -5.819425 1.540276 -0.492977
v -4.788614 1.541617 -0.492976
v -4.788614 1.541617 -0.492976
v -4.990518 1.339188 -0.493071
v -4.990518 1.339188 -0.493071
v -5.530280 0.169361 -0.058033
v -5.530280 0.169361 -0.058033
v -5.624782 0.194757 0.032963
v -4.999128 0.388786 0.721953
v -4.999128 0.388786 0.721953
v -5.605914 0.387996 0.721953
v -5.605914 0.387996 0.721953
v -5.659647 0.415221 0.819283
v -5.659647 0.415221 0.819283
v -5.659405 0.229571 0.157266
v -5.203226 0.160447 -0.091340
v -5.401222 0.160189 -0.091340
v -5.396379 1.476585 -0.730761
v -5.379516 1.480350 -0.726539
v -5.413251 1.480322 -0.760275
v -5.379516 1.480695 -1.463162
v -5.396379 1.476859 -1.457779
v -5.413252 1.480636 -1.429426
v -5.228365 1.480547 -0.726539
v -5.211493 1.476684 -0.730771
v -5.194630 1.480607 -0.760275
v -5.211493 1.476985 -1.457696
v -5.228366 1.480892 -1.463161
v -5.194630 1.480920 -1.429426
v -5.194517 1.393496 -0.855170
v -5.194554 1.422479 -0.789844
v -5.199055 1.407992 -0.805687
v -5.199055 1.407992 -0.805687
v -5.211388 1.397414 -0.817381
v -5.228250 1.393576 -0.821793
v -5.228251 1.393820 -1.341774
v -5.211389 1.397700 -1.347274
v -5.199055 1.408399 -1.362231
v -5.199055 1.408399 -1.362231
v -5.194555 1.423048 -1.382637
v -5.194517 1.393708 -1.308110
v -5.413139 1.394330 -1.307649
v -5.413177 1.422819 -1.381560
v -5.408638 1.408569 -1.361482
v -5.408638 1.408569 -1.361482
v -5.396277 1.398112 -1.346803
v -5.379405 1.394249 -1.341456
v -5.379406 1.394007 -0.823404
v -5.396278 1.397798 -0.819362
v -5.408638 1.408060 -0.807960
v -5.408638 1.408060 -0.807960
v -5.413176 1.422041 -0.792253
v -5.413139 1.394119 -0.857499
v -5.210805 0.948316 -0.750063
v -5.395691 0.948119 -0.750055
v -5.395624 0.896036 -0.802198
v -5.408141 1.025822 -1.335972
v -5.407962 0.888451 -1.198938
v -5.210738 0.896241 -0.802196
v -5.210887 1.012362 -0.831486
v -5.198600 1.058266 -1.277076
v -5.395779 1.014558 -0.833400
v -5.395730 0.976782 -0.871202
v -5.408045 0.951894 -0.916465
v -5.408185 1.060264 -1.276763
v -5.395730 0.976892 -1.214500
v -5.408045 0.951934 -1.168326
v -5.198558 1.025815 -1.335692
v -5.198380 0.888571 -1.198667
v -5.362021 1.366796 -0.989697
v -5.362021 1.366796 -0.989697
v -5.245564 1.366947 -0.989697
v -5.245564 1.366947 -0.989697
v -5.245564 1.367001 -1.104546
v -5.245564 1.367001 -1.104546
v -5.362021 1.366849 -1.104546
v -5.362021 1.366849 -1.104546
v -5.361954 1.314822 -0.995459
v -5.361683 1.106979 -1.125916
v -5.361616 1.055012 -1.145389
v -5.361616 1.055012 -1.145389
v -5.361616 1.054991 -1.099802
v -5.361616 1.054991 -1.099802
v -5.245159 1.055142 -1.099802
v -5.245159 1.055142 -1.099802
v -5.245159 1.055163 -1.145389
v -5.245159 1.055163 -1.145389
v -5.245226 1.107104 -1.069836
v -5.245497 1.315022 -1.098687
v -5.361683 1.106953 -1.069836
v -5.361751 1.158914 -1.037965
v -5.361819 1.210878 -1.013255
v -5.361887 1.262849 -1.000777
v -5.361954 1.314870 -1.098688
v -5.361887 1.262892 -1.093118
v -5.361819 1.210916 -1.094351
v -5.361751 1.158946 -1.106732
v -5.245497 1.314973 -0.995459
v -5.245429 1.263000 -1.000777
v -5.245361 1.211030 -1.013255
v -5.245294 1.159065 -1.037965
v -5.245226 1.107131 -1.125916
v -5.245294 1.159098 -1.106731
v -5.245361 1.211068 -1.094351
v -5.245429 1.263043 -1.093117
v -5.391413 1.338985 -1.175943
v -5.391413 1.338985 -1.175943
v -5.216101 1.339213 -1.175943
v -5.216101 1.339213 -1.175943
v -5.391413 1.338846 -0.877322
v -5.391413 1.338846 -0.877322
v -5.216101 1.339074 -0.877322
v -5.216101 1.339074 -0.877322
v -5.391558 1.450774 -1.175891
v -5.391558 1.450774 -1.175891
v -5.216246 1.451002 -1.175890
v -5.216246 1.451002 -1.175890
v -5.391558 1.450634 -0.877269
v -5.391558 1.450634 -0.877269
v -5.216246 1.450863 -0.877269
v -5.216246 1.450863 -0.877269
v -5.056025 2.143109 -0.492695
v -5.044354 2.070042 -0.492729
v -5.089703 2.208994 -0.492664
v -5.142093 2.261248 -0.492640
v -5.208065 2.294755 -0.492624
v -5.281163 2.306235 -0.492619
v -5.565060 2.069365 -0.492729
v -5.553580 2.142462 -0.492695
v -5.520073 2.208435 -0.492664
v -5.467820 2.260824 -0.492640
v -5.401934 2.294502 -0.492624
v -5.328866 2.306172 -0.492619
v -5.462478 1.716410 -0.492894
v -5.462478 1.716410 -0.492894
v -5.564734 1.818400 -0.492847
v -5.564734 1.818400 -0.492847
v -5.044028 1.819077 -0.492847
v -5.044028 1.819077 -0.492847
v -5.146018 1.716822 -0.492894
v -5.146018 1.716822 -0.492894
v -5.056025 2.142071 1.726209
v -5.044354 2.069004 1.726174
v -5.089703 2.207956 1.726239
v -5.142092 2.260211 1.726264
v -5.208065 2.293717 1.726279
v -5.281163 2.305197 1.726285
v -5.565060 2.068326 1.726174
v -5.553580 2.141424 1.726208
v -5.520073 2.207397 1.726239
v -5.467819 2.259787 1.726264
v -5.401934 2.293465 1.726279
v -5.328866 2.305135 1.726285
v -5.462478 1.715372 1.726009
v -5.462478 1.715372 1.726009
v -5.564734 1.817362 1.726057
v -5.564734 1.817362 1.726057
v -5.044028 1.818039 1.726057
v -5.044028 1.818039 1.726057
v -5.146018 1.715784 1.726009
v -5.146018 1.715784 1.726009
v -5.035993 2.237249 0.083251
v -5.001365 2.108790 0.127653
v -4.945225 0.230500 0.157267
v -4.979757 0.195597 0.032963
v -5.074193 0.169955 -0.058032
v -5.074193 0.169955 -0.058032
v -5.130262 2.331198 0.050747
v -5.035990 2.235421 -0.694698
v -5.130260 2.329378 -0.724010
v -5.258915 2.365463 0.038850
v -5.258915 2.365463 0.038850
v -5.258912 2.363646 -0.734738
v -5.258912 2.363646 -0.734738
v -4.945467 0.416150 0.819284
v -4.945467 0.416150 0.819284
v -5.608151 2.108001 0.127652
v -5.573857 2.236549 0.083251
v -5.573857 2.236549 0.083251
v -5.573855 2.234722 -0.694698
v -5.573855 2.234722 -0.694698
v -5.479830 2.328923 -0.724010
v -5.479832 2.330743 0.050747
v -5.351266 2.363525 -0.734739
v -5.351266 2.363525 -0.734739
v -5.351266 2.363525 -0.734739
v -5.351269 2.365342 0.038850
v -5.351269 2.365342 0.038850
v -5.351269 2.365342 0.038850
v -5.108497 0.179612 -0.023438
v -5.108497 0.179612 -0.023438
v -5.218127 0.171534 -0.051736
v -5.035990 2.235421 -0.694698
v -5.018676 2.171258 -0.643929
v -5.018676 2.171258 -0.643929
v -5.028262 0.201397 0.053875
v -4.998923 0.231052 0.159487
v -5.576292 0.200684 0.053875
v -5.605709 0.230263 0.159486
v -5.496001 0.179108 -0.023438
v -5.496001 0.179108 -0.023438
v -5.591002 2.170514 -0.643930
v -5.591002 2.170514 -0.643930
v -5.386350 0.171315 -0.051736
v -5.573855 2.234722 -0.694698
v -5.530099 0.030294 -0.019034
v -5.530099 0.030294 -0.019034
v -5.624600 0.055689 0.071962
v -5.659465 0.276153 0.858283
v -5.659465 0.276153 0.858283
v -5.659224 0.090502 0.196266
v -5.203045 0.021379 -0.052341
v -5.401042 0.021121 -0.052341
v -4.945045 0.091431 0.196266
v -4.979577 0.056528 0.071962
v -5.074011 0.030887 -0.019034
v -5.074011 0.030887 -0.019034
v -4.945286 0.277082 0.858283
v -4.945286 0.277082 0.858283
v -5.259468 2.791075 -0.735743
v -5.259468 2.791075 -0.735743
v -5.259471 2.792893 0.037846
v -5.259471 2.792893 0.037846
v -5.351825 2.792773 0.037846
v -5.351825 2.792773 0.037846
v -5.351825 2.792773 0.037846
v -5.351822 2.790955 -0.735743
v -5.351822 2.790955 -0.735743
v -5.351822 2.790955 -0.735743
v -5.019463 2.928066 0.636224
v -5.385720 3.611146 0.636544
v -4.968232 2.156474 1.725105
v -4.952442 2.057616 1.725058
v -5.013797 2.245616 1.725146
v -5.084679 2.316314 1.725180
v -5.173938 2.361648 1.725201
v -5.272838 2.377179 1.725208
v -5.656942 2.056700 1.725058
v -5.641410 2.155600 1.725104
v -5.596076 2.244860 1.725146
v -5.525379 2.315741 1.725180
v -5.436238 2.361306 1.725201
v -5.337379 2.377096 1.725208
v -5.518152 1.579163 1.724835
v -5.518152 1.579163 1.724835
v -5.656501 1.717153 1.724900
v -5.656501 1.717153 1.724900
v -4.952001 1.718069 1.724900
v -4.952001 1.718069 1.724900
v -5.089990 1.579720 1.724835
v -5.089990 1.579720 1.724835
v -4.971603 2.055865 2.191950
v -4.986676 2.150236 2.191994
v -4.973174 2.154649 2.177968
v -5.029479 2.233973 2.192034
v -5.017999 2.242343 2.178010
v -5.096063 2.300384 2.192065
v -5.622950 2.149410 2.191994
v -5.637777 2.054998 2.191950
v -5.580364 2.233257 2.192034
v -5.513954 2.299841 2.192065
v -5.637347 1.724897 2.191796
v -5.637347 1.724897 2.191796
v -5.510239 1.598118 2.191737
v -5.510239 1.598118 2.191737
v -5.516031 1.584088 2.177702
v -5.516031 1.584088 2.177702
v -5.516031 1.584088 2.177702
v -5.651368 1.719074 2.177765
v -5.651368 1.719074 2.177765
v -5.518151 1.578960 2.158536
v -5.656500 1.716950 2.158600
v -5.097952 1.598654 2.191737
v -5.097952 1.598654 2.191737
v -4.971174 1.725763 2.191796
v -4.971174 1.725763 2.191796
v -4.957138 1.719977 2.177765
v -4.957138 1.719977 2.177765
v -5.092124 1.584640 2.177702
v -5.092124 1.584640 2.177702
v -5.092124 1.584640 2.177702
v -4.952000 1.717866 2.158600
v -5.089990 1.579517 2.158536
v -5.820071 2.037595 -1.559867
v -5.820071 2.037595 -1.559867
v -5.819425 1.540775 -1.560099
v -5.819425 1.540775 -1.560099
v -5.820071 2.037096 -0.492745
v -5.820071 2.037096 -0.492745
v -5.819425 1.540276 -0.492977
v -5.819425 1.540276 -0.492977
v -4.868599 2.048842 -1.723419
v -4.868599 2.048842 -1.723419
v -4.868599 2.048918 -1.886977
v -4.868599 2.048918 -1.886977
v -4.868599 2.048995 -2.050535
v -4.868599 2.048995 -2.050535
v -4.868599 2.049072 -2.214093
v -4.868599 2.049072 -2.214093
v -4.868599 2.049148 -2.377651
v -4.868599 2.049148 -2.377651
v -4.868599 2.049225 -2.541209
v -4.868599 2.049225 -2.541209
v -5.265244 2.444839 -2.541024
v -5.265244 2.444762 -2.377466
v -5.265244 2.444762 -2.377466
v -5.740758 2.048090 -2.541209
v -5.740758 2.048090 -2.541209
v -5.740758 2.048013 -2.377651
v -5.740758 2.048013 -2.377651
v -5.740758 2.047937 -2.214094
v -5.740758 2.047937 -2.214094
v -5.740758 2.047860 -2.050536
v -5.740758 2.047860 -2.050536
v -5.740758 2.047784 -1.886978
v -5.740758 2.047784 -1.886978
v -5.740758 2.047707 -1.723420
v -5.740758 2.047707 -1.723420
v -5.345145 2.444658 -2.377466
v -5.345145 2.444658 -2.377466
v -5.568938 1.456907 -2.541486
v -5.568938 1.456831 -2.377928
v -5.568938 1.456754 -2.214370
v -5.568938 1.456678 -2.050812
v -5.568938 1.456601 -1.887254
v -5.740211 1.627353 -1.723616
v -5.740211 1.627353 -1.723616
v -5.740211 1.627353 -1.723616
v -5.740212 1.627430 -1.887174
v -5.740212 1.627430 -1.887174
v -5.740212 1.627430 -1.887174
v -5.740212 1.627506 -2.050732
v -5.740212 1.627506 -2.050732
v -5.740212 1.627506 -2.050732
v -5.740212 1.627583 -2.214290
v -5.740212 1.627583 -2.214290
v -5.740212 1.627583 -2.214290
v -5.740212 1.627659 -2.377848
v -5.740212 1.627659 -2.377848
v -5.740212 1.627659 -2.377848
v -4.868052 1.628870 -2.541406
v -4.868052 1.628870 -2.541406
v -4.868052 1.628870 -2.541406
v -4.868052 1.628794 -2.377848
v -4.868052 1.628794 -2.377848
v -4.868052 1.628794 -2.377848
v -4.868052 1.628717 -2.214290
v -4.868052 1.628717 -2.214290
v -4.868052 1.628717 -2.214290
v -4.868052 1.628641 -2.050732
v -4.868052 1.628641 -2.050732
v -4.868052 1.628641 -2.050732
v -4.868052 1.628564 -1.887174
v -4.868052 1.628564 -1.887174
v -4.868052 1.628564 -1.887174
v -5.038881 1.457214 -1.723696
v -5.038881 1.457290 -1.887254
v -5.038881 1.457367 -2.050812
v -5.038881 1.457443 -2.214370
v -5.038881 1.457520 -2.377928
v -5.345429 2.505861 -2.444927
v -5.667123 2.048186 -2.541209
v -5.667123 2.048186 -2.541209
v -5.667123 2.048109 -2.377651
v -5.667123 2.048109 -2.377651
v -5.667123 2.048033 -2.214094
v -5.667123 2.048033 -2.214094
v -5.667123 2.047956 -2.050536
v -5.667123 2.047956 -2.050536
v -5.667123 2.047880 -1.886978
v -5.667123 2.047880 -1.886978
v -5.667123 2.047803 -1.723420
v -5.667123 2.047803 -1.723420
v -5.666576 1.627449 -1.723616
v -5.666576 1.627449 -1.723616
v -5.666576 1.627525 -1.887174
v -5.666576 1.627525 -1.887174
v -5.666576 1.627602 -2.050732
v -5.666576 1.627602 -2.050732
v -5.666576 1.627679 -2.214290
v -5.666576 1.627679 -2.214290
v -5.666576 1.627755 -2.377848
v -5.666576 1.627755 -2.377848
v -5.666576 1.627831 -2.541406
v -5.666576 1.627831 -2.541406
v -4.950621 2.048735 -1.723419
v -4.950621 2.048735 -1.723419
v -4.950621 2.048812 -1.886977
v -4.950621 2.048812 -1.886977
v -4.950621 2.048888 -2.050535
v -4.950621 2.048888 -2.050535
v -4.950621 2.048965 -2.214093
v -4.950621 2.048965 -2.214093
v -4.950621 2.049042 -2.377651
v -4.950621 2.049042 -2.377651
v -4.950621 2.049118 -2.541209
v -4.950621 2.049118 -2.541209
v -4.950074 1.628763 -2.541406
v -4.950074 1.628763 -2.541406
v -4.950074 1.628687 -2.377848
v -4.950074 1.628687 -2.377848
v -4.950074 1.628611 -2.214290
v -4.950074 1.628611 -2.214290
v -4.950074 1.628534 -2.050732
v -4.950074 1.628534 -2.050732
v -4.950074 1.628458 -1.887174
v -4.950074 1.628458 -1.887174
v -4.950074 1.628381 -1.723616
v -4.950074 1.628381 -1.723616
v -5.265528 2.610163 -2.570912
v -5.265528 2.505941 -2.444861
v -5.345429 2.610083 -2.570978
v -5.265466 2.646274 -2.686589
v -5.265466 2.646274 -2.686589
v -5.265405 2.598036 -2.700253
v -5.345306 2.597954 -2.700290
v -5.345367 2.646193 -2.686642
v -5.345367 2.646193 -2.686642
v -5.265512 2.661712 -2.652551
v -5.265512 2.661712 -2.652551
v -5.345412 2.661632 -2.652614
v -5.345412 2.661632 -2.652614
v -5.265528 2.640216 -2.607258
v -5.345429 2.640135 -2.607325
v -5.351822 2.790955 -0.735743
v -5.351822 2.790955 -0.735743
v -5.351266 2.363525 -0.734739
v -5.351266 2.363525 -0.734739
v -5.351269 2.365342 0.038850
v -5.351269 2.365342 0.038850
v -5.351825 2.792773 0.037846
v -5.351825 2.792773 0.037846
v -5.326285 2.609994 -0.430481
v -5.326327 2.642210 -0.421930
v -5.326327 2.642210 -0.421930
v -5.326358 2.665834 -0.398417
v -5.326369 2.674536 -0.366242
v -5.326118 2.481308 -0.365788
v -5.326129 2.489859 -0.398003
v -5.326159 2.513373 -0.421627
v -5.326201 2.545548 -0.430330
v -5.326203 2.546369 -0.080614
v -5.326161 2.514153 -0.089165
v -5.326161 2.514153 -0.089165
v -5.326130 2.490530 -0.112679
v -5.326130 2.490530 -0.112679
v -5.326118 2.481827 -0.144854
v -5.326370 2.675055 -0.145308
v -5.326359 2.666504 -0.113092
v -5.326328 2.642991 -0.089468
v -5.326328 2.642991 -0.089468
v -5.326286 2.610816 -0.080766
v -5.462828 2.546191 -0.080614
v -5.462786 2.513976 -0.089165
v -5.462786 2.513976 -0.089165
v -5.462755 2.490352 -0.112678
v -5.462755 2.490352 -0.112678
v -5.462744 2.481650 -0.144854
v -5.462784 2.513195 -0.421627
v -5.462826 2.545370 -0.430330
v -5.462754 2.489682 -0.398003
v -5.462743 2.481131 -0.365788
v -5.462995 2.674877 -0.145308
v -5.462984 2.666326 -0.113092
v -5.462953 2.642813 -0.089468
v -5.462953 2.642813 -0.089468
v -5.462912 2.610638 -0.080766
v -5.462910 2.609817 -0.430481
v -5.462952 2.642032 -0.421930
v -5.462952 2.642032 -0.421930
v -5.462983 2.665656 -0.398417
v -5.462994 2.674359 -0.366242
v -5.284434 2.532441 -0.430299
v -5.284400 2.506842 -0.423375
v -5.284400 2.506842 -0.423375
v -5.284376 2.488135 -0.404580
v -5.284368 2.481332 -0.378949
v -5.284368 2.481913 -0.131693
v -5.284377 2.488836 -0.106094
v -5.284402 2.507632 -0.087387
v -5.284402 2.507632 -0.087387
v -5.284435 2.533263 -0.080583
v -5.284619 2.674559 -0.379403
v -5.284610 2.667636 -0.405001
v -5.284610 2.667636 -0.405001
v -5.284585 2.648840 -0.423709
v -5.284552 2.623209 -0.430512
v -5.284553 2.624031 -0.080797
v -5.284586 2.649630 -0.087720
v -5.284586 2.649630 -0.087720
v -5.284611 2.668337 -0.106516
v -5.284619 2.675140 -0.132147
v -5.172030 2.674706 -0.379402
v -5.172021 2.667782 -0.405001
v -5.172021 2.667782 -0.405001
v -5.171997 2.648987 -0.423709
v -5.171964 2.623356 -0.430512
v -5.171788 2.488281 -0.404579
v -5.171779 2.481478 -0.378948
v -5.171812 2.506989 -0.423375
v -5.171812 2.506989 -0.423375
v -5.171845 2.532588 -0.430299
v -5.171813 2.507778 -0.087386
v -5.171813 2.507778 -0.087386
v -5.171847 2.533409 -0.080583
v -5.171789 2.488983 -0.106094
v -5.171780 2.482059 -0.131693
v -5.172022 2.668483 -0.106516
v -5.172031 2.675287 -0.132147
v -5.171998 2.649776 -0.087720
v -5.171998 2.649776 -0.087720
v -5.171965 2.624177 -0.080796
vn -0.9694 0.1914 0.1534
vn -0.9882 -0.0014 0.1533
vn -0.9694 0.1915 0.1534
vn 0.9805 0.1964 0.0001
vn 0.9234 0.3839 0.0002
vn 0.7062 0.7080 0.0003
vn 0.8307 0.5567 0.0003
vn 0.5545 0.8322 0.0004
vn 0.3815 0.9244 0.0004
vn 0.1938 0.9810 0.0005
vn -0.0013 1.0000 0.0005
vn -0.1964 0.9805 0.0005
vn -0.3839 0.9234 0.0004
vn -0.5567 0.8307 0.0004
vn -0.7080 0.7062 0.0003
vn -0.8322 0.5545 0.0003
vn -0.9244 0.3815 0.0002
vn -0.9810 0.1938 0.0001
vn -1.0000 -0.0013 -0.0000
vn -0.9805 -0.1964 -0.0001
vn -0.9234 -0.3839 -0.0002
vn -0.8307 -0.5566 -0.0003
vn -0.7062 -0.7080 -0.0003
vn -0.5545 -0.8322 -0.0004
vn -0.3815 -0.9244 -0.0004
vn -0.1938 -0.9810 -0.0005
vn 0.0013 -1.0000 -0.0005
vn 0.1964 -0.9805 -0.0005
vn 0.3839 -0.9234 -0.0004
vn 0.5567 -0.8307 -0.0004
vn 0.7080 -0.7062 -0.0003
vn 0.8322 -0.5545 -0.0003
vn 0.9244 -0.3815 -0.0002
vn 0.9810 -0.1938 -0.0001
vn 0.9882 0.0012 0.1533
vn 0.9689 0.1940 0.1534
vn 0.8307 0.5566 0.0003
vn -0.0000 0.0005 -1.0000
vn -0.1940 0.9689 0.1538
vn -0.3793 0.9124 0.1538
vn -0.8209 -0.5501 0.1531
vn -0.6978 -0.6997 0.1530
vn 0.6997 -0.6979 0.1530
vn 0.8224 -0.5480 0.1531
vn 0.5479 0.8223 0.1537
vn 0.3770 0.9134 0.1538
vn -0.9134 0.3769 0.1535
vn 0.0013 -0.9882 0.1529
vn 0.1940 -0.9690 0.1529
vn 0.9125 0.3793 0.1535
vn -0.5501 0.8209 0.1537
vn -0.5479 -0.8224 0.1529
vn 0.9134 -0.3770 0.1532
vn 0.1915 0.9694 0.1538
vn 0.3793 -0.9125 0.1529
vn 0.8209 0.5500 0.1536
vn -0.5501 0.8208 0.1537
vn -0.6997 0.6978 0.1537
vn -0.3770 -0.9135 0.1529
vn 0.9694 -0.1916 0.1532
vn -0.0013 0.9881 0.1538
vn -0.9689 -0.1941 0.1532
vn -0.9125 -0.3794 0.1531
vn 0.5501 -0.8210 0.1529
vn 0.6978 0.6996 0.1537
vn -0.8224 0.5479 0.1536
vn -0.1915 -0.9695 0.1529
vn 1.0000 0.0013 -0.0000
vn -0.7576 -0.0007 -0.6527
vn -0.7428 -0.1485 -0.6528
vn -0.6995 -0.2905 -0.6529
vn -0.6294 -0.4214 -0.6529
vn -0.5350 -0.5361 -0.6530
vn -0.4201 -0.6302 -0.6530
vn -0.2890 -0.7000 -0.6531
vn -0.1468 -0.7429 -0.6531
vn 0.0010 -0.7573 -0.6531
vn 0.1488 -0.7425 -0.6531
vn 0.2908 -0.6992 -0.6530
vn 0.4217 -0.6291 -0.6530
vn 0.5364 -0.5347 -0.6530
vn 0.6305 -0.4198 -0.6529
vn 0.7003 -0.2887 -0.6529
vn 0.7432 -0.1465 -0.6528
vn 0.7576 0.0013 -0.6527
vn 0.7428 0.1491 -0.6527
vn 0.6995 0.2911 -0.6526
vn 0.6294 0.4220 -0.6525
vn 0.5350 0.5367 -0.6525
vn 0.4201 0.6308 -0.6524
vn 0.2890 0.7006 -0.6524
vn 0.1468 0.7435 -0.6524
vn -0.0010 0.7579 -0.6524
vn -0.1488 0.7431 -0.6524
vn -0.2908 0.6998 -0.6524
vn -0.4217 0.6297 -0.6524
vn -0.5364 0.5353 -0.6525
vn -0.6305 0.4204 -0.6525
vn -0.7003 0.2893 -0.6526
vn -0.7432 0.1471 -0.6527
vn 0.6917 0.1389 -0.7087
vn 0.7054 0.0013 -0.7088
vn 0.6514 0.2711 -0.7087
vn 0.5860 0.3930 -0.7086
vn 0.4982 0.4998 -0.7086
vn 0.3911 0.5874 -0.7085
vn 0.2691 0.6524 -0.7085
vn 0.1367 0.6924 -0.7085
vn -0.0009 0.7057 -0.7085
vn -0.1385 0.6920 -0.7085
vn -0.2708 0.6517 -0.7085
vn -0.3927 0.5863 -0.7085
vn -0.4994 0.4985 -0.7086
vn -0.5870 0.3915 -0.7086
vn -0.6521 0.2694 -0.7087
vn -0.6920 0.1371 -0.7087
vn -0.7054 -0.0006 -0.7088
vn -0.6917 -0.1382 -0.7089
vn -0.6514 -0.2705 -0.7089
vn -0.5860 -0.3923 -0.7090
vn -0.4981 -0.4991 -0.7090
vn -0.3911 -0.5867 -0.7091
vn -0.2691 -0.6517 -0.7091
vn -0.1367 -0.6917 -0.7091
vn 0.0009 -0.7051 -0.7091
vn 0.1385 -0.6914 -0.7091
vn 0.2708 -0.6510 -0.7091
vn 0.3927 -0.5857 -0.7091
vn 0.4994 -0.4978 -0.7090
vn 0.5870 -0.3908 -0.7090
vn 0.6521 -0.2688 -0.7089
vn 0.6920 -0.1364 -0.7089
vn 0.7054 0.0012 -0.7088
vn 0.5566 -0.8307 -0.0004
vn -0.8307 -0.5567 -0.0003
vn 0.1657 0.8388 -0.5186
vn 0.3261 0.7904 -0.5186
vn -0.5566 0.8307 0.0004
vn -0.4982 -0.4991 -0.7090
vn 0.4995 -0.4978 -0.7090
vn 0.4981 0.4998 -0.7086
vn -0.0009 0.7058 -0.7085
vn -0.4995 0.4985 -0.7086
vn -0.1657 -0.8383 -0.5194
vn -0.3261 -0.7899 -0.5194
vn 0.6036 0.6054 -0.5187
vn 0.7101 0.4760 -0.5188
vn -0.7901 0.3263 -0.5189
vn -0.8386 0.1659 -0.5189
vn 0.8381 0.1681 -0.5189
vn 0.8548 0.0014 -0.5190
vn 0.1678 -0.8379 -0.5194
vn 0.0011 -0.8545 -0.5194
vn 0.7901 -0.3258 -0.5192
vn 0.7113 -0.4737 -0.5192
vn -0.4758 0.7103 -0.5187
vn -0.6052 0.6039 -0.5187
vn -0.7101 -0.4756 -0.5192
vn -0.6036 -0.6050 -0.5193
vn 0.3281 -0.7890 -0.5194
vn 0.4758 -0.7098 -0.5193
vn -0.7113 0.4742 -0.5188
vn -0.1678 0.8384 -0.5186
vn -0.0011 0.8550 -0.5186
vn -0.4740 -0.7111 -0.5193
vn -0.4740 -0.7111 -0.5194
vn -0.7893 -0.3279 -0.5192
vn -0.8381 -0.1676 -0.5191
vn 0.7893 0.3284 -0.5189
vn -0.3281 0.7895 -0.5186
vn 0.4740 0.7116 -0.5187
vn 0.6052 -0.6034 -0.5193
vn 0.8386 -0.1654 -0.5191
vn -0.8548 -0.0009 -0.5190
vn -0.0000 -0.0005 1.0000
vn -0.8307 -0.5566 -0.0002
vn -0.3839 0.9234 0.0005
vn 0.9968 0.0798 -0.0000
vn 0.9944 0.1059 -0.0000
vn -0.9947 0.1033 -0.0000
vn 0.9507 0.3103 0.0001
vn 0.8083 0.5888 0.0003
vn 0.5867 0.8098 0.0004
vn 0.3078 0.9515 0.0004
vn 0.1552 0.9879 0.0005
vn -0.9515 0.3078 0.0001
vn -0.8098 0.5867 0.0003
vn -0.5888 0.8082 0.0004
vn -0.5888 0.8083 0.0004
vn -0.3103 0.9507 0.0004
vn -0.0798 0.9968 0.0005
vn -0.0000 0.0100 -1.0000
vn 0.0772 0.9970 0.0005
vn -0.9970 0.0772 -0.0000
vn -0.3102 0.9507 0.0004
vn 0.8082 0.5888 0.0003
vn -0.9906 -0.0347 -0.1326
vn -0.9995 0.0065 0.0319
vn -0.9907 -0.0329 -0.1324
vn 0.9895 -0.0130 0.1437
vn 0.9950 0.0524 -0.0847
vn 0.9928 0.0200 -0.1183
vn 0.9890 -0.1469 -0.0150
vn 0.9923 0.1222 -0.0195
vn 0.9891 -0.1468 0.0139
vn 0.0552 0.9969 -0.0560
vn -0.0328 0.9990 -0.0311
vn -0.0557 0.9969 0.0548
vn -0.9879 0.1552 0.0001
vn -0.0000 1.0000 -0.0000
vn -0.9948 0.1023 -0.0002
vn -0.9917 -0.0394 -0.1224
vn 0.9918 -0.0368 -0.1224
vn 0.9945 0.1049 -0.0002
vn -0.0012 0.9629 -0.2700
vn -0.0013 0.9629 -0.2700
vn -0.0000 -0.0000 -0.0000
vn 0.9655 0.2602 -0.0006
vn 0.5731 0.8195 -0.0009
vn 0.8876 0.4605 -0.0011
vn 0.9992 0.0013 -0.0392
vn 0.9902 0.0041 0.1397
vn 0.9901 -0.1238 0.0655
vn 0.9903 -0.0647 0.1226
vn -0.9895 -0.0154 0.1439
vn -0.9951 0.0501 -0.0851
vn -0.9902 -0.0670 0.1225
vn 0.9909 -0.0318 -0.1310
vn 0.9995 0.0089 0.0312
vn 0.9911 0.0345 0.1288
vn 0.9947 0.0888 0.0527
vn 0.9922 0.1235 0.0191
vn -0.9992 -0.0013 -0.0401
vn -0.9927 0.0176 -0.1190
vn -0.9889 -0.1483 0.0138
vn -0.9951 0.0840 -0.0522
vn -0.9926 0.1197 -0.0196
vn 0.1607 0.4910 -0.8562
vn -0.1300 0.8611 -0.4916
vn -0.1321 0.4927 -0.8601
vn -0.1277 -0.1337 0.9828
vn 0.1404 -0.4979 0.8558
vn 0.1282 -0.1332 0.9828
vn -0.1250 -0.2457 -0.9612
vn 0.1353 -0.4980 -0.8566
vn -0.1331 -0.4987 -0.8565
vn 0.0521 -0.9971 0.0550
vn -0.1169 -0.9911 0.0639
vn -0.0564 -0.9970 -0.0539
vn 0.1368 -0.8562 -0.4983
vn -0.1235 -0.9834 -0.1331
vn -0.1346 -0.8567 -0.4979
vn 0.9946 0.0549 0.0879
vn 0.9895 -0.0663 -0.1285
vn 0.1260 -0.9831 0.1329
vn -0.1244 -0.9833 0.1329
vn 0.9898 -0.1251 -0.0681
vn 0.9949 0.0864 -0.0521
vn -0.1395 -0.4983 0.8557
vn 0.1396 -0.8558 0.4981
vn 0.1298 0.2452 0.9608
vn -0.1338 0.4909 0.8609
vn 0.1461 0.4906 0.8590
vn 0.1522 0.8575 0.4915
vn -0.1143 0.9853 0.1267
vn 0.1385 0.9823 0.1261
vn 0.1403 0.9822 -0.1245
vn 0.1601 0.8574 -0.4891
vn 0.1416 0.1260 -0.9819
vn -0.1184 0.1259 -0.9849
vn -0.1137 0.9856 -0.1249
vn 0.1405 0.0007 -0.9901
vn -0.1200 0.0003 -0.9928
vn 0.1396 0.2341 0.9621
vn -0.1229 0.2451 0.9617
vn -0.1314 0.8598 0.4935
vn -0.9888 -0.1483 -0.0152
vn -0.9948 0.0868 0.0527
vn -0.9895 -0.1271 -0.0686
vn -0.9891 -0.0689 -0.1300
vn -0.9947 0.0531 0.0886
vn 0.1144 -0.2346 -0.9653
vn 0.1271 -0.2453 -0.9611
vn 0.1133 -0.0003 0.9936
vn -0.1134 -0.0006 0.9935
vn -0.9925 0.1211 0.0190
vn -0.9909 0.0324 0.1305
vn -0.9899 -0.1256 0.0652
vn -0.9901 0.0018 0.1401
vn -0.8484 0.1227 0.5149
vn -0.9819 0.0806 0.1714
vn -0.5107 0.0819 0.8558
vn -0.2743 0.9219 0.2736
vn -0.0312 0.9991 0.0304
vn -0.0562 0.9969 -0.0545
vn -0.3017 0.9050 -0.3001
vn -0.5049 -0.1352 -0.8525
vn -0.8561 -0.0141 -0.5166
vn -0.9771 0.0347 -0.2098
vn 0.0551 0.9969 0.0568
vn 0.2808 0.9172 0.2825
vn 0.0297 0.9991 0.0315
vn 0.5120 0.0821 0.8550
vn 0.8492 0.1185 0.5146
vn 0.9815 0.0818 0.1733
vn 0.9910 -0.0304 -0.1306
vn 0.8578 -0.0190 -0.5136
vn 0.9765 0.0337 -0.2130
vn 0.5084 -0.1358 -0.8504
vn 0.3084 0.8996 -0.3092
vn 0.0312 0.9990 -0.0321
vn 0.8339 -0.5043 0.2242
vn 0.7578 -0.6041 0.2465
vn 0.1146 -0.9912 0.0669
vn 0.3241 -0.9152 0.2396
vn 0.0522 -0.9971 -0.0556
vn 0.3120 -0.9222 -0.2284
vn 0.1021 -0.9928 -0.0620
vn 0.7389 -0.6320 -0.2335
vn 0.8065 -0.5499 -0.2169
vn -0.8019 -0.5577 -0.2145
vn -0.7334 -0.6396 -0.2305
vn -0.1058 -0.9925 -0.0605
vn -0.3106 -0.9240 -0.2230
vn -0.0563 -0.9970 0.0525
vn -0.3223 -0.9180 0.2311
vn -0.7504 -0.6154 0.2414
vn -0.8276 -0.5162 0.2205
vn 0.8538 -0.0611 0.5170
vn 0.8661 -0.2436 0.4365
vn 0.4883 -0.1160 0.8649
vn 0.7412 -0.3437 0.5767
vn 0.2833 -0.4737 0.8339
vn -0.8534 -0.0631 0.5173
vn -0.8660 -0.2451 0.4358
vn -0.4878 -0.1174 0.8650
vn -0.2828 -0.4740 0.8339
vn -0.8642 -0.4405 0.2433
vn -0.7389 -0.5776 0.3471
vn -0.7414 -0.3455 0.5753
vn -0.1381 -0.8561 0.4980
vn -0.8489 -0.5250 0.0616
vn -0.4809 -0.8690 0.1166
vn -0.2802 -0.8361 0.4716
vn -0.9630 -0.0679 -0.2607
vn -0.8559 -0.2511 -0.4522
vn -0.4854 -0.2168 -0.8470
vn -0.4969 -0.4352 -0.7508
vn -0.8594 -0.4456 -0.2507
vn -0.5015 -0.7487 -0.4334
vn -0.9635 -0.2645 -0.0410
vn -0.4786 -0.8702 -0.1175
vn -0.6900 -0.7193 -0.0803
vn -0.6918 -0.1781 -0.6998
vn 0.8486 -0.5255 0.0620
vn 0.8641 -0.4401 0.2443
vn 0.4806 -0.8691 0.1168
vn 0.2807 -0.8358 0.4718
vn 0.8581 -0.2485 -0.4493
vn 0.8603 -0.4443 -0.2501
vn 0.5003 -0.4332 -0.7497
vn 0.5032 -0.7475 -0.4336
vn 0.5114 0.1085 -0.8525
vn 0.2962 0.4842 -0.8233
vn 0.7434 0.3229 -0.5857
vn 0.8748 0.0667 -0.4799
vn 0.9012 0.2181 -0.3744
vn 0.5565 0.7230 -0.4093
vn 0.8995 0.3783 -0.2184
vn 0.5029 0.8577 -0.1069
vn 0.8696 0.4893 -0.0664
vn 0.4930 0.2156 0.8429
vn 0.5406 0.4155 0.7316
vn 0.6977 0.1791 0.6936
vn 0.8940 0.2253 0.3873
vn 0.9639 0.0666 0.2576
vn 0.5466 0.7278 0.4141
vn 0.8957 0.3854 0.2219
vn 0.5009 0.8587 0.1083
vn 0.8684 0.4915 0.0664
vn 0.5343 0.0012 -0.8453
vn 0.9616 0.0014 -0.2745
vn 0.9638 0.0642 0.2586
vn 0.5524 0.1977 0.8098
vn -0.4961 0.1077 -0.8615
vn -0.7358 0.3256 -0.5938
vn -0.8715 0.0651 -0.4860
vn -0.8991 0.2184 -0.3793
vn -0.2679 0.8305 -0.4884
vn -0.2705 0.4863 -0.8309
vn -0.8980 0.3803 -0.2211
vn -0.4880 0.8662 -0.1078
vn -0.7325 0.5982 -0.3250
vn -0.6937 0.7119 -0.1094
vn -0.4855 0.2154 0.8473
vn -0.5311 0.4165 0.7379
vn -0.6913 0.1791 0.7000
vn -0.8918 0.2255 0.3922
vn -0.2656 0.8316 0.4878
vn -0.7256 0.6023 0.3329
vn -0.8943 0.3871 0.2243
vn -0.4874 0.8663 0.1097
vn -0.6910 0.7148 0.1073
vn -0.9627 0.2691 0.0277
vn -0.5207 -0.0002 -0.8538
vn -0.6782 -0.0004 -0.7348
vn -0.9610 -0.0011 -0.2767
vn -0.9628 0.2689 -0.0260
vn -0.1331 0.2340 0.9631
vn -0.5452 0.1974 0.8148
vn -0.9630 0.0625 0.2620
vn -0.9631 0.0650 0.2610
vn 0.7383 -0.5774 0.3485
vn 0.9641 -0.0647 -0.2576
vn 0.4900 -0.2150 -0.8448
vn 0.6968 -0.1754 -0.6955
vn 0.9637 -0.2636 -0.0415
vn 0.4786 -0.8701 -0.1177
vn 0.1253 -0.9831 -0.1333
vn 0.6889 -0.7204 -0.0796
vn 0.0007 -0.5113 0.8594
vn 0.0006 -0.4996 0.8663
vn 0.0001 -0.1120 -0.9937
vn 0.0001 -0.1093 -0.9940
vn -0.0005 0.3486 -0.9373
vn -0.0005 0.3509 -0.9364
vn -0.0004 0.2895 -0.9572
vn -0.0002 0.1284 -0.9917
vn 0.0001 -0.0415 -0.9991
vn 0.0001 -0.1060 0.9944
vn 0.0001 -0.1102 0.9939
vn 0.0002 -0.1680 0.9858
vn 0.0004 -0.3333 0.9428
vn 0.0006 -0.4768 0.8790
vn -0.0043 -0.0137 -0.9999
vn -0.0012 -0.0148 -0.9999
vn -0.0047 -0.0135 -0.9999
vn -0.4415 0.8972 -0.0003
vn -0.9663 0.2576 -0.0006
vn 0.5217 0.8531 -0.0020
vn 0.4759 0.8795 -0.0021
vn 0.2576 0.9663 -0.0023
vn 0.9915 -0.0339 -0.1256
vn 0.8663 -0.1338 -0.4813
vn -0.7080 0.7062 -0.0017
vn -0.5239 0.8518 -0.0020
vn -0.4782 0.8782 -0.0021
vn -0.2601 0.9656 -0.0023
vn -0.0004 0.3266 0.9452
vn -0.0003 0.2144 0.9767
vn 0.1276 -0.3003 -0.9453
vn 0.7687 -0.2509 -0.5884
vn 0.2591 -0.2979 -0.9188
vn 0.7174 -0.2156 -0.6625
vn 0.9940 0.0771 -0.0775
vn 0.8696 -0.1503 -0.4704
vn 0.9930 0.1171 -0.0158
vn -0.9933 0.1145 -0.0158
vn -0.8692 -0.1526 -0.4704
vn -0.9942 0.0745 -0.0775
vn -0.7168 -0.2174 -0.6625
vn -0.7680 -0.2529 -0.5884
vn -0.1268 -0.3008 -0.9452
vn -0.2583 -0.2986 -0.9188
vn -0.1390 0.2961 -0.9450
vn 0.0004 -0.2975 -0.9547
vn 0.0013 -0.9629 0.2700
vn -0.9914 -0.0365 -0.1256
vn -0.8659 -0.1361 -0.4813
vn 0.7075 -0.1900 -0.6807
vn -0.1302 -0.2679 -0.9546
vn 0.1309 -0.2675 -0.9546
vn 0.2593 -0.2605 -0.9300
vn -0.7070 -0.1918 -0.6807
vn -0.2586 -0.2611 -0.9300
vn -0.0004 0.2700 0.9629
vn -0.0013 1.0000 -0.0023
vn -0.0013 1.0000 -0.0024
vn -0.0013 0.9911 -0.1329
vn -0.0013 0.9917 0.1282
vn -0.0000 0.0024 1.0000
vn 0.0003 -0.1950 -0.9808
vn -0.0000 -0.0023 -1.0000
vn -0.9889 -0.0012 -0.1486
vn -0.9722 -0.1948 0.1300
vn -0.9915 -0.0013 0.1301
vn -0.8215 -0.5504 -0.1489
vn -0.7002 -0.7021 0.1297
vn -0.8237 -0.5520 0.1298
vn -0.5483 -0.8229 -0.1490
vn -0.5498 -0.8252 0.1297
vn -0.3782 -0.9166 0.1296
vn -0.3772 -0.9140 -0.1490
vn -0.1922 -0.9728 0.1296
vn -0.1917 -0.9701 -0.1491
vn 0.0013 -0.9916 0.1296
vn 0.0013 -0.9888 -0.1491
vn 0.1947 -0.9723 0.1296
vn 0.1942 -0.9696 -0.1491
vn 0.3806 -0.9156 0.1296
vn 0.3796 -0.9131 -0.1490
vn 0.5519 -0.8237 0.1297
vn 0.5505 -0.8215 -0.1490
vn 0.7020 -0.7002 0.1297
vn 0.8229 -0.5483 -0.1489
vn 0.8251 -0.5498 0.1298
vn 0.9141 -0.3772 -0.1488
vn 0.9165 -0.3783 0.1299
vn 0.9727 -0.1922 0.1300
vn 0.9701 -0.1916 -0.1487
vn 0.9915 0.0012 0.1301
vn 0.9889 0.0014 -0.1486
vn 0.9722 0.1946 0.1302
vn 0.9696 0.1943 -0.1485
vn 0.9155 0.3806 0.1303
vn 0.9131 0.3797 -0.1484
vn 0.8237 0.5519 0.1303
vn 0.8215 0.5505 -0.1483
vn 0.7002 0.7019 0.1304
vn 0.6984 0.7002 -0.1482
vn 0.5498 0.8251 0.1305
vn 0.5483 0.8230 -0.1482
vn 0.3782 0.9165 0.1305
vn 0.1917 0.9702 -0.1481
vn 0.1922 0.9726 0.1305
vn -0.0013 0.9914 0.1305
vn -0.1942 0.9697 -0.1481
vn -0.1947 0.9721 0.1305
vn -0.3796 0.9132 -0.1481
vn -0.3806 0.9155 0.1305
vn -0.5505 0.8216 -0.1482
vn -0.5519 0.8236 0.1305
vn -0.7020 0.7001 0.1304
vn -0.7002 0.6984 -0.1482
vn -0.8251 0.5497 0.1303
vn -0.9141 0.3773 -0.1484
vn -0.9165 0.3782 0.1303
vn -0.9727 0.1921 0.1302
vn -0.9696 -0.1941 -0.1487
vn -0.9155 -0.3807 0.1299
vn -0.9131 -0.3796 -0.1488
vn -0.9702 0.1917 -0.1485
vn -0.8619 -0.1724 -0.4769
vn -0.6083 -0.0004 -0.7937
vn -0.5965 -0.1191 -0.7937
vn -0.2209 0.0002 -0.9753
vn -0.2166 -0.0429 -0.9753
vn -0.8117 -0.3372 -0.4769
vn -0.5617 -0.2332 -0.7938
vn -0.2040 -0.0843 -0.9753
vn -0.7302 -0.4891 -0.4770
vn -0.5054 -0.3383 -0.7938
vn -0.1835 -0.1225 -0.9754
vn -0.6208 -0.6221 -0.4771
vn -0.6983 -0.7001 -0.1489
vn -0.4296 -0.4304 -0.7939
vn -0.1560 -0.1559 -0.9754
vn -0.4874 -0.7313 -0.4771
vn -0.3373 -0.5059 -0.7939
vn -0.1225 -0.1834 -0.9754
vn -0.3353 -0.8123 -0.4772
vn -0.2321 -0.5620 -0.7939
vn -0.0843 -0.2037 -0.9754
vn -0.1704 -0.8621 -0.4772
vn -0.1179 -0.5964 -0.7939
vn -0.0428 -0.2163 -0.9754
vn 0.0011 -0.8788 -0.4772
vn 0.0008 -0.6080 -0.7939
vn 0.0003 -0.2204 -0.9754
vn 0.1726 -0.8617 -0.4772
vn 0.1195 -0.5961 -0.7939
vn 0.0434 -0.2161 -0.9754
vn 0.3374 -0.8114 -0.4772
vn 0.2335 -0.5614 -0.7939
vn 0.0848 -0.2035 -0.9754
vn 0.4893 -0.7300 -0.4771
vn 0.3386 -0.5050 -0.7939
vn 0.1230 -0.1831 -0.9754
vn 0.7002 -0.6983 -0.1489
vn 0.6224 -0.6205 -0.4771
vn 0.4307 -0.4292 -0.7939
vn 0.1564 -0.1555 -0.9754
vn 0.7315 -0.4872 -0.4770
vn 0.5063 -0.3369 -0.7938
vn 0.1838 -0.1220 -0.9754
vn 0.8125 -0.3351 -0.4769
vn 0.5623 -0.2317 -0.7938
vn 0.2042 -0.0838 -0.9753
vn 0.8624 -0.1701 -0.4769
vn 0.5968 -0.1175 -0.7937
vn 0.2167 -0.0424 -0.9753
vn 0.8790 0.0014 -0.4768
vn 0.6083 0.0012 -0.7937
vn 0.2209 0.0007 -0.9753
vn 0.8619 0.1728 -0.4767
vn 0.5965 0.1198 -0.7936
vn 0.2166 0.0438 -0.9753
vn 0.8117 0.3377 -0.4766
vn 0.5617 0.2339 -0.7936
vn 0.2040 0.0852 -0.9753
vn 0.7302 0.4895 -0.4765
vn 0.5053 0.3390 -0.7935
vn 0.1835 0.1234 -0.9752
vn 0.6208 0.6226 -0.4765
vn 0.4296 0.4311 -0.7935
vn 0.1560 0.1568 -0.9752
vn 0.4874 0.7317 -0.4764
vn 0.3373 0.5066 -0.7935
vn 0.1225 0.1843 -0.9752
vn 0.3772 0.9142 -0.1481
vn 0.3353 0.8128 -0.4764
vn 0.2321 0.5627 -0.7934
vn 0.0843 0.2046 -0.9752
vn 0.1704 0.8626 -0.4764
vn 0.1179 0.5971 -0.7934
vn 0.0428 0.2171 -0.9752
vn -0.0013 0.9890 -0.1481
vn -0.0012 0.8792 -0.4764
vn -0.0008 0.6087 -0.7934
vn -0.0003 0.2213 -0.9752
vn -0.1726 0.8621 -0.4764
vn -0.1195 0.5968 -0.7934
vn -0.0434 0.2170 -0.9752
vn -0.3374 0.8119 -0.4764
vn -0.2335 0.5621 -0.7934
vn -0.0848 0.2044 -0.9752
vn -0.4893 0.7305 -0.4764
vn -0.3386 0.5057 -0.7935
vn -0.1229 0.1839 -0.9752
vn -0.6224 0.6210 -0.4765
vn -0.4307 0.4299 -0.7935
vn -0.1564 0.1564 -0.9752
vn -0.7315 0.4876 -0.4765
vn -0.8230 0.5484 -0.1483
vn -0.5062 0.3377 -0.7935
vn -0.1838 0.1229 -0.9752
vn -0.8125 0.3356 -0.4766
vn -0.5623 0.2324 -0.7936
vn -0.2042 0.0847 -0.9753
vn -0.8624 0.1706 -0.4767
vn -0.5968 0.1183 -0.7936
vn -0.2167 0.0433 -0.9753
vn -0.8790 -0.0009 -0.4768
vn -0.8522 -0.1709 0.4946
vn -0.8691 -0.0014 0.4947
vn -0.5446 -0.0011 0.8387
vn -0.1791 -0.0363 0.9832
vn -0.1826 -0.0007 0.9832
vn -0.5029 -0.2095 0.8386
vn -0.5340 -0.1073 0.8386
vn -0.1687 -0.0706 0.9831
vn -0.8025 -0.3339 0.4945
vn -0.4524 -0.3035 0.8386
vn -0.1517 -0.1021 0.9831
vn -0.7220 -0.4840 0.4944
vn -0.6137 -0.6156 0.4944
vn -0.1290 -0.1298 0.9831
vn -0.3020 -0.4536 0.8385
vn -0.3846 -0.3860 0.8385
vn -0.1013 -0.1525 0.9831
vn -0.4819 -0.7235 0.4943
vn -0.3315 -0.8036 0.4943
vn -0.0697 -0.1693 0.9831
vn -0.1684 -0.8528 0.4943
vn -0.2078 -0.5038 0.8385
vn -0.0354 -0.1797 0.9831
vn 0.0007 -0.5450 0.8384
vn -0.1056 -0.5347 0.8384
vn 0.1707 -0.8524 0.4943
vn 0.0011 -0.8693 0.4943
vn 0.1069 -0.5344 0.8384
vn 0.0002 -0.1831 0.9831
vn 0.2091 -0.5033 0.8385
vn 0.0359 -0.1796 0.9831
vn 0.3336 -0.8027 0.4943
vn 0.4838 -0.7222 0.4943
vn 0.3032 -0.4528 0.8385
vn 0.0701 -0.1691 0.9831
vn 0.6837 -0.6820 0.2597
vn 0.3856 -0.3850 0.8385
vn 0.1017 -0.1522 0.9831
vn 0.7232 -0.4821 0.4944
vn 0.4994 -0.4985 0.7086
vn 0.4532 -0.3024 0.8386
vn 0.1293 -0.1294 0.9831
vn 0.8034 -0.3318 0.4945
vn 0.5034 -0.2081 0.8386
vn 0.1520 -0.1017 0.9831
vn 0.5343 -0.1059 0.8386
vn 0.1688 -0.0701 0.9831
vn 0.8691 0.0009 0.4947
vn 0.8526 -0.1687 0.4946
vn 0.5446 0.0003 0.8387
vn 0.1792 -0.0359 0.9832
vn 0.8522 0.1704 0.4947
vn 0.5340 0.1066 0.8387
vn 0.1826 -0.0002 0.9832
vn 0.8025 0.3334 0.4948
vn 0.5029 0.2087 0.8388
vn 0.1791 0.0354 0.9832
vn 0.7220 0.4835 0.4949
vn 0.4524 0.3028 0.8388
vn 0.1686 0.0696 0.9832
vn 0.6137 0.6151 0.4949
vn 0.3846 0.3852 0.8389
vn 0.1518 0.1012 0.9832
vn 0.4819 0.7230 0.4950
vn 0.3020 0.4528 0.8389
vn 0.1290 0.1289 0.9832
vn 0.3315 0.8031 0.4950
vn 0.2078 0.5030 0.8389
vn 0.1013 0.1516 0.9832
vn 0.1684 0.8524 0.4951
vn 0.1056 0.5339 0.8389
vn 0.0697 0.1684 0.9832
vn -0.0011 0.8689 0.4951
vn -0.0002 0.1822 0.9833
vn 0.0354 0.1787 0.9833
vn -0.1385 0.6913 0.7091
vn -0.0007 0.5442 0.8389
vn -0.0359 0.1787 0.9833
vn -0.3336 0.8023 0.4950
vn -0.1896 0.9467 0.2604
vn -0.2091 0.5025 0.8389
vn -0.1069 0.5336 0.8389
vn -0.0701 0.1682 0.9832
vn -0.4838 0.7218 0.4950
vn -0.1017 0.1513 0.9832
vn -0.6153 0.6135 0.4950
vn -0.3856 0.3842 0.8389
vn -0.3032 0.4520 0.8389
vn -0.1294 0.1286 0.9832
vn -0.7232 0.4817 0.4949
vn -0.1520 0.1008 0.9832
vn -0.5034 0.2074 0.8388
vn -0.4532 0.3016 0.8388
vn -0.1688 0.0692 0.9832
vn -0.8526 0.1682 0.4947
vn -0.8034 0.3313 0.4948
vn -0.1792 0.0349 0.9832
vn -0.5343 0.1052 0.8387
vn 0.3051 0.9433 0.1308
vn 0.5817 0.8028 0.1308
vn -0.0029 0.0074 -1.0000
vn -0.0078 0.0044 -1.0000
vn 0.0122 -0.0006 -0.9999
vn 0.0120 -0.0032 -0.9999
vn 0.0120 -0.0036 -0.9999
vn 0.0096 0.0027 -0.9999
vn 0.0122 -0.0004 -0.9999
vn 0.0109 -0.0072 -0.9999
vn 0.0106 -0.0076 -0.9999
vn 0.0029 0.0074 -1.0000
vn 0.0084 -0.0107 -0.9999
vn 0.0081 -0.0111 -0.9999
vn -0.0122 -0.0006 -0.9999
vn -0.0120 -0.0033 -0.9999
vn -0.0122 -0.0004 -0.9999
vn -0.0096 0.0027 -0.9999
vn 0.0048 -0.0135 -0.9999
vn 0.0043 -0.0137 -0.9999
vn -0.0120 -0.0037 -0.9999
vn -0.0108 -0.0072 -0.9999
vn 0.0013 -0.0148 -0.9999
vn 0.0012 -0.0148 -0.9999
vn -0.0106 -0.0076 -0.9999
vn -0.0084 -0.0107 -0.9999
vn -0.0080 -0.0111 -0.9999
vn 0.0078 0.0044 -1.0000
vn 0.8014 0.5838 0.1306
vn 0.9425 0.3075 0.1305
vn -0.9885 0.0764 0.1301
vn -0.9433 0.3051 0.1305
vn 0.0013 -0.9921 0.1255
vn 0.0765 0.9885 0.1305
vn -0.8029 0.5817 0.1307
vn -0.5838 0.8013 0.1308
vn 0.7024 -0.7006 0.1256
vn -0.3076 0.9425 0.1308
vn -0.0574 -0.1397 0.9885
vn 0.1346 0.0435 0.9899
vn 0.0105 0.1357 0.9907
vn -0.0791 0.9883 0.1305
vn 0.9883 0.0790 0.1301
vn 0.9920 0.0012 0.1259
vn -0.7006 -0.7024 0.1256
vn 0.2572 0.0201 0.9661
vn 0.2432 0.0789 0.9668
vn 0.6680 0.2177 0.7116
vn 0.8659 0.0690 0.4955
vn 0.9175 0.2993 0.2620
vn 0.2068 0.1502 0.9668
vn 0.1144 0.0829 0.9900
vn 0.5680 0.4134 0.7117
vn 0.7801 0.5682 0.2621
vn 0.0831 0.1142 0.9900
vn 0.1501 0.2067 0.9668
vn 0.4123 0.5687 0.7117
vn 0.5105 0.7043 0.4934
vn 0.1585 0.4895 0.8575
vn 0.0436 0.1343 0.9900
vn 0.2678 0.8275 0.4934
vn 0.0392 0.5067 0.8613
vn 0.0670 0.8658 0.4959
vn -0.1348 0.0431 0.9899
vn -0.2573 0.0195 0.9661
vn -0.1361 0.0101 0.9906
vn -0.6686 0.2159 0.7116
vn -0.8660 0.0668 0.4955
vn -0.7039 0.0541 0.7082
vn -0.8278 0.2675 0.4932
vn -0.2072 0.1496 0.9668
vn -0.2434 0.0783 0.9668
vn -0.7045 0.5102 0.4933
vn -0.1147 0.0826 0.9900
vn -0.1506 0.2063 0.9668
vn -0.4138 0.5676 0.7117
vn -0.5690 0.4120 0.7117
vn -0.0834 0.1140 0.9900
vn -0.1597 0.4891 0.8575
vn -0.5123 0.7030 0.4934
vn -0.2699 0.8268 0.4934
vn -0.0439 0.1342 0.9900
vn -0.0406 0.5066 0.8613
vn -0.0693 0.8656 0.4959
vn -0.1391 -0.0583 0.9886
vn -0.0917 -0.2226 0.9706
vn -0.4993 -0.5010 0.7069
vn -0.4994 -0.5010 0.7069
vn -0.6821 -0.6840 0.2585
vn 0.1392 -0.0579 0.9886
vn 0.0922 -0.2223 0.9706
vn 0.2221 -0.0921 0.9707
vn 0.5007 -0.4997 0.7069
vn 0.6839 -0.6822 0.2585
vn -0.8832 -0.0014 0.4690
vn -0.7071 -0.0012 0.7071
vn 0.0013 -0.9660 0.2584
vn 0.0009 -0.7074 0.7068
vn 0.0578 -0.1395 0.9885
vn 0.8832 0.0009 0.4690
vn 0.7071 0.0006 0.7071
vn -0.1577 0.9875 0.0005
vn -0.1059 0.9944 0.0005
vn 0.1033 0.9947 0.0005
vn -1.0000 -0.0022 -0.0008
vn -1.0000 -0.0036 -0.0007
vn -1.0000 -0.0020 -0.0017
vn 0.0003 0.1514 -0.9885
vn 0.0003 0.1515 -0.9884
vn -0.0012 0.7558 0.6548
vn -0.0013 0.7707 0.6372
vn -0.0013 0.7559 0.6547
vn 1.0000 0.0014 0.0004
vn 1.0000 0.0010 0.0009
vn -0.0011 0.7405 0.6720
vn -0.0013 0.8435 0.5371
vn 1.0000 0.0024 0.0006
vn 1.0000 0.0036 0.0007
vn 1.0000 0.0046 -0.0000
vn 0.0002 0.2724 -0.9622
vn -0.0006 0.9107 -0.4131
vn -0.0007 0.9107 -0.4131
vn -0.0013 0.9034 0.4288
vn -0.0012 0.9034 0.4288
vn -1.0000 -0.0017 -0.0010
vn -1.0000 -0.0014 -0.0006
vn -0.9968 0.0492 0.0633
vn -0.9970 0.0029 0.0768
vn -0.9936 -0.1060 0.0395
vn 0.9968 -0.0488 0.0635
vn 0.9970 -0.0026 0.0769
vn 0.9935 0.1066 0.0390
vn -0.0002 0.1329 0.9911
vn 0.0002 -0.1282 0.9917
vn -0.0002 0.1328 0.9911
vn 0.0002 -0.1329 -0.9911
vn -0.0002 0.1282 -0.9917
vn 0.0013 -0.9917 -0.1282
vn 0.0013 -0.9911 0.1329
vn -0.9886 -0.1072 -0.1058
vn -0.9813 -0.0084 -0.1925
vn -0.9896 0.1019 -0.1018
vn -0.9888 0.1042 -0.1066
vn -0.9809 0.1946 -0.0071
vn -0.9938 0.1040 0.0390
vn -0.9967 -0.0514 0.0635
vn -0.9806 -0.1961 0.0036
vn -0.9893 -0.1046 -0.1013
vn 0.9967 0.0517 0.0633
vn 0.9804 0.1968 0.0026
vn 0.9893 0.1045 -0.1018
vn 0.9886 0.1068 -0.1065
vn 0.9813 0.0075 -0.1925
vn 0.9896 -0.1020 -0.1013
vn 0.9889 -0.1046 -0.1058
vn 0.9810 -0.1940 -0.0062
vn 0.9939 -0.1034 0.0395
vn -0.9970 -0.0052 0.0769
vn -0.9983 -0.0282 0.0507
vn -0.9968 -0.0745 0.0288
vn -0.9809 0.1943 0.0026
vn -0.9970 0.0722 0.0285
vn -0.9984 0.0259 0.0506
vn -0.9813 0.0050 -0.1925
vn -0.9931 0.0478 -0.1074
vn -0.9930 0.1067 -0.0496
vn -0.9805 -0.1965 -0.0062
vn -0.9928 -0.1093 -0.0490
vn -0.9930 -0.0508 -0.1071
vn 0.0003 -0.2565 0.9665
vn 0.0009 -0.7054 0.7088
vn 0.0013 -0.9653 0.2611
vn 0.0007 -0.5020 -0.8648
vn 0.0011 -0.8672 -0.4980
vn -0.0011 0.8672 0.4980
vn -0.0009 0.7088 0.7054
vn -0.0003 0.2611 0.9653
vn -0.0003 0.2566 -0.9665
vn -0.0003 0.2565 -0.9665
vn -0.0009 0.7054 -0.7088
vn -0.0011 0.8648 -0.5020
vn 0.9970 0.0055 0.0768
vn 0.9983 0.0285 0.0506
vn 0.9968 0.0748 0.0285
vn 0.9803 0.1972 -0.0071
vn 0.9928 0.1093 -0.0496
vn 0.9929 0.0503 -0.1074
vn 0.9811 -0.1936 0.0036
vn 0.9970 -0.0720 0.0288
vn 0.9984 -0.0256 0.0507
vn 0.9813 -0.0058 -0.1925
vn 0.9931 -0.0482 -0.1071
vn 0.9931 -0.1067 -0.0490
vn -0.0013 0.9653 -0.2611
vn -0.0006 0.4980 -0.8672
vn 0.0009 -0.7088 -0.7054
vn 0.0003 -0.2611 -0.9653
vn 0.0011 -0.8649 0.5020
vn 0.0011 -0.8648 0.5020
vn -0.0001 0.0005 -1.0000
vn 0.0001 0.0004 -1.0000
vn -0.0000 0.0006 -1.0000
vn -0.0000 0.0004 -1.0000
vn -0.0000 0.0003 -1.0000
vn 0.0001 0.0006 -1.0000
vn -0.0000 -0.0004 1.0000
vn -0.1128 -0.2349 -0.9655
vn 0.6874 0.0013 -0.7262
vn 0.6970 0.1703 0.6966
vn -0.6908 0.1700 0.7028
vn 0.2385 0.9547 -0.1780
vn 0.9802 -0.0979 -0.1724
vn -0.9799 -0.1005 -0.1724
vn 0.0004 0.3760 -0.9266
vn 0.0012 -0.9629 0.2700
vn -0.9920 -0.0013 0.1259
vn -0.0109 0.1357 0.9907
vn 0.1361 0.0104 0.9906
vn 0.7038 0.0560 0.7082
vn -0.2219 -0.0927 0.9707
vn -1.0000 -0.0046 -0.0000
vn 1.0000 0.0014 0.0008
vn -0.0010 0.7404 0.6721
vn 0.0004 0.2723 -0.9622
vn -0.0006 0.9106 -0.4132
vn -1.0000 -0.0012 -0.0001
vn -1.0000 -0.0011 -0.0000
vn -1.0000 -0.0010 -0.0009
vn 0.0003 -0.2566 0.9665
vt 0.386918 0.491490
vt 0.386301 0.482130
vt 0.386918 0.482130
vt 0.405447 0.492012
vt 0.404829 0.492012
vt 0.403594 0.492012
vt 0.404212 0.492012
vt 0.402976 0.492012
vt 0.402359 0.492012
vt 0.401741 0.492012
vt 0.401124 0.492012
vt 0.400506 0.492012
vt 0.399888 0.492012
vt 0.399271 0.492012
vt 0.398653 0.492012
vt 0.398035 0.492012
vt 0.397418 0.492012
vt 0.396800 0.492012
vt 0.396183 0.492012
vt 0.395565 0.492012
vt 0.394947 0.492012
vt 0.394330 0.492012
vt 0.393712 0.492012
vt 0.393094 0.492012
vt 0.392477 0.492012
vt 0.391859 0.492012
vt 0.391242 0.492012
vt 0.390624 0.492012
vt 0.390006 0.492012
vt 0.389389 0.492012
vt 0.388771 0.492012
vt 0.388154 0.492012
vt 0.387536 0.492012
vt 0.386918 0.492012
vt 0.396183 0.482130
vt 0.395565 0.491490
vt 0.395565 0.482130
vt 0.284336 0.398635
vt 0.284954 0.398635
vt 0.390624 0.482130
vt 0.390006 0.491490
vt 0.390006 0.482130
vt 0.404212 0.482130
vt 0.403594 0.491490
vt 0.403594 0.482130
vt 0.398653 0.482130
vt 0.398035 0.491490
vt 0.398035 0.482130
vt 0.393094 0.482130
vt 0.392477 0.491490
vt 0.392477 0.482130
vt 0.387536 0.482130
vt 0.401124 0.491490
vt 0.400506 0.482130
vt 0.401124 0.482130
vt 0.394947 0.482130
vt 0.389389 0.482130
vt 0.402976 0.491490
vt 0.402976 0.482130
vt 0.397418 0.491490
vt 0.397418 0.482130
vt 0.391859 0.482130
vt 0.399888 0.491490
vt 0.399888 0.482130
vt 0.394330 0.491490
vt 0.394330 0.482130
vt 0.389389 0.491490
vt 0.388771 0.482130
vt 0.402359 0.482130
vt 0.396800 0.491490
vt 0.396800 0.482130
vt 0.391242 0.491490
vt 0.391242 0.482130
vt 0.406065 0.482130
vt 0.405447 0.491490
vt 0.405447 0.482130
vt 0.404829 0.482130
vt 0.399271 0.482130
vt 0.393712 0.491490
vt 0.393712 0.482130
vt 0.388154 0.491490
vt 0.388154 0.482130
vt 0.402359 0.491490
vt 0.401741 0.482130
vt 0.404212 0.491490
vt 0.399271 0.491490
vt 0.393094 0.491490
vt 0.389427 0.472807
vt 0.395624 0.475374
vt 0.393057 0.481571
vt 0.386301 0.492012
vt 0.406065 0.491490
vt 0.404829 0.491490
vt 0.401741 0.491490
vt 0.400506 0.491490
vt 0.398653 0.491490
vt 0.396183 0.491490
vt 0.394947 0.491490
vt 0.391859 0.491490
vt 0.390624 0.491490
vt 0.388771 0.491490
vt 0.387536 0.491490
vt 0.386301 0.491490
vt 0.406065 0.492012
vt 0.294836 0.398635
vt 0.295453 0.398635
vt 0.292365 0.398635
vt 0.292983 0.398635
vt 0.301012 0.398635
vt 0.300394 0.398635
vt 0.283719 0.398635
vt 0.291748 0.398635
vt 0.299777 0.398635
vt 0.283101 0.398635
vt 0.291130 0.398635
vt 0.299159 0.398635
vt 0.288042 0.398635
vt 0.288660 0.398635
vt 0.290512 0.398635
vt 0.298541 0.398635
vt 0.301630 0.398635
vt 0.302247 0.398635
vt 0.289895 0.398635
vt 0.297924 0.398635
vt 0.289277 0.398635
vt 0.297306 0.398635
vt 0.296689 0.398635
vt 0.296071 0.398635
vt 0.287424 0.398635
vt 0.286807 0.398635
vt 0.286189 0.398635
vt 0.294218 0.398635
vt 0.285572 0.398635
vt 0.293600 0.398635
vt 0.282483 0.398635
vt 0.298232 0.389042
vt 0.292654 0.392769
vt 0.296381 0.398347
vt 0.475295 0.504473
vt 0.475293 0.501733
vt 0.475295 0.504191
vt 0.482810 0.488892
vt 0.475290 0.498921
vt 0.482819 0.498919
vt 0.489430 0.498892
vt 0.484664 0.488867
vt 0.489424 0.488865
vt 0.475278 0.485829
vt 0.473583 0.485814
vt 0.473583 0.485830
vt 0.475293 0.501841
vt 0.482822 0.501839
vt 0.482824 0.504472
vt 0.482826 0.506560
vt 0.475297 0.506561
vt 0.482827 0.507898
vt 0.484675 0.507900
vt 0.489435 0.508357
vt 0.489435 0.507898
vt 0.513229 0.498883
vt 0.517991 0.501802
vt 0.513231 0.501804
vt 0.517992 0.504438
vt 0.513232 0.504440
vt 0.513234 0.506533
vt 0.517993 0.506532
vt 0.513234 0.507879
vt 0.517995 0.508344
vt 0.513235 0.508345
vt 0.475277 0.484791
vt 0.482806 0.484806
vt 0.482806 0.484789
vt 0.513221 0.484780
vt 0.517983 0.488854
vt 0.513224 0.488856
vt 0.520456 0.488883
vt 0.527981 0.484795
vt 0.520452 0.484797
vt 0.271880 0.931061
vt 0.271887 0.976186
vt 0.271884 0.953201
vt 0.475281 0.488894
vt 0.475282 0.489644
vt 0.484673 0.504451
vt 0.484672 0.501709
vt 0.484672 0.501815
vt 0.484675 0.508356
vt 0.484675 0.507819
vt 0.484675 0.507816
vt 0.475290 0.499007
vt 0.484670 0.498894
vt 0.484665 0.489619
vt 0.484675 0.508359
vt 0.484675 0.507390
vt 0.484675 0.507381
vt 0.484675 0.507890
vt 0.475297 0.506140
vt 0.484674 0.506544
vt 0.484673 0.504170
vt 0.484663 0.485814
vt 0.484662 0.484791
vt 0.484670 0.498982
vt 0.475298 0.507900
vt 0.475298 0.507390
vt 0.484674 0.506124
vt 0.475277 0.484808
vt 0.475278 0.485814
vt 0.473602 0.507817
vt 0.473599 0.504191
vt 0.483603 0.507819
vt 0.473586 0.489644
vt 0.473594 0.499007
vt 0.483601 0.504170
vt 0.483600 0.501709
vt 0.473601 0.506141
vt 0.473602 0.507391
vt 0.483598 0.498982
vt 0.483593 0.489619
vt 0.473597 0.501733
vt 0.483602 0.506125
vt 0.483603 0.507381
vt 0.483603 0.507817
vt 0.483591 0.485814
vt 0.351475 0.419036
vt 0.360906 0.419036
vt 0.333234 0.431404
vt 0.335319 0.431893
vt 0.345678 0.431404
vt 0.339030 0.431404
vt 0.348538 0.396208
vt 0.347972 0.406668
vt 0.336170 0.404759
vt 0.271814 0.527008
vt 0.418715 0.606059
vt 0.271827 0.606255
vt 0.271884 0.953367
vt 0.271889 0.985302
vt 0.271888 0.976382
vt 0.271867 0.853248
vt 0.271877 0.909312
vt 0.271874 0.896619
vt 0.271874 0.896987
vt 0.271883 0.950347
vt 0.271877 0.909746
vt 0.271821 0.573427
vt 0.271827 0.606781
vt 0.271814 0.527329
vt 0.271859 0.805638
vt 0.271868 0.858554
vt 0.271859 0.801780
vt 0.271889 0.985254
vt 0.271885 0.960874
vt 0.271833 0.640206
vt 0.271859 0.801254
vt 0.271859 0.805193
vt 0.271883 0.950018
vt 0.271885 0.960914
vt 0.271821 0.573157
vt 0.271880 0.931340
vt 0.271868 0.858051
vt 0.271833 0.640652
vt 0.271867 0.853674
vt 0.418727 0.675190
vt 0.418733 0.715221
vt 0.418776 0.976186
vt 0.418702 0.527133
vt 0.418757 0.857855
vt 0.418765 0.909116
vt 0.324705 0.527143
vt 0.418772 0.949822
vt 0.418747 0.801584
vt 0.418715 0.606585
vt 0.418776 0.975990
vt 0.418757 0.858358
vt 0.418777 0.985058
vt 0.418772 0.950151
vt 0.418765 0.909550
vt 0.418777 0.985106
vt 0.803539 0.231533
vt 0.810743 0.240154
vt 0.803539 0.240154
vt 0.810743 0.250063
vt 0.803539 0.258684
vt 0.803539 0.250063
vt 0.793630 0.244354
vt 0.813058 0.259097
vt 0.813448 0.259391
vt 0.803539 0.259328
vt 0.323802 0.431404
vt 0.337600 0.431535
vt 0.333234 0.419036
vt 0.335319 0.418546
vt 0.351475 0.431404
vt 0.360906 0.431404
vt 0.336170 0.394300
vt 0.336972 0.394300
vt 0.348538 0.394300
vt 0.347108 0.431535
vt 0.323802 0.419036
vt 0.339030 0.419036
vt 0.337600 0.418905
vt 0.333234 0.420944
vt 0.335319 0.429833
vt 0.333234 0.429495
vt 0.351475 0.420944
vt 0.349389 0.429833
vt 0.349389 0.420606
vt 0.336976 0.394300
vt 0.347108 0.429586
vt 0.345678 0.420944
vt 0.347108 0.420854
vt 0.349389 0.431893
vt 0.339030 0.429495
vt 0.339030 0.420944
vt 0.335319 0.420606
vt 0.337600 0.429586
vt 0.345678 0.419036
vt 0.347108 0.418905
vt 0.349389 0.418546
vt 0.360906 0.429495
vt 0.351475 0.429495
vt 0.323802 0.429495
vt 0.323802 0.420944
vt 0.337600 0.429586
vt 0.336170 0.406668
vt 0.336737 0.406668
vt 0.360906 0.420944
vt 0.360906 0.419990
vt 0.360748 0.419036
vt 0.360539 0.419036
vt 0.360171 0.419036
vt 0.323802 0.430449
vt 0.324098 0.431404
vt 0.324393 0.431404
vt 0.347972 0.394300
vt 0.336179 0.394300
vt 0.360683 0.431404
vt 0.360681 0.419036
vt 0.360903 0.419036
vt 0.333198 0.430447
vt 0.335301 0.430858
vt 0.333196 0.419992
vt 0.335300 0.419581
vt 0.337615 0.419880
vt 0.337600 0.420854
vt 0.339065 0.419991
vt 0.351504 0.419992
vt 0.349415 0.419581
vt 0.347101 0.419879
vt 0.345651 0.419990
vt 0.323878 0.419990
vt 0.360808 0.419990
vt 0.339065 0.430449
vt 0.337615 0.430560
vt 0.349412 0.430858
vt 0.347099 0.430560
vt 0.333285 0.431408
vt 0.335345 0.431904
vt 0.333233 0.431403
vt 0.335318 0.431893
vt 0.337579 0.431536
vt 0.337600 0.431535
vt 0.338981 0.431405
vt 0.351436 0.431409
vt 0.349357 0.431904
vt 0.351476 0.431403
vt 0.349391 0.431893
vt 0.347122 0.431535
vt 0.347110 0.431535
vt 0.345720 0.431405
vt 0.345679 0.431404
vt 0.323690 0.431404
vt 0.323801 0.431404
vt 0.360907 0.431404
vt 0.361050 0.431404
vt 0.333276 0.431414
vt 0.335399 0.431912
vt 0.333393 0.431441
vt 0.335320 0.418546
vt 0.333235 0.419035
vt 0.337617 0.431532
vt 0.335295 0.431897
vt 0.335320 0.418546
vt 0.338997 0.431407
vt 0.337541 0.431540
vt 0.338905 0.431415
vt 0.337600 0.418905
vt 0.351427 0.431415
vt 0.349304 0.431913
vt 0.351297 0.431445
vt 0.349388 0.418546
vt 0.349402 0.431895
vt 0.347079 0.431530
vt 0.347107 0.418905
vt 0.345702 0.431406
vt 0.347158 0.431539
vt 0.345764 0.431411
vt 0.347107 0.418905
vt 0.345678 0.419036
vt 0.333298 0.431404
vt 0.323694 0.431404
vt 0.323804 0.419036
vt 0.345734 0.431404
vt 0.338964 0.431404
vt 0.351439 0.431404
vt 0.361046 0.431404
vt 0.360906 0.419036
vt 0.351474 0.419036
vt 0.351502 0.430447
vt 0.345649 0.430449
vt 0.345678 0.429495
vt 0.323881 0.430449
vt 0.360805 0.430449
vt 0.348538 0.406668
vt 0.347732 0.406668
vt 0.391185 0.386709
vt 0.403553 0.399077
vt 0.391185 0.399077
vt 0.403553 0.409384
vt 0.391185 0.411445
vt 0.391185 0.409384
vt 0.403553 0.411445
vt 0.391185 0.423813
vt 0.403553 0.434120
vt 0.391185 0.436181
vt 0.391185 0.434120
vt 0.389123 0.411445
vt 0.389123 0.423813
vt 0.415921 0.411445
vt 0.413859 0.423813
vt 0.413859 0.411445
vt 0.405614 0.411445
vt 0.403553 0.423813
vt 0.407675 0.411445
vt 0.405614 0.423813
vt 0.409737 0.411445
vt 0.407675 0.423813
vt 0.411798 0.411445
vt 0.409737 0.423813
vt 0.411798 0.423813
vt 0.380878 0.411445
vt 0.378817 0.423813
vt 0.378817 0.411445
vt 0.382939 0.411445
vt 0.380878 0.423813
vt 0.385001 0.411445
vt 0.382939 0.423813
vt 0.387062 0.411445
vt 0.385001 0.423813
vt 0.387062 0.423813
vt 0.403553 0.425875
vt 0.391185 0.425875
vt 0.403553 0.427936
vt 0.391185 0.427936
vt 0.403553 0.429997
vt 0.391185 0.429997
vt 0.403553 0.432058
vt 0.391185 0.432058
vt 0.403553 0.401139
vt 0.391185 0.401139
vt 0.403553 0.403200
vt 0.391185 0.403200
vt 0.391185 0.405261
vt 0.403553 0.405261
vt 0.391185 0.407323
vt 0.403553 0.407323
vt 0.365810 0.527088
vt 0.324713 0.571019
vt 0.324705 0.527053
vt 0.418702 0.526813
vt 0.365810 0.526998
vt 0.365817 0.570875
vt 0.324713 0.570929
vt 0.365817 0.570965
vt 0.577123 0.504777
vt 0.679266 0.503953
vt 0.577122 0.503977
vt 0.418764 0.902187
vt 0.418727 0.675352
vt 0.418749 0.813723
vt 0.418754 0.842414
vt 0.418747 0.801058
vt 0.418759 0.868308
vt 0.418762 0.888870
vt 0.418749 0.813989
vt 0.418733 0.715487
vt 0.418764 0.902088
vt 0.418754 0.842668
vt 0.418765 0.906669
vt 0.418759 0.868527
vt 0.418765 0.906694
vt 0.418762 0.889037
vt 0.689150 0.504752
vt 0.689101 0.506743
vt 0.689100 0.506373
vt 0.577110 0.490980
vt 0.679256 0.493388
vt 0.577112 0.493413
vt 0.577123 0.505051
vt 0.679266 0.504752
vt 0.577112 0.493429
vt 0.679254 0.490965
vt 0.577110 0.490990
vt 0.577118 0.499400
vt 0.679263 0.501119
vt 0.577119 0.501144
vt 0.679262 0.499375
vt 0.577121 0.502718
vt 0.679264 0.502693
vt 0.679254 0.490955
vt 0.679266 0.503943
vt 0.577122 0.503967
vt 0.577119 0.501159
vt 0.679262 0.499391
vt 0.577118 0.499416
vt 0.679256 0.493405
vt 0.679266 0.504746
vt 0.577123 0.504771
vt 0.679264 0.502706
vt 0.679263 0.501134
vt 0.679267 0.505024
vt 0.577123 0.505049
vt 0.577121 0.502731
vt 0.679267 0.505026
vt 0.816558 0.234123
vt 0.814458 0.232767
vt 0.800451 0.234165
vt 0.803539 0.259972
vt 0.813312 0.222436
vt 0.803539 0.224536
vt 0.803388 0.222436
vt 0.812096 0.250063
vt 0.800193 0.232848
vt 0.816609 0.232848
vt 0.803539 0.226044
vt 0.813448 0.226044
vt 0.794918 0.240154
vt 0.794274 0.249500
vt 0.793630 0.245862
vt 0.813448 0.246482
vt 0.822441 0.249774
vt 0.813445 0.248273
vt 0.822127 0.250063
vt 0.813448 0.250063
vt 0.810541 0.258773
vt 0.810541 0.231444
vt 0.812096 0.240154
vt 0.811993 0.231345
vt 0.813448 0.240154
vt 0.819734 0.237555
vt 0.813448 0.243735
vt 0.813445 0.241944
vt 0.813086 0.241944
vt 0.812096 0.249583
vt 0.813448 0.224536
vt 0.811624 0.226044
vt 0.805364 0.226044
vt 0.805364 0.226044
vt 0.823358 0.244354
vt 0.823358 0.245862
vt 0.526281 0.760185
vt 0.758166 0.725874
vt 0.758172 0.759876
vt 0.526265 0.663385
vt 0.758151 0.636691
vt 0.758156 0.663076
vt 0.526257 0.615357
vt 0.758148 0.615049
vt 0.758145 0.598980
vt 0.526254 0.599289
vt 0.758144 0.589103
vt 0.526253 0.589412
vt 0.758143 0.585799
vt 0.526252 0.586108
vt 0.758144 0.589192
vt 0.526253 0.589501
vt 0.758145 0.599153
vt 0.526254 0.599462
vt 0.758148 0.615299
vt 0.526257 0.615609
vt 0.758151 0.637011
vt 0.526265 0.663762
vt 0.758156 0.663453
vt 0.526270 0.693918
vt 0.758161 0.693609
vt 0.758166 0.726319
vt 0.526275 0.726628
vt 0.758172 0.760328
vt 0.526281 0.760638
vt 0.758178 0.794329
vt 0.526287 0.794638
vt 0.758183 0.827014
vt 0.526292 0.827324
vt 0.758188 0.857128
vt 0.526297 0.857437
vt 0.758192 0.883514
vt 0.526301 0.883823
vt 0.758195 0.905156
vt 0.526305 0.905465
vt 0.758198 0.921224
vt 0.526308 0.931410
vt 0.758200 0.931101
vt 0.758200 0.934406
vt 0.526308 0.931321
vt 0.758200 0.931012
vt 0.526307 0.921360
vt 0.758198 0.921050
vt 0.526305 0.905212
vt 0.758195 0.904904
vt 0.758192 0.883193
vt 0.526301 0.883502
vt 0.758188 0.856752
vt 0.526292 0.826904
vt 0.758183 0.826595
vt 0.758178 0.793885
vt 0.526275 0.726184
vt 0.758161 0.693190
vt 0.526270 0.693499
vt 0.526287 0.794194
vt 0.512230 0.728647
vt 0.498228 0.760282
vt 0.498223 0.735334
vt 0.490958 0.760349
vt 0.490956 0.744452
vt 0.512225 0.698293
vt 0.498220 0.711351
vt 0.490953 0.729171
vt 0.512220 0.670328
vt 0.498216 0.689255
vt 0.490951 0.715092
vt 0.512217 0.645825
vt 0.526260 0.637000
vt 0.498213 0.669895
vt 0.490949 0.702757
vt 0.512213 0.625727
vt 0.498210 0.654014
vt 0.490947 0.692638
vt 0.512211 0.610805
vt 0.498208 0.642224
vt 0.490946 0.685126
vt 0.512209 0.601633
vt 0.498207 0.634977
vt 0.490945 0.680509
vt 0.512209 0.598564
vt 0.498206 0.632552
vt 0.490945 0.678964
vt 0.512209 0.601715
vt 0.498207 0.635041
vt 0.490945 0.680551
vt 0.512211 0.610966
vt 0.498208 0.642350
vt 0.490946 0.685207
vt 0.512213 0.625961
vt 0.498210 0.654198
vt 0.490947 0.692756
vt 0.526260 0.637320
vt 0.512217 0.646123
vt 0.498213 0.670129
vt 0.490949 0.702907
vt 0.512220 0.670679
vt 0.498216 0.689531
vt 0.490951 0.715268
vt 0.512225 0.698683
vt 0.498220 0.711658
vt 0.490953 0.729367
vt 0.512230 0.729060
vt 0.498223 0.735660
vt 0.490956 0.744661
vt 0.512236 0.760643
vt 0.498228 0.760615
vt 0.490959 0.760560
vt 0.512241 0.792219
vt 0.498231 0.785563
vt 0.490961 0.776456
vt 0.512245 0.822572
vt 0.498236 0.809547
vt 0.490964 0.791737
vt 0.512250 0.850538
vt 0.498240 0.831643
vt 0.490966 0.805816
vt 0.512254 0.875040
vt 0.498242 0.851003
vt 0.490968 0.818152
vt 0.512257 0.895139
vt 0.498245 0.866884
vt 0.490969 0.828270
vt 0.526307 0.921534
vt 0.512259 0.910061
vt 0.498247 0.878673
vt 0.490971 0.835783
vt 0.512261 0.919232
vt 0.498248 0.885921
vt 0.490971 0.840400
vt 0.526309 0.934715
vt 0.512262 0.922302
vt 0.498249 0.888345
vt 0.490971 0.841945
vt 0.512261 0.919150
vt 0.498248 0.885855
vt 0.490971 0.840358
vt 0.512259 0.909900
vt 0.498247 0.878546
vt 0.490971 0.835701
vt 0.512257 0.894905
vt 0.498245 0.866698
vt 0.490969 0.828152
vt 0.512254 0.874742
vt 0.498242 0.850768
vt 0.490968 0.818002
vt 0.512250 0.850187
vt 0.526297 0.857060
vt 0.498240 0.831366
vt 0.490966 0.805640
vt 0.512245 0.822183
vt 0.498235 0.809239
vt 0.490963 0.791542
vt 0.512241 0.791805
vt 0.498231 0.785237
vt 0.490961 0.776248
vt 0.512235 0.760222
vt 0.776151 0.728562
vt 0.776156 0.759869
vt 0.789322 0.759901
vt 0.795839 0.746064
vt 0.795842 0.759961
vt 0.789314 0.712929
vt 0.789318 0.735951
vt 0.795837 0.732704
vt 0.776146 0.698466
vt 0.789311 0.691718
vt 0.795835 0.720396
vt 0.776142 0.670738
vt 0.776138 0.646442
vt 0.795833 0.709611
vt 0.789305 0.657889
vt 0.789307 0.673133
vt 0.795832 0.700765
vt 0.776134 0.626514
vt 0.776132 0.611719
vt 0.795831 0.694197
vt 0.776130 0.602626
vt 0.789304 0.646571
vt 0.795830 0.690160
vt 0.789302 0.637286
vt 0.789303 0.639614
vt 0.776130 0.602706
vt 0.776130 0.599582
vt 0.789303 0.639677
vt 0.795830 0.688809
vt 0.789304 0.646693
vt 0.795830 0.690197
vt 0.776132 0.611878
vt 0.776134 0.626747
vt 0.789305 0.658067
vt 0.795831 0.694268
vt 0.776138 0.646738
vt 0.789307 0.673360
vt 0.795832 0.700868
vt 0.776142 0.671085
vt 0.789311 0.691983
vt 0.795833 0.709743
vt 0.776146 0.698852
vt 0.789314 0.713224
vt 0.795835 0.720550
vt 0.789318 0.736265
vt 0.795837 0.732876
vt 0.776156 0.760287
vt 0.776151 0.728971
vt 0.789322 0.760220
vt 0.795839 0.746246
vt 0.776162 0.791594
vt 0.789326 0.784169
vt 0.795842 0.760147
vt 0.776166 0.821689
vt 0.789330 0.807191
vt 0.795844 0.774044
vt 0.776171 0.849418
vt 0.789334 0.828403
vt 0.795846 0.787404
vt 0.776175 0.873714
vt 0.789336 0.846988
vt 0.795848 0.799712
vt 0.776178 0.893642
vt 0.789339 0.862232
vt 0.795850 0.810497
vt 0.776181 0.908437
vt 0.789341 0.873549
vt 0.795851 0.819343
vt 0.776182 0.917531
vt 0.789342 0.880507
vt 0.795853 0.825911
vt 0.776182 0.920574
vt 0.795853 0.831298
vt 0.795853 0.829948
vt 0.776182 0.917450
vt 0.789342 0.882834
vt 0.795853 0.829911
vt 0.776181 0.908278
vt 0.789341 0.873428
vt 0.789342 0.880444
vt 0.795853 0.825839
vt 0.776178 0.893409
vt 0.795851 0.819240
vt 0.776175 0.873418
vt 0.789336 0.846762
vt 0.789339 0.862054
vt 0.795850 0.810366
vt 0.776171 0.849071
vt 0.795848 0.799559
vt 0.789330 0.806896
vt 0.789333 0.828137
vt 0.795846 0.787232
vt 0.776162 0.791185
vt 0.776166 0.821305
vt 0.795844 0.773862
vt 0.789326 0.783856
vt 0.689099 0.505291
vt 0.709065 0.506368
vt 0.709064 0.505286
vt 0.679203 0.491020
vt 0.679200 0.487719
vt 0.689145 0.499375
vt 0.689096 0.501457
vt 0.689147 0.501119
vt 0.689140 0.493388
vt 0.689094 0.499098
vt 0.689098 0.503586
vt 0.689148 0.502693
vt 0.689137 0.490965
vt 0.689083 0.487706
vt 0.689137 0.490955
vt 0.689099 0.505277
vt 0.689149 0.503943
vt 0.689145 0.499391
vt 0.689096 0.501478
vt 0.689094 0.499120
vt 0.679210 0.499120
vt 0.689100 0.506364
vt 0.689150 0.504746
vt 0.689147 0.501134
vt 0.689098 0.503605
vt 0.689101 0.506741
vt 0.689150 0.505024
vt 0.689148 0.502706
vt 0.689150 0.505026
vt 0.689149 0.503953
vt 0.689086 0.490998
vt 0.679212 0.501478
vt 0.699179 0.503600
vt 0.699177 0.501473
vt 0.709059 0.499093
vt 0.709061 0.501452
vt 0.679200 0.487706
vt 0.699164 0.487714
vt 0.699164 0.487701
vt 0.709065 0.506738
vt 0.709063 0.503582
vt 0.709064 0.505273
vt 0.699168 0.491015
vt 0.709065 0.506360
vt 0.700930 0.488615
vt 0.700941 0.501186
vt 0.700945 0.505823
vt 0.709063 0.503600
vt 0.709065 0.506736
vt 0.699175 0.499115
vt 0.709051 0.490993
vt 0.700703 0.499078
vt 0.700705 0.501329
vt 0.700057 0.499105
vt 0.700059 0.501434
vt 0.700707 0.503327
vt 0.700943 0.503054
vt 0.700061 0.503526
vt 0.700944 0.504536
vt 0.700708 0.504911
vt 0.700062 0.505186
vt 0.709945 0.503526
vt 0.709946 0.505186
vt 0.710828 0.504536
vt 0.710593 0.505927
vt 0.710829 0.505486
vt 0.709947 0.506249
vt 0.710593 0.506281
vt 0.710829 0.505823
vt 0.709947 0.506615
vt 0.710825 0.501167
vt 0.710586 0.499057
vt 0.710823 0.499022
vt 0.710588 0.501310
vt 0.709941 0.499083
vt 0.709943 0.501414
vt 0.710590 0.503310
vt 0.709944 0.503509
vt 0.710826 0.503038
vt 0.710592 0.504898
vt 0.710828 0.504524
vt 0.710593 0.505919
vt 0.709946 0.505172
vt 0.709947 0.506241
vt 0.710829 0.505479
vt 0.710593 0.506279
vt 0.709947 0.506613
vt 0.700932 0.491372
vt 0.700693 0.488158
vt 0.700696 0.491183
vt 0.700047 0.487823
vt 0.709933 0.491044
vt 0.709048 0.487701
vt 0.709931 0.487823
vt 0.700932 0.491392
vt 0.700693 0.488171
vt 0.700696 0.491203
vt 0.700050 0.491065
vt 0.710579 0.491183
vt 0.710816 0.491372
vt 0.700047 0.487837
vt 0.700930 0.488628
vt 0.490336 0.484804
vt 0.497868 0.488888
vt 0.490339 0.488890
vt 0.505397 0.488886
vt 0.497865 0.484802
vt 0.512923 0.484799
vt 0.505394 0.484800
vt 0.512927 0.488884
vt 0.489422 0.484789
vt 0.494182 0.484788
vt 0.498403 0.484786
vt 0.494184 0.488863
vt 0.504548 0.484784
vt 0.498944 0.488861
vt 0.508461 0.484782
vt 0.503704 0.488859
vt 0.508464 0.488857
vt 0.520452 0.484780
vt 0.527981 0.484779
vt 0.512923 0.484782
vt 0.490336 0.484788
vt 0.489435 0.508355
vt 0.489435 0.507888
vt 0.494195 0.508353
vt 0.494195 0.507886
vt 0.498955 0.508351
vt 0.498955 0.507885
vt 0.503715 0.508349
vt 0.503715 0.507883
vt 0.508475 0.508347
vt 0.508475 0.507881
vt 0.489434 0.506543
vt 0.494194 0.506541
vt 0.498954 0.506539
vt 0.503714 0.506537
vt 0.508474 0.506535
vt 0.494193 0.504447
vt 0.489433 0.504449
vt 0.498953 0.504446
vt 0.503713 0.504444
vt 0.508473 0.504442
vt 0.489432 0.501813
vt 0.494192 0.501811
vt 0.498951 0.501810
vt 0.503711 0.501808
vt 0.508471 0.501806
vt 0.494190 0.498891
vt 0.503710 0.498887
vt 0.498950 0.498889
vt 0.508469 0.498885
vt 0.513234 0.507889
vt 0.517995 0.508346
vt 0.517994 0.507887
vt 0.508474 0.507891
vt 0.513235 0.508348
vt 0.504565 0.507893
vt 0.508475 0.508350
vt 0.498420 0.507895
vt 0.503715 0.508352
vt 0.494195 0.507896
vt 0.498955 0.508353
vt 0.494195 0.508355
vt 0.528001 0.506549
vt 0.520473 0.507889
vt 0.528002 0.507887
vt 0.520472 0.506550
vt 0.512944 0.507891
vt 0.505413 0.506554
vt 0.512943 0.506552
vt 0.497884 0.506556
vt 0.490355 0.506558
vt 0.490356 0.507896
vt 0.520470 0.504462
vt 0.527999 0.504461
vt 0.512941 0.504464
vt 0.505412 0.504466
vt 0.497883 0.504468
vt 0.490353 0.504470
vt 0.527997 0.501828
vt 0.520468 0.501830
vt 0.512938 0.501832
vt 0.505409 0.501834
vt 0.497880 0.501835
vt 0.490351 0.501837
vt 0.520465 0.498910
vt 0.527994 0.498909
vt 0.512936 0.498912
vt 0.505407 0.498914
vt 0.497878 0.498916
vt 0.490348 0.498918
vt 0.517989 0.498882
vt 0.527985 0.488881
vt 0.460877 0.066230
vt 0.456111 0.056204
vt 0.460871 0.056202
vt 0.451357 0.066234
vt 0.446592 0.056208
vt 0.451352 0.056206
vt 0.441838 0.066237
vt 0.437072 0.056211
vt 0.441832 0.056209
vt 0.460574 0.056231
vt 0.468113 0.066257
vt 0.468103 0.056229
vt 0.445516 0.056235
vt 0.453054 0.066261
vt 0.453045 0.056233
vt 0.437987 0.056236
vt 0.430467 0.066266
vt 0.437996 0.066264
vt 0.484821 0.508359
vt 0.488063 0.508358
vt 0.488063 0.508355
vt 0.484821 0.508356
vt 0.486550 0.508358
vt 0.486550 0.508356
vt 0.793630 0.244354
vt 0.823358 0.245862
vt 0.813448 0.224536
vt 0.811997 0.224536
vt 0.805364 0.226044
vt 0.803539 0.226044
vt 0.813448 0.226044
vt 0.804991 0.224536
vt 0.793630 0.244354
vt 0.811624 0.226044
vt 0.793630 0.245862
vt 0.793630 0.245862
vt 0.804991 0.224536
vt 0.823358 0.244354
vt 0.823358 0.244354
vt 0.823358 0.244354
vt 0.812536 0.226044
vt 0.813204 0.226044
vt 0.804452 0.226044
vt 0.803784 0.226044
vt 0.823358 0.244354
vt 0.823358 0.245862
vt 0.804265 0.224536
vt 0.803734 0.224536
vt 0.812723 0.224536
vt 0.813254 0.224536
vt 0.793630 0.245862
vt 0.811997 0.224536
vt 0.812723 0.224536
vt 0.811997 0.224536
vt 0.804265 0.224536
vt 0.392167 0.481841
vt 0.391242 0.481932
vt 0.390316 0.481841
vt 0.389427 0.481571
vt 0.388606 0.481133
vt 0.387888 0.480543
vt 0.387298 0.479824
vt 0.386859 0.479004
vt 0.386590 0.478114
vt 0.386498 0.477189
vt 0.386590 0.476264
vt 0.386859 0.475374
vt 0.387298 0.474554
vt 0.387888 0.473835
vt 0.388606 0.473245
vt 0.390316 0.472537
vt 0.391242 0.472446
vt 0.392167 0.472537
vt 0.393057 0.472807
vt 0.393877 0.473245
vt 0.394596 0.473835
vt 0.395186 0.474554
vt 0.395894 0.476264
vt 0.395985 0.477189
vt 0.395894 0.478114
vt 0.395624 0.479004
vt 0.395186 0.479824
vt 0.394596 0.480543
vt 0.393877 0.481133
vt 0.297306 0.398438
vt 0.298232 0.398347
vt 0.299121 0.398077
vt 0.299941 0.397638
vt 0.300660 0.397049
vt 0.301250 0.396330
vt 0.301688 0.395510
vt 0.301958 0.394620
vt 0.302049 0.393694
vt 0.301958 0.392769
vt 0.301688 0.391879
vt 0.301250 0.391059
vt 0.300660 0.390340
vt 0.299941 0.389751
vt 0.299121 0.389312
vt 0.297306 0.388951
vt 0.296381 0.389042
vt 0.295491 0.389312
vt 0.294671 0.389751
vt 0.293952 0.390340
vt 0.293362 0.391059
vt 0.292924 0.391879
vt 0.292563 0.393694
vt 0.292654 0.394620
vt 0.292924 0.395510
vt 0.293362 0.396330
vt 0.293952 0.397049
vt 0.294671 0.397638
vt 0.295491 0.398077
vt 0.517994 0.507877
vt 0.517981 0.484779
vt 0.473586 0.489619
vt 0.473594 0.498982
vt 0.473597 0.501709
vt 0.473599 0.504170
vt 0.473601 0.506125
vt 0.473602 0.507381
vt 0.473602 0.507819
vt 0.483603 0.507391
vt 0.336170 0.396208
vt 0.336737 0.394300
vt 0.348538 0.404759
vt 0.811993 0.258871
vt 0.347736 0.394300
vt 0.347732 0.394300
vt 0.337600 0.418905
vt 0.351473 0.419035
vt 0.349388 0.418547
vt 0.333235 0.419036
vt 0.345678 0.419036
vt 0.336976 0.406668
vt 0.403553 0.386709
vt 0.403553 0.436181
vt 0.415921 0.423813
vt 0.812239 0.231787
vt 0.813312 0.259972
vt 0.794918 0.250063
vt 0.793803 0.247963
vt 0.822777 0.249500
vt 0.811993 0.258872
vt 0.813448 0.231406
vt 0.823202 0.247963
vt 0.812096 0.240634
vt 0.813086 0.248272
vt 0.811624 0.226044
vt 0.689083 0.487719
vt 0.679214 0.503605
vt 0.700945 0.505822
vt 0.700945 0.505479
vt 0.700944 0.504524
vt 0.700943 0.503038
vt 0.700941 0.501167
vt 0.700939 0.499022
vt 0.700939 0.499041
vt 0.700945 0.505486
vt 0.710592 0.504911
vt 0.710829 0.505822
vt 0.700050 0.491044
vt 0.456117 0.066232
vt 0.446597 0.066235
vt 0.437078 0.066239
vt 0.460583 0.066259
vt 0.445525 0.066262
vt 0.430458 0.056238
vt 0.803734 0.224536
vt 0.812723 0.224536
vt 0.813254 0.224536
vt 0.813254 0.224536
vt 0.803734 0.224536
vt 0.813449 0.226044
vt 0.804452 0.226044
vt 0.803784 0.226044
vt 0.803784 0.226044
s 1
usemtl Color
f 128/1/1 1321/2/2 1352/3/3
f 129/4/4 1355/5/5 133/5/5
f 137/6/6 1356/7/7 1357/6/6
f 137/6/6 1358/8/8 139/8/8
f 139/8/8 1359/9/9 141/9/9
f 143/10/10 1359/9/9 1360/10/10
f 143/10/10 1361/11/11 145/11/11
f 147/12/12 1361/11/11 1362/12/12
f 147/12/12 1363/13/13 149/13/13
f 151/14/14 1363/13/13 1364/14/14
f 153/15/15 1364/14/14 1365/15/15
f 153/15/15 1366/16/16 155/16/16
f 157/17/17 1366/16/16 1367/17/17
f 159/18/18 1367/17/17 1368/18/18
f 161/19/19 1368/18/18 1369/19/19
f 163/20/20 1369/19/19 1370/20/20
f 165/21/21 1370/20/20 1371/21/21
f 167/22/22 1371/21/21 1372/22/22
f 167/22/22 1373/23/23 169/23/23
f 171/24/24 1373/23/23 1374/24/24
f 173/25/25 1374/24/24 1375/25/25
f 173/25/25 1376/26/26 175/26/26
f 177/27/27 1376/26/26 1377/27/27
f 179/28/28 1377/27/27 1378/28/28
f 179/28/28 1379/29/29 181/29/29
f 183/30/30 1379/29/29 1380/30/30
f 183/30/30 1381/31/31 185/31/31
f 185/31/31 1382/32/32 187/32/32
f 189/33/33 1382/32/32 1383/33/33
f 189/33/33 1384/34/34 191/34/34
f 1337/35/35 100/36/36 1338/37/36
f 133/5/5 1356/7/7 135/7/37
f 316/38/16 253/39/15 314/39/15
f 101/21/38 168/22/38 103/22/38
f 1346/40/39 118/41/40 1347/42/40
f 1324/43/41 74/44/42 1325/45/42
f 1333/46/43 92/47/44 1334/48/44
f 1342/49/45 110/50/46 1343/51/46
f 1351/52/47 128/1/1 1352/3/3
f 82/53/48 1330/54/49 1329/55/48
f 100/36/36 1339/56/50 1338/37/36
f 118/41/40 1348/57/51 1347/42/40
f 1325/45/42 76/58/52 1326/59/52
f 1334/48/44 94/60/53 1335/61/53
f 110/50/46 1344/62/54 1343/51/46
f 1330/54/49 86/63/55 1331/64/55
f 1339/56/50 104/65/56 1340/66/56
f 120/67/57 1349/68/58 1348/57/51
f 76/58/52 1327/69/59 1326/59/52
f 1335/61/53 96/70/60 1336/71/60
f 1344/62/54 114/72/61 1345/73/61
f 1321/74/2 68/75/62 1322/76/62
f 68/75/62 1323/77/63 1322/76/62
f 86/63/55 1332/78/64 1331/64/55
f 1340/66/56 106/79/65 1341/80/65
f 1349/68/58 124/81/66 1350/82/66
f 78/83/59 1328/84/67 1327/69/59
f 96/70/60 1337/35/35 1336/71/60
f 114/72/61 1346/40/39 1345/73/61
f 1323/77/63 72/85/41 1324/43/41
f 88/86/64 1333/46/43 1332/78/64
f 1341/80/65 108/87/45 1342/49/45
f 124/81/66 1351/52/47 1350/82/66
f 1328/84/67 82/53/48 1329/55/48
f 51/88/38 43/89/38 35/90/38
f 77/9/38 140/8/38 142/9/38
f 105/23/38 168/22/38 170/23/38
f 77/9/38 144/10/38 79/10/38
f 105/23/38 172/24/38 107/24/38
f 79/10/38 146/11/38 81/11/38
f 107/24/38 174/25/38 109/25/38
f 83/12/38 146/11/38 148/12/38
f 111/26/38 174/25/38 176/26/38
f 83/12/38 150/13/38 85/13/38
f 113/27/38 176/26/38 178/27/38
f 87/14/38 150/13/38 152/14/38
f 113/27/38 180/28/38 115/28/38
f 87/14/38 154/15/38 89/15/38
f 117/29/38 180/28/38 182/29/38
f 91/16/38 154/15/38 156/16/38
f 117/29/38 184/30/38 119/30/38
f 93/17/38 156/16/38 158/17/38
f 67/4/38 134/5/38 69/5/38
f 119/30/38 186/31/38 121/31/38
f 93/17/38 160/18/38 95/18/38
f 132/91/68 1384/34/34 34/91/68
f 123/32/38 186/31/38 188/32/38
f 97/19/38 160/18/38 162/19/38
f 71/7/38 134/5/38 136/7/38
f 123/32/38 190/33/38 125/33/38
f 99/20/38 162/19/38 164/20/38
f 71/7/38 138/6/38 73/6/38
f 127/34/38 190/33/38 192/34/38
f 101/21/38 164/20/38 166/21/38
f 73/6/38 140/8/38 75/8/38
f 127/34/38 131/91/38 66/91/38
f 65/92/69 1388/4/70 1385/75/70
f 1385/75/70 1390/5/71 1389/93/71
f 1391/85/72 1390/5/71 1392/7/72
f 1393/44/73 1392/7/72 1394/6/73
f 1393/44/73 1396/8/74 1395/58/74
f 1395/58/74 1398/9/75 1397/83/75
f 1397/83/75 1400/10/76 1399/94/76
f 1401/53/77 1400/10/76 1402/11/77
f 1403/95/78 1402/11/77 1404/12/78
f 1403/95/78 1406/13/79 1405/63/79
f 1405/63/79 1408/14/80 1407/86/80
f 1409/96/81 1408/14/80 1410/15/81
f 1411/47/82 1410/15/81 1412/16/82
f 1413/60/83 1412/16/82 1414/17/83
f 1415/70/84 1414/17/83 1416/18/84
f 1415/70/84 1418/19/85 1417/97/85
f 1417/97/85 1420/20/86 1419/36/86
f 1419/36/86 1422/21/87 1421/98/87
f 1421/98/87 1424/22/88 1423/65/88
f 1425/79/89 1424/22/88 1426/23/89
f 1427/87/90 1426/23/89 1428/24/90
f 1429/50/91 1428/24/90 1430/25/91
f 1431/99/92 1430/25/91 1432/26/92
f 1433/72/93 1432/26/92 1434/27/93
f 1435/100/94 1434/27/93 1436/28/94
f 1437/41/95 1436/28/94 1438/29/95
f 1439/67/96 1438/29/95 1440/30/96
f 1439/67/96 1442/31/97 1441/101/97
f 1441/101/97 1444/32/98 1443/81/98
f 1445/102/99 1444/32/98 1446/33/99
f 1447/1/100 1446/33/99 1448/34/100
f 65/103/69 1448/34/100 1387/91/69
f 129/4/4 34/104/68 33/4/4
f 1449/4/101 1451/104/102 1452/4/101
f 1449/4/101 1454/5/103 1453/5/103
f 1455/7/104 1454/5/103 1456/7/104
f 1457/6/105 1456/7/104 1458/6/105
f 1459/8/106 1458/6/105 1460/8/106
f 1459/8/106 1462/9/107 1461/9/107
f 1463/10/108 1462/9/107 1464/10/108
f 1463/10/108 1466/11/109 1465/11/109
f 1467/12/110 1466/11/109 1468/12/110
f 1467/12/110 1470/13/111 1469/13/111
f 1471/14/112 1470/13/111 1472/14/112
f 1473/15/113 1472/14/112 1474/15/113
f 1475/16/114 1474/15/113 1476/16/114
f 1475/16/114 1478/17/115 1477/17/115
f 1477/17/115 1480/18/116 1479/18/116
f 1479/18/116 1482/19/117 1481/19/117
f 1481/19/117 1484/20/118 1483/20/118
f 1485/21/119 1484/20/118 1486/21/119
f 1485/21/119 1488/22/120 1487/22/120
f 1489/23/121 1488/22/120 1490/23/121
f 1491/24/122 1490/23/121 1492/24/122
f 1491/24/122 1494/25/123 1493/25/123
f 1493/25/123 1496/26/124 1495/26/124
f 1497/27/125 1496/26/124 1498/27/125
f 1497/27/125 1500/28/126 1499/28/126
f 1499/28/126 1502/29/127 1501/29/127
f 1501/29/127 1504/30/128 1503/30/128
f 1503/30/128 1506/31/129 1505/31/129
f 1507/32/130 1506/31/129 1508/32/130
f 1509/33/131 1508/32/130 1510/33/131
f 1511/34/132 1510/33/131 1512/34/132
f 1450/91/133 1512/34/132 1451/91/102
f 67/4/38 131/104/38 130/4/38
f 282/105/31 236/106/134 280/106/30
f 290/107/68 1587/108/34 288/108/34
f 262/109/21 228/110/22 227/109/21
f 316/38/16 255/111/17 254/38/16
f 292/112/4 1588/107/68 290/107/68
f 266/113/23 228/110/22 264/110/135
f 320/114/18 255/111/17 318/111/17
f 292/112/4 1590/115/5 1589/112/4
f 268/116/24 229/113/23 266/113/23
f 1539/117/136 1522/118/137 202/118/137
f 296/119/7 1590/115/5 294/115/5
f 268/116/24 1578/120/25 230/116/24
f 2/121/38 258/122/38 1/122/38
f 298/123/6 244/119/37 296/119/7
f 272/124/26 1578/120/25 270/120/25
f 298/123/6 1593/125/8 245/123/6
f 272/124/26 233/126/27 232/124/26
f 302/118/9 1593/125/8 300/125/8
f 276/127/28 233/126/27 274/126/27
f 304/117/10 247/118/9 302/118/9
f 276/127/28 235/128/29 1581/127/28
f 304/117/10 1596/129/11 248/117/10
f 11/128/38 1631/106/38 1629/128/38
f 306/129/11 250/130/12 1596/129/11
f 280/106/30 235/128/29 278/128/29
f 310/131/13 250/130/12 308/130/12
f 284/132/32 1584/105/31 282/105/31
f 310/131/13 252/133/138 251/131/13
f 284/132/32 1586/134/33 238/132/32
f 314/39/15 252/133/138 312/133/14
f 288/108/34 1586/134/33 286/134/33
f 320/114/18 1572/135/19 256/114/18
f 239/134/38 1544/132/38 1585/132/38
f 26/130/38 1657/129/38 25/129/38
f 12/106/38 1633/105/38 1631/106/38
f 26/130/38 1661/131/38 1659/130/38
f 13/105/38 1635/132/38 1633/105/38
f 28/133/38 1661/131/38 27/131/38
f 14/132/38 1637/134/38 1635/132/38
f 1/135/38 1671/114/38 32/114/38
f 28/133/38 1665/39/38 1663/133/38
f 15/134/38 1639/108/38 1637/134/38
f 2/121/38 1613/109/38 1610/121/38
f 30/38/38 1665/39/38 29/39/38
f 17/107/38 1639/108/38 16/108/38
f 3/109/38 1615/110/38 1613/109/38
f 30/38/38 1669/111/38 1667/38/38
f 18/112/38 1641/107/38 17/107/38
f 4/110/38 1617/113/38 1615/110/38
f 31/111/38 1671/114/38 1669/111/38
f 19/115/38 1643/112/38 18/112/38
f 6/116/38 1617/113/38 5/113/38
f 262/109/21 226/121/20 260/121/20
f 19/115/38 1647/119/38 1645/115/38
f 7/120/38 1619/116/38 6/116/38
f 20/119/38 1649/123/38 1647/119/38
f 8/124/38 1621/120/38 7/120/38
f 21/123/38 1651/125/38 1649/123/38
f 8/124/38 1625/126/38 1623/124/38
f 22/125/38 1653/118/38 1651/125/38
f 10/127/38 1625/126/38 9/126/38
f 23/118/38 1655/117/38 1653/118/38
f 11/128/38 1627/127/38 10/127/38
f 25/129/38 1655/117/38 24/117/38
f 259/121/118 1612/122/117 1609/122/117
f 259/121/118 1614/109/119 1611/121/118
f 263/110/120 1614/109/119 261/109/119
f 263/110/120 1618/113/139 1616/110/120
f 265/113/139 1620/116/122 1618/113/139
f 269/120/123 1620/116/122 267/116/122
f 271/124/124 1622/120/123 269/120/123
f 271/124/124 1626/126/125 1624/124/124
f 273/126/125 1628/127/126 1626/126/125
f 277/128/127 1628/127/126 275/127/126
f 279/106/128 1630/128/127 277/128/127
f 281/105/140 1632/106/128 279/106/128
f 283/132/130 1634/105/140 281/105/140
f 285/134/131 1636/132/130 283/132/130
f 285/134/131 1640/108/132 1638/134/131
f 287/108/132 1642/107/102 1640/108/132
f 289/107/102 1644/112/101 1642/107/102
f 291/112/101 1646/115/103 1644/112/101
f 293/115/103 1648/119/104 1646/115/103
f 297/123/141 1648/119/104 295/119/104
f 299/125/106 1650/123/141 297/123/141
f 301/118/107 1652/125/106 299/125/106
f 303/117/108 1654/118/107 301/118/107
f 303/117/108 1658/129/142 1656/117/108
f 307/130/110 1658/129/142 305/129/142
f 309/131/111 1660/130/110 307/130/110
f 311/133/112 1662/131/111 309/131/111
f 313/39/143 1664/133/112 311/133/112
f 315/38/114 1666/39/113 313/39/143
f 315/38/114 1670/111/115 1668/38/114
f 317/111/115 1672/114/116 1670/111/115
f 1609/135/117 1672/114/116 319/114/116
f 260/121/20 1572/122/19 257/122/19
f 1573/121/38 1533/122/38 225/122/38
f 1600/39/38 1567/133/38 1599/133/38
f 240/108/38 1545/134/38 239/134/38
f 1574/109/38 1561/121/38 1573/121/38
f 1600/39/38 1535/38/38 1534/39/38
f 241/107/38 1571/108/38 240/108/38
f 1575/110/38 1562/109/38 1574/109/38
f 1601/38/38 1566/111/38 1535/38/38
f 242/112/38 1542/107/38 241/107/38
f 1575/110/38 1550/113/38 1559/110/38
f 1603/114/38 1566/111/38 1602/111/38
f 243/115/38 1543/112/38 242/112/38
f 1576/113/38 1551/116/38 1550/113/38
f 225/135/38 1532/114/38 1603/114/38
f 1591/119/38 1570/115/38 243/115/38
f 231/120/38 1551/116/38 1577/116/38
f 1592/123/38 1540/119/38 1591/119/38
f 1579/124/38 1557/120/38 231/120/38
f 1592/123/38 1569/125/38 1541/123/38
f 1579/124/38 1549/126/38 1548/124/38
f 246/125/38 1538/118/38 1569/125/38
f 234/127/38 1549/126/38 1580/126/38
f 1594/118/38 201/117/38 1538/118/38
f 234/127/38 1546/128/38 1554/127/38
f 249/129/38 201/117/38 1595/117/38
f 1582/128/38 1547/106/38 1546/128/38
f 1597/130/38 1568/129/38 249/129/38
f 1583/106/38 1555/105/38 1547/106/38
f 1597/130/38 1537/131/38 1536/130/38
f 237/105/38 1544/132/38 1555/105/38
f 1598/131/38 1567/133/38 1537/131/38
f 1531/135/19 364/114/18 321/114/18
f 217/124/144 1525/120/145 218/120/145
f 204/123/146 1606/119/147 205/119/147
f 194/111/148 1524/114/149 1523/111/148
f 207/112/150 1558/107/151 208/107/151
f 215/127/152 1565/126/153 216/126/153
f 210/134/154 1529/132/155 211/132/155
f 197/133/156 1607/39/157 1553/133/156
f 221/110/158 1527/113/159 1516/110/158
f 214/128/160 1517/106/161 1608/128/160
f 216/126/153 1526/124/144 217/124/144
f 194/111/148 1564/38/162 195/38/162
f 199/130/163 1514/129/164 200/129/164
f 218/120/145 1528/116/165 219/116/166
f 219/116/166 1527/113/159 220/113/159
f 222/109/167 1563/121/168 223/121/168
f 207/112/150 1520/115/169 1519/112/150
f 197/133/156 1552/131/170 198/131/170
f 203/125/171 1522/118/137 1521/125/171
f 203/125/171 1605/123/146 204/123/146
f 214/128/160 1604/127/152 215/127/152
f 222/109/167 1516/110/158 1515/109/167
f 212/105/172 1529/132/155 1518/105/172
f 200/129/164 1513/117/136 1539/117/136
f 206/115/169 1606/119/147 1520/115/169
f 210/134/154 1556/108/173 1530/134/154
f 193/114/149 322/135/174 1524/114/149
f 209/108/173 1558/107/151 1556/108/173
f 195/38/162 1607/39/157 196/39/157
f 224/122/174 1563/121/168 322/122/174
f 212/105/172 1517/106/161 213/106/161
f 199/130/163 1552/131/170 1560/130/163
f 1694/136/175 1673/137/175 1684/138/175
f 343/120/25 368/116/24 340/116/24
f 344/110/176 367/113/23 356/110/176
f 338/126/27 366/124/26 337/124/26
f 338/126/27 380/127/28 379/126/27
f 1531/122/19 377/121/20 1691/122/19
f 341/127/28 384/128/29 380/127/28
f 331/107/68 359/112/4 375/107/68
f 352/108/34 375/107/68 374/108/34
f 328/117/10 354/129/11 353/117/10
f 346/109/21 356/110/176 355/109/21
f 335/128/29 357/106/30 384/128/29
f 326/131/177 376/130/12 325/130/12
f 350/125/8 381/123/6 330/123/6
f 336/106/134 358/105/31 357/106/30
f 325/130/12 354/129/11 349/129/11
f 332/112/4 360/115/5 359/112/4
f 330/123/6 382/119/7 329/119/7
f 327/118/9 361/125/8 350/125/8
f 348/133/14 372/131/177 326/131/177
f 351/115/5 382/119/7 360/115/5
f 321/114/18 363/111/17 347/111/17
f 324/38/16 383/39/15 323/39/15
f 345/121/20 355/109/21 377/121/20
f 337/124/26 365/120/25 343/120/25
f 347/111/17 378/38/16 324/38/16
f 340/116/24 367/113/23 339/113/23
f 323/39/15 373/133/14 348/133/14
f 334/134/33 369/132/32 333/132/32
f 342/105/31 369/132/32 358/105/31
f 328/117/10 362/118/9 327/118/9
f 334/134/33 374/108/34 370/134/33
f 1717/139/38 1739/140/38 1705/141/38
f 2177/142/68 1714/143/178 2138/144/179
f 2143/145/180 1743/146/19 1751/147/19
f 1773/148/27 1791/149/27 1793/150/27
f 2138/144/179 1715/151/181 1119/152/181
f 1119/152/181 399/139/182 1125/153/182
f 399/139/182 1131/154/183 1125/153/182
f 1719/155/183 1137/156/184 1131/154/183
f 1721/157/184 2140/158/185 1137/159/184
f 2153/160/180 1728/161/186 1155/162/186
f 1155/162/186 1730/163/187 1161/164/187
f 1730/163/187 1167/165/188 1161/164/187
f 1732/166/189 1173/167/190 1167/165/188
f 1173/167/190 1737/168/191 1179/169/191
f 1745/170/27 1765/171/27 2157/172/27
f 1746/173/23 1749/174/23 2162/175/23
f 1758/176/31 1763/177/31 2192/178/31
f 404/179/38 1808/180/38 403/181/38
f 1756/182/38 1772/148/38 1774/183/38
f 1729/184/38 1711/185/38 1725/186/38
f 1735/187/192 1710/188/38 1767/189/38
f 396/143/38 1774/183/38 1741/190/38
f 1726/191/38 1768/192/38 1742/146/38
f 1724/193/192 1709/194/38 1710/188/38
f 1735/187/192 1766/195/38 1733/196/38
f 398/155/38 1705/141/38 1706/197/38
f 1731/198/38 1708/199/38 1729/184/38
f 1742/146/38 1770/200/38 1744/201/38
f 1725/186/38 1740/202/38 1726/191/38
f 400/151/38 1741/190/38 1739/140/38
f 397/203/38 1706/197/38 1709/204/38
f 1733/196/38 1707/205/38 1731/198/38
f 1754/206/38 1770/207/38 1772/148/38
f 1787/208/38 1776/209/38 1792/150/38
f 421/194/184 438/210/193 422/188/193
f 388/190/178 1795/211/68 442/212/178
f 423/185/186 436/213/187 439/214/186
f 421/204/184 434/215/183 437/216/184
f 1769/192/19 441/217/194 1789/218/19
f 388/190/178 440/219/181 387/140/181
f 427/195/195 435/220/189 426/205/188
f 428/189/191 443/221/190 427/195/195
f 428/189/191 438/210/193 444/222/191
f 430/200/23 445/218/23 446/223/23
f 386/141/182 434/215/183 385/197/183
f 387/140/181 433/209/196 386/141/182
f 432/183/31 447/150/31 448/211/31
f 425/199/187 435/220/189 436/213/187
f 424/202/194 439/214/186 441/217/194
f 527/224/197 611/225/198 491/225/199
f 495/226/200 579/227/201 584/226/202
f 503/228/203 591/229/204 558/229/205
f 1864/230/206 1859/231/207 1855/232/208
f 1810/233/23 1835/234/23 1812/235/23
f 1720/236/38 1801/237/38 1800/238/38
f 406/239/38 1806/240/38 405/241/38
f 1716/242/38 1799/243/38 1798/244/38
f 1764/245/38 1815/246/38 1817/247/38
f 1713/248/38 1796/249/38 1797/250/38
f 403/181/38 1809/251/38 401/252/38
f 1750/253/38 1802/254/38 402/255/38
f 405/241/38 1807/256/38 404/179/38
f 401/252/38 1801/237/38 1722/257/38
f 1764/245/38 1811/233/38 1748/258/38
f 1718/259/38 1800/238/38 1799/243/38
f 1748/258/38 1813/235/38 1750/253/38
f 402/255/38 1805/260/38 406/239/38
f 1762/261/38 1797/250/38 1815/246/38
f 1712/262/38 1798/244/38 1796/249/38
f 1836/234/175 1970/263/175 1972/264/175
f 454/237/193 1823/265/184 453/238/184
f 1816/246/31 1840/266/31 1818/247/31
f 1803/254/209 1828/267/186 456/260/186
f 1814/235/210 2127/234/210 2123/235/210
f 456/260/186 1829/268/187 457/240/187
f 1841/266/27 1944/269/27 464/247/27
f 458/256/189 1829/268/187 1830/270/189
f 449/249/181 1820/271/178 450/250/178
f 450/250/178 1839/272/68 463/246/68
f 458/256/189 1831/273/190 459/180/190
f 451/244/182 1819/274/181 449/249/181
f 459/180/190 1832/275/191 460/251/191
f 451/244/182 1822/276/183 1821/277/182
f 460/251/191 1824/278/193 454/237/193
f 453/238/184 1822/276/183 452/243/183
f 2013/279/211 2035/280/212 1848/281/19
f 2033/282/213 1999/283/214 1846/284/68
f 1845/284/215 1849/281/216 2011/284/216
f 2025/285/217 2267/285/217 2265/285/217
f 2030/286/218 2005/287/219 1998/288/220
f 495/226/200 1867/289/221 544/289/222
f 553/290/223 579/227/201 500/227/224
f 516/291/225 626/292/226 523/292/227
f 508/293/228 575/294/229 595/293/230
f 544/295/222 1866/296/68 575/297/229
f 503/228/203 604/298/231 608/228/232
f 516/291/225 617/299/233 621/291/234
f 511/300/235 630/301/236 634/300/237
f 580/227/238 629/290/239 625/227/240
f 515/302/241 499/303/242 496/304/243
f 528/305/244 561/306/245 535/307/246
f 1871/295/247 1889/308/248 1883/297/249
f 566/309/250 531/310/251 539/311/252
f 508/293/228 600/312/253 562/312/254
f 531/310/251 557/313/255 512/314/256
f 562/312/254 604/298/231 565/298/257
f 558/229/205 587/290/258 553/290/223
f 524/315/259 554/316/260 499/303/242
f 596/293/261 638/312/262 599/312/263
f 603/298/264 650/228/265 607/228/266
f 592/229/267 629/290/239 588/290/268
f 583/226/269 625/227/240 622/226/270
f 607/228/266 633/229/271 592/229/267
f 570/289/272 622/226/270 616/289/273
f 574/294/274 641/293/275 596/293/261
f 599/312/263 646/298/276 603/298/264
f 532/317/277 645/318/278 540/318/279
f 536/319/280 645/318/278 637/319/281
f 535/307/246 566/309/250 539/311/252
f 528/305/244 549/320/282 507/321/283
f 515/302/241 543/322/284 486/323/285
f 532/317/277 634/300/237 649/317/286
f 527/224/197 637/319/281 642/224/287
f 554/324/260 512/314/256 557/313/255
f 519/301/288 626/292/226 630/301/236
f 485/325/289 488/325/290 1856/326/291
f 488/325/290 1854/325/292 1856/326/291
f 489/325/293 1855/325/208 487/326/294
f 1857/327/295 1858/328/296 1859/329/207
f 493/328/297 494/330/298 492/329/299
f 494/330/298 491/331/199 492/329/299
f 1860/322/300 1861/332/301 1862/289/302
f 546/332/303 547/333/304 545/289/305
f 547/333/304 544/334/222 545/289/305
f 548/297/306 551/297/307 1865/335/308
f 551/297/307 1863/297/309 1865/335/308
f 552/297/310 1864/297/206 550/335/311
f 569/295/312 1868/295/313 571/296/314
f 1868/295/313 1870/295/315 571/296/314
f 1870/295/315 1871/336/247 571/296/314
f 1872/294/316 1873/294/317 1877/337/318
f 1873/294/317 1874/294/319 1877/337/318
f 1874/294/319 1876/294/320 1877/337/318
f 1879/225/321 1880/225/322 1878/338/323
f 1880/225/322 1882/225/324 1878/338/323
f 1882/225/324 1883/339/249 1878/338/323
f 1884/295/325 1885/295/326 1889/308/248
f 1885/295/326 1886/295/327 1889/308/248
f 1886/295/327 1888/295/328 1889/308/248
f 500/227/224 497/226/329 502/227/330
f 502/227/330 498/340/331 1890/341/332
f 501/341/333 496/304/243 499/303/242
f 523/292/227 518/291/334 516/291/225
f 525/292/335 517/342/336 518/291/334
f 526/343/337 515/302/241 517/342/336
f 523/292/227 521/301/338 525/292/335
f 525/292/335 1892/344/339 1891/343/340
f 526/343/337 520/345/341 524/315/259
f 519/301/288 513/300/342 521/301/338
f 521/301/338 514/346/343 1892/344/339
f 522/344/344 512/314/256 520/345/341
f 536/319/280 1893/224/345 538/319/346
f 538/319/346 530/347/347 537/348/348
f 537/348/348 528/305/244 535/307/246
f 540/318/279 538/319/346 542/318/349
f 542/318/349 537/348/348 541/349/350
f 541/349/350 535/307/246 539/311/252
f 540/318/279 1894/317/351 532/317/277
f 542/318/349 533/350/352 534/317/353
f 541/349/350 531/310/251 533/350/352
f 485/299/289 518/291/334 488/299/290
f 488/299/290 517/342/336 1854/351/292
f 1854/351/292 515/302/241 486/323/285
f 511/300/235 1894/317/351 513/300/342
f 513/300/342 533/350/352 514/346/343
f 514/346/343 531/310/251 512/314/256
f 491/225/199 1893/224/345 527/224/197
f 494/225/298 530/347/347 529/224/354
f 493/352/297 528/305/244 530/347/347
f 553/290/223 560/229/355 558/229/205
f 555/290/356 559/353/357 560/229/355
f 556/354/358 557/313/255 559/353/357
f 565/298/257 564/312/359 562/312/254
f 567/298/360 563/355/361 564/312/359
f 568/356/362 561/306/245 563/355/361
f 580/227/238 585/357/363 1896/358/364
f 582/358/365 586/359/366 581/360/367
f 581/360/367 584/226/202 579/227/201
f 580/227/238 590/361/368 588/290/268
f 582/358/365 589/362/369 590/361/368
f 581/360/367 587/290/258 589/362/369
f 588/290/268 594/363/370 592/229/267
f 590/361/368 593/229/371 594/363/370
f 589/362/369 591/229/204 593/229/371
f 599/312/263 598/364/372 596/293/261
f 601/365/373 1897/366/374 598/364/372
f 602/367/375 595/293/230 597/366/376
f 603/298/264 601/365/373 599/312/263
f 605/368/377 602/367/375 601/365/373
f 606/369/378 600/312/253 602/367/375
f 603/298/264 609/370/379 605/368/377
f 605/368/377 610/371/380 606/369/378
f 606/369/378 608/228/232 604/298/231
f 570/289/272 585/357/363 583/226/269
f 573/372/381 586/359/366 585/357/363
f 572/373/382 584/226/202 586/359/366
f 592/229/267 609/370/379 607/228/266
f 594/363/370 610/371/380 609/370/379
f 593/229/371 608/228/232 610/371/380
f 595/293/230 1875/374/383 597/366/376
f 1897/366/374 577/375/384 598/364/372
f 598/364/372 574/294/274 596/293/261
f 625/227/240 624/376/385 622/226/270
f 627/377/386 623/378/387 624/376/385
f 628/379/388 621/291/234 623/380/387
f 625/227/240 1899/381/389 1898/382/390
f 627/382/386 632/290/391 628/227/388
f 628/383/388 630/301/236 626/292/226
f 629/290/239 635/384/392 1899/385/389
f 631/385/393 1900/386/394 632/290/391
f 632/387/391 634/300/237 630/301/236
f 638/312/262 643/388/395 640/389/396
f 640/389/396 1901/390/397 639/312/398
f 639/391/398 642/224/287 637/319/281
f 646/298/276 640/392/396 1902/393/399
f 648/393/400 639/312/398 647/298/401
f 647/394/401 637/319/281 645/318/278
f 646/298/276 652/395/402 650/228/265
f 648/396/400 1903/397/403 652/395/402
f 647/398/401 649/317/286 651/399/404
f 616/289/273 624/400/385 619/401/405
f 619/401/405 623/226/387 1887/289/406
f 620/402/407 621/291/234 617/299/233
f 633/229/271 652/403/402 635/404/392
f 635/404/392 1903/228/403 1900/229/394
f 636/300/408 649/317/286 634/300/237
f 612/294/409 643/405/395 641/293/275
f 615/406/410 1901/293/397 643/405/395
f 614/407/411 642/224/287 644/408/412
f 500/227/224 555/290/356 553/290/223
f 502/227/330 1895/354/413 555/290/356
f 501/341/333 554/316/260 556/354/358
f 562/312/254 1904/293/414 508/293/228
f 564/312/359 509/409/415 510/293/416
f 563/355/361 507/321/283 509/409/415
f 565/298/257 1905/228/417 567/298/360
f 567/298/360 506/410/418 568/356/362
f 568/356/362 504/411/419 566/309/250
f 544/289/222 497/226/329 495/226/200
f 547/289/304 498/340/331 497/226/329
f 546/412/303 496/304/243 498/340/331
f 558/229/205 1905/228/417 503/228/203
f 560/229/355 506/410/418 505/228/420
f 559/353/357 504/411/419 506/410/418
f 507/321/283 1863/413/309 509/409/415
f 509/409/415 551/294/307 510/293/416
f 1904/293/414 548/294/306 508/293/228
f 491/414/199 613/415/19 617/325/233
f 1908/416/11 1912/417/11 1906/418/11
f 1915/419/19 1918/420/19 1926/421/19
f 1917/422/27 1920/423/27 1919/420/27
f 1925/424/68 1909/425/68 1934/426/68
f 661/427/421 1921/423/422 1924/428/421
f 1913/429/423 680/430/424 1930/431/424
f 670/432/425 1923/433/426 660/422/426
f 1933/434/427 1938/435/425 670/432/425
f 1932/436/428 1939/437/427 1933/434/427
f 1931/438/429 1940/439/428 1932/436/428
f 1930/431/424 1941/440/429 1931/438/429
f 1914/441/430 653/442/431 1907/443/431
f 1929/444/432 671/445/430 1914/441/430
f 1928/446/433 1935/447/432 1929/444/432
f 1927/448/434 1936/449/433 1928/446/433
f 661/427/421 1937/450/434 1927/448/434
f 657/423/68 676/451/68 675/452/68
f 675/452/68 677/453/68 674/454/68
f 674/454/68 678/455/68 673/456/68
f 673/456/68 679/457/68 672/458/68
f 679/457/68 1934/426/68 672/458/68
f 655/418/19 666/459/19 665/460/19
f 665/460/19 667/461/19 664/462/19
f 667/461/19 663/463/19 664/462/19
f 668/464/19 662/465/19 663/463/19
f 669/466/19 1926/421/19 662/465/19
f 1949/467/19 1953/468/19 1945/269/19
f 464/247/27 1942/469/27 461/233/27
f 1834/470/27 1942/469/27 1946/471/27
f 1841/266/27 1946/471/27 1948/467/27
f 1952/468/27 1954/472/27 1950/473/27
f 684/467/38 1955/472/38 688/474/38
f 1943/469/68 687/472/68 683/471/68
f 681/469/175 686/468/175 685/473/175
f 1962/475/184 1981/476/183 692/477/183
f 470/278/175 693/478/175 469/265/175
f 479/272/175 1976/479/175 480/266/175
f 472/267/175 1964/480/175 1965/481/175
f 1826/482/175 1972/264/175 1964/480/175
f 473/268/175 1965/481/175 1966/483/175
f 480/266/175 1970/263/175 477/470/175
f 474/270/175 1966/483/175 1967/484/175
f 465/274/175 1959/485/175 466/271/175
f 466/271/175 1974/486/175 479/272/175
f 475/273/175 1967/484/175 1968/487/175
f 467/277/175 1958/488/175 465/274/175
f 476/275/175 1968/487/175 1969/489/175
f 468/276/175 1960/490/175 467/277/175
f 476/275/175 1963/491/175 470/278/175
f 469/265/175 1961/492/175 468/276/175
f 709/493/435 2073/494/436 1033/495/437
f 1971/496/23 1992/497/23 1973/498/23
f 694/499/193 1982/500/184 1962/475/184
f 1975/501/31 1996/502/31 1977/503/31
f 695/504/194 1985/505/186 696/506/186
f 702/498/19 1984/507/194 695/504/194
f 697/508/187 1985/505/186 1986/509/187
f 704/503/27 1991/510/27 701/496/27
f 697/508/187 1987/511/189 698/512/189
f 689/513/181 1979/514/178 690/515/178
f 703/501/68 1979/514/178 1995/516/68
f 698/512/189 1988/517/190 699/518/190
f 689/513/181 1980/519/182 1978/520/181
f 699/518/190 1989/521/191 700/522/191
f 692/477/183 1980/519/182 691/523/182
f 694/499/193 1989/521/191 710/524/193
f 2041/525/438 2038/526/439 2014/527/439
f 2005/287/219 2004/528/440 1998/288/220
f 2006/529/441 2007/530/442 2004/531/440
f 2000/282/443 2051/532/444 2001/532/444
f 2017/525/445 2019/533/446 2018/534/447
f 2018/534/447 2023/535/448 2020/536/448
f 730/537/449 723/538/449 2008/539/450
f 2028/540/451 2031/541/452 2026/542/453
f 2027/542/454 747/543/455 2032/544/456
f 2032/532/456 745/545/457 2033/282/213
f 750/546/458 2034/547/459 2035/280/212
f 752/548/460 2036/549/461 2034/547/459
f 751/550/462 2040/551/463 2037/552/464
f 2040/551/463 749/525/465 736/534/466
f 1847/281/216 1851/280/215 1849/281/216
f 737/540/216 1853/551/216 742/551/216
f 741/280/215 1844/547/215 1851/280/215
f 744/552/216 1853/551/216 1842/552/216
f 739/542/216 1852/540/216 737/540/216
f 1845/284/215 754/282/215 738/282/215
f 738/282/215 753/532/216 740/532/216
f 743/547/215 1842/549/216 1844/547/215
f 740/544/216 2002/542/216 739/542/216
f 2042/553/467 766/554/467 2054/284/467
f 756/280/468 760/547/469 762/280/468
f 2000/282/443 2055/284/68 2050/282/443
f 1850/281/19 762/280/468 2046/281/19
f 2003/542/470 2051/544/444 2053/542/470
f 758/551/471 763/540/472 764/551/471
f 484/542/473 763/540/472 482/540/472
f 1843/549/474 760/547/469 755/547/469
f 757/552/475 764/551/471 759/552/475
f 733/284/476 761/281/476 768/284/476
f 2056/555/477 2060/535/478 2058/530/478
f 1250/556/479 2299/557/480 1264/558/480
f 2008/539/450 2062/285/481 2024/285/450
f 2021/559/482 2057/560/483 2010/560/482
f 774/561/484 905/562/485 902/563/486
f 786/564/487 917/565/488 913/566/489
f 917/565/488 794/567/490 921/568/491
f 794/567/490 925/569/492 921/568/491
f 798/570/493 929/571/494 925/569/492
f 802/572/495 933/573/496 929/571/494
f 806/574/497 937/575/498 933/573/496
f 810/576/499 941/577/500 937/575/498
f 814/578/501 945/579/502 941/577/500
f 818/580/503 949/581/504 945/579/502
f 949/581/504 826/582/505 953/583/506
f 953/583/506 830/584/507 957/585/508
f 830/584/507 961/586/509 957/585/508
f 834/587/510 965/588/511 961/586/509
f 838/589/512 969/590/513 965/588/511
f 842/591/514 973/592/515 969/590/513
f 846/593/516 977/594/517 973/592/515
f 850/595/518 981/596/519 977/594/517
f 854/597/520 985/598/521 981/596/519
f 858/599/522 989/600/523 985/598/521
f 989/600/523 866/601/524 993/602/525
f 866/601/524 997/603/526 993/602/525
f 997/603/526 874/604/527 1001/605/528
f 1001/605/528 878/606/529 1005/607/530
f 1005/607/530 882/608/531 1009/609/532
f 882/608/531 1013/610/533 1009/609/532
f 886/611/534 1017/612/535 1013/610/533
f 1017/612/535 894/613/536 1021/614/537
f 894/613/536 1025/615/538 1021/614/537
f 778/616/539 909/617/540 905/562/485
f 782/618/541 913/566/489 909/617/540
f 898/619/542 902/563/486 1025/615/538
f 774/561/484 780/620/543 778/616/539
f 780/620/543 775/621/544 779/622/545
f 779/622/545 773/623/546 777/624/547
f 778/616/539 784/625/548 782/618/541
f 784/625/548 779/622/545 783/626/549
f 783/626/549 777/624/547 781/627/550
f 782/618/541 788/628/551 786/564/487
f 788/628/551 783/626/549 787/629/552
f 787/629/552 781/627/550 785/630/553
f 786/564/487 792/631/554 790/632/555
f 792/631/554 787/629/552 791/633/556
f 791/633/556 785/630/553 789/634/557
f 790/632/555 796/635/558 794/567/490
f 796/635/558 791/633/556 795/636/559
f 795/636/559 789/634/557 793/637/560
f 794/567/490 800/638/561 798/570/493
f 800/638/561 795/636/559 799/639/562
f 799/639/562 793/637/560 797/640/563
f 798/570/493 804/641/564 802/572/495
f 804/641/564 799/639/562 803/642/565
f 803/642/565 797/640/563 801/643/566
f 802/572/495 808/644/567 806/574/497
f 808/644/567 803/642/565 807/645/568
f 807/645/568 801/643/566 805/646/569
f 810/576/499 808/644/567 812/647/570
f 808/644/567 811/648/571 812/647/570
f 807/645/568 809/649/572 811/648/571
f 814/578/501 812/647/570 816/650/573
f 812/647/570 815/651/574 816/650/573
f 811/648/571 813/652/575 815/651/574
f 818/580/503 816/650/573 820/653/576
f 816/650/573 819/654/577 820/653/576
f 815/651/574 817/655/578 819/654/577
f 822/656/579 820/653/576 824/657/580
f 820/653/576 823/658/581 824/657/580
f 819/654/577 821/659/582 823/658/581
f 826/582/505 824/657/580 828/660/583
f 824/657/580 827/661/584 828/660/583
f 823/658/581 825/662/585 827/661/584
f 830/584/507 828/660/583 832/663/586
f 828/660/583 831/664/587 832/663/586
f 827/661/584 829/665/588 831/664/587
f 834/587/510 832/663/586 836/666/589
f 832/663/586 835/667/590 836/666/589
f 831/664/587 833/668/591 835/667/590
f 838/589/512 836/666/589 840/669/592
f 836/666/589 839/670/593 840/669/592
f 835/667/590 837/671/594 839/670/593
f 842/591/514 840/669/592 844/672/595
f 840/669/592 843/673/596 844/672/595
f 839/670/593 841/674/597 843/673/596
f 846/593/516 844/672/595 848/675/598
f 844/672/595 847/676/599 848/675/598
f 843/673/596 845/677/600 847/676/599
f 850/595/518 848/675/598 852/678/601
f 848/675/598 851/679/602 852/678/601
f 847/676/599 849/680/603 851/679/602
f 854/597/520 852/678/601 856/681/604
f 852/678/601 855/682/605 856/681/604
f 851/679/602 853/683/606 855/682/605
f 858/599/522 856/681/604 860/684/607
f 856/681/604 859/685/608 860/684/607
f 855/682/605 857/686/609 859/685/608
f 862/687/610 860/684/607 864/688/611
f 860/684/607 863/689/612 864/688/611
f 859/685/608 861/690/613 863/689/612
f 866/601/524 864/688/611 868/691/614
f 864/688/611 867/692/615 868/691/614
f 863/689/612 865/693/616 867/692/615
f 870/694/617 868/691/614 872/695/618
f 868/691/614 871/696/619 872/695/618
f 867/692/615 869/697/620 871/696/619
f 870/694/617 876/698/621 874/604/527
f 876/698/621 871/696/619 875/699/622
f 875/699/622 869/697/620 873/700/623
f 874/604/527 880/701/624 878/606/529
f 880/701/624 875/699/622 879/702/625
f 879/702/625 873/700/623 877/703/626
f 878/606/529 884/704/627 882/608/531
f 884/704/627 879/702/625 883/705/628
f 883/705/628 877/703/626 881/706/629
f 882/608/531 888/707/630 886/611/534
f 888/707/630 883/705/628 887/708/631
f 887/708/631 881/706/629 885/709/632
f 886/611/534 892/710/633 890/711/634
f 892/710/633 887/708/631 891/712/635
f 891/712/635 885/709/632 889/713/636
f 890/711/634 896/714/637 894/613/536
f 896/714/637 891/712/635 895/715/638
f 895/715/638 889/713/636 893/716/639
f 894/613/536 900/717/640 898/619/542
f 900/717/640 895/715/638 899/718/641
f 899/718/641 893/716/639 897/719/642
f 898/619/542 776/720/643 774/561/484
f 776/720/643 899/718/641 775/621/544
f 775/621/544 897/719/642 773/623/546
f 845/677/600 813/652/575 781/627/550
f 902/563/486 907/721/644 904/722/645
f 907/721/644 903/723/646 904/722/645
f 903/723/646 906/724/647 901/725/648
f 909/617/540 907/721/644 905/562/485
f 907/721/644 912/726/649 908/727/650
f 908/727/650 910/728/651 906/724/647
f 913/566/489 911/729/652 909/617/540
f 911/729/652 916/730/653 912/726/649
f 912/726/649 914/731/654 910/728/651
f 917/565/488 915/732/655 913/566/489
f 919/733/656 916/730/653 915/732/655
f 916/730/653 918/734/657 914/731/654
f 921/568/491 919/733/656 917/565/488
f 919/733/656 924/735/658 920/736/659
f 920/736/659 922/737/660 918/734/657
f 925/569/492 923/738/661 921/568/491
f 927/739/662 924/735/658 923/738/661
f 924/735/658 926/740/663 922/737/660
f 925/569/492 931/741/664 927/739/662
f 931/741/664 928/742/665 927/739/662
f 928/742/665 930/743/666 926/740/663
f 933/573/496 931/741/664 929/571/494
f 931/741/664 936/744/667 932/745/668
f 936/744/667 930/743/666 932/745/668
f 933/573/496 939/746/669 935/747/670
f 939/746/669 936/744/667 935/747/670
f 940/748/671 934/749/672 936/744/667
f 941/577/500 939/746/669 937/575/498
f 939/746/669 944/750/673 940/748/671
f 944/750/673 938/751/674 940/748/671
f 945/579/502 943/752/675 941/577/500
f 947/753/676 944/750/673 943/752/675
f 948/754/677 942/755/678 944/750/673
f 945/579/502 2066/756/679 947/753/676
f 947/753/676 952/757/680 948/754/677
f 952/757/680 946/758/681 948/754/677
f 949/581/504 955/759/682 2066/756/679
f 951/756/683 956/760/684 952/757/680
f 956/760/684 950/761/685 952/757/680
f 953/583/506 959/762/686 955/759/682
f 955/759/682 960/763/687 956/760/684
f 960/763/687 954/764/688 956/760/684
f 961/586/509 959/762/686 957/585/508
f 959/762/686 964/765/689 960/763/687
f 964/765/689 958/766/690 960/763/687
f 961/586/509 967/767/691 963/768/692
f 967/767/691 964/765/689 963/768/692
f 968/769/693 962/770/694 964/765/689
f 965/588/511 971/771/695 967/767/691
f 971/771/695 968/769/693 967/767/691
f 972/772/696 966/773/697 968/769/693
f 969/590/513 975/774/698 971/771/695
f 975/774/698 972/772/696 971/771/695
f 976/775/699 970/776/700 972/772/696
f 973/592/515 979/777/701 975/774/698
f 979/777/701 976/775/699 975/774/698
f 980/778/702 974/779/703 976/775/699
f 977/594/517 983/780/704 979/777/701
f 983/780/704 980/778/702 979/777/701
f 984/781/705 978/782/706 980/778/702
f 981/596/519 987/783/707 983/780/704
f 983/780/704 988/784/708 984/781/705
f 988/784/708 982/785/709 984/781/705
f 985/598/521 991/786/710 987/783/707
f 991/786/710 988/784/708 987/783/707
f 992/787/711 986/788/712 988/784/708
f 989/600/523 995/789/713 991/786/710
f 991/786/710 996/790/714 992/787/711
f 996/790/714 990/791/715 992/787/711
f 997/603/526 995/789/713 993/602/525
f 999/792/716 996/790/714 995/789/713
f 996/790/714 998/793/717 994/794/718
f 1001/605/528 999/792/716 997/603/526
f 1003/795/719 1000/796/720 999/792/716
f 1000/796/720 1002/797/721 998/793/717
f 1001/605/528 1007/798/722 2067/795/723
f 1003/795/719 1008/799/724 1004/800/725
f 1004/800/725 1006/801/726 1002/797/721
f 1009/609/532 1007/798/722 1005/607/530
f 1011/802/727 1008/799/724 1007/798/722
f 1008/799/724 1010/803/728 1006/801/726
f 1009/609/532 1015/804/729 1011/802/727
f 1011/802/727 1016/805/730 1012/806/731
f 1012/806/731 1014/807/732 1010/803/728
f 1017/612/535 1015/804/729 1013/610/533
f 1019/808/733 1016/805/730 1015/804/729
f 1016/805/730 1018/809/734 1014/807/732
f 1021/614/537 1019/808/733 1017/612/535
f 1019/808/733 1024/810/735 1020/811/736
f 1020/811/736 1022/812/737 1018/809/734
f 1021/614/537 1027/813/738 1023/814/739
f 1027/813/738 1024/810/735 1023/814/739
f 1024/810/735 1026/815/740 1022/812/737
f 902/563/486 1027/813/738 1025/615/538
f 904/722/645 1028/816/741 1027/813/738
f 1028/816/741 901/725/648 1026/815/740
f 962/770/694 994/794/718 1026/815/740
f 1032/817/183 1061/818/742 1057/819/743
f 720/502/744 2084/820/745 2086/821/744
f 711/822/746 2075/823/747 712/824/748
f 718/825/749 2074/826/750 711/822/746
f 712/824/748 2076/827/751 713/828/752
f 720/829/744 2080/830/753 717/831/753
f 713/828/752 2077/832/754 714/833/755
f 706/834/756 2068/835/757 2069/836/758
f 719/516/759 2069/837/758 2084/820/745
f 714/833/755 2078/838/760 715/839/761
f 705/840/762 2070/841/763 2068/835/757
f 715/839/761 2079/842/764 716/843/765
f 707/844/766 2071/817/767 2070/841/763
f 716/843/765 2073/494/436 1983/845/436
f 708/846/768 1033/495/437 2071/817/767
f 717/831/753 2082/847/769 718/825/749
f 1029/848/181 1053/849/770 1045/850/771
f 1036/823/186 1069/851/772 1074/852/773
f 1034/494/193 1061/818/742 2072/495/184
f 2081/853/27 1106/854/774 1093/855/774
f 1040/842/191 1065/856/775 1034/494/193
f 2083/847/19 1069/851/772 1035/826/194
f 1037/827/187 1074/852/773 1078/857/776
f 1038/832/189 1078/857/776 1082/858/777
f 1044/821/31 2118/859/778 2119/854/778
f 1038/832/189 1086/860/779 1039/838/190
f 1094/861/780 1046/862/781 1066/863/782
f 1032/817/183 1053/864/770 1031/841/182
f 1040/842/191 1086/860/779 1090/865/783
f 1043/820/68 1050/866/784 1101/859/785
f 1041/830/23 2108/867/786 1042/847/23
f 1046/862/781 2088/868/787 2089/869/788
f 1048/869/789 1052/870/790 2090/871/789
f 1047/871/791 1050/866/784 1045/850/771
f 1046/862/781 2091/872/792 1054/873/793
f 1048/869/789 2092/874/794 1056/872/794
f 1047/871/791 1053/849/770 1055/874/795
f 1058/875/796 2091/872/792 2093/876/797
f 1060/876/798 2092/874/794 1059/877/799
f 1055/878/795 1057/819/743 1059/879/799
f 1058/880/796 1064/881/800 1062/882/801
f 1064/881/800 1059/879/799 1063/883/802
f 1063/883/802 1057/819/743 1061/818/742
f 1062/882/801 1068/884/803 1066/885/782
f 1064/881/800 1067/886/804 1068/884/803
f 1063/883/802 1065/856/775 1067/886/804
f 1073/887/805 2095/888/806 1070/889/807
f 1075/890/808 1071/891/809 1072/888/810
f 1076/892/811 1069/851/772 1071/891/809
f 1073/887/805 2096/893/812 2094/890/813
f 1075/890/808 1080/894/814 1076/892/811
f 1076/892/811 1078/857/776 1074/852/773
f 1077/895/815 2097/896/816 2096/893/812
f 1083/896/817 1080/894/814 1079/893/818
f 1080/894/814 1082/858/777 1078/857/776
f 1081/897/819 1087/898/820 2097/896/816
f 1087/898/820 1084/899/821 1083/896/817
f 1088/900/822 1082/858/777 1084/899/821
f 1085/901/823 1091/902/824 1087/898/820
f 1087/898/820 1092/903/825 1088/900/822
f 1088/900/822 1090/865/783 1086/860/779
f 1090/865/783 1067/886/804 1065/856/775
f 1092/903/825 1068/884/803 1067/886/804
f 1091/902/824 1066/885/782 1068/884/803
f 1097/904/826 2100/905/827 1094/861/780
f 2099/906/828 2102/907/829 2101/905/829
f 2106/908/830 2107/909/786 2103/910/830
f 1102/911/831 2109/912/832 2111/913/833
f 2110/912/834 2113/914/834 2112/913/834
f 2114/914/835 2119/854/778 2118/859/778
f 1069/851/772 1100/908/836 1071/891/809
f 1071/891/809 1099/915/837 1072/888/810
f 2095/888/806 1097/916/826 1070/889/807
f 1093/855/774 2117/917/838 2104/907/838
f 1108/917/839 1096/905/839 1095/907/839
f 2100/905/827 1105/918/840 1094/861/780
f 1050/866/784 1103/914/841 1101/859/785
f 1052/870/790 1104/913/842 1103/914/841
f 2088/868/787 1102/911/831 2111/913/833
f 1029/848/181 1050/866/784 1030/837/178
f 2122/235/19 2124/482/19 2120/254/19
f 478/234/217 2125/482/217 1112/234/217
f 471/482/210 2121/254/210 1111/482/210
f 455/254/217 1110/235/217 1109/254/217
f 2178/142/31 416/206/31 415/182/31
f 2178/142/31 2196/919/31 1208/171/31
f 2183/920/31 2196/919/31 2180/921/31
f 2186/922/31 2195/923/31 2183/920/31
f 2186/922/31 2193/924/31 2194/925/31
f 1758/176/31 2193/924/31 2189/926/31
f 1185/927/23 420/146/23 419/201/23
f 2158/928/23 1752/147/23 1185/927/23
f 2159/929/23 2174/930/23 2158/928/23
f 2160/931/23 2171/932/23 2159/929/23
f 2161/933/23 2168/934/23 2160/931/23
f 1746/173/23 2165/935/23 2161/933/23
f 1190/936/27 413/177/27 418/937/27
f 1189/938/27 1203/178/27 1190/936/27
f 1188/931/27 1204/924/27 1189/938/27
f 1187/929/27 1205/925/27 1188/931/27
f 1186/939/27 1206/923/27 1187/929/27
f 2157/172/27 1207/919/27 1186/939/27
f 412/196/190 1738/940/843 1736/187/843
f 1178/941/190 2155/942/844 1738/940/843
f 1177/943/190 1182/944/191 2155/942/844
f 1176/945/190 1181/946/191 1182/944/191
f 1175/947/190 1180/948/191 1181/946/191
f 1174/949/190 1179/169/191 1180/948/191
f 1172/950/189 412/196/190 411/198/189
f 1171/951/189 1178/941/190 1172/950/189
f 1170/952/189 1177/943/190 1171/951/189
f 1169/953/189 1176/945/190 1170/952/189
f 1168/954/189 1175/947/190 1169/953/189
f 1167/165/188 1174/949/190 1168/954/189
f 410/184/187 1172/950/189 411/198/189
f 1165/955/187 1172/950/189 1166/956/187
f 1164/957/187 1171/951/189 1165/955/187
f 1164/957/187 1169/953/189 1170/952/189
f 1163/958/187 1168/954/189 1169/953/189
f 1162/959/187 1167/165/188 1168/954/189
f 1160/960/186 410/184/187 409/186/186
f 1159/961/186 1166/956/187 1160/960/186
f 1158/962/186 1165/955/187 1159/961/186
f 1157/963/186 1164/957/187 1158/962/186
f 1156/964/186 1163/958/187 1157/963/186
f 1155/162/186 1162/959/187 1156/964/186
f 2143/145/180 409/186/186 407/191/194
f 2145/965/180 1160/960/186 2143/145/180
f 2145/965/180 1158/962/186 1159/961/186
f 2149/966/180 1158/962/186 2147/967/180
f 2151/968/180 1157/963/186 2149/966/180
f 2151/968/180 1155/162/186 1156/964/186
f 1142/969/184 390/970/193 394/971/184
f 1141/972/184 1148/973/193 1142/969/184
f 1140/974/184 1147/975/193 1141/972/184
f 1139/976/184 1146/977/193 1140/974/184
f 1138/978/184 1145/979/193 1139/976/184
f 1137/159/184 2141/980/845 1138/978/184
f 393/981/183 1142/982/184 394/983/184
f 1136/984/183 1141/985/184 1142/982/184
f 1134/986/183 1141/985/184 1135/987/183
f 1133/988/183 1140/974/184 1134/986/183
f 1132/989/183 1139/976/184 1133/988/183
f 1131/154/183 1138/990/184 1132/989/183
f 1130/991/182 393/981/183 392/992/182
f 1129/993/182 1136/984/183 1130/991/182
f 1128/994/182 1135/987/183 1129/993/182
f 1127/995/182 1134/986/183 1128/994/182
f 1127/995/182 1132/989/183 1133/988/183
f 1126/996/182 1131/154/183 1132/989/183
f 391/997/181 1130/991/182 392/992/182
f 1124/998/181 1129/993/182 1130/991/182
f 1123/999/181 1128/994/182 1129/993/182
f 1122/1000/181 1127/995/182 1128/994/182
f 1121/1001/181 1126/996/182 1127/995/182
f 1120/1002/181 1125/153/182 1126/996/182
f 2128/1003/179 391/997/181 389/1004/178
f 2130/1005/179 1124/998/181 2128/1003/179
f 2132/1006/179 1123/999/181 2130/1005/179
f 2134/1007/179 1122/1000/181 2132/1006/179
f 2136/1008/179 1121/1001/181 2134/1007/179
f 2138/144/179 1120/1002/181 2136/1008/179
f 390/970/193 1179/169/191 1737/168/191
f 1148/973/193 1180/948/191 1179/169/191
f 1147/975/193 1181/946/191 1180/948/191
f 1146/977/193 1182/944/191 1181/946/191
f 1145/979/193 2155/942/844 1182/944/191
f 1184/940/846 2197/942/847 2248/940/848
f 2153/160/180 417/174/19 1727/1009/194
f 2152/968/175 2213/935/175 2207/968/175
f 2151/968/180 2169/934/19 2167/935/19
f 2164/175/11 2212/935/11 1192/935/11
f 2147/967/180 2175/930/19 2172/932/19
f 2146/965/38 2219/930/38 2176/930/38
f 1759/176/68 389/1004/178 414/1010/68
f 2131/1005/27 2222/1003/27 2224/1005/27
f 2187/922/68 2130/1005/179 2190/926/68
f 2191/926/11 2244/176/11 1760/176/11
f 2184/920/68 2136/1008/179 2134/1007/179
f 2139/144/175 2235/142/175 2179/142/175
f 2208/1011/19 1216/1012/19 2211/1013/19
f 2204/1014/19 2216/1015/19 2214/1016/19
f 2200/1017/19 2220/1018/19 2218/1019/19
f 2144/145/175 2221/147/175 2199/145/175
f 1196/147/11 1219/930/11 1220/147/11
f 2148/967/27 2205/966/27 2150/966/27
f 1152/966/38 2215/934/38 2170/934/38
f 1151/967/175 2217/932/175 1211/967/175
f 1193/934/11 1218/932/11 1194/932/11
f 1149/145/27 1210/965/27 1150/965/27
f 2154/160/38 1215/175/38 1191/175/38
f 1154/160/27 1213/968/27 1214/160/27
f 2243/1020/68 2223/1021/68 2245/1022/68
f 2238/1023/68 2226/1024/68 2240/1025/68
f 2236/1026/68 2232/1027/68 2230/1028/68
f 2188/922/38 2227/1006/38 2133/1006/38
f 2137/1008/27 1226/144/27 1118/144/27
f 2135/1007/175 2239/920/175 2185/920/175
f 1199/920/11 1230/922/11 1200/922/11
f 1113/1003/38 1232/176/38 1221/1003/38
f 1117/1008/38 2237/921/38 1225/1008/38
f 1115/1006/27 1224/1007/27 1116/1007/27
f 1114/1005/175 1231/926/175 1201/926/175
f 1197/142/11 1228/921/11 1198/921/11
f 1724/193/192 2252/187/849 1241/193/850
f 2247/980/851 1233/940/852 1236/942/853
f 395/193/854 2249/1029/855 2259/1030/855
f 1183/942/856 2247/980/851 1236/942/853
f 2246/158/852 2260/1031/857 1233/940/852
f 1143/158/858 1235/980/859 1144/980/860
f 2252/187/849 2250/1029/861 1241/193/850
f 2254/1032/862 2256/1033/862 1243/1029/863
f 2258/1034/864 1242/1030/857 1244/1033/865
f 1184/940/846 1237/1031/866 1240/1032/867
f 771/535/210 2261/536/210 2268/535/210
f 2022/536/210 2266/535/210 2263/536/210
f 772/559/217 2264/559/217 2262/559/217
f 1247/559/868 2277/559/869 1251/559/870
f 769/560/871 2323/560/872 1287/560/873
f 1265/1035/874 2289/285/875 1259/1035/875
f 1291/539/875 1318/539/876 1300/539/874
f 1285/1036/877 1313/1036/878 1306/1036/877
f 2338/1037/68 1314/1038/68 2348/530/68
f 1254/556/879 1277/1039/880 1274/556/879
f 1278/1040/19 1282/558/19 1270/1041/19
f 1295/1038/479 1317/1042/480 2329/1038/479
f 1246/285/881 2288/1043/882 1261/285/883
f 1248/535/884 2283/1039/885 1256/536/886
f 1245/536/887 2273/1044/888 1266/535/889
f 725/555/890 2313/1038/891 1292/530/892
f 722/539/893 2318/1045/894 1302/1046/895
f 770/530/896 2328/1047/897 1297/555/898
f 2269/1048/899 2270/1049/900 1251/559/870
f 2270/1049/900 2272/1050/901 1251/559/870
f 2272/1050/901 2273/559/888 1251/559/870
f 2274/556/902 2275/1051/903 1256/536/886
f 2275/1051/903 2276/1052/904 1256/536/886
f 2276/1052/904 2277/536/869 1256/536/886
f 2278/1035/905 2279/1035/906 1261/285/883
f 2279/1035/906 2281/285/907 1261/285/883
f 2281/285/907 2283/285/885 1261/285/883
f 2284/558/908 2285/1053/909 1266/535/889
f 2285/1053/909 2286/1054/910 1266/535/889
f 2286/1054/910 2288/535/882 1266/535/889
f 1259/1035/875 2291/1035/911 2280/1035/911
f 1262/1035/912 2293/285/912 2282/285/912
f 1263/1053/913 1277/1039/880 1260/558/880
f 1273/1055/877 1258/1055/914 1275/1049/914
f 1258/1055/914 1276/559/915 1275/1049/914
f 1257/1051/915 1274/556/879 1276/1051/915
f 1264/558/480 1284/1053/916 1267/1053/916
f 1284/1053/916 2287/535/917 1267/1053/916
f 1283/285/918 1265/1035/874 1268/1035/918
f 1249/1048/878 2306/559/919 2271/1049/920
f 1252/1049/921 1271/559/922 1253/559/922
f 1271/1051/922 1250/556/479 1253/1051/922
f 1249/1048/878 1273/1055/877 2304/559/878
f 2309/1036/923 2310/1056/924 1287/560/873
f 2310/1056/924 2312/560/925 1287/560/873
f 2312/560/925 2313/560/891 1287/560/873
f 2314/1042/926 2315/1057/927 1292/530/892
f 2315/1057/927 2316/1058/928 1292/530/892
f 2316/1058/928 2318/530/894 1292/530/892
f 2319/1038/929 2320/1059/930 1297/555/898
f 2320/1059/930 2322/1060/931 1297/555/898
f 2322/1060/931 2323/555/872 1297/555/898
f 2324/539/932 2325/1061/933 1302/539/895
f 2325/1061/933 2327/539/934 1302/539/895
f 2327/539/934 2328/539/897 1302/539/895
f 1295/1038/479 2331/1059/935 2321/1059/935
f 1316/1059/921 1299/555/936 1298/1059/921
f 1299/560/936 1313/1036/878 1296/1036/878
f 1286/1062/879 1307/1063/915 1305/1064/879
f 1289/1059/915 2337/555/937 1307/1063/915
f 1288/1056/938 1306/1036/877 1308/560/938
f 1291/539/875 2340/539/911 1309/539/875
f 1311/539/912 1293/539/939 1312/539/940
f 1312/1065/940 1290/1042/880 1310/1042/880
f 1301/1047/480 1319/1065/916 1317/1042/480
f 1319/1065/916 2326/530/917 2347/530/917
f 1303/1061/918 1318/539/876 1320/539/918
f 1286/1062/879 1310/1042/880 1290/1042/880
f 128/1/1 1386/103/2 1321/2/2
f 129/4/4 33/4/4 1355/5/5
f 137/6/6 135/7/37 1356/7/7
f 137/6/6 1357/6/6 1358/8/8
f 139/8/8 1358/8/8 1359/9/9
f 143/10/10 141/9/9 1359/9/9
f 143/10/10 1360/10/10 1361/11/11
f 147/12/12 145/11/11 1361/11/11
f 147/12/12 1362/12/12 1363/13/13
f 151/14/14 149/13/13 1363/13/13
f 153/15/15 151/14/14 1364/14/14
f 153/15/15 1365/15/15 1366/16/16
f 157/17/17 155/16/16 1366/16/16
f 159/18/18 157/17/17 1367/17/17
f 161/19/19 159/18/18 1368/18/18
f 163/20/20 161/19/19 1369/19/19
f 165/21/21 163/20/20 1370/20/20
f 167/22/22 165/21/21 1371/21/21
f 167/22/22 1372/22/22 1373/23/23
f 171/24/24 169/23/23 1373/23/23
f 173/25/25 171/24/24 1374/24/24
f 173/25/25 1375/25/25 1376/26/26
f 177/27/27 175/26/26 1376/26/26
f 179/28/28 177/27/27 1377/27/27
f 179/28/28 1378/28/28 1379/29/29
f 183/30/30 181/29/29 1379/29/29
f 183/30/30 1380/30/30 1381/31/31
f 185/31/31 1381/31/31 1382/32/32
f 189/33/33 187/32/32 1382/32/32
f 189/33/33 1383/33/33 1384/34/34
f 1337/35/35 98/97/35 100/36/36
f 133/5/5 1355/5/5 1356/7/7
f 316/38/16 254/38/16 253/39/15
f 101/21/38 166/21/38 168/22/38
f 1346/40/39 116/100/39 118/41/40
f 1324/43/41 72/85/41 74/44/42
f 1333/46/43 90/96/43 92/47/44
f 1342/49/45 108/87/45 110/50/46
f 1351/52/47 126/102/47 128/1/1
f 82/53/48 84/95/49 1330/54/49
f 100/36/36 102/98/50 1339/56/50
f 118/41/40 120/67/57 1348/57/51
f 1325/45/42 74/44/42 76/58/52
f 1334/48/44 92/47/44 94/60/53
f 110/50/46 112/99/54 1344/62/54
f 1330/54/49 84/95/49 86/63/55
f 1339/56/50 102/98/50 104/65/56
f 120/67/57 122/101/58 1349/68/58
f 76/58/52 78/83/59 1327/69/59
f 1335/61/53 94/60/53 96/70/60
f 1344/62/54 112/99/54 114/72/61
f 1321/74/2 1386/92/2 68/75/62
f 68/75/62 70/93/63 1323/77/63
f 86/63/55 88/86/64 1332/78/64
f 1340/66/56 104/65/56 106/79/65
f 1349/68/58 122/101/58 124/81/66
f 78/83/59 80/94/67 1328/84/67
f 96/70/60 98/97/35 1337/35/35
f 114/72/61 116/100/39 1346/40/39
f 1323/77/63 70/93/63 72/85/41
f 88/86/64 90/96/43 1333/46/43
f 1341/80/65 106/79/65 108/87/45
f 124/81/66 126/102/47 1351/52/47
f 1328/84/67 80/94/67 82/53/48
f 35/90/38 1353/1066/941 1354/1067/38
f 1354/1067/38 64/1068/38 63/1069/38
f 63/1069/38 62/1070/942 61/1071/38
f 61/1071/38 60/1072/38 59/1073/38
f 59/1073/38 58/1074/943 57/1075/38
f 57/1075/38 56/1076/943 55/1077/38
f 55/1077/38 54/1078/38 53/1079/38
f 53/1079/38 52/1080/38 51/88/38
f 51/88/38 50/1081/38 49/1082/38
f 49/1082/38 48/1083/38 47/1084/38
f 47/1084/38 46/1085/941 45/1086/38
f 45/1086/38 44/1087/38 43/89/38
f 43/89/38 42/1088/944 41/1089/38
f 41/1089/38 40/1090/945 39/1091/38
f 39/1091/38 38/1092/944 37/1093/38
f 37/1093/38 36/1094/946 35/90/38
f 35/90/38 1354/1067/38 63/1069/38
f 63/1069/38 61/1071/38 59/1073/38
f 59/1073/38 57/1075/38 55/1077/38
f 55/1077/38 53/1079/38 51/88/38
f 51/88/38 49/1082/38 47/1084/38
f 47/1084/38 45/1086/38 43/89/38
f 43/89/38 41/1089/38 39/1091/38
f 39/1091/38 37/1093/38 35/90/38
f 35/90/38 63/1069/38 59/1073/38
f 59/1073/38 55/1077/38 51/88/38
f 51/88/38 47/1084/38 43/89/38
f 43/89/38 39/1091/38 35/90/38
f 35/90/38 59/1073/38 51/88/38
f 77/9/38 75/8/38 140/8/38
f 105/23/38 103/22/38 168/22/38
f 77/9/38 142/9/38 144/10/38
f 105/23/38 170/23/38 172/24/38
f 79/10/38 144/10/38 146/11/38
f 107/24/38 172/24/38 174/25/38
f 83/12/38 81/11/38 146/11/38
f 111/26/38 109/25/38 174/25/38
f 83/12/38 148/12/38 150/13/38
f 113/27/38 111/26/38 176/26/38
f 87/14/38 85/13/38 150/13/38
f 113/27/38 178/27/38 180/28/38
f 87/14/38 152/14/38 154/15/38
f 117/29/38 115/28/38 180/28/38
f 91/16/38 89/15/38 154/15/38
f 117/29/38 182/29/38 184/30/38
f 93/17/38 91/16/38 156/16/38
f 67/4/38 130/4/38 134/5/38
f 119/30/38 184/30/38 186/31/38
f 93/17/38 158/17/38 160/18/38
f 132/91/68 191/34/34 1384/34/34
f 123/32/38 121/31/38 186/31/38
f 97/19/38 95/18/38 160/18/38
f 71/7/38 69/5/38 134/5/38
f 123/32/38 188/32/38 190/33/38
f 99/20/38 97/19/38 162/19/38
f 71/7/38 136/7/38 138/6/38
f 127/34/38 125/33/38 190/33/38
f 101/21/38 99/20/38 164/20/38
f 73/6/38 138/6/38 140/8/38
f 127/34/38 192/34/38 131/91/38
f 65/92/69 1387/104/69 1388/4/70
f 1385/75/70 1388/4/70 1390/5/71
f 1391/85/72 1389/93/71 1390/5/71
f 1393/44/73 1391/85/72 1392/7/72
f 1393/44/73 1394/6/73 1396/8/74
f 1395/58/74 1396/8/74 1398/9/75
f 1397/83/75 1398/9/75 1400/10/76
f 1401/53/77 1399/94/76 1400/10/76
f 1403/95/78 1401/53/77 1402/11/77
f 1403/95/78 1404/12/78 1406/13/79
f 1405/63/79 1406/13/79 1408/14/80
f 1409/96/81 1407/86/80 1408/14/80
f 1411/47/82 1409/96/81 1410/15/81
f 1413/60/83 1411/47/82 1412/16/82
f 1415/70/84 1413/60/83 1414/17/83
f 1415/70/84 1416/18/84 1418/19/85
f 1417/97/85 1418/19/85 1420/20/86
f 1419/36/86 1420/20/86 1422/21/87
f 1421/98/87 1422/21/87 1424/22/88
f 1425/79/89 1423/65/88 1424/22/88
f 1427/87/90 1425/79/89 1426/23/89
f 1429/50/91 1427/87/90 1428/24/90
f 1431/99/92 1429/50/91 1430/25/91
f 1433/72/93 1431/99/92 1432/26/92
f 1435/100/94 1433/72/93 1434/27/93
f 1437/41/95 1435/100/94 1436/28/94
f 1439/67/96 1437/41/95 1438/29/95
f 1439/67/96 1440/30/96 1442/31/97
f 1441/101/97 1442/31/97 1444/32/98
f 1445/102/99 1443/81/98 1444/32/98
f 1447/1/100 1445/102/99 1446/33/99
f 65/103/69 1447/1/100 1448/34/100
f 129/4/4 132/104/68 34/104/68
f 1449/4/101 1450/104/133 1451/104/102
f 1449/4/101 1452/4/101 1454/5/103
f 1455/7/104 1453/5/103 1454/5/103
f 1457/6/105 1455/7/104 1456/7/104
f 1459/8/106 1457/6/105 1458/6/105
f 1459/8/106 1460/8/106 1462/9/107
f 1463/10/108 1461/9/107 1462/9/107
f 1463/10/108 1464/10/108 1466/11/109
f 1467/12/110 1465/11/109 1466/11/109
f 1467/12/110 1468/12/110 1470/13/111
f 1471/14/112 1469/13/111 1470/13/111
f 1473/15/113 1471/14/112 1472/14/112
f 1475/16/114 1473/15/113 1474/15/113
f 1475/16/114 1476/16/114 1478/17/115
f 1477/17/115 1478/17/115 1480/18/116
f 1479/18/116 1480/18/116 1482/19/117
f 1481/19/117 1482/19/117 1484/20/118
f 1485/21/119 1483/20/118 1484/20/118
f 1485/21/119 1486/21/119 1488/22/120
f 1489/23/121 1487/22/120 1488/22/120
f 1491/24/122 1489/23/121 1490/23/121
f 1491/24/122 1492/24/122 1494/25/123
f 1493/25/123 1494/25/123 1496/26/124
f 1497/27/125 1495/26/124 1496/26/124
f 1497/27/125 1498/27/125 1500/28/126
f 1499/28/126 1500/28/126 1502/29/127
f 1501/29/127 1502/29/127 1504/30/128
f 1503/30/128 1504/30/128 1506/31/129
f 1507/32/130 1505/31/129 1506/31/129
f 1509/33/131 1507/32/130 1508/32/130
f 1511/34/132 1509/33/131 1510/33/131
f 1450/91/133 1511/34/132 1512/34/132
f 67/4/38 66/104/38 131/104/38
f 282/105/31 1584/105/31 236/106/134
f 290/107/68 1588/107/68 1587/108/34
f 262/109/21 264/110/135 228/110/22
f 316/38/16 318/111/17 255/111/17
f 292/112/4 1589/112/4 1588/107/68
f 266/113/23 229/113/23 228/110/22
f 320/114/18 256/114/18 255/111/17
f 292/112/4 294/115/5 1590/115/5
f 268/116/24 230/116/24 229/113/23
f 1539/117/136 1513/117/136 1522/118/137
f 296/119/7 244/119/37 1590/115/5
f 268/116/24 270/120/25 1578/120/25
f 2/121/38 1610/121/38 258/122/38
f 298/123/6 245/123/6 244/119/37
f 272/124/26 232/124/26 1578/120/25
f 298/123/6 300/125/8 1593/125/8
f 272/124/26 274/126/27 233/126/27
f 302/118/9 247/118/9 1593/125/8
f 276/127/28 1581/127/28 233/126/27
f 304/117/10 248/117/10 247/118/9
f 276/127/28 278/128/29 235/128/29
f 304/117/10 306/129/11 1596/129/11
f 11/128/38 12/106/38 1631/106/38
f 306/129/11 308/130/12 250/130/12
f 280/106/30 236/106/134 235/128/29
f 310/131/13 251/131/13 250/130/12
f 284/132/32 238/132/32 1584/105/31
f 310/131/13 312/133/14 252/133/138
f 284/132/32 286/134/33 1586/134/33
f 314/39/15 253/39/15 252/133/138
f 288/108/34 1587/108/34 1586/134/33
f 320/114/18 257/135/19 1572/135/19
f 239/134/38 1545/134/38 1544/132/38
f 26/130/38 1659/130/38 1657/129/38
f 12/106/38 13/105/38 1633/105/38
f 26/130/38 27/131/38 1661/131/38
f 13/105/38 14/132/38 1635/132/38
f 28/133/38 1663/133/38 1661/131/38
f 14/132/38 15/134/38 1637/134/38
f 1/135/38 258/135/38 1671/114/38
f 28/133/38 29/39/38 1665/39/38
f 15/134/38 16/108/38 1639/108/38
f 2/121/38 3/109/38 1613/109/38
f 30/38/38 1667/38/38 1665/39/38
f 17/107/38 1641/107/38 1639/108/38
f 3/109/38 4/110/38 1615/110/38
f 30/38/38 31/111/38 1669/111/38
f 18/112/38 1643/112/38 1641/107/38
f 4/110/38 5/113/38 1617/113/38
f 31/111/38 32/114/38 1671/114/38
f 19/115/38 1645/115/38 1643/112/38
f 6/116/38 1619/116/38 1617/113/38
f 262/109/21 227/109/21 226/121/20
f 19/115/38 20/119/38 1647/119/38
f 7/120/38 1621/120/38 1619/116/38
f 20/119/38 21/123/38 1649/123/38
f 8/124/38 1623/124/38 1621/120/38
f 21/123/38 22/125/38 1651/125/38
f 8/124/38 9/126/38 1625/126/38
f 22/125/38 23/118/38 1653/118/38
f 10/127/38 1627/127/38 1625/126/38
f 23/118/38 24/117/38 1655/117/38
f 11/128/38 1629/128/38 1627/127/38
f 25/129/38 1657/129/38 1655/117/38
f 259/121/118 1611/121/118 1612/122/117
f 259/121/118 261/109/119 1614/109/119
f 263/110/120 1616/110/120 1614/109/119
f 263/110/120 265/113/139 1618/113/139
f 265/113/139 267/116/122 1620/116/122
f 269/120/123 1622/120/123 1620/116/122
f 271/124/124 1624/124/124 1622/120/123
f 271/124/124 273/126/125 1626/126/125
f 273/126/125 275/127/126 1628/127/126
f 277/128/127 1630/128/127 1628/127/126
f 279/106/128 1632/106/128 1630/128/127
f 281/105/140 1634/105/140 1632/106/128
f 283/132/130 1636/132/130 1634/105/140
f 285/134/131 1638/134/131 1636/132/130
f 285/134/131 287/108/132 1640/108/132
f 287/108/132 289/107/102 1642/107/102
f 289/107/102 291/112/101 1644/112/101
f 291/112/101 293/115/103 1646/115/103
f 293/115/103 295/119/104 1648/119/104
f 297/123/141 1650/123/141 1648/119/104
f 299/125/106 1652/125/106 1650/123/141
f 301/118/107 1654/118/107 1652/125/106
f 303/117/108 1656/117/108 1654/118/107
f 303/117/108 305/129/142 1658/129/142
f 307/130/110 1660/130/110 1658/129/142
f 309/131/111 1662/131/111 1660/130/110
f 311/133/112 1664/133/112 1662/131/111
f 313/39/143 1666/39/113 1664/133/112
f 315/38/114 1668/38/114 1666/39/113
f 315/38/114 317/111/115 1670/111/115
f 317/111/115 319/114/116 1672/114/116
f 1609/135/117 1612/135/117 1672/114/116
f 260/121/20 226/121/20 1572/122/19
f 1573/121/38 1561/121/38 1533/122/38
f 1600/39/38 1534/39/38 1567/133/38
f 240/108/38 1571/108/38 1545/134/38
f 1574/109/38 1562/109/38 1561/121/38
f 1600/39/38 1601/38/38 1535/38/38
f 241/107/38 1542/107/38 1571/108/38
f 1575/110/38 1559/110/38 1562/109/38
f 1601/38/38 1602/111/38 1566/111/38
f 242/112/38 1543/112/38 1542/107/38
f 1575/110/38 1576/113/38 1550/113/38
f 1603/114/38 1532/114/38 1566/111/38
f 243/115/38 1570/115/38 1543/112/38
f 1576/113/38 1577/116/38 1551/116/38
f 225/135/38 1533/135/38 1532/114/38
f 1591/119/38 1540/119/38 1570/115/38
f 231/120/38 1557/120/38 1551/116/38
f 1592/123/38 1541/123/38 1540/119/38
f 1579/124/38 1548/124/38 1557/120/38
f 1592/123/38 246/125/38 1569/125/38
f 1579/124/38 1580/126/38 1549/126/38
f 246/125/38 1594/118/38 1538/118/38
f 234/127/38 1554/127/38 1549/126/38
f 1594/118/38 1595/117/38 201/117/38
f 234/127/38 1582/128/38 1546/128/38
f 249/129/38 1568/129/38 201/117/38
f 1582/128/38 1583/106/38 1547/106/38
f 1597/130/38 1536/130/38 1568/129/38
f 1583/106/38 237/105/38 1555/105/38
f 1597/130/38 1598/131/38 1537/131/38
f 237/105/38 1585/132/38 1544/132/38
f 1598/131/38 1599/133/38 1567/133/38
f 1531/135/19 1691/135/19 364/114/18
f 217/124/144 1526/124/144 1525/120/145
f 204/123/146 1605/123/146 1606/119/147
f 194/111/148 193/114/149 1524/114/149
f 207/112/150 1519/112/150 1558/107/151
f 215/127/152 1604/127/152 1565/126/153
f 210/134/154 1530/134/154 1529/132/155
f 197/133/156 196/39/157 1607/39/157
f 221/110/158 220/113/159 1527/113/159
f 214/128/160 213/106/161 1517/106/161
f 216/126/153 1565/126/153 1526/124/144
f 194/111/148 1523/111/148 1564/38/162
f 199/130/163 1560/130/163 1514/129/164
f 218/120/145 1525/120/145 1528/116/165
f 219/116/166 1528/116/165 1527/113/159
f 222/109/167 1515/109/167 1563/121/168
f 207/112/150 206/115/169 1520/115/169
f 197/133/156 1553/133/156 1552/131/170
f 203/125/171 202/118/137 1522/118/137
f 203/125/171 1521/125/171 1605/123/146
f 214/128/160 1608/128/160 1604/127/152
f 222/109/167 221/110/158 1516/110/158
f 212/105/172 211/132/155 1529/132/155
f 200/129/164 1514/129/164 1513/117/136
f 206/115/169 205/119/147 1606/119/147
f 210/134/154 209/108/173 1556/108/173
f 193/114/149 224/135/174 322/135/174
f 209/108/173 208/107/151 1558/107/151
f 195/38/162 1564/38/162 1607/39/157
f 224/122/174 223/121/168 1563/121/168
f 212/105/172 1518/105/172 1517/106/161
f 199/130/163 198/131/170 1552/131/170
f 1684/138/175 371/1095/175 1697/1096/175
f 1697/1096/175 1675/1097/175 1676/1098/175
f 1676/1098/175 1687/1099/175 1688/1100/175
f 1688/1100/175 1685/1101/175 1686/1102/175
f 1686/1102/175 1699/1103/175 1700/1104/175
f 1700/1104/175 1704/1105/175 1677/1106/175
f 1677/1106/175 1678/1107/947 1689/1108/175
f 1689/1108/175 1690/1109/175 1694/136/175
f 1694/136/175 1695/1110/175 1679/1111/175
f 1679/1111/175 1680/1112/175 1702/1113/175
f 1702/1113/175 1701/1114/175 1681/1115/175
f 1681/1115/175 1682/1116/175 1673/137/175
f 1673/137/175 1674/1117/175 1696/1118/175
f 1696/1118/175 1692/1119/175 1693/1120/175
f 1693/1120/175 1703/1121/175 1698/1122/175
f 1698/1122/175 1683/1123/175 1684/138/175
f 1684/138/175 1697/1096/175 1676/1098/175
f 1676/1098/175 1688/1100/175 1686/1102/175
f 1686/1102/175 1700/1104/175 1677/1106/175
f 1677/1106/175 1689/1108/175 1694/136/175
f 1694/136/175 1679/1111/175 1702/1113/175
f 1702/1113/175 1681/1115/175 1673/137/175
f 1673/137/175 1696/1118/175 1693/1120/175
f 1693/1120/175 1698/1122/175 1684/138/175
f 1684/138/175 1676/1098/175 1686/1102/175
f 1686/1102/175 1677/1106/175 1694/136/175
f 1694/136/175 1702/1113/175 1673/137/175
f 1673/137/175 1693/1120/175 1684/138/175
f 1684/138/175 1686/1102/175 1694/136/175
f 343/120/25 365/120/25 368/116/24
f 344/110/176 339/113/23 367/113/23
f 338/126/27 379/126/27 366/124/26
f 338/126/27 341/127/28 380/127/28
f 1531/122/19 345/121/20 377/121/20
f 341/127/28 335/128/29 384/128/29
f 331/107/68 332/112/4 359/112/4
f 352/108/34 331/107/68 375/107/68
f 328/117/10 349/129/11 354/129/11
f 346/109/21 344/110/176 356/110/176
f 335/128/29 336/106/134 357/106/30
f 326/131/177 372/131/177 376/130/12
f 350/125/8 361/125/8 381/123/6
f 336/106/134 342/105/31 358/105/31
f 325/130/12 376/130/12 354/129/11
f 332/112/4 351/115/5 360/115/5
f 330/123/6 381/123/6 382/119/7
f 327/118/9 362/118/9 361/125/8
f 348/133/14 373/133/14 372/131/177
f 351/115/5 329/119/7 382/119/7
f 321/114/18 364/114/18 363/111/17
f 324/38/16 378/38/16 383/39/15
f 345/121/20 346/109/21 355/109/21
f 337/124/26 366/124/26 365/120/25
f 347/111/17 363/111/17 378/38/16
f 340/116/24 368/116/24 367/113/23
f 323/39/15 383/39/15 373/133/14
f 334/134/33 370/134/33 369/132/32
f 342/105/31 333/132/32 369/132/32
f 328/117/10 353/117/10 362/118/9
f 334/134/33 352/108/34 374/108/34
f 1717/139/38 400/151/38 1739/140/38
f 2177/142/68 1757/182/68 1714/143/178
f 2143/145/180 407/191/194 1743/146/19
f 1773/148/27 1771/207/27 1791/149/27
f 2138/144/179 1714/143/178 1715/151/181
f 1119/152/181 1715/151/181 399/139/182
f 399/139/182 1719/155/183 1131/154/183
f 1719/155/183 1721/203/184 1137/156/184
f 1721/157/184 1723/193/185 2140/158/185
f 2153/160/180 1727/1009/194 1728/161/186
f 1155/162/186 1728/161/186 1730/163/187
f 1730/163/187 1732/166/189 1167/165/188
f 1732/166/189 1734/1124/190 1173/167/190
f 1173/167/190 1734/1124/190 1737/168/191
f 1745/170/27 1755/206/27 1765/171/27
f 1746/173/23 1747/1125/23 1749/174/23
f 1758/176/31 1761/1010/31 1763/177/31
f 404/179/38 1807/256/38 1808/180/38
f 1756/182/38 1754/206/38 1772/148/38
f 1729/184/38 1708/199/38 1711/185/38
f 1735/187/192 1724/193/192 1710/188/38
f 396/143/38 1756/182/38 1774/183/38
f 1726/191/38 1740/202/38 1768/192/38
f 1724/193/192 397/157/38 1709/194/38
f 1735/187/192 1767/189/38 1766/195/38
f 398/155/38 1717/139/38 1705/141/38
f 1731/198/38 1707/205/38 1708/199/38
f 1742/146/38 1768/192/38 1770/200/38
f 1725/186/38 1711/185/38 1740/202/38
f 400/151/38 396/143/38 1741/190/38
f 397/203/38 398/155/38 1706/197/38
f 1733/196/38 1766/195/38 1707/205/38
f 1754/206/38 1744/170/38 1770/207/38
f 1792/150/38 1790/149/38 1788/1126/38
f 1788/1126/38 1784/1127/38 1782/1128/38
f 1782/1128/38 1779/1129/38 1778/1130/38
f 1778/1130/38 1786/1131/38 1787/208/38
f 1787/208/38 1781/1132/38 1780/216/38
f 1780/216/38 1777/215/38 1776/209/38
f 1776/209/38 1783/219/38 1785/212/38
f 1785/212/38 1794/211/38 1792/150/38
f 1792/150/38 1788/1126/38 1782/1128/38
f 1782/1128/38 1778/1130/38 1787/208/38
f 1787/208/38 1780/216/38 1776/209/38
f 1776/209/38 1785/212/38 1792/150/38
f 1792/150/38 1782/1128/38 1787/208/38
f 421/194/184 437/1133/184 438/210/193
f 388/190/178 1775/183/68 1795/211/68
f 423/185/186 425/199/187 436/213/187
f 421/204/184 385/197/183 434/215/183
f 1769/192/19 424/202/194 441/217/194
f 388/190/178 442/212/178 440/219/181
f 427/195/195 443/221/190 435/220/189
f 428/189/191 444/222/191 443/221/190
f 428/189/191 422/188/193 438/210/193
f 430/200/23 429/192/23 445/218/23
f 386/141/182 433/209/196 434/215/183
f 387/140/181 440/219/181 433/209/196
f 432/183/31 431/148/31 447/150/31
f 425/199/187 426/205/188 435/220/189
f 424/202/194 423/185/186 439/214/186
f 527/224/197 642/224/287 611/225/198
f 495/226/200 500/227/224 579/227/201
f 503/228/203 608/228/232 591/229/204
f 1855/232/208 1860/1134/300 1862/1135/302
f 1862/1135/302 550/335/311 1864/230/206
f 1864/230/206 1857/1136/295 1859/231/207
f 1859/231/207 487/326/294 1855/232/208
f 1855/232/208 1862/1135/302 1864/230/206
f 1810/233/23 1833/470/23 1835/234/23
f 1720/236/38 1722/257/38 1801/237/38
f 406/239/38 1805/260/38 1806/240/38
f 1716/242/38 1718/259/38 1799/243/38
f 1764/245/38 1762/261/38 1815/246/38
f 1713/248/38 1712/262/38 1796/249/38
f 403/181/38 1808/180/38 1809/251/38
f 1750/253/38 1813/235/38 1802/254/38
f 405/241/38 1806/240/38 1807/256/38
f 401/252/38 1809/251/38 1801/237/38
f 1764/245/38 1817/247/38 1811/233/38
f 1718/259/38 1720/236/38 1800/238/38
f 1748/258/38 1811/233/38 1813/235/38
f 402/255/38 1802/254/38 1805/260/38
f 1762/261/38 1713/248/38 1797/250/38
f 1712/262/38 1716/242/38 1798/244/38
f 1836/234/175 477/470/175 1970/263/175
f 454/237/193 1824/278/193 1823/265/184
f 1816/246/31 1838/272/31 1840/266/31
f 1803/254/209 1825/482/209 1828/267/186
f 1814/235/210 1837/234/210 2127/234/210
f 456/260/186 1828/267/186 1829/268/187
f 1841/266/27 1948/467/27 1944/269/27
f 458/256/189 457/240/187 1829/268/187
f 449/249/181 1819/274/181 1820/271/178
f 450/250/178 1820/271/178 1839/272/68
f 458/256/189 1830/270/189 1831/273/190
f 451/244/182 1821/277/182 1819/274/181
f 459/180/190 1831/273/190 1832/275/191
f 451/244/182 452/243/183 1822/276/183
f 460/251/191 1832/275/191 1824/278/193
f 453/238/184 1823/265/184 1822/276/183
f 2013/279/211 750/546/458 2035/280/212
f 2033/282/213 745/545/457 1999/283/214
f 1845/284/215 1847/281/216 1849/281/216
f 2025/285/217 2061/285/217 2267/285/217
f 1998/288/220 1999/283/214 745/545/457
f 745/545/457 747/1137/455 2030/286/218
f 1998/288/220 745/545/457 2030/286/218
f 2030/286/218 746/287/210 2005/287/219
f 495/226/200 584/226/202 1867/289/221
f 553/290/223 587/290/258 579/227/201
f 516/291/225 621/291/234 626/292/226
f 508/293/228 548/294/306 575/294/229
f 575/297/229 548/297/306 1865/335/308
f 1865/335/308 545/1135/305 544/295/222
f 544/295/222 1867/295/221 1866/296/68
f 1866/296/68 576/1138/68 575/297/229
f 575/297/229 1865/335/308 544/295/222
f 503/228/203 565/298/257 604/298/231
f 516/291/225 485/299/289 617/299/233
f 511/300/235 519/301/288 630/301/236
f 580/227/238 588/290/268 629/290/239
f 515/302/241 524/315/259 499/303/242
f 528/305/244 507/321/283 561/306/245
f 1883/297/249 1872/297/316 1877/1138/318
f 1877/1138/318 571/296/314 1871/295/247
f 1871/295/247 1884/295/325 1889/308/248
f 1889/308/248 1878/1139/323 1883/297/249
f 1883/297/249 1877/1138/318 1871/295/247
f 566/309/250 504/411/419 531/310/251
f 508/293/228 595/293/230 600/312/253
f 531/310/251 504/411/419 557/313/255
f 562/312/254 600/312/253 604/298/231
f 558/229/205 591/229/204 587/290/258
f 524/315/259 520/345/341 554/316/260
f 596/293/261 641/293/275 638/312/262
f 603/298/264 646/298/276 650/228/265
f 592/229/267 633/229/271 629/290/239
f 583/226/269 580/227/238 625/227/240
f 607/228/266 650/228/265 633/229/271
f 570/289/272 583/226/269 622/226/270
f 574/294/274 612/294/409 641/293/275
f 599/312/263 638/312/262 646/298/276
f 532/317/277 649/317/286 645/318/278
f 536/319/280 540/318/279 645/318/278
f 535/307/246 561/306/245 566/309/250
f 528/305/244 490/327/948 549/320/282
f 515/302/241 496/304/243 543/322/284
f 532/317/277 511/300/235 634/300/237
f 527/224/197 536/319/280 637/319/281
f 554/324/260 520/345/341 512/314/256
f 519/301/288 523/292/227 626/292/226
f 500/227/224 495/226/200 497/226/329
f 502/227/330 497/226/329 498/340/331
f 501/341/333 498/340/331 496/304/243
f 523/292/227 525/292/335 518/291/334
f 525/292/335 1891/343/340 517/342/336
f 526/343/337 524/315/259 515/302/241
f 523/292/227 519/301/288 521/301/338
f 525/292/335 521/301/338 1892/344/339
f 526/343/337 522/344/344 520/345/341
f 519/301/288 511/300/235 513/300/342
f 521/301/338 513/300/342 514/346/343
f 522/344/344 514/346/343 512/314/256
f 536/319/280 527/224/197 1893/224/345
f 538/319/346 529/224/354 530/347/347
f 537/348/348 530/347/347 528/305/244
f 540/318/279 536/319/280 538/319/346
f 542/318/349 538/319/346 537/348/348
f 541/349/350 537/348/348 535/307/246
f 540/318/279 542/318/349 1894/317/351
f 542/318/349 541/349/350 533/350/352
f 541/349/350 539/311/252 531/310/251
f 485/299/289 516/291/225 518/291/334
f 488/299/290 518/291/334 517/342/336
f 1854/351/292 517/342/336 515/302/241
f 511/300/235 532/317/277 1894/317/351
f 513/300/342 534/317/353 533/350/352
f 514/346/343 533/350/352 531/310/251
f 491/225/199 494/225/298 1893/224/345
f 494/225/298 493/352/297 530/347/347
f 493/352/297 490/327/948 528/305/244
f 553/290/223 555/290/356 560/229/355
f 555/290/356 1895/354/413 559/353/357
f 556/354/358 554/324/260 557/313/255
f 565/298/257 567/298/360 564/312/359
f 567/298/360 568/356/362 563/355/361
f 568/356/362 566/309/250 561/306/245
f 580/227/238 583/226/269 585/357/363
f 582/358/365 585/357/363 586/359/366
f 581/360/367 586/359/366 584/226/202
f 580/227/238 1896/358/364 590/361/368
f 582/358/365 581/360/367 589/362/369
f 581/360/367 579/227/201 587/290/258
f 588/290/268 590/361/368 594/363/370
f 590/361/368 589/362/369 593/229/371
f 589/362/369 587/290/258 591/229/204
f 599/312/263 601/365/373 598/364/372
f 601/365/373 602/367/375 1897/366/374
f 602/367/375 600/312/253 595/293/230
f 603/298/264 605/368/377 601/365/373
f 605/368/377 606/369/378 602/367/375
f 606/369/378 604/298/231 600/312/253
f 603/298/264 607/228/266 609/370/379
f 605/368/377 609/370/379 610/371/380
f 606/369/378 610/371/380 608/228/232
f 570/289/272 573/372/381 585/357/363
f 573/372/381 1869/373/949 586/359/366
f 572/373/382 1867/289/221 584/226/202
f 592/229/267 594/363/370 609/370/379
f 594/363/370 593/229/371 610/371/380
f 593/229/371 591/229/204 608/228/232
f 595/293/230 575/294/229 1875/374/383
f 1897/366/374 578/374/950 577/375/384
f 598/364/372 577/375/384 574/294/274
f 625/227/240 1898/377/390 624/376/385
f 627/377/386 628/227/388 623/378/387
f 628/379/388 626/292/226 621/291/234
f 625/227/240 629/290/239 1899/381/389
f 627/382/386 631/381/393 632/290/391
f 628/383/388 632/1140/391 630/301/236
f 629/290/239 633/229/271 635/384/392
f 631/385/393 635/384/392 1900/386/394
f 632/387/391 636/300/408 634/300/237
f 638/312/262 641/293/275 643/388/395
f 640/389/396 643/388/395 1901/390/397
f 639/391/398 644/1141/412 642/224/287
f 646/298/276 638/312/262 640/392/396
f 648/393/400 640/392/396 639/312/398
f 647/394/401 639/1142/398 637/319/281
f 646/298/276 1902/396/399 652/395/402
f 648/396/400 647/298/401 1903/397/403
f 647/398/401 645/318/278 649/317/286
f 616/289/273 622/226/270 624/400/385
f 619/401/405 624/400/385 623/226/387
f 620/402/407 623/1143/387 621/291/234
f 633/229/271 650/228/265 652/403/402
f 635/404/392 652/403/402 1903/228/403
f 636/300/408 651/1144/404 649/317/286
f 612/294/409 615/406/410 643/405/395
f 615/406/410 1881/294/951 1901/293/397
f 614/407/411 611/225/198 642/224/287
f 500/227/224 502/227/330 555/290/356
f 502/227/330 1890/341/332 1895/354/413
f 501/341/333 499/303/242 554/316/260
f 562/312/254 564/312/359 1904/293/414
f 564/312/359 563/355/361 509/409/415
f 563/355/361 561/306/245 507/321/283
f 565/298/257 503/228/203 1905/228/417
f 567/298/360 505/228/420 506/410/418
f 568/356/362 506/410/418 504/411/419
f 544/289/222 547/289/304 497/226/329
f 547/289/304 546/412/303 498/340/331
f 546/412/303 543/322/284 496/304/243
f 558/229/205 560/229/355 1905/228/417
f 560/229/355 559/353/357 506/410/418
f 559/353/357 557/313/255 504/411/419
f 507/321/283 549/320/282 1863/413/309
f 509/409/415 1863/413/309 551/294/307
f 1904/293/414 551/294/307 548/294/306
f 617/325/233 485/325/289 1856/326/291
f 1856/326/291 492/231/299 491/414/199
f 491/414/199 611/414/198 613/415/19
f 613/415/19 618/1145/19 617/325/233
f 617/325/233 1856/326/291 491/414/199
f 1908/416/11 1910/1146/11 1912/417/11
f 1915/419/19 1916/422/19 1918/420/19
f 1917/422/27 1922/433/27 1920/423/27
f 1925/424/68 1911/1147/68 1909/425/68
f 661/427/421 659/420/422 1921/423/422
f 1913/429/423 654/1148/423 680/430/424
f 670/432/425 1938/435/425 1923/433/426
f 1933/434/427 1939/437/427 1938/435/425
f 1932/436/428 1940/439/428 1939/437/427
f 1931/438/429 1941/440/429 1940/439/428
f 1930/431/424 680/430/424 1941/440/429
f 1914/441/430 671/445/430 653/442/431
f 1929/444/432 1935/447/432 671/445/430
f 1928/446/433 1936/449/433 1935/447/432
f 1927/448/434 1937/450/434 1936/449/433
f 661/427/421 1924/428/421 1937/450/434
f 657/423/68 658/433/68 676/451/68
f 675/452/68 676/451/68 677/453/68
f 674/454/68 677/453/68 678/455/68
f 673/456/68 678/455/68 679/457/68
f 679/457/68 1925/424/68 1934/426/68
f 655/418/19 656/417/19 666/459/19
f 665/460/19 666/459/19 667/461/19
f 667/461/19 668/464/19 663/463/19
f 668/464/19 669/466/19 662/465/19
f 669/466/19 1915/419/19 1926/421/19
f 1949/467/19 1957/474/19 1953/468/19
f 464/247/27 1944/269/27 1942/469/27
f 1834/470/27 461/233/27 1942/469/27
f 1841/266/27 1834/470/27 1946/471/27
f 1952/468/27 1956/474/27 1954/472/27
f 684/467/38 1947/471/38 1955/472/38
f 1943/469/68 1951/473/68 687/472/68
f 681/469/175 682/269/175 686/468/175
f 1962/475/184 1982/500/184 1981/476/183
f 470/278/175 1963/491/175 693/478/175
f 479/272/175 1974/486/175 1976/479/175
f 472/267/175 1826/482/175 1964/480/175
f 1826/482/175 1836/234/175 1972/264/175
f 473/268/175 472/267/175 1965/481/175
f 480/266/175 1976/479/175 1970/263/175
f 474/270/175 473/268/175 1966/483/175
f 465/274/175 1958/488/175 1959/485/175
f 466/271/175 1959/485/175 1974/486/175
f 475/273/175 474/270/175 1967/484/175
f 467/277/175 1960/490/175 1958/488/175
f 476/275/175 475/273/175 1968/487/175
f 468/276/175 1961/492/175 1960/490/175
f 476/275/175 1969/489/175 1963/491/175
f 469/265/175 693/478/175 1961/492/175
f 709/493/435 1983/845/436 2073/494/436
f 1971/496/23 1990/510/23 1992/497/23
f 694/499/193 710/524/193 1982/500/184
f 1975/501/31 1994/516/31 1996/502/31
f 695/504/194 1984/507/194 1985/505/186
f 702/498/19 1993/497/19 1984/507/194
f 697/508/187 696/506/186 1985/505/186
f 704/503/27 1997/502/27 1991/510/27
f 697/508/187 1986/509/187 1987/511/189
f 689/513/181 1978/520/181 1979/514/178
f 703/501/68 690/515/178 1979/514/178
f 698/512/189 1987/511/189 1988/517/190
f 689/513/181 691/523/182 1980/519/182
f 699/518/190 1988/517/190 1989/521/191
f 692/477/183 1981/476/183 1980/519/182
f 694/499/193 700/522/191 1989/521/191
f 2038/526/439 752/1149/460 750/546/458
f 750/546/458 2013/279/211 2014/527/439
f 2038/526/439 750/546/458 2014/527/439
f 2014/527/439 2016/525/210 2041/525/438
f 2005/287/219 2006/1150/441 2004/528/440
f 2006/529/441 2009/555/442 2007/530/442
f 2000/282/443 2050/282/443 2051/532/444
f 2017/525/445 2015/527/445 2019/533/446
f 2018/534/447 2019/533/446 2023/535/448
f 2008/539/450 2024/285/450 731/533/449
f 731/533/449 732/527/449 730/537/449
f 730/537/449 483/281/449 481/284/449
f 481/284/449 721/1151/449 723/538/449
f 723/538/449 724/1152/449 2008/539/450
f 2008/539/450 731/533/449 730/537/449
f 730/537/449 481/284/449 723/538/449
f 2028/540/451 2029/1153/952 2031/541/452
f 2027/542/454 748/541/953 747/543/455
f 2032/532/456 747/1154/455 745/545/457
f 750/546/458 752/548/460 2034/547/459
f 752/548/460 2039/1155/954 2036/549/461
f 751/550/462 749/525/465 2040/551/463
f 736/534/466 2021/559/482 2010/560/482
f 736/534/466 2010/560/482 727/1156/466
f 728/1153/955 2029/1153/952 2028/540/451
f 736/534/466 727/1156/466 728/1153/955
f 736/534/466 728/1153/955 2028/540/451
f 736/534/466 2028/540/451 2040/551/463
f 749/525/465 735/525/210 736/534/466
f 1847/281/216 741/280/215 1851/280/215
f 737/540/216 1852/540/216 1853/551/216
f 741/280/215 743/547/215 1844/547/215
f 744/552/216 742/551/216 1853/551/216
f 739/542/216 2002/542/216 1852/540/216
f 1845/284/215 2011/284/216 754/282/215
f 738/282/215 754/282/215 753/532/216
f 743/547/215 744/549/216 1842/549/216
f 740/544/216 753/544/216 2002/542/216
f 2054/284/467 2045/281/467 2047/280/467
f 2047/280/467 2044/1157/467 2042/553/467
f 2042/553/467 2049/551/467 2048/540/467
f 2048/540/467 2052/1158/956 766/554/467
f 766/554/467 765/282/956 2054/284/467
f 2054/284/467 2047/280/467 2042/553/467
f 2042/553/467 2048/540/467 766/554/467
f 756/280/468 755/547/469 760/547/469
f 2000/282/443 2012/284/68 2055/284/68
f 1850/281/19 756/280/468 762/280/468
f 2003/542/470 2001/544/444 2051/544/444
f 758/551/471 482/540/472 763/540/472
f 484/542/473 767/542/473 763/540/472
f 1843/549/474 2043/549/474 760/547/469
f 757/552/475 758/551/471 764/551/471
f 733/284/476 726/281/476 761/281/476
f 2056/555/477 2063/536/477 2060/535/478
f 1250/556/479 1269/1159/479 2299/557/480
f 2008/539/450 2059/539/481 2062/285/481
f 2021/559/482 2064/559/483 2057/560/483
f 774/561/484 778/616/539 905/562/485
f 786/564/487 790/632/555 917/565/488
f 917/565/488 790/632/555 794/567/490
f 794/567/490 798/570/493 925/569/492
f 798/570/493 802/572/495 929/571/494
f 802/572/495 806/574/497 933/573/496
f 806/574/497 810/576/499 937/575/498
f 810/576/499 814/578/501 941/577/500
f 814/578/501 818/580/503 945/579/502
f 818/580/503 822/656/579 949/581/504
f 949/581/504 822/656/579 826/582/505
f 953/583/506 826/582/505 830/584/507
f 830/584/507 834/587/510 961/586/509
f 834/587/510 838/589/512 965/588/511
f 838/589/512 842/591/514 969/590/513
f 842/591/514 846/593/516 973/592/515
f 846/593/516 850/595/518 977/594/517
f 850/595/518 854/597/520 981/596/519
f 854/597/520 858/599/522 985/598/521
f 858/599/522 862/687/610 989/600/523
f 989/600/523 862/687/610 866/601/524
f 866/601/524 870/694/617 997/603/526
f 997/603/526 870/694/617 874/604/527
f 1001/605/528 874/604/527 878/606/529
f 1005/607/530 878/606/529 882/608/531
f 882/608/531 886/611/534 1013/610/533
f 886/611/534 890/711/634 1017/612/535
f 1017/612/535 890/711/634 894/613/536
f 894/613/536 898/619/542 1025/615/538
f 778/616/539 782/618/541 909/617/540
f 782/618/541 786/564/487 913/566/489
f 898/619/542 774/561/484 902/563/486
f 774/561/484 776/720/643 780/620/543
f 780/620/543 776/720/643 775/621/544
f 779/622/545 775/621/544 773/623/546
f 778/616/539 780/620/543 784/625/548
f 784/625/548 780/620/543 779/622/545
f 783/626/549 779/622/545 777/624/547
f 782/618/541 784/625/548 788/628/551
f 788/628/551 784/625/548 783/626/549
f 787/629/552 783/626/549 781/627/550
f 786/564/487 788/628/551 792/631/554
f 792/631/554 788/628/551 787/629/552
f 791/633/556 787/629/552 785/630/553
f 790/632/555 792/631/554 796/635/558
f 796/635/558 792/631/554 791/633/556
f 795/636/559 791/633/556 789/634/557
f 794/567/490 796/635/558 800/638/561
f 800/638/561 796/635/558 795/636/559
f 799/639/562 795/636/559 793/637/560
f 798/570/493 800/638/561 804/641/564
f 804/641/564 800/638/561 799/639/562
f 803/642/565 799/639/562 797/640/563
f 802/572/495 804/641/564 808/644/567
f 808/644/567 804/641/564 803/642/565
f 807/645/568 803/642/565 801/643/566
f 810/576/499 806/574/497 808/644/567
f 808/644/567 807/645/568 811/648/571
f 807/645/568 805/646/569 809/649/572
f 814/578/501 810/576/499 812/647/570
f 812/647/570 811/648/571 815/651/574
f 811/648/571 809/649/572 813/652/575
f 818/580/503 814/578/501 816/650/573
f 816/650/573 815/651/574 819/654/577
f 815/651/574 813/652/575 817/655/578
f 822/656/579 818/580/503 820/653/576
f 820/653/576 819/654/577 823/658/581
f 819/654/577 817/655/578 821/659/582
f 826/582/505 822/656/579 824/657/580
f 824/657/580 823/658/581 827/661/584
f 823/658/581 821/659/582 825/662/585
f 830/584/507 826/582/505 828/660/583
f 828/660/583 827/661/584 831/664/587
f 827/661/584 825/662/585 829/665/588
f 834/587/510 830/584/507 832/663/586
f 832/663/586 831/664/587 835/667/590
f 831/664/587 829/665/588 833/668/591
f 838/589/512 834/587/510 836/666/589
f 836/666/589 835/667/590 839/670/593
f 835/667/590 833/668/591 837/671/594
f 842/591/514 838/589/512 840/669/592
f 840/669/592 839/670/593 843/673/596
f 839/670/593 837/671/594 841/674/597
f 846/593/516 842/591/514 844/672/595
f 844/672/595 843/673/596 847/676/599
f 843/673/596 841/674/597 845/677/600
f 850/595/518 846/593/516 848/675/598
f 848/675/598 847/676/599 851/679/602
f 847/676/599 845/677/600 849/680/603
f 854/597/520 850/595/518 852/678/601
f 852/678/601 851/679/602 855/682/605
f 851/679/602 849/680/603 853/683/606
f 858/599/522 854/597/520 856/681/604
f 856/681/604 855/682/605 859/685/608
f 855/682/605 853/683/606 857/686/609
f 862/687/610 858/599/522 860/684/607
f 860/684/607 859/685/608 863/689/612
f 859/685/608 857/686/609 861/690/613
f 866/601/524 862/687/610 864/688/611
f 864/688/611 863/689/612 867/692/615
f 863/689/612 861/690/613 865/693/616
f 870/694/617 866/601/524 868/691/614
f 868/691/614 867/692/615 871/696/619
f 867/692/615 865/693/616 869/697/620
f 870/694/617 872/695/618 876/698/621
f 876/698/621 872/695/618 871/696/619
f 875/699/622 871/696/619 869/697/620
f 874/604/527 876/698/621 880/701/624
f 880/701/624 876/698/621 875/699/622
f 879/702/625 875/699/622 873/700/623
f 878/606/529 880/701/624 884/704/627
f 884/704/627 880/701/624 879/702/625
f 883/705/628 879/702/625 877/703/626
f 882/608/531 884/704/627 888/707/630
f 888/707/630 884/704/627 883/705/628
f 887/708/631 883/705/628 881/706/629
f 886/611/534 888/707/630 892/710/633
f 892/710/633 888/707/630 887/708/631
f 891/712/635 887/708/631 885/709/632
f 890/711/634 892/710/633 896/714/637
f 896/714/637 892/710/633 891/712/635
f 895/715/638 891/712/635 889/713/636
f 894/613/536 896/714/637 900/717/640
f 900/717/640 896/714/637 895/715/638
f 899/718/641 895/715/638 893/716/639
f 898/619/542 900/717/640 776/720/643
f 776/720/643 900/717/640 899/718/641
f 775/621/544 899/718/641 897/719/642
f 781/627/550 777/624/547 773/623/546
f 773/623/546 897/719/642 893/716/639
f 893/716/639 889/713/636 885/709/632
f 885/709/632 881/706/629 877/703/626
f 877/703/626 873/700/623 869/697/620
f 869/697/620 865/693/616 861/690/613
f 861/690/613 857/686/609 853/683/606
f 853/683/606 849/680/603 845/677/600
f 845/677/600 841/674/597 837/671/594
f 837/671/594 833/668/591 829/665/588
f 829/665/588 825/662/585 821/659/582
f 821/659/582 817/655/578 813/652/575
f 813/652/575 809/649/572 805/646/569
f 805/646/569 801/643/566 797/640/563
f 797/640/563 793/637/560 789/634/557
f 789/634/557 785/630/553 781/627/550
f 781/627/550 773/623/546 893/716/639
f 893/716/639 885/709/632 877/703/626
f 877/703/626 869/697/620 861/690/613
f 861/690/613 853/683/606 845/677/600
f 845/677/600 837/671/594 829/665/588
f 829/665/588 821/659/582 813/652/575
f 813/652/575 805/646/569 797/640/563
f 797/640/563 789/634/557 781/627/550
f 781/627/550 893/716/639 877/703/626
f 877/703/626 861/690/613 845/677/600
f 845/677/600 829/665/588 813/652/575
f 813/652/575 797/640/563 781/627/550
f 781/627/550 877/703/626 845/677/600
f 902/563/486 905/562/485 907/721/644
f 907/721/644 908/727/650 903/723/646
f 903/723/646 908/727/650 906/724/647
f 909/617/540 911/729/652 907/721/644
f 907/721/644 911/729/652 912/726/649
f 908/727/650 912/726/649 910/728/651
f 913/566/489 915/732/655 911/729/652
f 911/729/652 915/732/655 916/730/653
f 912/726/649 916/730/653 914/731/654
f 917/565/488 919/733/656 915/732/655
f 919/733/656 920/736/659 916/730/653
f 916/730/653 920/736/659 918/734/657
f 921/568/491 923/738/661 919/733/656
f 919/733/656 923/738/661 924/735/658
f 920/736/659 924/735/658 922/737/660
f 925/569/492 927/739/662 923/738/661
f 927/739/662 928/742/665 924/735/658
f 924/735/658 928/742/665 926/740/663
f 925/569/492 929/571/494 931/741/664
f 931/741/664 932/745/668 928/742/665
f 928/742/665 932/745/668 930/743/666
f 933/573/496 935/747/670 931/741/664
f 931/741/664 935/747/670 936/744/667
f 936/744/667 934/749/672 930/743/666
f 933/573/496 937/575/498 939/746/669
f 939/746/669 940/748/671 936/744/667
f 940/748/671 938/751/674 934/749/672
f 941/577/500 943/752/675 939/746/669
f 939/746/669 943/752/675 944/750/673
f 944/750/673 942/755/678 938/751/674
f 945/579/502 947/753/676 943/752/675
f 947/753/676 948/754/677 944/750/673
f 948/754/677 946/758/681 942/755/678
f 945/579/502 949/581/504 2066/756/679
f 947/753/676 951/756/683 952/757/680
f 952/757/680 950/761/685 946/758/681
f 949/581/504 953/583/506 955/759/682
f 951/756/683 955/759/682 956/760/684
f 956/760/684 954/764/688 950/761/685
f 953/583/506 957/585/508 959/762/686
f 955/759/682 959/762/686 960/763/687
f 960/763/687 958/766/690 954/764/688
f 961/586/509 963/768/692 959/762/686
f 959/762/686 963/768/692 964/765/689
f 964/765/689 962/770/694 958/766/690
f 961/586/509 965/588/511 967/767/691
f 967/767/691 968/769/693 964/765/689
f 968/769/693 966/773/697 962/770/694
f 965/588/511 969/590/513 971/771/695
f 971/771/695 972/772/696 968/769/693
f 972/772/696 970/776/700 966/773/697
f 969/590/513 973/592/515 975/774/698
f 975/774/698 976/775/699 972/772/696
f 976/775/699 974/779/703 970/776/700
f 973/592/515 977/594/517 979/777/701
f 979/777/701 980/778/702 976/775/699
f 980/778/702 978/782/706 974/779/703
f 977/594/517 981/596/519 983/780/704
f 983/780/704 984/781/705 980/778/702
f 984/781/705 982/785/709 978/782/706
f 981/596/519 985/598/521 987/783/707
f 983/780/704 987/783/707 988/784/708
f 988/784/708 986/788/712 982/785/709
f 985/598/521 989/600/523 991/786/710
f 991/786/710 992/787/711 988/784/708
f 992/787/711 990/791/715 986/788/712
f 989/600/523 993/602/525 995/789/713
f 991/786/710 995/789/713 996/790/714
f 996/790/714 994/794/718 990/791/715
f 997/603/526 999/792/716 995/789/713
f 999/792/716 1000/796/720 996/790/714
f 996/790/714 1000/796/720 998/793/717
f 1001/605/528 2067/795/723 999/792/716
f 1003/795/719 1004/800/725 1000/796/720
f 1000/796/720 1004/800/725 1002/797/721
f 1001/605/528 1005/607/530 1007/798/722
f 1003/795/719 1007/798/722 1008/799/724
f 1004/800/725 1008/799/724 1006/801/726
f 1009/609/532 1011/802/727 1007/798/722
f 1011/802/727 1012/806/731 1008/799/724
f 1008/799/724 1012/806/731 1010/803/728
f 1009/609/532 1013/610/533 1015/804/729
f 1011/802/727 1015/804/729 1016/805/730
f 1012/806/731 1016/805/730 1014/807/732
f 1017/612/535 1019/808/733 1015/804/729
f 1019/808/733 1020/811/736 1016/805/730
f 1016/805/730 1020/811/736 1018/809/734
f 1021/614/537 1023/814/739 1019/808/733
f 1019/808/733 1023/814/739 1024/810/735
f 1020/811/736 1024/810/735 1022/812/737
f 1021/614/537 1025/615/538 1027/813/738
f 1027/813/738 1028/816/741 1024/810/735
f 1024/810/735 1028/816/741 1026/815/740
f 902/563/486 904/722/645 1027/813/738
f 904/722/645 903/723/646 1028/816/741
f 1028/816/741 903/723/646 901/725/648
f 1026/815/740 901/725/648 906/724/647
f 906/724/647 910/728/651 914/731/654
f 914/731/654 918/734/657 922/737/660
f 922/737/660 926/740/663 930/743/666
f 930/743/666 934/749/672 938/751/674
f 938/751/674 942/755/678 946/758/681
f 946/758/681 950/761/685 954/764/688
f 954/764/688 958/766/690 962/770/694
f 962/770/694 966/773/697 970/776/700
f 970/776/700 974/779/703 978/782/706
f 978/782/706 982/785/709 986/788/712
f 986/788/712 990/791/715 994/794/718
f 994/794/718 998/793/717 1002/797/721
f 1002/797/721 1006/801/726 1010/803/728
f 1010/803/728 1014/807/732 1018/809/734
f 1018/809/734 1022/812/737 1026/815/740
f 1026/815/740 906/724/647 914/731/654
f 914/731/654 922/737/660 930/743/666
f 930/743/666 938/751/674 946/758/681
f 946/758/681 954/764/688 962/770/694
f 962/770/694 970/776/700 978/782/706
f 978/782/706 986/788/712 994/794/718
f 994/794/718 1002/797/721 1010/803/728
f 1010/803/728 1018/809/734 1026/815/740
f 1026/815/740 914/731/654 930/743/666
f 930/743/666 946/758/681 962/770/694
f 962/770/694 978/782/706 994/794/718
f 994/794/718 1010/803/728 1026/815/740
f 1026/815/740 930/743/666 962/770/694
f 1032/817/183 2072/495/184 1061/818/742
f 720/502/744 719/516/759 2084/820/745
f 711/822/746 2074/826/750 2075/823/747
f 718/825/749 2082/847/769 2074/826/750
f 712/824/748 2075/823/747 2076/827/751
f 720/829/744 2086/1160/744 2080/830/753
f 713/828/752 2076/827/751 2077/832/754
f 706/834/756 705/840/762 2068/835/757
f 719/516/759 706/514/756 2069/837/758
f 714/833/755 2077/832/754 2078/838/760
f 705/840/762 707/844/766 2070/841/763
f 715/839/761 2078/838/760 2079/842/764
f 707/844/766 708/846/768 2071/817/767
f 716/843/765 2079/842/764 2073/494/436
f 708/846/768 709/493/435 1033/495/437
f 717/831/753 2080/830/753 2082/847/769
f 1029/848/181 1031/1161/182 1053/849/770
f 1036/823/186 1035/826/194 1069/851/772
f 1034/494/193 1065/856/775 1061/818/742
f 2081/853/27 2087/821/27 1106/854/774
f 1040/842/191 1090/865/783 1065/856/775
f 2083/847/19 1098/867/957 1069/851/772
f 1037/827/187 1036/823/186 1074/852/773
f 1038/832/189 1037/827/187 1078/857/776
f 1044/821/31 2085/820/31 2118/859/778
f 1038/832/189 1082/858/777 1086/860/779
f 1066/863/782 1089/1162/958 1085/1163/823
f 1085/1163/823 1081/1164/819 1077/1165/815
f 1077/1165/815 1073/1166/805 1070/1167/807
f 1070/1167/807 1097/904/826 1094/861/780
f 1094/861/780 1105/918/840 1102/911/831
f 1102/911/831 1049/1168/959 1046/862/781
f 1046/862/781 1054/873/793 1058/875/796
f 1058/875/796 1062/1169/801 1066/863/782
f 1066/863/782 1085/1163/823 1077/1165/815
f 1077/1165/815 1070/1167/807 1094/861/780
f 1094/861/780 1102/911/831 1046/862/781
f 1046/862/781 1058/875/796 1066/863/782
f 1066/863/782 1077/1165/815 1094/861/780
f 1032/817/183 1057/819/743 1053/864/770
f 1040/842/191 1039/838/190 1086/860/779
f 1043/820/68 1030/837/178 1050/866/784
f 1041/830/23 2107/909/786 2108/867/786
f 1046/862/781 1049/1168/959 2088/868/787
f 1048/869/789 1051/868/960 1052/870/790
f 1047/871/791 1052/870/790 1050/866/784
f 1046/862/781 2089/869/788 2091/872/792
f 1048/869/789 2090/871/789 2092/874/794
f 1047/871/791 1045/850/771 1053/849/770
f 1058/875/796 1054/873/793 2091/872/792
f 1060/876/798 1056/872/794 2092/874/794
f 1055/878/795 1053/864/770 1057/819/743
f 1058/880/796 2093/1170/797 1064/881/800
f 1064/881/800 1060/1170/798 1059/879/799
f 1063/883/802 1059/879/799 1057/819/743
f 1062/882/801 1064/881/800 1068/884/803
f 1064/881/800 1063/883/802 1067/886/804
f 1063/883/802 1061/818/742 1065/856/775
f 1073/887/805 2094/890/813 2095/888/806
f 1075/890/808 1076/892/811 1071/891/809
f 1076/892/811 1074/852/773 1069/851/772
f 1073/887/805 1077/895/815 2096/893/812
f 1075/890/808 1079/893/818 1080/894/814
f 1076/892/811 1080/894/814 1078/857/776
f 1077/895/815 1081/897/819 2097/896/816
f 1083/896/817 1084/899/821 1080/894/814
f 1080/894/814 1084/899/821 1082/858/777
f 1081/897/819 1085/901/823 1087/898/820
f 1087/898/820 1088/900/822 1084/899/821
f 1088/900/822 1086/860/779 1082/858/777
f 1085/901/823 1089/1171/958 1091/902/824
f 1087/898/820 1091/902/824 1092/903/825
f 1088/900/822 1092/903/825 1090/865/783
f 1090/865/783 1092/903/825 1067/886/804
f 1092/903/825 1091/902/824 1068/884/803
f 1091/902/824 1089/1171/958 1066/885/782
f 1097/904/826 2098/906/961 2100/905/827
f 2099/906/828 2105/1172/828 2102/907/829
f 2106/908/830 2108/867/786 2107/909/786
f 1102/911/831 1105/918/840 2109/912/832
f 2110/912/834 2115/917/834 2113/914/834
f 2114/914/835 2116/917/835 2119/854/778
f 1069/851/772 1098/867/957 1100/908/836
f 1071/891/809 1100/908/836 1099/915/837
f 2095/888/806 2098/915/961 1097/916/826
f 1093/855/774 1106/854/774 2117/917/838
f 1108/917/839 1107/912/839 1096/905/839
f 2100/905/827 2109/912/832 1105/918/840
f 1050/866/784 1052/870/790 1103/914/841
f 1052/870/790 1051/868/960 1104/913/842
f 2088/868/787 1049/1168/959 1102/911/831
f 1029/848/181 1045/850/771 1050/866/784
f 2122/235/19 2126/234/19 2124/482/19
f 478/234/217 1827/482/217 2125/482/217
f 471/482/210 1804/254/210 2121/254/210
f 455/254/217 462/235/217 1110/235/217
f 2178/142/31 1208/171/31 416/206/31
f 2178/142/31 2180/921/31 2196/919/31
f 2183/920/31 2195/923/31 2196/919/31
f 2186/922/31 2194/925/31 2195/923/31
f 2186/922/31 2189/926/31 2193/924/31
f 1758/176/31 2192/178/31 2193/924/31
f 1185/927/23 1752/147/23 420/146/23
f 2158/928/23 2174/930/23 1752/147/23
f 2159/929/23 2171/932/23 2174/930/23
f 2160/931/23 2168/934/23 2171/932/23
f 2161/933/23 2165/935/23 2168/934/23
f 1746/173/23 2162/175/23 2165/935/23
f 1190/936/27 1203/178/27 413/177/27
f 1189/938/27 1204/924/27 1203/178/27
f 1188/931/27 1205/925/27 1204/924/27
f 1187/929/27 1206/923/27 1205/925/27
f 1186/939/27 1207/919/27 1206/923/27
f 2157/172/27 1765/171/27 1207/919/27
f 412/196/190 1178/941/190 1738/940/843
f 1178/941/190 1177/943/190 2155/942/844
f 1177/943/190 1176/945/190 1182/944/191
f 1176/945/190 1175/947/190 1181/946/191
f 1175/947/190 1174/949/190 1180/948/191
f 1174/949/190 1173/167/190 1179/169/191
f 1172/950/189 1178/941/190 412/196/190
f 1171/951/189 1177/943/190 1178/941/190
f 1170/952/189 1176/945/190 1177/943/190
f 1169/953/189 1175/947/190 1176/945/190
f 1168/954/189 1174/949/190 1175/947/190
f 1167/165/188 1173/167/190 1174/949/190
f 410/184/187 1166/956/187 1172/950/189
f 1165/955/187 1171/951/189 1172/950/189
f 1164/957/187 1170/952/189 1171/951/189
f 1164/957/187 1163/958/187 1169/953/189
f 1163/958/187 1162/959/187 1168/954/189
f 1162/959/187 1161/164/187 1167/165/188
f 1160/960/186 1166/956/187 410/184/187
f 1159/961/186 1165/955/187 1166/956/187
f 1158/962/186 1164/957/187 1165/955/187
f 1157/963/186 1163/958/187 1164/957/187
f 1156/964/186 1162/959/187 1163/958/187
f 1155/162/186 1161/164/187 1162/959/187
f 2143/145/180 1160/960/186 409/186/186
f 2145/965/180 1159/961/186 1160/960/186
f 2145/965/180 2147/967/180 1158/962/186
f 2149/966/180 1157/963/186 1158/962/186
f 2151/968/180 1156/964/186 1157/963/186
f 2151/968/180 2153/160/180 1155/162/186
f 1142/969/184 1148/973/193 390/970/193
f 1141/972/184 1147/975/193 1148/973/193
f 1140/974/184 1146/977/193 1147/975/193
f 1139/976/184 1145/979/193 1146/977/193
f 1138/978/184 2141/980/845 1145/979/193
f 1137/159/184 2140/158/185 2141/980/845
f 393/981/183 1136/984/183 1142/982/184
f 1136/984/183 1135/987/183 1141/985/184
f 1134/986/183 1140/974/184 1141/985/184
f 1133/988/183 1139/976/184 1140/974/184
f 1132/989/183 1138/990/184 1139/976/184
f 1131/154/183 1137/156/184 1138/990/184
f 1130/991/182 1136/984/183 393/981/183
f 1129/993/182 1135/987/183 1136/984/183
f 1128/994/182 1134/986/183 1135/987/183
f 1127/995/182 1133/988/183 1134/986/183
f 1127/995/182 1126/996/182 1132/989/183
f 1126/996/182 1125/153/182 1131/154/183
f 391/997/181 1124/998/181 1130/991/182
f 1124/998/181 1123/999/181 1129/993/182
f 1123/999/181 1122/1000/181 1128/994/182
f 1122/1000/181 1121/1001/181 1127/995/182
f 1121/1001/181 1120/1002/181 1126/996/182
f 1120/1002/181 1119/152/181 1125/153/182
f 2128/1003/179 1124/998/181 391/997/181
f 2130/1005/179 1123/999/181 1124/998/181
f 2132/1006/179 1122/1000/181 1123/999/181
f 2134/1007/179 1121/1001/181 1122/1000/181
f 2136/1008/179 1120/1002/181 1121/1001/181
f 2138/144/179 1119/152/181 1120/1002/181
f 390/970/193 1148/973/193 1179/169/191
f 1148/973/193 1147/975/193 1180/948/191
f 1147/975/193 1146/977/193 1181/946/191
f 1146/977/193 1145/979/193 1182/944/191
f 1145/979/193 2141/980/845 2155/942/844
f 1184/940/846 2156/942/962 2197/942/847
f 2153/160/180 2163/175/19 417/174/19
f 2152/968/175 2166/935/175 2213/935/175
f 2151/968/180 2149/966/180 2169/934/19
f 2164/175/11 2210/175/11 2212/935/11
f 2147/967/180 2145/965/180 2175/930/19
f 2146/965/38 2201/965/38 2219/930/38
f 1759/176/68 2128/1003/179 389/1004/178
f 2131/1005/27 2129/1003/27 2222/1003/27
f 2187/922/68 2132/1006/179 2130/1005/179
f 2191/926/11 2242/926/11 2244/176/11
f 2184/920/68 2181/921/68 2136/1008/179
f 2139/144/175 2233/144/175 2235/142/175
f 2208/1011/19 2206/1173/19 1216/1012/19
f 2204/1014/19 2202/1174/19 2216/1015/19
f 2200/1017/19 2198/1175/19 2220/1018/19
f 2144/145/175 1753/147/175 2221/147/175
f 1196/147/11 1195/930/11 1219/930/11
f 2148/967/27 2203/967/27 2205/966/27
f 1152/966/38 1212/966/38 2215/934/38
f 1151/967/175 2173/932/175 2217/932/175
f 1193/934/11 1217/934/11 1218/932/11
f 1149/145/27 1209/145/27 1210/965/27
f 2154/160/38 2209/160/38 1215/175/38
f 1154/160/27 1153/968/27 1213/968/27
f 2243/1020/68 2225/1176/68 2223/1021/68
f 2238/1023/68 2228/1177/68 2226/1024/68
f 2236/1026/68 2234/1178/68 2232/1027/68
f 2188/922/38 2241/922/38 2227/1006/38
f 2137/1008/27 2231/1008/27 1226/144/27
f 2135/1007/175 2229/1007/175 2239/920/175
f 1199/920/11 1229/920/11 1230/922/11
f 1113/1003/38 1202/176/38 1232/176/38
f 1117/1008/38 2182/921/38 2237/921/38
f 1115/1006/27 1223/1006/27 1224/1007/27
f 1114/1005/175 1222/1005/175 1231/926/175
f 1197/142/11 1227/142/11 1228/921/11
f 1724/193/192 1735/187/192 2252/187/849
f 2247/980/851 2246/158/852 1233/940/852
f 1234/158/963 1143/158/858 395/193/854
f 395/193/854 2251/193/855 2249/1029/855
f 2249/1029/855 2255/1033/855 2259/1030/855
f 2259/1030/855 1234/158/963 395/193/854
f 1183/942/856 2142/980/964 2247/980/851
f 2246/158/852 1242/1030/857 2260/1031/857
f 1143/158/858 1234/158/963 1235/980/859
f 2252/187/849 2253/1032/965 2250/1029/861
f 2254/1032/862 2257/1034/966 2256/1033/862
f 2258/1034/864 2260/1031/857 1242/1030/857
f 1238/187/967 408/187/968 1184/940/846
f 1184/940/846 2248/940/848 1237/1031/866
f 1237/1031/866 1239/1034/969 1240/1032/867
f 1240/1032/867 1238/187/967 1184/940/846
f 771/535/210 2065/536/210 2261/536/210
f 2022/536/210 729/535/210 2266/535/210
f 772/559/217 734/559/217 2264/559/217
f 1251/559/870 1245/559/887 1247/559/868
f 1247/559/868 1256/559/886 2277/559/869
f 2277/559/869 2269/1055/899 1251/559/870
f 1287/560/873 725/560/890 769/560/871
f 769/560/871 1297/560/898 2323/560/872
f 2323/560/872 2309/560/923 1287/560/873
f 1265/1035/874 1281/285/874 2289/285/875
f 1291/539/875 1309/539/875 1318/539/876
f 1285/1036/877 1296/1036/878 1313/1036/878
f 2348/530/68 2341/530/68 2339/1179/68
f 2339/1179/68 2342/1065/68 2343/1042/68
f 2343/1042/68 2335/1062/68 2334/1180/68
f 2334/1180/68 2336/1181/68 2338/1037/68
f 2338/1037/68 2333/1037/68 2332/1182/68
f 2332/1182/68 2330/1059/68 1314/1038/68
f 1314/1038/68 2345/1047/68 2344/1065/68
f 2344/1065/68 2346/1183/68 2348/530/68
f 2348/530/68 2339/1179/68 2343/1042/68
f 2343/1042/68 2334/1180/68 2338/1037/68
f 2338/1037/68 2332/1182/68 1314/1038/68
f 1314/1038/68 2344/1065/68 2348/530/68
f 2348/530/68 2343/1042/68 2338/1037/68
f 1254/556/879 1260/558/880 1277/1039/880
f 1270/1041/19 2296/1184/19 2295/1052/19
f 2295/1052/19 2297/1051/19 2298/1044/19
f 2298/1044/19 2294/557/19 2292/1185/19
f 2292/1185/19 2290/1186/19 1278/1040/19
f 1278/1040/19 2303/535/19 2301/1187/19
f 2301/1187/19 2300/1053/19 1282/558/19
f 1282/558/19 2308/556/19 2307/1051/19
f 2307/1051/19 2305/1052/19 1270/1041/19
f 1270/1041/19 2295/1052/19 2298/1044/19
f 2298/1044/19 2292/1185/19 1278/1040/19
f 1278/1040/19 2301/1187/19 1282/558/19
f 1282/558/19 2307/1051/19 1270/1041/19
f 1270/1041/19 2298/1044/19 1278/1040/19
f 1295/1038/479 1301/1047/480 1317/1042/480
f 1261/285/883 1248/285/884 1246/285/881
f 1246/285/881 1266/285/889 2288/1043/882
f 2288/1043/882 2278/285/905 1261/285/883
f 1256/536/886 1247/536/868 1248/535/884
f 1248/535/884 1261/535/883 2283/1039/885
f 2283/1039/885 2274/556/902 1256/536/886
f 1266/535/889 1246/535/881 1245/536/887
f 1245/536/887 1251/1184/870 2273/1044/888
f 2273/1044/888 2284/557/908 1266/535/889
f 1292/530/892 722/530/893 725/555/890
f 725/555/890 1287/555/873 2313/1038/891
f 2313/1038/891 2314/1047/926 1292/530/892
f 1302/1046/895 770/539/896 722/539/893
f 722/539/893 1292/539/892 2318/1045/894
f 2318/1045/894 2324/539/932 1302/1046/895
f 1297/555/898 769/555/871 770/530/896
f 770/530/896 1302/530/895 2328/1047/897
f 2328/1047/897 2319/1038/929 1297/555/898
f 1259/1035/875 2289/285/875 2291/1035/911
f 1262/1035/912 1280/1035/912 2293/285/912
f 1263/1053/913 1279/1053/913 1277/1039/880
f 1273/1055/877 1255/1055/877 1258/1055/914
f 1258/1055/914 1257/559/915 1276/559/915
f 1257/1051/915 1254/556/879 1274/556/879
f 1264/558/480 2299/557/480 1284/1053/916
f 1284/1053/916 2302/535/917 2287/535/917
f 1283/285/918 1281/285/874 1265/1035/874
f 1249/1048/878 2304/559/878 2306/559/919
f 1252/1049/921 1272/559/921 1271/559/922
f 1271/1051/922 1269/1159/479 1250/556/479
f 1249/1048/878 1255/1055/877 1273/1055/877
f 1295/1038/479 2329/1038/479 2331/1059/935
f 1316/1059/921 1315/555/936 1299/555/936
f 1299/560/936 1315/1056/936 1313/1036/878
f 1286/1062/879 1289/1059/915 1307/1063/915
f 1289/1059/915 2311/555/937 2337/555/937
f 1288/1056/938 1285/1036/877 1306/1036/877
f 1291/539/875 2317/539/970 2340/539/911
f 1311/539/912 1294/539/912 1293/539/939
f 1312/1065/940 1293/1057/939 1290/1042/880
f 1301/1047/480 1304/1065/916 1319/1065/916
f 1319/1065/916 1304/1065/916 2326/530/917
f 1303/1061/918 1300/539/874 1318/539/876
f 1286/1062/879 1305/1064/879 1310/1042/880
