# Blender 4.2.3 LTS
# www.blender.org
mtllib light02_1.mtl
o base
v 0.000000 -0.028110 0.000000
v 0.000000 0.193112 -0.000000
v 0.781586 -0.028110 0.000000
v 0.781586 -0.028110 0.000000
v 0.780997 -0.020209 0.000000
v 0.780247 -0.012308 0.000000
v 0.779334 -0.004408 0.000000
v 0.778258 0.003493 -0.000000
v 0.777021 0.011394 -0.000000
v 0.775621 0.019295 -0.000000
v 0.774058 0.027195 -0.000000
v 0.772333 0.035096 -0.000000
v 0.770446 0.042997 -0.000000
v 0.768396 0.050898 -0.000000
v 0.766184 0.058799 -0.000000
v 0.763810 0.066699 -0.000000
v 0.761273 0.074600 -0.000000
v 0.758574 0.082501 -0.000000
v 0.755713 0.090402 -0.000000
v 0.752689 0.098302 -0.000000
v 0.749502 0.106203 -0.000000
v 0.746154 0.114104 -0.000000
v 0.742643 0.122005 -0.000000
v 0.738969 0.129906 -0.000000
v 0.735133 0.137806 -0.000000
v 0.731135 0.145707 -0.000000
v 0.726975 0.153608 -0.000000
v 0.722652 0.161509 -0.000000
v 0.718167 0.169409 -0.000000
v 0.713519 0.177310 -0.000000
v 0.708709 0.185211 -0.000000
v 0.703736 0.193112 -0.000000
v 0.703736 0.193112 -0.000000
v 0.769711 -0.028110 -0.135721
v 0.769711 -0.028110 -0.135721
v 0.769132 -0.020209 -0.135619
v 0.768393 -0.012308 -0.135488
v 0.767494 -0.004408 -0.135330
v 0.766435 0.003493 -0.135143
v 0.765216 0.011394 -0.134928
v 0.763837 0.019295 -0.134685
v 0.762298 0.027195 -0.134414
v 0.760600 0.035096 -0.134114
v 0.758741 0.042997 -0.133787
v 0.756723 0.050898 -0.133431
v 0.754544 0.058799 -0.133046
v 0.752206 0.066699 -0.132634
v 0.749708 0.074600 -0.132194
v 0.747050 0.082501 -0.131725
v 0.744232 0.090402 -0.131228
v 0.741254 0.098302 -0.130703
v 0.738116 0.106203 -0.130150
v 0.734818 0.114104 -0.129568
v 0.731360 0.122005 -0.128959
v 0.727743 0.129906 -0.128321
v 0.723965 0.137806 -0.127655
v 0.720028 0.145707 -0.126960
v 0.715930 0.153608 -0.126238
v 0.711673 0.161509 -0.125487
v 0.707256 0.169409 -0.124708
v 0.702679 0.177310 -0.123901
v 0.697942 0.185211 -0.123066
v 0.693045 0.193112 -0.122203
v 0.693045 0.193112 -0.122203
v 0.734450 -0.028110 -0.267318
v 0.734450 -0.028110 -0.267318
v 0.733897 -0.020209 -0.267117
v 0.733192 -0.012308 -0.266860
v 0.732334 -0.004408 -0.266548
v 0.731324 0.003493 -0.266180
v 0.730161 0.011394 -0.265757
v 0.728845 0.019295 -0.265278
v 0.727377 0.027195 -0.264743
v 0.725756 0.035096 -0.264153
v 0.723982 0.042997 -0.263508
v 0.722056 0.050898 -0.262807
v 0.719978 0.058799 -0.262050
v 0.717747 0.066699 -0.261238
v 0.715363 0.074600 -0.260371
v 0.712826 0.082501 -0.259448
v 0.710137 0.090402 -0.258469
v 0.707296 0.098302 -0.257435
v 0.704302 0.106203 -0.256345
v 0.701155 0.114104 -0.255200
v 0.697856 0.122005 -0.253999
v 0.694404 0.129905 -0.252742
v 0.690800 0.137806 -0.251430
v 0.687042 0.145707 -0.250063
v 0.683133 0.153608 -0.248640
v 0.679071 0.161509 -0.247161
v 0.674856 0.169409 -0.245627
v 0.670488 0.177310 -0.244038
v 0.665969 0.185211 -0.242393
v 0.661296 0.193112 -0.240692
v 0.661296 0.193112 -0.240692
v 0.676873 -0.028110 -0.390793
v 0.676873 -0.028110 -0.390793
v 0.676364 -0.020209 -0.390499
v 0.675713 -0.012308 -0.390123
v 0.674923 -0.004408 -0.389667
v 0.673992 0.003493 -0.389129
v 0.672920 0.011394 -0.388510
v 0.671707 0.019295 -0.387810
v 0.670354 0.027195 -0.387029
v 0.668860 0.035096 -0.386167
v 0.667226 0.042997 -0.385223
v 0.665451 0.050898 -0.384198
v 0.663535 0.058799 -0.383092
v 0.661479 0.066699 -0.381905
v 0.659282 0.074600 -0.380637
v 0.656944 0.082501 -0.379287
v 0.654466 0.090402 -0.377856
v 0.651847 0.098302 -0.376344
v 0.649088 0.106203 -0.374751
v 0.646188 0.114104 -0.373077
v 0.643147 0.122005 -0.371321
v 0.639966 0.129905 -0.369485
v 0.636644 0.137806 -0.367567
v 0.633182 0.145707 -0.365568
v 0.629579 0.153608 -0.363487
v 0.625835 0.161509 -0.361326
v 0.621951 0.169409 -0.359083
v 0.617926 0.177310 -0.356759
v 0.613760 0.185211 -0.354354
v 0.609454 0.193112 -0.351868
v 0.609454 0.193112 -0.351868
v 0.598729 -0.028110 -0.502394
v 0.598729 -0.028110 -0.502394
v 0.598279 -0.020209 -0.502015
v 0.597704 -0.012308 -0.501533
v 0.597004 -0.004408 -0.500946
v 0.596180 0.003493 -0.500255
v 0.595232 0.011394 -0.499459
v 0.594160 0.019295 -0.498559
v 0.592963 0.027195 -0.497555
v 0.591642 0.035096 -0.496446
v 0.590196 0.042997 -0.495233
v 0.588626 0.050898 -0.493916
v 0.586931 0.058799 -0.492494
v 0.585112 0.066699 -0.490968
v 0.583169 0.074600 -0.489337
v 0.581101 0.082501 -0.487602
v 0.578909 0.090402 -0.485763
v 0.576593 0.098302 -0.483819
v 0.574152 0.106203 -0.481771
v 0.571587 0.114104 -0.479618
v 0.568897 0.122005 -0.477362
v 0.566083 0.129905 -0.475000
v 0.563145 0.137806 -0.472535
v 0.560082 0.145707 -0.469965
v 0.556895 0.153608 -0.467290
v 0.553584 0.161509 -0.464512
v 0.550148 0.169409 -0.461629
v 0.546587 0.177310 -0.458641
v 0.542903 0.185211 -0.455549
v 0.539093 0.193112 -0.452353
v 0.539093 0.193112 -0.452353
v 0.502394 -0.028110 -0.598729
v 0.502394 -0.028110 -0.598729
v 0.502015 -0.020209 -0.598279
v 0.501533 -0.012308 -0.597704
v 0.500946 -0.004408 -0.597004
v 0.500255 0.003493 -0.596180
v 0.499459 0.011394 -0.595232
v 0.498559 0.019295 -0.594160
v 0.497555 0.027195 -0.592963
v 0.496446 0.035096 -0.591642
v 0.495233 0.042997 -0.590196
v 0.493916 0.050898 -0.588626
v 0.492494 0.058799 -0.586931
v 0.490968 0.066699 -0.585112
v 0.489337 0.074600 -0.583169
v 0.487602 0.082501 -0.581101
v 0.485763 0.090402 -0.578909
v 0.483819 0.098302 -0.576593
v 0.481771 0.106203 -0.574152
v 0.479618 0.114104 -0.571587
v 0.477362 0.122005 -0.568897
v 0.475000 0.129905 -0.566083
v 0.472535 0.137806 -0.563145
v 0.469965 0.145707 -0.560082
v 0.467290 0.153608 -0.556895
v 0.464512 0.161509 -0.553584
v 0.461629 0.169409 -0.550148
v 0.458641 0.177310 -0.546587
v 0.455549 0.185211 -0.542903
v 0.452353 0.193112 -0.539093
v 0.452353 0.193112 -0.539093
v 0.390793 -0.028110 -0.676873
v 0.390793 -0.028110 -0.676873
v 0.390499 -0.020209 -0.676364
v 0.390123 -0.012308 -0.675713
v 0.389667 -0.004408 -0.674923
v 0.389129 0.003493 -0.673992
v 0.388510 0.011394 -0.672920
v 0.387810 0.019295 -0.671707
v 0.387029 0.027195 -0.670354
v 0.386167 0.035096 -0.668860
v 0.385223 0.042997 -0.667226
v 0.384198 0.050898 -0.665451
v 0.383092 0.058799 -0.663535
v 0.381905 0.066699 -0.661479
v 0.380637 0.074600 -0.659282
v 0.379287 0.082501 -0.656944
v 0.377856 0.090402 -0.654466
v 0.376344 0.098302 -0.651847
v 0.374751 0.106203 -0.649088
v 0.373077 0.114104 -0.646188
v 0.371321 0.122005 -0.643147
v 0.369485 0.129905 -0.639966
v 0.367567 0.137806 -0.636644
v 0.365568 0.145707 -0.633182
v 0.363487 0.153608 -0.629579
v 0.361326 0.161509 -0.625835
v 0.359083 0.169409 -0.621951
v 0.356759 0.177310 -0.617926
v 0.354354 0.185211 -0.613760
v 0.351868 0.193112 -0.609454
v 0.351868 0.193112 -0.609454
v 0.267318 -0.028110 -0.734450
v 0.267318 -0.028110 -0.734450
v 0.267117 -0.020209 -0.733897
v 0.266860 -0.012308 -0.733192
v 0.266548 -0.004408 -0.732334
v 0.266180 0.003493 -0.731324
v 0.265757 0.011394 -0.730161
v 0.265278 0.019295 -0.728845
v 0.264743 0.027195 -0.727377
v 0.264153 0.035096 -0.725756
v 0.263508 0.042997 -0.723982
v 0.262807 0.050898 -0.722056
v 0.262050 0.058799 -0.719978
v 0.261238 0.066699 -0.717747
v 0.260371 0.074600 -0.715363
v 0.259448 0.082501 -0.712826
v 0.258469 0.090402 -0.710137
v 0.257435 0.098302 -0.707296
v 0.256345 0.106203 -0.704302
v 0.255200 0.114104 -0.701155
v 0.253999 0.122005 -0.697856
v 0.252742 0.129905 -0.694404
v 0.251430 0.137806 -0.690800
v 0.250063 0.145707 -0.687042
v 0.248640 0.153608 -0.683133
v 0.247161 0.161509 -0.679071
v 0.245627 0.169409 -0.674856
v 0.244038 0.177310 -0.670488
v 0.242393 0.185211 -0.665969
v 0.240692 0.193112 -0.661296
v 0.240692 0.193112 -0.661296
v 0.135721 -0.028110 -0.769711
v 0.135721 -0.028110 -0.769711
v 0.135619 -0.020209 -0.769132
v 0.135488 -0.012308 -0.768393
v 0.135330 -0.004408 -0.767494
v 0.135143 0.003493 -0.766435
v 0.134928 0.011394 -0.765216
v 0.134685 0.019295 -0.763837
v 0.134414 0.027195 -0.762298
v 0.134114 0.035096 -0.760600
v 0.133787 0.042997 -0.758741
v 0.133431 0.050898 -0.756723
v 0.133046 0.058799 -0.754544
v 0.132634 0.066699 -0.752206
v 0.132194 0.074600 -0.749708
v 0.131725 0.082501 -0.747050
v 0.131228 0.090402 -0.744232
v 0.130703 0.098302 -0.741254
v 0.130150 0.106203 -0.738116
v 0.129568 0.114104 -0.734818
v 0.128959 0.122005 -0.731360
v 0.128321 0.129905 -0.727743
v 0.127655 0.137806 -0.723965
v 0.126960 0.145707 -0.720028
v 0.126238 0.153608 -0.715930
v 0.125487 0.161509 -0.711673
v 0.124708 0.169409 -0.707256
v 0.123901 0.177310 -0.702679
v 0.123066 0.185211 -0.697942
v 0.122203 0.193112 -0.693045
v 0.122203 0.193112 -0.693045
v 0.000000 -0.028110 -0.781586
v 0.000000 -0.028110 -0.781586
v 0.000000 -0.020209 -0.780997
v 0.000000 -0.012308 -0.780247
v 0.000000 -0.004408 -0.779334
v 0.000000 0.003493 -0.778258
v 0.000000 0.011394 -0.777021
v 0.000000 0.019295 -0.775621
v 0.000000 0.027195 -0.774058
v 0.000000 0.035096 -0.772333
v 0.000000 0.042997 -0.770446
v 0.000000 0.050898 -0.768396
v 0.000000 0.058799 -0.766184
v 0.000000 0.066699 -0.763810
v 0.000000 0.074600 -0.761273
v 0.000000 0.082501 -0.758574
v 0.000000 0.090402 -0.755713
v 0.000000 0.098302 -0.752689
v 0.000000 0.106203 -0.749502
v 0.000000 0.114104 -0.746154
v 0.000000 0.122005 -0.742643
v 0.000000 0.129905 -0.738969
v 0.000000 0.137806 -0.735133
v 0.000000 0.145707 -0.731135
v 0.000000 0.153608 -0.726975
v 0.000000 0.161509 -0.722652
v 0.000000 0.169409 -0.718167
v 0.000000 0.177310 -0.713519
v 0.000000 0.185211 -0.708709
v 0.000000 0.193112 -0.703736
v 0.000000 0.193112 -0.703736
v -0.135721 -0.028110 -0.769711
v -0.135721 -0.028110 -0.769711
v -0.135619 -0.020209 -0.769132
v -0.135488 -0.012308 -0.768393
v -0.135330 -0.004408 -0.767494
v -0.135143 0.003493 -0.766435
v -0.134928 0.011394 -0.765216
v -0.134685 0.019295 -0.763837
v -0.134414 0.027195 -0.762298
v -0.134114 0.035096 -0.760600
v -0.133787 0.042997 -0.758741
v -0.133431 0.050898 -0.756723
v -0.133046 0.058799 -0.754544
v -0.132634 0.066699 -0.752206
v -0.132194 0.074600 -0.749708
v -0.131725 0.082501 -0.747050
v -0.131228 0.090402 -0.744232
v -0.130703 0.098302 -0.741254
v -0.130150 0.106203 -0.738116
v -0.129568 0.114104 -0.734818
v -0.128959 0.122005 -0.731360
v -0.128321 0.129905 -0.727743
v -0.127655 0.137806 -0.723965
v -0.126960 0.145707 -0.720028
v -0.126238 0.153608 -0.715930
v -0.125487 0.161509 -0.711673
v -0.124708 0.169409 -0.707256
v -0.123901 0.177310 -0.702679
v -0.123066 0.185211 -0.697942
v -0.122203 0.193112 -0.693045
v -0.122203 0.193112 -0.693045
v -0.267318 -0.028110 -0.734450
v -0.267318 -0.028110 -0.734450
v -0.267117 -0.020209 -0.733897
v -0.266860 -0.012308 -0.733192
v -0.266548 -0.004408 -0.732334
v -0.266180 0.003493 -0.731324
v -0.265757 0.011394 -0.730161
v -0.265278 0.019295 -0.728845
v -0.264743 0.027195 -0.727377
v -0.264153 0.035096 -0.725756
v -0.263508 0.042997 -0.723982
v -0.262807 0.050898 -0.722056
v -0.262050 0.058799 -0.719978
v -0.261238 0.066699 -0.717747
v -0.260371 0.074600 -0.715363
v -0.259448 0.082501 -0.712826
v -0.258469 0.090402 -0.710137
v -0.257435 0.098302 -0.707296
v -0.256345 0.106203 -0.704302
v -0.255200 0.114104 -0.701155
v -0.253999 0.122005 -0.697856
v -0.252742 0.129905 -0.694404
v -0.251430 0.137806 -0.690800
v -0.250063 0.145707 -0.687042
v -0.248640 0.153608 -0.683133
v -0.247161 0.161509 -0.679071
v -0.245627 0.169409 -0.674856
v -0.244038 0.177310 -0.670488
v -0.242393 0.185211 -0.665969
v -0.240692 0.193112 -0.661296
v -0.240692 0.193112 -0.661296
v -0.390793 -0.028110 -0.676873
v -0.390793 -0.028110 -0.676873
v -0.390499 -0.020209 -0.676364
v -0.390123 -0.012308 -0.675713
v -0.389667 -0.004408 -0.674923
v -0.389129 0.003493 -0.673992
v -0.388510 0.011394 -0.672920
v -0.387810 0.019295 -0.671707
v -0.387029 0.027195 -0.670354
v -0.386167 0.035096 -0.668860
v -0.385223 0.042997 -0.667226
v -0.384198 0.050898 -0.665451
v -0.383092 0.058799 -0.663535
v -0.381905 0.066699 -0.661479
v -0.380637 0.074600 -0.659282
v -0.379287 0.082501 -0.656944
v -0.377856 0.090402 -0.654466
v -0.376344 0.098302 -0.651847
v -0.374751 0.106203 -0.649088
v -0.373077 0.114104 -0.646188
v -0.371321 0.122005 -0.643147
v -0.369485 0.129905 -0.639966
v -0.367567 0.137806 -0.636644
v -0.365568 0.145707 -0.633182
v -0.363487 0.153608 -0.629579
v -0.361326 0.161509 -0.625835
v -0.359083 0.169409 -0.621951
v -0.356759 0.177310 -0.617926
v -0.354354 0.185211 -0.613760
v -0.351868 0.193112 -0.609454
v -0.351868 0.193112 -0.609454
v -0.502394 -0.028110 -0.598729
v -0.502394 -0.028110 -0.598729
v -0.502015 -0.020209 -0.598279
v -0.501533 -0.012308 -0.597704
v -0.500946 -0.004408 -0.597004
v -0.500255 0.003493 -0.596180
v -0.499459 0.011394 -0.595232
v -0.498559 0.019295 -0.594160
v -0.497555 0.027195 -0.592963
v -0.496446 0.035096 -0.591642
v -0.495233 0.042997 -0.590196
v -0.493916 0.050898 -0.588626
v -0.492494 0.058799 -0.586931
v -0.490968 0.066699 -0.585112
v -0.489337 0.074600 -0.583169
v -0.487602 0.082501 -0.581101
v -0.485763 0.090402 -0.578909
v -0.483819 0.098302 -0.576593
v -0.481771 0.106203 -0.574152
v -0.479618 0.114104 -0.571587
v -0.477362 0.122005 -0.568897
v -0.475000 0.129905 -0.566083
v -0.472535 0.137806 -0.563145
v -0.469965 0.145707 -0.560082
v -0.467290 0.153608 -0.556895
v -0.464512 0.161509 -0.553584
v -0.461629 0.169409 -0.550148
v -0.458641 0.177310 -0.546587
v -0.455549 0.185211 -0.542903
v -0.452353 0.193112 -0.539093
v -0.452353 0.193112 -0.539093
v -0.598729 -0.028110 -0.502394
v -0.598729 -0.028110 -0.502394
v -0.598279 -0.020209 -0.502015
v -0.597704 -0.012308 -0.501533
v -0.597004 -0.004408 -0.500946
v -0.596180 0.003493 -0.500255
v -0.595232 0.011394 -0.499459
v -0.594160 0.019295 -0.498559
v -0.592963 0.027195 -0.497555
v -0.591642 0.035096 -0.496446
v -0.590196 0.042997 -0.495233
v -0.588626 0.050898 -0.493916
v -0.586931 0.058799 -0.492494
v -0.585112 0.066699 -0.490968
v -0.583169 0.074600 -0.489337
v -0.581101 0.082501 -0.487602
v -0.578909 0.090402 -0.485763
v -0.576593 0.098302 -0.483819
v -0.574152 0.106203 -0.481771
v -0.571587 0.114104 -0.479618
v -0.568897 0.122005 -0.477362
v -0.566083 0.129905 -0.475000
v -0.563145 0.137806 -0.472535
v -0.560082 0.145707 -0.469965
v -0.556895 0.153608 -0.467290
v -0.553584 0.161509 -0.464512
v -0.550148 0.169409 -0.461629
v -0.546587 0.177310 -0.458641
v -0.542903 0.185211 -0.455549
v -0.539093 0.193112 -0.452353
v -0.539093 0.193112 -0.452353
v -0.676873 -0.028110 -0.390793
v -0.676873 -0.028110 -0.390793
v -0.676364 -0.020209 -0.390499
v -0.675713 -0.012308 -0.390123
v -0.674923 -0.004408 -0.389667
v -0.673992 0.003493 -0.389129
v -0.672920 0.011394 -0.388510
v -0.671707 0.019295 -0.387810
v -0.670354 0.027195 -0.387029
v -0.668860 0.035096 -0.386167
v -0.667226 0.042997 -0.385223
v -0.665451 0.050898 -0.384198
v -0.663535 0.058799 -0.383092
v -0.661479 0.066699 -0.381905
v -0.659282 0.074600 -0.380637
v -0.656944 0.082501 -0.379287
v -0.654466 0.090402 -0.377856
v -0.651847 0.098302 -0.376344
v -0.649088 0.106203 -0.374751
v -0.646188 0.114104 -0.373077
v -0.643147 0.122005 -0.371321
v -0.639966 0.129905 -0.369485
v -0.636644 0.137806 -0.367567
v -0.633182 0.145707 -0.365568
v -0.629579 0.153608 -0.363487
v -0.625835 0.161509 -0.361326
v -0.621951 0.169409 -0.359083
v -0.617926 0.177310 -0.356759
v -0.613760 0.185211 -0.354354
v -0.609454 0.193112 -0.351868
v -0.609454 0.193112 -0.351868
v -0.734450 -0.028110 -0.267318
v -0.734450 -0.028110 -0.267318
v -0.733897 -0.020209 -0.267117
v -0.733192 -0.012308 -0.266860
v -0.732334 -0.004408 -0.266548
v -0.731324 0.003493 -0.266180
v -0.730161 0.011394 -0.265757
v -0.728845 0.019295 -0.265278
v -0.727377 0.027195 -0.264743
v -0.725756 0.035096 -0.264153
v -0.723982 0.042997 -0.263508
v -0.722056 0.050898 -0.262807
v -0.719978 0.058799 -0.262050
v -0.717747 0.066699 -0.261238
v -0.715363 0.074600 -0.260371
v -0.712826 0.082501 -0.259448
v -0.710137 0.090402 -0.258469
v -0.707296 0.098302 -0.257435
v -0.704302 0.106203 -0.256345
v -0.701155 0.114104 -0.255200
v -0.697856 0.122005 -0.253999
v -0.694404 0.129905 -0.252742
v -0.690800 0.137806 -0.251430
v -0.687042 0.145707 -0.250063
v -0.683133 0.153608 -0.248640
v -0.679071 0.161509 -0.247161
v -0.674856 0.169409 -0.245627
v -0.670488 0.177310 -0.244038
v -0.665969 0.185211 -0.242393
v -0.661296 0.193112 -0.240692
v -0.661296 0.193112 -0.240692
v -0.769711 -0.028110 -0.135721
v -0.769711 -0.028110 -0.135721
v -0.769132 -0.020209 -0.135619
v -0.768393 -0.012308 -0.135488
v -0.767494 -0.004408 -0.135330
v -0.766435 0.003493 -0.135143
v -0.765216 0.011394 -0.134928
v -0.763837 0.019295 -0.134685
v -0.762298 0.027195 -0.134414
v -0.760600 0.035096 -0.134114
v -0.758741 0.042997 -0.133787
v -0.756723 0.050898 -0.133431
v -0.754544 0.058799 -0.133046
v -0.752206 0.066699 -0.132634
v -0.749708 0.074600 -0.132194
v -0.747050 0.082501 -0.131725
v -0.744232 0.090402 -0.131228
v -0.741254 0.098302 -0.130703
v -0.738116 0.106203 -0.130150
v -0.734818 0.114104 -0.129568
v -0.731360 0.122005 -0.128959
v -0.727743 0.129906 -0.128321
v -0.723965 0.137806 -0.127655
v -0.720028 0.145707 -0.126960
v -0.715930 0.153608 -0.126238
v -0.711673 0.161509 -0.125487
v -0.707256 0.169409 -0.124708
v -0.702679 0.177310 -0.123901
v -0.697942 0.185211 -0.123066
v -0.693045 0.193112 -0.122203
v -0.693045 0.193112 -0.122203
v -0.781586 -0.028110 0.000000
v -0.781586 -0.028110 0.000000
v -0.780997 -0.020209 0.000000
v -0.780247 -0.012308 0.000000
v -0.779334 -0.004408 0.000000
v -0.778258 0.003493 -0.000000
v -0.777021 0.011394 -0.000000
v -0.775621 0.019295 -0.000000
v -0.774058 0.027195 -0.000000
v -0.772333 0.035096 -0.000000
v -0.770446 0.042997 -0.000000
v -0.768396 0.050898 -0.000000
v -0.766184 0.058799 -0.000000
v -0.763810 0.066699 -0.000000
v -0.761273 0.074600 -0.000000
v -0.758574 0.082501 -0.000000
v -0.755713 0.090402 -0.000000
v -0.752689 0.098302 -0.000000
v -0.749502 0.106203 -0.000000
v -0.746154 0.114104 -0.000000
v -0.742643 0.122005 -0.000000
v -0.738969 0.129906 -0.000000
v -0.735133 0.137806 -0.000000
v -0.731135 0.145707 -0.000000
v -0.726975 0.153608 -0.000000
v -0.722652 0.161509 -0.000000
v -0.718167 0.169409 -0.000000
v -0.713519 0.177310 -0.000000
v -0.708709 0.185211 -0.000000
v -0.703736 0.193112 -0.000000
v -0.703736 0.193112 -0.000000
v -0.769711 -0.028110 0.135721
v -0.769711 -0.028110 0.135721
v -0.769132 -0.020209 0.135619
v -0.768393 -0.012308 0.135488
v -0.767494 -0.004408 0.135330
v -0.766435 0.003493 0.135143
v -0.765216 0.011394 0.134928
v -0.763837 0.019295 0.134685
v -0.762298 0.027195 0.134414
v -0.760600 0.035096 0.134114
v -0.758741 0.042997 0.133787
v -0.756723 0.050898 0.133431
v -0.754544 0.058799 0.133046
v -0.752206 0.066699 0.132634
v -0.749708 0.074600 0.132194
v -0.747050 0.082501 0.131725
v -0.744232 0.090402 0.131228
v -0.741254 0.098302 0.130703
v -0.738116 0.106203 0.130150
v -0.734818 0.114104 0.129568
v -0.731360 0.122005 0.128959
v -0.727743 0.129906 0.128321
v -0.723965 0.137806 0.127655
v -0.720028 0.145707 0.126960
v -0.715930 0.153608 0.126238
v -0.711673 0.161509 0.125487
v -0.707256 0.169409 0.124708
v -0.702679 0.177310 0.123901
v -0.697942 0.185211 0.123066
v -0.693045 0.193112 0.122203
v -0.693045 0.193112 0.122203
v -0.734450 -0.028110 0.267318
v -0.734450 -0.028110 0.267318
v -0.733897 -0.020209 0.267117
v -0.733192 -0.012308 0.266860
v -0.732334 -0.004408 0.266548
v -0.731324 0.003493 0.266180
v -0.730161 0.011394 0.265757
v -0.728845 0.019295 0.265278
v -0.727377 0.027195 0.264743
v -0.725756 0.035096 0.264153
v -0.723982 0.042997 0.263508
v -0.722056 0.050898 0.262807
v -0.719978 0.058799 0.262050
v -0.717747 0.066699 0.261238
v -0.715363 0.074600 0.260371
v -0.712826 0.082501 0.259448
v -0.710137 0.090402 0.258469
v -0.707296 0.098302 0.257435
v -0.704302 0.106203 0.256345
v -0.701155 0.114104 0.255200
v -0.697856 0.122005 0.253999
v -0.694404 0.129906 0.252742
v -0.690800 0.137806 0.251430
v -0.687042 0.145707 0.250063
v -0.683133 0.153608 0.248640
v -0.679071 0.161509 0.247161
v -0.674856 0.169409 0.245627
v -0.670488 0.177310 0.244038
v -0.665969 0.185211 0.242393
v -0.661296 0.193112 0.240692
v -0.661296 0.193112 0.240692
v -0.676873 -0.028110 0.390793
v -0.676873 -0.028110 0.390793
v -0.676364 -0.020209 0.390499
v -0.675713 -0.012308 0.390123
v -0.674923 -0.004408 0.389667
v -0.673992 0.003493 0.389129
v -0.672920 0.011394 0.388510
v -0.671707 0.019295 0.387810
v -0.670354 0.027195 0.387029
v -0.668860 0.035096 0.386167
v -0.667226 0.042997 0.385223
v -0.665451 0.050898 0.384198
v -0.663535 0.058799 0.383092
v -0.661479 0.066699 0.381905
v -0.659282 0.074600 0.380637
v -0.656944 0.082501 0.379287
v -0.654466 0.090402 0.377856
v -0.651847 0.098302 0.376344
v -0.649088 0.106203 0.374751
v -0.646188 0.114104 0.373077
v -0.643147 0.122005 0.371321
v -0.639966 0.129906 0.369485
v -0.636644 0.137806 0.367567
v -0.633182 0.145707 0.365568
v -0.629579 0.153608 0.363487
v -0.625835 0.161509 0.361326
v -0.621951 0.169409 0.359083
v -0.617926 0.177310 0.356759
v -0.613760 0.185211 0.354354
v -0.609454 0.193112 0.351868
v -0.609454 0.193112 0.351868
v -0.598729 -0.028110 0.502394
v -0.598729 -0.028110 0.502394
v -0.598279 -0.020209 0.502015
v -0.597704 -0.012308 0.501533
v -0.597004 -0.004408 0.500946
v -0.596180 0.003493 0.500255
v -0.595232 0.011394 0.499459
v -0.594160 0.019295 0.498559
v -0.592963 0.027196 0.497555
v -0.591642 0.035096 0.496446
v -0.590196 0.042997 0.495233
v -0.588626 0.050898 0.493916
v -0.586931 0.058799 0.492494
v -0.585112 0.066699 0.490968
v -0.583169 0.074600 0.489337
v -0.581101 0.082501 0.487602
v -0.578909 0.090402 0.485763
v -0.576593 0.098302 0.483819
v -0.574152 0.106203 0.481771
v -0.571587 0.114104 0.479618
v -0.568897 0.122005 0.477362
v -0.566083 0.129906 0.475000
v -0.563145 0.137806 0.472535
v -0.560082 0.145707 0.469965
v -0.556895 0.153608 0.467290
v -0.553584 0.161509 0.464512
v -0.550148 0.169409 0.461629
v -0.546587 0.177310 0.458641
v -0.542903 0.185211 0.455549
v -0.539093 0.193112 0.452353
v -0.539093 0.193112 0.452353
v -0.502394 -0.028110 0.598729
v -0.502394 -0.028110 0.598729
v -0.502015 -0.020209 0.598279
v -0.501533 -0.012308 0.597704
v -0.500946 -0.004408 0.597004
v -0.500255 0.003493 0.596180
v -0.499459 0.011394 0.595232
v -0.498559 0.019295 0.594160
v -0.497555 0.027196 0.592963
v -0.496446 0.035096 0.591642
v -0.495233 0.042997 0.590196
v -0.493916 0.050898 0.588626
v -0.492494 0.058799 0.586931
v -0.490968 0.066699 0.585112
v -0.489337 0.074600 0.583169
v -0.487602 0.082501 0.581101
v -0.485763 0.090402 0.578909
v -0.483819 0.098302 0.576593
v -0.481771 0.106203 0.574152
v -0.479618 0.114104 0.571587
v -0.477362 0.122005 0.568897
v -0.475000 0.129906 0.566083
v -0.472535 0.137806 0.563145
v -0.469965 0.145707 0.560082
v -0.467290 0.153608 0.556895
v -0.464512 0.161509 0.553584
v -0.461629 0.169409 0.550148
v -0.458641 0.177310 0.546587
v -0.455549 0.185211 0.542903
v -0.452353 0.193112 0.539093
v -0.452353 0.193112 0.539093
v -0.390793 -0.028110 0.676873
v -0.390793 -0.028110 0.676873
v -0.390499 -0.020209 0.676364
v -0.390123 -0.012308 0.675713
v -0.389667 -0.004408 0.674923
v -0.389129 0.003493 0.673992
v -0.388510 0.011394 0.672920
v -0.387810 0.019295 0.671707
v -0.387029 0.027196 0.670354
v -0.386167 0.035096 0.668860
v -0.385223 0.042997 0.667226
v -0.384198 0.050898 0.665451
v -0.383092 0.058799 0.663535
v -0.381905 0.066699 0.661479
v -0.380637 0.074600 0.659282
v -0.379287 0.082501 0.656944
v -0.377856 0.090402 0.654466
v -0.376344 0.098302 0.651847
v -0.374751 0.106203 0.649088
v -0.373077 0.114104 0.646188
v -0.371321 0.122005 0.643147
v -0.369485 0.129906 0.639966
v -0.367567 0.137806 0.636644
v -0.365568 0.145707 0.633182
v -0.363487 0.153608 0.629579
v -0.361326 0.161509 0.625835
v -0.359083 0.169409 0.621951
v -0.356759 0.177310 0.617926
v -0.354354 0.185211 0.613760
v -0.351868 0.193112 0.609454
v -0.351868 0.193112 0.609454
v -0.267318 -0.028110 0.734450
v -0.267318 -0.028110 0.734450
v -0.267117 -0.020209 0.733897
v -0.266860 -0.012308 0.733192
v -0.266548 -0.004408 0.732334
v -0.266180 0.003493 0.731324
v -0.265757 0.011394 0.730161
v -0.265278 0.019295 0.728845
v -0.264743 0.027196 0.727377
v -0.264153 0.035096 0.725756
v -0.263508 0.042997 0.723982
v -0.262807 0.050898 0.722056
v -0.262050 0.058799 0.719978
v -0.261238 0.066699 0.717747
v -0.260371 0.074600 0.715363
v -0.259448 0.082501 0.712826
v -0.258469 0.090402 0.710137
v -0.257435 0.098302 0.707296
v -0.256345 0.106203 0.704302
v -0.255200 0.114104 0.701155
v -0.253999 0.122005 0.697856
v -0.252742 0.129906 0.694404
v -0.251430 0.137806 0.690800
v -0.250063 0.145707 0.687042
v -0.248640 0.153608 0.683133
v -0.247161 0.161509 0.679071
v -0.245627 0.169409 0.674856
v -0.244038 0.177310 0.670488
v -0.242393 0.185211 0.665969
v -0.240692 0.193112 0.661296
v -0.240692 0.193112 0.661296
v -0.135721 -0.028110 0.769711
v -0.135721 -0.028110 0.769711
v -0.135619 -0.020209 0.769132
v -0.135488 -0.012308 0.768393
v -0.135330 -0.004408 0.767494
v -0.135143 0.003493 0.766435
v -0.134928 0.011394 0.765216
v -0.134685 0.019295 0.763837
v -0.134414 0.027196 0.762298
v -0.134114 0.035096 0.760600
v -0.133787 0.042997 0.758741
v -0.133431 0.050898 0.756723
v -0.133046 0.058799 0.754544
v -0.132634 0.066699 0.752206
v -0.132194 0.074600 0.749708
v -0.131725 0.082501 0.747050
v -0.131228 0.090402 0.744232
v -0.130703 0.098302 0.741254
v -0.130150 0.106203 0.738116
v -0.129568 0.114104 0.734818
v -0.128959 0.122005 0.731360
v -0.128321 0.129906 0.727743
v -0.127655 0.137806 0.723965
v -0.126960 0.145707 0.720028
v -0.126238 0.153608 0.715930
v -0.125487 0.161509 0.711673
v -0.124708 0.169409 0.707256
v -0.123901 0.177310 0.702679
v -0.123066 0.185211 0.697942
v -0.122203 0.193112 0.693045
v -0.122203 0.193112 0.693045
v 0.000000 -0.028110 0.781586
v 0.000000 -0.028110 0.781586
v 0.000000 -0.020209 0.780997
v 0.000000 -0.012308 0.780247
v 0.000000 -0.004408 0.779334
v 0.000000 0.003493 0.778258
v 0.000000 0.011394 0.777021
v 0.000000 0.019295 0.775621
v 0.000000 0.027196 0.774058
v 0.000000 0.035096 0.772333
v 0.000000 0.042997 0.770446
v 0.000000 0.050898 0.768396
v 0.000000 0.058799 0.766184
v 0.000000 0.066699 0.763810
v 0.000000 0.074600 0.761273
v 0.000000 0.082501 0.758574
v 0.000000 0.090402 0.755713
v 0.000000 0.098302 0.752689
v 0.000000 0.106203 0.749502
v 0.000000 0.114104 0.746154
v 0.000000 0.122005 0.742643
v 0.000000 0.129906 0.738969
v 0.000000 0.137806 0.735133
v 0.000000 0.145707 0.731135
v 0.000000 0.153608 0.726975
v 0.000000 0.161509 0.722652
v 0.000000 0.169409 0.718167
v 0.000000 0.177310 0.713519
v 0.000000 0.185211 0.708709
v 0.000000 0.193112 0.703736
v 0.000000 0.193112 0.703736
v 0.135721 -0.028110 0.769711
v 0.135721 -0.028110 0.769711
v 0.135619 -0.020209 0.769132
v 0.135488 -0.012308 0.768393
v 0.135330 -0.004408 0.767494
v 0.135143 0.003493 0.766435
v 0.134928 0.011394 0.765216
v 0.134685 0.019295 0.763837
v 0.134414 0.027196 0.762298
v 0.134114 0.035096 0.760600
v 0.133787 0.042997 0.758741
v 0.133431 0.050898 0.756723
v 0.133046 0.058799 0.754544
v 0.132634 0.066699 0.752206
v 0.132194 0.074600 0.749708
v 0.131725 0.082501 0.747050
v 0.131228 0.090402 0.744232
v 0.130703 0.098302 0.741254
v 0.130150 0.106203 0.738116
v 0.129568 0.114104 0.734818
v 0.128959 0.122005 0.731360
v 0.128321 0.129906 0.727743
v 0.127655 0.137806 0.723965
v 0.126960 0.145707 0.720028
v 0.126238 0.153608 0.715930
v 0.125487 0.161509 0.711673
v 0.124708 0.169409 0.707256
v 0.123901 0.177310 0.702679
v 0.123066 0.185211 0.697942
v 0.122203 0.193112 0.693045
v 0.122203 0.193112 0.693045
v 0.267318 -0.028110 0.734450
v 0.267318 -0.028110 0.734450
v 0.267117 -0.020209 0.733897
v 0.266860 -0.012308 0.733192
v 0.266548 -0.004408 0.732334
v 0.266180 0.003493 0.731324
v 0.265757 0.011394 0.730161
v 0.265278 0.019295 0.728845
v 0.264743 0.027196 0.727377
v 0.264153 0.035096 0.725756
v 0.263508 0.042997 0.723982
v 0.262807 0.050898 0.722056
v 0.262050 0.058799 0.719978
v 0.261238 0.066699 0.717747
v 0.260371 0.074600 0.715363
v 0.259448 0.082501 0.712826
v 0.258469 0.090402 0.710137
v 0.257435 0.098302 0.707296
v 0.256345 0.106203 0.704302
v 0.255200 0.114104 0.701155
v 0.253999 0.122005 0.697856
v 0.252742 0.129906 0.694404
v 0.251430 0.137806 0.690800
v 0.250063 0.145707 0.687042
v 0.248640 0.153608 0.683133
v 0.247161 0.161509 0.679071
v 0.245627 0.169409 0.674856
v 0.244038 0.177310 0.670488
v 0.242393 0.185211 0.665969
v 0.240692 0.193112 0.661296
v 0.240692 0.193112 0.661296
v 0.390793 -0.028110 0.676873
v 0.390793 -0.028110 0.676873
v 0.390499 -0.020209 0.676364
v 0.390123 -0.012308 0.675713
v 0.389667 -0.004408 0.674923
v 0.389129 0.003493 0.673992
v 0.388510 0.011394 0.672920
v 0.387810 0.019295 0.671707
v 0.387029 0.027196 0.670354
v 0.386167 0.035096 0.668860
v 0.385223 0.042997 0.667226
v 0.384198 0.050898 0.665451
v 0.383092 0.058799 0.663535
v 0.381905 0.066699 0.661479
v 0.380637 0.074600 0.659282
v 0.379287 0.082501 0.656944
v 0.377856 0.090402 0.654466
v 0.376344 0.098302 0.651847
v 0.374751 0.106203 0.649088
v 0.373077 0.114104 0.646188
v 0.371321 0.122005 0.643147
v 0.369485 0.129906 0.639966
v 0.367567 0.137806 0.636644
v 0.365568 0.145707 0.633182
v 0.363487 0.153608 0.629579
v 0.361326 0.161509 0.625835
v 0.359083 0.169409 0.621951
v 0.356759 0.177310 0.617926
v 0.354354 0.185211 0.613760
v 0.351868 0.193112 0.609454
v 0.351868 0.193112 0.609454
v 0.502394 -0.028110 0.598729
v 0.502394 -0.028110 0.598729
v 0.502015 -0.020209 0.598279
v 0.501533 -0.012308 0.597704
v 0.500946 -0.004408 0.597004
v 0.500255 0.003493 0.596180
v 0.499459 0.011394 0.595232
v 0.498559 0.019295 0.594160
v 0.497555 0.027196 0.592963
v 0.496446 0.035096 0.591642
v 0.495233 0.042997 0.590196
v 0.493916 0.050898 0.588626
v 0.492494 0.058799 0.586931
v 0.490968 0.066699 0.585112
v 0.489337 0.074600 0.583169
v 0.487602 0.082501 0.581101
v 0.485763 0.090402 0.578909
v 0.483819 0.098302 0.576593
v 0.481771 0.106203 0.574152
v 0.479618 0.114104 0.571587
v 0.477362 0.122005 0.568897
v 0.475000 0.129906 0.566083
v 0.472535 0.137806 0.563145
v 0.469965 0.145707 0.560082
v 0.467290 0.153608 0.556895
v 0.464512 0.161509 0.553584
v 0.461629 0.169409 0.550148
v 0.458641 0.177310 0.546587
v 0.455549 0.185211 0.542903
v 0.452353 0.193112 0.539093
v 0.452353 0.193112 0.539093
v 0.598729 -0.028110 0.502394
v 0.598729 -0.028110 0.502394
v 0.598279 -0.020209 0.502015
v 0.597704 -0.012308 0.501533
v 0.597004 -0.004408 0.500946
v 0.596180 0.003493 0.500255
v 0.595232 0.011394 0.499459
v 0.594160 0.019295 0.498559
v 0.592963 0.027196 0.497555
v 0.591642 0.035096 0.496446
v 0.590196 0.042997 0.495233
v 0.588626 0.050898 0.493916
v 0.586931 0.058799 0.492494
v 0.585112 0.066699 0.490968
v 0.583169 0.074600 0.489337
v 0.581101 0.082501 0.487602
v 0.578909 0.090402 0.485763
v 0.576593 0.098302 0.483819
v 0.574152 0.106203 0.481771
v 0.571587 0.114104 0.479618
v 0.568897 0.122005 0.477362
v 0.566083 0.129906 0.475000
v 0.563145 0.137806 0.472535
v 0.560082 0.145707 0.469965
v 0.556895 0.153608 0.467290
v 0.553584 0.161509 0.464512
v 0.550148 0.169409 0.461629
v 0.546587 0.177310 0.458641
v 0.542903 0.185211 0.455549
v 0.539093 0.193112 0.452353
v 0.539093 0.193112 0.452353
v 0.676873 -0.028110 0.390793
v 0.676873 -0.028110 0.390793
v 0.676364 -0.020209 0.390499
v 0.675713 -0.012308 0.390123
v 0.674923 -0.004408 0.389667
v 0.673992 0.003493 0.389129
v 0.672920 0.011394 0.388510
v 0.671707 0.019295 0.387810
v 0.670354 0.027195 0.387029
v 0.668860 0.035096 0.386167
v 0.667226 0.042997 0.385223
v 0.665451 0.050898 0.384198
v 0.663535 0.058799 0.383092
v 0.661479 0.066699 0.381905
v 0.659282 0.074600 0.380637
v 0.656944 0.082501 0.379287
v 0.654466 0.090402 0.377856
v 0.651847 0.098302 0.376344
v 0.649088 0.106203 0.374751
v 0.646188 0.114104 0.373077
v 0.643147 0.122005 0.371321
v 0.639966 0.129906 0.369485
v 0.636644 0.137806 0.367567
v 0.633182 0.145707 0.365568
v 0.629579 0.153608 0.363487
v 0.625835 0.161509 0.361326
v 0.621951 0.169409 0.359083
v 0.617926 0.177310 0.356759
v 0.613760 0.185211 0.354354
v 0.609454 0.193112 0.351868
v 0.609454 0.193112 0.351868
v 0.734450 -0.028110 0.267318
v 0.734450 -0.028110 0.267318
v 0.733897 -0.020209 0.267117
v 0.733192 -0.012308 0.266860
v 0.732334 -0.004408 0.266548
v 0.731324 0.003493 0.266180
v 0.730161 0.011394 0.265757
v 0.728845 0.019295 0.265278
v 0.727377 0.027195 0.264743
v 0.725756 0.035096 0.264153
v 0.723982 0.042997 0.263508
v 0.722056 0.050898 0.262807
v 0.719978 0.058799 0.262050
v 0.717747 0.066699 0.261238
v 0.715363 0.074600 0.260371
v 0.712826 0.082501 0.259448
v 0.710137 0.090402 0.258469
v 0.707296 0.098302 0.257435
v 0.704302 0.106203 0.256345
v 0.701155 0.114104 0.255200
v 0.697856 0.122005 0.253999
v 0.694404 0.129906 0.252742
v 0.690800 0.137806 0.251430
v 0.687042 0.145707 0.250063
v 0.683133 0.153608 0.248640
v 0.679071 0.161509 0.247161
v 0.674856 0.169409 0.245627
v 0.670488 0.177310 0.244038
v 0.665969 0.185211 0.242393
v 0.661296 0.193112 0.240692
v 0.661296 0.193112 0.240692
v 0.769711 -0.028110 0.135721
v 0.769711 -0.028110 0.135721
v 0.769132 -0.020209 0.135619
v 0.768393 -0.012308 0.135488
v 0.767494 -0.004408 0.135330
v 0.766435 0.003493 0.135143
v 0.765216 0.011394 0.134928
v 0.763837 0.019295 0.134685
v 0.762298 0.027195 0.134414
v 0.760600 0.035096 0.134114
v 0.758741 0.042997 0.133787
v 0.756723 0.050898 0.133431
v 0.754544 0.058799 0.133046
v 0.752206 0.066699 0.132634
v 0.749708 0.074600 0.132194
v 0.747050 0.082501 0.131725
v 0.744232 0.090402 0.131228
v 0.741254 0.098302 0.130703
v 0.738116 0.106203 0.130150
v 0.734818 0.114104 0.129568
v 0.731360 0.122005 0.128959
v 0.727743 0.129906 0.128321
v 0.723965 0.137806 0.127655
v 0.720028 0.145707 0.126960
v 0.715930 0.153608 0.126238
v 0.711673 0.161509 0.125487
v 0.707256 0.169409 0.124708
v 0.702679 0.177310 0.123901
v 0.697942 0.185211 0.123066
v 0.693045 0.193112 0.122203
v 0.693045 0.193112 0.122203
vn -0.0000 -1.0000 -0.0000
vn 0.9813 0.0843 -0.1730
vn 0.9972 0.0743 -0.0000
vn 0.9821 0.0745 -0.1733
vn 0.9794 0.1046 -0.1727
vn 0.9964 0.0844 -0.0000
vn 0.9771 0.1248 -0.1723
vn 0.9945 0.1046 -0.0000
vn 0.9744 0.1447 -0.1718
vn 0.9922 0.1248 -0.0000
vn 0.9714 0.1646 -0.1713
vn 0.9895 0.1447 -0.0000
vn 0.9680 0.1842 -0.1707
vn 0.9864 0.1645 -0.0000
vn 0.9642 0.2035 -0.1700
vn 0.9829 0.1842 -0.0000
vn 0.9601 0.2227 -0.1693
vn 0.9791 0.2036 -0.0000
vn 0.9556 0.2416 -0.1685
vn 0.9749 0.2227 -0.0000
vn 0.9509 0.2602 -0.1677
vn 0.9704 0.2416 -0.0000
vn 0.9458 0.2786 -0.1668
vn 0.9655 0.2603 -0.0000
vn 0.9550 0.2966 -0.0000
vn 0.9604 0.2786 -0.0000
vn 0.9349 0.3143 -0.1648
vn 0.9405 0.2966 -0.1658
vn 0.9290 0.3317 -0.1638
vn 0.9493 0.3143 -0.0000
vn 0.9229 0.3489 -0.1627
vn 0.9434 0.3317 -0.0000
vn 0.9308 0.3656 -0.0000
vn 0.9372 0.3488 -0.0000
vn 0.9166 0.3656 -0.1616
vn 0.9242 0.3820 -0.0000
vn 0.9034 0.3980 -0.1593
vn 0.9101 0.3820 -0.1605
vn 0.8966 0.4137 -0.1581
vn 0.9174 0.3980 -0.0000
vn 0.8896 0.4290 -0.1569
vn 0.9104 0.4137 -0.0000
vn 0.8824 0.4440 -0.1556
vn 0.9033 0.4291 -0.0000
vn 0.8752 0.4586 -0.1543
vn 0.8960 0.4440 -0.0000
vn 0.8812 0.4728 -0.0000
vn 0.8887 0.4585 -0.0000
vn 0.8603 0.4867 -0.1517
vn 0.8678 0.4728 -0.1530
vn 0.8528 0.5002 -0.1504
vn 0.8736 0.4867 -0.0000
vn 0.8451 0.5133 -0.1490
vn 0.8659 0.5002 -0.0000
vn 0.8504 0.5262 -0.0000
vn 0.8582 0.5134 -0.0000
vn 0.8335 0.5326 -0.1470
vn 0.8375 0.5262 -0.1477
vn -0.0000 1.0000 -0.0000
vn 0.9371 0.0743 -0.3411
vn 0.9363 0.0844 -0.3408
vn 0.9324 0.1247 -0.3393
vn 0.9345 0.1046 -0.3401
vn 0.9298 0.1447 -0.3384
vn 0.9269 0.1646 -0.3374
vn 0.9236 0.1842 -0.3362
vn 0.9200 0.2036 -0.3349
vn 0.9161 0.2227 -0.3334
vn 0.9118 0.2421 -0.3317
vn 0.9073 0.2602 -0.3302
vn 0.9025 0.2786 -0.3285
vn 0.8974 0.2966 -0.3266
vn 0.8865 0.3318 -0.3226
vn 0.8920 0.3144 -0.3247
vn 0.8807 0.3488 -0.3205
vn 0.8684 0.3820 -0.3161
vn 0.8747 0.3656 -0.3184
vn 0.8621 0.3980 -0.3138
vn 0.8488 0.4290 -0.3089
vn 0.8555 0.4137 -0.3114
vn 0.8420 0.4440 -0.3065
vn 0.8280 0.4728 -0.3014
vn 0.8351 0.4586 -0.3039
vn 0.8209 0.4867 -0.2988
vn 0.8137 0.5002 -0.2961
vn 0.8064 0.5133 -0.2935
vn 0.7989 0.5266 -0.2908
vn 0.8629 0.0844 -0.4982
vn 0.8636 0.0742 -0.4986
vn 0.8613 0.1047 -0.4973
vn 0.8593 0.1247 -0.4961
vn 0.8542 0.1646 -0.4932
vn 0.8569 0.1447 -0.4947
vn 0.8512 0.1842 -0.4914
vn 0.8479 0.2035 -0.4895
vn 0.8443 0.2227 -0.4874
vn 0.8404 0.2416 -0.4852
vn 0.8362 0.2602 -0.4828
vn 0.8271 0.2966 -0.4775
vn 0.8317 0.2786 -0.4802
vn 0.8170 0.3318 -0.4717
vn 0.8219 0.3144 -0.4751
vn 0.8116 0.3489 -0.4686
vn 0.8061 0.3656 -0.4654
vn 0.7945 0.3980 -0.4587
vn 0.8004 0.3819 -0.4621
vn 0.7884 0.4137 -0.4552
vn 0.7823 0.4290 -0.4517
vn 0.7760 0.4439 -0.4480
vn 0.7631 0.4728 -0.4406
vn 0.7696 0.4585 -0.4443
vn 0.7565 0.4867 -0.4368
vn 0.7499 0.5002 -0.4329
vn 0.7432 0.5134 -0.4291
vn 0.7330 0.5326 -0.4232
vn 0.7365 0.5262 -0.4252
vn 0.7639 0.0743 -0.6410
vn 0.7618 0.1047 -0.6393
vn 0.7633 0.0844 -0.6405
vn 0.7580 0.1448 -0.6360
vn 0.7601 0.1248 -0.6378
vn 0.7529 0.1841 -0.6318
vn 0.7556 0.1645 -0.6340
vn 0.7500 0.2035 -0.6293
vn 0.7468 0.2227 -0.6266
vn 0.7396 0.2602 -0.6206
vn 0.7434 0.2416 -0.6237
vn 0.7357 0.2786 -0.6173
vn 0.7316 0.2966 -0.6139
vn 0.7227 0.3318 -0.6064
vn 0.7272 0.3144 -0.6102
vn 0.7179 0.3488 -0.6024
vn 0.7130 0.3656 -0.5983
vn 0.7080 0.3820 -0.5940
vn 0.7028 0.3980 -0.5897
vn 0.6974 0.4137 -0.5852
vn 0.6920 0.4290 -0.5806
vn 0.6864 0.4439 -0.5760
vn 0.6750 0.4728 -0.5664
vn 0.6807 0.4586 -0.5712
vn 0.6692 0.4867 -0.5615
vn 0.6633 0.5002 -0.5566
vn 0.6514 0.5262 -0.5466
vn 0.6574 0.5134 -0.5516
vn 0.6405 0.0844 -0.7633
vn 0.6410 0.0743 -0.7639
vn 0.6393 0.1047 -0.7618
vn 0.6378 0.1248 -0.7601
vn 0.6360 0.1447 -0.7580
vn 0.6318 0.1841 -0.7529
vn 0.6340 0.1645 -0.7556
vn 0.6293 0.2035 -0.7500
vn 0.6266 0.2227 -0.7468
vn 0.6237 0.2416 -0.7434
vn 0.6173 0.2786 -0.7357
vn 0.6206 0.2602 -0.7397
vn 0.6102 0.3144 -0.7272
vn 0.6139 0.2966 -0.7316
vn 0.6064 0.3318 -0.7227
vn 0.6024 0.3488 -0.7179
vn 0.5983 0.3656 -0.7130
vn 0.5940 0.3820 -0.7080
vn 0.5852 0.4137 -0.6974
vn 0.5897 0.3980 -0.7028
vn 0.5806 0.4290 -0.6920
vn 0.5760 0.4439 -0.6864
vn 0.5712 0.4586 -0.6807
vn 0.5664 0.4728 -0.6750
vn 0.5615 0.4867 -0.6692
vn 0.5516 0.5134 -0.6574
vn 0.5566 0.5002 -0.6633
vn 0.5466 0.5262 -0.6514
vn 0.6483 0.5327 -0.5440
vn 0.4982 0.0844 -0.8629
vn 0.4986 0.0742 -0.8636
vn 0.4973 0.1047 -0.8613
vn 0.4947 0.1447 -0.8569
vn 0.4961 0.1247 -0.8593
vn 0.4932 0.1646 -0.8542
vn 0.4914 0.1842 -0.8512
vn 0.4895 0.2035 -0.8479
vn 0.4852 0.2416 -0.8404
vn 0.4874 0.2227 -0.8443
vn 0.4802 0.2786 -0.8317
vn 0.4828 0.2603 -0.8362
vn 0.4775 0.2966 -0.8271
vn 0.4747 0.3144 -0.8221
vn 0.4686 0.3489 -0.8116
vn 0.4717 0.3318 -0.8170
vn 0.4654 0.3656 -0.8061
vn 0.4621 0.3819 -0.8004
vn 0.4552 0.4137 -0.7884
vn 0.4587 0.3980 -0.7945
vn 0.4517 0.4290 -0.7823
vn 0.4480 0.4439 -0.7760
vn 0.4406 0.4728 -0.7631
vn 0.4443 0.4585 -0.7696
vn 0.4368 0.4867 -0.7565
vn 0.4291 0.5134 -0.7432
vn 0.4327 0.5002 -0.7501
vn 0.4252 0.5262 -0.7365
vn 0.4232 0.5326 -0.7330
vn 0.3411 0.0743 -0.9371
vn 0.3408 0.0844 -0.9363
vn 0.3394 0.1247 -0.9324
vn 0.3401 0.1046 -0.9345
vn 0.3384 0.1447 -0.9298
vn 0.3362 0.1842 -0.9236
vn 0.3374 0.1646 -0.9269
vn 0.3349 0.2036 -0.9200
vn 0.3334 0.2227 -0.9161
vn 0.3319 0.2416 -0.9118
vn 0.3285 0.2786 -0.9025
vn 0.3302 0.2602 -0.9073
vn 0.3266 0.2966 -0.8974
vn 0.3247 0.3144 -0.8920
vn 0.3205 0.3488 -0.8807
vn 0.3227 0.3318 -0.8865
vn 0.3184 0.3656 -0.8747
vn 0.3138 0.3980 -0.8621
vn 0.3161 0.3820 -0.8684
vn 0.3114 0.4137 -0.8555
vn 0.3089 0.4290 -0.8488
vn 0.3064 0.4444 -0.8418
vn 0.3014 0.4728 -0.8280
vn 0.3039 0.4586 -0.8351
vn 0.2988 0.4867 -0.8209
vn 0.2935 0.5133 -0.8064
vn 0.2956 0.5002 -0.8139
vn 0.2909 0.5261 -0.7991
vn 0.1730 0.0843 -0.9813
vn 0.1732 0.0742 -0.9821
vn 0.1727 0.1046 -0.9794
vn 0.1723 0.1248 -0.9771
vn 0.1718 0.1447 -0.9744
vn 0.1707 0.1842 -0.9680
vn 0.1713 0.1646 -0.9714
vn 0.1700 0.2035 -0.9642
vn 0.1693 0.2227 -0.9601
vn 0.1685 0.2416 -0.9556
vn 0.1677 0.2602 -0.9509
vn 0.1668 0.2786 -0.9458
vn 0.1658 0.2966 -0.9405
vn 0.1638 0.3318 -0.9290
vn 0.1648 0.3143 -0.9349
vn 0.1627 0.3489 -0.9229
vn 0.1605 0.3820 -0.9101
vn 0.1616 0.3656 -0.9166
vn 0.1593 0.3980 -0.9034
vn 0.1581 0.4137 -0.8966
vn 0.1569 0.4290 -0.8896
vn 0.1543 0.4586 -0.8752
vn 0.1556 0.4440 -0.8824
vn 0.1517 0.4867 -0.8603
vn 0.1530 0.4728 -0.8678
vn 0.1490 0.5133 -0.8451
vn 0.1504 0.5002 -0.8528
vn 0.1477 0.5266 -0.8372
vn 0.1470 0.5326 -0.8335
vn -0.0000 0.0844 -0.9964
vn -0.0000 0.0743 -0.9972
vn -0.0000 0.1046 -0.9945
vn -0.0000 0.1248 -0.9922
vn -0.0000 0.1447 -0.9895
vn -0.0000 0.1645 -0.9864
vn -0.0000 0.2036 -0.9791
vn -0.0000 0.1842 -0.9829
vn -0.0000 0.2227 -0.9749
vn -0.0000 0.2416 -0.9704
vn -0.0000 0.2603 -0.9655
vn -0.0000 0.2966 -0.9550
vn -0.0000 0.2786 -0.9604
vn -0.0000 0.3144 -0.9493
vn -0.0000 0.3317 -0.9434
vn -0.0000 0.3656 -0.9308
vn -0.0000 0.3488 -0.9372
vn -0.0000 0.3820 -0.9242
vn -0.0000 0.4137 -0.9104
vn -0.0000 0.3980 -0.9174
vn -0.0000 0.4291 -0.9033
vn -0.0000 0.4585 -0.8887
vn -0.0000 0.4440 -0.8960
vn -0.0000 0.4728 -0.8812
vn -0.0000 0.4867 -0.8736
vn -0.0000 0.5134 -0.8582
vn -0.0000 0.5002 -0.8659
vn -0.0000 0.5262 -0.8504
vn -0.0000 0.5327 -0.8463
vn -0.1730 0.0843 -0.9813
vn -0.1732 0.0742 -0.9821
vn -0.1727 0.1046 -0.9794
vn -0.1723 0.1248 -0.9771
vn -0.1718 0.1447 -0.9744
vn -0.1707 0.1842 -0.9680
vn -0.1713 0.1646 -0.9714
vn -0.1700 0.2035 -0.9642
vn -0.1693 0.2232 -0.9600
vn -0.1685 0.2416 -0.9556
vn -0.1668 0.2786 -0.9458
vn -0.1677 0.2602 -0.9509
vn -0.1648 0.3143 -0.9349
vn -0.1658 0.2966 -0.9405
vn -0.1627 0.3489 -0.9229
vn -0.1638 0.3318 -0.9290
vn -0.1605 0.3820 -0.9101
vn -0.1616 0.3656 -0.9166
vn -0.1593 0.3983 -0.9033
vn -0.1581 0.4137 -0.8966
vn -0.1569 0.4290 -0.8896
vn -0.1556 0.4440 -0.8824
vn -0.1530 0.4728 -0.8678
vn -0.1543 0.4586 -0.8752
vn -0.1517 0.4867 -0.8603
vn -0.1504 0.5002 -0.8528
vn -0.1490 0.5133 -0.8451
vn -0.1477 0.5262 -0.8375
vn -0.3408 0.0844 -0.9363
vn -0.3411 0.0743 -0.9371
vn -0.3401 0.1046 -0.9345
vn -0.3384 0.1447 -0.9298
vn -0.3394 0.1247 -0.9324
vn -0.3374 0.1646 -0.9269
vn -0.3349 0.2036 -0.9200
vn -0.3362 0.1842 -0.9236
vn -0.3334 0.2227 -0.9161
vn -0.3319 0.2416 -0.9118
vn -0.3302 0.2602 -0.9073
vn -0.3285 0.2786 -0.9025
vn -0.3247 0.3144 -0.8920
vn -0.3266 0.2966 -0.8974
vn -0.3226 0.3318 -0.8865
vn -0.3205 0.3488 -0.8807
vn -0.3161 0.3820 -0.8684
vn -0.3184 0.3656 -0.8747
vn -0.3138 0.3980 -0.8621
vn -0.3114 0.4137 -0.8555
vn -0.3089 0.4290 -0.8488
vn -0.3039 0.4586 -0.8351
vn -0.3065 0.4440 -0.8420
vn -0.3014 0.4728 -0.8280
vn -0.2988 0.4867 -0.8209
vn -0.2962 0.5002 -0.8137
vn -0.2909 0.5261 -0.7991
vn -0.2940 0.5134 -0.8062
vn -0.2895 0.5327 -0.7953
vn -0.4982 0.0844 -0.8629
vn -0.4986 0.0742 -0.8636
vn -0.4972 0.1047 -0.8613
vn -0.4947 0.1447 -0.8569
vn -0.4961 0.1247 -0.8593
vn -0.4932 0.1646 -0.8542
vn -0.4914 0.1842 -0.8512
vn -0.4895 0.2035 -0.8479
vn -0.4874 0.2227 -0.8443
vn -0.4852 0.2416 -0.8404
vn -0.4828 0.2603 -0.8362
vn -0.4775 0.2966 -0.8271
vn -0.4802 0.2786 -0.8317
vn -0.4717 0.3318 -0.8170
vn -0.4747 0.3144 -0.8221
vn -0.4654 0.3656 -0.8061
vn -0.4686 0.3489 -0.8116
vn -0.4621 0.3819 -0.8004
vn -0.4587 0.3980 -0.7945
vn -0.4517 0.4290 -0.7823
vn -0.4552 0.4137 -0.7884
vn -0.4480 0.4439 -0.7760
vn -0.4443 0.4589 -0.7695
vn -0.4406 0.4728 -0.7631
vn -0.4365 0.4872 -0.7564
vn -0.4329 0.5006 -0.7496
vn -0.4252 0.5262 -0.7365
vn -0.4291 0.5134 -0.7432
vn -0.6410 0.0743 -0.7639
vn -0.6393 0.1047 -0.7618
vn -0.6405 0.0844 -0.7633
vn -0.6378 0.1248 -0.7601
vn -0.6360 0.1447 -0.7580
vn -0.6340 0.1645 -0.7556
vn -0.6318 0.1841 -0.7529
vn -0.6266 0.2227 -0.7468
vn -0.6293 0.2035 -0.7500
vn -0.6206 0.2602 -0.7397
vn -0.6237 0.2416 -0.7434
vn -0.6139 0.2966 -0.7316
vn -0.6173 0.2786 -0.7357
vn -0.6102 0.3144 -0.7272
vn -0.6064 0.3318 -0.7227
vn -0.6024 0.3488 -0.7179
vn -0.5983 0.3656 -0.7130
vn -0.5897 0.3980 -0.7028
vn -0.5940 0.3820 -0.7080
vn -0.5852 0.4137 -0.6974
vn -0.5760 0.4439 -0.6864
vn -0.5806 0.4290 -0.6920
vn -0.5712 0.4586 -0.6808
vn -0.5664 0.4728 -0.6750
vn -0.5566 0.5002 -0.6633
vn -0.5615 0.4867 -0.6692
vn -0.5466 0.5262 -0.6514
vn -0.5516 0.5134 -0.6574
vn -0.4232 0.5326 -0.7330
vn -0.7639 0.0743 -0.6410
vn -0.7633 0.0844 -0.6405
vn -0.7618 0.1047 -0.6393
vn -0.7601 0.1248 -0.6378
vn -0.7556 0.1645 -0.6340
vn -0.7580 0.1448 -0.6360
vn -0.7529 0.1841 -0.6318
vn -0.7500 0.2035 -0.6293
vn -0.7468 0.2227 -0.6266
vn -0.7434 0.2416 -0.6237
vn -0.7357 0.2786 -0.6173
vn -0.7397 0.2602 -0.6206
vn -0.7316 0.2966 -0.6139
vn -0.7272 0.3144 -0.6102
vn -0.7227 0.3318 -0.6064
vn -0.7130 0.3656 -0.5983
vn -0.7179 0.3488 -0.6024
vn -0.7080 0.3820 -0.5941
vn -0.7026 0.3984 -0.5896
vn -0.6920 0.4290 -0.5806
vn -0.6974 0.4137 -0.5852
vn -0.6864 0.4439 -0.5760
vn -0.6807 0.4586 -0.5712
vn -0.6750 0.4728 -0.5664
vn -0.6692 0.4866 -0.5615
vn -0.6633 0.5002 -0.5566
vn -0.6514 0.5262 -0.5466
vn -0.6574 0.5134 -0.5516
vn -0.6483 0.5327 -0.5440
vn -0.8629 0.0844 -0.4982
vn -0.8636 0.0742 -0.4986
vn -0.8613 0.1047 -0.4973
vn -0.8593 0.1247 -0.4961
vn -0.8569 0.1447 -0.4947
vn -0.8542 0.1646 -0.4932
vn -0.8479 0.2035 -0.4895
vn -0.8512 0.1842 -0.4914
vn -0.8443 0.2227 -0.4874
vn -0.8404 0.2416 -0.4852
vn -0.8317 0.2786 -0.4802
vn -0.8362 0.2602 -0.4828
vn -0.8271 0.2966 -0.4775
vn -0.8221 0.3144 -0.4747
vn -0.8170 0.3318 -0.4717
vn -0.8116 0.3489 -0.4686
vn -0.8004 0.3819 -0.4621
vn -0.8061 0.3656 -0.4654
vn -0.7945 0.3980 -0.4587
vn -0.7883 0.4141 -0.4551
vn -0.7823 0.4290 -0.4517
vn -0.7696 0.4585 -0.4443
vn -0.7760 0.4439 -0.4480
vn -0.7631 0.4728 -0.4406
vn -0.7565 0.4867 -0.4368
vn -0.7499 0.5002 -0.4330
vn -0.7432 0.5134 -0.4291
vn -0.7330 0.5326 -0.4232
vn -0.7365 0.5262 -0.4252
vn -0.9371 0.0743 -0.3411
vn -0.9363 0.0844 -0.3408
vn -0.9345 0.1046 -0.3401
vn -0.9298 0.1447 -0.3384
vn -0.9324 0.1247 -0.3394
vn -0.9236 0.1842 -0.3362
vn -0.9269 0.1646 -0.3374
vn -0.9200 0.2036 -0.3349
vn -0.9119 0.2416 -0.3319
vn -0.9161 0.2227 -0.3334
vn -0.9025 0.2786 -0.3285
vn -0.9073 0.2602 -0.3302
vn -0.8974 0.2966 -0.3266
vn -0.8865 0.3318 -0.3226
vn -0.8920 0.3144 -0.3247
vn -0.8747 0.3656 -0.3184
vn -0.8807 0.3488 -0.3205
vn -0.8684 0.3820 -0.3161
vn -0.8621 0.3980 -0.3138
vn -0.8488 0.4290 -0.3089
vn -0.8555 0.4137 -0.3114
vn -0.8418 0.4444 -0.3064
vn -0.8351 0.4586 -0.3039
vn -0.8209 0.4867 -0.2988
vn -0.8280 0.4728 -0.3014
vn -0.8137 0.5002 -0.2962
vn -0.8064 0.5133 -0.2935
vn -0.7991 0.5261 -0.2909
vn -0.7953 0.5327 -0.2895
vn -0.9813 0.0843 -0.1730
vn -0.9821 0.0742 -0.1732
vn -0.9794 0.1046 -0.1727
vn -0.9771 0.1248 -0.1723
vn -0.9714 0.1646 -0.1713
vn -0.9744 0.1447 -0.1718
vn -0.9680 0.1842 -0.1707
vn -0.9601 0.2227 -0.1693
vn -0.9642 0.2035 -0.1700
vn -0.9556 0.2416 -0.1685
vn -0.9458 0.2786 -0.1668
vn -0.9509 0.2602 -0.1677
vn -0.9405 0.2966 -0.1658
vn -0.9349 0.3143 -0.1648
vn -0.9290 0.3317 -0.1638
vn -0.9166 0.3656 -0.1616
vn -0.9229 0.3489 -0.1627
vn -0.9101 0.3820 -0.1605
vn -0.8966 0.4137 -0.1581
vn -0.9034 0.3980 -0.1593
vn -0.8824 0.4440 -0.1556
vn -0.8896 0.4290 -0.1569
vn -0.8752 0.4586 -0.1543
vn -0.8603 0.4867 -0.1517
vn -0.8678 0.4728 -0.1530
vn -0.8528 0.5002 -0.1504
vn -0.8452 0.5133 -0.1490
vn -0.8335 0.5326 -0.1470
vn -0.8375 0.5262 -0.1477
vn -0.9964 0.0844 -0.0000
vn -0.9972 0.0743 -0.0000
vn -0.9945 0.1046 -0.0000
vn -0.9922 0.1248 -0.0000
vn -0.9895 0.1447 -0.0000
vn -0.9829 0.1842 -0.0000
vn -0.9864 0.1645 -0.0000
vn -0.9749 0.2227 -0.0000
vn -0.9791 0.2036 -0.0000
vn -0.9704 0.2416 -0.0000
vn -0.9655 0.2603 -0.0000
vn -0.9550 0.2966 -0.0000
vn -0.9604 0.2786 -0.0000
vn -0.9493 0.3143 -0.0000
vn -0.9372 0.3488 -0.0000
vn -0.9434 0.3317 -0.0000
vn -0.9308 0.3656 -0.0000
vn -0.9242 0.3820 -0.0000
vn -0.9104 0.4137 -0.0000
vn -0.9174 0.3980 0.0003
vn -0.9033 0.4291 -0.0000
vn -0.8887 0.4585 -0.0000
vn -0.8960 0.4440 -0.0000
vn -0.8812 0.4728 -0.0000
vn -0.8736 0.4867 -0.0000
vn -0.8582 0.5134 -0.0000
vn -0.8659 0.5002 -0.0000
vn -0.8504 0.5262 -0.0000
vn -0.9813 0.0843 0.1730
vn -0.9821 0.0745 0.1733
vn -0.9794 0.1046 0.1727
vn -0.9771 0.1248 0.1723
vn -0.9744 0.1447 0.1718
vn -0.9714 0.1646 0.1713
vn -0.9680 0.1842 0.1707
vn -0.9642 0.2035 0.1700
vn -0.9601 0.2227 0.1693
vn -0.9556 0.2416 0.1685
vn -0.9509 0.2602 0.1677
vn -0.9458 0.2786 0.1668
vn -0.9349 0.3143 0.1648
vn -0.9405 0.2966 0.1658
vn -0.9290 0.3317 0.1638
vn -0.9229 0.3489 0.1627
vn -0.9166 0.3656 0.1616
vn -0.9034 0.3980 0.1593
vn -0.9101 0.3820 0.1605
vn -0.8966 0.4137 0.1581
vn -0.8896 0.4290 0.1569
vn -0.8824 0.4440 0.1556
vn -0.8752 0.4586 0.1543
vn -0.8603 0.4867 0.1517
vn -0.8678 0.4728 0.1530
vn -0.8528 0.5002 0.1504
vn -0.8451 0.5133 0.1490
vn -0.8335 0.5326 0.1470
vn -0.8375 0.5262 0.1477
vn -0.9371 0.0743 0.3411
vn -0.9363 0.0844 0.3408
vn -0.9324 0.1247 0.3393
vn -0.9345 0.1046 0.3401
vn -0.9298 0.1447 0.3384
vn -0.9269 0.1646 0.3374
vn -0.9236 0.1842 0.3362
vn -0.9200 0.2036 0.3349
vn -0.9161 0.2227 0.3334
vn -0.9118 0.2421 0.3317
vn -0.9073 0.2602 0.3302
vn -0.9025 0.2786 0.3285
vn -0.8974 0.2966 0.3266
vn -0.8865 0.3318 0.3226
vn -0.8920 0.3144 0.3247
vn -0.8807 0.3488 0.3205
vn -0.8684 0.3820 0.3161
vn -0.8747 0.3656 0.3184
vn -0.8621 0.3980 0.3138
vn -0.8488 0.4290 0.3089
vn -0.8554 0.4137 0.3117
vn -0.8420 0.4440 0.3065
vn -0.8280 0.4728 0.3014
vn -0.8351 0.4586 0.3039
vn -0.8209 0.4867 0.2988
vn -0.8137 0.5002 0.2961
vn -0.8064 0.5133 0.2935
vn -0.7989 0.5266 0.2908
vn -0.8629 0.0844 0.4982
vn -0.8636 0.0742 0.4986
vn -0.8613 0.1047 0.4973
vn -0.8593 0.1247 0.4961
vn -0.8542 0.1646 0.4932
vn -0.8569 0.1447 0.4947
vn -0.8512 0.1842 0.4914
vn -0.8478 0.2039 0.4895
vn -0.8443 0.2227 0.4874
vn -0.8404 0.2416 0.4852
vn -0.8362 0.2602 0.4828
vn -0.8271 0.2966 0.4775
vn -0.8317 0.2786 0.4802
vn -0.8170 0.3318 0.4717
vn -0.8219 0.3144 0.4751
vn -0.8116 0.3489 0.4686
vn -0.8061 0.3656 0.4654
vn -0.7945 0.3980 0.4587
vn -0.8004 0.3819 0.4621
vn -0.7884 0.4137 0.4552
vn -0.7823 0.4290 0.4517
vn -0.7760 0.4440 0.4480
vn -0.7631 0.4728 0.4406
vn -0.7696 0.4585 0.4443
vn -0.7565 0.4867 0.4368
vn -0.7499 0.5002 0.4329
vn -0.7432 0.5134 0.4291
vn -0.7330 0.5326 0.4232
vn -0.7365 0.5262 0.4252
vn -0.7639 0.0743 0.6410
vn -0.7618 0.1047 0.6393
vn -0.7633 0.0844 0.6405
vn -0.7580 0.1448 0.6360
vn -0.7601 0.1248 0.6378
vn -0.7529 0.1841 0.6318
vn -0.7556 0.1645 0.6340
vn -0.7500 0.2035 0.6293
vn -0.7468 0.2227 0.6266
vn -0.7396 0.2602 0.6206
vn -0.7434 0.2416 0.6237
vn -0.7357 0.2786 0.6173
vn -0.7316 0.2966 0.6139
vn -0.7227 0.3318 0.6064
vn -0.7272 0.3144 0.6102
vn -0.7179 0.3488 0.6024
vn -0.7130 0.3656 0.5983
vn -0.7080 0.3820 0.5940
vn -0.7028 0.3980 0.5897
vn -0.6974 0.4137 0.5852
vn -0.6920 0.4290 0.5806
vn -0.6864 0.4440 0.5760
vn -0.6750 0.4728 0.5664
vn -0.6807 0.4586 0.5712
vn -0.6692 0.4867 0.5615
vn -0.6633 0.5002 0.5566
vn -0.6514 0.5262 0.5466
vn -0.6574 0.5134 0.5516
vn -0.6405 0.0844 0.7633
vn -0.6410 0.0743 0.7639
vn -0.6393 0.1047 0.7618
vn -0.6378 0.1248 0.7601
vn -0.6360 0.1447 0.7580
vn -0.6318 0.1841 0.7529
vn -0.6340 0.1645 0.7556
vn -0.6293 0.2035 0.7500
vn -0.6266 0.2227 0.7468
vn -0.6237 0.2416 0.7434
vn -0.6173 0.2786 0.7357
vn -0.6206 0.2602 0.7397
vn -0.6102 0.3144 0.7272
vn -0.6139 0.2966 0.7316
vn -0.6064 0.3318 0.7227
vn -0.6024 0.3488 0.7179
vn -0.5983 0.3656 0.7130
vn -0.5940 0.3820 0.7080
vn -0.5852 0.4137 0.6974
vn -0.5897 0.3980 0.7028
vn -0.5806 0.4290 0.6920
vn -0.5760 0.4440 0.6864
vn -0.5712 0.4586 0.6807
vn -0.5664 0.4728 0.6750
vn -0.5615 0.4867 0.6692
vn -0.5516 0.5134 0.6574
vn -0.5566 0.5002 0.6633
vn -0.5466 0.5262 0.6514
vn -0.6483 0.5327 0.5440
vn -0.4982 0.0844 0.8629
vn -0.4986 0.0742 0.8636
vn -0.4973 0.1047 0.8613
vn -0.4947 0.1447 0.8569
vn -0.4961 0.1247 0.8593
vn -0.4932 0.1646 0.8542
vn -0.4915 0.1842 0.8512
vn -0.4895 0.2035 0.8479
vn -0.4852 0.2416 0.8404
vn -0.4874 0.2227 0.8443
vn -0.4802 0.2786 0.8317
vn -0.4828 0.2603 0.8362
vn -0.4775 0.2966 0.8271
vn -0.4747 0.3144 0.8221
vn -0.4686 0.3489 0.8116
vn -0.4717 0.3318 0.8170
vn -0.4654 0.3656 0.8061
vn -0.4621 0.3819 0.8004
vn -0.4552 0.4137 0.7884
vn -0.4587 0.3980 0.7945
vn -0.4517 0.4290 0.7823
vn -0.4480 0.4440 0.7760
vn -0.4406 0.4728 0.7631
vn -0.4443 0.4585 0.7696
vn -0.4368 0.4867 0.7565
vn -0.4291 0.5134 0.7432
vn -0.4327 0.5002 0.7501
vn -0.4252 0.5262 0.7365
vn -0.4232 0.5326 0.7330
vn -0.3411 0.0743 0.9371
vn -0.3408 0.0844 0.9363
vn -0.3394 0.1247 0.9324
vn -0.3401 0.1046 0.9345
vn -0.3384 0.1447 0.9298
vn -0.3362 0.1842 0.9236
vn -0.3374 0.1646 0.9269
vn -0.3349 0.2036 0.9200
vn -0.3334 0.2227 0.9161
vn -0.3319 0.2416 0.9118
vn -0.3285 0.2786 0.9025
vn -0.3302 0.2602 0.9073
vn -0.3266 0.2966 0.8974
vn -0.3247 0.3144 0.8920
vn -0.3205 0.3488 0.8807
vn -0.3227 0.3318 0.8865
vn -0.3184 0.3656 0.8747
vn -0.3138 0.3980 0.8621
vn -0.3161 0.3820 0.8684
vn -0.3114 0.4137 0.8555
vn -0.3089 0.4290 0.8488
vn -0.3064 0.4443 0.8418
vn -0.3014 0.4728 0.8280
vn -0.3039 0.4586 0.8351
vn -0.2988 0.4867 0.8209
vn -0.2935 0.5133 0.8064
vn -0.2956 0.5002 0.8139
vn -0.2909 0.5261 0.7991
vn -0.1730 0.0843 0.9813
vn -0.1732 0.0742 0.9821
vn -0.1727 0.1046 0.9794
vn -0.1723 0.1248 0.9771
vn -0.1718 0.1447 0.9744
vn -0.1707 0.1842 0.9680
vn -0.1713 0.1646 0.9714
vn -0.1700 0.2035 0.9642
vn -0.1693 0.2227 0.9601
vn -0.1685 0.2416 0.9556
vn -0.1677 0.2602 0.9509
vn -0.1668 0.2786 0.9458
vn -0.1658 0.2966 0.9405
vn -0.1638 0.3318 0.9290
vn -0.1648 0.3143 0.9349
vn -0.1627 0.3489 0.9229
vn -0.1605 0.3820 0.9101
vn -0.1616 0.3656 0.9166
vn -0.1593 0.3980 0.9034
vn -0.1581 0.4137 0.8966
vn -0.1569 0.4290 0.8896
vn -0.1543 0.4586 0.8752
vn -0.1556 0.4440 0.8824
vn -0.1517 0.4867 0.8603
vn -0.1530 0.4728 0.8678
vn -0.1490 0.5133 0.8451
vn -0.1504 0.5002 0.8528
vn -0.1477 0.5266 0.8372
vn -0.1470 0.5326 0.8335
vn -0.0000 0.0844 0.9964
vn -0.0000 0.0743 0.9972
vn -0.0000 0.1046 0.9945
vn -0.0000 0.1248 0.9922
vn -0.0000 0.1447 0.9895
vn -0.0000 0.1645 0.9864
vn -0.0000 0.2036 0.9791
vn -0.0000 0.1842 0.9829
vn -0.0000 0.2227 0.9749
vn -0.0000 0.2416 0.9704
vn -0.0000 0.2603 0.9655
vn -0.0000 0.2966 0.9550
vn -0.0000 0.2786 0.9604
vn -0.0000 0.3144 0.9493
vn -0.0000 0.3317 0.9434
vn -0.0000 0.3656 0.9308
vn -0.0000 0.3488 0.9372
vn -0.0000 0.3820 0.9242
vn -0.0000 0.4137 0.9104
vn -0.0000 0.3980 0.9174
vn -0.0000 0.4291 0.9033
vn -0.0000 0.4585 0.8887
vn -0.0000 0.4440 0.8960
vn -0.0000 0.4728 0.8812
vn -0.0000 0.4867 0.8736
vn -0.0000 0.5134 0.8582
vn -0.0000 0.5002 0.8659
vn -0.0000 0.5262 0.8504
vn -0.0000 0.5327 0.8463
vn 0.1730 0.0843 0.9813
vn 0.1732 0.0742 0.9821
vn 0.1727 0.1046 0.9794
vn 0.1723 0.1248 0.9771
vn 0.1718 0.1447 0.9744
vn 0.1707 0.1842 0.9680
vn 0.1713 0.1646 0.9714
vn 0.1700 0.2035 0.9642
vn 0.1693 0.2232 0.9600
vn 0.1685 0.2416 0.9556
vn 0.1668 0.2786 0.9458
vn 0.1677 0.2602 0.9509
vn 0.1648 0.3143 0.9349
vn 0.1658 0.2966 0.9405
vn 0.1627 0.3489 0.9229
vn 0.1638 0.3318 0.9290
vn 0.1605 0.3820 0.9101
vn 0.1616 0.3656 0.9166
vn 0.1593 0.3983 0.9033
vn 0.1581 0.4137 0.8966
vn 0.1569 0.4290 0.8896
vn 0.1556 0.4440 0.8824
vn 0.1530 0.4728 0.8678
vn 0.1543 0.4586 0.8752
vn 0.1517 0.4867 0.8603
vn 0.1504 0.5002 0.8528
vn 0.1490 0.5133 0.8451
vn 0.1477 0.5262 0.8375
vn 0.3408 0.0844 0.9363
vn 0.3411 0.0743 0.9371
vn 0.3401 0.1046 0.9345
vn 0.3384 0.1447 0.9298
vn 0.3394 0.1247 0.9324
vn 0.3374 0.1646 0.9269
vn 0.3349 0.2036 0.9200
vn 0.3362 0.1842 0.9236
vn 0.3334 0.2227 0.9161
vn 0.3319 0.2416 0.9118
vn 0.3302 0.2602 0.9073
vn 0.3285 0.2786 0.9025
vn 0.3247 0.3144 0.8920
vn 0.3266 0.2966 0.8974
vn 0.3226 0.3318 0.8865
vn 0.3205 0.3488 0.8807
vn 0.3161 0.3820 0.8684
vn 0.3184 0.3656 0.8747
vn 0.3138 0.3980 0.8621
vn 0.3114 0.4137 0.8555
vn 0.3089 0.4290 0.8488
vn 0.3039 0.4586 0.8351
vn 0.3065 0.4440 0.8420
vn 0.3014 0.4728 0.8280
vn 0.2988 0.4867 0.8209
vn 0.2962 0.5002 0.8137
vn 0.2909 0.5261 0.7991
vn 0.2940 0.5134 0.8062
vn 0.2895 0.5327 0.7953
vn 0.4982 0.0844 0.8629
vn 0.4986 0.0742 0.8636
vn 0.4972 0.1047 0.8613
vn 0.4947 0.1447 0.8569
vn 0.4961 0.1247 0.8593
vn 0.4932 0.1646 0.8542
vn 0.4915 0.1842 0.8512
vn 0.4895 0.2035 0.8479
vn 0.4874 0.2227 0.8443
vn 0.4852 0.2416 0.8404
vn 0.4828 0.2603 0.8362
vn 0.4775 0.2966 0.8271
vn 0.4802 0.2786 0.8317
vn 0.4717 0.3318 0.8170
vn 0.4747 0.3144 0.8221
vn 0.4654 0.3656 0.8061
vn 0.4686 0.3489 0.8116
vn 0.4621 0.3819 0.8004
vn 0.4587 0.3980 0.7945
vn 0.4517 0.4290 0.7823
vn 0.4552 0.4137 0.7884
vn 0.4480 0.4440 0.7760
vn 0.4443 0.4589 0.7695
vn 0.4406 0.4728 0.7631
vn 0.4365 0.4872 0.7564
vn 0.4329 0.5006 0.7496
vn 0.4252 0.5262 0.7365
vn 0.4291 0.5134 0.7432
vn 0.6410 0.0743 0.7639
vn 0.6393 0.1047 0.7618
vn 0.6405 0.0844 0.7633
vn 0.6378 0.1248 0.7601
vn 0.6360 0.1447 0.7580
vn 0.6340 0.1645 0.7556
vn 0.6318 0.1841 0.7529
vn 0.6266 0.2227 0.7468
vn 0.6293 0.2035 0.7500
vn 0.6206 0.2602 0.7397
vn 0.6237 0.2416 0.7434
vn 0.6139 0.2966 0.7316
vn 0.6173 0.2786 0.7357
vn 0.6102 0.3144 0.7272
vn 0.6064 0.3318 0.7227
vn 0.6024 0.3488 0.7179
vn 0.5983 0.3656 0.7130
vn 0.5897 0.3980 0.7028
vn 0.5940 0.3820 0.7080
vn 0.5852 0.4137 0.6974
vn 0.5760 0.4440 0.6864
vn 0.5806 0.4290 0.6920
vn 0.5712 0.4586 0.6808
vn 0.5664 0.4728 0.6750
vn 0.5566 0.5002 0.6633
vn 0.5615 0.4867 0.6692
vn 0.5466 0.5262 0.6514
vn 0.5516 0.5134 0.6574
vn 0.4232 0.5326 0.7330
vn 0.7639 0.0743 0.6410
vn 0.7633 0.0844 0.6405
vn 0.7618 0.1047 0.6393
vn 0.7601 0.1248 0.6378
vn 0.7556 0.1645 0.6340
vn 0.7580 0.1448 0.6360
vn 0.7529 0.1841 0.6318
vn 0.7500 0.2035 0.6293
vn 0.7468 0.2227 0.6266
vn 0.7434 0.2416 0.6237
vn 0.7357 0.2786 0.6173
vn 0.7397 0.2602 0.6206
vn 0.7316 0.2966 0.6139
vn 0.7272 0.3144 0.6102
vn 0.7227 0.3318 0.6064
vn 0.7130 0.3656 0.5983
vn 0.7179 0.3488 0.6024
vn 0.7080 0.3820 0.5941
vn 0.7026 0.3984 0.5896
vn 0.6920 0.4290 0.5806
vn 0.6974 0.4137 0.5852
vn 0.6864 0.4440 0.5760
vn 0.6807 0.4586 0.5712
vn 0.6750 0.4728 0.5664
vn 0.6692 0.4866 0.5615
vn 0.6633 0.5002 0.5566
vn 0.6514 0.5262 0.5466
vn 0.6574 0.5134 0.5516
vn 0.6483 0.5327 0.5440
vn 0.8629 0.0844 0.4982
vn 0.8636 0.0742 0.4986
vn 0.8613 0.1047 0.4973
vn 0.8593 0.1247 0.4961
vn 0.8569 0.1447 0.4947
vn 0.8542 0.1646 0.4932
vn 0.8479 0.2035 0.4895
vn 0.8512 0.1842 0.4914
vn 0.8443 0.2227 0.4874
vn 0.8404 0.2416 0.4852
vn 0.8317 0.2786 0.4802
vn 0.8362 0.2602 0.4828
vn 0.8271 0.2966 0.4775
vn 0.8221 0.3144 0.4747
vn 0.8170 0.3318 0.4717
vn 0.8116 0.3489 0.4686
vn 0.8004 0.3819 0.4621
vn 0.8061 0.3656 0.4654
vn 0.7945 0.3980 0.4587
vn 0.7885 0.4137 0.4552
vn 0.7823 0.4290 0.4517
vn 0.7696 0.4585 0.4443
vn 0.7760 0.4440 0.4480
vn 0.7631 0.4728 0.4406
vn 0.7565 0.4867 0.4368
vn 0.7499 0.5002 0.4330
vn 0.7432 0.5134 0.4291
vn 0.7330 0.5326 0.4232
vn 0.7365 0.5262 0.4252
vn 0.9371 0.0743 0.3411
vn 0.9363 0.0844 0.3408
vn 0.9345 0.1046 0.3401
vn 0.9298 0.1447 0.3384
vn 0.9324 0.1247 0.3394
vn 0.9236 0.1842 0.3362
vn 0.9269 0.1646 0.3374
vn 0.9200 0.2036 0.3349
vn 0.9119 0.2416 0.3319
vn 0.9161 0.2227 0.3334
vn 0.9025 0.2786 0.3285
vn 0.9073 0.2602 0.3302
vn 0.8974 0.2966 0.3266
vn 0.8865 0.3318 0.3226
vn 0.8920 0.3144 0.3247
vn 0.8747 0.3656 0.3184
vn 0.8807 0.3488 0.3205
vn 0.8684 0.3820 0.3161
vn 0.8621 0.3980 0.3138
vn 0.8488 0.4290 0.3089
vn 0.8555 0.4137 0.3114
vn 0.8418 0.4444 0.3064
vn 0.8351 0.4586 0.3039
vn 0.8209 0.4867 0.2988
vn 0.8280 0.4728 0.3014
vn 0.8137 0.5002 0.2962
vn 0.8064 0.5133 0.2935
vn 0.7991 0.5261 0.2909
vn 0.7953 0.5327 0.2895
vn 0.9813 0.0843 0.1730
vn 0.9821 0.0742 0.1732
vn 0.9794 0.1046 0.1727
vn 0.9771 0.1248 0.1723
vn 0.9714 0.1646 0.1713
vn 0.9744 0.1447 0.1718
vn 0.9680 0.1842 0.1707
vn 0.9601 0.2227 0.1693
vn 0.9642 0.2035 0.1700
vn 0.9556 0.2416 0.1685
vn 0.9458 0.2786 0.1668
vn 0.9509 0.2602 0.1677
vn 0.9405 0.2966 0.1658
vn 0.9349 0.3143 0.1648
vn 0.9290 0.3317 0.1638
vn 0.9166 0.3656 0.1616
vn 0.9229 0.3489 0.1627
vn 0.9101 0.3820 0.1605
vn 0.8966 0.4137 0.1581
vn 0.9034 0.3980 0.1593
vn 0.8824 0.4440 0.1556
vn 0.8896 0.4290 0.1569
vn 0.8752 0.4586 0.1543
vn 0.8603 0.4867 0.1517
vn 0.8678 0.4728 0.1530
vn 0.8528 0.5002 0.1504
vn 0.8452 0.5133 0.1490
vn 0.8335 0.5326 0.1470
vn 0.8375 0.5262 0.1477
vn 0.8463 0.5327 -0.0000
vn 0.7953 0.5327 -0.2895
vn 0.5440 0.5327 -0.6483
vn 0.2895 0.5327 -0.7953
vn -0.1470 0.5326 -0.8335
vn -0.5440 0.5327 -0.6483
vn -0.8463 0.5327 -0.0000
vn -0.7953 0.5327 0.2895
vn -0.5440 0.5327 0.6483
vn -0.2895 0.5327 0.7953
vn 0.1470 0.5326 0.8335
vn 0.5440 0.5327 0.6483
vt 0.007596 0.586824
vt 0.000000 0.500000
vt 0.500000 0.500000
vt 0.027778 0.035714
vt 0.000000 0.000000
vt 0.027778 0.000000
vt 0.027778 0.071429
vt 0.000000 0.035714
vt 0.027778 0.107143
vt 0.000000 0.071429
vt 0.027778 0.142857
vt 0.000000 0.107143
vt 0.027778 0.178571
vt 0.000000 0.142857
vt 0.027778 0.214286
vt 0.000000 0.178571
vt 0.027778 0.250000
vt 0.000000 0.214286
vt 0.027778 0.285714
vt 0.000000 0.250000
vt 0.027778 0.321429
vt 0.000000 0.285714
vt 0.027778 0.357143
vt 0.000000 0.321429
vt 0.027778 0.392857
vt 0.000000 0.357143
vt 0.000000 0.428571
vt 0.000000 0.392857
vt 0.027778 0.464286
vt 0.027778 0.428571
vt 0.027778 0.500000
vt 0.000000 0.464286
vt 0.027778 0.535714
vt 0.000000 0.571429
vt 0.000000 0.535714
vt 0.027778 0.571429
vt 0.000000 0.607143
vt 0.027778 0.642857
vt 0.027778 0.607143
vt 0.027778 0.678571
vt 0.000000 0.642857
vt 0.027778 0.714286
vt 0.000000 0.678571
vt 0.027778 0.750000
vt 0.000000 0.714286
vt 0.027778 0.785714
vt 0.000000 0.750000
vt 0.000000 0.821429
vt 0.000000 0.785714
vt 0.027778 0.857143
vt 0.027778 0.821429
vt 0.027778 0.892857
vt 0.000000 0.857143
vt 0.027778 0.928571
vt 0.000000 0.892857
vt 0.000000 0.964286
vt 0.000000 0.928571
vt 0.027778 1.000000
vt 0.027778 0.964286
vt 0.992404 0.586824
vt 1.000000 0.500000
vt 0.030154 0.671010
vt 0.055556 0.000000
vt 0.055556 0.035714
vt 0.055556 0.107143
vt 0.055556 0.071429
vt 0.055556 0.142857
vt 0.055556 0.178571
vt 0.055556 0.214286
vt 0.055556 0.250000
vt 0.055556 0.285714
vt 0.055556 0.321429
vt 0.055556 0.357143
vt 0.055556 0.392857
vt 0.055556 0.428571
vt 0.055556 0.500000
vt 0.055556 0.464286
vt 0.055556 0.535714
vt 0.055556 0.607143
vt 0.055556 0.571429
vt 0.055556 0.642857
vt 0.055556 0.714286
vt 0.055556 0.678571
vt 0.055556 0.750000
vt 0.055556 0.821429
vt 0.055556 0.785714
vt 0.055556 0.857143
vt 0.055556 0.892857
vt 0.055556 0.928571
vt 0.055556 0.964286
vt 0.969846 0.671010
vt 0.066987 0.750000
vt 0.083333 0.035714
vt 0.083333 0.000000
vt 0.083333 0.071429
vt 0.083333 0.107143
vt 0.083333 0.178571
vt 0.083333 0.142857
vt 0.083333 0.214286
vt 0.083333 0.250000
vt 0.083333 0.285714
vt 0.083333 0.321429
vt 0.083333 0.357143
vt 0.083333 0.428571
vt 0.083333 0.392857
vt 0.083333 0.500000
vt 0.083333 0.464286
vt 0.083333 0.535714
vt 0.083333 0.571429
vt 0.083333 0.642857
vt 0.083333 0.607143
vt 0.083333 0.678571
vt 0.083333 0.714286
vt 0.083333 0.750000
vt 0.083333 0.821429
vt 0.083333 0.785714
vt 0.083333 0.857143
vt 0.083333 0.892857
vt 0.083333 0.928571
vt 0.083333 1.000000
vt 0.083333 0.964286
vt 0.933013 0.750000
vt 0.116978 0.821394
vt 0.111111 0.000000
vt 0.111111 0.071429
vt 0.111111 0.035714
vt 0.111111 0.142857
vt 0.111111 0.107143
vt 0.111111 0.214286
vt 0.111111 0.178571
vt 0.111111 0.250000
vt 0.111111 0.285714
vt 0.111111 0.357143
vt 0.111111 0.321429
vt 0.111111 0.392857
vt 0.111111 0.428571
vt 0.111111 0.500000
vt 0.111111 0.464286
vt 0.111111 0.535714
vt 0.111111 0.571429
vt 0.111111 0.607143
vt 0.111111 0.642857
vt 0.111111 0.678571
vt 0.111111 0.714286
vt 0.111111 0.750000
vt 0.111111 0.821429
vt 0.111111 0.785714
vt 0.111111 0.857143
vt 0.111111 0.892857
vt 0.111111 0.964286
vt 0.111111 0.928571
vt 0.883022 0.821394
vt 0.178606 0.883022
vt 0.138889 0.035714
vt 0.138889 0.000000
vt 0.138889 0.071429
vt 0.138889 0.107143
vt 0.138889 0.142857
vt 0.138889 0.214286
vt 0.138889 0.178571
vt 0.138889 0.250000
vt 0.138889 0.285714
vt 0.138889 0.321429
vt 0.138889 0.392857
vt 0.138889 0.357143
vt 0.138889 0.464286
vt 0.138889 0.428571
vt 0.138889 0.500000
vt 0.138889 0.535714
vt 0.138889 0.571429
vt 0.138889 0.607143
vt 0.138889 0.678571
vt 0.138889 0.642857
vt 0.138889 0.714286
vt 0.138889 0.750000
vt 0.138889 0.785714
vt 0.138889 0.821429
vt 0.138889 0.857143
vt 0.138889 0.928571
vt 0.138889 0.892857
vt 0.138889 0.964286
vt 0.111111 1.000000
vt 0.821394 0.883022
vt 0.250000 0.933013
vt 0.166667 0.035714
vt 0.166667 0.000000
vt 0.166667 0.071429
vt 0.166667 0.142857
vt 0.166667 0.107143
vt 0.166667 0.178571
vt 0.166667 0.214286
vt 0.166667 0.250000
vt 0.166667 0.321429
vt 0.166667 0.285714
vt 0.166667 0.392857
vt 0.166667 0.357143
vt 0.166667 0.428571
vt 0.166667 0.464286
vt 0.166667 0.535714
vt 0.166667 0.500000
vt 0.166667 0.571429
vt 0.166667 0.607143
vt 0.166667 0.678571
vt 0.166667 0.642857
vt 0.166667 0.714286
vt 0.166667 0.750000
vt 0.166667 0.821429
vt 0.166667 0.785714
vt 0.166667 0.857143
vt 0.166667 0.928571
vt 0.166667 0.892857
vt 0.166667 0.964286
vt 0.166667 1.000000
vt 0.750000 0.933013
vt 0.328990 0.969846
vt 0.194444 0.000000
vt 0.194444 0.035714
vt 0.194444 0.107143
vt 0.194444 0.071429
vt 0.194444 0.142857
vt 0.194444 0.214286
vt 0.194444 0.178571
vt 0.194444 0.250000
vt 0.194444 0.285714
vt 0.194444 0.321429
vt 0.194444 0.392857
vt 0.194444 0.357143
vt 0.194444 0.428571
vt 0.194444 0.464286
vt 0.194444 0.535714
vt 0.194444 0.500000
vt 0.194444 0.571429
vt 0.194444 0.642857
vt 0.194444 0.607143
vt 0.194444 0.678571
vt 0.194444 0.714286
vt 0.194444 0.750000
vt 0.194444 0.821429
vt 0.194444 0.785714
vt 0.194444 0.857143
vt 0.194444 0.928571
vt 0.194444 0.892857
vt 0.194444 0.964286
vt 0.671010 0.969846
vt 0.413176 0.992404
vt 0.222222 0.035714
vt 0.222222 0.000000
vt 0.222222 0.071429
vt 0.222222 0.107143
vt 0.222222 0.142857
vt 0.222222 0.214286
vt 0.222222 0.178571
vt 0.222222 0.250000
vt 0.222222 0.285714
vt 0.222222 0.321429
vt 0.222222 0.357143
vt 0.222222 0.392857
vt 0.222222 0.428571
vt 0.222222 0.500000
vt 0.222222 0.464286
vt 0.222222 0.535714
vt 0.222222 0.607143
vt 0.222222 0.571429
vt 0.222222 0.642857
vt 0.222222 0.678571
vt 0.222222 0.714286
vt 0.222222 0.785714
vt 0.222222 0.750000
vt 0.222222 0.857143
vt 0.222222 0.821429
vt 0.222222 0.928571
vt 0.222222 0.892857
vt 0.222222 0.964286
vt 0.222222 1.000000
vt 0.586824 0.992404
vt 0.500000 1.000000
vt 0.250000 0.035714
vt 0.250000 0.000000
vt 0.250000 0.071429
vt 0.250000 0.107143
vt 0.250000 0.142857
vt 0.250000 0.178571
vt 0.250000 0.250000
vt 0.250000 0.214286
vt 0.250000 0.285714
vt 0.250000 0.321429
vt 0.250000 0.357143
vt 0.250000 0.428571
vt 0.250000 0.392857
vt 0.250000 0.464286
vt 0.250000 0.500000
vt 0.250000 0.571429
vt 0.250000 0.535714
vt 0.250000 0.607143
vt 0.250000 0.678571
vt 0.250000 0.642857
vt 0.250000 0.714286
vt 0.250000 0.785714
vt 0.250000 0.750000
vt 0.250000 0.821429
vt 0.250000 0.857143
vt 0.250000 0.928571
vt 0.250000 0.892857
vt 0.250000 0.964286
vt 0.250000 1.000000
vt 0.277778 0.035714
vt 0.277778 0.000000
vt 0.277778 0.071429
vt 0.277778 0.107143
vt 0.277778 0.142857
vt 0.277778 0.214286
vt 0.277778 0.178571
vt 0.277778 0.250000
vt 0.277778 0.285714
vt 0.277778 0.321429
vt 0.277778 0.392857
vt 0.277778 0.357143
vt 0.277778 0.464286
vt 0.277778 0.428571
vt 0.277778 0.535714
vt 0.277778 0.500000
vt 0.277778 0.607143
vt 0.277778 0.571429
vt 0.277778 0.642857
vt 0.277778 0.678571
vt 0.277778 0.714286
vt 0.277778 0.750000
vt 0.277778 0.821429
vt 0.277778 0.785714
vt 0.277778 0.857143
vt 0.277778 0.892857
vt 0.277778 0.928571
vt 0.277778 0.964286
vt 0.305556 0.035714
vt 0.305556 0.000000
vt 0.305556 0.071429
vt 0.305556 0.142857
vt 0.305556 0.107143
vt 0.305556 0.178571
vt 0.305556 0.250000
vt 0.305556 0.214286
vt 0.305556 0.285714
vt 0.305556 0.321429
vt 0.305556 0.357143
vt 0.305556 0.392857
vt 0.305556 0.464286
vt 0.305556 0.428571
vt 0.305556 0.500000
vt 0.305556 0.535714
vt 0.305556 0.607143
vt 0.305556 0.571429
vt 0.305556 0.642857
vt 0.305556 0.678571
vt 0.305556 0.714286
vt 0.305556 0.785714
vt 0.305556 0.750000
vt 0.305556 0.821429
vt 0.305556 0.857143
vt 0.305556 0.892857
vt 0.305556 0.964286
vt 0.305556 0.928571
vt 0.305556 1.000000
vt 0.333333 0.035714
vt 0.333333 0.000000
vt 0.333333 0.071429
vt 0.333333 0.142857
vt 0.333333 0.107143
vt 0.333333 0.178571
vt 0.333333 0.214286
vt 0.333333 0.250000
vt 0.333333 0.285714
vt 0.333333 0.321429
vt 0.333333 0.357143
vt 0.333333 0.428571
vt 0.333333 0.392857
vt 0.333333 0.500000
vt 0.333333 0.464286
vt 0.333333 0.571429
vt 0.333333 0.535714
vt 0.333333 0.607143
vt 0.333333 0.642857
vt 0.333333 0.714286
vt 0.333333 0.678571
vt 0.333333 0.750000
vt 0.333333 0.785714
vt 0.333333 0.821429
vt 0.333333 0.857143
vt 0.333333 0.892857
vt 0.333333 0.964286
vt 0.333333 0.928571
vt 0.361111 0.000000
vt 0.361111 0.071429
vt 0.361111 0.035714
vt 0.361111 0.107143
vt 0.361111 0.142857
vt 0.361111 0.178571
vt 0.361111 0.214286
vt 0.361111 0.285714
vt 0.361111 0.250000
vt 0.361111 0.357143
vt 0.361111 0.321429
vt 0.361111 0.428571
vt 0.361111 0.392857
vt 0.361111 0.464286
vt 0.361111 0.500000
vt 0.361111 0.535714
vt 0.361111 0.571429
vt 0.361111 0.642857
vt 0.361111 0.607143
vt 0.361111 0.678571
vt 0.361111 0.750000
vt 0.361111 0.714286
vt 0.361111 0.785714
vt 0.361111 0.821429
vt 0.361111 0.892857
vt 0.361111 0.857143
vt 0.361111 0.964286
vt 0.361111 0.928571
vt 0.333333 1.000000
vt 0.388889 0.000000
vt 0.388889 0.035714
vt 0.388889 0.071429
vt 0.388889 0.107143
vt 0.388889 0.178571
vt 0.388889 0.142857
vt 0.388889 0.214286
vt 0.388889 0.250000
vt 0.388889 0.285714
vt 0.388889 0.321429
vt 0.388889 0.392857
vt 0.388889 0.357143
vt 0.388889 0.428571
vt 0.388889 0.464286
vt 0.388889 0.500000
vt 0.388889 0.571429
vt 0.388889 0.535714
vt 0.388889 0.607143
vt 0.388889 0.642857
vt 0.388889 0.714286
vt 0.388889 0.678571
vt 0.388889 0.750000
vt 0.388889 0.785714
vt 0.388889 0.821429
vt 0.388889 0.857143
vt 0.388889 0.892857
vt 0.388889 0.964286
vt 0.388889 0.928571
vt 0.388889 1.000000
vt 0.416667 0.035714
vt 0.416667 0.000000
vt 0.416667 0.071429
vt 0.416667 0.107143
vt 0.416667 0.142857
vt 0.416667 0.178571
vt 0.416667 0.250000
vt 0.416667 0.214286
vt 0.416667 0.285714
vt 0.416667 0.321429
vt 0.416667 0.392857
vt 0.416667 0.357143
vt 0.416667 0.428571
vt 0.416667 0.464286
vt 0.416667 0.500000
vt 0.416667 0.535714
vt 0.416667 0.607143
vt 0.416667 0.571429
vt 0.416667 0.642857
vt 0.416667 0.678571
vt 0.416667 0.714286
vt 0.416667 0.785714
vt 0.416667 0.750000
vt 0.416667 0.821429
vt 0.416667 0.857143
vt 0.416667 0.892857
vt 0.416667 0.928571
vt 0.416667 1.000000
vt 0.416667 0.964286
vt 0.444444 0.000000
vt 0.444444 0.035714
vt 0.444444 0.071429
vt 0.444444 0.142857
vt 0.444444 0.107143
vt 0.444444 0.214286
vt 0.444444 0.178571
vt 0.444444 0.250000
vt 0.444444 0.321429
vt 0.444444 0.285714
vt 0.444444 0.392857
vt 0.444444 0.357143
vt 0.444444 0.428571
vt 0.444444 0.500000
vt 0.444444 0.464286
vt 0.444444 0.571429
vt 0.444444 0.535714
vt 0.444444 0.607143
vt 0.444444 0.642857
vt 0.444444 0.714286
vt 0.444444 0.678571
vt 0.444444 0.750000
vt 0.444444 0.785714
vt 0.444444 0.857143
vt 0.444444 0.821429
vt 0.444444 0.892857
vt 0.444444 0.928571
vt 0.444444 0.964286
vt 0.444444 1.000000
vt 0.472222 0.035714
vt 0.472222 0.000000
vt 0.472222 0.071429
vt 0.472222 0.107143
vt 0.472222 0.178571
vt 0.472222 0.142857
vt 0.472222 0.214286
vt 0.472222 0.285714
vt 0.472222 0.250000
vt 0.472222 0.321429
vt 0.472222 0.392857
vt 0.472222 0.357143
vt 0.472222 0.428571
vt 0.472222 0.464286
vt 0.472222 0.500000
vt 0.472222 0.571429
vt 0.472222 0.535714
vt 0.472222 0.607143
vt 0.472222 0.678571
vt 0.472222 0.642857
vt 0.472222 0.750000
vt 0.472222 0.714286
vt 0.472222 0.785714
vt 0.472222 0.857143
vt 0.472222 0.821429
vt 0.472222 0.892857
vt 0.472222 0.928571
vt 0.472222 1.000000
vt 0.472222 0.964286
vt 0.500000 0.035714
vt 0.500000 0.000000
vt 0.500000 0.071429
vt 0.500000 0.107143
vt 0.500000 0.142857
vt 0.500000 0.214286
vt 0.500000 0.178571
vt 0.500000 0.285714
vt 0.500000 0.250000
vt 0.500000 0.321429
vt 0.500000 0.357143
vt 0.500000 0.428571
vt 0.500000 0.392857
vt 0.500000 0.464286
vt 0.500000 0.535714
vt 0.500000 0.571429
vt 0.500000 0.607143
vt 0.500000 0.678571
vt 0.500000 0.642857
vt 0.500000 0.714286
vt 0.500000 0.785714
vt 0.500000 0.750000
vt 0.500000 0.821429
vt 0.500000 0.857143
vt 0.500000 0.928571
vt 0.500000 0.892857
vt 0.500000 0.964286
vt 0.992404 0.413176
vt 0.527778 0.035714
vt 0.527778 0.000000
vt 0.527778 0.071429
vt 0.527778 0.107143
vt 0.527778 0.142857
vt 0.527778 0.178571
vt 0.527778 0.214286
vt 0.527778 0.250000
vt 0.527778 0.285714
vt 0.527778 0.321429
vt 0.527778 0.357143
vt 0.527778 0.392857
vt 0.527778 0.464286
vt 0.527778 0.428571
vt 0.527778 0.500000
vt 0.527778 0.535714
vt 0.527778 0.571429
vt 0.527778 0.642857
vt 0.527778 0.607143
vt 0.527778 0.678571
vt 0.527778 0.714286
vt 0.527778 0.750000
vt 0.527778 0.785714
vt 0.527778 0.857143
vt 0.527778 0.821429
vt 0.527778 0.892857
vt 0.527778 0.928571
vt 0.527778 1.000000
vt 0.527778 0.964286
vt 0.007596 0.413176
vt 0.969846 0.328990
vt 0.555556 0.000000
vt 0.555556 0.035714
vt 0.555556 0.107143
vt 0.555556 0.071429
vt 0.555556 0.142857
vt 0.555556 0.178571
vt 0.555556 0.214286
vt 0.555556 0.250000
vt 0.555556 0.285714
vt 0.555556 0.321429
vt 0.555556 0.357143
vt 0.555556 0.392857
vt 0.555556 0.428571
vt 0.555556 0.500000
vt 0.555556 0.464286
vt 0.555556 0.535714
vt 0.555556 0.607143
vt 0.555556 0.571429
vt 0.555556 0.642857
vt 0.555556 0.714286
vt 0.555556 0.678571
vt 0.555556 0.750000
vt 0.555556 0.821429
vt 0.555556 0.785714
vt 0.555556 0.857143
vt 0.555556 0.892857
vt 0.555556 0.928571
vt 0.555556 0.964286
vt 0.030154 0.328990
vt 0.933013 0.250000
vt 0.583333 0.035714
vt 0.583333 0.000000
vt 0.583333 0.071429
vt 0.583333 0.107143
vt 0.583333 0.178571
vt 0.583333 0.142857
vt 0.583333 0.214286
vt 0.583333 0.250000
vt 0.583333 0.285714
vt 0.583333 0.321429
vt 0.583333 0.357143
vt 0.583333 0.428571
vt 0.583333 0.392857
vt 0.583333 0.500000
vt 0.583333 0.464286
vt 0.583333 0.535714
vt 0.583333 0.571429
vt 0.583333 0.642857
vt 0.583333 0.607143
vt 0.583333 0.678571
vt 0.583333 0.714286
vt 0.583333 0.750000
vt 0.583333 0.821429
vt 0.583333 0.785714
vt 0.583333 0.857143
vt 0.583333 0.892857
vt 0.583333 0.928571
vt 0.583333 1.000000
vt 0.583333 0.964286
vt 0.066987 0.250000
vt 0.883022 0.178606
vt 0.611111 0.000000
vt 0.611111 0.071429
vt 0.611111 0.035714
vt 0.611111 0.142857
vt 0.611111 0.107143
vt 0.611111 0.214286
vt 0.611111 0.178571
vt 0.611111 0.250000
vt 0.611111 0.285714
vt 0.611111 0.357143
vt 0.611111 0.321429
vt 0.611111 0.392857
vt 0.611111 0.428571
vt 0.611111 0.500000
vt 0.611111 0.464286
vt 0.611111 0.535714
vt 0.611111 0.571429
vt 0.611111 0.607143
vt 0.611111 0.642857
vt 0.611111 0.678571
vt 0.611111 0.714286
vt 0.611111 0.750000
vt 0.611111 0.821429
vt 0.611111 0.785714
vt 0.611111 0.857143
vt 0.611111 0.892857
vt 0.611111 0.964286
vt 0.611111 0.928571
vt 0.116978 0.178606
vt 0.821394 0.116978
vt 0.638889 0.035714
vt 0.638889 0.000000
vt 0.638889 0.071429
vt 0.638889 0.107143
vt 0.638889 0.142857
vt 0.638889 0.214286
vt 0.638889 0.178571
vt 0.638889 0.250000
vt 0.638889 0.285714
vt 0.638889 0.321429
vt 0.638889 0.392857
vt 0.638889 0.357143
vt 0.638889 0.464286
vt 0.638889 0.428571
vt 0.638889 0.500000
vt 0.638889 0.535714
vt 0.638889 0.571429
vt 0.638889 0.607143
vt 0.638889 0.678571
vt 0.638889 0.642857
vt 0.638889 0.714286
vt 0.638889 0.750000
vt 0.638889 0.785714
vt 0.638889 0.821429
vt 0.638889 0.857143
vt 0.638889 0.928571
vt 0.638889 0.892857
vt 0.638889 0.964286
vt 0.611111 1.000000
vt 0.178606 0.116978
vt 0.750000 0.066987
vt 0.666667 0.035714
vt 0.666667 0.000000
vt 0.666667 0.071429
vt 0.666667 0.142857
vt 0.666667 0.107143
vt 0.666667 0.178571
vt 0.666667 0.214286
vt 0.666667 0.250000
vt 0.666667 0.321429
vt 0.666667 0.285714
vt 0.666667 0.392857
vt 0.666667 0.357143
vt 0.666667 0.428571
vt 0.666667 0.464286
vt 0.666667 0.535714
vt 0.666667 0.500000
vt 0.666667 0.571429
vt 0.666667 0.607143
vt 0.666667 0.678571
vt 0.666667 0.642857
vt 0.666667 0.714286
vt 0.666667 0.750000
vt 0.666667 0.821429
vt 0.666667 0.785714
vt 0.666667 0.857143
vt 0.666667 0.928571
vt 0.666667 0.892857
vt 0.666667 0.964286
vt 0.666667 1.000000
vt 0.250000 0.066987
vt 0.671010 0.030154
vt 0.694444 0.000000
vt 0.694444 0.035714
vt 0.694444 0.107143
vt 0.694444 0.071429
vt 0.694444 0.142857
vt 0.694444 0.214286
vt 0.694444 0.178571
vt 0.694444 0.250000
vt 0.694444 0.285714
vt 0.694444 0.321429
vt 0.694444 0.392857
vt 0.694444 0.357143
vt 0.694444 0.428571
vt 0.694444 0.464286
vt 0.694444 0.535714
vt 0.694444 0.500000
vt 0.694444 0.571429
vt 0.694444 0.642857
vt 0.694444 0.607143
vt 0.694444 0.678571
vt 0.694444 0.714286
vt 0.694444 0.750000
vt 0.694444 0.821429
vt 0.694444 0.785714
vt 0.694444 0.857143
vt 0.694444 0.928571
vt 0.694444 0.892857
vt 0.694444 0.964286
vt 0.328990 0.030154
vt 0.586824 0.007596
vt 0.722222 0.035714
vt 0.722222 0.000000
vt 0.722222 0.071429
vt 0.722222 0.107143
vt 0.722222 0.142857
vt 0.722222 0.214286
vt 0.722222 0.178571
vt 0.722222 0.250000
vt 0.722222 0.285714
vt 0.722222 0.321429
vt 0.722222 0.357143
vt 0.722222 0.392857
vt 0.722222 0.428571
vt 0.722222 0.500000
vt 0.722222 0.464286
vt 0.722222 0.535714
vt 0.722222 0.607143
vt 0.722222 0.571429
vt 0.722222 0.642857
vt 0.722222 0.678571
vt 0.722222 0.714286
vt 0.722222 0.785714
vt 0.722222 0.750000
vt 0.722222 0.857143
vt 0.722222 0.821429
vt 0.722222 0.928571
vt 0.722222 0.892857
vt 0.722222 0.964286
vt 0.722222 1.000000
vt 0.413176 0.007596
vt 0.750000 0.035714
vt 0.750000 0.000000
vt 0.750000 0.071429
vt 0.750000 0.107143
vt 0.750000 0.142857
vt 0.750000 0.178571
vt 0.750000 0.250000
vt 0.750000 0.214286
vt 0.750000 0.285714
vt 0.750000 0.321429
vt 0.750000 0.357143
vt 0.750000 0.428571
vt 0.750000 0.392857
vt 0.750000 0.464286
vt 0.750000 0.500000
vt 0.750000 0.571429
vt 0.750000 0.535714
vt 0.750000 0.607143
vt 0.750000 0.678571
vt 0.750000 0.642857
vt 0.750000 0.714286
vt 0.750000 0.785714
vt 0.750000 0.750000
vt 0.750000 0.821429
vt 0.750000 0.857143
vt 0.750000 0.928571
vt 0.750000 0.892857
vt 0.750000 0.964286
vt 0.750000 1.000000
vt 0.777778 0.035714
vt 0.777778 0.000000
vt 0.777778 0.071429
vt 0.777778 0.107143
vt 0.777778 0.142857
vt 0.777778 0.214286
vt 0.777778 0.178571
vt 0.777778 0.250000
vt 0.777778 0.285714
vt 0.777778 0.321429
vt 0.777778 0.392857
vt 0.777778 0.357143
vt 0.777778 0.464286
vt 0.777778 0.428571
vt 0.777778 0.535714
vt 0.777778 0.500000
vt 0.777778 0.607143
vt 0.777778 0.571429
vt 0.777778 0.642857
vt 0.777778 0.678571
vt 0.777778 0.714286
vt 0.777778 0.750000
vt 0.777778 0.821429
vt 0.777778 0.785714
vt 0.777778 0.857143
vt 0.777778 0.892857
vt 0.777778 0.928571
vt 0.777778 0.964286
vt 0.805556 0.035714
vt 0.805556 0.000000
vt 0.805556 0.071429
vt 0.805556 0.142857
vt 0.805556 0.107143
vt 0.805556 0.178571
vt 0.805556 0.250000
vt 0.805556 0.214286
vt 0.805556 0.285714
vt 0.805556 0.321429
vt 0.805556 0.357143
vt 0.805556 0.392857
vt 0.805556 0.464286
vt 0.805556 0.428571
vt 0.805556 0.500000
vt 0.805556 0.535714
vt 0.805556 0.607143
vt 0.805556 0.571429
vt 0.805556 0.642857
vt 0.805556 0.678571
vt 0.805556 0.714286
vt 0.805556 0.785714
vt 0.805556 0.750000
vt 0.805556 0.821429
vt 0.805556 0.857143
vt 0.805556 0.892857
vt 0.805556 0.964286
vt 0.805556 0.928571
vt 0.805556 1.000000
vt 0.833333 0.035714
vt 0.833333 0.000000
vt 0.833333 0.071429
vt 0.833333 0.142857
vt 0.833333 0.107143
vt 0.833333 0.178571
vt 0.833333 0.214286
vt 0.833333 0.250000
vt 0.833333 0.285714
vt 0.833333 0.321429
vt 0.833333 0.357143
vt 0.833333 0.428571
vt 0.833333 0.392857
vt 0.833333 0.500000
vt 0.833333 0.464286
vt 0.833333 0.571429
vt 0.833333 0.535714
vt 0.833333 0.607143
vt 0.833333 0.642857
vt 0.833333 0.714286
vt 0.833333 0.678571
vt 0.833333 0.750000
vt 0.833333 0.785714
vt 0.833333 0.821429
vt 0.833333 0.857143
vt 0.833333 0.892857
vt 0.833333 0.964286
vt 0.833333 0.928571
vt 0.861111 0.000000
vt 0.861111 0.071429
vt 0.861111 0.035714
vt 0.861111 0.107143
vt 0.861111 0.142857
vt 0.861111 0.178571
vt 0.861111 0.214286
vt 0.861111 0.285714
vt 0.861111 0.250000
vt 0.861111 0.357143
vt 0.861111 0.321429
vt 0.861111 0.428571
vt 0.861111 0.392857
vt 0.861111 0.464286
vt 0.861111 0.500000
vt 0.861111 0.535714
vt 0.861111 0.571429
vt 0.861111 0.642857
vt 0.861111 0.607143
vt 0.861111 0.678571
vt 0.861111 0.750000
vt 0.861111 0.714286
vt 0.861111 0.785714
vt 0.861111 0.821429
vt 0.861111 0.892857
vt 0.861111 0.857143
vt 0.861111 0.964286
vt 0.861111 0.928571
vt 0.833333 1.000000
vt 0.888889 0.000000
vt 0.888889 0.035714
vt 0.888889 0.071429
vt 0.888889 0.107143
vt 0.888889 0.178571
vt 0.888889 0.142857
vt 0.888889 0.214286
vt 0.888889 0.250000
vt 0.888889 0.285714
vt 0.888889 0.321429
vt 0.888889 0.392857
vt 0.888889 0.357143
vt 0.888889 0.428571
vt 0.888889 0.464286
vt 0.888889 0.500000
vt 0.888889 0.571429
vt 0.888889 0.535714
vt 0.888889 0.607143
vt 0.888889 0.642857
vt 0.888889 0.714286
vt 0.888889 0.678571
vt 0.888889 0.750000
vt 0.888889 0.785714
vt 0.888889 0.821429
vt 0.888889 0.857143
vt 0.888889 0.892857
vt 0.888889 0.964286
vt 0.888889 0.928571
vt 0.888889 1.000000
vt 0.916667 0.035714
vt 0.916667 0.000000
vt 0.916667 0.071429
vt 0.916667 0.107143
vt 0.916667 0.142857
vt 0.916667 0.178571
vt 0.916667 0.250000
vt 0.916667 0.214286
vt 0.916667 0.285714
vt 0.916667 0.321429
vt 0.916667 0.392857
vt 0.916667 0.357143
vt 0.916667 0.428571
vt 0.916667 0.464286
vt 0.916667 0.500000
vt 0.916667 0.535714
vt 0.916667 0.607143
vt 0.916667 0.571429
vt 0.916667 0.642857
vt 0.916667 0.678571
vt 0.916667 0.714286
vt 0.916667 0.785714
vt 0.916667 0.750000
vt 0.916667 0.821429
vt 0.916667 0.857143
vt 0.916667 0.892857
vt 0.916667 0.928571
vt 0.916667 1.000000
vt 0.916667 0.964286
vt 0.944444 0.000000
vt 0.944444 0.035714
vt 0.944444 0.071429
vt 0.944444 0.142857
vt 0.944444 0.107143
vt 0.944444 0.214286
vt 0.944444 0.178571
vt 0.944444 0.250000
vt 0.944444 0.321429
vt 0.944444 0.285714
vt 0.944444 0.392857
vt 0.944444 0.357143
vt 0.944444 0.428571
vt 0.944444 0.500000
vt 0.944444 0.464286
vt 0.944444 0.571429
vt 0.944444 0.535714
vt 0.944444 0.607143
vt 0.944444 0.642857
vt 0.944444 0.714286
vt 0.944444 0.678571
vt 0.944444 0.750000
vt 0.944444 0.785714
vt 0.944444 0.857143
vt 0.944444 0.821429
vt 0.944444 0.892857
vt 0.944444 0.928571
vt 0.944444 0.964286
vt 0.944444 1.000000
vt 0.972222 0.035714
vt 0.972222 0.000000
vt 0.972222 0.071429
vt 0.972222 0.107143
vt 0.972222 0.178571
vt 0.972222 0.142857
vt 0.972222 0.214286
vt 0.972222 0.285714
vt 0.972222 0.250000
vt 0.972222 0.321429
vt 0.972222 0.392857
vt 0.972222 0.357143
vt 0.972222 0.428571
vt 0.972222 0.464286
vt 0.972222 0.500000
vt 0.972222 0.571429
vt 0.972222 0.535714
vt 0.972222 0.607143
vt 0.972222 0.678571
vt 0.972222 0.642857
vt 0.972222 0.750000
vt 0.972222 0.714286
vt 0.972222 0.785714
vt 0.972222 0.857143
vt 0.972222 0.821429
vt 0.972222 0.892857
vt 0.972222 0.928571
vt 0.972222 1.000000
vt 0.972222 0.964286
vt 1.000000 0.035714
vt 1.000000 0.000000
vt 1.000000 0.071429
vt 1.000000 0.107143
vt 1.000000 0.142857
vt 1.000000 0.214286
vt 1.000000 0.178571
vt 1.000000 0.285714
vt 1.000000 0.250000
vt 1.000000 0.321429
vt 1.000000 0.357143
vt 1.000000 0.428571
vt 1.000000 0.392857
vt 1.000000 0.464286
vt 1.000000 0.535714
vt 1.000000 0.571429
vt 1.000000 0.607143
vt 1.000000 0.678571
vt 1.000000 0.642857
vt 1.000000 0.714286
vt 1.000000 0.785714
vt 1.000000 0.750000
vt 1.000000 0.821429
vt 1.000000 0.857143
vt 1.000000 0.928571
vt 1.000000 0.892857
vt 1.000000 0.964286
vt 0.000000 1.000000
vt 0.055556 1.000000
vt 0.138889 1.000000
vt 0.194444 1.000000
vt 0.277778 1.000000
vt 0.361111 1.000000
vt 0.555556 1.000000
vt 0.638889 1.000000
vt 0.694444 1.000000
vt 0.777778 1.000000
vt 0.861111 1.000000
vt 1.000000 1.000000
s 1
usemtl Mat
f 34/1/1 3/2/1 1/3/1
f 36/4/2 4/5/3 35/6/4
f 37/7/5 5/8/6 36/4/2
f 38/9/7 6/10/8 37/7/5
f 39/11/9 7/12/10 38/9/7
f 40/13/11 8/14/12 39/11/9
f 41/15/13 9/16/14 40/13/11
f 42/17/15 10/18/16 41/15/13
f 43/19/17 11/20/18 42/17/15
f 44/21/19 12/22/20 43/19/17
f 45/23/21 13/24/22 44/21/19
f 46/25/23 14/26/24 45/23/21
f 46/25/23 16/27/25 15/28/26
f 48/29/27 16/27/25 47/30/28
f 49/31/29 17/32/30 48/29/27
f 50/33/31 18/2/32 49/31/29
f 50/33/31 20/34/33 19/35/34
f 51/36/35 21/37/36 20/34/33
f 53/38/37 21/37/36 52/39/38
f 54/40/39 22/41/40 53/38/37
f 55/42/41 23/43/42 54/40/39
f 56/44/43 24/45/44 55/42/41
f 57/46/45 25/47/46 56/44/43
f 57/46/45 27/48/47 26/49/48
f 59/50/49 27/48/47 58/51/50
f 60/52/51 28/53/52 59/50/49
f 61/54/53 29/55/54 60/52/51
f 61/54/53 31/56/55 30/57/56
f 63/58/57 31/56/55 62/59/58
f 64/60/59 2/3/59 33/61/59
f 65/62/1 34/1/1 1/3/1
f 66/63/60 36/4/2 35/6/4
f 67/64/61 37/7/5 36/4/2
f 69/65/62 37/7/5 68/66/63
f 70/67/64 38/9/7 69/65/62
f 71/68/65 39/11/9 70/67/64
f 72/69/66 40/13/11 71/68/65
f 73/70/67 41/15/13 72/69/66
f 74/71/68 42/17/15 73/70/67
f 75/72/69 43/19/17 74/71/68
f 76/73/70 44/21/19 75/72/69
f 76/73/70 46/25/23 45/23/21
f 77/74/71 47/30/28 46/25/23
f 78/75/72 48/29/27 47/30/28
f 80/76/73 48/29/27 79/77/74
f 81/78/75 49/31/29 80/76/73
f 81/78/75 51/36/35 50/33/31
f 83/79/76 51/36/35 82/80/77
f 84/81/78 52/39/38 83/79/76
f 84/81/78 54/40/39 53/38/37
f 86/82/79 54/40/39 85/83/80
f 87/84/81 55/42/41 86/82/79
f 87/84/81 57/46/45 56/44/43
f 89/85/82 57/46/45 88/86/83
f 90/87/84 58/51/50 89/85/82
f 91/88/85 59/50/49 90/87/84
f 92/89/86 60/52/51 91/88/85
f 93/90/87 61/54/53 92/89/86
f 93/90/87 63/58/57 62/59/58
f 95/91/59 2/3/59 64/60/59
f 96/92/1 65/62/1 1/3/1
f 98/93/88 66/63/60 97/94/89
f 99/95/90 67/64/61 98/93/88
f 100/96/91 68/66/63 99/95/90
f 100/96/91 70/67/64 69/65/62
f 102/97/92 70/67/64 101/98/93
f 103/99/94 71/68/65 102/97/92
f 104/100/95 72/69/66 103/99/94
f 105/101/96 73/70/67 104/100/95
f 106/102/97 74/71/68 105/101/96
f 107/103/98 75/72/69 106/102/97
f 107/103/98 77/74/71 76/73/70
f 109/104/99 77/74/71 108/105/100
f 109/104/99 79/77/74 78/75/72
f 111/106/101 79/77/74 110/107/102
f 112/108/103 80/76/73 111/106/101
f 112/108/103 82/80/77 81/78/75
f 113/109/104 83/79/76 82/80/77
f 115/110/105 83/79/76 114/111/106
f 116/112/107 84/81/78 115/110/105
f 117/113/108 85/83/80 116/112/107
f 117/113/108 87/84/81 86/82/79
f 118/114/109 88/86/83 87/84/81
f 120/115/110 88/86/83 119/116/111
f 121/117/112 89/85/82 120/115/110
f 122/118/113 90/87/84 121/117/112
f 122/118/113 92/89/86 91/88/85
f 123/119/114 93/90/87 92/89/86
f 125/120/115 93/90/87 124/121/116
f 126/122/59 2/3/59 95/91/59
f 127/123/1 96/92/1 1/3/1
f 128/124/117 98/93/88 97/94/89
f 130/125/118 98/93/88 129/126/119
f 130/125/118 100/96/91 99/95/90
f 132/127/120 100/96/91 131/128/121
f 132/127/120 102/97/92 101/98/93
f 134/129/122 102/97/92 133/130/123
f 135/131/124 103/99/94 134/129/122
f 135/131/124 105/101/96 104/100/95
f 136/132/125 106/102/97 105/101/96
f 138/133/126 106/102/97 137/134/127
f 138/133/126 108/105/100 107/103/98
f 139/135/128 109/104/99 108/105/100
f 140/136/129 110/107/102 109/104/99
f 142/137/130 110/107/102 141/138/131
f 143/139/132 111/106/101 142/137/130
f 144/140/133 112/108/103 143/139/132
f 145/141/134 113/109/104 144/140/133
f 146/142/135 114/111/106 145/141/134
f 147/143/136 115/110/105 146/142/135
f 148/144/137 116/112/107 147/143/136
f 149/145/138 117/113/108 148/144/137
f 149/145/138 119/116/111 118/114/109
f 151/146/139 119/116/111 150/147/140
f 152/148/141 120/115/110 151/146/139
f 152/148/141 122/118/113 121/117/112
f 153/149/142 123/119/114 122/118/113
f 155/150/143 123/119/114 154/151/144
f 155/150/143 125/120/115 124/121/116
f 157/152/59 2/3/59 126/122/59
f 158/153/1 127/123/1 1/3/1
f 160/154/145 128/124/117 159/155/146
f 161/156/147 129/126/119 160/154/145
f 162/157/148 130/125/118 161/156/147
f 163/158/149 131/128/121 162/157/148
f 163/158/149 133/130/123 132/127/120
f 165/159/150 133/130/123 164/160/151
f 166/161/152 134/129/122 165/159/150
f 167/162/153 135/131/124 166/161/152
f 168/163/154 136/132/125 167/162/153
f 168/163/154 138/133/126 137/134/127
f 170/164/155 138/133/126 169/165/156
f 170/164/155 140/136/129 139/135/128
f 172/166/157 140/136/129 171/167/158
f 173/168/159 141/138/131 172/166/157
f 174/169/160 142/137/130 173/168/159
f 175/170/161 143/139/132 174/169/160
f 175/170/161 145/141/134 144/140/133
f 176/171/162 146/142/135 145/141/134
f 178/172/163 146/142/135 177/173/164
f 179/174/165 147/143/136 178/172/163
f 180/175/166 148/144/137 179/174/165
f 181/176/167 149/145/138 180/175/166
f 182/177/168 150/147/140 181/176/167
f 183/178/169 151/146/139 182/177/168
f 183/178/169 153/149/142 152/148/141
f 185/179/170 153/149/142 184/180/171
f 185/179/170 155/150/143 154/151/144
f 186/181/172 156/182/173 155/150/143
f 188/183/59 2/3/59 157/152/59
f 189/184/1 158/153/1 1/3/1
f 191/185/174 159/155/146 190/186/175
f 192/187/176 160/154/145 191/185/174
f 192/187/176 162/157/148 161/156/147
f 194/188/177 162/157/148 193/189/178
f 195/190/179 163/158/149 194/188/177
f 196/191/180 164/160/151 195/190/179
f 197/192/181 165/159/150 196/191/180
f 197/192/181 167/162/153 166/161/152
f 199/193/182 167/162/153 198/194/183
f 199/193/182 169/165/156 168/163/154
f 201/195/184 169/165/156 200/196/185
f 202/197/186 170/164/155 201/195/184
f 202/197/186 172/166/157 171/167/158
f 203/198/187 173/168/159 172/166/157
f 205/199/188 173/168/159 204/200/189
f 205/199/188 175/170/161 174/169/160
f 206/201/190 176/171/162 175/170/161
f 207/202/191 177/173/164 176/171/162
f 209/203/192 177/173/164 208/204/193
f 210/205/194 178/172/163 209/203/192
f 210/205/194 180/175/166 179/174/165
f 211/206/195 181/176/167 180/175/166
f 213/207/196 181/176/167 212/208/197
f 213/207/196 183/178/169 182/177/168
f 214/209/198 184/180/171 183/178/169
f 216/210/199 184/180/171 215/211/200
f 217/212/201 185/179/170 216/210/199
f 218/213/202 186/181/172 217/212/201
f 219/214/59 2/3/59 188/183/59
f 220/215/1 189/184/1 1/3/1
f 221/216/203 191/185/174 190/186/175
f 222/217/204 192/187/176 191/185/174
f 224/218/205 192/187/176 223/219/206
f 225/220/207 193/189/178 224/218/205
f 225/220/207 195/190/179 194/188/177
f 227/221/208 195/190/179 226/222/209
f 228/223/210 196/191/180 227/221/208
f 229/224/211 197/192/181 228/223/210
f 229/224/211 199/193/182 198/194/183
f 230/225/212 200/196/185 199/193/182
f 232/226/213 200/196/185 231/227/214
f 233/228/215 201/195/184 232/226/213
f 234/229/216 202/197/186 233/228/215
f 234/229/216 204/200/189 203/198/187
f 236/230/217 204/200/189 235/231/218
f 237/232/219 205/199/188 236/230/217
f 237/232/219 207/202/191 206/201/190
f 239/233/220 207/202/191 238/234/221
f 240/235/222 208/204/193 239/233/220
f 241/236/223 209/203/192 240/235/222
f 241/236/223 211/206/195 210/205/194
f 242/237/224 212/208/197 211/206/195
f 244/238/225 212/208/197 243/239/226
f 244/238/225 214/209/198 213/207/196
f 245/240/227 215/211/200 214/209/198
f 247/241/228 215/211/200 246/242/229
f 247/241/228 217/212/201 216/210/199
f 248/243/230 218/213/202 217/212/201
f 250/244/59 2/3/59 219/214/59
f 251/245/1 220/215/1 1/3/1
f 253/246/231 221/216/203 252/247/232
f 254/248/233 222/217/204 253/246/231
f 255/249/234 223/219/206 254/248/233
f 256/250/235 224/218/205 255/249/234
f 256/250/235 226/222/209 225/220/207
f 258/251/236 226/222/209 257/252/237
f 259/253/238 227/221/208 258/251/236
f 260/254/239 228/223/210 259/253/238
f 261/255/240 229/224/211 260/254/239
f 262/256/241 230/225/212 261/255/240
f 263/257/242 231/227/214 262/256/241
f 263/257/242 233/228/215 232/226/213
f 264/258/243 234/229/216 233/228/215
f 266/259/244 234/229/216 265/260/245
f 266/259/244 236/230/217 235/231/218
f 267/261/246 237/232/219 236/230/217
f 269/262/247 237/232/219 268/263/248
f 269/262/247 239/233/220 238/234/221
f 270/264/249 240/235/222 239/233/220
f 271/265/250 241/236/223 240/235/222
f 272/266/251 242/237/224 241/236/223
f 274/267/252 242/237/224 273/268/253
f 274/267/252 244/238/225 243/239/226
f 276/269/254 244/238/225 275/270/255
f 276/269/254 246/242/229 245/240/227
f 278/271/256 246/242/229 277/272/257
f 279/273/258 247/241/228 278/271/256
f 280/274/259 248/243/230 279/273/258
f 281/275/59 2/3/59 250/244/59
f 282/276/1 251/245/1 1/3/1
f 284/277/260 252/247/232 283/278/261
f 285/279/262 253/246/231 284/277/260
f 286/280/263 254/248/233 285/279/262
f 287/281/264 255/249/234 286/280/263
f 287/281/264 257/252/237 256/250/235
f 288/282/265 258/251/236 257/252/237
f 290/283/266 258/251/236 289/284/267
f 291/285/268 259/253/238 290/283/266
f 292/286/269 260/254/239 291/285/268
f 293/287/270 261/255/240 292/286/269
f 293/287/270 263/257/242 262/256/241
f 295/288/271 263/257/242 294/289/272
f 296/290/273 264/258/243 295/288/271
f 296/290/273 266/259/244 265/260/245
f 297/291/274 267/261/246 266/259/244
f 299/292/275 267/261/246 298/293/276
f 299/292/275 269/262/247 268/263/248
f 300/294/277 270/264/249 269/262/247
f 302/295/278 270/264/249 301/296/279
f 303/297/280 271/265/250 302/295/278
f 303/297/280 273/268/253 272/266/251
f 305/298/281 273/268/253 304/299/282
f 306/300/283 274/267/252 305/298/281
f 307/301/284 275/270/255 306/300/283
f 307/301/284 277/272/257 276/269/254
f 309/302/285 277/272/257 308/303/286
f 310/304/287 278/271/256 309/302/285
f 311/305/288 279/273/258 310/304/287
f 312/276/59 2/3/59 281/275/59
f 313/275/1 282/276/1 1/3/1
f 315/306/289 283/278/261 314/307/290
f 315/306/289 285/279/262 284/277/260
f 316/308/291 286/280/263 285/279/262
f 317/309/292 287/281/264 286/280/263
f 318/310/293 288/282/265 287/281/264
f 320/311/294 288/282/265 319/312/295
f 321/313/296 289/284/267 320/311/294
f 322/314/297 290/283/266 321/313/296
f 322/314/297 292/286/269 291/285/268
f 323/315/298 293/287/270 292/286/269
f 325/316/299 293/287/270 324/317/300
f 325/316/299 295/288/271 294/289/272
f 327/318/301 295/288/271 326/319/302
f 327/318/301 297/291/274 296/290/273
f 329/320/303 297/291/274 328/321/304
f 329/320/303 299/292/275 298/293/276
f 331/322/305 299/292/275 330/323/306
f 332/324/307 300/294/277 331/322/305
f 333/325/308 301/296/279 332/324/307
f 333/325/308 303/297/280 302/295/278
f 334/326/309 304/299/282 303/297/280
f 335/327/310 305/298/281 304/299/282
f 337/328/311 305/298/281 336/329/312
f 338/330/313 306/300/283 337/328/311
f 339/331/314 307/301/284 338/330/313
f 340/332/315 308/303/286 339/331/314
f 340/332/315 310/304/287 309/302/285
f 341/333/316 311/305/288 310/304/287
f 343/245/59 2/3/59 312/276/59
f 344/244/1 313/275/1 1/3/1
f 346/334/317 314/307/290 345/335/318
f 347/336/319 315/306/289 346/334/317
f 347/336/319 317/309/292 316/308/291
f 349/337/320 317/309/292 348/338/321
f 349/337/320 319/312/295 318/310/293
f 350/339/322 320/311/294 319/312/295
f 352/340/323 320/311/294 351/341/324
f 353/342/325 321/313/296 352/340/323
f 353/342/325 323/315/298 322/314/297
f 354/343/326 324/317/300 323/315/298
f 355/344/327 325/316/299 324/317/300
f 356/345/328 326/319/302 325/316/299
f 358/346/329 326/319/302 357/347/330
f 359/348/331 327/318/301 358/346/329
f 359/348/331 329/320/303 328/321/304
f 360/349/332 330/323/306 329/320/303
f 362/350/333 330/323/306 361/351/334
f 362/350/333 332/324/307 331/322/305
f 363/352/335 333/325/308 332/324/307
f 364/353/336 334/326/309 333/325/308
f 365/354/337 335/327/310 334/326/309
f 367/355/338 335/327/310 366/356/339
f 368/357/340 336/329/312 367/355/338
f 369/358/341 337/328/311 368/357/340
f 369/358/341 339/331/314 338/330/313
f 370/359/342 340/332/315 339/331/314
f 372/360/343 340/332/315 371/361/344
f 373/362/345 341/333/316 372/360/343
f 374/215/59 2/3/59 343/245/59
f 375/214/1 344/244/1 1/3/1
f 377/363/346 345/335/318 376/364/347
f 378/365/348 346/334/317 377/363/346
f 378/365/348 348/338/321 347/336/319
f 380/366/349 348/338/321 379/367/350
f 381/368/351 349/337/320 380/366/349
f 382/369/352 350/339/322 381/368/351
f 383/370/353 351/341/324 382/369/352
f 384/371/354 352/340/323 383/370/353
f 385/372/355 353/342/325 384/371/354
f 386/373/356 354/343/326 385/372/355
f 386/373/356 356/345/328 355/344/327
f 388/374/357 356/345/328 387/375/358
f 388/374/357 358/346/329 357/347/330
f 390/376/359 358/346/329 389/377/360
f 390/376/359 360/349/332 359/348/331
f 392/378/361 360/349/332 391/379/362
f 393/380/363 361/351/334 392/378/361
f 394/381/364 362/350/333 393/380/363
f 394/381/364 364/353/336 363/352/335
f 396/382/365 364/353/336 395/383/366
f 397/384/367 365/354/337 396/382/365
f 398/385/368 366/356/339 397/384/367
f 399/386/369 367/355/338 398/385/368
f 400/387/370 368/357/340 399/386/369
f 400/387/370 370/359/342 369/358/341
f 401/388/371 371/361/344 370/359/342
f 403/389/372 371/361/344 402/390/373
f 403/389/372 373/362/345 372/360/343
f 405/184/59 2/3/59 374/215/59
f 406/183/1 375/214/1 1/3/1
f 407/391/374 377/363/346 376/364/347
f 409/392/375 377/363/346 408/393/376
f 409/392/375 379/367/350 378/365/348
f 410/394/377 380/366/349 379/367/350
f 411/395/378 381/368/351 380/366/349
f 412/396/379 382/369/352 381/368/351
f 413/397/380 383/370/353 382/369/352
f 415/398/381 383/370/353 414/399/382
f 415/398/381 385/372/355 384/371/354
f 417/400/383 385/372/355 416/401/384
f 417/400/383 387/375/358 386/373/356
f 419/402/385 387/375/358 418/403/386
f 420/404/387 388/374/357 419/402/385
f 421/405/388 389/377/360 420/404/387
f 422/406/389 390/376/359 421/405/388
f 422/406/389 392/378/361 391/379/362
f 423/407/390 393/380/363 392/378/361
f 425/408/391 393/380/363 424/409/392
f 426/410/393 394/381/364 425/408/391
f 426/410/393 396/382/365 395/383/366
f 428/411/394 396/382/365 427/412/395
f 429/413/396 397/384/367 428/411/394
f 429/413/396 399/386/369 398/385/368
f 430/414/397 400/387/370 399/386/369
f 432/415/398 400/387/370 431/416/399
f 432/415/398 402/390/373 401/388/371
f 434/417/400 402/390/373 433/418/401
f 434/417/400 404/419/402 403/389/372
f 436/153/59 2/3/59 405/184/59
f 437/152/1 406/183/1 1/3/1
f 438/420/403 408/393/376 407/391/374
f 439/421/404 409/392/375 408/393/376
f 440/422/405 410/394/377 409/392/375
f 441/423/406 411/395/378 410/394/377
f 443/424/407 411/395/378 442/425/408
f 444/426/409 412/396/379 443/424/407
f 445/427/410 413/397/380 444/426/409
f 445/427/410 415/398/381 414/399/382
f 446/428/411 416/401/384 415/398/381
f 447/429/412 417/400/383 416/401/384
f 449/430/413 417/400/383 448/431/414
f 450/432/415 418/403/386 449/430/413
f 450/432/415 420/404/387 419/402/385
f 451/433/416 421/405/388 420/404/387
f 452/434/417 422/406/389 421/405/388
f 454/435/418 422/406/389 453/436/419
f 455/437/420 423/407/390 454/435/418
f 456/438/421 424/409/392 455/437/420
f 456/438/421 426/410/393 425/408/391
f 458/439/422 426/410/393 457/440/423
f 459/441/424 427/412/395 458/439/422
f 460/442/425 428/411/394 459/441/424
f 461/443/426 429/413/396 460/442/425
f 462/444/427 430/414/397 461/443/426
f 462/444/427 432/415/398 431/416/399
f 463/445/428 433/418/401 432/415/398
f 465/446/429 433/418/401 464/447/430
f 466/448/431 434/417/400 465/446/429
f 467/123/59 2/3/59 436/153/59
f 468/122/1 437/152/1 1/3/1
f 470/449/432 438/420/403 469/450/433
f 471/451/434 439/421/404 470/449/432
f 472/452/435 440/422/405 471/451/434
f 473/453/436 441/423/406 472/452/435
f 474/454/437 442/425/408 473/453/436
f 474/454/437 444/426/409 443/424/407
f 476/455/438 444/426/409 475/456/439
f 477/457/440 445/427/410 476/455/438
f 478/458/441 446/428/411 477/457/440
f 478/458/441 448/431/414 447/429/412
f 480/459/442 448/431/414 479/460/443
f 481/461/444 449/430/413 480/459/442
f 482/462/445 450/432/415 481/461/444
f 483/463/446 451/433/416 482/462/445
f 483/463/446 453/436/419 452/434/417
f 484/464/447 454/435/418 453/436/419
f 486/465/448 454/435/418 485/466/449
f 487/467/450 455/437/420 486/465/448
f 488/468/451 456/438/421 487/467/450
f 489/469/452 457/440/423 488/468/451
f 489/469/452 459/441/424 458/439/422
f 491/470/453 459/441/424 490/471/454
f 492/472/455 460/442/425 491/470/453
f 493/473/456 461/443/426 492/472/455
f 494/474/457 462/444/427 493/473/456
f 494/474/457 464/447/430 463/445/428
f 495/475/458 465/446/429 464/447/430
f 497/476/459 465/446/429 496/477/460
f 498/92/59 2/3/59 467/123/59
f 499/91/1 468/122/1 1/3/1
f 500/478/461 470/449/432 469/450/433
f 501/479/462 471/451/434 470/449/432
f 502/480/463 472/452/435 471/451/434
f 504/481/464 472/452/435 503/482/465
f 504/481/464 474/454/437 473/453/436
f 506/483/466 474/454/437 505/484/467
f 506/483/466 476/455/438 475/456/439
f 507/485/468 477/457/440 476/455/438
f 509/486/469 477/457/440 508/487/470
f 509/486/469 479/460/443 478/458/441
f 511/488/471 479/460/443 510/489/472
f 512/490/473 480/459/442 511/488/471
f 512/490/473 482/462/445 481/461/444
f 514/491/474 482/462/445 513/492/475
f 514/491/474 484/464/447 483/463/446
f 516/493/476 484/464/447 515/494/477
f 517/495/478 485/466/449 516/493/476
f 517/495/478 487/467/450 486/465/448
f 518/496/479 488/468/451 487/467/450
f 520/497/480 488/468/451 519/498/481
f 521/499/482 489/469/452 520/497/480
f 522/500/483 490/471/454 521/499/482
f 522/500/483 492/472/455 491/470/453
f 524/501/484 492/472/455 523/502/485
f 525/503/486 493/473/456 524/501/484
f 526/504/487 494/474/457 525/503/486
f 527/505/488 495/475/458 526/504/487
f 528/506/489 496/477/460 527/505/488
f 529/62/59 2/3/59 498/92/59
f 530/60/1 499/91/1 1/3/1
f 532/507/490 500/478/461 531/508/491
f 533/509/492 501/479/462 532/507/490
f 534/510/493 502/480/463 533/509/492
f 534/510/493 504/481/464 503/482/465
f 536/511/494 504/481/464 535/512/495
f 537/513/496 505/484/467 536/511/494
f 537/513/496 507/485/468 506/483/466
f 539/514/497 507/485/468 538/515/498
f 539/514/497 509/486/469 508/487/470
f 540/516/499 510/489/472 509/486/469
f 542/517/500 510/489/472 541/518/501
f 543/519/502 511/488/471 542/517/500
f 544/520/503 512/490/473 543/519/502
f 544/520/503 514/491/474 513/492/475
f 545/521/504 515/494/477 514/491/474
f 547/522/505 515/494/477 546/523/506
f 548/524/507 516/493/476 547/522/505
f 548/524/507 518/496/479 517/495/478
f 550/525/508 518/496/479 549/526/509
f 550/525/508 520/497/480 519/498/481
f 552/527/510 520/497/480 551/528/511
f 553/529/512 521/499/482 552/527/510
f 553/529/512 523/502/485 522/500/483
f 555/530/513 523/502/485 554/531/514
f 556/532/515 524/501/484 555/530/513
f 557/533/516 525/503/486 556/532/515
f 557/533/516 527/505/488 526/504/487
f 559/534/517 527/505/488 558/535/518
f 560/1/59 2/3/59 529/62/59
f 561/61/1 530/60/1 1/3/1
f 563/536/519 531/508/491 562/537/520
f 564/538/521 532/507/490 563/536/519
f 565/539/522 533/509/492 564/538/521
f 566/540/523 534/510/493 565/539/522
f 566/540/523 536/511/494 535/512/495
f 568/541/524 536/511/494 567/542/525
f 568/541/524 538/515/498 537/513/496
f 570/543/526 538/515/498 569/544/527
f 571/545/528 539/514/497 570/543/526
f 572/546/529 540/516/499 571/545/528
f 572/546/529 542/517/500 541/518/501
f 574/547/530 542/517/500 573/548/531
f 574/547/530 544/520/503 543/519/502
f 575/549/532 545/521/504 544/520/503
f 577/550/533 545/521/504 576/3/534
f 578/551/535 546/523/506 577/550/533
f 579/552/536 547/522/505 578/551/535
f 579/552/536 549/526/509 548/524/507
f 581/553/537 549/526/509 580/554/538
f 581/553/537 551/528/511 550/525/508
f 582/555/539 552/527/510 551/528/511
f 584/556/540 552/527/510 583/557/541
f 585/558/542 553/529/512 584/556/540
f 586/559/543 554/531/514 585/558/542
f 586/559/543 556/532/515 555/530/513
f 588/560/544 556/532/515 587/561/545
f 589/562/546 557/533/516 588/560/544
f 589/562/546 559/534/517 558/535/518
f 591/2/59 2/3/59 560/1/59
f 592/563/1 561/61/1 1/3/1
f 594/564/547 562/537/520 593/565/548
f 595/566/549 563/536/519 594/564/547
f 596/567/550 564/538/521 595/566/549
f 597/568/551 565/539/522 596/567/550
f 598/569/552 566/540/523 597/568/551
f 599/570/553 567/542/525 598/569/552
f 600/571/554 568/541/524 599/570/553
f 601/572/555 569/544/527 600/571/554
f 602/573/556 570/543/526 601/572/555
f 603/574/557 571/545/528 602/573/556
f 604/575/558 572/546/529 603/574/557
f 604/575/558 574/547/530 573/548/531
f 606/576/559 574/547/530 605/577/560
f 607/578/561 575/549/532 606/576/559
f 608/579/562 576/3/534 607/578/561
f 608/579/562 578/551/535 577/550/533
f 609/580/563 579/552/536 578/551/535
f 611/581/564 579/552/536 610/582/565
f 612/583/566 580/554/538 611/581/564
f 613/584/567 581/553/537 612/583/566
f 614/585/568 582/555/539 613/584/567
f 615/586/569 583/557/541 614/585/568
f 615/586/569 585/558/542 584/556/540
f 617/587/570 585/558/542 616/588/571
f 618/589/572 586/559/543 617/587/570
f 619/590/573 587/561/545 618/589/572
f 619/590/573 589/562/546 588/560/544
f 621/591/574 589/562/546 620/592/575
f 622/593/59 2/3/59 591/2/59
f 623/594/1 592/563/1 1/3/1
f 624/595/576 594/564/547 593/565/548
f 625/596/577 595/566/549 594/564/547
f 627/597/578 595/566/549 626/598/579
f 628/599/580 596/567/550 627/597/578
f 629/600/581 597/568/551 628/599/580
f 630/601/582 598/569/552 629/600/581
f 631/602/583 599/570/553 630/601/582
f 632/603/584 600/571/554 631/602/583
f 633/604/585 601/572/555 632/603/584
f 634/605/586 602/573/556 633/604/585
f 634/605/586 604/575/558 603/574/557
f 635/606/587 605/577/560 604/575/558
f 636/607/588 606/576/559 605/577/560
f 638/608/589 606/576/559 637/609/590
f 639/610/591 607/578/561 638/608/589
f 639/610/591 609/580/563 608/579/562
f 641/611/592 609/580/563 640/612/593
f 642/613/594 610/582/565 641/611/592
f 642/613/594 612/583/566 611/581/564
f 644/614/595 612/583/566 643/615/596
f 645/616/597 613/584/567 644/614/595
f 645/616/597 615/586/569 614/585/568
f 647/617/598 615/586/569 646/618/599
f 648/619/600 616/588/571 647/617/598
f 649/620/601 617/587/570 648/619/600
f 650/621/602 618/589/572 649/620/601
f 651/622/603 619/590/573 650/621/602
f 651/622/603 621/591/574 620/592/575
f 653/623/59 2/3/59 622/593/59
f 654/624/1 623/594/1 1/3/1
f 656/625/604 624/595/576 655/626/605
f 657/627/606 625/596/577 656/625/604
f 658/628/607 626/598/579 657/627/606
f 658/628/607 628/599/580 627/597/578
f 660/629/608 628/599/580 659/630/609
f 661/631/610 629/600/581 660/629/608
f 662/632/611 630/601/582 661/631/610
f 663/633/612 631/602/583 662/632/611
f 664/634/613 632/603/584 663/633/612
f 665/635/614 633/604/585 664/634/613
f 665/635/614 635/606/587 634/605/586
f 667/636/615 635/606/587 666/637/616
f 667/636/615 637/609/590 636/607/588
f 669/638/617 637/609/590 668/639/618
f 670/640/619 638/608/589 669/638/617
f 670/640/619 640/612/593 639/610/591
f 671/641/620 641/611/592 640/612/593
f 673/642/621 641/611/592 672/643/622
f 674/644/623 642/613/594 673/642/621
f 675/645/624 643/615/596 674/644/623
f 675/645/624 645/616/597 644/614/595
f 676/646/625 646/618/599 645/616/597
f 678/647/626 646/618/599 677/648/627
f 679/649/628 647/617/598 678/647/626
f 680/650/629 648/619/600 679/649/628
f 680/650/629 650/621/602 649/620/601
f 681/651/630 651/622/603 650/621/602
f 683/652/631 651/622/603 682/653/632
f 684/654/59 2/3/59 653/623/59
f 685/655/1 654/624/1 1/3/1
f 686/656/633 656/625/604 655/626/605
f 688/657/634 656/625/604 687/658/635
f 688/657/634 658/628/607 657/627/606
f 690/659/636 658/628/607 689/660/637
f 690/659/636 660/629/608 659/630/609
f 692/661/638 660/629/608 691/662/639
f 693/663/640 661/631/610 692/661/638
f 693/663/640 663/633/612 662/632/611
f 694/664/641 664/634/613 663/633/612
f 696/665/642 664/634/613 695/666/643
f 696/665/642 666/637/616 665/635/614
f 697/667/644 667/636/615 666/637/616
f 698/668/645 668/639/618 667/636/615
f 700/669/646 668/639/618 699/670/647
f 701/671/648 669/638/617 700/669/646
f 702/672/649 670/640/619 701/671/648
f 703/673/650 671/641/620 702/672/649
f 704/674/651 672/643/622 703/673/650
f 705/675/652 673/642/621 704/674/651
f 706/676/653 674/644/623 705/675/652
f 707/677/654 675/645/624 706/676/653
f 707/677/654 677/648/627 676/646/625
f 709/678/655 677/648/627 708/679/656
f 710/680/657 678/647/626 709/678/655
f 710/680/657 680/650/629 679/649/628
f 711/681/658 681/651/630 680/650/629
f 713/682/659 681/651/630 712/683/660
f 713/682/659 683/652/631 682/653/632
f 715/684/59 2/3/59 684/654/59
f 716/685/1 685/655/1 1/3/1
f 718/686/661 686/656/633 717/687/662
f 719/688/663 687/658/635 718/686/661
f 720/689/664 688/657/634 719/688/663
f 721/690/665 689/660/637 720/689/664
f 721/690/665 691/662/639 690/659/636
f 723/691/666 691/662/639 722/692/667
f 724/693/668 692/661/638 723/691/666
f 725/694/669 693/663/640 724/693/668
f 726/695/670 694/664/641 725/694/669
f 726/695/670 696/665/642 695/666/643
f 728/696/671 696/665/642 727/697/672
f 728/696/671 698/668/645 697/667/644
f 730/698/673 698/668/645 729/699/674
f 731/700/675 699/670/647 730/698/673
f 732/701/676 700/669/646 731/700/675
f 733/702/677 701/671/648 732/701/676
f 733/702/677 703/673/650 702/672/649
f 734/703/678 704/674/651 703/673/650
f 736/704/679 704/674/651 735/705/680
f 737/706/681 705/675/652 736/704/679
f 738/707/682 706/676/653 737/706/681
f 739/708/683 707/677/654 738/707/682
f 740/709/684 708/679/656 739/708/683
f 741/710/685 709/678/655 740/709/684
f 741/710/685 711/681/658 710/680/657
f 743/711/686 711/681/658 742/712/687
f 743/711/686 713/682/659 712/683/660
f 744/713/688 714/714/689 713/682/659
f 746/715/59 2/3/59 715/684/59
f 747/716/1 716/685/1 1/3/1
f 749/717/690 717/687/662 748/718/691
f 750/719/692 718/686/661 749/717/690
f 750/719/692 720/689/664 719/688/663
f 752/720/693 720/689/664 751/721/694
f 753/722/695 721/690/665 752/720/693
f 754/723/696 722/692/667 753/722/695
f 755/724/697 723/691/666 754/723/696
f 755/724/697 725/694/669 724/693/668
f 757/725/698 725/694/669 756/726/699
f 757/725/698 727/697/672 726/695/670
f 759/727/700 727/697/672 758/728/701
f 760/729/702 728/696/671 759/727/700
f 760/729/702 730/698/673 729/699/674
f 761/730/703 731/700/675 730/698/673
f 763/731/704 731/700/675 762/732/705
f 763/731/704 733/702/677 732/701/676
f 764/733/706 734/703/678 733/702/677
f 765/734/707 735/705/680 734/703/678
f 767/735/708 735/705/680 766/736/709
f 768/737/710 736/704/679 767/735/708
f 768/737/710 738/707/682 737/706/681
f 769/738/711 739/708/683 738/707/682
f 771/739/712 739/708/683 770/740/713
f 771/739/712 741/710/685 740/709/684
f 772/741/714 742/712/687 741/710/685
f 774/742/715 742/712/687 773/743/716
f 775/744/717 743/711/686 774/742/715
f 776/745/718 744/713/688 775/744/717
f 777/746/59 2/3/59 746/715/59
f 778/747/1 747/716/1 1/3/1
f 779/748/719 749/717/690 748/718/691
f 780/749/720 750/719/692 749/717/690
f 782/750/721 750/719/692 781/751/722
f 783/752/723 751/721/694 782/750/721
f 783/752/723 753/722/695 752/720/693
f 785/753/724 753/722/695 784/754/725
f 786/755/726 754/723/696 785/753/724
f 787/756/727 755/724/697 786/755/726
f 787/756/727 757/725/698 756/726/699
f 788/757/728 758/728/701 757/725/698
f 790/758/729 758/728/701 789/759/730
f 791/760/731 759/727/700 790/758/729
f 792/761/732 760/729/702 791/760/731
f 792/761/732 762/732/705 761/730/703
f 794/762/733 762/732/705 793/763/734
f 795/764/735 763/731/704 794/762/733
f 795/764/735 765/734/707 764/733/706
f 797/765/736 765/734/707 796/766/737
f 798/767/738 766/736/709 797/765/736
f 799/768/739 767/735/708 798/767/738
f 799/768/739 769/738/711 768/737/710
f 800/769/740 770/740/713 769/738/711
f 802/770/741 770/740/713 801/771/742
f 802/770/741 772/741/714 771/739/712
f 803/772/743 773/743/716 772/741/714
f 805/773/744 773/743/716 804/774/745
f 805/773/744 775/744/717 774/742/715
f 806/775/746 776/745/718 775/744/717
f 808/776/59 2/3/59 777/746/59
f 809/777/1 778/747/1 1/3/1
f 811/778/747 779/748/719 810/779/748
f 812/780/749 780/749/720 811/778/747
f 813/781/750 781/751/722 812/780/749
f 814/782/751 782/750/721 813/781/750
f 814/782/751 784/754/725 783/752/723
f 816/783/752 784/754/725 815/784/753
f 817/785/754 785/753/724 816/783/752
f 818/786/755 786/755/726 817/785/754
f 819/787/756 787/756/727 818/786/755
f 820/788/757 788/757/728 819/787/756
f 821/789/758 789/759/730 820/788/757
f 821/789/758 791/760/731 790/758/729
f 822/790/759 792/761/732 791/760/731
f 824/791/760 792/761/732 823/792/761
f 824/791/760 794/762/733 793/763/734
f 825/793/762 795/764/735 794/762/733
f 827/794/763 795/764/735 826/795/764
f 827/794/763 797/765/736 796/766/737
f 828/796/765 798/767/738 797/765/736
f 829/797/766 799/768/739 798/767/738
f 830/798/767 800/769/740 799/768/739
f 832/799/768 800/769/740 831/800/769
f 832/799/768 802/770/741 801/771/742
f 834/801/770 802/770/741 833/802/771
f 834/801/770 804/774/745 803/772/743
f 836/803/772 804/774/745 835/804/773
f 837/805/774 805/773/744 836/803/772
f 838/806/775 806/775/746 837/805/774
f 839/807/59 2/3/59 808/776/59
f 840/537/1 809/777/1 1/3/1
f 842/808/776 810/779/748 841/809/777
f 843/810/778 811/778/747 842/808/776
f 844/811/779 812/780/749 843/810/778
f 845/812/780 813/781/750 844/811/779
f 845/812/780 815/784/753 814/782/751
f 846/813/781 816/783/752 815/784/753
f 848/814/782 816/783/752 847/815/783
f 849/816/784 817/785/754 848/814/782
f 850/817/785 818/786/755 849/816/784
f 851/818/786 819/787/756 850/817/785
f 851/818/786 821/789/758 820/788/757
f 853/819/787 821/789/758 852/820/788
f 854/821/789 822/790/759 853/819/787
f 854/821/789 824/791/760 823/792/761
f 855/822/790 825/793/762 824/791/760
f 857/823/791 825/793/762 856/824/792
f 857/823/791 827/794/763 826/795/764
f 858/825/793 828/796/765 827/794/763
f 860/826/794 828/796/765 859/827/795
f 861/828/796 829/797/766 860/826/794
f 861/828/796 831/800/769 830/798/767
f 863/829/797 831/800/769 862/830/798
f 864/831/799 832/799/768 863/829/797
f 865/832/800 833/802/771 864/831/799
f 865/832/800 835/804/773 834/801/770
f 867/833/801 835/804/773 866/834/802
f 868/835/803 836/803/772 867/833/801
f 869/836/804 837/805/774 868/835/803
f 870/537/59 2/3/59 839/807/59
f 871/807/1 840/537/1 1/3/1
f 873/837/805 841/809/777 872/838/806
f 873/837/805 843/810/778 842/808/776
f 874/839/807 844/811/779 843/810/778
f 875/840/808 845/812/780 844/811/779
f 876/841/809 846/813/781 845/812/780
f 878/842/810 846/813/781 877/843/811
f 879/844/812 847/815/783 878/842/810
f 880/845/813 848/814/782 879/844/812
f 880/845/813 850/817/785 849/816/784
f 881/846/814 851/818/786 850/817/785
f 883/847/815 851/818/786 882/848/816
f 883/847/815 853/819/787 852/820/788
f 885/849/817 853/819/787 884/850/818
f 885/849/817 855/822/790 854/821/789
f 887/851/819 855/822/790 886/852/820
f 887/851/819 857/823/791 856/824/792
f 889/853/821 857/823/791 888/854/822
f 890/855/823 858/825/793 889/853/821
f 891/856/824 859/827/795 890/855/823
f 891/856/824 861/828/796 860/826/794
f 892/857/825 862/830/798 861/828/796
f 893/858/826 863/829/797 862/830/798
f 895/859/827 863/829/797 894/860/828
f 896/861/829 864/831/799 895/859/827
f 897/862/830 865/832/800 896/861/829
f 898/863/831 866/834/802 897/862/830
f 898/863/831 868/835/803 867/833/801
f 899/864/832 869/836/804 868/835/803
f 901/777/59 2/3/59 870/537/59
f 902/776/1 871/807/1 1/3/1
f 904/865/833 872/838/806 903/866/834
f 905/867/835 873/837/805 904/865/833
f 905/867/835 875/840/808 874/839/807
f 907/868/836 875/840/808 906/869/837
f 907/868/836 877/843/811 876/841/809
f 908/870/838 878/842/810 877/843/811
f 910/871/839 878/842/810 909/872/840
f 911/873/841 879/844/812 910/871/839
f 911/873/841 881/846/814 880/845/813
f 912/874/842 882/848/816 881/846/814
f 913/875/843 883/847/815 882/848/816
f 914/876/844 884/850/818 883/847/815
f 916/877/845 884/850/818 915/878/846
f 917/879/847 885/849/817 916/877/845
f 917/879/847 887/851/819 886/852/820
f 918/880/848 888/854/822 887/851/819
f 920/881/849 888/854/822 919/882/850
f 920/881/849 890/855/823 889/853/821
f 921/883/851 891/856/824 890/855/823
f 922/884/852 892/857/825 891/856/824
f 923/885/853 893/858/826 892/857/825
f 925/886/854 893/858/826 924/887/855
f 926/888/856 894/860/828 925/886/854
f 927/889/857 895/859/827 926/888/856
f 927/889/857 897/862/830 896/861/829
f 928/890/858 898/863/831 897/862/830
f 930/891/859 898/863/831 929/892/860
f 931/893/861 899/864/832 930/891/859
f 932/747/59 2/3/59 901/777/59
f 933/746/1 902/776/1 1/3/1
f 935/894/862 903/866/834 934/895/863
f 936/896/864 904/865/833 935/894/862
f 936/896/864 906/869/837 905/867/835
f 938/897/865 906/869/837 937/898/866
f 939/899/867 907/868/836 938/897/865
f 940/900/868 908/870/838 939/899/867
f 941/901/869 909/872/840 940/900/868
f 942/902/870 910/871/839 941/901/869
f 943/903/871 911/873/841 942/902/870
f 944/904/872 912/874/842 943/903/871
f 944/904/872 914/876/844 913/875/843
f 946/905/873 914/876/844 945/906/874
f 946/905/873 916/877/845 915/878/846
f 948/907/875 916/877/845 947/908/876
f 948/907/875 918/880/848 917/879/847
f 950/909/877 918/880/848 949/910/878
f 951/911/879 919/882/850 950/909/877
f 952/912/880 920/881/849 951/911/879
f 952/912/880 922/884/852 921/883/851
f 954/913/881 922/884/852 953/914/882
f 955/915/883 923/885/853 954/913/881
f 956/916/884 924/887/855 955/915/883
f 957/917/885 925/886/854 956/916/884
f 958/918/886 926/888/856 957/917/885
f 958/918/886 928/890/858 927/889/857
f 959/919/887 929/892/860 928/890/858
f 961/920/888 929/892/860 960/921/889
f 961/920/888 931/893/861 930/891/859
f 963/716/59 2/3/59 932/747/59
f 964/715/1 933/746/1 1/3/1
f 965/922/890 935/894/862 934/895/863
f 967/923/891 935/894/862 966/924/892
f 967/923/891 937/898/866 936/896/864
f 968/925/893 938/897/865 937/898/866
f 969/926/894 939/899/867 938/897/865
f 970/927/895 940/900/868 939/899/867
f 971/928/896 941/901/869 940/900/868
f 973/929/897 941/901/869 972/930/898
f 973/929/897 943/903/871 942/902/870
f 975/931/899 943/903/871 974/932/900
f 975/931/899 945/906/874 944/904/872
f 977/933/901 945/906/874 976/934/902
f 978/935/903 946/905/873 977/933/901
f 979/936/904 947/908/876 978/935/903
f 980/937/905 948/907/875 979/936/904
f 980/937/905 950/909/877 949/910/878
f 981/938/906 951/911/879 950/909/877
f 983/939/907 951/911/879 982/940/908
f 984/941/909 952/912/880 983/939/907
f 984/941/909 954/913/881 953/914/882
f 986/942/910 954/913/881 985/943/911
f 987/944/912 955/915/883 986/942/910
f 987/944/912 957/917/885 956/916/884
f 988/945/913 958/918/886 957/917/885
f 990/946/914 958/918/886 989/947/915
f 990/946/914 960/921/889 959/919/887
f 992/948/916 960/921/889 991/949/917
f 992/948/916 962/950/918 961/920/888
f 994/685/59 2/3/59 963/716/59
f 995/684/1 964/715/1 1/3/1
f 996/951/919 966/924/892 965/922/890
f 997/952/920 967/923/891 966/924/892
f 998/953/921 968/925/893 967/923/891
f 999/954/922 969/926/894 968/925/893
f 1001/955/923 969/926/894 1000/956/924
f 1002/957/925 970/927/895 1001/955/923
f 1003/958/926 971/928/896 1002/957/925
f 1003/958/926 973/929/897 972/930/898
f 1004/959/927 974/932/900 973/929/897
f 1005/960/928 975/931/899 974/932/900
f 1007/961/929 975/931/899 1006/962/930
f 1008/963/931 976/934/902 1007/961/929
f 1008/963/931 978/935/903 977/933/901
f 1009/964/932 979/936/904 978/935/903
f 1010/965/933 980/937/905 979/936/904
f 1012/966/934 980/937/905 1011/967/935
f 1013/968/936 981/938/906 1012/966/934
f 1014/969/937 982/940/908 1013/968/936
f 1014/969/937 984/941/909 983/939/907
f 1016/970/938 984/941/909 1015/971/939
f 1017/972/940 985/943/911 1016/970/938
f 1018/973/941 986/942/910 1017/972/940
f 1019/974/942 987/944/912 1018/973/941
f 1020/975/943 988/945/913 1019/974/942
f 1020/975/943 990/946/914 989/947/915
f 1021/976/944 991/949/917 990/946/914
f 1023/977/945 991/949/917 1022/978/946
f 1024/979/947 992/948/916 1023/977/945
f 1025/655/59 2/3/59 994/685/59
f 1026/654/1 995/684/1 1/3/1
f 1028/980/948 996/951/919 1027/981/949
f 1029/982/950 997/952/920 1028/980/948
f 1030/983/951 998/953/921 1029/982/950
f 1031/984/952 999/954/922 1030/983/951
f 1032/985/953 1000/956/924 1031/984/952
f 1032/985/953 1002/957/925 1001/955/923
f 1034/986/954 1002/957/925 1033/987/955
f 1035/988/956 1003/958/926 1034/986/954
f 1036/989/957 1004/959/927 1035/988/956
f 1036/989/957 1006/962/930 1005/960/928
f 1038/990/958 1006/962/930 1037/991/959
f 1039/992/960 1007/961/929 1038/990/958
f 1040/993/961 1008/963/931 1039/992/960
f 1041/994/962 1009/964/932 1040/993/961
f 1041/994/962 1011/967/935 1010/965/933
f 1042/995/963 1012/966/934 1011/967/935
f 1044/996/964 1012/966/934 1043/997/965
f 1045/998/966 1013/968/936 1044/996/964
f 1046/999/967 1014/969/937 1045/998/966
f 1047/1000/968 1015/971/939 1046/999/967
f 1047/1000/968 1017/972/940 1016/970/938
f 1049/1001/969 1017/972/940 1048/1002/970
f 1050/1003/971 1018/973/941 1049/1001/969
f 1051/1004/972 1019/974/942 1050/1003/971
f 1052/1005/973 1020/975/943 1051/1004/972
f 1052/1005/973 1022/978/946 1021/976/944
f 1053/1006/974 1023/977/945 1022/978/946
f 1055/1007/975 1023/977/945 1054/1008/976
f 1056/624/59 2/3/59 1025/655/59
f 1057/623/1 1026/654/1 1/3/1
f 1058/1009/977 1028/980/948 1027/981/949
f 1059/1010/978 1029/982/950 1028/980/948
f 1060/1011/979 1030/983/951 1029/982/950
f 1062/1012/980 1030/983/951 1061/1013/981
f 1062/1012/980 1032/985/953 1031/984/952
f 1064/1014/982 1032/985/953 1063/1015/983
f 1064/1014/982 1034/986/954 1033/987/955
f 1065/1016/984 1035/988/956 1034/986/954
f 1067/1017/985 1035/988/956 1066/1018/986
f 1067/1017/985 1037/991/959 1036/989/957
f 1069/1019/987 1037/991/959 1068/1020/988
f 1070/1021/989 1038/990/958 1069/1019/987
f 1070/1021/989 1040/993/961 1039/992/960
f 1072/1022/990 1040/993/961 1071/1023/991
f 1072/1022/990 1042/995/963 1041/994/962
f 1074/1024/992 1042/995/963 1073/1025/993
f 1075/1026/994 1043/997/965 1074/1024/992
f 1075/1026/994 1045/998/966 1044/996/964
f 1076/1027/995 1046/999/967 1045/998/966
f 1078/1028/996 1046/999/967 1077/1029/997
f 1079/1030/998 1047/1000/968 1078/1028/996
f 1080/1031/999 1048/1002/970 1079/1030/998
f 1080/1031/999 1050/1003/971 1049/1001/969
f 1082/1032/1000 1050/1003/971 1081/1033/1001
f 1083/1034/1002 1051/1004/972 1082/1032/1000
f 1084/1035/1003 1052/1005/973 1083/1034/1002
f 1085/1036/1004 1053/1006/974 1084/1035/1003
f 1086/1037/1005 1054/1008/976 1085/1036/1004
f 1087/594/59 2/3/59 1056/624/59
f 1088/593/1 1057/623/1 1/3/1
f 1090/1038/1006 1058/1009/977 1089/1039/1007
f 1091/1040/1008 1059/1010/978 1090/1038/1006
f 1092/1041/1009 1060/1011/979 1091/1040/1008
f 1092/1041/1009 1062/1012/980 1061/1013/981
f 1094/1042/1010 1062/1012/980 1093/1043/1011
f 1095/1044/1012 1063/1015/983 1094/1042/1010
f 1095/1044/1012 1065/1016/984 1064/1014/982
f 1097/1045/1013 1065/1016/984 1096/1046/1014
f 1097/1045/1013 1067/1017/985 1066/1018/986
f 1098/1047/1015 1068/1020/988 1067/1017/985
f 1100/1048/1016 1068/1020/988 1099/1049/1017
f 1101/1050/1018 1069/1019/987 1100/1048/1016
f 1102/1051/1019 1070/1021/989 1101/1050/1018
f 1102/1051/1019 1072/1022/990 1071/1023/991
f 1103/1052/1020 1073/1025/993 1072/1022/990
f 1105/1053/1021 1073/1025/993 1104/1054/1022
f 1106/1055/1023 1074/1024/992 1105/1053/1021
f 1106/1055/1023 1076/1027/995 1075/1026/994
f 1108/1056/1024 1076/1027/995 1107/1057/1025
f 1108/1056/1024 1078/1028/996 1077/1029/997
f 1110/1058/1026 1078/1028/996 1109/1059/1027
f 1111/1060/1028 1079/1030/998 1110/1058/1026
f 1111/1060/1028 1081/1033/1001 1080/1031/999
f 1113/1061/1029 1081/1033/1001 1112/1062/1030
f 1114/1063/1031 1082/1032/1000 1113/1061/1029
f 1115/1064/1032 1083/1034/1002 1114/1063/1031
f 1115/1064/1032 1085/1036/1004 1084/1035/1003
f 1117/1065/1033 1085/1036/1004 1116/1066/1034
f 1118/563/59 2/3/59 1087/594/59
f 3/2/1 1088/593/1 1/3/1
f 5/1067/6 1089/1039/1007 4/1068/3
f 6/1069/8 1090/1038/1006 5/1067/6
f 7/1070/10 1091/1040/1008 6/1069/8
f 8/1071/12 1092/1041/1009 7/1070/10
f 8/1071/12 1094/1042/1010 1093/1043/1011
f 10/1072/16 1094/1042/1010 9/1073/14
f 10/1072/16 1096/1046/1014 1095/1044/1012
f 12/1074/20 1096/1046/1014 11/1075/18
f 13/1076/22 1097/1045/1013 12/1074/20
f 14/1077/24 1098/1047/1015 13/1076/22
f 14/1077/24 1100/1048/1016 1099/1049/1017
f 16/1078/25 1100/1048/1016 15/1079/26
f 16/1078/25 1102/1051/1019 1101/1050/1018
f 17/1080/30 1103/1052/1020 1102/1051/1019
f 19/1081/34 1103/1052/1020 18/61/32
f 20/1082/33 1104/1054/1022 19/1081/34
f 21/1083/36 1105/1053/1021 20/1082/33
f 21/1083/36 1107/1057/1025 1106/1055/1023
f 23/1084/42 1107/1057/1025 22/1085/40
f 23/1084/42 1109/1059/1027 1108/1056/1024
f 24/1086/44 1110/1058/1026 1109/1059/1027
f 26/1087/48 1110/1058/1026 25/1088/46
f 27/1089/47 1111/1060/1028 26/1087/48
f 28/1090/52 1112/1062/1030 27/1089/47
f 28/1090/52 1114/1063/1031 1113/1061/1029
f 30/1091/56 1114/1063/1031 29/1092/54
f 31/1093/55 1115/1064/1032 30/1091/56
f 31/1093/55 1117/1065/1033 1116/1066/1034
f 33/61/59 2/3/59 1118/563/59
f 36/4/2 5/8/6 4/5/3
f 37/7/5 6/10/8 5/8/6
f 38/9/7 7/12/10 6/10/8
f 39/11/9 8/14/12 7/12/10
f 40/13/11 9/16/14 8/14/12
f 41/15/13 10/18/16 9/16/14
f 42/17/15 11/20/18 10/18/16
f 43/19/17 12/22/20 11/20/18
f 44/21/19 13/24/22 12/22/20
f 45/23/21 14/26/24 13/24/22
f 46/25/23 15/28/26 14/26/24
f 46/25/23 47/30/28 16/27/25
f 48/29/27 17/32/30 16/27/25
f 49/31/29 18/2/32 17/32/30
f 50/33/31 19/35/34 18/2/32
f 50/33/31 51/36/35 20/34/33
f 51/36/35 52/39/38 21/37/36
f 53/38/37 22/41/40 21/37/36
f 54/40/39 23/43/42 22/41/40
f 55/42/41 24/45/44 23/43/42
f 56/44/43 25/47/46 24/45/44
f 57/46/45 26/49/48 25/47/46
f 57/46/45 58/51/50 27/48/47
f 59/50/49 28/53/52 27/48/47
f 60/52/51 29/55/54 28/53/52
f 61/54/53 30/57/56 29/55/54
f 61/54/53 62/59/58 31/56/55
f 63/58/57 32/1094/1035 31/56/55
f 66/63/60 67/64/61 36/4/2
f 67/64/61 68/66/63 37/7/5
f 69/65/62 38/9/7 37/7/5
f 70/67/64 39/11/9 38/9/7
f 71/68/65 40/13/11 39/11/9
f 72/69/66 41/15/13 40/13/11
f 73/70/67 42/17/15 41/15/13
f 74/71/68 43/19/17 42/17/15
f 75/72/69 44/21/19 43/19/17
f 76/73/70 45/23/21 44/21/19
f 76/73/70 77/74/71 46/25/23
f 77/74/71 78/75/72 47/30/28
f 78/75/72 79/77/74 48/29/27
f 80/76/73 49/31/29 48/29/27
f 81/78/75 50/33/31 49/31/29
f 81/78/75 82/80/77 51/36/35
f 83/79/76 52/39/38 51/36/35
f 84/81/78 53/38/37 52/39/38
f 84/81/78 85/83/80 54/40/39
f 86/82/79 55/42/41 54/40/39
f 87/84/81 56/44/43 55/42/41
f 87/84/81 88/86/83 57/46/45
f 89/85/82 58/51/50 57/46/45
f 90/87/84 59/50/49 58/51/50
f 91/88/85 60/52/51 59/50/49
f 92/89/86 61/54/53 60/52/51
f 93/90/87 62/59/58 61/54/53
f 93/90/87 94/1095/1036 63/58/57
f 98/93/88 67/64/61 66/63/60
f 99/95/90 68/66/63 67/64/61
f 100/96/91 69/65/62 68/66/63
f 100/96/91 101/98/93 70/67/64
f 102/97/92 71/68/65 70/67/64
f 103/99/94 72/69/66 71/68/65
f 104/100/95 73/70/67 72/69/66
f 105/101/96 74/71/68 73/70/67
f 106/102/97 75/72/69 74/71/68
f 107/103/98 76/73/70 75/72/69
f 107/103/98 108/105/100 77/74/71
f 109/104/99 78/75/72 77/74/71
f 109/104/99 110/107/102 79/77/74
f 111/106/101 80/76/73 79/77/74
f 112/108/103 81/78/75 80/76/73
f 112/108/103 113/109/104 82/80/77
f 113/109/104 114/111/106 83/79/76
f 115/110/105 84/81/78 83/79/76
f 116/112/107 85/83/80 84/81/78
f 117/113/108 86/82/79 85/83/80
f 117/113/108 118/114/109 87/84/81
f 118/114/109 119/116/111 88/86/83
f 120/115/110 89/85/82 88/86/83
f 121/117/112 90/87/84 89/85/82
f 122/118/113 91/88/85 90/87/84
f 122/118/113 123/119/114 92/89/86
f 123/119/114 124/121/116 93/90/87
f 125/120/115 94/1095/1036 93/90/87
f 128/124/117 129/126/119 98/93/88
f 130/125/118 99/95/90 98/93/88
f 130/125/118 131/128/121 100/96/91
f 132/127/120 101/98/93 100/96/91
f 132/127/120 133/130/123 102/97/92
f 134/129/122 103/99/94 102/97/92
f 135/131/124 104/100/95 103/99/94
f 135/131/124 136/132/125 105/101/96
f 136/132/125 137/134/127 106/102/97
f 138/133/126 107/103/98 106/102/97
f 138/133/126 139/135/128 108/105/100
f 139/135/128 140/136/129 109/104/99
f 140/136/129 141/138/131 110/107/102
f 142/137/130 111/106/101 110/107/102
f 143/139/132 112/108/103 111/106/101
f 144/140/133 113/109/104 112/108/103
f 145/141/134 114/111/106 113/109/104
f 146/142/135 115/110/105 114/111/106
f 147/143/136 116/112/107 115/110/105
f 148/144/137 117/113/108 116/112/107
f 149/145/138 118/114/109 117/113/108
f 149/145/138 150/147/140 119/116/111
f 151/146/139 120/115/110 119/116/111
f 152/148/141 121/117/112 120/115/110
f 152/148/141 153/149/142 122/118/113
f 153/149/142 154/151/144 123/119/114
f 155/150/143 124/121/116 123/119/114
f 155/150/143 156/182/173 125/120/115
f 160/154/145 129/126/119 128/124/117
f 161/156/147 130/125/118 129/126/119
f 162/157/148 131/128/121 130/125/118
f 163/158/149 132/127/120 131/128/121
f 163/158/149 164/160/151 133/130/123
f 165/159/150 134/129/122 133/130/123
f 166/161/152 135/131/124 134/129/122
f 167/162/153 136/132/125 135/131/124
f 168/163/154 137/134/127 136/132/125
f 168/163/154 169/165/156 138/133/126
f 170/164/155 139/135/128 138/133/126
f 170/164/155 171/167/158 140/136/129
f 172/166/157 141/138/131 140/136/129
f 173/168/159 142/137/130 141/138/131
f 174/169/160 143/139/132 142/137/130
f 175/170/161 144/140/133 143/139/132
f 175/170/161 176/171/162 145/141/134
f 176/171/162 177/173/164 146/142/135
f 178/172/163 147/143/136 146/142/135
f 179/174/165 148/144/137 147/143/136
f 180/175/166 149/145/138 148/144/137
f 181/176/167 150/147/140 149/145/138
f 182/177/168 151/146/139 150/147/140
f 183/178/169 152/148/141 151/146/139
f 183/178/169 184/180/171 153/149/142
f 185/179/170 154/151/144 153/149/142
f 185/179/170 186/181/172 155/150/143
f 186/181/172 187/1096/1037 156/182/173
f 191/185/174 160/154/145 159/155/146
f 192/187/176 161/156/147 160/154/145
f 192/187/176 193/189/178 162/157/148
f 194/188/177 163/158/149 162/157/148
f 195/190/179 164/160/151 163/158/149
f 196/191/180 165/159/150 164/160/151
f 197/192/181 166/161/152 165/159/150
f 197/192/181 198/194/183 167/162/153
f 199/193/182 168/163/154 167/162/153
f 199/193/182 200/196/185 169/165/156
f 201/195/184 170/164/155 169/165/156
f 202/197/186 171/167/158 170/164/155
f 202/197/186 203/198/187 172/166/157
f 203/198/187 204/200/189 173/168/159
f 205/199/188 174/169/160 173/168/159
f 205/199/188 206/201/190 175/170/161
f 206/201/190 207/202/191 176/171/162
f 207/202/191 208/204/193 177/173/164
f 209/203/192 178/172/163 177/173/164
f 210/205/194 179/174/165 178/172/163
f 210/205/194 211/206/195 180/175/166
f 211/206/195 212/208/197 181/176/167
f 213/207/196 182/177/168 181/176/167
f 213/207/196 214/209/198 183/178/169
f 214/209/198 215/211/200 184/180/171
f 216/210/199 185/179/170 184/180/171
f 217/212/201 186/181/172 185/179/170
f 218/213/202 187/1096/1037 186/181/172
f 221/216/203 222/217/204 191/185/174
f 222/217/204 223/219/206 192/187/176
f 224/218/205 193/189/178 192/187/176
f 225/220/207 194/188/177 193/189/178
f 225/220/207 226/222/209 195/190/179
f 227/221/208 196/191/180 195/190/179
f 228/223/210 197/192/181 196/191/180
f 229/224/211 198/194/183 197/192/181
f 229/224/211 230/225/212 199/193/182
f 230/225/212 231/227/214 200/196/185
f 232/226/213 201/195/184 200/196/185
f 233/228/215 202/197/186 201/195/184
f 234/229/216 203/198/187 202/197/186
f 234/229/216 235/231/218 204/200/189
f 236/230/217 205/199/188 204/200/189
f 237/232/219 206/201/190 205/199/188
f 237/232/219 238/234/221 207/202/191
f 239/233/220 208/204/193 207/202/191
f 240/235/222 209/203/192 208/204/193
f 241/236/223 210/205/194 209/203/192
f 241/236/223 242/237/224 211/206/195
f 242/237/224 243/239/226 212/208/197
f 244/238/225 213/207/196 212/208/197
f 244/238/225 245/240/227 214/209/198
f 245/240/227 246/242/229 215/211/200
f 247/241/228 216/210/199 215/211/200
f 247/241/228 248/243/230 217/212/201
f 248/243/230 249/1097/1038 218/213/202
f 253/246/231 222/217/204 221/216/203
f 254/248/233 223/219/206 222/217/204
f 255/249/234 224/218/205 223/219/206
f 256/250/235 225/220/207 224/218/205
f 256/250/235 257/252/237 226/222/209
f 258/251/236 227/221/208 226/222/209
f 259/253/238 228/223/210 227/221/208
f 260/254/239 229/224/211 228/223/210
f 261/255/240 230/225/212 229/224/211
f 262/256/241 231/227/214 230/225/212
f 263/257/242 232/226/213 231/227/214
f 263/257/242 264/258/243 233/228/215
f 264/258/243 265/260/245 234/229/216
f 266/259/244 235/231/218 234/229/216
f 266/259/244 267/261/246 236/230/217
f 267/261/246 268/263/248 237/232/219
f 269/262/247 238/234/221 237/232/219
f 269/262/247 270/264/249 239/233/220
f 270/264/249 271/265/250 240/235/222
f 271/265/250 272/266/251 241/236/223
f 272/266/251 273/268/253 242/237/224
f 274/267/252 243/239/226 242/237/224
f 274/267/252 275/270/255 244/238/225
f 276/269/254 245/240/227 244/238/225
f 276/269/254 277/272/257 246/242/229
f 278/271/256 247/241/228 246/242/229
f 279/273/258 248/243/230 247/241/228
f 280/274/259 249/1097/1038 248/243/230
f 284/277/260 253/246/231 252/247/232
f 285/279/262 254/248/233 253/246/231
f 286/280/263 255/249/234 254/248/233
f 287/281/264 256/250/235 255/249/234
f 287/281/264 288/282/265 257/252/237
f 288/282/265 289/284/267 258/251/236
f 290/283/266 259/253/238 258/251/236
f 291/285/268 260/254/239 259/253/238
f 292/286/269 261/255/240 260/254/239
f 293/287/270 262/256/241 261/255/240
f 293/287/270 294/289/272 263/257/242
f 295/288/271 264/258/243 263/257/242
f 296/290/273 265/260/245 264/258/243
f 296/290/273 297/291/274 266/259/244
f 297/291/274 298/293/276 267/261/246
f 299/292/275 268/263/248 267/261/246
f 299/292/275 300/294/277 269/262/247
f 300/294/277 301/296/279 270/264/249
f 302/295/278 271/265/250 270/264/249
f 303/297/280 272/266/251 271/265/250
f 303/297/280 304/299/282 273/268/253
f 305/298/281 274/267/252 273/268/253
f 306/300/283 275/270/255 274/267/252
f 307/301/284 276/269/254 275/270/255
f 307/301/284 308/303/286 277/272/257
f 309/302/285 278/271/256 277/272/257
f 310/304/287 279/273/258 278/271/256
f 311/305/288 280/274/259 279/273/258
f 315/306/289 284/277/260 283/278/261
f 315/306/289 316/308/291 285/279/262
f 316/308/291 317/309/292 286/280/263
f 317/309/292 318/310/293 287/281/264
f 318/310/293 319/312/295 288/282/265
f 320/311/294 289/284/267 288/282/265
f 321/313/296 290/283/266 289/284/267
f 322/314/297 291/285/268 290/283/266
f 322/314/297 323/315/298 292/286/269
f 323/315/298 324/317/300 293/287/270
f 325/316/299 294/289/272 293/287/270
f 325/316/299 326/319/302 295/288/271
f 327/318/301 296/290/273 295/288/271
f 327/318/301 328/321/304 297/291/274
f 329/320/303 298/293/276 297/291/274
f 329/320/303 330/323/306 299/292/275
f 331/322/305 300/294/277 299/292/275
f 332/324/307 301/296/279 300/294/277
f 333/325/308 302/295/278 301/296/279
f 333/325/308 334/326/309 303/297/280
f 334/326/309 335/327/310 304/299/282
f 335/327/310 336/329/312 305/298/281
f 337/328/311 306/300/283 305/298/281
f 338/330/313 307/301/284 306/300/283
f 339/331/314 308/303/286 307/301/284
f 340/332/315 309/302/285 308/303/286
f 340/332/315 341/333/316 310/304/287
f 341/333/316 342/1098/1039 311/305/288
f 346/334/317 315/306/289 314/307/290
f 347/336/319 316/308/291 315/306/289
f 347/336/319 348/338/321 317/309/292
f 349/337/320 318/310/293 317/309/292
f 349/337/320 350/339/322 319/312/295
f 350/339/322 351/341/324 320/311/294
f 352/340/323 321/313/296 320/311/294
f 353/342/325 322/314/297 321/313/296
f 353/342/325 354/343/326 323/315/298
f 354/343/326 355/344/327 324/317/300
f 355/344/327 356/345/328 325/316/299
f 356/345/328 357/347/330 326/319/302
f 358/346/329 327/318/301 326/319/302
f 359/348/331 328/321/304 327/318/301
f 359/348/331 360/349/332 329/320/303
f 360/349/332 361/351/334 330/323/306
f 362/350/333 331/322/305 330/323/306
f 362/350/333 363/352/335 332/324/307
f 363/352/335 364/353/336 333/325/308
f 364/353/336 365/354/337 334/326/309
f 365/354/337 366/356/339 335/327/310
f 367/355/338 336/329/312 335/327/310
f 368/357/340 337/328/311 336/329/312
f 369/358/341 338/330/313 337/328/311
f 369/358/341 370/359/342 339/331/314
f 370/359/342 371/361/344 340/332/315
f 372/360/343 341/333/316 340/332/315
f 373/362/345 342/1098/1039 341/333/316
f 377/363/346 346/334/317 345/335/318
f 378/365/348 347/336/319 346/334/317
f 378/365/348 379/367/350 348/338/321
f 380/366/349 349/337/320 348/338/321
f 381/368/351 350/339/322 349/337/320
f 382/369/352 351/341/324 350/339/322
f 383/370/353 352/340/323 351/341/324
f 384/371/354 353/342/325 352/340/323
f 385/372/355 354/343/326 353/342/325
f 386/373/356 355/344/327 354/343/326
f 386/373/356 387/375/358 356/345/328
f 388/374/357 357/347/330 356/345/328
f 388/374/357 389/377/360 358/346/329
f 390/376/359 359/348/331 358/346/329
f 390/376/359 391/379/362 360/349/332
f 392/378/361 361/351/334 360/349/332
f 393/380/363 362/350/333 361/351/334
f 394/381/364 363/352/335 362/350/333
f 394/381/364 395/383/366 364/353/336
f 396/382/365 365/354/337 364/353/336
f 397/384/367 366/356/339 365/354/337
f 398/385/368 367/355/338 366/356/339
f 399/386/369 368/357/340 367/355/338
f 400/387/370 369/358/341 368/357/340
f 400/387/370 401/388/371 370/359/342
f 401/388/371 402/390/373 371/361/344
f 403/389/372 372/360/343 371/361/344
f 403/389/372 404/419/402 373/362/345
f 407/391/374 408/393/376 377/363/346
f 409/392/375 378/365/348 377/363/346
f 409/392/375 410/394/377 379/367/350
f 410/394/377 411/395/378 380/366/349
f 411/395/378 412/396/379 381/368/351
f 412/396/379 413/397/380 382/369/352
f 413/397/380 414/399/382 383/370/353
f 415/398/381 384/371/354 383/370/353
f 415/398/381 416/401/384 385/372/355
f 417/400/383 386/373/356 385/372/355
f 417/400/383 418/403/386 387/375/358
f 419/402/385 388/374/357 387/375/358
f 420/404/387 389/377/360 388/374/357
f 421/405/388 390/376/359 389/377/360
f 422/406/389 391/379/362 390/376/359
f 422/406/389 423/407/390 392/378/361
f 423/407/390 424/409/392 393/380/363
f 425/408/391 394/381/364 393/380/363
f 426/410/393 395/383/366 394/381/364
f 426/410/393 427/412/395 396/382/365
f 428/411/394 397/384/367 396/382/365
f 429/413/396 398/385/368 397/384/367
f 429/413/396 430/414/397 399/386/369
f 430/414/397 431/416/399 400/387/370
f 432/415/398 401/388/371 400/387/370
f 432/415/398 433/418/401 402/390/373
f 434/417/400 403/389/372 402/390/373
f 434/417/400 435/1099/1040 404/419/402
f 438/420/403 439/421/404 408/393/376
f 439/421/404 440/422/405 409/392/375
f 440/422/405 441/423/406 410/394/377
f 441/423/406 442/425/408 411/395/378
f 443/424/407 412/396/379 411/395/378
f 444/426/409 413/397/380 412/396/379
f 445/427/410 414/399/382 413/397/380
f 445/427/410 446/428/411 415/398/381
f 446/428/411 447/429/412 416/401/384
f 447/429/412 448/431/414 417/400/383
f 449/430/413 418/403/386 417/400/383
f 450/432/415 419/402/385 418/403/386
f 450/432/415 451/433/416 420/404/387
f 451/433/416 452/434/417 421/405/388
f 452/434/417 453/436/419 422/406/389
f 454/435/418 423/407/390 422/406/389
f 455/437/420 424/409/392 423/407/390
f 456/438/421 425/408/391 424/409/392
f 456/438/421 457/440/423 426/410/393
f 458/439/422 427/412/395 426/410/393
f 459/441/424 428/411/394 427/412/395
f 460/442/425 429/413/396 428/411/394
f 461/443/426 430/414/397 429/413/396
f 462/444/427 431/416/399 430/414/397
f 462/444/427 463/445/428 432/415/398
f 463/445/428 464/447/430 433/418/401
f 465/446/429 434/417/400 433/418/401
f 466/448/431 435/1099/1040 434/417/400
f 470/449/432 439/421/404 438/420/403
f 471/451/434 440/422/405 439/421/404
f 472/452/435 441/423/406 440/422/405
f 473/453/436 442/425/408 441/423/406
f 474/454/437 443/424/407 442/425/408
f 474/454/437 475/456/439 444/426/409
f 476/455/438 445/427/410 444/426/409
f 477/457/440 446/428/411 445/427/410
f 478/458/441 447/429/412 446/428/411
f 478/458/441 479/460/443 448/431/414
f 480/459/442 449/430/413 448/431/414
f 481/461/444 450/432/415 449/430/413
f 482/462/445 451/433/416 450/432/415
f 483/463/446 452/434/417 451/433/416
f 483/463/446 484/464/447 453/436/419
f 484/464/447 485/466/449 454/435/418
f 486/465/448 455/437/420 454/435/418
f 487/467/450 456/438/421 455/437/420
f 488/468/451 457/440/423 456/438/421
f 489/469/452 458/439/422 457/440/423
f 489/469/452 490/471/454 459/441/424
f 491/470/453 460/442/425 459/441/424
f 492/472/455 461/443/426 460/442/425
f 493/473/456 462/444/427 461/443/426
f 494/474/457 463/445/428 462/444/427
f 494/474/457 495/475/458 464/447/430
f 495/475/458 496/477/460 465/446/429
f 497/476/459 466/448/431 465/446/429
f 500/478/461 501/479/462 470/449/432
f 501/479/462 502/480/463 471/451/434
f 502/480/463 503/482/465 472/452/435
f 504/481/464 473/453/436 472/452/435
f 504/481/464 505/484/467 474/454/437
f 506/483/466 475/456/439 474/454/437
f 506/483/466 507/485/468 476/455/438
f 507/485/468 508/487/470 477/457/440
f 509/486/469 478/458/441 477/457/440
f 509/486/469 510/489/472 479/460/443
f 511/488/471 480/459/442 479/460/443
f 512/490/473 481/461/444 480/459/442
f 512/490/473 513/492/475 482/462/445
f 514/491/474 483/463/446 482/462/445
f 514/491/474 515/494/477 484/464/447
f 516/493/476 485/466/449 484/464/447
f 517/495/478 486/465/448 485/466/449
f 517/495/478 518/496/479 487/467/450
f 518/496/479 519/498/481 488/468/451
f 520/497/480 489/469/452 488/468/451
f 521/499/482 490/471/454 489/469/452
f 522/500/483 491/470/453 490/471/454
f 522/500/483 523/502/485 492/472/455
f 524/501/484 493/473/456 492/472/455
f 525/503/486 494/474/457 493/473/456
f 526/504/487 495/475/458 494/474/457
f 527/505/488 496/477/460 495/475/458
f 528/506/489 497/476/459 496/477/460
f 532/507/490 501/479/462 500/478/461
f 533/509/492 502/480/463 501/479/462
f 534/510/493 503/482/465 502/480/463
f 534/510/493 535/512/495 504/481/464
f 536/511/494 505/484/467 504/481/464
f 537/513/496 506/483/466 505/484/467
f 537/513/496 538/515/498 507/485/468
f 539/514/497 508/487/470 507/485/468
f 539/514/497 540/516/499 509/486/469
f 540/516/499 541/518/501 510/489/472
f 542/517/500 511/488/471 510/489/472
f 543/519/502 512/490/473 511/488/471
f 544/520/503 513/492/475 512/490/473
f 544/520/503 545/521/504 514/491/474
f 545/521/504 546/523/506 515/494/477
f 547/522/505 516/493/476 515/494/477
f 548/524/507 517/495/478 516/493/476
f 548/524/507 549/526/509 518/496/479
f 550/525/508 519/498/481 518/496/479
f 550/525/508 551/528/511 520/497/480
f 552/527/510 521/499/482 520/497/480
f 553/529/512 522/500/483 521/499/482
f 553/529/512 554/531/514 523/502/485
f 555/530/513 524/501/484 523/502/485
f 556/532/515 525/503/486 524/501/484
f 557/533/516 526/504/487 525/503/486
f 557/533/516 558/535/518 527/505/488
f 559/534/517 528/506/489 527/505/488
f 563/536/519 532/507/490 531/508/491
f 564/538/521 533/509/492 532/507/490
f 565/539/522 534/510/493 533/509/492
f 566/540/523 535/512/495 534/510/493
f 566/540/523 567/542/525 536/511/494
f 568/541/524 537/513/496 536/511/494
f 568/541/524 569/544/527 538/515/498
f 570/543/526 539/514/497 538/515/498
f 571/545/528 540/516/499 539/514/497
f 572/546/529 541/518/501 540/516/499
f 572/546/529 573/548/531 542/517/500
f 574/547/530 543/519/502 542/517/500
f 574/547/530 575/549/532 544/520/503
f 575/549/532 576/3/534 545/521/504
f 577/550/533 546/523/506 545/521/504
f 578/551/535 547/522/505 546/523/506
f 579/552/536 548/524/507 547/522/505
f 579/552/536 580/554/538 549/526/509
f 581/553/537 550/525/508 549/526/509
f 581/553/537 582/555/539 551/528/511
f 582/555/539 583/557/541 552/527/510
f 584/556/540 553/529/512 552/527/510
f 585/558/542 554/531/514 553/529/512
f 586/559/543 555/530/513 554/531/514
f 586/559/543 587/561/545 556/532/515
f 588/560/544 557/533/516 556/532/515
f 589/562/546 558/535/518 557/533/516
f 589/562/546 590/276/1041 559/534/517
f 594/564/547 563/536/519 562/537/520
f 595/566/549 564/538/521 563/536/519
f 596/567/550 565/539/522 564/538/521
f 597/568/551 566/540/523 565/539/522
f 598/569/552 567/542/525 566/540/523
f 599/570/553 568/541/524 567/542/525
f 600/571/554 569/544/527 568/541/524
f 601/572/555 570/543/526 569/544/527
f 602/573/556 571/545/528 570/543/526
f 603/574/557 572/546/529 571/545/528
f 604/575/558 573/548/531 572/546/529
f 604/575/558 605/577/560 574/547/530
f 606/576/559 575/549/532 574/547/530
f 607/578/561 576/3/534 575/549/532
f 608/579/562 577/550/533 576/3/534
f 608/579/562 609/580/563 578/551/535
f 609/580/563 610/582/565 579/552/536
f 611/581/564 580/554/538 579/552/536
f 612/583/566 581/553/537 580/554/538
f 613/584/567 582/555/539 581/553/537
f 614/585/568 583/557/541 582/555/539
f 615/586/569 584/556/540 583/557/541
f 615/586/569 616/588/571 585/558/542
f 617/587/570 586/559/543 585/558/542
f 618/589/572 587/561/545 586/559/543
f 619/590/573 588/560/544 587/561/545
f 619/590/573 620/592/575 589/562/546
f 621/591/574 590/276/1041 589/562/546
f 624/595/576 625/596/577 594/564/547
f 625/596/577 626/598/579 595/566/549
f 627/597/578 596/567/550 595/566/549
f 628/599/580 597/568/551 596/567/550
f 629/600/581 598/569/552 597/568/551
f 630/601/582 599/570/553 598/569/552
f 631/602/583 600/571/554 599/570/553
f 632/603/584 601/572/555 600/571/554
f 633/604/585 602/573/556 601/572/555
f 634/605/586 603/574/557 602/573/556
f 634/605/586 635/606/587 604/575/558
f 635/606/587 636/607/588 605/577/560
f 636/607/588 637/609/590 606/576/559
f 638/608/589 607/578/561 606/576/559
f 639/610/591 608/579/562 607/578/561
f 639/610/591 640/612/593 609/580/563
f 641/611/592 610/582/565 609/580/563
f 642/613/594 611/581/564 610/582/565
f 642/613/594 643/615/596 612/583/566
f 644/614/595 613/584/567 612/583/566
f 645/616/597 614/585/568 613/584/567
f 645/616/597 646/618/599 615/586/569
f 647/617/598 616/588/571 615/586/569
f 648/619/600 617/587/570 616/588/571
f 649/620/601 618/589/572 617/587/570
f 650/621/602 619/590/573 618/589/572
f 651/622/603 620/592/575 619/590/573
f 651/622/603 652/1100/1042 621/591/574
f 656/625/604 625/596/577 624/595/576
f 657/627/606 626/598/579 625/596/577
f 658/628/607 627/597/578 626/598/579
f 658/628/607 659/630/609 628/599/580
f 660/629/608 629/600/581 628/599/580
f 661/631/610 630/601/582 629/600/581
f 662/632/611 631/602/583 630/601/582
f 663/633/612 632/603/584 631/602/583
f 664/634/613 633/604/585 632/603/584
f 665/635/614 634/605/586 633/604/585
f 665/635/614 666/637/616 635/606/587
f 667/636/615 636/607/588 635/606/587
f 667/636/615 668/639/618 637/609/590
f 669/638/617 638/608/589 637/609/590
f 670/640/619 639/610/591 638/608/589
f 670/640/619 671/641/620 640/612/593
f 671/641/620 672/643/622 641/611/592
f 673/642/621 642/613/594 641/611/592
f 674/644/623 643/615/596 642/613/594
f 675/645/624 644/614/595 643/615/596
f 675/645/624 676/646/625 645/616/597
f 676/646/625 677/648/627 646/618/599
f 678/647/626 647/617/598 646/618/599
f 679/649/628 648/619/600 647/617/598
f 680/650/629 649/620/601 648/619/600
f 680/650/629 681/651/630 650/621/602
f 681/651/630 682/653/632 651/622/603
f 683/652/631 652/1100/1042 651/622/603
f 686/656/633 687/658/635 656/625/604
f 688/657/634 657/627/606 656/625/604
f 688/657/634 689/660/637 658/628/607
f 690/659/636 659/630/609 658/628/607
f 690/659/636 691/662/639 660/629/608
f 692/661/638 661/631/610 660/629/608
f 693/663/640 662/632/611 661/631/610
f 693/663/640 694/664/641 663/633/612
f 694/664/641 695/666/643 664/634/613
f 696/665/642 665/635/614 664/634/613
f 696/665/642 697/667/644 666/637/616
f 697/667/644 698/668/645 667/636/615
f 698/668/645 699/670/647 668/639/618
f 700/669/646 669/638/617 668/639/618
f 701/671/648 670/640/619 669/638/617
f 702/672/649 671/641/620 670/640/619
f 703/673/650 672/643/622 671/641/620
f 704/674/651 673/642/621 672/643/622
f 705/675/652 674/644/623 673/642/621
f 706/676/653 675/645/624 674/644/623
f 707/677/654 676/646/625 675/645/624
f 707/677/654 708/679/656 677/648/627
f 709/678/655 678/647/626 677/648/627
f 710/680/657 679/649/628 678/647/626
f 710/680/657 711/681/658 680/650/629
f 711/681/658 712/683/660 681/651/630
f 713/682/659 682/653/632 681/651/630
f 713/682/659 714/714/689 683/652/631
f 718/686/661 687/658/635 686/656/633
f 719/688/663 688/657/634 687/658/635
f 720/689/664 689/660/637 688/657/634
f 721/690/665 690/659/636 689/660/637
f 721/690/665 722/692/667 691/662/639
f 723/691/666 692/661/638 691/662/639
f 724/693/668 693/663/640 692/661/638
f 725/694/669 694/664/641 693/663/640
f 726/695/670 695/666/643 694/664/641
f 726/695/670 727/697/672 696/665/642
f 728/696/671 697/667/644 696/665/642
f 728/696/671 729/699/674 698/668/645
f 730/698/673 699/670/647 698/668/645
f 731/700/675 700/669/646 699/670/647
f 732/701/676 701/671/648 700/669/646
f 733/702/677 702/672/649 701/671/648
f 733/702/677 734/703/678 703/673/650
f 734/703/678 735/705/680 704/674/651
f 736/704/679 705/675/652 704/674/651
f 737/706/681 706/676/653 705/675/652
f 738/707/682 707/677/654 706/676/653
f 739/708/683 708/679/656 707/677/654
f 740/709/684 709/678/655 708/679/656
f 741/710/685 710/680/657 709/678/655
f 741/710/685 742/712/687 711/681/658
f 743/711/686 712/683/660 711/681/658
f 743/711/686 744/713/688 713/682/659
f 744/713/688 745/1101/1043 714/714/689
f 749/717/690 718/686/661 717/687/662
f 750/719/692 719/688/663 718/686/661
f 750/719/692 751/721/694 720/689/664
f 752/720/693 721/690/665 720/689/664
f 753/722/695 722/692/667 721/690/665
f 754/723/696 723/691/666 722/692/667
f 755/724/697 724/693/668 723/691/666
f 755/724/697 756/726/699 725/694/669
f 757/725/698 726/695/670 725/694/669
f 757/725/698 758/728/701 727/697/672
f 759/727/700 728/696/671 727/697/672
f 760/729/702 729/699/674 728/696/671
f 760/729/702 761/730/703 730/698/673
f 761/730/703 762/732/705 731/700/675
f 763/731/704 732/701/676 731/700/675
f 763/731/704 764/733/706 733/702/677
f 764/733/706 765/734/707 734/703/678
f 765/734/707 766/736/709 735/705/680
f 767/735/708 736/704/679 735/705/680
f 768/737/710 737/706/681 736/704/679
f 768/737/710 769/738/711 738/707/682
f 769/738/711 770/740/713 739/708/683
f 771/739/712 740/709/684 739/708/683
f 771/739/712 772/741/714 741/710/685
f 772/741/714 773/743/716 742/712/687
f 774/742/715 743/711/686 742/712/687
f 775/744/717 744/713/688 743/711/686
f 776/745/718 745/1101/1043 744/713/688
f 779/748/719 780/749/720 749/717/690
f 780/749/720 781/751/722 750/719/692
f 782/750/721 751/721/694 750/719/692
f 783/752/723 752/720/693 751/721/694
f 783/752/723 784/754/725 753/722/695
f 785/753/724 754/723/696 753/722/695
f 786/755/726 755/724/697 754/723/696
f 787/756/727 756/726/699 755/724/697
f 787/756/727 788/757/728 757/725/698
f 788/757/728 789/759/730 758/728/701
f 790/758/729 759/727/700 758/728/701
f 791/760/731 760/729/702 759/727/700
f 792/761/732 761/730/703 760/729/702
f 792/761/732 793/763/734 762/732/705
f 794/762/733 763/731/704 762/732/705
f 795/764/735 764/733/706 763/731/704
f 795/764/735 796/766/737 765/734/707
f 797/765/736 766/736/709 765/734/707
f 798/767/738 767/735/708 766/736/709
f 799/768/739 768/737/710 767/735/708
f 799/768/739 800/769/740 769/738/711
f 800/769/740 801/771/742 770/740/713
f 802/770/741 771/739/712 770/740/713
f 802/770/741 803/772/743 772/741/714
f 803/772/743 804/774/745 773/743/716
f 805/773/744 774/742/715 773/743/716
f 805/773/744 806/775/746 775/744/717
f 806/775/746 807/1102/1044 776/745/718
f 811/778/747 780/749/720 779/748/719
f 812/780/749 781/751/722 780/749/720
f 813/781/750 782/750/721 781/751/722
f 814/782/751 783/752/723 782/750/721
f 814/782/751 815/784/753 784/754/725
f 816/783/752 785/753/724 784/754/725
f 817/785/754 786/755/726 785/753/724
f 818/786/755 787/756/727 786/755/726
f 819/787/756 788/757/728 787/756/727
f 820/788/757 789/759/730 788/757/728
f 821/789/758 790/758/729 789/759/730
f 821/789/758 822/790/759 791/760/731
f 822/790/759 823/792/761 792/761/732
f 824/791/760 793/763/734 792/761/732
f 824/791/760 825/793/762 794/762/733
f 825/793/762 826/795/764 795/764/735
f 827/794/763 796/766/737 795/764/735
f 827/794/763 828/796/765 797/765/736
f 828/796/765 829/797/766 798/767/738
f 829/797/766 830/798/767 799/768/739
f 830/798/767 831/800/769 800/769/740
f 832/799/768 801/771/742 800/769/740
f 832/799/768 833/802/771 802/770/741
f 834/801/770 803/772/743 802/770/741
f 834/801/770 835/804/773 804/774/745
f 836/803/772 805/773/744 804/774/745
f 837/805/774 806/775/746 805/773/744
f 838/806/775 807/1102/1044 806/775/746
f 842/808/776 811/778/747 810/779/748
f 843/810/778 812/780/749 811/778/747
f 844/811/779 813/781/750 812/780/749
f 845/812/780 814/782/751 813/781/750
f 845/812/780 846/813/781 815/784/753
f 846/813/781 847/815/783 816/783/752
f 848/814/782 817/785/754 816/783/752
f 849/816/784 818/786/755 817/785/754
f 850/817/785 819/787/756 818/786/755
f 851/818/786 820/788/757 819/787/756
f 851/818/786 852/820/788 821/789/758
f 853/819/787 822/790/759 821/789/758
f 854/821/789 823/792/761 822/790/759
f 854/821/789 855/822/790 824/791/760
f 855/822/790 856/824/792 825/793/762
f 857/823/791 826/795/764 825/793/762
f 857/823/791 858/825/793 827/794/763
f 858/825/793 859/827/795 828/796/765
f 860/826/794 829/797/766 828/796/765
f 861/828/796 830/798/767 829/797/766
f 861/828/796 862/830/798 831/800/769
f 863/829/797 832/799/768 831/800/769
f 864/831/799 833/802/771 832/799/768
f 865/832/800 834/801/770 833/802/771
f 865/832/800 866/834/802 835/804/773
f 867/833/801 836/803/772 835/804/773
f 868/835/803 837/805/774 836/803/772
f 869/836/804 838/806/775 837/805/774
f 873/837/805 842/808/776 841/809/777
f 873/837/805 874/839/807 843/810/778
f 874/839/807 875/840/808 844/811/779
f 875/840/808 876/841/809 845/812/780
f 876/841/809 877/843/811 846/813/781
f 878/842/810 847/815/783 846/813/781
f 879/844/812 848/814/782 847/815/783
f 880/845/813 849/816/784 848/814/782
f 880/845/813 881/846/814 850/817/785
f 881/846/814 882/848/816 851/818/786
f 883/847/815 852/820/788 851/818/786
f 883/847/815 884/850/818 853/819/787
f 885/849/817 854/821/789 853/819/787
f 885/849/817 886/852/820 855/822/790
f 887/851/819 856/824/792 855/822/790
f 887/851/819 888/854/822 857/823/791
f 889/853/821 858/825/793 857/823/791
f 890/855/823 859/827/795 858/825/793
f 891/856/824 860/826/794 859/827/795
f 891/856/824 892/857/825 861/828/796
f 892/857/825 893/858/826 862/830/798
f 893/858/826 894/860/828 863/829/797
f 895/859/827 864/831/799 863/829/797
f 896/861/829 865/832/800 864/831/799
f 897/862/830 866/834/802 865/832/800
f 898/863/831 867/833/801 866/834/802
f 898/863/831 899/864/832 868/835/803
f 899/864/832 900/1103/1045 869/836/804
f 904/865/833 873/837/805 872/838/806
f 905/867/835 874/839/807 873/837/805
f 905/867/835 906/869/837 875/840/808
f 907/868/836 876/841/809 875/840/808
f 907/868/836 908/870/838 877/843/811
f 908/870/838 909/872/840 878/842/810
f 910/871/839 879/844/812 878/842/810
f 911/873/841 880/845/813 879/844/812
f 911/873/841 912/874/842 881/846/814
f 912/874/842 913/875/843 882/848/816
f 913/875/843 914/876/844 883/847/815
f 914/876/844 915/878/846 884/850/818
f 916/877/845 885/849/817 884/850/818
f 917/879/847 886/852/820 885/849/817
f 917/879/847 918/880/848 887/851/819
f 918/880/848 919/882/850 888/854/822
f 920/881/849 889/853/821 888/854/822
f 920/881/849 921/883/851 890/855/823
f 921/883/851 922/884/852 891/856/824
f 922/884/852 923/885/853 892/857/825
f 923/885/853 924/887/855 893/858/826
f 925/886/854 894/860/828 893/858/826
f 926/888/856 895/859/827 894/860/828
f 927/889/857 896/861/829 895/859/827
f 927/889/857 928/890/858 897/862/830
f 928/890/858 929/892/860 898/863/831
f 930/891/859 899/864/832 898/863/831
f 931/893/861 900/1103/1045 899/864/832
f 935/894/862 904/865/833 903/866/834
f 936/896/864 905/867/835 904/865/833
f 936/896/864 937/898/866 906/869/837
f 938/897/865 907/868/836 906/869/837
f 939/899/867 908/870/838 907/868/836
f 940/900/868 909/872/840 908/870/838
f 941/901/869 910/871/839 909/872/840
f 942/902/870 911/873/841 910/871/839
f 943/903/871 912/874/842 911/873/841
f 944/904/872 913/875/843 912/874/842
f 944/904/872 945/906/874 914/876/844
f 946/905/873 915/878/846 914/876/844
f 946/905/873 947/908/876 916/877/845
f 948/907/875 917/879/847 916/877/845
f 948/907/875 949/910/878 918/880/848
f 950/909/877 919/882/850 918/880/848
f 951/911/879 920/881/849 919/882/850
f 952/912/880 921/883/851 920/881/849
f 952/912/880 953/914/882 922/884/852
f 954/913/881 923/885/853 922/884/852
f 955/915/883 924/887/855 923/885/853
f 956/916/884 925/886/854 924/887/855
f 957/917/885 926/888/856 925/886/854
f 958/918/886 927/889/857 926/888/856
f 958/918/886 959/919/887 928/890/858
f 959/919/887 960/921/889 929/892/860
f 961/920/888 930/891/859 929/892/860
f 961/920/888 962/950/918 931/893/861
f 965/922/890 966/924/892 935/894/862
f 967/923/891 936/896/864 935/894/862
f 967/923/891 968/925/893 937/898/866
f 968/925/893 969/926/894 938/897/865
f 969/926/894 970/927/895 939/899/867
f 970/927/895 971/928/896 940/900/868
f 971/928/896 972/930/898 941/901/869
f 973/929/897 942/902/870 941/901/869
f 973/929/897 974/932/900 943/903/871
f 975/931/899 944/904/872 943/903/871
f 975/931/899 976/934/902 945/906/874
f 977/933/901 946/905/873 945/906/874
f 978/935/903 947/908/876 946/905/873
f 979/936/904 948/907/875 947/908/876
f 980/937/905 949/910/878 948/907/875
f 980/937/905 981/938/906 950/909/877
f 981/938/906 982/940/908 951/911/879
f 983/939/907 952/912/880 951/911/879
f 984/941/909 953/914/882 952/912/880
f 984/941/909 985/943/911 954/913/881
f 986/942/910 955/915/883 954/913/881
f 987/944/912 956/916/884 955/915/883
f 987/944/912 988/945/913 957/917/885
f 988/945/913 989/947/915 958/918/886
f 990/946/914 959/919/887 958/918/886
f 990/946/914 991/949/917 960/921/889
f 992/948/916 961/920/888 960/921/889
f 992/948/916 993/1104/1046 962/950/918
f 996/951/919 997/952/920 966/924/892
f 997/952/920 998/953/921 967/923/891
f 998/953/921 999/954/922 968/925/893
f 999/954/922 1000/956/924 969/926/894
f 1001/955/923 970/927/895 969/926/894
f 1002/957/925 971/928/896 970/927/895
f 1003/958/926 972/930/898 971/928/896
f 1003/958/926 1004/959/927 973/929/897
f 1004/959/927 1005/960/928 974/932/900
f 1005/960/928 1006/962/930 975/931/899
f 1007/961/929 976/934/902 975/931/899
f 1008/963/931 977/933/901 976/934/902
f 1008/963/931 1009/964/932 978/935/903
f 1009/964/932 1010/965/933 979/936/904
f 1010/965/933 1011/967/935 980/937/905
f 1012/966/934 981/938/906 980/937/905
f 1013/968/936 982/940/908 981/938/906
f 1014/969/937 983/939/907 982/940/908
f 1014/969/937 1015/971/939 984/941/909
f 1016/970/938 985/943/911 984/941/909
f 1017/972/940 986/942/910 985/943/911
f 1018/973/941 987/944/912 986/942/910
f 1019/974/942 988/945/913 987/944/912
f 1020/975/943 989/947/915 988/945/913
f 1020/975/943 1021/976/944 990/946/914
f 1021/976/944 1022/978/946 991/949/917
f 1023/977/945 992/948/916 991/949/917
f 1024/979/947 993/1104/1046 992/948/916
f 1028/980/948 997/952/920 996/951/919
f 1029/982/950 998/953/921 997/952/920
f 1030/983/951 999/954/922 998/953/921
f 1031/984/952 1000/956/924 999/954/922
f 1032/985/953 1001/955/923 1000/956/924
f 1032/985/953 1033/987/955 1002/957/925
f 1034/986/954 1003/958/926 1002/957/925
f 1035/988/956 1004/959/927 1003/958/926
f 1036/989/957 1005/960/928 1004/959/927
f 1036/989/957 1037/991/959 1006/962/930
f 1038/990/958 1007/961/929 1006/962/930
f 1039/992/960 1008/963/931 1007/961/929
f 1040/993/961 1009/964/932 1008/963/931
f 1041/994/962 1010/965/933 1009/964/932
f 1041/994/962 1042/995/963 1011/967/935
f 1042/995/963 1043/997/965 1012/966/934
f 1044/996/964 1013/968/936 1012/966/934
f 1045/998/966 1014/969/937 1013/968/936
f 1046/999/967 1015/971/939 1014/969/937
f 1047/1000/968 1016/970/938 1015/971/939
f 1047/1000/968 1048/1002/970 1017/972/940
f 1049/1001/969 1018/973/941 1017/972/940
f 1050/1003/971 1019/974/942 1018/973/941
f 1051/1004/972 1020/975/943 1019/974/942
f 1052/1005/973 1021/976/944 1020/975/943
f 1052/1005/973 1053/1006/974 1022/978/946
f 1053/1006/974 1054/1008/976 1023/977/945
f 1055/1007/975 1024/979/947 1023/977/945
f 1058/1009/977 1059/1010/978 1028/980/948
f 1059/1010/978 1060/1011/979 1029/982/950
f 1060/1011/979 1061/1013/981 1030/983/951
f 1062/1012/980 1031/984/952 1030/983/951
f 1062/1012/980 1063/1015/983 1032/985/953
f 1064/1014/982 1033/987/955 1032/985/953
f 1064/1014/982 1065/1016/984 1034/986/954
f 1065/1016/984 1066/1018/986 1035/988/956
f 1067/1017/985 1036/989/957 1035/988/956
f 1067/1017/985 1068/1020/988 1037/991/959
f 1069/1019/987 1038/990/958 1037/991/959
f 1070/1021/989 1039/992/960 1038/990/958
f 1070/1021/989 1071/1023/991 1040/993/961
f 1072/1022/990 1041/994/962 1040/993/961
f 1072/1022/990 1073/1025/993 1042/995/963
f 1074/1024/992 1043/997/965 1042/995/963
f 1075/1026/994 1044/996/964 1043/997/965
f 1075/1026/994 1076/1027/995 1045/998/966
f 1076/1027/995 1077/1029/997 1046/999/967
f 1078/1028/996 1047/1000/968 1046/999/967
f 1079/1030/998 1048/1002/970 1047/1000/968
f 1080/1031/999 1049/1001/969 1048/1002/970
f 1080/1031/999 1081/1033/1001 1050/1003/971
f 1082/1032/1000 1051/1004/972 1050/1003/971
f 1083/1034/1002 1052/1005/973 1051/1004/972
f 1084/1035/1003 1053/1006/974 1052/1005/973
f 1085/1036/1004 1054/1008/976 1053/1006/974
f 1086/1037/1005 1055/1007/975 1054/1008/976
f 1090/1038/1006 1059/1010/978 1058/1009/977
f 1091/1040/1008 1060/1011/979 1059/1010/978
f 1092/1041/1009 1061/1013/981 1060/1011/979
f 1092/1041/1009 1093/1043/1011 1062/1012/980
f 1094/1042/1010 1063/1015/983 1062/1012/980
f 1095/1044/1012 1064/1014/982 1063/1015/983
f 1095/1044/1012 1096/1046/1014 1065/1016/984
f 1097/1045/1013 1066/1018/986 1065/1016/984
f 1097/1045/1013 1098/1047/1015 1067/1017/985
f 1098/1047/1015 1099/1049/1017 1068/1020/988
f 1100/1048/1016 1069/1019/987 1068/1020/988
f 1101/1050/1018 1070/1021/989 1069/1019/987
f 1102/1051/1019 1071/1023/991 1070/1021/989
f 1102/1051/1019 1103/1052/1020 1072/1022/990
f 1103/1052/1020 1104/1054/1022 1073/1025/993
f 1105/1053/1021 1074/1024/992 1073/1025/993
f 1106/1055/1023 1075/1026/994 1074/1024/992
f 1106/1055/1023 1107/1057/1025 1076/1027/995
f 1108/1056/1024 1077/1029/997 1076/1027/995
f 1108/1056/1024 1109/1059/1027 1078/1028/996
f 1110/1058/1026 1079/1030/998 1078/1028/996
f 1111/1060/1028 1080/1031/999 1079/1030/998
f 1111/1060/1028 1112/1062/1030 1081/1033/1001
f 1113/1061/1029 1082/1032/1000 1081/1033/1001
f 1114/1063/1031 1083/1034/1002 1082/1032/1000
f 1115/1064/1032 1084/1035/1003 1083/1034/1002
f 1115/1064/1032 1116/1066/1034 1085/1036/1004
f 1117/1065/1033 1086/1037/1005 1085/1036/1004
f 5/1067/6 1090/1038/1006 1089/1039/1007
f 6/1069/8 1091/1040/1008 1090/1038/1006
f 7/1070/10 1092/1041/1009 1091/1040/1008
f 8/1071/12 1093/1043/1011 1092/1041/1009
f 8/1071/12 9/1073/14 1094/1042/1010
f 10/1072/16 1095/1044/1012 1094/1042/1010
f 10/1072/16 11/1075/18 1096/1046/1014
f 12/1074/20 1097/1045/1013 1096/1046/1014
f 13/1076/22 1098/1047/1015 1097/1045/1013
f 14/1077/24 1099/1049/1017 1098/1047/1015
f 14/1077/24 15/1079/26 1100/1048/1016
f 16/1078/25 1101/1050/1018 1100/1048/1016
f 16/1078/25 17/1080/30 1102/1051/1019
f 17/1080/30 18/61/32 1103/1052/1020
f 19/1081/34 1104/1054/1022 1103/1052/1020
f 20/1082/33 1105/1053/1021 1104/1054/1022
f 21/1083/36 1106/1055/1023 1105/1053/1021
f 21/1083/36 22/1085/40 1107/1057/1025
f 23/1084/42 1108/1056/1024 1107/1057/1025
f 23/1084/42 24/1086/44 1109/1059/1027
f 24/1086/44 25/1088/46 1110/1058/1026
f 26/1087/48 1111/1060/1028 1110/1058/1026
f 27/1089/47 1112/1062/1030 1111/1060/1028
f 28/1090/52 1113/1061/1029 1112/1062/1030
f 28/1090/52 29/1092/54 1114/1063/1031
f 30/1091/56 1115/1064/1032 1114/1063/1031
f 31/1093/55 1116/1066/1034 1115/1064/1032
f 31/1093/55 32/1105/1035 1117/1065/1033
o base_connector_to_stem
v -0.006011 0.270230 -0.000000
v -0.016231 0.506911 -0.000004
v 0.294505 0.270230 -0.000000
v 0.294505 0.270230 -0.000000
v 0.290922 0.296528 -0.000000
v 0.240426 0.322826 -0.000002
v 0.200639 0.349124 -0.000004
v 0.171561 0.375422 -0.000005
v 0.153192 0.401720 -0.000006
v 0.145531 0.428017 -0.000006
v 0.148580 0.454315 -0.000006
v 0.162337 0.480613 -0.000005
v 0.186802 0.506911 -0.000004
v 0.186802 0.506911 -0.000004
v 0.289940 0.270230 -0.052184
v 0.289940 0.270230 -0.052184
v 0.286405 0.296528 -0.051621
v 0.236604 0.322826 -0.043687
v 0.197364 0.349124 -0.037435
v 0.168686 0.375422 -0.032866
v 0.150569 0.401720 -0.029979
v 0.143014 0.428017 -0.028776
v 0.146021 0.454315 -0.029255
v 0.159588 0.480613 -0.031416
v 0.183718 0.506911 -0.035261
v 0.183718 0.506911 -0.035261
v 0.276382 0.270230 -0.102783
v 0.276382 0.270230 -0.102783
v 0.272994 0.296528 -0.101673
v 0.225254 0.322826 -0.086044
v 0.187639 0.349124 -0.073729
v 0.160149 0.375422 -0.064728
v 0.142782 0.401720 -0.059043
v 0.135540 0.428017 -0.056672
v 0.138421 0.454315 -0.057615
v 0.151428 0.480613 -0.061873
v 0.174558 0.506911 -0.069446
v 0.174558 0.506911 -0.069446
v 0.254244 0.270230 -0.150258
v 0.254244 0.270230 -0.150258
v 0.251094 0.296528 -0.148637
v 0.206722 0.322826 -0.125787
v 0.171760 0.349124 -0.107783
v 0.146208 0.375422 -0.094624
v 0.130066 0.401720 -0.086312
v 0.123334 0.428017 -0.082845
v 0.126013 0.454315 -0.084225
v 0.138102 0.480613 -0.090450
v 0.159601 0.506911 -0.101521
v 0.159601 0.506911 -0.101521
v 0.224198 0.270230 -0.193168
v 0.224198 0.270230 -0.193168
v 0.221373 0.296528 -0.191083
v 0.181570 0.322826 -0.161708
v 0.150208 0.349124 -0.138561
v 0.127288 0.375422 -0.121645
v 0.112808 0.401720 -0.110959
v 0.106770 0.428017 -0.106502
v 0.109172 0.454315 -0.108276
v 0.120016 0.480613 -0.116279
v 0.139301 0.506911 -0.130512
v 0.139301 0.506911 -0.130512
v 0.187157 0.270230 -0.230209
v 0.187157 0.270230 -0.230209
v 0.184732 0.296528 -0.227724
v 0.150562 0.322826 -0.192715
v 0.123639 0.349124 -0.165130
v 0.103963 0.375422 -0.144970
v 0.091532 0.401720 -0.132235
v 0.086349 0.428017 -0.126923
v 0.088411 0.454315 -0.129037
v 0.097721 0.480613 -0.138575
v 0.114276 0.506911 -0.155537
v 0.114276 0.506911 -0.155537
v 0.144247 0.270230 -0.260255
v 0.144247 0.270230 -0.260255
v 0.142285 0.296528 -0.257446
v 0.114641 0.322826 -0.217867
v 0.092860 0.349124 -0.186682
v 0.076942 0.375422 -0.163891
v 0.066885 0.401719 -0.149493
v 0.062692 0.428017 -0.143488
v 0.064360 0.454315 -0.145877
v 0.071892 0.480613 -0.156660
v 0.085285 0.506911 -0.175837
v 0.085285 0.506911 -0.175837
v 0.096771 0.270230 -0.282393
v 0.096771 0.270230 -0.282393
v 0.095322 0.296528 -0.279345
v 0.074899 0.322826 -0.236400
v 0.058807 0.349124 -0.202562
v 0.047046 0.375422 -0.177831
v 0.039616 0.401719 -0.162208
v 0.036518 0.428017 -0.155693
v 0.037751 0.454315 -0.158286
v 0.043315 0.480613 -0.169986
v 0.053210 0.506911 -0.190794
v 0.053210 0.506911 -0.190794
v 0.046173 0.270230 -0.295951
v 0.046173 0.270230 -0.295951
v 0.045270 0.296528 -0.292757
v 0.032542 0.322826 -0.247749
v 0.022513 0.349124 -0.212287
v 0.015183 0.375422 -0.186369
v 0.010553 0.401719 -0.169996
v 0.008622 0.428017 -0.163168
v 0.009390 0.454315 -0.165885
v 0.012858 0.480613 -0.178147
v 0.019025 0.506911 -0.199954
v 0.019025 0.506911 -0.199954
v -0.006011 0.270230 -0.300516
v -0.006011 0.270230 -0.300516
v -0.006351 0.296528 -0.297273
v -0.011143 0.322826 -0.251571
v -0.014918 0.349124 -0.215561
v -0.017678 0.375422 -0.189244
v -0.019421 0.401719 -0.172618
v -0.020148 0.428017 -0.165685
v -0.019859 0.454315 -0.168444
v -0.018553 0.480613 -0.180895
v -0.016231 0.506911 -0.203038
v -0.016231 0.506911 -0.203038
v -0.058195 0.270230 -0.295951
v -0.058195 0.270230 -0.295951
v -0.057972 0.296528 -0.292757
v -0.054827 0.322826 -0.247749
v -0.052350 0.349124 -0.212287
v -0.050539 0.375422 -0.186369
v -0.049395 0.401719 -0.169996
v -0.048918 0.428017 -0.163168
v -0.049108 0.454315 -0.165885
v -0.049964 0.480613 -0.178147
v -0.051488 0.506911 -0.199954
v -0.051488 0.506911 -0.199954
v -0.108794 0.270230 -0.282393
v -0.108794 0.270230 -0.282393
v -0.108025 0.296528 -0.279345
v -0.097185 0.322826 -0.236400
v -0.088643 0.349124 -0.202562
v -0.082401 0.375422 -0.177831
v -0.078458 0.401719 -0.162208
v -0.076813 0.428017 -0.155693
v -0.077468 0.454315 -0.158286
v -0.080421 0.480613 -0.169986
v -0.085673 0.506911 -0.190794
v -0.085673 0.506911 -0.190794
v -0.156269 0.270230 -0.260255
v -0.156269 0.270230 -0.260255
v -0.154988 0.296528 -0.257446
v -0.136927 0.322826 -0.217867
v -0.122697 0.349124 -0.186682
v -0.112297 0.375422 -0.163891
v -0.105727 0.401719 -0.149493
v -0.102987 0.428017 -0.143488
v -0.104078 0.454315 -0.145877
v -0.108998 0.480613 -0.156660
v -0.117748 0.506911 -0.175837
v -0.117748 0.506911 -0.175837
v -0.199179 0.270230 -0.230209
v -0.199179 0.270230 -0.230209
v -0.197434 0.296528 -0.227724
v -0.172848 0.322826 -0.192715
v -0.153476 0.349124 -0.165130
v -0.139318 0.375422 -0.144970
v -0.130374 0.401720 -0.132235
v -0.126644 0.428017 -0.126923
v -0.128128 0.454315 -0.129037
v -0.134827 0.480613 -0.138575
v -0.146739 0.506911 -0.155537
v -0.146739 0.506911 -0.155537
v -0.236220 0.270230 -0.193168
v -0.236220 0.270230 -0.193168
v -0.234075 0.296528 -0.191083
v -0.203856 0.322826 -0.161708
v -0.180045 0.349124 -0.138561
v -0.162643 0.375422 -0.121645
v -0.151650 0.401720 -0.110959
v -0.147065 0.428017 -0.106502
v -0.148890 0.454315 -0.108276
v -0.157123 0.480613 -0.116279
v -0.171764 0.506911 -0.130512
v -0.171764 0.506911 -0.130512
v -0.266266 0.270230 -0.150258
v -0.266266 0.270230 -0.150258
v -0.263797 0.296528 -0.148637
v -0.229008 0.322826 -0.125787
v -0.201597 0.349124 -0.107783
v -0.181563 0.375422 -0.094624
v -0.168908 0.401720 -0.086312
v -0.163630 0.428017 -0.082845
v -0.165730 0.454315 -0.084225
v -0.175208 0.480613 -0.090450
v -0.192064 0.506911 -0.101521
v -0.192064 0.506911 -0.101521
v -0.288404 0.270230 -0.102783
v -0.288404 0.270230 -0.102783
v -0.285696 0.296528 -0.101673
v -0.247540 0.322826 -0.086044
v -0.217476 0.349124 -0.073729
v -0.195504 0.375422 -0.064728
v -0.181624 0.401720 -0.059043
v -0.175835 0.428017 -0.056672
v -0.178139 0.454315 -0.057615
v -0.188534 0.480613 -0.061873
v -0.207021 0.506911 -0.069446
v -0.207021 0.506911 -0.069446
v -0.301962 0.270230 -0.052184
v -0.301962 0.270230 -0.052184
v -0.299108 0.296528 -0.051621
v -0.258890 0.322826 -0.043687
v -0.227201 0.349124 -0.037435
v -0.204042 0.375422 -0.032866
v -0.189411 0.401720 -0.029979
v -0.183310 0.428017 -0.028776
v -0.185738 0.454315 -0.029255
v -0.196695 0.480613 -0.031416
v -0.216181 0.506911 -0.035261
v -0.216181 0.506911 -0.035261
v -0.306527 0.270230 -0.000000
v -0.306527 0.270230 -0.000000
v -0.303624 0.296528 -0.000000
v -0.262712 0.322826 -0.000002
v -0.230476 0.349124 -0.000004
v -0.206917 0.375422 -0.000005
v -0.192034 0.401720 -0.000006
v -0.185827 0.428017 -0.000006
v -0.188297 0.454315 -0.000006
v -0.199443 0.480613 -0.000005
v -0.219265 0.506911 -0.000004
v -0.219265 0.506911 -0.000004
v -0.301962 0.270230 0.052184
v -0.301962 0.270230 0.052184
v -0.299108 0.296528 0.051621
v -0.258890 0.322826 0.043682
v -0.227201 0.349124 0.037427
v -0.204042 0.375422 0.032856
v -0.189411 0.401720 0.029968
v -0.183310 0.428017 0.028764
v -0.185738 0.454315 0.029243
v -0.196695 0.480613 0.031406
v -0.216181 0.506911 0.035252
v -0.216181 0.506911 0.035252
v -0.288404 0.270230 0.102783
v -0.288404 0.270230 0.102783
v -0.285696 0.296528 0.101673
v -0.247540 0.322826 0.086039
v -0.217476 0.349124 0.073721
v -0.195504 0.375422 0.064719
v -0.181624 0.401720 0.059031
v -0.175835 0.428017 0.056660
v -0.178139 0.454315 0.057603
v -0.188534 0.480613 0.061863
v -0.207021 0.506911 0.069437
v -0.207021 0.506911 0.069437
v -0.266266 0.270230 0.150258
v -0.266266 0.270230 0.150258
v -0.263797 0.296528 0.148636
v -0.229008 0.322826 0.125782
v -0.201597 0.349124 0.107775
v -0.181563 0.375422 0.094615
v -0.168908 0.401720 0.086301
v -0.163630 0.428017 0.082834
v -0.165730 0.454315 0.084213
v -0.175208 0.480613 0.090440
v -0.192064 0.506911 0.101513
v -0.192064 0.506911 0.101513
v -0.236220 0.270230 0.193168
v -0.236220 0.270230 0.193168
v -0.234075 0.296528 0.191083
v -0.203856 0.322826 0.161703
v -0.180045 0.349124 0.138554
v -0.162643 0.375422 0.121636
v -0.151650 0.401720 0.110948
v -0.147065 0.428017 0.106491
v -0.148890 0.454315 0.108264
v -0.157123 0.480613 0.116268
v -0.171764 0.506911 0.130503
v -0.171764 0.506911 0.130503
v -0.199179 0.270230 0.230209
v -0.199179 0.270230 0.230209
v -0.197434 0.296528 0.227724
v -0.172848 0.322826 0.192711
v -0.153476 0.349124 0.165123
v -0.139318 0.375422 0.144960
v -0.130374 0.401720 0.132223
v -0.126644 0.428017 0.126912
v -0.128128 0.454315 0.129025
v -0.134827 0.480613 0.138564
v -0.146739 0.506911 0.155529
v -0.146739 0.506911 0.155529
v -0.156269 0.270230 0.260255
v -0.156269 0.270230 0.260255
v -0.154988 0.296528 0.257446
v -0.136927 0.322826 0.217863
v -0.122697 0.349124 0.186675
v -0.112297 0.375422 0.163881
v -0.105727 0.401720 0.149481
v -0.102987 0.428017 0.143476
v -0.104078 0.454315 0.145866
v -0.108998 0.480613 0.156650
v -0.117748 0.506911 0.175828
v -0.117748 0.506911 0.175828
v -0.108794 0.270230 0.282393
v -0.108794 0.270230 0.282393
v -0.108025 0.296528 0.279345
v -0.097185 0.322826 0.236395
v -0.088643 0.349124 0.202554
v -0.082401 0.375422 0.177821
v -0.078458 0.401720 0.162197
v -0.076813 0.428017 0.155682
v -0.077468 0.454315 0.158274
v -0.080421 0.480613 0.169975
v -0.085673 0.506911 0.190785
v -0.085673 0.506911 0.190785
v -0.058195 0.270230 0.295951
v -0.058195 0.270230 0.295951
v -0.057972 0.296528 0.292756
v -0.054827 0.322826 0.247745
v -0.052350 0.349124 0.212279
v -0.050539 0.375422 0.186359
v -0.049395 0.401720 0.169985
v -0.048918 0.428017 0.163156
v -0.049108 0.454315 0.165873
v -0.049964 0.480613 0.178136
v -0.051488 0.506911 0.199945
v -0.051488 0.506911 0.199945
v -0.006011 0.270230 0.300516
v -0.006011 0.270230 0.300516
v -0.006351 0.296528 0.297273
v -0.011143 0.322826 0.251567
v -0.014918 0.349124 0.215554
v -0.017678 0.375422 0.189234
v -0.019421 0.401720 0.172607
v -0.020148 0.428017 0.165673
v -0.019859 0.454315 0.168432
v -0.018553 0.480613 0.180884
v -0.016231 0.506911 0.203029
v -0.016231 0.506911 0.203029
v 0.046173 0.270230 0.295951
v 0.046173 0.270230 0.295951
v 0.045270 0.296528 0.292756
v 0.032542 0.322826 0.247745
v 0.022513 0.349124 0.212279
v 0.015183 0.375422 0.186359
v 0.010553 0.401720 0.169985
v 0.008622 0.428017 0.163156
v 0.009390 0.454315 0.165873
v 0.012858 0.480613 0.178136
v 0.019025 0.506911 0.199945
v 0.019025 0.506911 0.199945
v 0.096771 0.270230 0.282393
v 0.096771 0.270230 0.282393
v 0.095322 0.296528 0.279345
v 0.074899 0.322826 0.236395
v 0.058807 0.349124 0.202554
v 0.047046 0.375422 0.177821
v 0.039616 0.401720 0.162197
v 0.036518 0.428017 0.155682
v 0.037751 0.454315 0.158274
v 0.043315 0.480613 0.169975
v 0.053210 0.506911 0.190785
v 0.053210 0.506911 0.190785
v 0.144247 0.270230 0.260255
v 0.144247 0.270230 0.260255
v 0.142285 0.296528 0.257446
v 0.114641 0.322826 0.217863
v 0.092860 0.349124 0.186675
v 0.076942 0.375422 0.163881
v 0.066885 0.401720 0.149481
v 0.062692 0.428017 0.143476
v 0.064360 0.454315 0.145866
v 0.071892 0.480613 0.156650
v 0.085285 0.506911 0.175828
v 0.085285 0.506911 0.175828
v 0.187157 0.270230 0.230209
v 0.187157 0.270230 0.230209
v 0.184732 0.296528 0.227724
v 0.150562 0.322826 0.192711
v 0.123639 0.349124 0.165123
v 0.103963 0.375422 0.144960
v 0.091532 0.401720 0.132223
v 0.086349 0.428017 0.126912
v 0.088411 0.454315 0.129025
v 0.097721 0.480613 0.138564
v 0.114276 0.506911 0.155529
v 0.114276 0.506911 0.155529
v 0.224198 0.270230 0.193168
v 0.224198 0.270230 0.193168
v 0.221373 0.296528 0.191083
v 0.181570 0.322826 0.161703
v 0.150208 0.349124 0.138554
v 0.127288 0.375422 0.121636
v 0.112808 0.401720 0.110948
v 0.106770 0.428017 0.106491
v 0.109172 0.454315 0.108264
v 0.120016 0.480613 0.116268
v 0.139301 0.506911 0.130503
v 0.139301 0.506911 0.130503
v 0.254244 0.270230 0.150258
v 0.254244 0.270230 0.150258
v 0.251094 0.296528 0.148636
v 0.206722 0.322826 0.125782
v 0.171760 0.349124 0.107775
v 0.146208 0.375422 0.094615
v 0.130066 0.401720 0.086301
v 0.123334 0.428017 0.082834
v 0.126013 0.454315 0.084213
v 0.138102 0.480613 0.090440
v 0.159601 0.506911 0.101513
v 0.159601 0.506911 0.101513
v 0.276382 0.270230 0.102783
v 0.276382 0.270230 0.102783
v 0.272994 0.296528 0.101673
v 0.225254 0.322826 0.086039
v 0.187639 0.349124 0.073721
v 0.160149 0.375422 0.064719
v 0.142782 0.401720 0.059031
v 0.135540 0.428017 0.056660
v 0.138421 0.454315 0.057603
v 0.151428 0.480613 0.061863
v 0.174558 0.506911 0.069437
v 0.174558 0.506911 0.069437
v 0.289940 0.270230 0.052184
v 0.289940 0.270230 0.052184
v 0.286405 0.296528 0.051621
v 0.236604 0.322826 0.043682
v 0.197364 0.349124 0.037427
v 0.168686 0.375422 0.032856
v 0.150569 0.401720 0.029968
v 0.143014 0.428017 0.028764
v 0.146021 0.454315 0.029243
v 0.159588 0.480613 0.031406
v 0.183718 0.506911 0.035252
v 0.183718 0.506911 0.035252
vn -0.0000 -1.0000 -0.0000
vn 0.9758 0.1348 -0.1719
vn 0.8175 0.5760 -0.0000
vn 0.9908 0.1350 -0.0000
vn 0.8060 0.5716 -0.1535
vn 0.5073 0.8617 -0.0000
vn 0.4998 0.8619 -0.0862
vn 0.6128 0.7902 -0.0000
vn 0.6036 0.7905 -0.1040
vn 0.7500 0.6614 -0.0000
vn 0.7388 0.6618 -0.1274
vn 0.9019 0.4320 -0.0000
vn 0.8884 0.4325 -0.1541
vn 0.9965 0.0841 -0.0000
vn 0.9414 -0.2947 -0.1641
vn 0.9814 0.0849 -0.1724
vn 0.8041 -0.5780 -0.1389
vn 0.9548 -0.2971 0.0029
vn 0.7215 -0.6806 -0.1271
vn 0.8140 -0.5808 0.0042
vn -0.0000 1.0000 -0.0000
vn 0.9313 0.1343 -0.3387
vn 0.7679 0.5705 -0.2914
vn 0.4787 0.8609 -0.1723
vn 0.5779 0.7892 -0.2078
vn 0.7067 0.6603 -0.2542
vn 0.8487 0.4311 -0.3063
vn 0.8988 -0.2938 -0.3252
vn 0.9364 0.0847 -0.3404
vn 0.7688 -0.5764 -0.2768
vn 0.6898 -0.6790 -0.2512
vn 0.8585 0.1334 -0.4952
vn 0.7066 0.5688 -0.4209
vn 0.4438 0.8593 -0.2541
vn 0.5353 0.7871 -0.3064
vn 0.6537 0.6577 -0.3742
vn 0.7835 0.4288 -0.4496
vn 0.8291 -0.2921 -0.4767
vn 0.8631 0.0843 -0.4980
vn 0.7106 -0.5738 -0.4071
vn 0.6378 -0.6764 -0.3684
vn 0.7596 0.1321 -0.6368
vn 0.6240 0.5665 -0.5382
vn 0.3956 0.8572 -0.3297
vn 0.4768 0.7842 -0.3971
vn 0.5811 0.6542 -0.4841
vn 0.6947 0.4256 -0.5799
vn 0.7343 -0.2898 -0.6139
vn 0.7634 0.0836 -0.6405
vn 0.6310 -0.5703 -0.5259
vn 0.5666 -0.6729 -0.4756
vn 0.6374 0.1305 -0.7594
vn 0.5224 0.5637 -0.6398
vn 0.3353 0.8544 -0.3969
vn 0.4034 0.7807 -0.4773
vn 0.4906 0.6498 -0.5806
vn 0.5845 0.4217 -0.6932
vn 0.6170 -0.2868 -0.7328
vn 0.6406 0.0829 -0.7634
vn 0.5320 -0.5658 -0.6299
vn 0.4780 -0.6685 -0.5698
vn 0.4959 0.1287 -0.8588
vn 0.4046 0.5605 -0.7226
vn 0.2640 0.8511 -0.4538
vn 0.3170 0.7763 -0.5448
vn 0.3845 0.6446 -0.6608
vn 0.4563 0.4171 -0.7860
vn 0.4808 -0.2834 -0.8298
vn 0.4982 0.0819 -0.8632
vn 0.4163 -0.5606 -0.7159
vn 0.3740 -0.6632 -0.6483
vn 0.3394 0.1267 -0.9321
vn 0.2739 0.5568 -0.7842
vn 0.1832 0.8474 -0.4984
vn 0.2196 0.7715 -0.5971
vn 0.2656 0.6388 -0.7221
vn 0.3136 0.4119 -0.8555
vn 0.3297 -0.2796 -0.9017
vn 0.3406 0.0808 -0.9367
vn 0.2869 -0.5547 -0.7810
vn 0.2575 -0.6573 -0.7083
vn 0.1724 0.1246 -0.9771
vn 0.1342 0.5529 -0.8224
vn 0.0950 0.8432 -0.5291
vn 0.1137 0.7661 -0.6326
vn 0.1369 0.6324 -0.7624
vn 0.1606 0.4064 -0.8995
vn 0.1683 -0.2754 -0.9465
vn 0.1728 0.0796 -0.9817
vn 0.1476 -0.5483 -0.8231
vn 0.1316 -0.6509 -0.7477
vn -0.0000 0.1224 -0.9925
vn -0.0104 0.5488 -0.8359
vn 0.0016 0.8388 -0.5444
vn 0.0022 0.7605 -0.6494
vn 0.0024 0.6257 -0.7800
vn 0.0019 0.4006 -0.9163
vn 0.0014 -0.2711 -0.9625
vn -0.0003 0.0783 -0.9969
vn 0.0024 -0.5416 -0.8406
vn -0.0002 -0.6441 -0.7650
vn -0.1721 0.1202 -0.9777
vn -0.1557 0.5446 -0.8241
vn -0.0941 0.8342 -0.5433
vn -0.1118 0.7545 -0.6467
vn -0.1340 0.6189 -0.7739
vn -0.1577 0.3947 -0.9052
vn -0.1661 -0.2668 -0.9493
vn -0.1736 0.0768 -0.9818
vn -0.1445 -0.5348 -0.8325
vn -0.1341 -0.6371 -0.7590
vn -0.3395 0.1181 -0.9332
vn -0.2971 0.5405 -0.7871
vn -0.1894 0.8296 -0.5252
vn -0.2248 0.7487 -0.6236
vn -0.2683 0.6121 -0.7439
vn -0.3134 0.3889 -0.8663
vn -0.3288 -0.2626 -0.9071
vn -0.3414 0.0755 -0.9369
vn -0.2883 -0.5281 -0.7987
vn -0.2658 -0.6303 -0.7295
vn -0.4961 0.1161 -0.8605
vn -0.4304 0.5366 -0.7258
vn -0.2810 0.8251 -0.4901
vn -0.3328 0.7430 -0.5806
vn -0.3959 0.6056 -0.6903
vn -0.4602 0.3835 -0.8007
vn -0.4819 -0.2586 -0.8372
vn -0.4989 0.0742 -0.8635
vn -0.4247 -0.5218 -0.7399
vn -0.3910 -0.6237 -0.6769
vn -0.6386 0.1143 -0.7610
vn -0.5512 0.5330 -0.6420
vn -0.3658 0.8209 -0.4385
vn -0.4323 0.7377 -0.5185
vn -0.5126 0.5996 -0.6145
vn -0.5936 0.3784 -0.7102
vn -0.6206 -0.2549 -0.7415
vn -0.6412 0.0731 -0.7639
vn -0.5490 -0.5158 -0.6577
vn -0.5056 -0.6176 -0.6024
vn -0.7612 0.1127 -0.6387
vn -0.6557 0.5299 -0.5379
vn -0.4405 0.8172 -0.3718
vn -0.5197 0.7331 -0.4388
vn -0.6146 0.5944 -0.5187
vn -0.7093 0.3741 -0.5975
vn -0.7406 -0.2517 -0.6230
vn -0.7641 0.0720 -0.6411
vn -0.6572 -0.5107 -0.5543
vn -0.6058 -0.6123 -0.5081
vn -0.8605 0.1114 -0.4972
vn -0.7404 0.5274 -0.4168
vn -0.5021 0.8141 -0.2918
vn -0.5916 0.7292 -0.3438
vn -0.6981 0.5900 -0.4057
vn -0.8035 0.3705 -0.4659
vn -0.8381 -0.2490 -0.4853
vn -0.8638 0.0711 -0.4987
vn -0.7456 -0.5064 -0.4331
vn -0.6877 -0.6079 -0.3970
vn -0.9339 0.1105 -0.3401
vn -0.8025 0.5256 -0.2824
vn -0.5482 0.8117 -0.2014
vn -0.6452 0.7263 -0.2371
vn -0.7601 0.5868 -0.2791
vn -0.8732 0.3678 -0.3198
vn -0.9101 -0.2470 -0.3326
vn -0.9372 0.0705 -0.3415
vn -0.8112 -0.5034 -0.2976
vn -0.7484 -0.6046 -0.2726
vn -0.9788 0.1099 -0.1727
vn -0.8400 0.5245 -0.1389
vn -0.5768 0.8103 -0.1035
vn -0.6784 0.7245 -0.1218
vn -0.7984 0.5848 -0.1432
vn -0.9161 0.3662 -0.1634
vn -0.9544 -0.2458 -0.1697
vn -0.9824 0.0698 -0.1731
vn -0.8517 -0.5013 -0.1525
vn -0.7859 -0.6026 -0.1386
vn -0.9940 0.1097 -0.0000
vn -0.8514 0.5244 0.0091
vn -0.5867 0.8098 -0.0018
vn -0.6899 0.7239 -0.0022
vn -0.8117 0.5841 -0.0024
vn -0.9308 0.3655 -0.0019
vn -0.9694 -0.2453 -0.0014
vn -0.9976 0.0696 -0.0006
vn -0.8657 -0.5006 -0.0023
vn -0.7986 -0.6019 -0.0000
vn -0.8381 0.5267 0.1422
vn -0.9788 0.1099 0.1727
vn -0.5769 0.8103 0.1035
vn -0.6784 0.7245 0.1218
vn -0.7984 0.5849 0.1432
vn -0.9161 0.3661 0.1635
vn -0.9824 0.0695 0.1734
vn -0.9544 -0.2458 0.1696
vn -0.8517 -0.5014 0.1525
vn -0.8000 0.5279 0.2852
vn -0.9340 0.1105 0.3398
vn -0.5482 0.8118 0.2013
vn -0.6452 0.7263 0.2371
vn -0.7601 0.5869 0.2791
vn -0.8732 0.3679 0.3198
vn -0.9373 0.0699 0.3414
vn -0.9101 -0.2471 0.3327
vn -0.8112 -0.5034 0.2977
vn -0.7859 -0.6026 0.1387
vn -0.7373 0.5298 0.4192
vn -0.8605 0.1115 0.4972
vn -0.5021 0.8141 0.2919
vn -0.5915 0.7293 0.3439
vn -0.6980 0.5901 0.4057
vn -0.8035 0.3705 0.4660
vn -0.8638 0.0706 0.4989
vn -0.8381 -0.2491 0.4853
vn -0.7456 -0.5066 0.4330
vn -0.7485 -0.6046 0.2725
vn -0.6520 0.5325 0.5397
vn -0.7612 0.1127 0.6387
vn -0.4405 0.8172 0.3718
vn -0.5196 0.7331 0.4388
vn -0.6145 0.5945 0.5186
vn -0.7092 0.3741 0.5975
vn -0.7640 0.0714 0.6413
vn -0.7405 -0.2517 0.6231
vn -0.6571 -0.5108 0.5543
vn -0.6877 -0.6079 0.3970
vn -0.5471 0.5358 0.6431
vn -0.6382 0.1143 0.7614
vn -0.3658 0.8209 0.4385
vn -0.4323 0.7378 0.5185
vn -0.5126 0.5997 0.6145
vn -0.5935 0.3785 0.7102
vn -0.6411 0.0724 0.7641
vn -0.6206 -0.2549 0.7416
vn -0.5489 -0.5159 0.6577
vn -0.6058 -0.6123 0.5081
vn -0.4260 0.5395 0.7263
vn -0.4966 0.1161 0.8602
vn -0.2810 0.8251 0.4901
vn -0.3328 0.7431 0.5806
vn -0.3958 0.6057 0.6903
vn -0.4601 0.3835 0.8008
vn -0.4984 0.0736 0.8638
vn -0.4819 -0.2586 0.8372
vn -0.4245 -0.5218 0.7399
vn -0.5056 -0.6176 0.6024
vn -0.2926 0.5435 0.7867
vn -0.3395 0.1181 0.9332
vn -0.1894 0.8296 0.5252
vn -0.2247 0.7487 0.6236
vn -0.2682 0.6122 0.7438
vn -0.3133 0.3891 0.8663
vn -0.3410 0.0748 0.9371
vn -0.3289 -0.2627 0.9071
vn -0.2882 -0.5283 0.7987
vn -0.3910 -0.6237 0.6768
vn -0.1512 0.5478 0.8229
vn -0.1717 0.1202 0.9778
vn -0.0941 0.8343 0.5433
vn -0.1118 0.7546 0.6466
vn -0.1339 0.6190 0.7739
vn -0.1576 0.3948 0.9051
vn -0.1729 0.0762 0.9820
vn -0.1662 -0.2669 0.9493
vn -0.1443 -0.5350 0.8324
vn -0.2658 -0.6303 0.7294
vn -0.0061 0.5520 0.8338
vn 0.0001 0.1224 0.9925
vn 0.0017 0.8389 0.5444
vn 0.0022 0.7605 0.6493
vn 0.0024 0.6259 0.7799
vn 0.0020 0.4007 0.9162
vn 0.0003 0.0775 0.9970
vn 0.0013 -0.2713 0.9625
vn 0.0025 -0.5418 0.8405
vn -0.1341 -0.6372 0.7590
vn 0.1383 0.5562 0.8195
vn 0.1725 0.1246 0.9771
vn 0.0950 0.8433 0.5290
vn 0.1138 0.7662 0.6325
vn 0.1370 0.6326 0.7623
vn 0.1608 0.4065 0.8994
vn 0.1732 0.0788 0.9817
vn 0.1683 -0.2756 0.9464
vn 0.1477 -0.5485 0.8230
vn -0.0002 -0.6441 0.7649
vn 0.2775 0.5601 0.7805
vn 0.3396 0.1267 0.9320
vn 0.1832 0.8474 0.4983
vn 0.2196 0.7715 0.5971
vn 0.2656 0.6389 0.7220
vn 0.3137 0.4121 0.8554
vn 0.3411 0.0800 0.9366
vn 0.3298 -0.2797 0.9017
vn 0.2870 -0.5548 0.7809
vn 0.1316 -0.6509 0.7477
vn 0.4075 0.5638 0.7184
vn 0.4958 0.1287 0.8588
vn 0.2639 0.8512 0.4537
vn 0.3170 0.7764 0.5447
vn 0.3845 0.6448 0.6606
vn 0.4564 0.4172 0.7859
vn 0.4986 0.0811 0.8631
vn 0.4809 -0.2835 0.8297
vn 0.4163 -0.5607 0.7157
vn 0.2575 -0.6573 0.7082
vn 0.5246 0.5670 0.6350
vn 0.6373 0.1305 0.7595
vn 0.3353 0.8544 0.3969
vn 0.4035 0.7807 0.4772
vn 0.4907 0.6499 0.5804
vn 0.5846 0.4218 0.6930
vn 0.6407 0.0821 0.7634
vn 0.6169 -0.2870 0.7328
vn 0.5321 -0.5660 0.6297
vn 0.3740 -0.6632 0.6482
vn 0.6254 0.5698 0.5331
vn 0.7593 0.1321 0.6372
vn 0.3957 0.8572 0.3297
vn 0.4768 0.7843 0.3969
vn 0.5811 0.6543 0.4839
vn 0.6947 0.4258 0.5797
vn 0.7635 0.0829 0.6405
vn 0.7342 -0.2899 0.6139
vn 0.6310 -0.5704 0.5258
vn 0.4779 -0.6685 0.5698
vn 0.7072 0.5719 0.4157
vn 0.8585 0.1334 0.4952
vn 0.4438 0.8594 0.2541
vn 0.5353 0.7872 0.3063
vn 0.6537 0.6578 0.3741
vn 0.7836 0.4289 0.4495
vn 0.8632 0.0836 0.4979
vn 0.8291 -0.2922 0.4766
vn 0.7106 -0.5740 0.4069
vn 0.5666 -0.6729 0.4756
vn 0.7675 0.5736 0.2862
vn 0.9313 0.1343 0.3387
vn 0.4787 0.8609 0.1723
vn 0.5779 0.7893 0.2077
vn 0.7067 0.6604 0.2540
vn 0.8487 0.4312 0.3061
vn 0.9365 0.0841 0.3405
vn 0.8988 -0.2939 0.3252
vn 0.7688 -0.5766 0.2766
vn 0.6378 -0.6765 0.3682
vn 0.8049 0.5746 0.1484
vn 0.9758 0.1348 0.1719
vn 0.4997 0.8619 0.0862
vn 0.6036 0.7905 0.1039
vn 0.7387 0.6619 0.1272
vn 0.8883 0.4326 0.1539
vn 0.9814 0.0843 0.1727
vn 0.9414 -0.2949 0.1640
vn 0.8041 -0.5781 0.1387
vn 0.6898 -0.6791 0.2509
vn 0.7216 -0.6806 0.1268
vn 0.7322 -0.6811 -0.0000
vt 0.007596 0.586824
vt 0.000000 0.500000
vt 0.500000 0.500000
vt 0.027778 0.000000
vt 0.000000 0.111111
vt 0.000000 0.000000
vt 0.027778 0.111111
vt 0.000000 0.222222
vt 0.027778 0.222222
vt 0.000000 0.333333
vt 0.027778 0.333333
vt 0.000000 0.444444
vt 0.027778 0.444444
vt 0.000000 0.555556
vt 0.027778 0.555556
vt 0.000000 0.666667
vt 0.027778 0.777778
vt 0.027778 0.666667
vt 0.027778 0.888889
vt 0.000000 0.777778
vt 0.027778 1.000000
vt 0.000000 0.888889
vt 0.992404 0.586824
vt 1.000000 0.500000
vt 0.030154 0.671010
vt 0.055556 0.000000
vt 0.055556 0.111111
vt 0.055556 0.222222
vt 0.055556 0.333333
vt 0.055556 0.444444
vt 0.055556 0.555556
vt 0.055556 0.777778
vt 0.055556 0.666667
vt 0.055556 0.888889
vt 0.055556 1.000000
vt 0.969846 0.671010
vt 0.066987 0.750000
vt 0.083333 0.000000
vt 0.083333 0.111111
vt 0.083333 0.222222
vt 0.083333 0.333333
vt 0.083333 0.444444
vt 0.083333 0.555556
vt 0.083333 0.777778
vt 0.083333 0.666667
vt 0.083333 0.888889
vt 0.083333 1.000000
vt 0.933013 0.750000
vt 0.116978 0.821394
vt 0.111111 0.000000
vt 0.111111 0.111111
vt 0.111111 0.222222
vt 0.111111 0.333333
vt 0.111111 0.444444
vt 0.111111 0.555556
vt 0.111111 0.777778
vt 0.111111 0.666667
vt 0.111111 0.888889
vt 0.111111 1.000000
vt 0.883022 0.821394
vt 0.178606 0.883022
vt 0.138889 0.000000
vt 0.138889 0.111111
vt 0.138889 0.222222
vt 0.138889 0.333333
vt 0.138889 0.444444
vt 0.138889 0.555556
vt 0.138889 0.777778
vt 0.138889 0.666667
vt 0.138889 0.888889
vt 0.138889 1.000000
vt 0.821394 0.883022
vt 0.250000 0.933013
vt 0.166667 0.000000
vt 0.166667 0.111111
vt 0.166667 0.222222
vt 0.166667 0.333333
vt 0.166667 0.444444
vt 0.166667 0.555556
vt 0.166667 0.777778
vt 0.166667 0.666667
vt 0.166667 0.888889
vt 0.166667 1.000000
vt 0.750000 0.933013
vt 0.328990 0.969846
vt 0.194444 0.000000
vt 0.194444 0.111111
vt 0.194444 0.222222
vt 0.194444 0.333333
vt 0.194444 0.444444
vt 0.194444 0.555556
vt 0.194444 0.777778
vt 0.194444 0.666667
vt 0.194444 0.888889
vt 0.194444 1.000000
vt 0.671010 0.969846
vt 0.413176 0.992404
vt 0.222222 0.000000
vt 0.222222 0.111111
vt 0.222222 0.222222
vt 0.222222 0.333333
vt 0.222222 0.444444
vt 0.222222 0.555556
vt 0.222222 0.777778
vt 0.222222 0.666667
vt 0.222222 0.888889
vt 0.222222 1.000000
vt 0.586824 0.992404
vt 0.500000 1.000000
vt 0.250000 0.000000
vt 0.250000 0.111111
vt 0.250000 0.222222
vt 0.250000 0.333333
vt 0.250000 0.444444
vt 0.250000 0.555556
vt 0.250000 0.777778
vt 0.250000 0.666667
vt 0.250000 0.888889
vt 0.250000 1.000000
vt 0.277778 0.000000
vt 0.277778 0.111111
vt 0.277778 0.222222
vt 0.277778 0.333333
vt 0.277778 0.444444
vt 0.277778 0.555556
vt 0.277778 0.777778
vt 0.277778 0.666667
vt 0.277778 0.888889
vt 0.277778 1.000000
vt 0.305556 0.000000
vt 0.305556 0.111111
vt 0.305556 0.222222
vt 0.305556 0.333333
vt 0.305556 0.444444
vt 0.305556 0.555556
vt 0.305556 0.777778
vt 0.305556 0.666667
vt 0.305556 0.888889
vt 0.305556 1.000000
vt 0.333333 0.000000
vt 0.333333 0.111111
vt 0.333333 0.222222
vt 0.333333 0.333333
vt 0.333333 0.444444
vt 0.333333 0.555556
vt 0.333333 0.777778
vt 0.333333 0.666667
vt 0.333333 0.888889
vt 0.333333 1.000000
vt 0.361111 0.000000
vt 0.361111 0.111111
vt 0.361111 0.222222
vt 0.361111 0.333333
vt 0.361111 0.444444
vt 0.361111 0.555556
vt 0.361111 0.777778
vt 0.361111 0.666667
vt 0.361111 0.888889
vt 0.361111 1.000000
vt 0.388889 0.000000
vt 0.388889 0.111111
vt 0.388889 0.222222
vt 0.388889 0.333333
vt 0.388889 0.444444
vt 0.388889 0.555556
vt 0.388889 0.777778
vt 0.388889 0.666667
vt 0.388889 0.888889
vt 0.388889 1.000000
vt 0.416667 0.000000
vt 0.416667 0.111111
vt 0.416667 0.222222
vt 0.416667 0.333333
vt 0.416667 0.444444
vt 0.416667 0.555556
vt 0.416667 0.777778
vt 0.416667 0.666667
vt 0.416667 0.888889
vt 0.416667 1.000000
vt 0.444444 0.000000
vt 0.444444 0.111111
vt 0.444444 0.222222
vt 0.444444 0.333333
vt 0.444444 0.444444
vt 0.444444 0.555556
vt 0.444444 0.777778
vt 0.444444 0.666667
vt 0.444444 0.888889
vt 0.444444 1.000000
vt 0.472222 0.000000
vt 0.472222 0.111111
vt 0.472222 0.222222
vt 0.472222 0.333333
vt 0.472222 0.444444
vt 0.472222 0.555556
vt 0.472222 0.777778
vt 0.472222 0.666667
vt 0.472222 0.888889
vt 0.472222 1.000000
vt 0.500000 0.000000
vt 0.500000 0.111111
vt 0.500000 0.222222
vt 0.500000 0.333333
vt 0.500000 0.444444
vt 0.500000 0.555556
vt 0.500000 0.777778
vt 0.500000 0.666667
vt 0.500000 0.888889
vt 0.992404 0.413176
vt 0.527778 0.111111
vt 0.527778 0.000000
vt 0.527778 0.222222
vt 0.527778 0.333333
vt 0.527778 0.444444
vt 0.527778 0.555556
vt 0.527778 0.666667
vt 0.527778 0.777778
vt 0.527778 0.888889
vt 0.007596 0.413176
vt 0.969846 0.328990
vt 0.555556 0.111111
vt 0.555556 0.000000
vt 0.555556 0.222222
vt 0.555556 0.333333
vt 0.555556 0.444444
vt 0.555556 0.555556
vt 0.555556 0.666667
vt 0.555556 0.777778
vt 0.555556 0.888889
vt 0.527778 1.000000
vt 0.030154 0.328990
vt 0.933013 0.250000
vt 0.583333 0.111111
vt 0.583333 0.000000
vt 0.583333 0.222222
vt 0.583333 0.333333
vt 0.583333 0.444444
vt 0.583333 0.555556
vt 0.583333 0.666667
vt 0.583333 0.777778
vt 0.583333 0.888889
vt 0.555556 1.000000
vt 0.066987 0.250000
vt 0.883022 0.178606
vt 0.611111 0.111111
vt 0.611111 0.000000
vt 0.611111 0.222222
vt 0.611111 0.333333
vt 0.611111 0.444444
vt 0.611111 0.555556
vt 0.611111 0.666667
vt 0.611111 0.777778
vt 0.611111 0.888889
vt 0.583333 1.000000
vt 0.116978 0.178606
vt 0.821394 0.116978
vt 0.638889 0.111111
vt 0.638889 0.000000
vt 0.638889 0.222222
vt 0.638889 0.333333
vt 0.638889 0.444444
vt 0.638889 0.555556
vt 0.638889 0.666667
vt 0.638889 0.777778
vt 0.638889 0.888889
vt 0.611111 1.000000
vt 0.178606 0.116978
vt 0.750000 0.066987
vt 0.666667 0.111111
vt 0.666667 0.000000
vt 0.666667 0.222222
vt 0.666667 0.333333
vt 0.666667 0.444444
vt 0.666667 0.555556
vt 0.666667 0.666667
vt 0.666667 0.777778
vt 0.666667 0.888889
vt 0.638889 1.000000
vt 0.250000 0.066987
vt 0.671010 0.030154
vt 0.694444 0.111111
vt 0.694444 0.000000
vt 0.694444 0.222222
vt 0.694444 0.333333
vt 0.694444 0.444444
vt 0.694444 0.555556
vt 0.694444 0.666667
vt 0.694444 0.777778
vt 0.694444 0.888889
vt 0.666667 1.000000
vt 0.328990 0.030154
vt 0.586824 0.007596
vt 0.722222 0.111111
vt 0.722222 0.000000
vt 0.722222 0.222222
vt 0.722222 0.333333
vt 0.722222 0.444444
vt 0.722222 0.555556
vt 0.722222 0.666667
vt 0.722222 0.777778
vt 0.722222 0.888889
vt 0.694444 1.000000
vt 0.413176 0.007596
vt 0.750000 0.111111
vt 0.750000 0.000000
vt 0.750000 0.222222
vt 0.750000 0.333333
vt 0.750000 0.444444
vt 0.750000 0.555556
vt 0.750000 0.666667
vt 0.750000 0.777778
vt 0.750000 0.888889
vt 0.722222 1.000000
vt 0.777778 0.111111
vt 0.777778 0.000000
vt 0.777778 0.222222
vt 0.777778 0.333333
vt 0.777778 0.444444
vt 0.777778 0.555556
vt 0.777778 0.666667
vt 0.777778 0.777778
vt 0.777778 0.888889
vt 0.750000 1.000000
vt 0.805556 0.111111
vt 0.805556 0.000000
vt 0.805556 0.222222
vt 0.805556 0.333333
vt 0.805556 0.444444
vt 0.805556 0.555556
vt 0.805556 0.666667
vt 0.805556 0.777778
vt 0.805556 0.888889
vt 0.777778 1.000000
vt 0.833333 0.111111
vt 0.833333 0.000000
vt 0.833333 0.222222
vt 0.833333 0.333333
vt 0.833333 0.444444
vt 0.833333 0.555556
vt 0.833333 0.666667
vt 0.833333 0.777778
vt 0.833333 0.888889
vt 0.805556 1.000000
vt 0.861111 0.111111
vt 0.861111 0.000000
vt 0.861111 0.222222
vt 0.861111 0.333333
vt 0.861111 0.444444
vt 0.861111 0.555556
vt 0.861111 0.666667
vt 0.861111 0.777778
vt 0.861111 0.888889
vt 0.833333 1.000000
vt 0.888889 0.111111
vt 0.888889 0.000000
vt 0.888889 0.222222
vt 0.888889 0.333333
vt 0.888889 0.444444
vt 0.888889 0.555556
vt 0.888889 0.666667
vt 0.888889 0.777778
vt 0.888889 0.888889
vt 0.861111 1.000000
vt 0.916667 0.111111
vt 0.916667 0.000000
vt 0.916667 0.222222
vt 0.916667 0.333333
vt 0.916667 0.444444
vt 0.916667 0.555556
vt 0.916667 0.666667
vt 0.916667 0.777778
vt 0.916667 0.888889
vt 0.888889 1.000000
vt 0.944444 0.111111
vt 0.944444 0.000000
vt 0.944444 0.222222
vt 0.944444 0.333333
vt 0.944444 0.444444
vt 0.944444 0.555556
vt 0.944444 0.666667
vt 0.944444 0.777778
vt 0.944444 0.888889
vt 0.916667 1.000000
vt 0.972222 0.111111
vt 0.972222 0.000000
vt 0.972222 0.222222
vt 0.972222 0.333333
vt 0.972222 0.444444
vt 0.972222 0.555556
vt 0.972222 0.666667
vt 0.972222 0.777778
vt 0.972222 0.888889
vt 0.944444 1.000000
vt 1.000000 0.111111
vt 1.000000 0.000000
vt 1.000000 0.222222
vt 1.000000 0.333333
vt 1.000000 0.444444
vt 1.000000 0.555556
vt 1.000000 0.666667
vt 1.000000 0.777778
vt 1.000000 0.888889
vt 0.972222 1.000000
vt 0.000000 1.000000
vt 1.000000 1.000000
s 1
usemtl Mat
f 1133/1106/1047 1121/1107/1047 1119/1108/1047
f 1134/1109/1048 1123/1110/1049 1122/1111/1050
f 1135/1112/1051 1124/1113/1052 1123/1110/1049
f 1136/1114/1053 1125/1115/1054 1124/1113/1052
f 1137/1116/1055 1126/1117/1056 1125/1115/1054
f 1138/1118/1057 1127/1119/1058 1126/1117/1056
f 1139/1120/1059 1128/1121/1060 1127/1119/1058
f 1141/1122/1061 1128/1121/1060 1140/1123/1062
f 1142/1124/1063 1129/1125/1064 1141/1122/1061
f 1143/1126/1065 1130/1127/1066 1142/1124/1063
f 1144/1128/1067 1120/1108/1067 1132/1129/1067
f 1145/1130/1047 1133/1106/1047 1119/1108/1047
f 1146/1131/1068 1135/1112/1051 1134/1109/1048
f 1147/1132/1069 1136/1114/1053 1135/1112/1051
f 1148/1133/1070 1137/1116/1055 1136/1114/1053
f 1149/1134/1071 1138/1118/1057 1137/1116/1055
f 1150/1135/1072 1139/1120/1059 1138/1118/1057
f 1151/1136/1073 1140/1123/1062 1139/1120/1059
f 1153/1137/1074 1140/1123/1062 1152/1138/1075
f 1154/1139/1076 1141/1122/1061 1153/1137/1074
f 1155/1140/1077 1142/1124/1063 1154/1139/1076
f 1156/1141/1067 1120/1108/1067 1144/1128/1067
f 1157/1142/1047 1145/1130/1047 1119/1108/1047
f 1158/1143/1078 1147/1132/1069 1146/1131/1068
f 1159/1144/1079 1148/1133/1070 1147/1132/1069
f 1160/1145/1080 1149/1134/1071 1148/1133/1070
f 1161/1146/1081 1150/1135/1072 1149/1134/1071
f 1162/1147/1082 1151/1136/1073 1150/1135/1072
f 1163/1148/1083 1152/1138/1075 1151/1136/1073
f 1165/1149/1084 1152/1138/1075 1164/1150/1085
f 1166/1151/1086 1153/1137/1074 1165/1149/1084
f 1167/1152/1087 1154/1139/1076 1166/1151/1086
f 1168/1153/1067 1120/1108/1067 1156/1141/1067
f 1169/1154/1047 1157/1142/1047 1119/1108/1047
f 1170/1155/1088 1159/1144/1079 1158/1143/1078
f 1171/1156/1089 1160/1145/1080 1159/1144/1079
f 1172/1157/1090 1161/1146/1081 1160/1145/1080
f 1173/1158/1091 1162/1147/1082 1161/1146/1081
f 1174/1159/1092 1163/1148/1083 1162/1147/1082
f 1175/1160/1093 1164/1150/1085 1163/1148/1083
f 1177/1161/1094 1164/1150/1085 1176/1162/1095
f 1178/1163/1096 1165/1149/1084 1177/1161/1094
f 1179/1164/1097 1166/1151/1086 1178/1163/1096
f 1180/1165/1067 1120/1108/1067 1168/1153/1067
f 1181/1166/1047 1169/1154/1047 1119/1108/1047
f 1182/1167/1098 1171/1156/1089 1170/1155/1088
f 1183/1168/1099 1172/1157/1090 1171/1156/1089
f 1184/1169/1100 1173/1158/1091 1172/1157/1090
f 1185/1170/1101 1174/1159/1092 1173/1158/1091
f 1186/1171/1102 1175/1160/1093 1174/1159/1092
f 1187/1172/1103 1176/1162/1095 1175/1160/1093
f 1189/1173/1104 1176/1162/1095 1188/1174/1105
f 1190/1175/1106 1177/1161/1094 1189/1173/1104
f 1191/1176/1107 1178/1163/1096 1190/1175/1106
f 1192/1177/1067 1120/1108/1067 1180/1165/1067
f 1193/1178/1047 1181/1166/1047 1119/1108/1047
f 1194/1179/1108 1183/1168/1099 1182/1167/1098
f 1195/1180/1109 1184/1169/1100 1183/1168/1099
f 1196/1181/1110 1185/1170/1101 1184/1169/1100
f 1197/1182/1111 1186/1171/1102 1185/1170/1101
f 1198/1183/1112 1187/1172/1103 1186/1171/1102
f 1199/1184/1113 1188/1174/1105 1187/1172/1103
f 1201/1185/1114 1188/1174/1105 1200/1186/1115
f 1202/1187/1116 1189/1173/1104 1201/1185/1114
f 1203/1188/1117 1190/1175/1106 1202/1187/1116
f 1204/1189/1067 1120/1108/1067 1192/1177/1067
f 1205/1190/1047 1193/1178/1047 1119/1108/1047
f 1206/1191/1118 1195/1180/1109 1194/1179/1108
f 1207/1192/1119 1196/1181/1110 1195/1180/1109
f 1208/1193/1120 1197/1182/1111 1196/1181/1110
f 1209/1194/1121 1198/1183/1112 1197/1182/1111
f 1210/1195/1122 1199/1184/1113 1198/1183/1112
f 1211/1196/1123 1200/1186/1115 1199/1184/1113
f 1213/1197/1124 1200/1186/1115 1212/1198/1125
f 1214/1199/1126 1201/1185/1114 1213/1197/1124
f 1215/1200/1127 1202/1187/1116 1214/1199/1126
f 1216/1201/1067 1120/1108/1067 1204/1189/1067
f 1217/1202/1047 1205/1190/1047 1119/1108/1047
f 1218/1203/1128 1207/1192/1119 1206/1191/1118
f 1219/1204/1129 1208/1193/1120 1207/1192/1119
f 1220/1205/1130 1209/1194/1121 1208/1193/1120
f 1221/1206/1131 1210/1195/1122 1209/1194/1121
f 1222/1207/1132 1211/1196/1123 1210/1195/1122
f 1223/1208/1133 1212/1198/1125 1211/1196/1123
f 1225/1209/1134 1212/1198/1125 1224/1210/1135
f 1226/1211/1136 1213/1197/1124 1225/1209/1134
f 1227/1212/1137 1214/1199/1126 1226/1211/1136
f 1228/1213/1067 1120/1108/1067 1216/1201/1067
f 1229/1214/1047 1217/1202/1047 1119/1108/1047
f 1230/1215/1138 1219/1204/1129 1218/1203/1128
f 1231/1216/1139 1220/1205/1130 1219/1204/1129
f 1232/1217/1140 1221/1206/1131 1220/1205/1130
f 1233/1218/1141 1222/1207/1132 1221/1206/1131
f 1234/1219/1142 1223/1208/1133 1222/1207/1132
f 1235/1220/1143 1224/1210/1135 1223/1208/1133
f 1237/1221/1144 1224/1210/1135 1236/1222/1145
f 1238/1223/1146 1225/1209/1134 1237/1221/1144
f 1239/1224/1147 1226/1211/1136 1238/1223/1146
f 1240/1214/1067 1120/1108/1067 1228/1213/1067
f 1241/1213/1047 1229/1214/1047 1119/1108/1047
f 1242/1225/1148 1231/1216/1139 1230/1215/1138
f 1243/1226/1149 1232/1217/1140 1231/1216/1139
f 1244/1227/1150 1233/1218/1141 1232/1217/1140
f 1245/1228/1151 1234/1219/1142 1233/1218/1141
f 1246/1229/1152 1235/1220/1143 1234/1219/1142
f 1247/1230/1153 1236/1222/1145 1235/1220/1143
f 1249/1231/1154 1236/1222/1145 1248/1232/1155
f 1250/1233/1156 1237/1221/1144 1249/1231/1154
f 1251/1234/1157 1238/1223/1146 1250/1233/1156
f 1252/1202/1067 1120/1108/1067 1240/1214/1067
f 1253/1201/1047 1241/1213/1047 1119/1108/1047
f 1254/1235/1158 1243/1226/1149 1242/1225/1148
f 1255/1236/1159 1244/1227/1150 1243/1226/1149
f 1256/1237/1160 1245/1228/1151 1244/1227/1150
f 1257/1238/1161 1246/1229/1152 1245/1228/1151
f 1258/1239/1162 1247/1230/1153 1246/1229/1152
f 1259/1240/1163 1248/1232/1155 1247/1230/1153
f 1261/1241/1164 1248/1232/1155 1260/1242/1165
f 1262/1243/1166 1249/1231/1154 1261/1241/1164
f 1263/1244/1167 1250/1233/1156 1262/1243/1166
f 1264/1190/1067 1120/1108/1067 1252/1202/1067
f 1265/1189/1047 1253/1201/1047 1119/1108/1047
f 1266/1245/1168 1255/1236/1159 1254/1235/1158
f 1267/1246/1169 1256/1237/1160 1255/1236/1159
f 1268/1247/1170 1257/1238/1161 1256/1237/1160
f 1269/1248/1171 1258/1239/1162 1257/1238/1161
f 1270/1249/1172 1259/1240/1163 1258/1239/1162
f 1271/1250/1173 1260/1242/1165 1259/1240/1163
f 1273/1251/1174 1260/1242/1165 1272/1252/1175
f 1274/1253/1176 1261/1241/1164 1273/1251/1174
f 1275/1254/1177 1262/1243/1166 1274/1253/1176
f 1276/1178/1067 1120/1108/1067 1264/1190/1067
f 1277/1177/1047 1265/1189/1047 1119/1108/1047
f 1278/1255/1178 1267/1246/1169 1266/1245/1168
f 1279/1256/1179 1268/1247/1170 1267/1246/1169
f 1280/1257/1180 1269/1248/1171 1268/1247/1170
f 1281/1258/1181 1270/1249/1172 1269/1248/1171
f 1282/1259/1182 1271/1250/1173 1270/1249/1172
f 1283/1260/1183 1272/1252/1175 1271/1250/1173
f 1285/1261/1184 1272/1252/1175 1284/1262/1185
f 1286/1263/1186 1273/1251/1174 1285/1261/1184
f 1287/1264/1187 1274/1253/1176 1286/1263/1186
f 1288/1166/1067 1120/1108/1067 1276/1178/1067
f 1289/1165/1047 1277/1177/1047 1119/1108/1047
f 1290/1265/1188 1279/1256/1179 1278/1255/1178
f 1291/1266/1189 1280/1257/1180 1279/1256/1179
f 1292/1267/1190 1281/1258/1181 1280/1257/1180
f 1293/1268/1191 1282/1259/1182 1281/1258/1181
f 1294/1269/1192 1283/1260/1183 1282/1259/1182
f 1295/1270/1193 1284/1262/1185 1283/1260/1183
f 1297/1271/1194 1284/1262/1185 1296/1272/1195
f 1298/1273/1196 1285/1261/1184 1297/1271/1194
f 1299/1274/1197 1286/1263/1186 1298/1273/1196
f 1300/1154/1067 1120/1108/1067 1288/1166/1067
f 1301/1153/1047 1289/1165/1047 1119/1108/1047
f 1302/1275/1198 1291/1266/1189 1290/1265/1188
f 1303/1276/1199 1292/1267/1190 1291/1266/1189
f 1304/1277/1200 1293/1268/1191 1292/1267/1190
f 1305/1278/1201 1294/1269/1192 1293/1268/1191
f 1306/1279/1202 1295/1270/1193 1294/1269/1192
f 1307/1280/1203 1296/1272/1195 1295/1270/1193
f 1309/1281/1204 1296/1272/1195 1308/1282/1205
f 1310/1283/1206 1297/1271/1194 1309/1281/1204
f 1311/1284/1207 1298/1273/1196 1310/1283/1206
f 1312/1142/1067 1120/1108/1067 1300/1154/1067
f 1313/1141/1047 1301/1153/1047 1119/1108/1047
f 1314/1285/1208 1303/1276/1199 1302/1275/1198
f 1315/1286/1209 1304/1277/1200 1303/1276/1199
f 1316/1287/1210 1305/1278/1201 1304/1277/1200
f 1317/1288/1211 1306/1279/1202 1305/1278/1201
f 1318/1289/1212 1307/1280/1203 1306/1279/1202
f 1319/1290/1213 1308/1282/1205 1307/1280/1203
f 1321/1291/1214 1308/1282/1205 1320/1292/1215
f 1322/1293/1216 1309/1281/1204 1321/1291/1214
f 1323/1294/1217 1310/1283/1206 1322/1293/1216
f 1324/1130/1067 1120/1108/1067 1312/1142/1067
f 1325/1128/1047 1313/1141/1047 1119/1108/1047
f 1326/1295/1218 1315/1286/1209 1314/1285/1208
f 1327/1296/1219 1316/1287/1210 1315/1286/1209
f 1328/1297/1220 1317/1288/1211 1316/1287/1210
f 1329/1298/1221 1318/1289/1212 1317/1288/1211
f 1330/1299/1222 1319/1290/1213 1318/1289/1212
f 1331/1300/1223 1320/1292/1215 1319/1290/1213
f 1333/1301/1224 1320/1292/1215 1332/1302/1225
f 1334/1303/1226 1321/1291/1214 1333/1301/1224
f 1335/1304/1227 1322/1293/1216 1334/1303/1226
f 1336/1106/1067 1120/1108/1067 1324/1130/1067
f 1337/1129/1047 1325/1128/1047 1119/1108/1047
f 1338/1305/1228 1327/1296/1219 1326/1295/1218
f 1339/1306/1229 1328/1297/1220 1327/1296/1219
f 1340/1307/1230 1329/1298/1221 1328/1297/1220
f 1341/1308/1231 1330/1299/1222 1329/1298/1221
f 1342/1309/1232 1331/1300/1223 1330/1299/1222
f 1343/1310/1233 1332/1302/1225 1331/1300/1223
f 1345/1311/1234 1332/1302/1225 1344/1312/1235
f 1346/1313/1236 1333/1301/1224 1345/1311/1234
f 1347/1214/1237 1334/1303/1226 1346/1313/1236
f 1348/1107/1067 1120/1108/1067 1336/1106/1067
f 1349/1314/1047 1337/1129/1047 1119/1108/1047
f 1351/1315/1238 1338/1305/1228 1350/1316/1239
f 1352/1317/1240 1339/1306/1229 1351/1315/1238
f 1353/1318/1241 1340/1307/1230 1352/1317/1240
f 1354/1319/1242 1341/1308/1231 1353/1318/1241
f 1355/1320/1243 1342/1309/1232 1354/1319/1242
f 1356/1321/1244 1343/1310/1233 1355/1320/1243
f 1356/1321/1244 1345/1311/1234 1344/1312/1235
f 1357/1322/1245 1346/1313/1236 1345/1311/1234
f 1358/1323/1246 1347/1214/1237 1346/1313/1236
f 1360/1324/1067 1120/1108/1067 1348/1107/1067
f 1361/1325/1047 1349/1314/1047 1119/1108/1047
f 1363/1326/1247 1350/1316/1239 1362/1327/1248
f 1364/1328/1249 1351/1315/1238 1363/1326/1247
f 1365/1329/1250 1352/1317/1240 1364/1328/1249
f 1366/1330/1251 1353/1318/1241 1365/1329/1250
f 1367/1331/1252 1354/1319/1242 1366/1330/1251
f 1368/1332/1253 1355/1320/1243 1367/1331/1252
f 1368/1332/1253 1357/1322/1245 1356/1321/1244
f 1369/1333/1254 1358/1323/1246 1357/1322/1245
f 1370/1334/1255 1359/1335/1256 1358/1323/1246
f 1372/1336/1067 1120/1108/1067 1360/1324/1067
f 1373/1337/1047 1361/1325/1047 1119/1108/1047
f 1375/1338/1257 1362/1327/1248 1374/1339/1258
f 1376/1340/1259 1363/1326/1247 1375/1338/1257
f 1377/1341/1260 1364/1328/1249 1376/1340/1259
f 1378/1342/1261 1365/1329/1250 1377/1341/1260
f 1379/1343/1262 1366/1330/1251 1378/1342/1261
f 1380/1344/1263 1367/1331/1252 1379/1343/1262
f 1380/1344/1263 1369/1333/1254 1368/1332/1253
f 1381/1345/1264 1370/1334/1255 1369/1333/1254
f 1382/1346/1265 1371/1347/1266 1370/1334/1255
f 1384/1348/1067 1120/1108/1067 1372/1336/1067
f 1385/1349/1047 1373/1337/1047 1119/1108/1047
f 1387/1350/1267 1374/1339/1258 1386/1351/1268
f 1388/1352/1269 1375/1338/1257 1387/1350/1267
f 1389/1353/1270 1376/1340/1259 1388/1352/1269
f 1390/1354/1271 1377/1341/1260 1389/1353/1270
f 1391/1355/1272 1378/1342/1261 1390/1354/1271
f 1392/1356/1273 1379/1343/1262 1391/1355/1272
f 1392/1356/1273 1381/1345/1264 1380/1344/1263
f 1393/1357/1274 1382/1346/1265 1381/1345/1264
f 1394/1358/1275 1383/1359/1276 1382/1346/1265
f 1396/1360/1067 1120/1108/1067 1384/1348/1067
f 1397/1361/1047 1385/1349/1047 1119/1108/1047
f 1399/1362/1277 1386/1351/1268 1398/1363/1278
f 1400/1364/1279 1387/1350/1267 1399/1362/1277
f 1401/1365/1280 1388/1352/1269 1400/1364/1279
f 1402/1366/1281 1389/1353/1270 1401/1365/1280
f 1403/1367/1282 1390/1354/1271 1402/1366/1281
f 1404/1368/1283 1391/1355/1272 1403/1367/1282
f 1404/1368/1283 1393/1357/1274 1392/1356/1273
f 1405/1369/1284 1394/1358/1275 1393/1357/1274
f 1406/1370/1285 1395/1371/1286 1394/1358/1275
f 1408/1372/1067 1120/1108/1067 1396/1360/1067
f 1409/1373/1047 1397/1361/1047 1119/1108/1047
f 1411/1374/1287 1398/1363/1278 1410/1375/1288
f 1412/1376/1289 1399/1362/1277 1411/1374/1287
f 1413/1377/1290 1400/1364/1279 1412/1376/1289
f 1414/1378/1291 1401/1365/1280 1413/1377/1290
f 1415/1379/1292 1402/1366/1281 1414/1378/1291
f 1416/1380/1293 1403/1367/1282 1415/1379/1292
f 1416/1380/1293 1405/1369/1284 1404/1368/1283
f 1417/1381/1294 1406/1370/1285 1405/1369/1284
f 1418/1382/1295 1407/1383/1296 1406/1370/1285
f 1420/1384/1067 1120/1108/1067 1408/1372/1067
f 1421/1385/1047 1409/1373/1047 1119/1108/1047
f 1423/1386/1297 1410/1375/1288 1422/1387/1298
f 1424/1388/1299 1411/1374/1287 1423/1386/1297
f 1425/1389/1300 1412/1376/1289 1424/1388/1299
f 1426/1390/1301 1413/1377/1290 1425/1389/1300
f 1427/1391/1302 1414/1378/1291 1426/1390/1301
f 1428/1392/1303 1415/1379/1292 1427/1391/1302
f 1428/1392/1303 1417/1381/1294 1416/1380/1293
f 1429/1393/1304 1418/1382/1295 1417/1381/1294
f 1430/1394/1305 1419/1395/1306 1418/1382/1295
f 1432/1396/1067 1120/1108/1067 1420/1384/1067
f 1433/1397/1047 1421/1385/1047 1119/1108/1047
f 1435/1398/1307 1422/1387/1298 1434/1399/1308
f 1436/1400/1309 1423/1386/1297 1435/1398/1307
f 1437/1401/1310 1424/1388/1299 1436/1400/1309
f 1438/1402/1311 1425/1389/1300 1437/1401/1310
f 1439/1403/1312 1426/1390/1301 1438/1402/1311
f 1440/1404/1313 1427/1391/1302 1439/1403/1312
f 1440/1404/1313 1429/1393/1304 1428/1392/1303
f 1441/1405/1314 1430/1394/1305 1429/1393/1304
f 1442/1406/1315 1431/1407/1316 1430/1394/1305
f 1444/1408/1067 1120/1108/1067 1432/1396/1067
f 1445/1305/1047 1433/1397/1047 1119/1108/1047
f 1447/1409/1317 1434/1399/1308 1446/1410/1318
f 1448/1411/1319 1435/1398/1307 1447/1409/1317
f 1449/1412/1320 1436/1400/1309 1448/1411/1319
f 1450/1413/1321 1437/1401/1310 1449/1412/1320
f 1451/1414/1322 1438/1402/1311 1450/1413/1321
f 1452/1415/1323 1439/1403/1312 1451/1414/1322
f 1452/1415/1323 1441/1405/1314 1440/1404/1313
f 1453/1416/1324 1442/1406/1315 1441/1405/1314
f 1454/1417/1325 1443/1418/1326 1442/1406/1315
f 1456/1305/1067 1120/1108/1067 1444/1408/1067
f 1457/1408/1047 1445/1305/1047 1119/1108/1047
f 1459/1419/1327 1446/1410/1318 1458/1420/1328
f 1460/1421/1329 1447/1409/1317 1459/1419/1327
f 1461/1422/1330 1448/1411/1319 1460/1421/1329
f 1462/1423/1331 1449/1412/1320 1461/1422/1330
f 1463/1424/1332 1450/1413/1321 1462/1423/1331
f 1464/1425/1333 1451/1414/1322 1463/1424/1332
f 1464/1425/1333 1453/1416/1324 1452/1415/1323
f 1465/1426/1334 1454/1417/1325 1453/1416/1324
f 1466/1427/1335 1455/1428/1336 1454/1417/1325
f 1468/1397/1067 1120/1108/1067 1456/1305/1067
f 1469/1396/1047 1457/1408/1047 1119/1108/1047
f 1471/1429/1337 1458/1420/1328 1470/1430/1338
f 1472/1431/1339 1459/1419/1327 1471/1429/1337
f 1473/1432/1340 1460/1421/1329 1472/1431/1339
f 1474/1433/1341 1461/1422/1330 1473/1432/1340
f 1475/1434/1342 1462/1423/1331 1474/1433/1341
f 1476/1435/1343 1463/1424/1332 1475/1434/1342
f 1476/1435/1343 1465/1426/1334 1464/1425/1333
f 1477/1436/1344 1466/1427/1335 1465/1426/1334
f 1478/1437/1345 1467/1438/1346 1466/1427/1335
f 1480/1385/1067 1120/1108/1067 1468/1397/1067
f 1481/1384/1047 1469/1396/1047 1119/1108/1047
f 1483/1439/1347 1470/1430/1338 1482/1440/1348
f 1484/1441/1349 1471/1429/1337 1483/1439/1347
f 1485/1442/1350 1472/1431/1339 1484/1441/1349
f 1486/1443/1351 1473/1432/1340 1485/1442/1350
f 1487/1444/1352 1474/1433/1341 1486/1443/1351
f 1488/1445/1353 1475/1434/1342 1487/1444/1352
f 1488/1445/1353 1477/1436/1344 1476/1435/1343
f 1489/1446/1354 1478/1437/1345 1477/1436/1344
f 1490/1447/1355 1479/1448/1356 1478/1437/1345
f 1492/1373/1067 1120/1108/1067 1480/1385/1067
f 1493/1372/1047 1481/1384/1047 1119/1108/1047
f 1495/1449/1357 1482/1440/1348 1494/1450/1358
f 1496/1451/1359 1483/1439/1347 1495/1449/1357
f 1497/1452/1360 1484/1441/1349 1496/1451/1359
f 1498/1453/1361 1485/1442/1350 1497/1452/1360
f 1499/1454/1362 1486/1443/1351 1498/1453/1361
f 1500/1455/1363 1487/1444/1352 1499/1454/1362
f 1500/1455/1363 1489/1446/1354 1488/1445/1353
f 1501/1456/1364 1490/1447/1355 1489/1446/1354
f 1502/1457/1365 1491/1458/1366 1490/1447/1355
f 1504/1361/1067 1120/1108/1067 1492/1373/1067
f 1505/1360/1047 1493/1372/1047 1119/1108/1047
f 1507/1459/1367 1494/1450/1358 1506/1460/1368
f 1508/1461/1369 1495/1449/1357 1507/1459/1367
f 1509/1462/1370 1496/1451/1359 1508/1461/1369
f 1510/1463/1371 1497/1452/1360 1509/1462/1370
f 1511/1464/1372 1498/1453/1361 1510/1463/1371
f 1512/1465/1373 1499/1454/1362 1511/1464/1372
f 1512/1465/1373 1501/1456/1364 1500/1455/1363
f 1513/1466/1374 1502/1457/1365 1501/1456/1364
f 1514/1467/1375 1503/1468/1376 1502/1457/1365
f 1516/1349/1067 1120/1108/1067 1504/1361/1067
f 1517/1348/1047 1505/1360/1047 1119/1108/1047
f 1519/1469/1377 1506/1460/1368 1518/1470/1378
f 1520/1471/1379 1507/1459/1367 1519/1469/1377
f 1521/1472/1380 1508/1461/1369 1520/1471/1379
f 1522/1473/1381 1509/1462/1370 1521/1472/1380
f 1523/1474/1382 1510/1463/1371 1522/1473/1381
f 1524/1475/1383 1511/1464/1372 1523/1474/1382
f 1524/1475/1383 1513/1466/1374 1512/1465/1373
f 1525/1476/1384 1514/1467/1375 1513/1466/1374
f 1526/1477/1385 1515/1478/1386 1514/1467/1375
f 1528/1337/1067 1120/1108/1067 1516/1349/1067
f 1529/1336/1047 1517/1348/1047 1119/1108/1047
f 1531/1479/1387 1518/1470/1378 1530/1480/1388
f 1532/1481/1389 1519/1469/1377 1531/1479/1387
f 1533/1482/1390 1520/1471/1379 1532/1481/1389
f 1534/1483/1391 1521/1472/1380 1533/1482/1390
f 1535/1484/1392 1522/1473/1381 1534/1483/1391
f 1536/1485/1393 1523/1474/1382 1535/1484/1392
f 1536/1485/1393 1525/1476/1384 1524/1475/1383
f 1537/1486/1394 1526/1477/1385 1525/1476/1384
f 1538/1487/1395 1527/1488/1396 1526/1477/1385
f 1540/1325/1067 1120/1108/1067 1528/1337/1067
f 1541/1324/1047 1529/1336/1047 1119/1108/1047
f 1543/1489/1397 1530/1480/1388 1542/1490/1398
f 1544/1491/1399 1531/1479/1387 1543/1489/1397
f 1545/1492/1400 1532/1481/1389 1544/1491/1399
f 1546/1493/1401 1533/1482/1390 1545/1492/1400
f 1547/1494/1402 1534/1483/1391 1546/1493/1401
f 1548/1495/1403 1535/1484/1392 1547/1494/1402
f 1548/1495/1403 1537/1486/1394 1536/1485/1393
f 1549/1496/1404 1538/1487/1395 1537/1486/1394
f 1550/1497/1405 1539/1498/1406 1538/1487/1395
f 1552/1314/1067 1120/1108/1067 1540/1325/1067
f 1121/1107/1047 1541/1324/1047 1119/1108/1047
f 1123/1499/1049 1542/1490/1398 1122/1500/1050
f 1124/1501/1052 1543/1489/1397 1123/1499/1049
f 1125/1502/1054 1544/1491/1399 1124/1501/1052
f 1126/1503/1056 1545/1492/1400 1125/1502/1054
f 1127/1504/1058 1546/1493/1401 1126/1503/1056
f 1128/1505/1060 1547/1494/1402 1127/1504/1058
f 1128/1505/1060 1549/1496/1404 1548/1495/1403
f 1129/1506/1064 1550/1497/1405 1549/1496/1404
f 1130/1507/1066 1551/1508/1407 1550/1497/1405
f 1132/1129/1067 1120/1108/1067 1552/1314/1067
f 1134/1109/1048 1135/1112/1051 1123/1110/1049
f 1135/1112/1051 1136/1114/1053 1124/1113/1052
f 1136/1114/1053 1137/1116/1055 1125/1115/1054
f 1137/1116/1055 1138/1118/1057 1126/1117/1056
f 1138/1118/1057 1139/1120/1059 1127/1119/1058
f 1139/1120/1059 1140/1123/1062 1128/1121/1060
f 1141/1122/1061 1129/1125/1064 1128/1121/1060
f 1142/1124/1063 1130/1127/1066 1129/1125/1064
f 1143/1126/1065 1131/1509/1408 1130/1127/1066
f 1146/1131/1068 1147/1132/1069 1135/1112/1051
f 1147/1132/1069 1148/1133/1070 1136/1114/1053
f 1148/1133/1070 1149/1134/1071 1137/1116/1055
f 1149/1134/1071 1150/1135/1072 1138/1118/1057
f 1150/1135/1072 1151/1136/1073 1139/1120/1059
f 1151/1136/1073 1152/1138/1075 1140/1123/1062
f 1153/1137/1074 1141/1122/1061 1140/1123/1062
f 1154/1139/1076 1142/1124/1063 1141/1122/1061
f 1155/1140/1077 1143/1126/1065 1142/1124/1063
f 1158/1143/1078 1159/1144/1079 1147/1132/1069
f 1159/1144/1079 1160/1145/1080 1148/1133/1070
f 1160/1145/1080 1161/1146/1081 1149/1134/1071
f 1161/1146/1081 1162/1147/1082 1150/1135/1072
f 1162/1147/1082 1163/1148/1083 1151/1136/1073
f 1163/1148/1083 1164/1150/1085 1152/1138/1075
f 1165/1149/1084 1153/1137/1074 1152/1138/1075
f 1166/1151/1086 1154/1139/1076 1153/1137/1074
f 1167/1152/1087 1155/1140/1077 1154/1139/1076
f 1170/1155/1088 1171/1156/1089 1159/1144/1079
f 1171/1156/1089 1172/1157/1090 1160/1145/1080
f 1172/1157/1090 1173/1158/1091 1161/1146/1081
f 1173/1158/1091 1174/1159/1092 1162/1147/1082
f 1174/1159/1092 1175/1160/1093 1163/1148/1083
f 1175/1160/1093 1176/1162/1095 1164/1150/1085
f 1177/1161/1094 1165/1149/1084 1164/1150/1085
f 1178/1163/1096 1166/1151/1086 1165/1149/1084
f 1179/1164/1097 1167/1152/1087 1166/1151/1086
f 1182/1167/1098 1183/1168/1099 1171/1156/1089
f 1183/1168/1099 1184/1169/1100 1172/1157/1090
f 1184/1169/1100 1185/1170/1101 1173/1158/1091
f 1185/1170/1101 1186/1171/1102 1174/1159/1092
f 1186/1171/1102 1187/1172/1103 1175/1160/1093
f 1187/1172/1103 1188/1174/1105 1176/1162/1095
f 1189/1173/1104 1177/1161/1094 1176/1162/1095
f 1190/1175/1106 1178/1163/1096 1177/1161/1094
f 1191/1176/1107 1179/1164/1097 1178/1163/1096
f 1194/1179/1108 1195/1180/1109 1183/1168/1099
f 1195/1180/1109 1196/1181/1110 1184/1169/1100
f 1196/1181/1110 1197/1182/1111 1185/1170/1101
f 1197/1182/1111 1198/1183/1112 1186/1171/1102
f 1198/1183/1112 1199/1184/1113 1187/1172/1103
f 1199/1184/1113 1200/1186/1115 1188/1174/1105
f 1201/1185/1114 1189/1173/1104 1188/1174/1105
f 1202/1187/1116 1190/1175/1106 1189/1173/1104
f 1203/1188/1117 1191/1176/1107 1190/1175/1106
f 1206/1191/1118 1207/1192/1119 1195/1180/1109
f 1207/1192/1119 1208/1193/1120 1196/1181/1110
f 1208/1193/1120 1209/1194/1121 1197/1182/1111
f 1209/1194/1121 1210/1195/1122 1198/1183/1112
f 1210/1195/1122 1211/1196/1123 1199/1184/1113
f 1211/1196/1123 1212/1198/1125 1200/1186/1115
f 1213/1197/1124 1201/1185/1114 1200/1186/1115
f 1214/1199/1126 1202/1187/1116 1201/1185/1114
f 1215/1200/1127 1203/1188/1117 1202/1187/1116
f 1218/1203/1128 1219/1204/1129 1207/1192/1119
f 1219/1204/1129 1220/1205/1130 1208/1193/1120
f 1220/1205/1130 1221/1206/1131 1209/1194/1121
f 1221/1206/1131 1222/1207/1132 1210/1195/1122
f 1222/1207/1132 1223/1208/1133 1211/1196/1123
f 1223/1208/1133 1224/1210/1135 1212/1198/1125
f 1225/1209/1134 1213/1197/1124 1212/1198/1125
f 1226/1211/1136 1214/1199/1126 1213/1197/1124
f 1227/1212/1137 1215/1200/1127 1214/1199/1126
f 1230/1215/1138 1231/1216/1139 1219/1204/1129
f 1231/1216/1139 1232/1217/1140 1220/1205/1130
f 1232/1217/1140 1233/1218/1141 1221/1206/1131
f 1233/1218/1141 1234/1219/1142 1222/1207/1132
f 1234/1219/1142 1235/1220/1143 1223/1208/1133
f 1235/1220/1143 1236/1222/1145 1224/1210/1135
f 1237/1221/1144 1225/1209/1134 1224/1210/1135
f 1238/1223/1146 1226/1211/1136 1225/1209/1134
f 1239/1224/1147 1227/1212/1137 1226/1211/1136
f 1242/1225/1148 1243/1226/1149 1231/1216/1139
f 1243/1226/1149 1244/1227/1150 1232/1217/1140
f 1244/1227/1150 1245/1228/1151 1233/1218/1141
f 1245/1228/1151 1246/1229/1152 1234/1219/1142
f 1246/1229/1152 1247/1230/1153 1235/1220/1143
f 1247/1230/1153 1248/1232/1155 1236/1222/1145
f 1249/1231/1154 1237/1221/1144 1236/1222/1145
f 1250/1233/1156 1238/1223/1146 1237/1221/1144
f 1251/1234/1157 1239/1224/1147 1238/1223/1146
f 1254/1235/1158 1255/1236/1159 1243/1226/1149
f 1255/1236/1159 1256/1237/1160 1244/1227/1150
f 1256/1237/1160 1257/1238/1161 1245/1228/1151
f 1257/1238/1161 1258/1239/1162 1246/1229/1152
f 1258/1239/1162 1259/1240/1163 1247/1230/1153
f 1259/1240/1163 1260/1242/1165 1248/1232/1155
f 1261/1241/1164 1249/1231/1154 1248/1232/1155
f 1262/1243/1166 1250/1233/1156 1249/1231/1154
f 1263/1244/1167 1251/1234/1157 1250/1233/1156
f 1266/1245/1168 1267/1246/1169 1255/1236/1159
f 1267/1246/1169 1268/1247/1170 1256/1237/1160
f 1268/1247/1170 1269/1248/1171 1257/1238/1161
f 1269/1248/1171 1270/1249/1172 1258/1239/1162
f 1270/1249/1172 1271/1250/1173 1259/1240/1163
f 1271/1250/1173 1272/1252/1175 1260/1242/1165
f 1273/1251/1174 1261/1241/1164 1260/1242/1165
f 1274/1253/1176 1262/1243/1166 1261/1241/1164
f 1275/1254/1177 1263/1244/1167 1262/1243/1166
f 1278/1255/1178 1279/1256/1179 1267/1246/1169
f 1279/1256/1179 1280/1257/1180 1268/1247/1170
f 1280/1257/1180 1281/1258/1181 1269/1248/1171
f 1281/1258/1181 1282/1259/1182 1270/1249/1172
f 1282/1259/1182 1283/1260/1183 1271/1250/1173
f 1283/1260/1183 1284/1262/1185 1272/1252/1175
f 1285/1261/1184 1273/1251/1174 1272/1252/1175
f 1286/1263/1186 1274/1253/1176 1273/1251/1174
f 1287/1264/1187 1275/1254/1177 1274/1253/1176
f 1290/1265/1188 1291/1266/1189 1279/1256/1179
f 1291/1266/1189 1292/1267/1190 1280/1257/1180
f 1292/1267/1190 1293/1268/1191 1281/1258/1181
f 1293/1268/1191 1294/1269/1192 1282/1259/1182
f 1294/1269/1192 1295/1270/1193 1283/1260/1183
f 1295/1270/1193 1296/1272/1195 1284/1262/1185
f 1297/1271/1194 1285/1261/1184 1284/1262/1185
f 1298/1273/1196 1286/1263/1186 1285/1261/1184
f 1299/1274/1197 1287/1264/1187 1286/1263/1186
f 1302/1275/1198 1303/1276/1199 1291/1266/1189
f 1303/1276/1199 1304/1277/1200 1292/1267/1190
f 1304/1277/1200 1305/1278/1201 1293/1268/1191
f 1305/1278/1201 1306/1279/1202 1294/1269/1192
f 1306/1279/1202 1307/1280/1203 1295/1270/1193
f 1307/1280/1203 1308/1282/1205 1296/1272/1195
f 1309/1281/1204 1297/1271/1194 1296/1272/1195
f 1310/1283/1206 1298/1273/1196 1297/1271/1194
f 1311/1284/1207 1299/1274/1197 1298/1273/1196
f 1314/1285/1208 1315/1286/1209 1303/1276/1199
f 1315/1286/1209 1316/1287/1210 1304/1277/1200
f 1316/1287/1210 1317/1288/1211 1305/1278/1201
f 1317/1288/1211 1318/1289/1212 1306/1279/1202
f 1318/1289/1212 1319/1290/1213 1307/1280/1203
f 1319/1290/1213 1320/1292/1215 1308/1282/1205
f 1321/1291/1214 1309/1281/1204 1308/1282/1205
f 1322/1293/1216 1310/1283/1206 1309/1281/1204
f 1323/1294/1217 1311/1284/1207 1310/1283/1206
f 1326/1295/1218 1327/1296/1219 1315/1286/1209
f 1327/1296/1219 1328/1297/1220 1316/1287/1210
f 1328/1297/1220 1329/1298/1221 1317/1288/1211
f 1329/1298/1221 1330/1299/1222 1318/1289/1212
f 1330/1299/1222 1331/1300/1223 1319/1290/1213
f 1331/1300/1223 1332/1302/1225 1320/1292/1215
f 1333/1301/1224 1321/1291/1214 1320/1292/1215
f 1334/1303/1226 1322/1293/1216 1321/1291/1214
f 1335/1304/1227 1323/1294/1217 1322/1293/1216
f 1338/1305/1228 1339/1306/1229 1327/1296/1219
f 1339/1306/1229 1340/1307/1230 1328/1297/1220
f 1340/1307/1230 1341/1308/1231 1329/1298/1221
f 1341/1308/1231 1342/1309/1232 1330/1299/1222
f 1342/1309/1232 1343/1310/1233 1331/1300/1223
f 1343/1310/1233 1344/1312/1235 1332/1302/1225
f 1345/1311/1234 1333/1301/1224 1332/1302/1225
f 1346/1313/1236 1334/1303/1226 1333/1301/1224
f 1347/1214/1237 1335/1304/1227 1334/1303/1226
f 1351/1315/1238 1339/1306/1229 1338/1305/1228
f 1352/1317/1240 1340/1307/1230 1339/1306/1229
f 1353/1318/1241 1341/1308/1231 1340/1307/1230
f 1354/1319/1242 1342/1309/1232 1341/1308/1231
f 1355/1320/1243 1343/1310/1233 1342/1309/1232
f 1356/1321/1244 1344/1312/1235 1343/1310/1233
f 1356/1321/1244 1357/1322/1245 1345/1311/1234
f 1357/1322/1245 1358/1323/1246 1346/1313/1236
f 1358/1323/1246 1359/1335/1256 1347/1214/1237
f 1363/1326/1247 1351/1315/1238 1350/1316/1239
f 1364/1328/1249 1352/1317/1240 1351/1315/1238
f 1365/1329/1250 1353/1318/1241 1352/1317/1240
f 1366/1330/1251 1354/1319/1242 1353/1318/1241
f 1367/1331/1252 1355/1320/1243 1354/1319/1242
f 1368/1332/1253 1356/1321/1244 1355/1320/1243
f 1368/1332/1253 1369/1333/1254 1357/1322/1245
f 1369/1333/1254 1370/1334/1255 1358/1323/1246
f 1370/1334/1255 1371/1347/1266 1359/1335/1256
f 1375/1338/1257 1363/1326/1247 1362/1327/1248
f 1376/1340/1259 1364/1328/1249 1363/1326/1247
f 1377/1341/1260 1365/1329/1250 1364/1328/1249
f 1378/1342/1261 1366/1330/1251 1365/1329/1250
f 1379/1343/1262 1367/1331/1252 1366/1330/1251
f 1380/1344/1263 1368/1332/1253 1367/1331/1252
f 1380/1344/1263 1381/1345/1264 1369/1333/1254
f 1381/1345/1264 1382/1346/1265 1370/1334/1255
f 1382/1346/1265 1383/1359/1276 1371/1347/1266
f 1387/1350/1267 1375/1338/1257 1374/1339/1258
f 1388/1352/1269 1376/1340/1259 1375/1338/1257
f 1389/1353/1270 1377/1341/1260 1376/1340/1259
f 1390/1354/1271 1378/1342/1261 1377/1341/1260
f 1391/1355/1272 1379/1343/1262 1378/1342/1261
f 1392/1356/1273 1380/1344/1263 1379/1343/1262
f 1392/1356/1273 1393/1357/1274 1381/1345/1264
f 1393/1357/1274 1394/1358/1275 1382/1346/1265
f 1394/1358/1275 1395/1371/1286 1383/1359/1276
f 1399/1362/1277 1387/1350/1267 1386/1351/1268
f 1400/1364/1279 1388/1352/1269 1387/1350/1267
f 1401/1365/1280 1389/1353/1270 1388/1352/1269
f 1402/1366/1281 1390/1354/1271 1389/1353/1270
f 1403/1367/1282 1391/1355/1272 1390/1354/1271
f 1404/1368/1283 1392/1356/1273 1391/1355/1272
f 1404/1368/1283 1405/1369/1284 1393/1357/1274
f 1405/1369/1284 1406/1370/1285 1394/1358/1275
f 1406/1370/1285 1407/1383/1296 1395/1371/1286
f 1411/1374/1287 1399/1362/1277 1398/1363/1278
f 1412/1376/1289 1400/1364/1279 1399/1362/1277
f 1413/1377/1290 1401/1365/1280 1400/1364/1279
f 1414/1378/1291 1402/1366/1281 1401/1365/1280
f 1415/1379/1292 1403/1367/1282 1402/1366/1281
f 1416/1380/1293 1404/1368/1283 1403/1367/1282
f 1416/1380/1293 1417/1381/1294 1405/1369/1284
f 1417/1381/1294 1418/1382/1295 1406/1370/1285
f 1418/1382/1295 1419/1395/1306 1407/1383/1296
f 1423/1386/1297 1411/1374/1287 1410/1375/1288
f 1424/1388/1299 1412/1376/1289 1411/1374/1287
f 1425/1389/1300 1413/1377/1290 1412/1376/1289
f 1426/1390/1301 1414/1378/1291 1413/1377/1290
f 1427/1391/1302 1415/1379/1292 1414/1378/1291
f 1428/1392/1303 1416/1380/1293 1415/1379/1292
f 1428/1392/1303 1429/1393/1304 1417/1381/1294
f 1429/1393/1304 1430/1394/1305 1418/1382/1295
f 1430/1394/1305 1431/1407/1316 1419/1395/1306
f 1435/1398/1307 1423/1386/1297 1422/1387/1298
f 1436/1400/1309 1424/1388/1299 1423/1386/1297
f 1437/1401/1310 1425/1389/1300 1424/1388/1299
f 1438/1402/1311 1426/1390/1301 1425/1389/1300
f 1439/1403/1312 1427/1391/1302 1426/1390/1301
f 1440/1404/1313 1428/1392/1303 1427/1391/1302
f 1440/1404/1313 1441/1405/1314 1429/1393/1304
f 1441/1405/1314 1442/1406/1315 1430/1394/1305
f 1442/1406/1315 1443/1418/1326 1431/1407/1316
f 1447/1409/1317 1435/1398/1307 1434/1399/1308
f 1448/1411/1319 1436/1400/1309 1435/1398/1307
f 1449/1412/1320 1437/1401/1310 1436/1400/1309
f 1450/1413/1321 1438/1402/1311 1437/1401/1310
f 1451/1414/1322 1439/1403/1312 1438/1402/1311
f 1452/1415/1323 1440/1404/1313 1439/1403/1312
f 1452/1415/1323 1453/1416/1324 1441/1405/1314
f 1453/1416/1324 1454/1417/1325 1442/1406/1315
f 1454/1417/1325 1455/1428/1336 1443/1418/1326
f 1459/1419/1327 1447/1409/1317 1446/1410/1318
f 1460/1421/1329 1448/1411/1319 1447/1409/1317
f 1461/1422/1330 1449/1412/1320 1448/1411/1319
f 1462/1423/1331 1450/1413/1321 1449/1412/1320
f 1463/1424/1332 1451/1414/1322 1450/1413/1321
f 1464/1425/1333 1452/1415/1323 1451/1414/1322
f 1464/1425/1333 1465/1426/1334 1453/1416/1324
f 1465/1426/1334 1466/1427/1335 1454/1417/1325
f 1466/1427/1335 1467/1438/1346 1455/1428/1336
f 1471/1429/1337 1459/1419/1327 1458/1420/1328
f 1472/1431/1339 1460/1421/1329 1459/1419/1327
f 1473/1432/1340 1461/1422/1330 1460/1421/1329
f 1474/1433/1341 1462/1423/1331 1461/1422/1330
f 1475/1434/1342 1463/1424/1332 1462/1423/1331
f 1476/1435/1343 1464/1425/1333 1463/1424/1332
f 1476/1435/1343 1477/1436/1344 1465/1426/1334
f 1477/1436/1344 1478/1437/1345 1466/1427/1335
f 1478/1437/1345 1479/1448/1356 1467/1438/1346
f 1483/1439/1347 1471/1429/1337 1470/1430/1338
f 1484/1441/1349 1472/1431/1339 1471/1429/1337
f 1485/1442/1350 1473/1432/1340 1472/1431/1339
f 1486/1443/1351 1474/1433/1341 1473/1432/1340
f 1487/1444/1352 1475/1434/1342 1474/1433/1341
f 1488/1445/1353 1476/1435/1343 1475/1434/1342
f 1488/1445/1353 1489/1446/1354 1477/1436/1344
f 1489/1446/1354 1490/1447/1355 1478/1437/1345
f 1490/1447/1355 1491/1458/1366 1479/1448/1356
f 1495/1449/1357 1483/1439/1347 1482/1440/1348
f 1496/1451/1359 1484/1441/1349 1483/1439/1347
f 1497/1452/1360 1485/1442/1350 1484/1441/1349
f 1498/1453/1361 1486/1443/1351 1485/1442/1350
f 1499/1454/1362 1487/1444/1352 1486/1443/1351
f 1500/1455/1363 1488/1445/1353 1487/1444/1352
f 1500/1455/1363 1501/1456/1364 1489/1446/1354
f 1501/1456/1364 1502/1457/1365 1490/1447/1355
f 1502/1457/1365 1503/1468/1376 1491/1458/1366
f 1507/1459/1367 1495/1449/1357 1494/1450/1358
f 1508/1461/1369 1496/1451/1359 1495/1449/1357
f 1509/1462/1370 1497/1452/1360 1496/1451/1359
f 1510/1463/1371 1498/1453/1361 1497/1452/1360
f 1511/1464/1372 1499/1454/1362 1498/1453/1361
f 1512/1465/1373 1500/1455/1363 1499/1454/1362
f 1512/1465/1373 1513/1466/1374 1501/1456/1364
f 1513/1466/1374 1514/1467/1375 1502/1457/1365
f 1514/1467/1375 1515/1478/1386 1503/1468/1376
f 1519/1469/1377 1507/1459/1367 1506/1460/1368
f 1520/1471/1379 1508/1461/1369 1507/1459/1367
f 1521/1472/1380 1509/1462/1370 1508/1461/1369
f 1522/1473/1381 1510/1463/1371 1509/1462/1370
f 1523/1474/1382 1511/1464/1372 1510/1463/1371
f 1524/1475/1383 1512/1465/1373 1511/1464/1372
f 1524/1475/1383 1525/1476/1384 1513/1466/1374
f 1525/1476/1384 1526/1477/1385 1514/1467/1375
f 1526/1477/1385 1527/1488/1396 1515/1478/1386
f 1531/1479/1387 1519/1469/1377 1518/1470/1378
f 1532/1481/1389 1520/1471/1379 1519/1469/1377
f 1533/1482/1390 1521/1472/1380 1520/1471/1379
f 1534/1483/1391 1522/1473/1381 1521/1472/1380
f 1535/1484/1392 1523/1474/1382 1522/1473/1381
f 1536/1485/1393 1524/1475/1383 1523/1474/1382
f 1536/1485/1393 1537/1486/1394 1525/1476/1384
f 1537/1486/1394 1538/1487/1395 1526/1477/1385
f 1538/1487/1395 1539/1498/1406 1527/1488/1396
f 1543/1489/1397 1531/1479/1387 1530/1480/1388
f 1544/1491/1399 1532/1481/1389 1531/1479/1387
f 1545/1492/1400 1533/1482/1390 1532/1481/1389
f 1546/1493/1401 1534/1483/1391 1533/1482/1390
f 1547/1494/1402 1535/1484/1392 1534/1483/1391
f 1548/1495/1403 1536/1485/1393 1535/1484/1392
f 1548/1495/1403 1549/1496/1404 1537/1486/1394
f 1549/1496/1404 1550/1497/1405 1538/1487/1395
f 1550/1497/1405 1551/1508/1407 1539/1498/1406
f 1123/1499/1049 1543/1489/1397 1542/1490/1398
f 1124/1501/1052 1544/1491/1399 1543/1489/1397
f 1125/1502/1054 1545/1492/1400 1544/1491/1399
f 1126/1503/1056 1546/1493/1401 1545/1492/1400
f 1127/1504/1058 1547/1494/1402 1546/1493/1401
f 1128/1505/1060 1548/1495/1403 1547/1494/1402
f 1128/1505/1060 1129/1506/1064 1549/1496/1404
f 1129/1506/1064 1130/1507/1066 1550/1497/1405
f 1130/1507/1066 1131/1510/1408 1551/1508/1407
o base_cover
v 0.000000 0.195794 -0.000000
v 0.234208 0.195794 -0.000000
v 0.468416 0.195794 -0.000000
v 0.702624 0.195794 -0.000000
v 0.702624 0.195794 -0.000000
v 0.614796 0.219496 -0.000000
v 0.526968 0.243199 -0.000000
v 0.439140 0.266901 -0.000000
v 0.351312 0.290604 -0.000000
v 0.263484 0.314306 -0.000000
v 0.175656 0.338008 -0.000000
v 0.087828 0.361711 -0.000000
v 0.000000 0.385413 -0.000000
v 0.230650 0.195794 -0.040670
v 0.461300 0.195794 -0.081340
v 0.691949 0.195794 -0.122009
v 0.691949 0.195794 -0.122009
v 0.605456 0.219496 -0.106758
v 0.518962 0.243199 -0.091507
v 0.432468 0.266901 -0.076256
v 0.345975 0.290604 -0.061005
v 0.259481 0.314306 -0.045754
v 0.172987 0.338008 -0.030502
v 0.086494 0.361711 -0.015251
v 0.000000 0.385413 -0.000000
v 0.220083 0.195794 -0.080104
v 0.440167 0.195794 -0.160208
v 0.660250 0.195794 -0.240312
v 0.660250 0.195794 -0.240312
v 0.577719 0.219496 -0.210273
v 0.495188 0.243199 -0.180234
v 0.412657 0.266901 -0.150195
v 0.330125 0.290604 -0.120156
v 0.247594 0.314306 -0.090117
v 0.165063 0.338008 -0.060078
v 0.082531 0.361711 -0.030039
v 0.000000 0.385413 -0.000000
v 0.202830 0.195794 -0.117104
v 0.405660 0.195794 -0.234208
v 0.608490 0.195794 -0.351312
v 0.608490 0.195794 -0.351312
v 0.532429 0.219496 -0.307398
v 0.456368 0.243199 -0.263484
v 0.380306 0.266901 -0.219570
v 0.304245 0.290604 -0.175656
v 0.228184 0.314306 -0.131742
v 0.152123 0.338008 -0.087828
v 0.076061 0.361711 -0.043914
v 0.000000 0.385413 -0.000000
v 0.179414 0.195794 -0.150546
v 0.358827 0.195794 -0.301092
v 0.538241 0.195794 -0.451638
v 0.538241 0.195794 -0.451638
v 0.470961 0.219496 -0.395183
v 0.403681 0.243199 -0.338728
v 0.336401 0.266901 -0.282274
v 0.269121 0.290604 -0.225819
v 0.201840 0.314306 -0.169364
v 0.134560 0.338008 -0.112909
v 0.067280 0.361711 -0.056455
v 0.000000 0.385413 -0.000000
v 0.150546 0.195794 -0.179414
v 0.301092 0.195794 -0.358827
v 0.451638 0.195794 -0.538241
v 0.451638 0.195794 -0.538241
v 0.395183 0.219496 -0.470961
v 0.338728 0.243199 -0.403681
v 0.282274 0.266901 -0.336401
v 0.225819 0.290604 -0.269121
v 0.169364 0.314306 -0.201840
v 0.112909 0.338008 -0.134560
v 0.056455 0.361711 -0.067280
v 0.000000 0.385413 -0.000000
v 0.117104 0.195794 -0.202830
v 0.234208 0.195794 -0.405660
v 0.351312 0.195794 -0.608490
v 0.351312 0.195794 -0.608490
v 0.307398 0.219496 -0.532429
v 0.263484 0.243199 -0.456368
v 0.219570 0.266901 -0.380306
v 0.175656 0.290604 -0.304245
v 0.131742 0.314306 -0.228184
v 0.087828 0.338008 -0.152123
v 0.043914 0.361711 -0.076061
v 0.000000 0.385413 -0.000000
v 0.080104 0.195794 -0.220083
v 0.160208 0.195794 -0.440167
v 0.240312 0.195794 -0.660250
v 0.240312 0.195794 -0.660250
v 0.210273 0.219496 -0.577719
v 0.180234 0.243199 -0.495188
v 0.150195 0.266901 -0.412657
v 0.120156 0.290604 -0.330125
v 0.090117 0.314306 -0.247594
v 0.060078 0.338008 -0.165063
v 0.030039 0.361711 -0.082531
v 0.000000 0.385413 -0.000000
v 0.040670 0.195794 -0.230650
v 0.081340 0.195794 -0.461300
v 0.122009 0.195794 -0.691949
v 0.122009 0.195794 -0.691949
v 0.106758 0.219496 -0.605456
v 0.091507 0.243199 -0.518962
v 0.076256 0.266901 -0.432468
v 0.061005 0.290604 -0.345975
v 0.045754 0.314306 -0.259481
v 0.030502 0.338008 -0.172987
v 0.015251 0.361711 -0.086494
v 0.000000 0.385413 -0.000000
v 0.000000 0.195794 -0.234208
v 0.000000 0.195794 -0.468416
v 0.000000 0.195794 -0.702624
v 0.000000 0.195794 -0.702624
v 0.000000 0.219496 -0.614796
v 0.000000 0.243199 -0.526968
v 0.000000 0.266901 -0.439140
v 0.000000 0.290604 -0.351312
v 0.000000 0.314306 -0.263484
v 0.000000 0.338008 -0.175656
v 0.000000 0.361711 -0.087828
v 0.000000 0.385413 -0.000000
v -0.040670 0.195794 -0.230650
v -0.081340 0.195794 -0.461300
v -0.122009 0.195794 -0.691949
v -0.122009 0.195794 -0.691949
v -0.106758 0.219496 -0.605456
v -0.091507 0.243199 -0.518962
v -0.076256 0.266901 -0.432468
v -0.061005 0.290604 -0.345975
v -0.045754 0.314306 -0.259481
v -0.030502 0.338008 -0.172987
v -0.015251 0.361711 -0.086494
v 0.000000 0.385413 -0.000000
v -0.080104 0.195794 -0.220083
v -0.160208 0.195794 -0.440167
v -0.240312 0.195794 -0.660250
v -0.240312 0.195794 -0.660250
v -0.210273 0.219496 -0.577719
v -0.180234 0.243199 -0.495188
v -0.150195 0.266901 -0.412657
v -0.120156 0.290604 -0.330125
v -0.090117 0.314306 -0.247594
v -0.060078 0.338008 -0.165063
v -0.030039 0.361711 -0.082531
v 0.000000 0.385413 -0.000000
v -0.117104 0.195794 -0.202830
v -0.234208 0.195794 -0.405660
v -0.351312 0.195794 -0.608490
v -0.351312 0.195794 -0.608490
v -0.307398 0.219496 -0.532429
v -0.263484 0.243199 -0.456368
v -0.219570 0.266901 -0.380306
v -0.175656 0.290604 -0.304245
v -0.131742 0.314306 -0.228184
v -0.087828 0.338008 -0.152123
v -0.043914 0.361711 -0.076061
v 0.000000 0.385413 -0.000000
v -0.150546 0.195794 -0.179414
v -0.301092 0.195794 -0.358827
v -0.451638 0.195794 -0.538241
v -0.451638 0.195794 -0.538241
v -0.395183 0.219496 -0.470961
v -0.338728 0.243199 -0.403681
v -0.282274 0.266901 -0.336401
v -0.225819 0.290604 -0.269121
v -0.169364 0.314306 -0.201840
v -0.112909 0.338008 -0.134560
v -0.056455 0.361711 -0.067280
v 0.000000 0.385413 -0.000000
v -0.179414 0.195794 -0.150546
v -0.358827 0.195794 -0.301092
v -0.538241 0.195794 -0.451638
v -0.538241 0.195794 -0.451638
v -0.470961 0.219496 -0.395183
v -0.403681 0.243199 -0.338728
v -0.336401 0.266901 -0.282274
v -0.269121 0.290604 -0.225819
v -0.201840 0.314306 -0.169364
v -0.134560 0.338008 -0.112909
v -0.067280 0.361711 -0.056455
v 0.000000 0.385413 -0.000000
v -0.202830 0.195794 -0.117104
v -0.405660 0.195794 -0.234208
v -0.608490 0.195794 -0.351312
v -0.608490 0.195794 -0.351312
v -0.532429 0.219496 -0.307398
v -0.456368 0.243199 -0.263484
v -0.380306 0.266901 -0.219570
v -0.304245 0.290604 -0.175656
v -0.228184 0.314306 -0.131742
v -0.152123 0.338008 -0.087828
v -0.076061 0.361711 -0.043914
v 0.000000 0.385413 -0.000000
v -0.220083 0.195794 -0.080104
v -0.440167 0.195794 -0.160208
v -0.660250 0.195794 -0.240312
v -0.660250 0.195794 -0.240312
v -0.577719 0.219496 -0.210273
v -0.495188 0.243199 -0.180234
v -0.412657 0.266901 -0.150195
v -0.330125 0.290604 -0.120156
v -0.247594 0.314306 -0.090117
v -0.165063 0.338008 -0.060078
v -0.082531 0.361711 -0.030039
v 0.000000 0.385413 -0.000000
v -0.230650 0.195794 -0.040670
v -0.461300 0.195794 -0.081340
v -0.691949 0.195794 -0.122009
v -0.691949 0.195794 -0.122009
v -0.605456 0.219496 -0.106758
v -0.518962 0.243199 -0.091507
v -0.432468 0.266901 -0.076256
v -0.345975 0.290604 -0.061005
v -0.259481 0.314306 -0.045754
v -0.172987 0.338008 -0.030502
v -0.086494 0.361711 -0.015251
v 0.000000 0.385413 -0.000000
v -0.234208 0.195794 -0.000000
v -0.468416 0.195794 -0.000000
v -0.702624 0.195794 -0.000000
v -0.702624 0.195794 -0.000000
v -0.614796 0.219496 -0.000000
v -0.526968 0.243199 -0.000000
v -0.439140 0.266901 -0.000000
v -0.351312 0.290604 -0.000000
v -0.263484 0.314306 -0.000000
v -0.175656 0.338008 -0.000000
v -0.087828 0.361711 -0.000000
v 0.000000 0.385413 -0.000000
v -0.230650 0.195794 0.040670
v -0.461300 0.195794 0.081340
v -0.691949 0.195794 0.122009
v -0.691949 0.195794 0.122009
v -0.605456 0.219496 0.106758
v -0.518962 0.243199 0.091507
v -0.432468 0.266901 0.076256
v -0.345975 0.290604 0.061005
v -0.259481 0.314306 0.045754
v -0.172987 0.338008 0.030502
v -0.086494 0.361711 0.015251
v 0.000000 0.385413 -0.000000
v -0.220083 0.195794 0.080104
v -0.440167 0.195794 0.160208
v -0.660250 0.195794 0.240312
v -0.660250 0.195794 0.240312
v -0.577719 0.219497 0.210273
v -0.495188 0.243199 0.180234
v -0.412657 0.266901 0.150195
v -0.330125 0.290604 0.120156
v -0.247594 0.314306 0.090117
v -0.165063 0.338008 0.060078
v -0.082531 0.361711 0.030039
v 0.000000 0.385413 -0.000000
v -0.202830 0.195794 0.117104
v -0.405660 0.195794 0.234208
v -0.608490 0.195794 0.351312
v -0.608490 0.195794 0.351312
v -0.532429 0.219497 0.307398
v -0.456368 0.243199 0.263484
v -0.380306 0.266901 0.219570
v -0.304245 0.290604 0.175656
v -0.228184 0.314306 0.131742
v -0.152123 0.338008 0.087828
v -0.076061 0.361711 0.043914
v 0.000000 0.385413 -0.000000
v -0.179414 0.195794 0.150546
v -0.358827 0.195794 0.301092
v -0.538241 0.195794 0.451638
v -0.538241 0.195794 0.451638
v -0.470961 0.219497 0.395183
v -0.403681 0.243199 0.338728
v -0.336401 0.266901 0.282274
v -0.269121 0.290604 0.225819
v -0.201840 0.314306 0.169364
v -0.134560 0.338008 0.112909
v -0.067280 0.361711 0.056455
v 0.000000 0.385413 -0.000000
v -0.150546 0.195794 0.179414
v -0.301092 0.195794 0.358827
v -0.451638 0.195794 0.538241
v -0.451638 0.195794 0.538241
v -0.395183 0.219497 0.470961
v -0.338728 0.243199 0.403681
v -0.282274 0.266901 0.336401
v -0.225819 0.290604 0.269121
v -0.169364 0.314306 0.201840
v -0.112909 0.338008 0.134560
v -0.056455 0.361711 0.067280
v 0.000000 0.385413 -0.000000
v -0.117104 0.195794 0.202830
v -0.234208 0.195794 0.405660
v -0.351312 0.195794 0.608490
v -0.351312 0.195794 0.608490
v -0.307398 0.219497 0.532429
v -0.263484 0.243199 0.456368
v -0.219570 0.266901 0.380306
v -0.175656 0.290604 0.304245
v -0.131742 0.314306 0.228184
v -0.087828 0.338008 0.152123
v -0.043914 0.361711 0.076061
v 0.000000 0.385413 -0.000000
v -0.080104 0.195794 0.220083
v -0.160208 0.195794 0.440167
v -0.240312 0.195794 0.660250
v -0.240312 0.195794 0.660250
v -0.210273 0.219497 0.577719
v -0.180234 0.243199 0.495188
v -0.150195 0.266901 0.412657
v -0.120156 0.290604 0.330125
v -0.090117 0.314306 0.247594
v -0.060078 0.338008 0.165063
v -0.030039 0.361711 0.082531
v 0.000000 0.385413 -0.000000
v -0.040670 0.195794 0.230650
v -0.081340 0.195794 0.461300
v -0.122009 0.195794 0.691949
v -0.122009 0.195794 0.691949
v -0.106758 0.219497 0.605456
v -0.091507 0.243199 0.518962
v -0.076256 0.266901 0.432468
v -0.061005 0.290604 0.345975
v -0.045754 0.314306 0.259481
v -0.030502 0.338008 0.172987
v -0.015251 0.361711 0.086494
v 0.000000 0.385413 -0.000000
v 0.000000 0.195794 0.234208
v 0.000000 0.195794 0.468416
v 0.000000 0.195794 0.702624
v 0.000000 0.195794 0.702624
v 0.000000 0.219497 0.614796
v 0.000000 0.243199 0.526968
v 0.000000 0.266901 0.439140
v 0.000000 0.290604 0.351312
v 0.000000 0.314306 0.263484
v 0.000000 0.338008 0.175656
v 0.000000 0.361711 0.087828
v 0.000000 0.385413 -0.000000
v 0.040670 0.195794 0.230650
v 0.081340 0.195794 0.461300
v 0.122009 0.195794 0.691949
v 0.122009 0.195794 0.691949
v 0.106758 0.219497 0.605456
v 0.091507 0.243199 0.518962
v 0.076256 0.266901 0.432468
v 0.061005 0.290604 0.345975
v 0.045754 0.314306 0.259481
v 0.030502 0.338008 0.172987
v 0.015251 0.361711 0.086494
v 0.000000 0.385413 -0.000000
v 0.080104 0.195794 0.220083
v 0.160208 0.195794 0.440167
v 0.240312 0.195794 0.660250
v 0.240312 0.195794 0.660250
v 0.210273 0.219497 0.577719
v 0.180234 0.243199 0.495188
v 0.150195 0.266901 0.412657
v 0.120156 0.290604 0.330125
v 0.090117 0.314306 0.247594
v 0.060078 0.338008 0.165063
v 0.030039 0.361711 0.082531
v 0.000000 0.385413 -0.000000
v 0.117104 0.195794 0.202830
v 0.234208 0.195794 0.405660
v 0.351312 0.195794 0.608490
v 0.351312 0.195794 0.608490
v 0.307398 0.219497 0.532429
v 0.263484 0.243199 0.456368
v 0.219570 0.266901 0.380306
v 0.175656 0.290604 0.304245
v 0.131742 0.314306 0.228184
v 0.087828 0.338008 0.152123
v 0.043914 0.361711 0.076061
v 0.000000 0.385413 -0.000000
v 0.150546 0.195794 0.179414
v 0.301092 0.195794 0.358827
v 0.451638 0.195794 0.538241
v 0.451638 0.195794 0.538241
v 0.395183 0.219497 0.470961
v 0.338728 0.243199 0.403681
v 0.282274 0.266901 0.336401
v 0.225819 0.290604 0.269121
v 0.169364 0.314306 0.201840
v 0.112909 0.338008 0.134560
v 0.056455 0.361711 0.067280
v 0.000000 0.385413 -0.000000
v 0.179414 0.195794 0.150546
v 0.358827 0.195794 0.301092
v 0.538241 0.195794 0.451638
v 0.538241 0.195794 0.451638
v 0.470961 0.219497 0.395183
v 0.403681 0.243199 0.338728
v 0.336401 0.266901 0.282274
v 0.269121 0.290604 0.225819
v 0.201840 0.314306 0.169364
v 0.134560 0.338008 0.112909
v 0.067280 0.361711 0.056455
v 0.000000 0.385413 -0.000000
v 0.202830 0.195794 0.117104
v 0.405660 0.195794 0.234208
v 0.608490 0.195794 0.351312
v 0.608490 0.195794 0.351312
v 0.532429 0.219497 0.307398
v 0.456368 0.243199 0.263484
v 0.380306 0.266901 0.219570
v 0.304245 0.290604 0.175656
v 0.228184 0.314306 0.131742
v 0.152123 0.338008 0.087828
v 0.076061 0.361711 0.043914
v 0.000000 0.385413 -0.000000
v 0.220083 0.195794 0.080104
v 0.440167 0.195794 0.160208
v 0.660250 0.195794 0.240312
v 0.660250 0.195794 0.240312
v 0.577719 0.219497 0.210273
v 0.495188 0.243199 0.180234
v 0.412657 0.266901 0.150195
v 0.330125 0.290604 0.120156
v 0.247594 0.314306 0.090117
v 0.165063 0.338008 0.060078
v 0.082531 0.361711 0.030039
v 0.000000 0.385413 -0.000000
v 0.230650 0.195794 0.040670
v 0.461300 0.195794 0.081340
v 0.691949 0.195794 0.122009
v 0.691949 0.195794 0.122009
v 0.605456 0.219496 0.106758
v 0.518962 0.243199 0.091507
v 0.432468 0.266901 0.076256
v 0.345975 0.290604 0.061005
v 0.259481 0.314306 0.045754
v 0.172987 0.338008 0.030502
v 0.086494 0.361711 0.015251
v 0.000000 0.385413 -0.000000
vn -0.0000 -1.0000 -0.0000
vn 0.2566 0.9655 -0.0452
vn 0.2606 0.9655 -0.0000
vn 0.2605 0.9655 -0.0000
vn 0.0140 0.0517 0.9986
vn 0.2448 0.9655 -0.0891
vn 0.0136 0.0519 0.9986
vn 0.2256 0.9655 -0.1303
vn 0.2256 0.9655 -0.1302
vn 0.0128 0.0520 0.9986
vn 0.1996 0.9655 -0.1675
vn 0.1996 0.9655 -0.1674
vn 0.0116 0.0521 0.9986
vn 0.1675 0.9655 -0.1996
vn 0.1675 0.9655 -0.1995
vn 0.0100 0.0522 0.9986
vn 0.1303 0.9655 -0.2256
vn 0.0081 0.0523 0.9986
vn 0.0891 0.9655 -0.2448
vn 0.0060 0.0523 0.9986
vn 0.0452 0.9655 -0.2566
vn 0.0037 0.0524 0.9986
vn -0.0000 0.9655 -0.2606
vn -0.0000 0.9655 -0.2605
vn 0.0012 0.0524 0.9986
vn -0.0452 0.9655 -0.2566
vn -0.0012 0.0524 0.9986
vn -0.0891 0.9655 -0.2448
vn -0.0037 0.0524 0.9986
vn -0.1303 0.9655 -0.2256
vn -0.0060 0.0523 0.9986
vn -0.1675 0.9655 -0.1996
vn -0.1675 0.9655 -0.1995
vn -0.0081 0.0523 0.9986
vn -0.1996 0.9655 -0.1675
vn -0.1996 0.9655 -0.1674
vn -0.0100 0.0522 0.9986
vn -0.2256 0.9655 -0.1303
vn -0.2256 0.9655 -0.1302
vn -0.0116 0.0521 0.9986
vn -0.2448 0.9655 -0.0891
vn -0.0128 0.0520 0.9986
vn -0.2566 0.9655 -0.0452
vn -0.0136 0.0519 0.9986
vn -0.2606 0.9655 -0.0000
vn -0.2605 0.9655 -0.0000
vn -0.0140 0.0517 0.9986
vn -0.2566 0.9655 0.0452
vn -0.2566 0.9655 0.0453
vn -0.0139 0.0516 0.9986
vn -0.2448 0.9655 0.0891
vn -0.0135 0.0515 0.9986
vn -0.2256 0.9655 0.1303
vn -0.0126 0.0514 0.9986
vn -0.1996 0.9655 0.1675
vn -0.1996 0.9654 0.1676
vn -0.0114 0.0513 0.9986
vn -0.1675 0.9655 0.1996
vn -0.1675 0.9654 0.1997
vn -0.0098 0.0512 0.9986
vn -0.1303 0.9655 0.2256
vn -0.1303 0.9655 0.2257
vn -0.1303 0.9654 0.2257
vn -0.0079 0.0511 0.9987
vn -0.0891 0.9655 0.2448
vn -0.0891 0.9654 0.2449
vn -0.0058 0.0510 0.9987
vn -0.0452 0.9655 0.2566
vn -0.0036 0.0510 0.9987
vn -0.0000 0.9655 0.2606
vn -0.0000 0.9655 0.2605
vn -0.0012 0.0510 0.9987
vn 0.0452 0.9655 0.2566
vn 0.0012 0.0510 0.9987
vn 0.0891 0.9655 0.2448
vn 0.0891 0.9654 0.2449
vn 0.0036 0.0510 0.9987
vn 0.1303 0.9655 0.2256
vn 0.1303 0.9655 0.2257
vn 0.1303 0.9654 0.2257
vn 0.0058 0.0510 0.9987
vn 0.1675 0.9655 0.1996
vn 0.1675 0.9654 0.1997
vn 0.0079 0.0511 0.9987
vn 0.1996 0.9655 0.1675
vn 0.1996 0.9654 0.1676
vn 0.0098 0.0512 0.9986
vn 0.2256 0.9655 0.1303
vn 0.0114 0.0513 0.9986
vn 0.2448 0.9655 0.0891
vn 0.0126 0.0514 0.9986
vn 0.2566 0.9655 0.0452
vn 0.2566 0.9655 0.0450
vn 0.0135 0.0515 0.9986
vn 0.0139 0.0516 0.9986
vt 0.335865 0.528941
vt 0.333333 0.500000
vt 0.500000 0.500000
vt 0.171731 0.557883
vt 0.007596 0.586824
vt 0.166667 0.500000
vt 0.027778 0.000000
vt 0.000000 0.125000
vt 0.000000 0.000000
vt 0.027778 0.250000
vt 0.027778 0.125000
vt 0.027778 0.375000
vt 0.000000 0.250000
vt 0.027778 0.500000
vt 0.000000 0.375000
vt 0.000000 0.625000
vt 0.000000 0.500000
vt 0.027778 0.625000
vt 0.000000 0.750000
vt 0.027778 0.750000
vt 0.000000 0.875000
vt 0.027778 0.875000
vt 0.000000 1.000000
vt 0.343385 0.557003
vt 0.186769 0.614007
vt 0.055556 0.000000
vt 0.055556 0.250000
vt 0.055556 0.125000
vt 0.055556 0.500000
vt 0.055556 0.375000
vt 0.055556 0.625000
vt 0.055556 0.750000
vt 0.055556 0.875000
vt 0.027778 1.000000
vt 0.355662 0.583333
vt 0.211325 0.666667
vt 0.066987 0.750000
vt 0.083333 0.125000
vt 0.083333 0.000000
vt 0.083333 0.250000
vt 0.083333 0.500000
vt 0.083333 0.375000
vt 0.083333 0.625000
vt 0.083333 0.750000
vt 0.083333 0.875000
vt 0.055556 1.000000
vt 0.372326 0.607131
vt 0.244652 0.714263
vt 0.116978 0.821394
vt 0.111111 0.125000
vt 0.111111 0.000000
vt 0.111111 0.250000
vt 0.111111 0.375000
vt 0.111111 0.625000
vt 0.111111 0.500000
vt 0.111111 0.750000
vt 0.111111 0.875000
vt 0.083333 1.000000
vt 0.392869 0.627674
vt 0.285737 0.755348
vt 0.178606 0.883022
vt 0.138889 0.125000
vt 0.138889 0.000000
vt 0.138889 0.250000
vt 0.138889 0.375000
vt 0.138889 0.625000
vt 0.138889 0.500000
vt 0.138889 0.750000
vt 0.138889 0.875000
vt 0.111111 1.000000
vt 0.416667 0.644338
vt 0.250000 0.933013
vt 0.333333 0.788675
vt 0.166667 0.125000
vt 0.166667 0.000000
vt 0.166667 0.250000
vt 0.166667 0.375000
vt 0.166667 0.625000
vt 0.166667 0.750000
vt 0.166667 0.875000
vt 0.138889 1.000000
vt 0.442997 0.656615
vt 0.328990 0.969846
vt 0.385993 0.813231
vt 0.194444 0.000000
vt 0.194444 0.250000
vt 0.194444 0.125000
vt 0.194444 0.500000
vt 0.194444 0.375000
vt 0.194444 0.625000
vt 0.194444 0.750000
vt 0.194444 0.875000
vt 0.166667 1.000000
vt 0.471059 0.664135
vt 0.413176 0.992404
vt 0.442117 0.828269
vt 0.222222 0.125000
vt 0.222222 0.000000
vt 0.222222 0.375000
vt 0.222222 0.250000
vt 0.222222 0.500000
vt 0.222222 0.625000
vt 0.222222 0.750000
vt 0.222222 0.875000
vt 0.194444 1.000000
vt 0.500000 0.666667
vt 0.500000 1.000000
vt 0.500000 0.833333
vt 0.250000 0.125000
vt 0.250000 0.000000
vt 0.250000 0.250000
vt 0.250000 0.375000
vt 0.250000 0.500000
vt 0.250000 0.750000
vt 0.250000 0.625000
vt 0.250000 0.875000
vt 0.222222 1.000000
vt 0.528941 0.664135
vt 0.557883 0.828269
vt 0.586824 0.992404
vt 0.277778 0.000000
vt 0.277778 0.250000
vt 0.277778 0.125000
vt 0.277778 0.375000
vt 0.277778 0.500000
vt 0.277778 0.625000
vt 0.277778 0.750000
vt 0.277778 0.875000
vt 0.250000 1.000000
vt 0.557003 0.656615
vt 0.614007 0.813231
vt 0.305556 0.125000
vt 0.305556 0.000000
vt 0.305556 0.250000
vt 0.305556 0.375000
vt 0.305556 0.500000
vt 0.305556 0.625000
vt 0.305556 0.750000
vt 0.305556 0.875000
vt 0.277778 1.000000
vt 0.583333 0.644338
vt 0.666667 0.788675
vt 0.750000 0.933013
vt 0.333333 0.125000
vt 0.333333 0.000000
vt 0.333333 0.375000
vt 0.333333 0.250000
vt 0.333333 0.625000
vt 0.333333 0.750000
vt 0.333333 0.875000
vt 0.305556 1.000000
vt 0.607131 0.627674
vt 0.714263 0.755348
vt 0.821394 0.883022
vt 0.361111 0.000000
vt 0.361111 0.125000
vt 0.361111 0.250000
vt 0.361111 0.500000
vt 0.361111 0.375000
vt 0.361111 0.750000
vt 0.361111 0.625000
vt 0.361111 0.875000
vt 0.333333 1.000000
vt 0.627674 0.607131
vt 0.755348 0.714263
vt 0.883022 0.821394
vt 0.388889 0.125000
vt 0.388889 0.000000
vt 0.388889 0.250000
vt 0.388889 0.375000
vt 0.388889 0.500000
vt 0.388889 0.625000
vt 0.388889 0.750000
vt 0.388889 0.875000
vt 0.361111 1.000000
vt 0.644338 0.583333
vt 0.933013 0.750000
vt 0.788675 0.666667
vt 0.416667 0.125000
vt 0.416667 0.000000
vt 0.416667 0.250000
vt 0.416667 0.375000
vt 0.416667 0.500000
vt 0.416667 0.625000
vt 0.416667 0.750000
vt 0.416667 0.875000
vt 0.388889 1.000000
vt 0.656615 0.557003
vt 0.969846 0.671010
vt 0.813231 0.614007
vt 0.444444 0.000000
vt 0.444444 0.250000
vt 0.444444 0.125000
vt 0.444444 0.375000
vt 0.444444 0.500000
vt 0.444444 0.625000
vt 0.444444 0.875000
vt 0.444444 0.750000
vt 0.416667 1.000000
vt 0.664135 0.528941
vt 0.992404 0.586824
vt 0.828269 0.557883
vt 0.472222 0.125000
vt 0.472222 0.000000
vt 0.472222 0.250000
vt 0.472222 0.375000
vt 0.472222 0.500000
vt 0.472222 0.750000
vt 0.472222 0.625000
vt 0.472222 0.875000
vt 0.444444 1.000000
vt 0.666667 0.500000
vt 1.000000 0.500000
vt 0.833333 0.500000
vt 0.500000 0.125000
vt 0.500000 0.000000
vt 0.500000 0.250000
vt 0.500000 0.375000
vt 0.500000 0.625000
vt 0.500000 0.750000
vt 0.500000 0.875000
vt 0.472222 1.000000
vt 0.664135 0.471059
vt 0.828269 0.442117
vt 0.992404 0.413176
vt 0.527778 0.000000
vt 0.527778 0.250000
vt 0.527778 0.125000
vt 0.527778 0.375000
vt 0.527778 0.500000
vt 0.527778 0.625000
vt 0.527778 0.750000
vt 0.527778 0.875000
vt 0.656615 0.442997
vt 0.813231 0.385993
vt 0.555556 0.000000
vt 0.555556 0.250000
vt 0.555556 0.125000
vt 0.555556 0.500000
vt 0.555556 0.375000
vt 0.555556 0.625000
vt 0.555556 0.750000
vt 0.555556 0.875000
vt 0.527778 1.000000
vt 0.644338 0.416667
vt 0.788675 0.333333
vt 0.933013 0.250000
vt 0.583333 0.125000
vt 0.583333 0.000000
vt 0.583333 0.250000
vt 0.583333 0.500000
vt 0.583333 0.375000
vt 0.583333 0.625000
vt 0.583333 0.750000
vt 0.583333 0.875000
vt 0.555556 1.000000
vt 0.627674 0.392869
vt 0.755348 0.285738
vt 0.883022 0.178606
vt 0.611111 0.125000
vt 0.611111 0.000000
vt 0.611111 0.250000
vt 0.611111 0.375000
vt 0.611111 0.625000
vt 0.611111 0.500000
vt 0.611111 0.750000
vt 0.611111 0.875000
vt 0.583333 1.000000
vt 0.607131 0.372326
vt 0.714263 0.244652
vt 0.821394 0.116978
vt 0.638889 0.125000
vt 0.638889 0.000000
vt 0.638889 0.250000
vt 0.638889 0.375000
vt 0.638889 0.625000
vt 0.638889 0.500000
vt 0.638889 0.750000
vt 0.638889 0.875000
vt 0.611111 1.000000
vt 0.583333 0.355662
vt 0.750000 0.066987
vt 0.666667 0.211325
vt 0.666667 0.125000
vt 0.666667 0.000000
vt 0.666667 0.250000
vt 0.666667 0.375000
vt 0.666667 0.625000
vt 0.666667 0.750000
vt 0.666667 0.875000
vt 0.638889 1.000000
vt 0.557003 0.343385
vt 0.671010 0.030154
vt 0.614007 0.186769
vt 0.694444 0.000000
vt 0.694444 0.250000
vt 0.694444 0.125000
vt 0.694444 0.500000
vt 0.694444 0.375000
vt 0.694444 0.625000
vt 0.694444 0.750000
vt 0.694444 0.875000
vt 0.666667 1.000000
vt 0.528941 0.335865
vt 0.586824 0.007596
vt 0.557883 0.171731
vt 0.722222 0.125000
vt 0.722222 0.000000
vt 0.722222 0.375000
vt 0.722222 0.250000
vt 0.722222 0.500000
vt 0.722222 0.625000
vt 0.722222 0.750000
vt 0.722222 0.875000
vt 0.694444 1.000000
vt 0.500000 0.333333
vt 0.500000 0.166667
vt 0.750000 0.125000
vt 0.750000 0.000000
vt 0.750000 0.250000
vt 0.750000 0.375000
vt 0.750000 0.500000
vt 0.750000 0.750000
vt 0.750000 0.625000
vt 0.750000 0.875000
vt 0.722222 1.000000
vt 0.471059 0.335865
vt 0.442117 0.171731
vt 0.413176 0.007596
vt 0.777778 0.000000
vt 0.777778 0.250000
vt 0.777778 0.125000
vt 0.777778 0.375000
vt 0.777778 0.500000
vt 0.777778 0.625000
vt 0.777778 0.750000
vt 0.777778 0.875000
vt 0.750000 1.000000
vt 0.442997 0.343385
vt 0.385993 0.186769
vt 0.805556 0.125000
vt 0.805556 0.000000
vt 0.805556 0.250000
vt 0.805556 0.375000
vt 0.805556 0.500000
vt 0.805556 0.625000
vt 0.805556 0.750000
vt 0.805556 0.875000
vt 0.777778 1.000000
vt 0.416667 0.355662
vt 0.333333 0.211325
vt 0.250000 0.066987
vt 0.833333 0.125000
vt 0.833333 0.000000
vt 0.833333 0.375000
vt 0.833333 0.250000
vt 0.833333 0.625000
vt 0.833333 0.750000
vt 0.833333 0.875000
vt 0.805556 1.000000
vt 0.392869 0.372326
vt 0.285737 0.244652
vt 0.178606 0.116978
vt 0.861111 0.000000
vt 0.861111 0.125000
vt 0.861111 0.250000
vt 0.861111 0.500000
vt 0.861111 0.375000
vt 0.861111 0.750000
vt 0.861111 0.625000
vt 0.861111 0.875000
vt 0.833333 1.000000
vt 0.372326 0.392869
vt 0.244652 0.285738
vt 0.116978 0.178606
vt 0.888889 0.125000
vt 0.888889 0.000000
vt 0.888889 0.250000
vt 0.888889 0.375000
vt 0.888889 0.500000
vt 0.888889 0.625000
vt 0.888889 0.750000
vt 0.888889 0.875000
vt 0.861111 1.000000
vt 0.355662 0.416667
vt 0.066987 0.250000
vt 0.211325 0.333333
vt 0.916667 0.125000
vt 0.916667 0.000000
vt 0.916667 0.250000
vt 0.916667 0.375000
vt 0.916667 0.500000
vt 0.916667 0.625000
vt 0.916667 0.750000
vt 0.916667 0.875000
vt 0.888889 1.000000
vt 0.343385 0.442997
vt 0.030154 0.328990
vt 0.186769 0.385993
vt 0.944444 0.000000
vt 0.944444 0.250000
vt 0.944444 0.125000
vt 0.944444 0.375000
vt 0.944444 0.500000
vt 0.944444 0.625000
vt 0.944444 0.875000
vt 0.944444 0.750000
vt 0.916667 1.000000
vt 0.335865 0.471059
vt 0.007596 0.413176
vt 0.171731 0.442117
vt 0.972222 0.125000
vt 0.972222 0.000000
vt 0.972222 0.250000
vt 0.972222 0.375000
vt 0.972222 0.500000
vt 0.972222 0.750000
vt 0.972222 0.625000
vt 0.972222 0.875000
vt 0.944444 1.000000
vt 1.000000 0.125000
vt 1.000000 0.000000
vt 1.000000 0.250000
vt 1.000000 0.375000
vt 1.000000 0.625000
vt 1.000000 0.750000
vt 1.000000 0.875000
vt 0.972222 1.000000
vt 0.030154 0.671010
vt 0.671010 0.969846
vt 0.969846 0.328990
vt 0.328990 0.030154
vt 1.000000 1.000000
s 1
usemtl Mat
f 1566/1511/1409 1554/1512/1409 1553/1513/1409
f 1567/1514/1409 1554/1512/1409 1566/1511/1409
f 1568/1515/1409 1555/1516/1409 1567/1514/1409
f 1569/1517/1410 1558/1518/1411 1557/1519/1412
f 1571/1520/1410 1558/1518/1411 1570/1521/1410
f 1572/1522/1410 1559/1523/1411 1571/1520/1410
f 1573/1524/1410 1560/1525/1411 1572/1522/1410
f 1573/1524/1410 1562/1526/1412 1561/1527/1411
f 1574/1528/1410 1563/1529/1411 1562/1526/1412
f 1575/1530/1410 1564/1531/1411 1563/1529/1411
f 1576/1532/1410 1565/1533/1413 1564/1531/1411
f 1578/1534/1409 1566/1511/1409 1553/1513/1409
f 1578/1534/1409 1567/1514/1409 1566/1511/1409
f 1579/1535/1409 1568/1515/1409 1567/1514/1409
f 1581/1536/1414 1570/1521/1410 1569/1517/1410
f 1583/1537/1414 1570/1521/1410 1582/1538/1414
f 1583/1537/1414 1572/1522/1410 1571/1520/1410
f 1585/1539/1414 1572/1522/1410 1584/1540/1414
f 1586/1541/1414 1573/1524/1410 1585/1539/1414
f 1587/1542/1414 1574/1528/1410 1586/1541/1414
f 1587/1542/1414 1576/1532/1410 1575/1530/1410
f 1588/1543/1414 1577/1544/1415 1576/1532/1410
f 1590/1545/1409 1578/1534/1409 1553/1513/1409
f 1591/1546/1409 1578/1534/1409 1590/1545/1409
f 1592/1547/1409 1579/1535/1409 1591/1546/1409
f 1594/1548/1416 1581/1536/1414 1593/1549/1416
f 1594/1548/1416 1583/1537/1414 1582/1538/1414
f 1595/1550/1416 1584/1540/1414 1583/1537/1414
f 1597/1551/1416 1584/1540/1414 1596/1552/1416
f 1598/1553/1416 1585/1539/1414 1597/1551/1416
f 1599/1554/1416 1586/1541/1414 1598/1553/1416
f 1600/1555/1417 1587/1542/1414 1599/1554/1416
f 1600/1555/1417 1589/1556/1418 1588/1543/1414
f 1602/1557/1409 1590/1545/1409 1553/1513/1409
f 1603/1558/1409 1590/1545/1409 1602/1557/1409
f 1604/1559/1409 1591/1546/1409 1603/1558/1409
f 1606/1560/1419 1593/1549/1416 1605/1561/1419
f 1607/1562/1419 1594/1548/1416 1606/1560/1419
f 1607/1562/1419 1596/1552/1416 1595/1550/1416
f 1608/1563/1419 1597/1551/1416 1596/1552/1416
f 1610/1564/1419 1597/1551/1416 1609/1565/1419
f 1611/1566/1419 1598/1553/1416 1610/1564/1419
f 1612/1567/1420 1599/1554/1416 1611/1566/1419
f 1612/1567/1420 1601/1568/1421 1600/1555/1417
f 1614/1569/1409 1602/1557/1409 1553/1513/1409
f 1615/1570/1409 1602/1557/1409 1614/1569/1409
f 1616/1571/1409 1603/1558/1409 1615/1570/1409
f 1618/1572/1422 1605/1561/1419 1617/1573/1422
f 1619/1574/1422 1606/1560/1419 1618/1572/1422
f 1619/1574/1422 1608/1563/1419 1607/1562/1419
f 1620/1575/1422 1609/1565/1419 1608/1563/1419
f 1622/1576/1422 1609/1565/1419 1621/1577/1422
f 1623/1578/1422 1610/1564/1419 1622/1576/1422
f 1624/1579/1423 1611/1566/1419 1623/1578/1422
f 1624/1579/1423 1613/1580/1424 1612/1567/1420
f 1626/1581/1409 1614/1569/1409 1553/1513/1409
f 1626/1581/1409 1615/1570/1409 1614/1569/1409
f 1628/1582/1409 1615/1570/1409 1627/1583/1409
f 1630/1584/1425 1617/1573/1422 1629/1585/1425
f 1631/1586/1425 1618/1572/1422 1630/1584/1425
f 1632/1587/1425 1619/1574/1422 1631/1586/1425
f 1633/1516/1425 1620/1575/1422 1632/1587/1425
f 1634/1588/1425 1621/1577/1422 1633/1516/1425
f 1635/1589/1425 1622/1576/1422 1634/1588/1425
f 1636/1590/1425 1623/1578/1422 1635/1589/1425
f 1636/1590/1425 1625/1591/1426 1624/1579/1423
f 1638/1592/1409 1626/1581/1409 1553/1513/1409
f 1638/1592/1409 1627/1583/1409 1626/1581/1409
f 1640/1593/1409 1627/1583/1409 1639/1594/1409
f 1641/1595/1427 1630/1584/1425 1629/1585/1425
f 1643/1596/1427 1630/1584/1425 1642/1597/1427
f 1643/1596/1427 1632/1587/1425 1631/1586/1425
f 1645/1598/1427 1632/1587/1425 1644/1599/1427
f 1646/1600/1427 1633/1516/1425 1645/1598/1427
f 1647/1601/1427 1634/1588/1425 1646/1600/1427
f 1648/1602/1427 1635/1589/1425 1647/1601/1427
f 1648/1602/1427 1637/1603/1428 1636/1590/1425
f 1650/1604/1409 1638/1592/1409 1553/1513/1409
f 1650/1604/1409 1639/1594/1409 1638/1592/1409
f 1652/1605/1409 1639/1594/1409 1651/1606/1409
f 1654/1607/1429 1641/1595/1427 1653/1608/1429
f 1654/1607/1429 1643/1596/1427 1642/1597/1427
f 1656/1609/1429 1643/1596/1427 1655/1610/1429
f 1657/1611/1429 1644/1599/1427 1656/1609/1429
f 1658/1612/1429 1645/1598/1427 1657/1611/1429
f 1659/1613/1429 1646/1600/1427 1658/1612/1429
f 1660/1614/1429 1647/1601/1427 1659/1613/1429
f 1660/1614/1429 1649/1615/1430 1648/1602/1427
f 1662/1616/1409 1650/1604/1409 1553/1513/1409
f 1662/1616/1409 1651/1606/1409 1650/1604/1409
f 1664/1617/1409 1651/1606/1409 1663/1618/1409
f 1666/1619/1431 1653/1608/1429 1665/1620/1432
f 1667/1621/1431 1654/1607/1429 1666/1619/1431
f 1667/1621/1431 1656/1609/1429 1655/1610/1429
f 1668/1622/1431 1657/1611/1429 1656/1609/1429
f 1669/1623/1431 1658/1612/1429 1657/1611/1429
f 1671/1624/1431 1658/1612/1429 1670/1625/1432
f 1672/1626/1431 1659/1613/1429 1671/1624/1431
f 1672/1626/1431 1661/1627/1433 1660/1614/1429
f 1674/1628/1409 1662/1616/1409 1553/1513/1409
f 1675/1629/1409 1662/1616/1409 1674/1628/1409
f 1676/1630/1409 1663/1618/1409 1675/1629/1409
f 1677/1631/1434 1666/1619/1431 1665/1620/1432
f 1679/1632/1434 1666/1619/1431 1678/1633/1434
f 1680/1634/1434 1667/1621/1431 1679/1632/1434
f 1681/1635/1434 1668/1622/1431 1680/1634/1434
f 1682/1636/1434 1669/1623/1431 1681/1635/1434
f 1683/1637/1434 1670/1625/1432 1682/1636/1434
f 1684/1638/1434 1671/1624/1431 1683/1637/1434
f 1684/1638/1434 1673/1639/1435 1672/1626/1431
f 1686/1640/1409 1674/1628/1409 1553/1513/1409
f 1686/1640/1409 1675/1629/1409 1674/1628/1409
f 1687/1641/1409 1676/1630/1409 1675/1629/1409
f 1690/1642/1436 1677/1631/1434 1689/1643/1436
f 1691/1644/1436 1678/1633/1434 1690/1642/1436
f 1692/1645/1436 1679/1632/1434 1691/1644/1436
f 1693/1646/1436 1680/1634/1434 1692/1645/1436
f 1694/1647/1436 1681/1635/1434 1693/1646/1436
f 1694/1647/1436 1683/1637/1434 1682/1636/1434
f 1695/1648/1436 1684/1638/1434 1683/1637/1434
f 1696/1649/1436 1685/1650/1437 1684/1638/1434
f 1698/1651/1409 1686/1640/1409 1553/1513/1409
f 1699/1652/1409 1686/1640/1409 1698/1651/1409
f 1700/1653/1409 1687/1641/1409 1699/1652/1409
f 1702/1654/1438 1689/1643/1436 1701/1655/1438
f 1702/1654/1438 1691/1644/1436 1690/1642/1436
f 1704/1656/1438 1691/1644/1436 1703/1657/1438
f 1704/1656/1438 1693/1646/1436 1692/1645/1436
f 1706/1658/1438 1693/1646/1436 1705/1512/1438
f 1707/1659/1438 1694/1647/1436 1706/1658/1438
f 1708/1660/1438 1695/1648/1436 1707/1659/1438
f 1708/1660/1438 1697/1661/1439 1696/1649/1436
f 1710/1662/1409 1698/1651/1409 1553/1513/1409
f 1711/1663/1409 1698/1651/1409 1710/1662/1409
f 1712/1664/1409 1699/1652/1409 1711/1663/1409
f 1713/1665/1440 1702/1654/1438 1701/1655/1438
f 1714/1666/1440 1703/1657/1438 1702/1654/1438
f 1715/1667/1440 1704/1656/1438 1703/1657/1438
f 1717/1668/1440 1704/1656/1438 1716/1669/1440
f 1717/1668/1440 1706/1658/1438 1705/1512/1438
f 1719/1670/1440 1706/1658/1438 1718/1671/1440
f 1720/1672/1441 1707/1659/1438 1719/1670/1440
f 1720/1672/1441 1709/1673/1442 1708/1660/1438
f 1722/1674/1409 1710/1662/1409 1553/1513/1409
f 1723/1675/1409 1710/1662/1409 1722/1674/1409
f 1724/1676/1409 1711/1663/1409 1723/1675/1409
f 1726/1677/1443 1713/1665/1440 1725/1678/1443
f 1727/1679/1443 1714/1666/1440 1726/1677/1443
f 1728/1680/1443 1715/1667/1440 1727/1679/1443
f 1729/1681/1443 1716/1669/1440 1728/1680/1443
f 1730/1682/1443 1717/1668/1440 1729/1681/1443
f 1731/1683/1443 1718/1671/1440 1730/1682/1443
f 1732/1684/1444 1719/1670/1440 1731/1683/1443
f 1732/1684/1444 1721/1685/1445 1720/1672/1441
f 1734/1686/1409 1722/1674/1409 1553/1513/1409
f 1734/1686/1409 1723/1675/1409 1722/1674/1409
f 1736/1687/1409 1723/1675/1409 1735/1688/1409
f 1738/1689/1446 1725/1678/1443 1737/1690/1446
f 1739/1691/1446 1726/1677/1443 1738/1689/1446
f 1740/1692/1446 1727/1679/1443 1739/1691/1446
f 1741/1693/1446 1728/1680/1443 1740/1692/1446
f 1742/1694/1446 1729/1681/1443 1741/1693/1446
f 1743/1695/1446 1730/1682/1443 1742/1694/1446
f 1744/1696/1447 1731/1683/1443 1743/1695/1446
f 1744/1696/1447 1733/1697/1448 1732/1684/1444
f 1746/1698/1409 1734/1686/1409 1553/1513/1409
f 1746/1698/1409 1735/1688/1409 1734/1686/1409
f 1748/1699/1409 1735/1688/1409 1747/1700/1409
f 1749/1701/1449 1738/1689/1446 1737/1690/1446
f 1751/1702/1449 1738/1689/1446 1750/1703/1449
f 1752/1704/1449 1739/1691/1446 1751/1702/1449
f 1752/1704/1449 1741/1693/1446 1740/1692/1446
f 1753/1705/1449 1742/1694/1446 1741/1693/1446
f 1754/1706/1449 1743/1695/1446 1742/1694/1446
f 1756/1707/1449 1743/1695/1446 1755/1708/1449
f 1756/1707/1449 1745/1709/1450 1744/1696/1447
f 1758/1710/1409 1746/1698/1409 1553/1513/1409
f 1758/1710/1409 1747/1700/1409 1746/1698/1409
f 1760/1711/1409 1747/1700/1409 1759/1712/1409
f 1762/1713/1451 1749/1701/1449 1761/1714/1451
f 1763/1715/1451 1750/1703/1449 1762/1713/1451
f 1764/1716/1451 1751/1702/1449 1763/1715/1451
f 1765/1717/1451 1752/1704/1449 1764/1716/1451
f 1765/1717/1451 1754/1706/1449 1753/1705/1449
f 1767/1718/1451 1754/1706/1449 1766/1719/1451
f 1768/1720/1451 1755/1708/1449 1767/1718/1451
f 1768/1720/1451 1757/1721/1452 1756/1707/1449
f 1770/1722/1409 1758/1710/1409 1553/1513/1409
f 1770/1722/1409 1759/1712/1409 1758/1710/1409
f 1772/1723/1409 1759/1712/1409 1771/1724/1409
f 1774/1725/1453 1761/1714/1451 1773/1726/1454
f 1775/1727/1453 1762/1713/1451 1774/1725/1453
f 1776/1728/1453 1763/1715/1451 1775/1727/1453
f 1777/1513/1453 1764/1716/1451 1776/1728/1453
f 1778/1729/1454 1765/1717/1451 1777/1513/1453
f 1779/1730/1453 1766/1719/1451 1778/1729/1454
f 1779/1730/1453 1768/1720/1451 1767/1718/1451
f 1780/1731/1453 1769/1732/1455 1768/1720/1451
f 1782/1733/1409 1770/1722/1409 1553/1513/1409
f 1783/1734/1409 1770/1722/1409 1782/1733/1409
f 1784/1735/1409 1771/1724/1409 1783/1734/1409
f 1785/1736/1456 1774/1725/1453 1773/1726/1454
f 1787/1737/1456 1774/1725/1453 1786/1738/1456
f 1788/1739/1456 1775/1727/1453 1787/1737/1456
f 1789/1740/1456 1776/1728/1453 1788/1739/1456
f 1789/1740/1456 1778/1729/1454 1777/1513/1453
f 1790/1741/1456 1779/1730/1453 1778/1729/1454
f 1791/1742/1456 1780/1731/1453 1779/1730/1453
f 1792/1743/1457 1781/1617/1458 1780/1731/1453
f 1794/1744/1409 1782/1733/1409 1553/1513/1409
f 1794/1744/1409 1783/1734/1409 1782/1733/1409
f 1795/1745/1409 1784/1735/1409 1783/1734/1409
f 1797/1746/1459 1786/1738/1456 1785/1736/1456
f 1799/1747/1459 1786/1738/1456 1798/1748/1459
f 1799/1747/1459 1788/1739/1456 1787/1737/1456
f 1801/1749/1459 1788/1739/1456 1800/1750/1459
f 1802/1751/1459 1789/1740/1456 1801/1749/1459
f 1803/1752/1459 1790/1741/1456 1802/1751/1459
f 1803/1752/1459 1792/1743/1457 1791/1742/1456
f 1804/1753/1459 1793/1754/1460 1792/1743/1457
f 1806/1755/1409 1794/1744/1409 1553/1513/1409
f 1807/1756/1409 1794/1744/1409 1806/1755/1409
f 1808/1757/1409 1795/1745/1409 1807/1756/1409
f 1810/1758/1461 1797/1746/1459 1809/1759/1461
f 1810/1758/1461 1799/1747/1459 1798/1748/1459
f 1811/1760/1461 1800/1750/1459 1799/1747/1459
f 1813/1761/1461 1800/1750/1459 1812/1762/1461
f 1814/1763/1461 1801/1749/1459 1813/1761/1461
f 1815/1764/1461 1802/1751/1459 1814/1763/1461
f 1816/1765/1461 1803/1752/1459 1815/1764/1461
f 1816/1765/1461 1805/1766/1462 1804/1753/1459
f 1818/1767/1409 1806/1755/1409 1553/1513/1409
f 1819/1768/1409 1806/1755/1409 1818/1767/1409
f 1820/1769/1409 1807/1756/1409 1819/1768/1409
f 1822/1770/1463 1809/1759/1461 1821/1771/1463
f 1823/1772/1463 1810/1758/1461 1822/1770/1463
f 1823/1772/1463 1812/1762/1461 1811/1760/1461
f 1824/1773/1463 1813/1761/1461 1812/1762/1461
f 1826/1774/1463 1813/1761/1461 1825/1775/1463
f 1827/1776/1463 1814/1763/1461 1826/1774/1463
f 1828/1777/1464 1815/1764/1461 1827/1776/1463
f 1828/1777/1464 1817/1778/1465 1816/1765/1461
f 1830/1779/1409 1818/1767/1409 1553/1513/1409
f 1831/1780/1409 1818/1767/1409 1830/1779/1409
f 1832/1781/1409 1819/1768/1409 1831/1780/1409
f 1834/1782/1466 1821/1771/1463 1833/1783/1466
f 1835/1784/1466 1822/1770/1463 1834/1782/1466
f 1835/1784/1466 1824/1773/1463 1823/1772/1463
f 1836/1785/1466 1825/1775/1463 1824/1773/1463
f 1838/1786/1466 1825/1775/1463 1837/1787/1466
f 1839/1788/1466 1826/1774/1463 1838/1786/1466
f 1840/1789/1467 1827/1776/1463 1839/1788/1466
f 1840/1789/1467 1829/1790/1468 1828/1777/1464
f 1842/1791/1409 1830/1779/1409 1553/1513/1409
f 1842/1791/1409 1831/1780/1409 1830/1779/1409
f 1844/1792/1409 1831/1780/1409 1843/1793/1409
f 1846/1794/1469 1833/1783/1466 1845/1795/1470
f 1847/1796/1469 1834/1782/1466 1846/1794/1469
f 1848/1797/1469 1835/1784/1466 1847/1796/1469
f 1849/1722/1469 1836/1785/1466 1848/1797/1469
f 1850/1798/1469 1837/1787/1466 1849/1722/1469
f 1851/1799/1469 1838/1786/1466 1850/1798/1469
f 1852/1800/1471 1839/1788/1466 1851/1799/1469
f 1852/1800/1471 1841/1801/1472 1840/1789/1467
f 1854/1802/1409 1842/1791/1409 1553/1513/1409
f 1854/1802/1409 1843/1793/1409 1842/1791/1409
f 1856/1803/1409 1843/1793/1409 1855/1804/1409
f 1857/1805/1473 1846/1794/1469 1845/1795/1470
f 1859/1806/1473 1846/1794/1469 1858/1807/1473
f 1859/1806/1473 1848/1797/1469 1847/1796/1469
f 1861/1808/1473 1848/1797/1469 1860/1809/1473
f 1862/1810/1473 1849/1722/1469 1861/1808/1473
f 1863/1811/1473 1850/1798/1469 1862/1810/1473
f 1864/1812/1474 1851/1799/1469 1863/1811/1473
f 1864/1812/1474 1853/1813/1475 1852/1800/1471
f 1866/1814/1409 1854/1802/1409 1553/1513/1409
f 1866/1814/1409 1855/1804/1409 1854/1802/1409
f 1868/1815/1409 1855/1804/1409 1867/1816/1409
f 1870/1817/1476 1857/1805/1473 1869/1818/1476
f 1870/1817/1476 1859/1806/1473 1858/1807/1473
f 1872/1819/1476 1859/1806/1473 1871/1820/1476
f 1873/1821/1476 1860/1809/1473 1872/1819/1476
f 1874/1822/1476 1861/1808/1473 1873/1821/1476
f 1875/1823/1476 1862/1810/1473 1874/1822/1476
f 1876/1824/1476 1863/1811/1473 1875/1823/1476
f 1876/1824/1476 1865/1825/1477 1864/1812/1474
f 1878/1826/1409 1866/1814/1409 1553/1513/1409
f 1878/1826/1409 1867/1816/1409 1866/1814/1409
f 1880/1726/1409 1867/1816/1409 1879/1827/1409
f 1882/1828/1478 1869/1818/1476 1881/1829/1478
f 1883/1830/1479 1870/1817/1476 1882/1828/1478
f 1883/1830/1479 1872/1819/1476 1871/1820/1476
f 1884/1831/1478 1873/1821/1476 1872/1819/1476
f 1885/1832/1478 1874/1822/1476 1873/1821/1476
f 1887/1833/1478 1874/1822/1476 1886/1834/1479
f 1888/1835/1478 1875/1823/1476 1887/1833/1478
f 1888/1835/1478 1877/1836/1480 1876/1824/1476
f 1890/1837/1409 1878/1826/1409 1553/1513/1409
f 1891/1838/1409 1878/1826/1409 1890/1837/1409
f 1892/1839/1409 1879/1827/1409 1891/1838/1409
f 1893/1840/1481 1882/1828/1478 1881/1829/1478
f 1895/1841/1481 1882/1828/1478 1894/1842/1481
f 1896/1843/1481 1883/1830/1479 1895/1841/1481
f 1897/1844/1481 1884/1831/1478 1896/1843/1481
f 1898/1845/1481 1885/1832/1478 1897/1844/1481
f 1899/1846/1481 1886/1834/1479 1898/1845/1481
f 1900/1847/1481 1887/1833/1478 1899/1846/1481
f 1900/1847/1481 1889/1848/1482 1888/1835/1478
f 1902/1849/1409 1890/1837/1409 1553/1513/1409
f 1902/1849/1409 1891/1838/1409 1890/1837/1409
f 1903/1850/1409 1892/1839/1409 1891/1838/1409
f 1906/1851/1483 1893/1840/1481 1905/1852/1483
f 1907/1853/1483 1894/1842/1481 1906/1851/1483
f 1908/1854/1483 1895/1841/1481 1907/1853/1483
f 1909/1855/1483 1896/1843/1481 1908/1854/1483
f 1910/1856/1483 1897/1844/1481 1909/1855/1483
f 1910/1856/1483 1899/1846/1481 1898/1845/1481
f 1911/1857/1483 1900/1847/1481 1899/1846/1481
f 1912/1858/1484 1901/1859/1485 1900/1847/1481
f 1914/1860/1409 1902/1849/1409 1553/1513/1409
f 1915/1861/1409 1902/1849/1409 1914/1860/1409
f 1916/1862/1409 1903/1850/1409 1915/1861/1409
f 1918/1863/1486 1905/1852/1483 1917/1864/1487
f 1918/1863/1486 1907/1853/1483 1906/1851/1483
f 1920/1865/1486 1907/1853/1483 1919/1866/1486
f 1920/1865/1486 1909/1855/1483 1908/1854/1483
f 1922/1867/1486 1909/1855/1483 1921/1724/1486
f 1923/1868/1486 1910/1856/1483 1922/1867/1486
f 1924/1869/1488 1911/1857/1483 1923/1868/1486
f 1924/1869/1488 1913/1870/1489 1912/1858/1484
f 1926/1871/1409 1914/1860/1409 1553/1513/1409
f 1927/1872/1409 1914/1860/1409 1926/1871/1409
f 1928/1873/1409 1915/1861/1409 1927/1872/1409
f 1929/1874/1490 1918/1863/1486 1917/1864/1487
f 1930/1875/1490 1919/1866/1486 1918/1863/1486
f 1931/1876/1490 1920/1865/1486 1919/1866/1486
f 1933/1877/1490 1920/1865/1486 1932/1878/1490
f 1933/1877/1490 1922/1867/1486 1921/1724/1486
f 1935/1879/1490 1922/1867/1486 1934/1880/1490
f 1936/1881/1491 1923/1868/1486 1935/1879/1490
f 1936/1881/1491 1925/1882/1492 1924/1869/1488
f 1938/1883/1409 1926/1871/1409 1553/1513/1409
f 1939/1884/1409 1926/1871/1409 1938/1883/1409
f 1940/1885/1409 1927/1872/1409 1939/1884/1409
f 1942/1886/1493 1929/1874/1490 1941/1887/1493
f 1943/1888/1493 1930/1875/1490 1942/1886/1493
f 1944/1889/1493 1931/1876/1490 1943/1888/1493
f 1945/1890/1493 1932/1878/1490 1944/1889/1493
f 1946/1891/1493 1933/1877/1490 1945/1890/1493
f 1947/1892/1493 1934/1880/1490 1946/1891/1493
f 1948/1893/1494 1935/1879/1490 1947/1892/1493
f 1948/1893/1494 1937/1894/1495 1936/1881/1491
f 1950/1895/1409 1938/1883/1409 1553/1513/1409
f 1950/1895/1409 1939/1884/1409 1938/1883/1409
f 1952/1896/1409 1939/1884/1409 1951/1897/1409
f 1954/1898/1496 1941/1887/1493 1953/1899/1496
f 1955/1900/1496 1942/1886/1493 1954/1898/1496
f 1956/1901/1496 1943/1888/1493 1955/1900/1496
f 1957/1902/1496 1944/1889/1493 1956/1901/1496
f 1958/1903/1496 1945/1890/1493 1957/1902/1496
f 1959/1904/1496 1946/1891/1493 1958/1903/1496
f 1960/1905/1496 1947/1892/1493 1959/1904/1496
f 1960/1905/1496 1949/1906/1497 1948/1893/1494
f 1962/1907/1409 1950/1895/1409 1553/1513/1409
f 1962/1907/1409 1951/1897/1409 1950/1895/1409
f 1964/1908/1409 1951/1897/1409 1963/1909/1409
f 1965/1910/1498 1954/1898/1496 1953/1899/1496
f 1967/1911/1498 1954/1898/1496 1966/1912/1498
f 1968/1913/1498 1955/1900/1496 1967/1911/1498
f 1968/1913/1498 1957/1902/1496 1956/1901/1496
f 1969/1914/1498 1958/1903/1496 1957/1902/1496
f 1970/1915/1498 1959/1904/1496 1958/1903/1496
f 1972/1916/1498 1959/1904/1496 1971/1917/1498
f 1972/1916/1498 1961/1918/1499 1960/1905/1496
f 1974/1919/1409 1962/1907/1409 1553/1513/1409
f 1974/1919/1409 1963/1909/1409 1962/1907/1409
f 1976/1920/1409 1963/1909/1409 1975/1921/1409
f 1978/1922/1500 1965/1910/1498 1977/1923/1500
f 1979/1924/1500 1966/1912/1498 1978/1922/1500
f 1980/1925/1500 1967/1911/1498 1979/1924/1500
f 1981/1926/1500 1968/1913/1498 1980/1925/1500
f 1981/1926/1500 1970/1915/1498 1969/1914/1498
f 1983/1927/1500 1970/1915/1498 1982/1928/1500
f 1984/1929/1501 1971/1917/1498 1983/1927/1500
f 1984/1929/1501 1973/1930/1502 1972/1916/1498
f 1554/1512/1409 1974/1919/1409 1553/1513/1409
f 1554/1512/1409 1975/1921/1409 1974/1919/1409
f 1556/1527/1409 1975/1921/1409 1555/1516/1409
f 1558/1931/1411 1977/1923/1500 1557/1932/1412
f 1559/1933/1411 1978/1922/1500 1558/1931/1411
f 1560/1934/1411 1979/1924/1500 1559/1933/1411
f 1561/1723/1411 1980/1925/1500 1560/1934/1411
f 1562/1935/1412 1981/1926/1500 1561/1723/1411
f 1563/1936/1411 1982/1928/1500 1562/1935/1412
f 1563/1936/1411 1984/1929/1501 1983/1927/1500
f 1564/1937/1411 1985/1938/1503 1984/1929/1501
f 1567/1514/1409 1555/1516/1409 1554/1512/1409
f 1568/1515/1409 1556/1527/1409 1555/1516/1409
f 1569/1517/1410 1570/1521/1410 1558/1518/1411
f 1571/1520/1410 1559/1523/1411 1558/1518/1411
f 1572/1522/1410 1560/1525/1411 1559/1523/1411
f 1573/1524/1410 1561/1527/1411 1560/1525/1411
f 1573/1524/1410 1574/1528/1410 1562/1526/1412
f 1574/1528/1410 1575/1530/1410 1563/1529/1411
f 1575/1530/1410 1576/1532/1410 1564/1531/1411
f 1576/1532/1410 1577/1544/1415 1565/1533/1413
f 1578/1534/1409 1579/1535/1409 1567/1514/1409
f 1579/1535/1409 1580/1939/1409 1568/1515/1409
f 1581/1536/1414 1582/1538/1414 1570/1521/1410
f 1583/1537/1414 1571/1520/1410 1570/1521/1410
f 1583/1537/1414 1584/1540/1414 1572/1522/1410
f 1585/1539/1414 1573/1524/1410 1572/1522/1410
f 1586/1541/1414 1574/1528/1410 1573/1524/1410
f 1587/1542/1414 1575/1530/1410 1574/1528/1410
f 1587/1542/1414 1588/1543/1414 1576/1532/1410
f 1588/1543/1414 1589/1556/1418 1577/1544/1415
f 1591/1546/1409 1579/1535/1409 1578/1534/1409
f 1592/1547/1409 1580/1939/1409 1579/1535/1409
f 1594/1548/1416 1582/1538/1414 1581/1536/1414
f 1594/1548/1416 1595/1550/1416 1583/1537/1414
f 1595/1550/1416 1596/1552/1416 1584/1540/1414
f 1597/1551/1416 1585/1539/1414 1584/1540/1414
f 1598/1553/1416 1586/1541/1414 1585/1539/1414
f 1599/1554/1416 1587/1542/1414 1586/1541/1414
f 1600/1555/1417 1588/1543/1414 1587/1542/1414
f 1600/1555/1417 1601/1568/1421 1589/1556/1418
f 1603/1558/1409 1591/1546/1409 1590/1545/1409
f 1604/1559/1409 1592/1547/1409 1591/1546/1409
f 1606/1560/1419 1594/1548/1416 1593/1549/1416
f 1607/1562/1419 1595/1550/1416 1594/1548/1416
f 1607/1562/1419 1608/1563/1419 1596/1552/1416
f 1608/1563/1419 1609/1565/1419 1597/1551/1416
f 1610/1564/1419 1598/1553/1416 1597/1551/1416
f 1611/1566/1419 1599/1554/1416 1598/1553/1416
f 1612/1567/1420 1600/1555/1417 1599/1554/1416
f 1612/1567/1420 1613/1580/1424 1601/1568/1421
f 1615/1570/1409 1603/1558/1409 1602/1557/1409
f 1616/1571/1409 1604/1559/1409 1603/1558/1409
f 1618/1572/1422 1606/1560/1419 1605/1561/1419
f 1619/1574/1422 1607/1562/1419 1606/1560/1419
f 1619/1574/1422 1620/1575/1422 1608/1563/1419
f 1620/1575/1422 1621/1577/1422 1609/1565/1419
f 1622/1576/1422 1610/1564/1419 1609/1565/1419
f 1623/1578/1422 1611/1566/1419 1610/1564/1419
f 1624/1579/1423 1612/1567/1420 1611/1566/1419
f 1624/1579/1423 1625/1591/1426 1613/1580/1424
f 1626/1581/1409 1627/1583/1409 1615/1570/1409
f 1628/1582/1409 1616/1571/1409 1615/1570/1409
f 1630/1584/1425 1618/1572/1422 1617/1573/1422
f 1631/1586/1425 1619/1574/1422 1618/1572/1422
f 1632/1587/1425 1620/1575/1422 1619/1574/1422
f 1633/1516/1425 1621/1577/1422 1620/1575/1422
f 1634/1588/1425 1622/1576/1422 1621/1577/1422
f 1635/1589/1425 1623/1578/1422 1622/1576/1422
f 1636/1590/1425 1624/1579/1423 1623/1578/1422
f 1636/1590/1425 1637/1603/1428 1625/1591/1426
f 1638/1592/1409 1639/1594/1409 1627/1583/1409
f 1640/1593/1409 1628/1582/1409 1627/1583/1409
f 1641/1595/1427 1642/1597/1427 1630/1584/1425
f 1643/1596/1427 1631/1586/1425 1630/1584/1425
f 1643/1596/1427 1644/1599/1427 1632/1587/1425
f 1645/1598/1427 1633/1516/1425 1632/1587/1425
f 1646/1600/1427 1634/1588/1425 1633/1516/1425
f 1647/1601/1427 1635/1589/1425 1634/1588/1425
f 1648/1602/1427 1636/1590/1425 1635/1589/1425
f 1648/1602/1427 1649/1615/1430 1637/1603/1428
f 1650/1604/1409 1651/1606/1409 1639/1594/1409
f 1652/1605/1409 1640/1593/1409 1639/1594/1409
f 1654/1607/1429 1642/1597/1427 1641/1595/1427
f 1654/1607/1429 1655/1610/1429 1643/1596/1427
f 1656/1609/1429 1644/1599/1427 1643/1596/1427
f 1657/1611/1429 1645/1598/1427 1644/1599/1427
f 1658/1612/1429 1646/1600/1427 1645/1598/1427
f 1659/1613/1429 1647/1601/1427 1646/1600/1427
f 1660/1614/1429 1648/1602/1427 1647/1601/1427
f 1660/1614/1429 1661/1627/1433 1649/1615/1430
f 1662/1616/1409 1663/1618/1409 1651/1606/1409
f 1664/1617/1409 1652/1605/1409 1651/1606/1409
f 1666/1619/1431 1654/1607/1429 1653/1608/1429
f 1667/1621/1431 1655/1610/1429 1654/1607/1429
f 1667/1621/1431 1668/1622/1431 1656/1609/1429
f 1668/1622/1431 1669/1623/1431 1657/1611/1429
f 1669/1623/1431 1670/1625/1432 1658/1612/1429
f 1671/1624/1431 1659/1613/1429 1658/1612/1429
f 1672/1626/1431 1660/1614/1429 1659/1613/1429
f 1672/1626/1431 1673/1639/1435 1661/1627/1433
f 1675/1629/1409 1663/1618/1409 1662/1616/1409
f 1676/1630/1409 1664/1617/1409 1663/1618/1409
f 1677/1631/1434 1678/1633/1434 1666/1619/1431
f 1679/1632/1434 1667/1621/1431 1666/1619/1431
f 1680/1634/1434 1668/1622/1431 1667/1621/1431
f 1681/1635/1434 1669/1623/1431 1668/1622/1431
f 1682/1636/1434 1670/1625/1432 1669/1623/1431
f 1683/1637/1434 1671/1624/1431 1670/1625/1432
f 1684/1638/1434 1672/1626/1431 1671/1624/1431
f 1684/1638/1434 1685/1650/1437 1673/1639/1435
f 1686/1640/1409 1687/1641/1409 1675/1629/1409
f 1687/1641/1409 1688/1940/1409 1676/1630/1409
f 1690/1642/1436 1678/1633/1434 1677/1631/1434
f 1691/1644/1436 1679/1632/1434 1678/1633/1434
f 1692/1645/1436 1680/1634/1434 1679/1632/1434
f 1693/1646/1436 1681/1635/1434 1680/1634/1434
f 1694/1647/1436 1682/1636/1434 1681/1635/1434
f 1694/1647/1436 1695/1648/1436 1683/1637/1434
f 1695/1648/1436 1696/1649/1436 1684/1638/1434
f 1696/1649/1436 1697/1661/1439 1685/1650/1437
f 1699/1652/1409 1687/1641/1409 1686/1640/1409
f 1700/1653/1409 1688/1940/1409 1687/1641/1409
f 1702/1654/1438 1690/1642/1436 1689/1643/1436
f 1702/1654/1438 1703/1657/1438 1691/1644/1436
f 1704/1656/1438 1692/1645/1436 1691/1644/1436
f 1704/1656/1438 1705/1512/1438 1693/1646/1436
f 1706/1658/1438 1694/1647/1436 1693/1646/1436
f 1707/1659/1438 1695/1648/1436 1694/1647/1436
f 1708/1660/1438 1696/1649/1436 1695/1648/1436
f 1708/1660/1438 1709/1673/1442 1697/1661/1439
f 1711/1663/1409 1699/1652/1409 1698/1651/1409
f 1712/1664/1409 1700/1653/1409 1699/1652/1409
f 1713/1665/1440 1714/1666/1440 1702/1654/1438
f 1714/1666/1440 1715/1667/1440 1703/1657/1438
f 1715/1667/1440 1716/1669/1440 1704/1656/1438
f 1717/1668/1440 1705/1512/1438 1704/1656/1438
f 1717/1668/1440 1718/1671/1440 1706/1658/1438
f 1719/1670/1440 1707/1659/1438 1706/1658/1438
f 1720/1672/1441 1708/1660/1438 1707/1659/1438
f 1720/1672/1441 1721/1685/1445 1709/1673/1442
f 1723/1675/1409 1711/1663/1409 1710/1662/1409
f 1724/1676/1409 1712/1664/1409 1711/1663/1409
f 1726/1677/1443 1714/1666/1440 1713/1665/1440
f 1727/1679/1443 1715/1667/1440 1714/1666/1440
f 1728/1680/1443 1716/1669/1440 1715/1667/1440
f 1729/1681/1443 1717/1668/1440 1716/1669/1440
f 1730/1682/1443 1718/1671/1440 1717/1668/1440
f 1731/1683/1443 1719/1670/1440 1718/1671/1440
f 1732/1684/1444 1720/1672/1441 1719/1670/1440
f 1732/1684/1444 1733/1697/1448 1721/1685/1445
f 1734/1686/1409 1735/1688/1409 1723/1675/1409
f 1736/1687/1409 1724/1676/1409 1723/1675/1409
f 1738/1689/1446 1726/1677/1443 1725/1678/1443
f 1739/1691/1446 1727/1679/1443 1726/1677/1443
f 1740/1692/1446 1728/1680/1443 1727/1679/1443
f 1741/1693/1446 1729/1681/1443 1728/1680/1443
f 1742/1694/1446 1730/1682/1443 1729/1681/1443
f 1743/1695/1446 1731/1683/1443 1730/1682/1443
f 1744/1696/1447 1732/1684/1444 1731/1683/1443
f 1744/1696/1447 1745/1709/1450 1733/1697/1448
f 1746/1698/1409 1747/1700/1409 1735/1688/1409
f 1748/1699/1409 1736/1687/1409 1735/1688/1409
f 1749/1701/1449 1750/1703/1449 1738/1689/1446
f 1751/1702/1449 1739/1691/1446 1738/1689/1446
f 1752/1704/1449 1740/1692/1446 1739/1691/1446
f 1752/1704/1449 1753/1705/1449 1741/1693/1446
f 1753/1705/1449 1754/1706/1449 1742/1694/1446
f 1754/1706/1449 1755/1708/1449 1743/1695/1446
f 1756/1707/1449 1744/1696/1447 1743/1695/1446
f 1756/1707/1449 1757/1721/1452 1745/1709/1450
f 1758/1710/1409 1759/1712/1409 1747/1700/1409
f 1760/1711/1409 1748/1699/1409 1747/1700/1409
f 1762/1713/1451 1750/1703/1449 1749/1701/1449
f 1763/1715/1451 1751/1702/1449 1750/1703/1449
f 1764/1716/1451 1752/1704/1449 1751/1702/1449
f 1765/1717/1451 1753/1705/1449 1752/1704/1449
f 1765/1717/1451 1766/1719/1451 1754/1706/1449
f 1767/1718/1451 1755/1708/1449 1754/1706/1449
f 1768/1720/1451 1756/1707/1449 1755/1708/1449
f 1768/1720/1451 1769/1732/1455 1757/1721/1452
f 1770/1722/1409 1771/1724/1409 1759/1712/1409
f 1772/1723/1409 1760/1711/1409 1759/1712/1409
f 1774/1725/1453 1762/1713/1451 1761/1714/1451
f 1775/1727/1453 1763/1715/1451 1762/1713/1451
f 1776/1728/1453 1764/1716/1451 1763/1715/1451
f 1777/1513/1453 1765/1717/1451 1764/1716/1451
f 1778/1729/1454 1766/1719/1451 1765/1717/1451
f 1779/1730/1453 1767/1718/1451 1766/1719/1451
f 1779/1730/1453 1780/1731/1453 1768/1720/1451
f 1780/1731/1453 1781/1617/1458 1769/1732/1455
f 1783/1734/1409 1771/1724/1409 1770/1722/1409
f 1784/1735/1409 1772/1723/1409 1771/1724/1409
f 1785/1736/1456 1786/1738/1456 1774/1725/1453
f 1787/1737/1456 1775/1727/1453 1774/1725/1453
f 1788/1739/1456 1776/1728/1453 1775/1727/1453
f 1789/1740/1456 1777/1513/1453 1776/1728/1453
f 1789/1740/1456 1790/1741/1456 1778/1729/1454
f 1790/1741/1456 1791/1742/1456 1779/1730/1453
f 1791/1742/1456 1792/1743/1457 1780/1731/1453
f 1792/1743/1457 1793/1754/1460 1781/1617/1458
f 1794/1744/1409 1795/1745/1409 1783/1734/1409
f 1795/1745/1409 1796/1941/1409 1784/1735/1409
f 1797/1746/1459 1798/1748/1459 1786/1738/1456
f 1799/1747/1459 1787/1737/1456 1786/1738/1456
f 1799/1747/1459 1800/1750/1459 1788/1739/1456
f 1801/1749/1459 1789/1740/1456 1788/1739/1456
f 1802/1751/1459 1790/1741/1456 1789/1740/1456
f 1803/1752/1459 1791/1742/1456 1790/1741/1456
f 1803/1752/1459 1804/1753/1459 1792/1743/1457
f 1804/1753/1459 1805/1766/1462 1793/1754/1460
f 1807/1756/1409 1795/1745/1409 1794/1744/1409
f 1808/1757/1409 1796/1941/1409 1795/1745/1409
f 1810/1758/1461 1798/1748/1459 1797/1746/1459
f 1810/1758/1461 1811/1760/1461 1799/1747/1459
f 1811/1760/1461 1812/1762/1461 1800/1750/1459
f 1813/1761/1461 1801/1749/1459 1800/1750/1459
f 1814/1763/1461 1802/1751/1459 1801/1749/1459
f 1815/1764/1461 1803/1752/1459 1802/1751/1459
f 1816/1765/1461 1804/1753/1459 1803/1752/1459
f 1816/1765/1461 1817/1778/1465 1805/1766/1462
f 1819/1768/1409 1807/1756/1409 1806/1755/1409
f 1820/1769/1409 1808/1757/1409 1807/1756/1409
f 1822/1770/1463 1810/1758/1461 1809/1759/1461
f 1823/1772/1463 1811/1760/1461 1810/1758/1461
f 1823/1772/1463 1824/1773/1463 1812/1762/1461
f 1824/1773/1463 1825/1775/1463 1813/1761/1461
f 1826/1774/1463 1814/1763/1461 1813/1761/1461
f 1827/1776/1463 1815/1764/1461 1814/1763/1461
f 1828/1777/1464 1816/1765/1461 1815/1764/1461
f 1828/1777/1464 1829/1790/1468 1817/1778/1465
f 1831/1780/1409 1819/1768/1409 1818/1767/1409
f 1832/1781/1409 1820/1769/1409 1819/1768/1409
f 1834/1782/1466 1822/1770/1463 1821/1771/1463
f 1835/1784/1466 1823/1772/1463 1822/1770/1463
f 1835/1784/1466 1836/1785/1466 1824/1773/1463
f 1836/1785/1466 1837/1787/1466 1825/1775/1463
f 1838/1786/1466 1826/1774/1463 1825/1775/1463
f 1839/1788/1466 1827/1776/1463 1826/1774/1463
f 1840/1789/1467 1828/1777/1464 1827/1776/1463
f 1840/1789/1467 1841/1801/1472 1829/1790/1468
f 1842/1791/1409 1843/1793/1409 1831/1780/1409
f 1844/1792/1409 1832/1781/1409 1831/1780/1409
f 1846/1794/1469 1834/1782/1466 1833/1783/1466
f 1847/1796/1469 1835/1784/1466 1834/1782/1466
f 1848/1797/1469 1836/1785/1466 1835/1784/1466
f 1849/1722/1469 1837/1787/1466 1836/1785/1466
f 1850/1798/1469 1838/1786/1466 1837/1787/1466
f 1851/1799/1469 1839/1788/1466 1838/1786/1466
f 1852/1800/1471 1840/1789/1467 1839/1788/1466
f 1852/1800/1471 1853/1813/1475 1841/1801/1472
f 1854/1802/1409 1855/1804/1409 1843/1793/1409
f 1856/1803/1409 1844/1792/1409 1843/1793/1409
f 1857/1805/1473 1858/1807/1473 1846/1794/1469
f 1859/1806/1473 1847/1796/1469 1846/1794/1469
f 1859/1806/1473 1860/1809/1473 1848/1797/1469
f 1861/1808/1473 1849/1722/1469 1848/1797/1469
f 1862/1810/1473 1850/1798/1469 1849/1722/1469
f 1863/1811/1473 1851/1799/1469 1850/1798/1469
f 1864/1812/1474 1852/1800/1471 1851/1799/1469
f 1864/1812/1474 1865/1825/1477 1853/1813/1475
f 1866/1814/1409 1867/1816/1409 1855/1804/1409
f 1868/1815/1409 1856/1803/1409 1855/1804/1409
f 1870/1817/1476 1858/1807/1473 1857/1805/1473
f 1870/1817/1476 1871/1820/1476 1859/1806/1473
f 1872/1819/1476 1860/1809/1473 1859/1806/1473
f 1873/1821/1476 1861/1808/1473 1860/1809/1473
f 1874/1822/1476 1862/1810/1473 1861/1808/1473
f 1875/1823/1476 1863/1811/1473 1862/1810/1473
f 1876/1824/1476 1864/1812/1474 1863/1811/1473
f 1876/1824/1476 1877/1836/1480 1865/1825/1477
f 1878/1826/1409 1879/1827/1409 1867/1816/1409
f 1880/1726/1409 1868/1815/1409 1867/1816/1409
f 1882/1828/1478 1870/1817/1476 1869/1818/1476
f 1883/1830/1479 1871/1820/1476 1870/1817/1476
f 1883/1830/1479 1884/1831/1478 1872/1819/1476
f 1884/1831/1478 1885/1832/1478 1873/1821/1476
f 1885/1832/1478 1886/1834/1479 1874/1822/1476
f 1887/1833/1478 1875/1823/1476 1874/1822/1476
f 1888/1835/1478 1876/1824/1476 1875/1823/1476
f 1888/1835/1478 1889/1848/1482 1877/1836/1480
f 1891/1838/1409 1879/1827/1409 1878/1826/1409
f 1892/1839/1409 1880/1726/1409 1879/1827/1409
f 1893/1840/1481 1894/1842/1481 1882/1828/1478
f 1895/1841/1481 1883/1830/1479 1882/1828/1478
f 1896/1843/1481 1884/1831/1478 1883/1830/1479
f 1897/1844/1481 1885/1832/1478 1884/1831/1478
f 1898/1845/1481 1886/1834/1479 1885/1832/1478
f 1899/1846/1481 1887/1833/1478 1886/1834/1479
f 1900/1847/1481 1888/1835/1478 1887/1833/1478
f 1900/1847/1481 1901/1859/1485 1889/1848/1482
f 1902/1849/1409 1903/1850/1409 1891/1838/1409
f 1903/1850/1409 1904/1942/1409 1892/1839/1409
f 1906/1851/1483 1894/1842/1481 1893/1840/1481
f 1907/1853/1483 1895/1841/1481 1894/1842/1481
f 1908/1854/1483 1896/1843/1481 1895/1841/1481
f 1909/1855/1483 1897/1844/1481 1896/1843/1481
f 1910/1856/1483 1898/1845/1481 1897/1844/1481
f 1910/1856/1483 1911/1857/1483 1899/1846/1481
f 1911/1857/1483 1912/1858/1484 1900/1847/1481
f 1912/1858/1484 1913/1870/1489 1901/1859/1485
f 1915/1861/1409 1903/1850/1409 1902/1849/1409
f 1916/1862/1409 1904/1942/1409 1903/1850/1409
f 1918/1863/1486 1906/1851/1483 1905/1852/1483
f 1918/1863/1486 1919/1866/1486 1907/1853/1483
f 1920/1865/1486 1908/1854/1483 1907/1853/1483
f 1920/1865/1486 1921/1724/1486 1909/1855/1483
f 1922/1867/1486 1910/1856/1483 1909/1855/1483
f 1923/1868/1486 1911/1857/1483 1910/1856/1483
f 1924/1869/1488 1912/1858/1484 1911/1857/1483
f 1924/1869/1488 1925/1882/1492 1913/1870/1489
f 1927/1872/1409 1915/1861/1409 1914/1860/1409
f 1928/1873/1409 1916/1862/1409 1915/1861/1409
f 1929/1874/1490 1930/1875/1490 1918/1863/1486
f 1930/1875/1490 1931/1876/1490 1919/1866/1486
f 1931/1876/1490 1932/1878/1490 1920/1865/1486
f 1933/1877/1490 1921/1724/1486 1920/1865/1486
f 1933/1877/1490 1934/1880/1490 1922/1867/1486
f 1935/1879/1490 1923/1868/1486 1922/1867/1486
f 1936/1881/1491 1924/1869/1488 1923/1868/1486
f 1936/1881/1491 1937/1894/1495 1925/1882/1492
f 1939/1884/1409 1927/1872/1409 1926/1871/1409
f 1940/1885/1409 1928/1873/1409 1927/1872/1409
f 1942/1886/1493 1930/1875/1490 1929/1874/1490
f 1943/1888/1493 1931/1876/1490 1930/1875/1490
f 1944/1889/1493 1932/1878/1490 1931/1876/1490
f 1945/1890/1493 1933/1877/1490 1932/1878/1490
f 1946/1891/1493 1934/1880/1490 1933/1877/1490
f 1947/1892/1493 1935/1879/1490 1934/1880/1490
f 1948/1893/1494 1936/1881/1491 1935/1879/1490
f 1948/1893/1494 1949/1906/1497 1937/1894/1495
f 1950/1895/1409 1951/1897/1409 1939/1884/1409
f 1952/1896/1409 1940/1885/1409 1939/1884/1409
f 1954/1898/1496 1942/1886/1493 1941/1887/1493
f 1955/1900/1496 1943/1888/1493 1942/1886/1493
f 1956/1901/1496 1944/1889/1493 1943/1888/1493
f 1957/1902/1496 1945/1890/1493 1944/1889/1493
f 1958/1903/1496 1946/1891/1493 1945/1890/1493
f 1959/1904/1496 1947/1892/1493 1946/1891/1493
f 1960/1905/1496 1948/1893/1494 1947/1892/1493
f 1960/1905/1496 1961/1918/1499 1949/1906/1497
f 1962/1907/1409 1963/1909/1409 1951/1897/1409
f 1964/1908/1409 1952/1896/1409 1951/1897/1409
f 1965/1910/1498 1966/1912/1498 1954/1898/1496
f 1967/1911/1498 1955/1900/1496 1954/1898/1496
f 1968/1913/1498 1956/1901/1496 1955/1900/1496
f 1968/1913/1498 1969/1914/1498 1957/1902/1496
f 1969/1914/1498 1970/1915/1498 1958/1903/1496
f 1970/1915/1498 1971/1917/1498 1959/1904/1496
f 1972/1916/1498 1960/1905/1496 1959/1904/1496
f 1972/1916/1498 1973/1930/1502 1961/1918/1499
f 1974/1919/1409 1975/1921/1409 1963/1909/1409
f 1976/1920/1409 1964/1908/1409 1963/1909/1409
f 1978/1922/1500 1966/1912/1498 1965/1910/1498
f 1979/1924/1500 1967/1911/1498 1966/1912/1498
f 1980/1925/1500 1968/1913/1498 1967/1911/1498
f 1981/1926/1500 1969/1914/1498 1968/1913/1498
f 1981/1926/1500 1982/1928/1500 1970/1915/1498
f 1983/1927/1500 1971/1917/1498 1970/1915/1498
f 1984/1929/1501 1972/1916/1498 1971/1917/1498
f 1984/1929/1501 1985/1938/1503 1973/1930/1502
f 1554/1512/1409 1555/1516/1409 1975/1921/1409
f 1556/1527/1409 1976/1920/1409 1975/1921/1409
f 1558/1931/1411 1978/1922/1500 1977/1923/1500
f 1559/1933/1411 1979/1924/1500 1978/1922/1500
f 1560/1934/1411 1980/1925/1500 1979/1924/1500
f 1561/1723/1411 1981/1926/1500 1980/1925/1500
f 1562/1935/1412 1982/1928/1500 1981/1926/1500
f 1563/1936/1411 1983/1927/1500 1982/1928/1500
f 1563/1936/1411 1564/1937/1411 1984/1929/1501
f 1564/1937/1411 1565/1943/1413 1985/1938/1503
o bottom_cylinder
v -0.026010 0.514337 -0.000430
v -0.018322 0.654150 -0.003550
v 0.159321 0.514337 -0.000430
v 0.159321 0.514337 -0.000430
v 0.148096 0.528318 -0.000757
v 0.134099 0.542300 -0.001165
v 0.118131 0.556281 -0.001630
v 0.099336 0.570262 -0.002178
v 0.076140 0.584243 -0.002856
v 0.073136 0.598225 -0.002946
v 0.070070 0.612206 -0.003040
v 0.065753 0.626187 -0.003172
v 0.060185 0.640168 -0.003342
v 0.053366 0.654150 -0.003550
v 0.053366 0.654150 -0.003550
v 0.156505 0.514337 -0.032612
v 0.156505 0.514337 -0.032612
v 0.145462 0.528318 -0.030868
v 0.131690 0.542300 -0.028694
v 0.115980 0.556281 -0.026219
v 0.097488 0.570262 -0.023305
v 0.074667 0.584243 -0.019696
v 0.071713 0.598225 -0.019216
v 0.068699 0.612206 -0.018717
v 0.064455 0.626187 -0.018014
v 0.058981 0.640168 -0.017108
v 0.052277 0.654150 -0.015999
v 0.052277 0.654150 -0.015999
v 0.148144 0.514337 -0.063816
v 0.148144 0.514337 -0.063816
v 0.137639 0.528318 -0.060065
v 0.124538 0.542300 -0.055386
v 0.109591 0.556281 -0.050062
v 0.091999 0.570262 -0.043791
v 0.070292 0.584243 -0.036024
v 0.067486 0.598225 -0.034991
v 0.064626 0.612206 -0.033918
v 0.060598 0.626187 -0.032406
v 0.055404 0.640168 -0.030457
v 0.049042 0.654150 -0.028069
v 0.049042 0.654150 -0.028069
v 0.134491 0.514337 -0.093095
v 0.134491 0.514337 -0.093095
v 0.124864 0.528318 -0.087459
v 0.112860 0.542300 -0.080431
v 0.099160 0.556281 -0.072432
v 0.083035 0.570262 -0.063013
v 0.063148 0.584243 -0.051345
v 0.060584 0.598225 -0.049793
v 0.057975 0.612206 -0.048180
v 0.054302 0.626187 -0.045910
v 0.049564 0.640168 -0.042981
v 0.043761 0.654150 -0.039394
v 0.043761 0.654150 -0.039394
v 0.115961 0.514337 -0.119558
v 0.115961 0.514337 -0.119558
v 0.107527 0.528318 -0.112219
v 0.097010 0.542300 -0.103067
v 0.085002 0.556281 -0.092651
v 0.070871 0.570262 -0.080386
v 0.053452 0.584243 -0.065192
v 0.051216 0.598225 -0.063171
v 0.048949 0.612206 -0.061071
v 0.045756 0.626187 -0.058115
v 0.041637 0.640168 -0.054301
v 0.036594 0.654150 -0.049630
v 0.036594 0.654150 -0.049630
v 0.093118 0.514337 -0.142401
v 0.093118 0.514337 -0.142401
v 0.086154 0.528318 -0.133592
v 0.077470 0.542300 -0.122607
v 0.067548 0.556281 -0.110105
v 0.055874 0.570262 -0.095382
v 0.041499 0.584243 -0.077145
v 0.039668 0.598225 -0.074720
v 0.037821 0.612206 -0.072199
v 0.035220 0.626187 -0.068650
v 0.031866 0.640168 -0.064072
v 0.027758 0.654150 -0.058466
v 0.027758 0.654150 -0.058466
v 0.066655 0.514337 -0.160931
v 0.066655 0.514337 -0.160931
v 0.061394 0.528318 -0.150929
v 0.054833 0.542300 -0.138457
v 0.047329 0.556281 -0.124262
v 0.038501 0.570262 -0.107547
v 0.027651 0.584243 -0.086841
v 0.026289 0.598225 -0.084087
v 0.024930 0.612206 -0.081226
v 0.023015 0.626187 -0.077196
v 0.020546 0.640168 -0.071999
v 0.017522 0.654150 -0.065634
v 0.017522 0.654150 -0.065634
v 0.037377 0.514337 -0.174584
v 0.037377 0.514337 -0.174584
v 0.034000 0.528318 -0.163703
v 0.029789 0.542300 -0.150135
v 0.024959 0.556281 -0.134694
v 0.019280 0.570262 -0.116510
v 0.012331 0.584243 -0.093985
v 0.011488 0.598225 -0.090990
v 0.010667 0.612206 -0.087876
v 0.009512 0.626187 -0.083493
v 0.008022 0.640168 -0.077839
v 0.006197 0.654150 -0.070915
v 0.006197 0.654150 -0.070915
v 0.006172 0.514337 -0.182945
v 0.006172 0.514337 -0.182945
v 0.004804 0.528318 -0.171527
v 0.003097 0.542300 -0.157287
v 0.001117 0.556281 -0.141082
v -0.001206 0.570262 -0.121999
v -0.003998 0.584243 -0.098361
v -0.004288 0.598225 -0.095217
v -0.004534 0.612206 -0.091949
v -0.004880 0.626187 -0.087349
v -0.005327 0.640168 -0.081416
v -0.005874 0.654150 -0.074149
v -0.005874 0.654150 -0.074149
v -0.026010 0.514337 -0.185760
v -0.026010 0.514337 -0.185760
v -0.025308 0.528318 -0.174161
v -0.024432 0.542300 -0.159696
v -0.023473 0.556281 -0.143234
v -0.022334 0.570262 -0.123848
v -0.020838 0.584243 -0.099834
v -0.020558 0.598225 -0.096640
v -0.020211 0.612206 -0.093321
v -0.019723 0.626187 -0.088648
v -0.019093 0.640168 -0.082620
v -0.018322 0.654150 -0.075238
v -0.018322 0.654150 -0.075238
v -0.058193 0.514337 -0.182945
v -0.058193 0.514337 -0.182945
v -0.055419 0.528318 -0.171527
v -0.051960 0.542300 -0.157287
v -0.048062 0.556281 -0.141082
v -0.043462 0.570262 -0.121999
v -0.037678 0.584243 -0.098361
v -0.036827 0.598225 -0.095217
v -0.035888 0.612206 -0.091949
v -0.034566 0.626187 -0.087349
v -0.032860 0.640168 -0.081416
v -0.030771 0.654150 -0.074149
v -0.030771 0.654150 -0.074149
v -0.089397 0.514337 -0.174584
v -0.089397 0.514337 -0.174584
v -0.084615 0.528318 -0.163703
v -0.078652 0.542300 -0.150135
v -0.071904 0.556281 -0.134694
v -0.063948 0.570262 -0.116510
v -0.054006 0.584243 -0.093985
v -0.052603 0.598225 -0.090990
v -0.051089 0.612206 -0.087876
v -0.048957 0.626187 -0.083493
v -0.046208 0.640168 -0.077839
v -0.042841 0.654150 -0.070915
v -0.042841 0.654150 -0.070915
v -0.118676 0.514337 -0.160931
v -0.118676 0.514337 -0.160931
v -0.112010 0.528318 -0.150929
v -0.103697 0.542300 -0.138457
v -0.094274 0.556281 -0.124262
v -0.083169 0.570262 -0.107547
v -0.069327 0.584243 -0.086841
v -0.067405 0.598225 -0.084087
v -0.065352 0.612206 -0.081226
v -0.062461 0.626187 -0.077196
v -0.058732 0.640168 -0.071999
v -0.054166 0.654150 -0.065634
v -0.054166 0.654150 -0.065634
v -0.145139 0.514337 -0.142401
v -0.145139 0.514337 -0.142401
v -0.136770 0.528318 -0.133592
v -0.126333 0.542300 -0.122607
v -0.114494 0.556281 -0.110105
v -0.100542 0.570262 -0.095382
v -0.083174 0.584243 -0.077145
v -0.080783 0.598225 -0.074720
v -0.078243 0.612206 -0.072199
v -0.074666 0.626187 -0.068650
v -0.070052 0.640168 -0.064072
v -0.064402 0.654150 -0.058466
v -0.064402 0.654150 -0.058466
v -0.167982 0.514337 -0.119558
v -0.167982 0.514337 -0.119558
v -0.158143 0.528318 -0.112219
v -0.145873 0.542300 -0.103067
v -0.131947 0.556281 -0.092651
v -0.115539 0.570262 -0.080386
v -0.095127 0.584243 -0.065192
v -0.092331 0.598225 -0.063171
v -0.089371 0.612206 -0.061071
v -0.085201 0.626187 -0.058115
v -0.079824 0.640168 -0.054301
v -0.073238 0.654150 -0.049630
v -0.073238 0.654150 -0.049630
v -0.186512 0.514337 -0.093095
v -0.186512 0.514337 -0.093095
v -0.175480 0.528318 -0.087459
v -0.161723 0.542300 -0.080431
v -0.146105 0.556281 -0.072432
v -0.127703 0.570262 -0.063013
v -0.104823 0.584243 -0.051345
v -0.101699 0.598225 -0.049793
v -0.098397 0.612206 -0.048180
v -0.093747 0.626187 -0.045910
v -0.087750 0.640168 -0.042981
v -0.080406 0.654150 -0.039394
v -0.080406 0.654150 -0.039394
v -0.200164 0.514337 -0.063816
v -0.200164 0.514337 -0.063816
v -0.188254 0.528318 -0.060065
v -0.173401 0.542300 -0.055386
v -0.156536 0.556281 -0.050062
v -0.136667 0.570262 -0.043791
v -0.111967 0.584243 -0.036024
v -0.108601 0.598225 -0.034991
v -0.105048 0.612206 -0.033918
v -0.100044 0.626187 -0.032406
v -0.093590 0.640168 -0.030457
v -0.085687 0.654150 -0.028069
v -0.085687 0.654150 -0.028069
v -0.208526 0.514337 -0.032612
v -0.208526 0.514337 -0.032612
v -0.196077 0.528318 -0.030868
v -0.180553 0.542300 -0.028694
v -0.162925 0.556281 -0.026219
v -0.142156 0.570262 -0.023305
v -0.116343 0.584243 -0.019696
v -0.112828 0.598225 -0.019216
v -0.109121 0.612206 -0.018717
v -0.103900 0.626187 -0.018014
v -0.097167 0.640168 -0.017108
v -0.088921 0.654150 -0.015999
v -0.088921 0.654150 -0.015999
v -0.211341 0.514337 -0.000430
v -0.211341 0.514337 -0.000430
v -0.198712 0.528318 -0.000757
v -0.182962 0.542300 -0.001165
v -0.165076 0.556281 -0.001630
v -0.144004 0.570262 -0.002178
v -0.117816 0.584243 -0.002856
v -0.114252 0.598225 -0.002946
v -0.110492 0.612206 -0.003040
v -0.105199 0.626187 -0.003172
v -0.098372 0.640168 -0.003342
v -0.090010 0.654150 -0.003550
v -0.090010 0.654150 -0.003550
v -0.208526 0.514337 0.031753
v -0.208526 0.514337 0.031753
v -0.196077 0.528318 0.029354
v -0.180553 0.542300 0.026363
v -0.162925 0.556281 0.022959
v -0.142156 0.570262 0.018950
v -0.116343 0.584243 0.013984
v -0.112828 0.598225 0.013324
v -0.109121 0.612206 0.012638
v -0.103900 0.626187 0.011671
v -0.097167 0.640168 0.010425
v -0.088921 0.654150 0.008898
v -0.088921 0.654150 0.008898
v -0.200164 0.514337 0.062957
v -0.200164 0.514337 0.062957
v -0.188254 0.528318 0.058551
v -0.173401 0.542300 0.053055
v -0.156536 0.556281 0.046801
v -0.136667 0.570262 0.039436
v -0.111967 0.584243 0.030313
v -0.108601 0.598225 0.029099
v -0.105048 0.612206 0.027838
v -0.100044 0.626187 0.026063
v -0.093590 0.640168 0.023773
v -0.085687 0.654150 0.020968
v -0.085687 0.654150 0.020968
v -0.186512 0.514337 0.092236
v -0.186512 0.514337 0.092236
v -0.175480 0.528318 0.085945
v -0.161723 0.542300 0.078100
v -0.146105 0.556281 0.069171
v -0.127703 0.570262 0.058657
v -0.104823 0.584243 0.045633
v -0.101699 0.598225 0.043901
v -0.098397 0.612206 0.042101
v -0.093747 0.626187 0.039566
v -0.087750 0.640168 0.036297
v -0.080406 0.654150 0.032294
v -0.080406 0.654150 0.032294
v -0.167982 0.514337 0.118699
v -0.167982 0.514337 0.118699
v -0.158143 0.528318 0.110705
v -0.145873 0.542300 0.100736
v -0.131947 0.556281 0.089391
v -0.115539 0.570262 0.076030
v -0.095127 0.584243 0.059481
v -0.092331 0.598225 0.057279
v -0.089371 0.612206 0.054992
v -0.085201 0.626187 0.051771
v -0.079824 0.640168 0.047617
v -0.073238 0.654150 0.042530
v -0.073238 0.654150 0.042530
v -0.145139 0.514337 0.141542
v -0.145139 0.514337 0.141542
v -0.136770 0.528318 0.132078
v -0.126333 0.542300 0.120276
v -0.114494 0.556281 0.106844
v -0.100542 0.570262 0.091027
v -0.083174 0.584243 0.071434
v -0.080783 0.598225 0.068828
v -0.078243 0.612206 0.066120
v -0.074666 0.626187 0.062307
v -0.070052 0.640168 0.057389
v -0.064402 0.654150 0.051366
v -0.064402 0.654150 0.051366
v -0.118676 0.514337 0.160072
v -0.118676 0.514337 0.160072
v -0.112010 0.528318 0.149415
v -0.103697 0.542300 0.136126
v -0.094274 0.556281 0.121002
v -0.083169 0.570262 0.103192
v -0.069327 0.584243 0.081130
v -0.067405 0.598225 0.078195
v -0.065352 0.612206 0.075146
v -0.062461 0.626187 0.070853
v -0.058732 0.640168 0.065315
v -0.054166 0.654150 0.058533
v -0.054166 0.654150 0.058533
v -0.089397 0.514337 0.173725
v -0.089397 0.514337 0.173725
v -0.084615 0.528318 0.162189
v -0.078652 0.542300 0.147804
v -0.071904 0.556281 0.131433
v -0.063948 0.570262 0.112155
v -0.054006 0.584243 0.088274
v -0.052603 0.598225 0.085098
v -0.051089 0.612206 0.081797
v -0.048957 0.626187 0.077150
v -0.046208 0.640168 0.071155
v -0.042841 0.654150 0.063814
v -0.042841 0.654150 0.063814
v -0.058193 0.514337 0.182086
v -0.058193 0.514337 0.182086
v -0.055419 0.528318 0.170012
v -0.051960 0.542300 0.154956
v -0.048062 0.556281 0.137822
v -0.043462 0.570262 0.117644
v -0.037678 0.584243 0.092649
v -0.036827 0.598225 0.089325
v -0.035888 0.612206 0.085870
v -0.034566 0.626187 0.081006
v -0.032860 0.640168 0.074732
v -0.030771 0.654150 0.067048
v -0.030771 0.654150 0.067048
v -0.026010 0.514337 0.184901
v -0.026010 0.514337 0.184901
v -0.025308 0.528318 0.172647
v -0.024432 0.542300 0.157365
v -0.023473 0.556281 0.139973
v -0.022334 0.570262 0.119492
v -0.020838 0.584243 0.094122
v -0.020558 0.598225 0.090748
v -0.020211 0.612206 0.087242
v -0.019723 0.626187 0.082305
v -0.019093 0.640168 0.075936
v -0.018322 0.654150 0.068138
v -0.018322 0.654150 0.068138
v 0.006172 0.514337 0.182086
v 0.006172 0.514337 0.182086
v 0.004804 0.528318 0.170012
v 0.003097 0.542300 0.154956
v 0.001117 0.556281 0.137822
v -0.001206 0.570262 0.117644
v -0.003998 0.584243 0.092649
v -0.004288 0.598225 0.089325
v -0.004534 0.612206 0.085870
v -0.004880 0.626187 0.081006
v -0.005327 0.640168 0.074732
v -0.005874 0.654150 0.067048
v -0.005874 0.654150 0.067048
v 0.037377 0.514337 0.173725
v 0.037377 0.514337 0.173725
v 0.034000 0.528318 0.162189
v 0.029789 0.542300 0.147804
v 0.024959 0.556281 0.131433
v 0.019280 0.570262 0.112155
v 0.012331 0.584243 0.088274
v 0.011488 0.598225 0.085098
v 0.010667 0.612206 0.081797
v 0.009512 0.626187 0.077150
v 0.008022 0.640168 0.071155
v 0.006197 0.654150 0.063814
v 0.006197 0.654150 0.063814
v 0.066655 0.514337 0.160072
v 0.066655 0.514337 0.160072
v 0.061394 0.528318 0.149415
v 0.054833 0.542300 0.136126
v 0.047329 0.556281 0.121002
v 0.038501 0.570262 0.103192
v 0.027651 0.584243 0.081130
v 0.026289 0.598225 0.078195
v 0.024930 0.612206 0.075146
v 0.023015 0.626187 0.070853
v 0.020546 0.640168 0.065315
v 0.017522 0.654150 0.058533
v 0.017522 0.654150 0.058533
v 0.093118 0.514337 0.141542
v 0.093118 0.514337 0.141542
v 0.086154 0.528318 0.132078
v 0.077470 0.542300 0.120276
v 0.067548 0.556281 0.106844
v 0.055874 0.570262 0.091027
v 0.041499 0.584243 0.071434
v 0.039668 0.598225 0.068828
v 0.037821 0.612206 0.066120
v 0.035220 0.626187 0.062307
v 0.031866 0.640168 0.057389
v 0.027758 0.654150 0.051366
v 0.027758 0.654150 0.051366
v 0.115961 0.514337 0.118699
v 0.115961 0.514337 0.118699
v 0.107527 0.528318 0.110705
v 0.097010 0.542300 0.100736
v 0.085002 0.556281 0.089391
v 0.070871 0.570262 0.076030
v 0.053452 0.584243 0.059481
v 0.051216 0.598225 0.057279
v 0.048949 0.612206 0.054992
v 0.045756 0.626187 0.051771
v 0.041637 0.640168 0.047617
v 0.036594 0.654150 0.042530
v 0.036594 0.654150 0.042530
v 0.134491 0.514337 0.092236
v 0.134491 0.514337 0.092236
v 0.124864 0.528318 0.085945
v 0.112860 0.542300 0.078100
v 0.099160 0.556281 0.069171
v 0.083035 0.570262 0.058657
v 0.063148 0.584243 0.045633
v 0.060584 0.598225 0.043901
v 0.057975 0.612206 0.042101
v 0.054302 0.626187 0.039566
v 0.049564 0.640168 0.036297
v 0.043761 0.654150 0.032294
v 0.043761 0.654150 0.032294
v 0.148144 0.514337 0.062957
v 0.148144 0.514337 0.062957
v 0.137639 0.528318 0.058551
v 0.124538 0.542300 0.053055
v 0.109591 0.556281 0.046801
v 0.091999 0.570262 0.039436
v 0.070292 0.584243 0.030313
v 0.067486 0.598225 0.029099
v 0.064626 0.612206 0.027838
v 0.060598 0.626187 0.026063
v 0.055404 0.640168 0.023773
v 0.049042 0.654150 0.020968
v 0.049042 0.654150 0.020968
v 0.156505 0.514337 0.031753
v 0.156505 0.514337 0.031753
v 0.145462 0.528318 0.029354
v 0.131690 0.542300 0.026363
v 0.115980 0.556281 0.022959
v 0.097488 0.570262 0.018950
v 0.074667 0.584243 0.013984
v 0.071713 0.598225 0.013324
v 0.068699 0.612206 0.012638
v 0.064455 0.626187 0.011671
v 0.058981 0.640168 0.010425
v 0.052277 0.654150 0.008898
v 0.052277 0.654150 0.008898
vn -0.0000 -1.0000 -0.0000
vn 0.7693 0.6245 -0.1352
vn 0.7444 0.6678 -0.0001
vn 0.7798 0.6260 -0.0001
vn 0.7345 0.6659 -0.1307
vn 0.6832 0.7302 -0.0001
vn 0.6743 0.7287 -0.1198
vn 0.6283 0.7780 -0.0001
vn 0.6205 0.7764 -0.1107
vn 0.5572 0.8304 -0.0001
vn 0.5507 0.8288 -0.0990
vn 0.8134 0.5817 0.0001
vn 0.8015 0.5828 -0.1338
vn 0.9772 0.2121 -0.0000
vn 0.9626 0.2114 -0.1697
vn 0.9670 0.2548 -0.0000
vn 0.9526 0.2536 -0.1682
vn 0.9430 0.3328 -0.0000
vn 0.9291 0.3314 -0.1643
vn 0.9146 0.4043 -0.0000
vn 0.9013 0.4029 -0.1595
vn 0.8988 0.4384 -0.0000
vn -0.0000 1.0000 -0.0000
vn 0.7346 0.6237 -0.2672
vn 0.7013 0.6652 -0.2564
vn 0.6441 0.7279 -0.2353
vn 0.5927 0.7757 -0.2170
vn 0.5259 0.8283 -0.1934
vn 0.7665 0.5822 -0.2710
vn 0.9185 0.2113 -0.3343
vn 0.9090 0.2534 -0.3309
vn 0.8865 0.3314 -0.3231
vn 0.8598 0.4029 -0.3135
vn 0.8857 0.4371 -0.1564
vn 0.6471 0.6653 -0.3724
vn 0.6769 0.6237 -0.3910
vn 0.5941 0.7280 -0.3422
vn 0.5460 0.7756 -0.3166
vn 0.6981 0.5841 -0.4141
vn 0.4850 0.8276 -0.2826
vn 0.8463 0.2118 -0.4887
vn 0.8375 0.2542 -0.4836
vn 0.8170 0.3324 -0.4713
vn 0.7924 0.4040 -0.4570
vn 0.7784 0.4383 -0.4495
vn 0.5721 0.6660 -0.4787
vn 0.5980 0.6245 -0.5024
vn 0.5251 0.7286 -0.4397
vn 0.4836 0.7763 -0.4043
vn 0.4296 0.8289 -0.3582
vn 0.6150 0.5851 -0.5287
vn 0.7484 0.2131 -0.6281
vn 0.7406 0.2561 -0.6212
vn 0.7222 0.3344 -0.6055
vn 0.7002 0.4064 -0.5870
vn 0.6877 0.4408 -0.5769
vn 0.4794 0.6676 -0.5697
vn 0.5013 0.6260 -0.5973
vn 0.4399 0.7300 -0.5231
vn 0.4051 0.7775 -0.4811
vn 0.3599 0.8300 -0.4262
vn 0.5131 0.5866 -0.6266
vn 0.6277 0.2149 -0.7482
vn 0.6211 0.2585 -0.7399
vn 0.6054 0.3374 -0.7209
vn 0.5867 0.4098 -0.6985
vn 0.5759 0.4444 -0.6862
vn 0.3722 0.6698 -0.6426
vn 0.3890 0.6283 -0.6737
vn 0.3414 0.7320 -0.5896
vn 0.3144 0.7793 -0.5421
vn 0.2793 0.8315 -0.4802
vn 0.3957 0.5887 -0.7049
vn 0.4880 0.2172 -0.8454
vn 0.4829 0.2616 -0.8357
vn 0.4703 0.3411 -0.8139
vn 0.4557 0.4142 -0.7879
vn 0.4470 0.4489 -0.7737
vn 0.2542 0.6726 -0.6950
vn 0.2654 0.6312 -0.7288
vn 0.2329 0.7345 -0.6374
vn 0.2146 0.7814 -0.5859
vn 0.1907 0.8335 -0.5186
vn 0.2666 0.5913 -0.7611
vn 0.3336 0.2201 -0.9167
vn 0.3296 0.2650 -0.9061
vn 0.3214 0.3458 -0.8815
vn 0.3111 0.4193 -0.8529
vn 0.3048 0.4543 -0.8371
vn 0.1291 0.6759 -0.7256
vn 0.1343 0.6347 -0.7610
vn 0.1182 0.7375 -0.6649
vn 0.1091 0.7841 -0.6110
vn 0.0972 0.8357 -0.5405
vn 0.1299 0.5942 -0.7937
vn 0.1692 0.2233 -0.9600
vn 0.1678 0.2696 -0.9482
vn 0.1631 0.3508 -0.9221
vn 0.1579 0.4251 -0.8913
vn 0.1543 0.4604 -0.8742
vn 0.0012 0.6795 -0.7337
vn 0.0001 0.6385 -0.7696
vn 0.0010 0.7409 -0.6716
vn 0.0013 0.7870 -0.6169
vn 0.0017 0.8382 -0.5454
vn -0.0100 0.5974 -0.8019
vn -0.0001 0.2268 -0.9739
vn 0.0003 0.2739 -0.9618
vn 0.0004 0.3563 -0.9344
vn 0.0007 0.4314 -0.9022
vn 0.0002 0.4669 -0.8843
vn -0.1255 0.6835 -0.7191
vn -0.1329 0.6426 -0.7546
vn -0.1151 0.7444 -0.6578
vn -0.1051 0.7902 -0.6038
vn -0.0921 0.8409 -0.5333
vn -0.1487 0.6008 -0.7854
vn -0.1690 0.2305 -0.9583
vn -0.1664 0.2786 -0.9459
vn -0.1612 0.3622 -0.9181
vn -0.1555 0.4378 -0.8855
vn -0.1528 0.4736 -0.8674
vn -0.2471 0.6876 -0.6827
vn -0.2607 0.6469 -0.7167
vn -0.2261 0.7480 -0.6240
vn -0.2070 0.7933 -0.5725
vn -0.1818 0.8436 -0.5052
vn -0.2821 0.6043 -0.7452
vn -0.3326 0.2342 -0.9135
vn -0.3276 0.2834 -0.9013
vn -0.3174 0.3679 -0.8740
vn -0.3057 0.4443 -0.8421
vn -0.2998 0.4804 -0.8242
vn -0.3600 0.6917 -0.6261
vn -0.3795 0.6511 -0.6573
vn -0.3289 0.7517 -0.5716
vn -0.3011 0.7966 -0.5242
vn -0.2648 0.8463 -0.4622
vn -0.4060 0.6077 -0.6825
vn -0.4857 0.2379 -0.8411
vn -0.4784 0.2880 -0.8296
vn -0.4632 0.3736 -0.8037
vn -0.4457 0.4506 -0.7735
vn -0.4366 0.4870 -0.7565
vn -0.4608 0.6956 -0.5512
vn -0.4854 0.6553 -0.5788
vn -0.4206 0.7552 -0.5027
vn -0.3849 0.7997 -0.4608
vn -0.3382 0.8490 -0.4060
vn -0.5168 0.6110 -0.5997
vn -0.6238 0.2414 -0.7433
vn -0.6144 0.2923 -0.7329
vn -0.5943 0.3790 -0.7093
vn -0.5713 0.4565 -0.6821
vn -0.5590 0.4932 -0.6665
vn -0.5468 0.6993 -0.4604
vn -0.5761 0.6591 -0.4834
vn -0.4986 0.7585 -0.4196
vn -0.4561 0.8026 -0.3845
vn -0.4006 0.8514 -0.3386
vn -0.6114 0.6140 -0.4992
vn -0.7428 0.2447 -0.6232
vn -0.7314 0.2964 -0.6142
vn -0.7071 0.3838 -0.5940
vn -0.6788 0.4621 -0.5707
vn -0.6638 0.4988 -0.5573
vn -0.6156 0.7027 -0.3568
vn -0.6485 0.6627 -0.3745
vn -0.5610 0.7615 -0.3248
vn -0.5129 0.8052 -0.2976
vn -0.4502 0.8536 -0.2621
vn -0.6870 0.6167 -0.3843
vn -0.8391 0.2476 -0.4844
vn -0.8260 0.2999 -0.4773
vn -0.7979 0.3881 -0.4613
vn -0.7655 0.4668 -0.4429
vn -0.7480 0.5038 -0.4321
vn -0.6655 0.7056 -0.2435
vn -0.7011 0.6658 -0.2551
vn -0.6058 0.7642 -0.2215
vn -0.5539 0.8075 -0.2029
vn -0.4859 0.8555 -0.1788
vn -0.7416 0.6191 -0.2585
vn -0.9099 0.2500 -0.3311
vn -0.8953 0.3030 -0.3264
vn -0.8644 0.3917 -0.3153
vn -0.8288 0.4708 -0.3024
vn -0.8094 0.5079 -0.2948
vn -0.6953 0.7080 -0.1237
vn -0.7325 0.6683 -0.1293
vn -0.6325 0.7664 -0.1124
vn -0.5783 0.8093 -0.1031
vn -0.5070 0.8571 -0.0913
vn -0.7738 0.6209 -0.1255
vn -0.9530 0.2519 -0.1681
vn -0.9377 0.3054 -0.1660
vn -0.9048 0.3945 -0.1601
vn -0.8670 0.4740 -0.1538
vn -0.8464 0.5111 -0.1495
vn -0.7044 0.7099 -0.0012
vn -0.7421 0.6703 -0.0001
vn -0.6404 0.7680 -0.0008
vn -0.5852 0.8109 -0.0012
vn -0.5131 0.8583 -0.0018
vn -0.7827 0.6223 0.0108
vn -0.9674 0.2533 -0.0000
vn -0.9517 0.3069 -0.0005
vn -0.9180 0.3965 -0.0006
vn -0.8794 0.4761 -0.0008
vn -0.8582 0.5133 -0.0006
vn -0.6925 0.7112 0.1209
vn -0.7296 0.6717 0.1287
vn -0.6294 0.7692 0.1101
vn -0.5751 0.8119 0.1003
vn -0.5043 0.8591 0.0871
vn -0.7683 0.6231 0.1464
vn -0.9525 0.2540 0.1679
vn -0.9371 0.3079 0.1645
vn -0.9037 0.3976 0.1586
vn -0.8656 0.4771 0.1520
vn -0.8446 0.5144 0.1487
vn -0.6603 0.7119 0.2392
vn -0.6955 0.6723 0.2533
vn -0.6001 0.7698 0.2176
vn -0.5483 0.8124 0.1983
vn -0.4808 0.8595 0.1732
vn -0.7310 0.6235 0.2774
vn -0.9089 0.2541 0.3308
vn -0.8942 0.3080 0.3248
vn -0.8625 0.3976 0.3131
vn -0.8261 0.4772 0.2999
vn -0.8058 0.5143 0.2935
vn -0.6411 0.6724 0.3700
vn -0.6076 0.7118 0.3523
vn -0.5054 0.8125 0.2906
vn -0.5528 0.7692 0.3205
vn -0.4434 0.8595 0.2542
vn -0.6829 0.6210 0.3848
vn -0.8378 0.2535 0.4836
vn -0.8239 0.3069 0.4763
vn -0.7946 0.3966 0.4597
vn -0.7612 0.4760 0.4404
vn -0.5678 0.6717 0.4759
vn -0.5377 0.7112 0.4529
vn -0.4889 0.7692 0.4114
vn -0.4463 0.8120 0.3762
vn -0.3910 0.8590 0.3306
vn -0.6061 0.6203 0.4979
vn -0.7413 0.2523 0.6219
vn -0.7292 0.3053 0.6124
vn -0.7036 0.3945 0.5911
vn -0.6739 0.4740 0.5667
vn -0.7432 0.5133 0.4292
vn -0.4771 0.6703 0.5683
vn -0.4517 0.7099 0.5404
vn -0.4108 0.7681 0.4911
vn -0.3751 0.8110 0.4490
vn -0.3286 0.8581 0.3946
vn -0.5110 0.6191 0.5964
vn -0.6223 0.2506 0.7416
vn -0.6122 0.3030 0.7303
vn -0.5909 0.3918 0.7052
vn -0.5664 0.4709 0.6764
vn -0.6584 0.5112 0.5524
vn -0.3720 0.6683 0.6442
vn -0.3519 0.7080 0.6123
vn -0.3202 0.7665 0.5567
vn -0.2922 0.8097 0.5090
vn -0.2560 0.8569 0.4474
vn -0.4003 0.6173 0.6772
vn -0.4844 0.2483 0.8389
vn -0.4764 0.3001 0.8264
vn -0.4602 0.3882 0.7984
vn -0.4414 0.4669 0.7663
vn -0.5535 0.5080 0.6600
vn -0.2553 0.6658 0.7011
vn -0.2411 0.7055 0.6664
vn -0.2196 0.7643 0.6063
vn -0.2004 0.8077 0.5545
vn -0.1753 0.8554 0.4875
vn -0.2772 0.6152 0.7381
vn -0.3316 0.2455 0.9109
vn -0.3264 0.2964 0.8976
vn -0.3153 0.3839 0.8679
vn -0.3025 0.4622 0.8336
vn -0.4317 0.5039 0.7481
vn -0.1300 0.6627 0.7375
vn -0.1222 0.7026 0.7010
vn -0.1115 0.7618 0.6382
vn -0.1016 0.8054 0.5839
vn -0.0884 0.8535 0.5136
vn -0.1451 0.6126 0.7770
vn -0.1685 0.2423 0.9554
vn -0.1656 0.2925 0.9418
vn -0.1602 0.3789 0.9115
vn -0.1536 0.4567 0.8762
vn -0.2963 0.4990 0.8144
vn 0.0001 0.6591 0.7520
vn 0.0013 0.6991 0.7150
vn 0.0011 0.7587 0.6514
vn 0.0015 0.8029 0.5961
vn 0.0021 0.8513 0.5247
vn -0.0079 0.6097 0.7926
vn -0.0001 0.2389 0.9711
vn 0.0004 0.2881 0.9576
vn 0.0007 0.3737 0.9276
vn 0.0007 0.4507 0.8927
vn -0.1509 0.4933 0.8567
vn 0.1312 0.6552 0.7439
vn 0.1262 0.6955 0.7074
vn 0.1148 0.7555 0.6450
vn 0.1057 0.8001 0.5905
vn 0.0939 0.8488 0.5203
vn 0.1304 0.6066 0.7842
vn 0.1687 0.2352 0.9572
vn 0.1667 0.2833 0.9444
vn 0.1619 0.3679 0.9157
vn 0.1563 0.4444 0.8821
vn 0.0002 0.4871 0.8733
vn 0.2596 0.6511 0.7132
vn 0.2484 0.6916 0.6782
vn 0.2264 0.7519 0.6192
vn 0.2080 0.7969 0.5672
vn 0.1842 0.8462 0.5000
vn 0.2655 0.6032 0.7521
vn 0.3327 0.2315 0.9142
vn 0.3287 0.2786 0.9024
vn 0.3194 0.3623 0.8756
vn 0.3082 0.4379 0.8446
vn 0.1526 0.4806 0.8636
vn 0.3815 0.6469 0.6603
vn 0.3643 0.6875 0.6281
vn 0.3326 0.7483 0.5740
vn 0.3054 0.7937 0.5260
vn 0.2704 0.8435 0.4641
vn 0.3934 0.5999 0.6967
vn 0.4868 0.2278 0.8433
vn 0.4811 0.2739 0.8328
vn 0.4676 0.3565 0.8089
vn 0.4516 0.4314 0.7810
vn 0.3014 0.4738 0.8275
vn 0.4926 0.6426 0.5869
vn 0.4703 0.6835 0.5583
vn 0.4299 0.7446 0.5107
vn 0.3948 0.7905 0.4682
vn 0.3496 0.8408 0.4133
vn 0.5100 0.5966 0.6197
vn 0.6264 0.2242 0.7466
vn 0.6189 0.2693 0.7378
vn 0.6024 0.3511 0.7168
vn 0.5822 0.4251 0.6931
vn 0.4423 0.4671 0.7656
vn 0.5896 0.6385 0.4946
vn 0.5629 0.6795 0.4706
vn 0.5150 0.7410 0.4309
vn 0.4732 0.7873 0.3952
vn 0.4192 0.8381 0.3492
vn 0.6118 0.5933 0.5232
vn 0.7471 0.2209 0.6269
vn 0.7387 0.2653 0.6196
vn 0.7192 0.3459 0.6027
vn 0.6958 0.4194 0.5830
vn 0.5707 0.4605 0.6799
vn 0.6694 0.6347 0.3862
vn 0.6390 0.6758 0.3674
vn 0.5852 0.7376 0.3368
vn 0.5379 0.7844 0.3089
vn 0.4768 0.8356 0.2729
vn 0.6952 0.5904 0.4100
vn 0.8452 0.2180 0.4880
vn 0.8361 0.2618 0.4820
vn 0.8141 0.3410 0.4701
vn 0.7885 0.4141 0.4548
vn 0.6824 0.4545 0.5725
vn 0.7289 0.6312 0.2652
vn 0.6959 0.6725 0.2519
vn 0.6378 0.7347 0.2311
vn 0.5865 0.7816 0.2122
vn 0.5202 0.8333 0.1872
vn 0.7577 0.5877 0.2837
vn 0.9176 0.2155 0.3340
vn 0.9078 0.2584 0.3305
vn 0.8847 0.3373 0.3217
vn 0.8574 0.4099 0.3113
vn 0.7739 0.4491 0.4465
vn 0.7662 0.6283 0.1350
vn 0.7315 0.6697 0.1277
vn 0.6711 0.7320 0.1175
vn 0.6172 0.7795 0.1074
vn 0.5476 0.8314 0.0945
vn 0.7970 0.5855 0.1481
vn 0.9621 0.2135 0.1696
vn 0.9520 0.2559 0.1679
vn 0.9282 0.3344 0.1633
vn 0.8999 0.4065 0.1581
vn 0.8418 0.4445 0.3064
vn 0.8840 0.4409 0.1556
vn 0.8452 0.4371 -0.3074
vt 0.007596 0.586824
vt 0.000000 0.500000
vt 0.500000 0.500000
vt 0.027778 0.000000
vt 0.000000 0.100000
vt 0.000000 0.000000
vt 0.027778 0.100000
vt 0.000000 0.200000
vt 0.027778 0.200000
vt 0.000000 0.300000
vt 0.027778 0.300000
vt 0.000000 0.400000
vt 0.027778 0.400000
vt 0.027778 0.500000
vt 0.000000 0.600000
vt 0.027778 0.600000
vt 0.000000 0.700000
vt 0.027778 0.700000
vt 0.000000 0.800000
vt 0.027778 0.800000
vt 0.000000 0.900000
vt 0.027778 0.900000
vt 0.000000 1.000000
vt 0.992404 0.586824
vt 1.000000 0.500000
vt 0.030154 0.671010
vt 0.055556 0.000000
vt 0.055556 0.100000
vt 0.055556 0.200000
vt 0.055556 0.300000
vt 0.055556 0.400000
vt 0.055556 0.500000
vt 0.055556 0.600000
vt 0.055556 0.700000
vt 0.055556 0.800000
vt 0.055556 0.900000
vt 0.027778 1.000000
vt 0.969846 0.671010
vt 0.066987 0.750000
vt 0.083333 0.100000
vt 0.083333 0.000000
vt 0.083333 0.200000
vt 0.083333 0.300000
vt 0.083333 0.500000
vt 0.083333 0.400000
vt 0.083333 0.600000
vt 0.083333 0.700000
vt 0.083333 0.800000
vt 0.083333 0.900000
vt 0.083333 1.000000
vt 0.933013 0.750000
vt 0.116978 0.821394
vt 0.111111 0.100000
vt 0.111111 0.000000
vt 0.111111 0.200000
vt 0.111111 0.300000
vt 0.111111 0.400000
vt 0.111111 0.500000
vt 0.111111 0.600000
vt 0.111111 0.700000
vt 0.111111 0.800000
vt 0.111111 0.900000
vt 0.111111 1.000000
vt 0.883022 0.821394
vt 0.178606 0.883022
vt 0.138889 0.100000
vt 0.138889 0.000000
vt 0.138889 0.200000
vt 0.138889 0.300000
vt 0.138889 0.400000
vt 0.138889 0.500000
vt 0.138889 0.600000
vt 0.138889 0.700000
vt 0.138889 0.800000
vt 0.138889 0.900000
vt 0.138889 1.000000
vt 0.821394 0.883022
vt 0.250000 0.933013
vt 0.166667 0.100000
vt 0.166667 0.000000
vt 0.166667 0.200000
vt 0.166667 0.300000
vt 0.166667 0.400000
vt 0.166667 0.500000
vt 0.166667 0.600000
vt 0.166667 0.700000
vt 0.166667 0.800000
vt 0.166667 0.900000
vt 0.166667 1.000000
vt 0.750000 0.933013
vt 0.328990 0.969846
vt 0.194444 0.100000
vt 0.194444 0.000000
vt 0.194444 0.200000
vt 0.194444 0.300000
vt 0.194444 0.400000
vt 0.194444 0.500000
vt 0.194444 0.600000
vt 0.194444 0.700000
vt 0.194444 0.800000
vt 0.194444 0.900000
vt 0.194444 1.000000
vt 0.671010 0.969846
vt 0.413176 0.992404
vt 0.222222 0.100000
vt 0.222222 0.000000
vt 0.222222 0.200000
vt 0.222222 0.300000
vt 0.222222 0.400000
vt 0.222222 0.500000
vt 0.222222 0.600000
vt 0.222222 0.700000
vt 0.222222 0.800000
vt 0.222222 0.900000
vt 0.222222 1.000000
vt 0.586824 0.992404
vt 0.500000 1.000000
vt 0.250000 0.100000
vt 0.250000 0.000000
vt 0.250000 0.200000
vt 0.250000 0.300000
vt 0.250000 0.400000
vt 0.250000 0.500000
vt 0.250000 0.600000
vt 0.250000 0.700000
vt 0.250000 0.800000
vt 0.250000 0.900000
vt 0.250000 1.000000
vt 0.277778 0.100000
vt 0.277778 0.000000
vt 0.277778 0.200000
vt 0.277778 0.300000
vt 0.277778 0.400000
vt 0.277778 0.500000
vt 0.277778 0.600000
vt 0.277778 0.700000
vt 0.277778 0.800000
vt 0.277778 0.900000
vt 0.277778 1.000000
vt 0.305556 0.100000
vt 0.305556 0.000000
vt 0.305556 0.200000
vt 0.305556 0.300000
vt 0.305556 0.400000
vt 0.305556 0.500000
vt 0.305556 0.600000
vt 0.305556 0.700000
vt 0.305556 0.800000
vt 0.305556 0.900000
vt 0.305556 1.000000
vt 0.333333 0.100000
vt 0.333333 0.000000
vt 0.333333 0.200000
vt 0.333333 0.300000
vt 0.333333 0.400000
vt 0.333333 0.500000
vt 0.333333 0.600000
vt 0.333333 0.700000
vt 0.333333 0.800000
vt 0.333333 0.900000
vt 0.333333 1.000000
vt 0.361111 0.100000
vt 0.361111 0.000000
vt 0.361111 0.200000
vt 0.361111 0.300000
vt 0.361111 0.400000
vt 0.361111 0.500000
vt 0.361111 0.600000
vt 0.361111 0.700000
vt 0.361111 0.800000
vt 0.361111 0.900000
vt 0.361111 1.000000
vt 0.388889 0.100000
vt 0.388889 0.000000
vt 0.388889 0.200000
vt 0.388889 0.300000
vt 0.388889 0.400000
vt 0.388889 0.500000
vt 0.388889 0.600000
vt 0.388889 0.700000
vt 0.388889 0.800000
vt 0.388889 0.900000
vt 0.388889 1.000000
vt 0.416667 0.100000
vt 0.416667 0.000000
vt 0.416667 0.200000
vt 0.416667 0.300000
vt 0.416667 0.400000
vt 0.416667 0.500000
vt 0.416667 0.600000
vt 0.416667 0.700000
vt 0.416667 0.800000
vt 0.416667 0.900000
vt 0.416667 1.000000
vt 0.444444 0.100000
vt 0.444444 0.000000
vt 0.444444 0.200000
vt 0.444444 0.300000
vt 0.444444 0.400000
vt 0.444444 0.500000
vt 0.444444 0.600000
vt 0.444444 0.700000
vt 0.444444 0.800000
vt 0.444444 0.900000
vt 0.444444 1.000000
vt 0.472222 0.100000
vt 0.472222 0.000000
vt 0.472222 0.200000
vt 0.472222 0.300000
vt 0.472222 0.400000
vt 0.472222 0.500000
vt 0.472222 0.600000
vt 0.472222 0.700000
vt 0.472222 0.800000
vt 0.472222 0.900000
vt 0.472222 1.000000
vt 0.500000 0.100000
vt 0.500000 0.000000
vt 0.500000 0.200000
vt 0.500000 0.300000
vt 0.500000 0.400000
vt 0.500000 0.600000
vt 0.500000 0.700000
vt 0.500000 0.800000
vt 0.500000 0.900000
vt 0.992404 0.413176
vt 0.527778 0.100000
vt 0.527778 0.000000
vt 0.527778 0.200000
vt 0.527778 0.300000
vt 0.527778 0.400000
vt 0.527778 0.500000
vt 0.527778 0.600000
vt 0.527778 0.700000
vt 0.527778 0.800000
vt 0.527778 0.900000
vt 0.527778 1.000000
vt 0.007596 0.413176
vt 0.969846 0.328990
vt 0.555556 0.100000
vt 0.555556 0.000000
vt 0.555556 0.200000
vt 0.555556 0.300000
vt 0.555556 0.400000
vt 0.555556 0.500000
vt 0.555556 0.600000
vt 0.555556 0.700000
vt 0.555556 0.800000
vt 0.555556 0.900000
vt 0.555556 1.000000
vt 0.030154 0.328990
vt 0.933013 0.250000
vt 0.583333 0.000000
vt 0.583333 0.100000
vt 0.583333 0.300000
vt 0.583333 0.200000
vt 0.583333 0.400000
vt 0.583333 0.500000
vt 0.583333 0.600000
vt 0.583333 0.700000
vt 0.583333 0.800000
vt 0.583333 0.900000
vt 0.066987 0.250000
vt 0.883022 0.178606
vt 0.611111 0.000000
vt 0.611111 0.100000
vt 0.611111 0.200000
vt 0.611111 0.300000
vt 0.611111 0.400000
vt 0.611111 0.500000
vt 0.611111 0.600000
vt 0.611111 0.700000
vt 0.611111 0.800000
vt 0.611111 0.900000
vt 0.583333 1.000000
vt 0.116978 0.178606
vt 0.821394 0.116978
vt 0.638889 0.000000
vt 0.638889 0.100000
vt 0.638889 0.200000
vt 0.638889 0.300000
vt 0.638889 0.400000
vt 0.638889 0.500000
vt 0.638889 0.600000
vt 0.638889 0.700000
vt 0.638889 0.800000
vt 0.638889 0.900000
vt 0.611111 1.000000
vt 0.178606 0.116978
vt 0.750000 0.066987
vt 0.666667 0.000000
vt 0.666667 0.100000
vt 0.666667 0.200000
vt 0.666667 0.300000
vt 0.666667 0.400000
vt 0.666667 0.500000
vt 0.666667 0.600000
vt 0.666667 0.700000
vt 0.666667 0.800000
vt 0.666667 0.900000
vt 0.638889 1.000000
vt 0.250000 0.066987
vt 0.671010 0.030154
vt 0.694444 0.000000
vt 0.694444 0.100000
vt 0.694444 0.200000
vt 0.694444 0.300000
vt 0.694444 0.400000
vt 0.694444 0.500000
vt 0.694444 0.600000
vt 0.694444 0.700000
vt 0.694444 0.800000
vt 0.694444 0.900000
vt 0.666667 1.000000
vt 0.328990 0.030154
vt 0.586824 0.007596
vt 0.722222 0.000000
vt 0.722222 0.100000
vt 0.722222 0.200000
vt 0.722222 0.300000
vt 0.722222 0.400000
vt 0.722222 0.500000
vt 0.722222 0.600000
vt 0.722222 0.700000
vt 0.722222 0.800000
vt 0.722222 0.900000
vt 0.694444 1.000000
vt 0.413176 0.007596
vt 0.750000 0.000000
vt 0.750000 0.100000
vt 0.750000 0.200000
vt 0.750000 0.300000
vt 0.750000 0.400000
vt 0.750000 0.500000
vt 0.750000 0.600000
vt 0.750000 0.700000
vt 0.750000 0.800000
vt 0.750000 0.900000
vt 0.722222 1.000000
vt 0.777778 0.000000
vt 0.777778 0.100000
vt 0.777778 0.200000
vt 0.777778 0.300000
vt 0.777778 0.400000
vt 0.777778 0.500000
vt 0.777778 0.600000
vt 0.777778 0.700000
vt 0.777778 0.800000
vt 0.777778 0.900000
vt 0.750000 1.000000
vt 0.805556 0.000000
vt 0.805556 0.100000
vt 0.805556 0.200000
vt 0.805556 0.300000
vt 0.805556 0.400000
vt 0.805556 0.500000
vt 0.805556 0.600000
vt 0.805556 0.700000
vt 0.805556 0.800000
vt 0.805556 0.900000
vt 0.777778 1.000000
vt 0.833333 0.000000
vt 0.833333 0.100000
vt 0.833333 0.200000
vt 0.833333 0.300000
vt 0.833333 0.400000
vt 0.833333 0.500000
vt 0.833333 0.600000
vt 0.833333 0.700000
vt 0.833333 0.800000
vt 0.833333 0.900000
vt 0.805556 1.000000
vt 0.861111 0.000000
vt 0.861111 0.100000
vt 0.861111 0.200000
vt 0.861111 0.300000
vt 0.861111 0.400000
vt 0.861111 0.500000
vt 0.861111 0.600000
vt 0.861111 0.700000
vt 0.861111 0.800000
vt 0.861111 0.900000
vt 0.833333 1.000000
vt 0.888889 0.000000
vt 0.888889 0.100000
vt 0.888889 0.200000
vt 0.888889 0.300000
vt 0.888889 0.400000
vt 0.888889 0.500000
vt 0.888889 0.600000
vt 0.888889 0.700000
vt 0.888889 0.800000
vt 0.888889 0.900000
vt 0.861111 1.000000
vt 0.916667 0.000000
vt 0.916667 0.100000
vt 0.916667 0.200000
vt 0.916667 0.300000
vt 0.916667 0.400000
vt 0.916667 0.500000
vt 0.916667 0.600000
vt 0.916667 0.700000
vt 0.916667 0.800000
vt 0.916667 0.900000
vt 0.888889 1.000000
vt 0.944444 0.000000
vt 0.944444 0.100000
vt 0.944444 0.200000
vt 0.944444 0.300000
vt 0.944444 0.400000
vt 0.944444 0.500000
vt 0.944444 0.600000
vt 0.944444 0.700000
vt 0.944444 0.800000
vt 0.944444 0.900000
vt 0.916667 1.000000
vt 0.972222 0.000000
vt 0.972222 0.100000
vt 0.972222 0.200000
vt 0.972222 0.300000
vt 0.972222 0.400000
vt 0.972222 0.500000
vt 0.972222 0.600000
vt 0.972222 0.700000
vt 0.972222 0.800000
vt 0.972222 0.900000
vt 0.944444 1.000000
vt 1.000000 0.000000
vt 1.000000 0.100000
vt 1.000000 0.200000
vt 1.000000 0.300000
vt 1.000000 0.400000
vt 1.000000 0.600000
vt 1.000000 0.700000
vt 1.000000 0.800000
vt 1.000000 0.900000
vt 0.972222 1.000000
vt 0.055556 1.000000
vt 1.000000 1.000000
s 1
usemtl Mat
f 2001/1944/1504 1988/1945/1504 1986/1946/1504
f 2002/1947/1505 1990/1948/1506 1989/1949/1507
f 2003/1950/1508 1991/1951/1509 1990/1948/1506
f 2004/1952/1510 1992/1953/1511 1991/1951/1509
f 2005/1954/1512 1993/1955/1513 1992/1953/1511
f 2006/1956/1514 1994/1945/1515 1993/1955/1513
f 2007/1957/1516 1995/1958/1517 1994/1945/1515
f 2008/1959/1518 1996/1960/1519 1995/1958/1517
f 2009/1961/1520 1997/1962/1521 1996/1960/1519
f 2010/1963/1522 1998/1964/1523 1997/1962/1521
f 2011/1965/1524 1999/1966/1525 1998/1964/1523
f 2013/1967/1526 1987/1946/1526 2000/1968/1526
f 2014/1969/1504 2001/1944/1504 1986/1946/1504
f 2015/1970/1527 2003/1950/1508 2002/1947/1505
f 2016/1971/1528 2004/1952/1510 2003/1950/1508
f 2017/1972/1529 2005/1954/1512 2004/1952/1510
f 2018/1973/1530 2006/1956/1514 2005/1954/1512
f 2019/1974/1531 2007/1957/1516 2006/1956/1514
f 2020/1975/1532 2008/1959/1518 2007/1957/1516
f 2021/1976/1533 2009/1961/1520 2008/1959/1518
f 2022/1977/1534 2010/1963/1522 2009/1961/1520
f 2023/1978/1535 2011/1965/1524 2010/1963/1522
f 2024/1979/1536 2012/1980/1537 2011/1965/1524
f 2026/1981/1526 1987/1946/1526 2013/1967/1526
f 2027/1982/1504 2014/1969/1504 1986/1946/1504
f 2029/1983/1538 2015/1970/1527 2028/1984/1539
f 2030/1985/1540 2016/1971/1528 2029/1983/1538
f 2030/1985/1540 2018/1973/1530 2017/1972/1529
f 2031/1986/1541 2019/1974/1531 2018/1973/1530
f 2033/1987/1542 2019/1974/1531 2032/1988/1543
f 2034/1989/1544 2020/1975/1532 2033/1987/1542
f 2035/1990/1545 2021/1976/1533 2034/1989/1544
f 2036/1991/1546 2022/1977/1534 2035/1990/1545
f 2037/1992/1547 2023/1978/1535 2036/1991/1546
f 2038/1993/1548 2024/1979/1536 2037/1992/1547
f 2039/1994/1526 1987/1946/1526 2026/1981/1526
f 2040/1995/1504 2027/1982/1504 1986/1946/1504
f 2042/1996/1549 2028/1984/1539 2041/1997/1550
f 2043/1998/1551 2029/1983/1538 2042/1996/1549
f 2044/1999/1552 2030/1985/1540 2043/1998/1551
f 2045/2000/1553 2031/1986/1541 2044/1999/1552
f 2046/2001/1554 2032/1988/1543 2045/2000/1553
f 2047/2002/1555 2033/1987/1542 2046/2001/1554
f 2048/2003/1556 2034/1989/1544 2047/2002/1555
f 2049/2004/1557 2035/1990/1545 2048/2003/1556
f 2050/2005/1558 2036/1991/1546 2049/2004/1557
f 2051/2006/1559 2037/1992/1547 2050/2005/1558
f 2052/2007/1526 1987/1946/1526 2039/1994/1526
f 2053/2008/1504 2040/1995/1504 1986/1946/1504
f 2055/2009/1560 2041/1997/1550 2054/2010/1561
f 2056/2011/1562 2042/1996/1549 2055/2009/1560
f 2057/2012/1563 2043/1998/1551 2056/2011/1562
f 2058/2013/1564 2044/1999/1552 2057/2012/1563
f 2059/2014/1565 2045/2000/1553 2058/2013/1564
f 2060/2015/1566 2046/2001/1554 2059/2014/1565
f 2061/2016/1567 2047/2002/1555 2060/2015/1566
f 2062/2017/1568 2048/2003/1556 2061/2016/1567
f 2063/2018/1569 2049/2004/1557 2062/2017/1568
f 2064/2019/1570 2050/2005/1558 2063/2018/1569
f 2065/2020/1526 1987/1946/1526 2052/2007/1526
f 2066/2021/1504 2053/2008/1504 1986/1946/1504
f 2068/2022/1571 2054/2010/1561 2067/2023/1572
f 2069/2024/1573 2055/2009/1560 2068/2022/1571
f 2070/2025/1574 2056/2011/1562 2069/2024/1573
f 2071/2026/1575 2057/2012/1563 2070/2025/1574
f 2072/2027/1576 2058/2013/1564 2071/2026/1575
f 2073/2028/1577 2059/2014/1565 2072/2027/1576
f 2074/2029/1578 2060/2015/1566 2073/2028/1577
f 2075/2030/1579 2061/2016/1567 2074/2029/1578
f 2076/2031/1580 2062/2017/1568 2075/2030/1579
f 2077/2032/1581 2063/2018/1569 2076/2031/1580
f 2078/2033/1526 1987/1946/1526 2065/2020/1526
f 2079/2034/1504 2066/2021/1504 1986/1946/1504
f 2081/2035/1582 2067/2023/1572 2080/2036/1583
f 2082/2037/1584 2068/2022/1571 2081/2035/1582
f 2083/2038/1585 2069/2024/1573 2082/2037/1584
f 2084/2039/1586 2070/2025/1574 2083/2038/1585
f 2085/2040/1587 2071/2026/1575 2084/2039/1586
f 2086/2041/1588 2072/2027/1576 2085/2040/1587
f 2087/2042/1589 2073/2028/1577 2086/2041/1588
f 2088/2043/1590 2074/2029/1578 2087/2042/1589
f 2089/2044/1591 2075/2030/1579 2088/2043/1590
f 2090/2045/1592 2076/2031/1580 2089/2044/1591
f 2091/2046/1526 1987/1946/1526 2078/2033/1526
f 2092/2047/1504 2079/2034/1504 1986/1946/1504
f 2094/2048/1593 2080/2036/1583 2093/2049/1594
f 2095/2050/1595 2081/2035/1582 2094/2048/1593
f 2096/2051/1596 2082/2037/1584 2095/2050/1595
f 2097/2052/1597 2083/2038/1585 2096/2051/1596
f 2098/2053/1598 2084/2039/1586 2097/2052/1597
f 2099/2054/1599 2085/2040/1587 2098/2053/1598
f 2100/2055/1600 2086/2041/1588 2099/2054/1599
f 2101/2056/1601 2087/2042/1589 2100/2055/1600
f 2102/2057/1602 2088/2043/1590 2101/2056/1601
f 2103/2058/1603 2089/2044/1591 2102/2057/1602
f 2104/2059/1526 1987/1946/1526 2091/2046/1526
f 2105/2060/1504 2092/2047/1504 1986/1946/1504
f 2107/2061/1604 2093/2049/1594 2106/2062/1605
f 2108/2063/1606 2094/2048/1593 2107/2061/1604
f 2109/2064/1607 2095/2050/1595 2108/2063/1606
f 2110/2065/1608 2096/2051/1596 2109/2064/1607
f 2111/2066/1609 2097/2052/1597 2110/2065/1608
f 2112/2067/1610 2098/2053/1598 2111/2066/1609
f 2113/2068/1611 2099/2054/1599 2112/2067/1610
f 2114/2069/1612 2100/2055/1600 2113/2068/1611
f 2115/2070/1613 2101/2056/1601 2114/2069/1612
f 2116/2071/1614 2102/2057/1602 2115/2070/1613
f 2117/2060/1526 1987/1946/1526 2104/2059/1526
f 2118/2059/1504 2105/2060/1504 1986/1946/1504
f 2120/2072/1615 2106/2062/1605 2119/2073/1616
f 2121/2074/1617 2107/2061/1604 2120/2072/1615
f 2122/2075/1618 2108/2063/1606 2121/2074/1617
f 2123/2076/1619 2109/2064/1607 2122/2075/1618
f 2124/2077/1620 2110/2065/1608 2123/2076/1619
f 2125/2078/1621 2111/2066/1609 2124/2077/1620
f 2126/2079/1622 2112/2067/1610 2125/2078/1621
f 2127/2080/1623 2113/2068/1611 2126/2079/1622
f 2128/2081/1624 2114/2069/1612 2127/2080/1623
f 2129/2082/1625 2115/2070/1613 2128/2081/1624
f 2130/2047/1526 1987/1946/1526 2117/2060/1526
f 2131/2046/1504 2118/2059/1504 1986/1946/1504
f 2133/2083/1626 2119/2073/1616 2132/2084/1627
f 2134/2085/1628 2120/2072/1615 2133/2083/1626
f 2135/2086/1629 2121/2074/1617 2134/2085/1628
f 2136/2087/1630 2122/2075/1618 2135/2086/1629
f 2137/2088/1631 2123/2076/1619 2136/2087/1630
f 2138/2089/1632 2124/2077/1620 2137/2088/1631
f 2139/2090/1633 2125/2078/1621 2138/2089/1632
f 2140/2091/1634 2126/2079/1622 2139/2090/1633
f 2141/2092/1635 2127/2080/1623 2140/2091/1634
f 2142/2093/1636 2128/2081/1624 2141/2092/1635
f 2143/2034/1526 1987/1946/1526 2130/2047/1526
f 2144/2033/1504 2131/2046/1504 1986/1946/1504
f 2146/2094/1637 2132/2084/1627 2145/2095/1638
f 2147/2096/1639 2133/2083/1626 2146/2094/1637
f 2148/2097/1640 2134/2085/1628 2147/2096/1639
f 2149/2098/1641 2135/2086/1629 2148/2097/1640
f 2150/2099/1642 2136/2087/1630 2149/2098/1641
f 2151/2100/1643 2137/2088/1631 2150/2099/1642
f 2152/2101/1644 2138/2089/1632 2151/2100/1643
f 2153/2102/1645 2139/2090/1633 2152/2101/1644
f 2154/2103/1646 2140/2091/1634 2153/2102/1645
f 2155/2104/1647 2141/2092/1635 2154/2103/1646
f 2156/2021/1526 1987/1946/1526 2143/2034/1526
f 2157/2020/1504 2144/2033/1504 1986/1946/1504
f 2159/2105/1648 2145/2095/1638 2158/2106/1649
f 2160/2107/1650 2146/2094/1637 2159/2105/1648
f 2161/2108/1651 2147/2096/1639 2160/2107/1650
f 2162/2109/1652 2148/2097/1640 2161/2108/1651
f 2163/2110/1653 2149/2098/1641 2162/2109/1652
f 2164/2111/1654 2150/2099/1642 2163/2110/1653
f 2165/2112/1655 2151/2100/1643 2164/2111/1654
f 2166/2113/1656 2152/2101/1644 2165/2112/1655
f 2167/2114/1657 2153/2102/1645 2166/2113/1656
f 2168/2115/1658 2154/2103/1646 2167/2114/1657
f 2169/2008/1526 1987/1946/1526 2156/2021/1526
f 2170/2007/1504 2157/2020/1504 1986/1946/1504
f 2172/2116/1659 2158/2106/1649 2171/2117/1660
f 2173/2118/1661 2159/2105/1648 2172/2116/1659
f 2174/2119/1662 2160/2107/1650 2173/2118/1661
f 2175/2120/1663 2161/2108/1651 2174/2119/1662
f 2176/2121/1664 2162/2109/1652 2175/2120/1663
f 2177/2122/1665 2163/2110/1653 2176/2121/1664
f 2178/2123/1666 2164/2111/1654 2177/2122/1665
f 2179/2124/1667 2165/2112/1655 2178/2123/1666
f 2180/2125/1668 2166/2113/1656 2179/2124/1667
f 2181/2126/1669 2167/2114/1657 2180/2125/1668
f 2182/1995/1526 1987/1946/1526 2169/2008/1526
f 2183/1994/1504 2170/2007/1504 1986/1946/1504
f 2185/2127/1670 2171/2117/1660 2184/2128/1671
f 2186/2129/1672 2172/2116/1659 2185/2127/1670
f 2187/2130/1673 2173/2118/1661 2186/2129/1672
f 2188/2131/1674 2174/2119/1662 2187/2130/1673
f 2189/2132/1675 2175/2120/1663 2188/2131/1674
f 2190/2133/1676 2176/2121/1664 2189/2132/1675
f 2191/2134/1677 2177/2122/1665 2190/2133/1676
f 2192/2135/1678 2178/2123/1666 2191/2134/1677
f 2193/2136/1679 2179/2124/1667 2192/2135/1678
f 2194/2137/1680 2180/2125/1668 2193/2136/1679
f 2195/1982/1526 1987/1946/1526 2182/1995/1526
f 2196/1981/1504 2183/1994/1504 1986/1946/1504
f 2198/2138/1681 2184/2128/1671 2197/2139/1682
f 2199/2140/1683 2185/2127/1670 2198/2138/1681
f 2200/2141/1684 2186/2129/1672 2199/2140/1683
f 2201/2142/1685 2187/2130/1673 2200/2141/1684
f 2202/2143/1686 2188/2131/1674 2201/2142/1685
f 2203/2144/1687 2189/2132/1675 2202/2143/1686
f 2204/2145/1688 2190/2133/1676 2203/2144/1687
f 2205/2146/1689 2191/2134/1677 2204/2145/1688
f 2206/2147/1690 2192/2135/1678 2205/2146/1689
f 2207/2148/1691 2193/2136/1679 2206/2147/1690
f 2208/1969/1526 1987/1946/1526 2195/1982/1526
f 2209/1967/1504 2196/1981/1504 1986/1946/1504
f 2211/2149/1692 2197/2139/1682 2210/2150/1693
f 2212/2151/1694 2198/2138/1681 2211/2149/1692
f 2213/2152/1695 2199/2140/1683 2212/2151/1694
f 2214/2153/1696 2200/2141/1684 2213/2152/1695
f 2215/2154/1697 2201/2142/1685 2214/2153/1696
f 2216/2155/1698 2202/2143/1686 2215/2154/1697
f 2217/2156/1699 2203/2144/1687 2216/2155/1698
f 2218/2157/1700 2204/2145/1688 2217/2156/1699
f 2219/2158/1701 2205/2146/1689 2218/2157/1700
f 2220/2159/1702 2206/2147/1690 2219/2158/1701
f 2221/1944/1526 1987/1946/1526 2208/1969/1526
f 2222/1968/1504 2209/1967/1504 1986/1946/1504
f 2224/2160/1703 2210/2150/1693 2223/2161/1704
f 2225/2162/1705 2211/2149/1692 2224/2160/1703
f 2226/2163/1706 2212/2151/1694 2225/2162/1705
f 2227/2164/1707 2213/2152/1695 2226/2163/1706
f 2228/1946/1708 2214/2153/1696 2227/2164/1707
f 2229/2165/1709 2215/2154/1697 2228/1946/1708
f 2230/2166/1710 2216/2155/1698 2229/2165/1709
f 2231/2167/1711 2217/2156/1699 2230/2166/1710
f 2232/2168/1712 2218/2157/1700 2231/2167/1711
f 2233/2060/1713 2219/2158/1701 2232/2168/1712
f 2234/1945/1526 1987/1946/1526 2221/1944/1526
f 2235/2169/1504 2222/1968/1504 1986/1946/1504
f 2237/2170/1714 2223/2161/1704 2236/2171/1715
f 2238/2172/1716 2224/2160/1703 2237/2170/1714
f 2239/2173/1717 2225/2162/1705 2238/2172/1716
f 2240/2174/1718 2226/2163/1706 2239/2173/1717
f 2241/2175/1719 2227/2164/1707 2240/2174/1718
f 2242/2176/1720 2228/1946/1708 2241/2175/1719
f 2243/2177/1721 2229/2165/1709 2242/2176/1720
f 2244/2178/1722 2230/2166/1710 2243/2177/1721
f 2245/2179/1723 2231/2167/1711 2244/2178/1722
f 2246/2180/1724 2232/2168/1712 2245/2179/1723
f 2247/2181/1526 1987/1946/1526 2234/1945/1526
f 2248/2182/1504 2235/2169/1504 1986/1946/1504
f 2250/2183/1725 2236/2171/1715 2249/2184/1726
f 2251/2185/1727 2237/2170/1714 2250/2183/1725
f 2252/2186/1728 2238/2172/1716 2251/2185/1727
f 2253/2187/1729 2239/2173/1717 2252/2186/1728
f 2254/2188/1730 2240/2174/1718 2253/2187/1729
f 2255/2189/1731 2241/2175/1719 2254/2188/1730
f 2256/2190/1732 2242/2176/1720 2255/2189/1731
f 2257/2191/1733 2243/2177/1721 2256/2190/1732
f 2258/2192/1734 2244/2178/1722 2257/2191/1733
f 2259/2193/1735 2245/2179/1723 2258/2192/1734
f 2260/2194/1526 1987/1946/1526 2247/2181/1526
f 2261/2195/1504 2248/2182/1504 1986/1946/1504
f 2262/2196/1736 2250/2183/1725 2249/2184/1726
f 2263/2197/1737 2251/2185/1727 2250/2183/1725
f 2265/2198/1738 2251/2185/1727 2264/2199/1739
f 2266/2200/1740 2252/2186/1728 2265/2198/1738
f 2266/2200/1740 2254/2188/1730 2253/2187/1729
f 2267/2201/1741 2255/2189/1731 2254/2188/1730
f 2268/2202/1742 2256/2190/1732 2255/2189/1731
f 2269/2203/1743 2257/2191/1733 2256/2190/1732
f 2270/2204/1744 2258/2192/1734 2257/2191/1733
f 2271/2205/1745 2259/2193/1735 2258/2192/1734
f 2273/2206/1526 1987/1946/1526 2260/2194/1526
f 2274/2207/1504 2261/2195/1504 1986/1946/1504
f 2275/2208/1746 2263/2197/1737 2262/2196/1736
f 2276/2209/1747 2264/2199/1739 2263/2197/1737
f 2277/2210/1748 2265/2198/1738 2264/2199/1739
f 2278/2211/1749 2266/2200/1740 2265/2198/1738
f 2279/2212/1750 2267/2201/1741 2266/2200/1740
f 2280/2213/1751 2268/2202/1742 2267/2201/1741
f 2281/2214/1752 2269/2203/1743 2268/2202/1742
f 2282/2215/1753 2270/2204/1744 2269/2203/1743
f 2283/2216/1754 2271/2205/1745 2270/2204/1744
f 2284/2217/1755 2272/2218/1756 2271/2205/1745
f 2286/2219/1526 1987/1946/1526 2273/2206/1526
f 2287/2220/1504 2274/2207/1504 1986/1946/1504
f 2288/2221/1757 2276/2209/1747 2275/2208/1746
f 2289/2222/1758 2277/2210/1748 2276/2209/1747
f 2290/2223/1759 2278/2211/1749 2277/2210/1748
f 2291/2224/1760 2279/2212/1750 2278/2211/1749
f 2292/2225/1761 2280/2213/1751 2279/2212/1750
f 2293/2226/1762 2281/2214/1752 2280/2213/1751
f 2294/2227/1763 2282/2215/1753 2281/2214/1752
f 2295/2228/1764 2283/2216/1754 2282/2215/1753
f 2296/2229/1765 2284/2217/1755 2283/2216/1754
f 2297/2230/1766 2285/2231/1767 2284/2217/1755
f 2299/2232/1526 1987/1946/1526 2286/2219/1526
f 2300/2233/1504 2287/2220/1504 1986/1946/1504
f 2301/2234/1768 2289/2222/1758 2288/2221/1757
f 2302/2235/1769 2290/2223/1759 2289/2222/1758
f 2303/2236/1770 2291/2224/1760 2290/2223/1759
f 2304/2237/1771 2292/2225/1761 2291/2224/1760
f 2305/2238/1772 2293/2226/1762 2292/2225/1761
f 2306/2239/1773 2294/2227/1763 2293/2226/1762
f 2307/2240/1774 2295/2228/1764 2294/2227/1763
f 2308/2241/1775 2296/2229/1765 2295/2228/1764
f 2309/2242/1776 2297/2230/1766 2296/2229/1765
f 2310/2243/1777 2298/2244/1778 2297/2230/1766
f 2312/2245/1526 1987/1946/1526 2299/2232/1526
f 2313/2246/1504 2300/2233/1504 1986/1946/1504
f 2314/2247/1779 2302/2235/1769 2301/2234/1768
f 2315/2248/1780 2303/2236/1770 2302/2235/1769
f 2316/2249/1781 2304/2237/1771 2303/2236/1770
f 2317/2250/1782 2305/2238/1772 2304/2237/1771
f 2318/2251/1783 2306/2239/1773 2305/2238/1772
f 2319/2252/1784 2307/2240/1774 2306/2239/1773
f 2320/2253/1785 2308/2241/1775 2307/2240/1774
f 2321/2254/1786 2309/2242/1776 2308/2241/1775
f 2322/2255/1787 2310/2243/1777 2309/2242/1776
f 2323/2256/1788 2311/2257/1789 2310/2243/1777
f 2325/2258/1526 1987/1946/1526 2312/2245/1526
f 2326/2259/1504 2313/2246/1504 1986/1946/1504
f 2327/2260/1790 2315/2248/1780 2314/2247/1779
f 2328/2261/1791 2316/2249/1781 2315/2248/1780
f 2329/2262/1792 2317/2250/1782 2316/2249/1781
f 2330/2263/1793 2318/2251/1783 2317/2250/1782
f 2331/2264/1794 2319/2252/1784 2318/2251/1783
f 2332/2265/1795 2320/2253/1785 2319/2252/1784
f 2333/2266/1796 2321/2254/1786 2320/2253/1785
f 2334/2267/1797 2322/2255/1787 2321/2254/1786
f 2335/2268/1798 2323/2256/1788 2322/2255/1787
f 2336/2269/1799 2324/2270/1800 2323/2256/1788
f 2338/2271/1526 1987/1946/1526 2325/2258/1526
f 2339/2161/1504 2326/2259/1504 1986/1946/1504
f 2340/2272/1801 2328/2261/1791 2327/2260/1790
f 2341/2273/1802 2329/2262/1792 2328/2261/1791
f 2342/2274/1803 2330/2263/1793 2329/2262/1792
f 2343/2275/1804 2331/2264/1794 2330/2263/1793
f 2344/2276/1805 2332/2265/1795 2331/2264/1794
f 2345/2277/1806 2333/2266/1796 2332/2265/1795
f 2346/2278/1807 2334/2267/1797 2333/2266/1796
f 2347/2279/1808 2335/2268/1798 2334/2267/1797
f 2348/2280/1809 2336/2269/1799 2335/2268/1798
f 2349/2281/1810 2337/2282/1811 2336/2269/1799
f 2351/2161/1526 1987/1946/1526 2338/2271/1526
f 2352/2271/1504 2339/2161/1504 1986/1946/1504
f 2353/2283/1812 2341/2273/1802 2340/2272/1801
f 2354/2284/1813 2342/2274/1803 2341/2273/1802
f 2355/2285/1814 2343/2275/1804 2342/2274/1803
f 2356/2286/1815 2344/2276/1805 2343/2275/1804
f 2357/2287/1816 2345/2277/1806 2344/2276/1805
f 2358/2288/1817 2346/2278/1807 2345/2277/1806
f 2359/2289/1818 2347/2279/1808 2346/2278/1807
f 2360/2290/1819 2348/2280/1809 2347/2279/1808
f 2361/2291/1820 2349/2281/1810 2348/2280/1809
f 2362/2292/1821 2350/2293/1822 2349/2281/1810
f 2364/2259/1526 1987/1946/1526 2351/2161/1526
f 2365/2258/1504 2352/2271/1504 1986/1946/1504
f 2366/2294/1823 2354/2284/1813 2353/2283/1812
f 2367/2295/1824 2355/2285/1814 2354/2284/1813
f 2368/2296/1825 2356/2286/1815 2355/2285/1814
f 2369/2297/1826 2357/2287/1816 2356/2286/1815
f 2370/2298/1827 2358/2288/1817 2357/2287/1816
f 2371/2299/1828 2359/2289/1818 2358/2288/1817
f 2372/2300/1829 2360/2290/1819 2359/2289/1818
f 2373/2301/1830 2361/2291/1820 2360/2290/1819
f 2374/2302/1831 2362/2292/1821 2361/2291/1820
f 2375/2303/1832 2363/2304/1833 2362/2292/1821
f 2377/2246/1526 1987/1946/1526 2364/2259/1526
f 2378/2245/1504 2365/2258/1504 1986/1946/1504
f 2379/2305/1834 2367/2295/1824 2366/2294/1823
f 2380/2306/1835 2368/2296/1825 2367/2295/1824
f 2381/2307/1836 2369/2297/1826 2368/2296/1825
f 2382/2308/1837 2370/2298/1827 2369/2297/1826
f 2383/2309/1838 2371/2299/1828 2370/2298/1827
f 2384/2310/1839 2372/2300/1829 2371/2299/1828
f 2385/2311/1840 2373/2301/1830 2372/2300/1829
f 2386/2312/1841 2374/2302/1831 2373/2301/1830
f 2387/2313/1842 2375/2303/1832 2374/2302/1831
f 2388/2314/1843 2376/2315/1844 2375/2303/1832
f 2390/2233/1526 1987/1946/1526 2377/2246/1526
f 2391/2232/1504 2378/2245/1504 1986/1946/1504
f 2392/2316/1845 2380/2306/1835 2379/2305/1834
f 2393/2317/1846 2381/2307/1836 2380/2306/1835
f 2394/2318/1847 2382/2308/1837 2381/2307/1836
f 2395/2319/1848 2383/2309/1838 2382/2308/1837
f 2396/2320/1849 2384/2310/1839 2383/2309/1838
f 2397/2321/1850 2385/2311/1840 2384/2310/1839
f 2398/2322/1851 2386/2312/1841 2385/2311/1840
f 2399/2323/1852 2387/2313/1842 2386/2312/1841
f 2400/2324/1853 2388/2314/1843 2387/2313/1842
f 2401/2325/1854 2389/2326/1855 2388/2314/1843
f 2403/2220/1526 1987/1946/1526 2390/2233/1526
f 2404/2219/1504 2391/2232/1504 1986/1946/1504
f 2405/2327/1856 2393/2317/1846 2392/2316/1845
f 2406/2328/1857 2394/2318/1847 2393/2317/1846
f 2407/2329/1858 2395/2319/1848 2394/2318/1847
f 2408/2330/1859 2396/2320/1849 2395/2319/1848
f 2409/2331/1860 2397/2321/1850 2396/2320/1849
f 2410/2332/1861 2398/2322/1851 2397/2321/1850
f 2411/2333/1862 2399/2323/1852 2398/2322/1851
f 2412/2334/1863 2400/2324/1853 2399/2323/1852
f 2413/2335/1864 2401/2325/1854 2400/2324/1853
f 2414/2336/1865 2402/2337/1866 2401/2325/1854
f 2416/2207/1526 1987/1946/1526 2403/2220/1526
f 2417/2206/1504 2404/2219/1504 1986/1946/1504
f 2418/2338/1867 2406/2328/1857 2405/2327/1856
f 2419/2339/1868 2407/2329/1858 2406/2328/1857
f 2420/2340/1869 2408/2330/1859 2407/2329/1858
f 2421/2341/1870 2409/2331/1860 2408/2330/1859
f 2422/2342/1871 2410/2332/1861 2409/2331/1860
f 2423/2343/1872 2411/2333/1862 2410/2332/1861
f 2424/2344/1873 2412/2334/1863 2411/2333/1862
f 2425/2345/1874 2413/2335/1864 2412/2334/1863
f 2426/2346/1875 2414/2336/1865 2413/2335/1864
f 2427/2347/1876 2415/2348/1877 2414/2336/1865
f 2429/2195/1526 1987/1946/1526 2416/2207/1526
f 2430/2194/1504 2417/2206/1504 1986/1946/1504
f 2431/2349/1878 2419/2339/1868 2418/2338/1867
f 2432/2350/1879 2420/2340/1869 2419/2339/1868
f 2433/2351/1880 2421/2341/1870 2420/2340/1869
f 2434/2352/1881 2422/2342/1871 2421/2341/1870
f 2435/2353/1882 2423/2343/1872 2422/2342/1871
f 2436/2354/1883 2424/2344/1873 2423/2343/1872
f 2437/2355/1884 2425/2345/1874 2424/2344/1873
f 2438/2356/1885 2426/2346/1875 2425/2345/1874
f 2439/2357/1886 2427/2347/1876 2426/2346/1875
f 2440/2358/1887 2428/2359/1888 2427/2347/1876
f 2442/2182/1526 1987/1946/1526 2429/2195/1526
f 2443/2181/1504 2430/2194/1504 1986/1946/1504
f 2444/2360/1889 2432/2350/1879 2431/2349/1878
f 2445/2361/1890 2433/2351/1880 2432/2350/1879
f 2446/2362/1891 2434/2352/1881 2433/2351/1880
f 2447/2363/1892 2435/2353/1882 2434/2352/1881
f 2448/2364/1893 2436/2354/1883 2435/2353/1882
f 2449/2365/1894 2437/2355/1884 2436/2354/1883
f 2450/2366/1895 2438/2356/1885 2437/2355/1884
f 2451/2367/1896 2439/2357/1886 2438/2356/1885
f 2452/2368/1897 2440/2358/1887 2439/2357/1886
f 2453/2369/1898 2441/2370/1899 2440/2358/1887
f 2455/2169/1526 1987/1946/1526 2442/2182/1526
f 1988/1945/1504 2443/2181/1504 1986/1946/1504
f 1989/2371/1507 2445/2361/1890 2444/2360/1889
f 1990/2372/1506 2446/2362/1891 2445/2361/1890
f 1991/2373/1509 2447/2363/1892 2446/2362/1891
f 1992/2374/1511 2448/2364/1893 2447/2363/1892
f 1993/2375/1513 2449/2365/1894 2448/2364/1893
f 1994/1968/1515 2450/2366/1895 2449/2365/1894
f 1995/2376/1517 2451/2367/1896 2450/2366/1895
f 1996/2377/1519 2452/2368/1897 2451/2367/1896
f 1997/2378/1521 2453/2369/1898 2452/2368/1897
f 1998/2379/1523 2454/2380/1900 2453/2369/1898
f 2000/1968/1526 1987/1946/1526 2455/2169/1526
f 2002/1947/1505 2003/1950/1508 1990/1948/1506
f 2003/1950/1508 2004/1952/1510 1991/1951/1509
f 2004/1952/1510 2005/1954/1512 1992/1953/1511
f 2005/1954/1512 2006/1956/1514 1993/1955/1513
f 2006/1956/1514 2007/1957/1516 1994/1945/1515
f 2007/1957/1516 2008/1959/1518 1995/1958/1517
f 2008/1959/1518 2009/1961/1520 1996/1960/1519
f 2009/1961/1520 2010/1963/1522 1997/1962/1521
f 2010/1963/1522 2011/1965/1524 1998/1964/1523
f 2011/1965/1524 2012/1980/1537 1999/1966/1525
f 2015/1970/1527 2016/1971/1528 2003/1950/1508
f 2016/1971/1528 2017/1972/1529 2004/1952/1510
f 2017/1972/1529 2018/1973/1530 2005/1954/1512
f 2018/1973/1530 2019/1974/1531 2006/1956/1514
f 2019/1974/1531 2020/1975/1532 2007/1957/1516
f 2020/1975/1532 2021/1976/1533 2008/1959/1518
f 2021/1976/1533 2022/1977/1534 2009/1961/1520
f 2022/1977/1534 2023/1978/1535 2010/1963/1522
f 2023/1978/1535 2024/1979/1536 2011/1965/1524
f 2024/1979/1536 2025/2381/1901 2012/1980/1537
f 2029/1983/1538 2016/1971/1528 2015/1970/1527
f 2030/1985/1540 2017/1972/1529 2016/1971/1528
f 2030/1985/1540 2031/1986/1541 2018/1973/1530
f 2031/1986/1541 2032/1988/1543 2019/1974/1531
f 2033/1987/1542 2020/1975/1532 2019/1974/1531
f 2034/1989/1544 2021/1976/1533 2020/1975/1532
f 2035/1990/1545 2022/1977/1534 2021/1976/1533
f 2036/1991/1546 2023/1978/1535 2022/1977/1534
f 2037/1992/1547 2024/1979/1536 2023/1978/1535
f 2038/1993/1548 2025/2381/1901 2024/1979/1536
f 2042/1996/1549 2029/1983/1538 2028/1984/1539
f 2043/1998/1551 2030/1985/1540 2029/1983/1538
f 2044/1999/1552 2031/1986/1541 2030/1985/1540
f 2045/2000/1553 2032/1988/1543 2031/1986/1541
f 2046/2001/1554 2033/1987/1542 2032/1988/1543
f 2047/2002/1555 2034/1989/1544 2033/1987/1542
f 2048/2003/1556 2035/1990/1545 2034/1989/1544
f 2049/2004/1557 2036/1991/1546 2035/1990/1545
f 2050/2005/1558 2037/1992/1547 2036/1991/1546
f 2051/2006/1559 2038/1993/1548 2037/1992/1547
f 2055/2009/1560 2042/1996/1549 2041/1997/1550
f 2056/2011/1562 2043/1998/1551 2042/1996/1549
f 2057/2012/1563 2044/1999/1552 2043/1998/1551
f 2058/2013/1564 2045/2000/1553 2044/1999/1552
f 2059/2014/1565 2046/2001/1554 2045/2000/1553
f 2060/2015/1566 2047/2002/1555 2046/2001/1554
f 2061/2016/1567 2048/2003/1556 2047/2002/1555
f 2062/2017/1568 2049/2004/1557 2048/2003/1556
f 2063/2018/1569 2050/2005/1558 2049/2004/1557
f 2064/2019/1570 2051/2006/1559 2050/2005/1558
f 2068/2022/1571 2055/2009/1560 2054/2010/1561
f 2069/2024/1573 2056/2011/1562 2055/2009/1560
f 2070/2025/1574 2057/2012/1563 2056/2011/1562
f 2071/2026/1575 2058/2013/1564 2057/2012/1563
f 2072/2027/1576 2059/2014/1565 2058/2013/1564
f 2073/2028/1577 2060/2015/1566 2059/2014/1565
f 2074/2029/1578 2061/2016/1567 2060/2015/1566
f 2075/2030/1579 2062/2017/1568 2061/2016/1567
f 2076/2031/1580 2063/2018/1569 2062/2017/1568
f 2077/2032/1581 2064/2019/1570 2063/2018/1569
f 2081/2035/1582 2068/2022/1571 2067/2023/1572
f 2082/2037/1584 2069/2024/1573 2068/2022/1571
f 2083/2038/1585 2070/2025/1574 2069/2024/1573
f 2084/2039/1586 2071/2026/1575 2070/2025/1574
f 2085/2040/1587 2072/2027/1576 2071/2026/1575
f 2086/2041/1588 2073/2028/1577 2072/2027/1576
f 2087/2042/1589 2074/2029/1578 2073/2028/1577
f 2088/2043/1590 2075/2030/1579 2074/2029/1578
f 2089/2044/1591 2076/2031/1580 2075/2030/1579
f 2090/2045/1592 2077/2032/1581 2076/2031/1580
f 2094/2048/1593 2081/2035/1582 2080/2036/1583
f 2095/2050/1595 2082/2037/1584 2081/2035/1582
f 2096/2051/1596 2083/2038/1585 2082/2037/1584
f 2097/2052/1597 2084/2039/1586 2083/2038/1585
f 2098/2053/1598 2085/2040/1587 2084/2039/1586
f 2099/2054/1599 2086/2041/1588 2085/2040/1587
f 2100/2055/1600 2087/2042/1589 2086/2041/1588
f 2101/2056/1601 2088/2043/1590 2087/2042/1589
f 2102/2057/1602 2089/2044/1591 2088/2043/1590
f 2103/2058/1603 2090/2045/1592 2089/2044/1591
f 2107/2061/1604 2094/2048/1593 2093/2049/1594
f 2108/2063/1606 2095/2050/1595 2094/2048/1593
f 2109/2064/1607 2096/2051/1596 2095/2050/1595
f 2110/2065/1608 2097/2052/1597 2096/2051/1596
f 2111/2066/1609 2098/2053/1598 2097/2052/1597
f 2112/2067/1610 2099/2054/1599 2098/2053/1598
f 2113/2068/1611 2100/2055/1600 2099/2054/1599
f 2114/2069/1612 2101/2056/1601 2100/2055/1600
f 2115/2070/1613 2102/2057/1602 2101/2056/1601
f 2116/2071/1614 2103/2058/1603 2102/2057/1602
f 2120/2072/1615 2107/2061/1604 2106/2062/1605
f 2121/2074/1617 2108/2063/1606 2107/2061/1604
f 2122/2075/1618 2109/2064/1607 2108/2063/1606
f 2123/2076/1619 2110/2065/1608 2109/2064/1607
f 2124/2077/1620 2111/2066/1609 2110/2065/1608
f 2125/2078/1621 2112/2067/1610 2111/2066/1609
f 2126/2079/1622 2113/2068/1611 2112/2067/1610
f 2127/2080/1623 2114/2069/1612 2113/2068/1611
f 2128/2081/1624 2115/2070/1613 2114/2069/1612
f 2129/2082/1625 2116/2071/1614 2115/2070/1613
f 2133/2083/1626 2120/2072/1615 2119/2073/1616
f 2134/2085/1628 2121/2074/1617 2120/2072/1615
f 2135/2086/1629 2122/2075/1618 2121/2074/1617
f 2136/2087/1630 2123/2076/1619 2122/2075/1618
f 2137/2088/1631 2124/2077/1620 2123/2076/1619
f 2138/2089/1632 2125/2078/1621 2124/2077/1620
f 2139/2090/1633 2126/2079/1622 2125/2078/1621
f 2140/2091/1634 2127/2080/1623 2126/2079/1622
f 2141/2092/1635 2128/2081/1624 2127/2080/1623
f 2142/2093/1636 2129/2082/1625 2128/2081/1624
f 2146/2094/1637 2133/2083/1626 2132/2084/1627
f 2147/2096/1639 2134/2085/1628 2133/2083/1626
f 2148/2097/1640 2135/2086/1629 2134/2085/1628
f 2149/2098/1641 2136/2087/1630 2135/2086/1629
f 2150/2099/1642 2137/2088/1631 2136/2087/1630
f 2151/2100/1643 2138/2089/1632 2137/2088/1631
f 2152/2101/1644 2139/2090/1633 2138/2089/1632
f 2153/2102/1645 2140/2091/1634 2139/2090/1633
f 2154/2103/1646 2141/2092/1635 2140/2091/1634
f 2155/2104/1647 2142/2093/1636 2141/2092/1635
f 2159/2105/1648 2146/2094/1637 2145/2095/1638
f 2160/2107/1650 2147/2096/1639 2146/2094/1637
f 2161/2108/1651 2148/2097/1640 2147/2096/1639
f 2162/2109/1652 2149/2098/1641 2148/2097/1640
f 2163/2110/1653 2150/2099/1642 2149/2098/1641
f 2164/2111/1654 2151/2100/1643 2150/2099/1642
f 2165/2112/1655 2152/2101/1644 2151/2100/1643
f 2166/2113/1656 2153/2102/1645 2152/2101/1644
f 2167/2114/1657 2154/2103/1646 2153/2102/1645
f 2168/2115/1658 2155/2104/1647 2154/2103/1646
f 2172/2116/1659 2159/2105/1648 2158/2106/1649
f 2173/2118/1661 2160/2107/1650 2159/2105/1648
f 2174/2119/1662 2161/2108/1651 2160/2107/1650
f 2175/2120/1663 2162/2109/1652 2161/2108/1651
f 2176/2121/1664 2163/2110/1653 2162/2109/1652
f 2177/2122/1665 2164/2111/1654 2163/2110/1653
f 2178/2123/1666 2165/2112/1655 2164/2111/1654
f 2179/2124/1667 2166/2113/1656 2165/2112/1655
f 2180/2125/1668 2167/2114/1657 2166/2113/1656
f 2181/2126/1669 2168/2115/1658 2167/2114/1657
f 2185/2127/1670 2172/2116/1659 2171/2117/1660
f 2186/2129/1672 2173/2118/1661 2172/2116/1659
f 2187/2130/1673 2174/2119/1662 2173/2118/1661
f 2188/2131/1674 2175/2120/1663 2174/2119/1662
f 2189/2132/1675 2176/2121/1664 2175/2120/1663
f 2190/2133/1676 2177/2122/1665 2176/2121/1664
f 2191/2134/1677 2178/2123/1666 2177/2122/1665
f 2192/2135/1678 2179/2124/1667 2178/2123/1666
f 2193/2136/1679 2180/2125/1668 2179/2124/1667
f 2194/2137/1680 2181/2126/1669 2180/2125/1668
f 2198/2138/1681 2185/2127/1670 2184/2128/1671
f 2199/2140/1683 2186/2129/1672 2185/2127/1670
f 2200/2141/1684 2187/2130/1673 2186/2129/1672
f 2201/2142/1685 2188/2131/1674 2187/2130/1673
f 2202/2143/1686 2189/2132/1675 2188/2131/1674
f 2203/2144/1687 2190/2133/1676 2189/2132/1675
f 2204/2145/1688 2191/2134/1677 2190/2133/1676
f 2205/2146/1689 2192/2135/1678 2191/2134/1677
f 2206/2147/1690 2193/2136/1679 2192/2135/1678
f 2207/2148/1691 2194/2137/1680 2193/2136/1679
f 2211/2149/1692 2198/2138/1681 2197/2139/1682
f 2212/2151/1694 2199/2140/1683 2198/2138/1681
f 2213/2152/1695 2200/2141/1684 2199/2140/1683
f 2214/2153/1696 2201/2142/1685 2200/2141/1684
f 2215/2154/1697 2202/2143/1686 2201/2142/1685
f 2216/2155/1698 2203/2144/1687 2202/2143/1686
f 2217/2156/1699 2204/2145/1688 2203/2144/1687
f 2218/2157/1700 2205/2146/1689 2204/2145/1688
f 2219/2158/1701 2206/2147/1690 2205/2146/1689
f 2220/2159/1702 2207/2148/1691 2206/2147/1690
f 2224/2160/1703 2211/2149/1692 2210/2150/1693
f 2225/2162/1705 2212/2151/1694 2211/2149/1692
f 2226/2163/1706 2213/2152/1695 2212/2151/1694
f 2227/2164/1707 2214/2153/1696 2213/2152/1695
f 2228/1946/1708 2215/2154/1697 2214/2153/1696
f 2229/2165/1709 2216/2155/1698 2215/2154/1697
f 2230/2166/1710 2217/2156/1699 2216/2155/1698
f 2231/2167/1711 2218/2157/1700 2217/2156/1699
f 2232/2168/1712 2219/2158/1701 2218/2157/1700
f 2233/2060/1713 2220/2159/1702 2219/2158/1701
f 2237/2170/1714 2224/2160/1703 2223/2161/1704
f 2238/2172/1716 2225/2162/1705 2224/2160/1703
f 2239/2173/1717 2226/2163/1706 2225/2162/1705
f 2240/2174/1718 2227/2164/1707 2226/2163/1706
f 2241/2175/1719 2228/1946/1708 2227/2164/1707
f 2242/2176/1720 2229/2165/1709 2228/1946/1708
f 2243/2177/1721 2230/2166/1710 2229/2165/1709
f 2244/2178/1722 2231/2167/1711 2230/2166/1710
f 2245/2179/1723 2232/2168/1712 2231/2167/1711
f 2246/2180/1724 2233/2060/1713 2232/2168/1712
f 2250/2183/1725 2237/2170/1714 2236/2171/1715
f 2251/2185/1727 2238/2172/1716 2237/2170/1714
f 2252/2186/1728 2239/2173/1717 2238/2172/1716
f 2253/2187/1729 2240/2174/1718 2239/2173/1717
f 2254/2188/1730 2241/2175/1719 2240/2174/1718
f 2255/2189/1731 2242/2176/1720 2241/2175/1719
f 2256/2190/1732 2243/2177/1721 2242/2176/1720
f 2257/2191/1733 2244/2178/1722 2243/2177/1721
f 2258/2192/1734 2245/2179/1723 2244/2178/1722
f 2259/2193/1735 2246/2180/1724 2245/2179/1723
f 2262/2196/1736 2263/2197/1737 2250/2183/1725
f 2263/2197/1737 2264/2199/1739 2251/2185/1727
f 2265/2198/1738 2252/2186/1728 2251/2185/1727
f 2266/2200/1740 2253/2187/1729 2252/2186/1728
f 2266/2200/1740 2267/2201/1741 2254/2188/1730
f 2267/2201/1741 2268/2202/1742 2255/2189/1731
f 2268/2202/1742 2269/2203/1743 2256/2190/1732
f 2269/2203/1743 2270/2204/1744 2257/2191/1733
f 2270/2204/1744 2271/2205/1745 2258/2192/1734
f 2271/2205/1745 2272/2218/1756 2259/2193/1735
f 2275/2208/1746 2276/2209/1747 2263/2197/1737
f 2276/2209/1747 2277/2210/1748 2264/2199/1739
f 2277/2210/1748 2278/2211/1749 2265/2198/1738
f 2278/2211/1749 2279/2212/1750 2266/2200/1740
f 2279/2212/1750 2280/2213/1751 2267/2201/1741
f 2280/2213/1751 2281/2214/1752 2268/2202/1742
f 2281/2214/1752 2282/2215/1753 2269/2203/1743
f 2282/2215/1753 2283/2216/1754 2270/2204/1744
f 2283/2216/1754 2284/2217/1755 2271/2205/1745
f 2284/2217/1755 2285/2231/1767 2272/2218/1756
f 2288/2221/1757 2289/2222/1758 2276/2209/1747
f 2289/2222/1758 2290/2223/1759 2277/2210/1748
f 2290/2223/1759 2291/2224/1760 2278/2211/1749
f 2291/2224/1760 2292/2225/1761 2279/2212/1750
f 2292/2225/1761 2293/2226/1762 2280/2213/1751
f 2293/2226/1762 2294/2227/1763 2281/2214/1752
f 2294/2227/1763 2295/2228/1764 2282/2215/1753
f 2295/2228/1764 2296/2229/1765 2283/2216/1754
f 2296/2229/1765 2297/2230/1766 2284/2217/1755
f 2297/2230/1766 2298/2244/1778 2285/2231/1767
f 2301/2234/1768 2302/2235/1769 2289/2222/1758
f 2302/2235/1769 2303/2236/1770 2290/2223/1759
f 2303/2236/1770 2304/2237/1771 2291/2224/1760
f 2304/2237/1771 2305/2238/1772 2292/2225/1761
f 2305/2238/1772 2306/2239/1773 2293/2226/1762
f 2306/2239/1773 2307/2240/1774 2294/2227/1763
f 2307/2240/1774 2308/2241/1775 2295/2228/1764
f 2308/2241/1775 2309/2242/1776 2296/2229/1765
f 2309/2242/1776 2310/2243/1777 2297/2230/1766
f 2310/2243/1777 2311/2257/1789 2298/2244/1778
f 2314/2247/1779 2315/2248/1780 2302/2235/1769
f 2315/2248/1780 2316/2249/1781 2303/2236/1770
f 2316/2249/1781 2317/2250/1782 2304/2237/1771
f 2317/2250/1782 2318/2251/1783 2305/2238/1772
f 2318/2251/1783 2319/2252/1784 2306/2239/1773
f 2319/2252/1784 2320/2253/1785 2307/2240/1774
f 2320/2253/1785 2321/2254/1786 2308/2241/1775
f 2321/2254/1786 2322/2255/1787 2309/2242/1776
f 2322/2255/1787 2323/2256/1788 2310/2243/1777
f 2323/2256/1788 2324/2270/1800 2311/2257/1789
f 2327/2260/1790 2328/2261/1791 2315/2248/1780
f 2328/2261/1791 2329/2262/1792 2316/2249/1781
f 2329/2262/1792 2330/2263/1793 2317/2250/1782
f 2330/2263/1793 2331/2264/1794 2318/2251/1783
f 2331/2264/1794 2332/2265/1795 2319/2252/1784
f 2332/2265/1795 2333/2266/1796 2320/2253/1785
f 2333/2266/1796 2334/2267/1797 2321/2254/1786
f 2334/2267/1797 2335/2268/1798 2322/2255/1787
f 2335/2268/1798 2336/2269/1799 2323/2256/1788
f 2336/2269/1799 2337/2282/1811 2324/2270/1800
f 2340/2272/1801 2341/2273/1802 2328/2261/1791
f 2341/2273/1802 2342/2274/1803 2329/2262/1792
f 2342/2274/1803 2343/2275/1804 2330/2263/1793
f 2343/2275/1804 2344/2276/1805 2331/2264/1794
f 2344/2276/1805 2345/2277/1806 2332/2265/1795
f 2345/2277/1806 2346/2278/1807 2333/2266/1796
f 2346/2278/1807 2347/2279/1808 2334/2267/1797
f 2347/2279/1808 2348/2280/1809 2335/2268/1798
f 2348/2280/1809 2349/2281/1810 2336/2269/1799
f 2349/2281/1810 2350/2293/1822 2337/2282/1811
f 2353/2283/1812 2354/2284/1813 2341/2273/1802
f 2354/2284/1813 2355/2285/1814 2342/2274/1803
f 2355/2285/1814 2356/2286/1815 2343/2275/1804
f 2356/2286/1815 2357/2287/1816 2344/2276/1805
f 2357/2287/1816 2358/2288/1817 2345/2277/1806
f 2358/2288/1817 2359/2289/1818 2346/2278/1807
f 2359/2289/1818 2360/2290/1819 2347/2279/1808
f 2360/2290/1819 2361/2291/1820 2348/2280/1809
f 2361/2291/1820 2362/2292/1821 2349/2281/1810
f 2362/2292/1821 2363/2304/1833 2350/2293/1822
f 2366/2294/1823 2367/2295/1824 2354/2284/1813
f 2367/2295/1824 2368/2296/1825 2355/2285/1814
f 2368/2296/1825 2369/2297/1826 2356/2286/1815
f 2369/2297/1826 2370/2298/1827 2357/2287/1816
f 2370/2298/1827 2371/2299/1828 2358/2288/1817
f 2371/2299/1828 2372/2300/1829 2359/2289/1818
f 2372/2300/1829 2373/2301/1830 2360/2290/1819
f 2373/2301/1830 2374/2302/1831 2361/2291/1820
f 2374/2302/1831 2375/2303/1832 2362/2292/1821
f 2375/2303/1832 2376/2315/1844 2363/2304/1833
f 2379/2305/1834 2380/2306/1835 2367/2295/1824
f 2380/2306/1835 2381/2307/1836 2368/2296/1825
f 2381/2307/1836 2382/2308/1837 2369/2297/1826
f 2382/2308/1837 2383/2309/1838 2370/2298/1827
f 2383/2309/1838 2384/2310/1839 2371/2299/1828
f 2384/2310/1839 2385/2311/1840 2372/2300/1829
f 2385/2311/1840 2386/2312/1841 2373/2301/1830
f 2386/2312/1841 2387/2313/1842 2374/2302/1831
f 2387/2313/1842 2388/2314/1843 2375/2303/1832
f 2388/2314/1843 2389/2326/1855 2376/2315/1844
f 2392/2316/1845 2393/2317/1846 2380/2306/1835
f 2393/2317/1846 2394/2318/1847 2381/2307/1836
f 2394/2318/1847 2395/2319/1848 2382/2308/1837
f 2395/2319/1848 2396/2320/1849 2383/2309/1838
f 2396/2320/1849 2397/2321/1850 2384/2310/1839
f 2397/2321/1850 2398/2322/1851 2385/2311/1840
f 2398/2322/1851 2399/2323/1852 2386/2312/1841
f 2399/2323/1852 2400/2324/1853 2387/2313/1842
f 2400/2324/1853 2401/2325/1854 2388/2314/1843
f 2401/2325/1854 2402/2337/1866 2389/2326/1855
f 2405/2327/1856 2406/2328/1857 2393/2317/1846
f 2406/2328/1857 2407/2329/1858 2394/2318/1847
f 2407/2329/1858 2408/2330/1859 2395/2319/1848
f 2408/2330/1859 2409/2331/1860 2396/2320/1849
f 2409/2331/1860 2410/2332/1861 2397/2321/1850
f 2410/2332/1861 2411/2333/1862 2398/2322/1851
f 2411/2333/1862 2412/2334/1863 2399/2323/1852
f 2412/2334/1863 2413/2335/1864 2400/2324/1853
f 2413/2335/1864 2414/2336/1865 2401/2325/1854
f 2414/2336/1865 2415/2348/1877 2402/2337/1866
f 2418/2338/1867 2419/2339/1868 2406/2328/1857
f 2419/2339/1868 2420/2340/1869 2407/2329/1858
f 2420/2340/1869 2421/2341/1870 2408/2330/1859
f 2421/2341/1870 2422/2342/1871 2409/2331/1860
f 2422/2342/1871 2423/2343/1872 2410/2332/1861
f 2423/2343/1872 2424/2344/1873 2411/2333/1862
f 2424/2344/1873 2425/2345/1874 2412/2334/1863
f 2425/2345/1874 2426/2346/1875 2413/2335/1864
f 2426/2346/1875 2427/2347/1876 2414/2336/1865
f 2427/2347/1876 2428/2359/1888 2415/2348/1877
f 2431/2349/1878 2432/2350/1879 2419/2339/1868
f 2432/2350/1879 2433/2351/1880 2420/2340/1869
f 2433/2351/1880 2434/2352/1881 2421/2341/1870
f 2434/2352/1881 2435/2353/1882 2422/2342/1871
f 2435/2353/1882 2436/2354/1883 2423/2343/1872
f 2436/2354/1883 2437/2355/1884 2424/2344/1873
f 2437/2355/1884 2438/2356/1885 2425/2345/1874
f 2438/2356/1885 2439/2357/1886 2426/2346/1875
f 2439/2357/1886 2440/2358/1887 2427/2347/1876
f 2440/2358/1887 2441/2370/1899 2428/2359/1888
f 2444/2360/1889 2445/2361/1890 2432/2350/1879
f 2445/2361/1890 2446/2362/1891 2433/2351/1880
f 2446/2362/1891 2447/2363/1892 2434/2352/1881
f 2447/2363/1892 2448/2364/1893 2435/2353/1882
f 2448/2364/1893 2449/2365/1894 2436/2354/1883
f 2449/2365/1894 2450/2366/1895 2437/2355/1884
f 2450/2366/1895 2451/2367/1896 2438/2356/1885
f 2451/2367/1896 2452/2368/1897 2439/2357/1886
f 2452/2368/1897 2453/2369/1898 2440/2358/1887
f 2453/2369/1898 2454/2380/1900 2441/2370/1899
f 1989/2371/1507 1990/2372/1506 2445/2361/1890
f 1990/2372/1506 1991/2373/1509 2446/2362/1891
f 1991/2373/1509 1992/2374/1511 2447/2363/1892
f 1992/2374/1511 1993/2375/1513 2448/2364/1893
f 1993/2375/1513 1994/1968/1515 2449/2365/1894
f 1994/1968/1515 1995/2376/1517 2450/2366/1895
f 1995/2376/1517 1996/2377/1519 2451/2367/1896
f 1996/2377/1519 1997/2378/1521 2452/2368/1897
f 1997/2378/1521 1998/2379/1523 2453/2369/1898
f 1998/2379/1523 1999/2382/1525 2454/2380/1900
o bottom_design
v 0.253282 0.476424 0.001570
v 0.249208 0.499530 0.001570
v 0.237476 0.519849 0.001570
v 0.219503 0.534931 0.001570
v 0.197456 0.542955 0.001570
v 0.173993 0.542955 0.001570
v 0.151946 0.534931 0.001570
v 0.133972 0.519849 0.001570
v 0.122241 0.499530 0.001570
v 0.118167 0.476424 0.001570
v 0.122241 0.453318 0.001570
v 0.133972 0.432999 0.001570
v 0.151946 0.417918 0.001570
v 0.173993 0.409893 0.001570
v 0.197456 0.409893 0.001570
v 0.219503 0.417918 0.001570
v 0.237476 0.432999 0.001570
v 0.249208 0.453318 0.001570
v 0.249103 0.476424 -0.046189
v 0.245091 0.499530 -0.045481
v 0.233538 0.519849 -0.043444
v 0.215838 0.534931 -0.040323
v 0.194125 0.542955 -0.036495
v 0.171019 0.542955 -0.032420
v 0.149307 0.534931 -0.028592
v 0.131607 0.519849 -0.025471
v 0.120054 0.499530 -0.023434
v 0.116041 0.476424 -0.022726
v 0.120054 0.453318 -0.023434
v 0.131607 0.432999 -0.025471
v 0.149307 0.417918 -0.028592
v 0.171019 0.409893 -0.032420
v 0.194125 0.409893 -0.036495
v 0.215838 0.417918 -0.040323
v 0.233538 0.432999 -0.043444
v 0.245091 0.453318 -0.045481
v 0.236695 0.476424 -0.092497
v 0.232867 0.499530 -0.091104
v 0.221843 0.519849 -0.087091
v 0.204954 0.534931 -0.080944
v 0.184236 0.542955 -0.073403
v 0.162188 0.542955 -0.065379
v 0.141470 0.534931 -0.057838
v 0.124581 0.519849 -0.051691
v 0.113557 0.499530 -0.047678
v 0.109729 0.476424 -0.046285
v 0.113557 0.453318 -0.047678
v 0.124581 0.432999 -0.051691
v 0.141470 0.417918 -0.057838
v 0.162188 0.409893 -0.065379
v 0.184236 0.409893 -0.073403
v 0.204954 0.417918 -0.080944
v 0.221843 0.432999 -0.087091
v 0.232867 0.453318 -0.091104
v 0.216434 0.476424 -0.135947
v 0.212906 0.499530 -0.133910
v 0.202746 0.519849 -0.128044
v 0.187181 0.534931 -0.119058
v 0.168087 0.542955 -0.108034
v 0.147768 0.542955 -0.096303
v 0.128674 0.534931 -0.085279
v 0.113109 0.519849 -0.076292
v 0.102950 0.499530 -0.070427
v 0.099421 0.476424 -0.068390
v 0.102950 0.453318 -0.070427
v 0.113109 0.432999 -0.076292
v 0.128674 0.417918 -0.085279
v 0.147768 0.409893 -0.096303
v 0.168087 0.409893 -0.108034
v 0.187181 0.417918 -0.119058
v 0.202746 0.432999 -0.128044
v 0.212906 0.453318 -0.133910
v 0.188936 0.476424 -0.175219
v 0.185815 0.499530 -0.172600
v 0.176828 0.519849 -0.165059
v 0.163060 0.534931 -0.153506
v 0.146171 0.542955 -0.139334
v 0.128197 0.542955 -0.124253
v 0.111308 0.534931 -0.110081
v 0.097540 0.519849 -0.098528
v 0.088553 0.499530 -0.090987
v 0.085432 0.476424 -0.088368
v 0.088553 0.453318 -0.090987
v 0.097540 0.432999 -0.098528
v 0.111308 0.417918 -0.110081
v 0.128197 0.409893 -0.124253
v 0.146171 0.409893 -0.139334
v 0.163060 0.417918 -0.153506
v 0.176828 0.432999 -0.165059
v 0.185815 0.453318 -0.172600
v 0.155036 0.476424 -0.209119
v 0.152417 0.499530 -0.205997
v 0.144876 0.519849 -0.197011
v 0.133323 0.534931 -0.183242
v 0.119152 0.542955 -0.166353
v 0.104070 0.542955 -0.148380
v 0.089898 0.534931 -0.131490
v 0.078345 0.519849 -0.117722
v 0.070805 0.499530 -0.108736
v 0.068186 0.476424 -0.105614
v 0.070805 0.453318 -0.108736
v 0.078345 0.432999 -0.117722
v 0.089898 0.417918 -0.131490
v 0.104070 0.409893 -0.148380
v 0.119152 0.409893 -0.166353
v 0.133323 0.417918 -0.183242
v 0.144876 0.432999 -0.197011
v 0.152417 0.453318 -0.205997
v 0.115764 0.476424 -0.236617
v 0.113727 0.499530 -0.233088
v 0.107862 0.519849 -0.222929
v 0.098875 0.534931 -0.207364
v 0.087851 0.542955 -0.188270
v 0.076120 0.542955 -0.167951
v 0.065096 0.534931 -0.148857
v 0.056110 0.519849 -0.133292
v 0.050244 0.499530 -0.123132
v 0.048207 0.476424 -0.119604
v 0.050244 0.453318 -0.123132
v 0.056110 0.432999 -0.133292
v 0.065096 0.417918 -0.148857
v 0.076120 0.409893 -0.167951
v 0.087851 0.409893 -0.188270
v 0.098875 0.417918 -0.207364
v 0.107862 0.432999 -0.222929
v 0.113727 0.453318 -0.233088
v 0.072314 0.476424 -0.256878
v 0.070921 0.499530 -0.253049
v 0.066909 0.519849 -0.242026
v 0.060761 0.534931 -0.225136
v 0.053221 0.542955 -0.204418
v 0.045196 0.542955 -0.182371
v 0.037655 0.534931 -0.161653
v 0.031508 0.519849 -0.144764
v 0.027496 0.499530 -0.133740
v 0.026102 0.476424 -0.129911
v 0.027496 0.453318 -0.133740
v 0.031508 0.432999 -0.144764
v 0.037655 0.417918 -0.161653
v 0.045196 0.409893 -0.182371
v 0.053221 0.409893 -0.204418
v 0.060761 0.417918 -0.225136
v 0.066909 0.432999 -0.242026
v 0.070921 0.453318 -0.253049
v 0.026006 0.476424 -0.269286
v 0.025299 0.499530 -0.265274
v 0.023262 0.519849 -0.253721
v 0.020141 0.534931 -0.236021
v 0.016312 0.542955 -0.214308
v 0.012238 0.542955 -0.191202
v 0.008409 0.534931 -0.169489
v 0.005288 0.519849 -0.151789
v 0.003251 0.499530 -0.140236
v 0.002544 0.476424 -0.136224
v 0.003251 0.453318 -0.140236
v 0.005288 0.432999 -0.151789
v 0.008409 0.417918 -0.169489
v 0.012238 0.409893 -0.191202
v 0.016312 0.409893 -0.214308
v 0.020141 0.417918 -0.236021
v 0.023262 0.432999 -0.253721
v 0.025299 0.453318 -0.265274
v -0.021753 0.476424 -0.273464
v -0.021753 0.499530 -0.269390
v -0.021753 0.519849 -0.257659
v -0.021753 0.534931 -0.239686
v -0.021753 0.542955 -0.217638
v -0.021753 0.542955 -0.194176
v -0.021753 0.534931 -0.172128
v -0.021753 0.519849 -0.154155
v -0.021753 0.499530 -0.142424
v -0.021753 0.476424 -0.138350
v -0.021753 0.453318 -0.142424
v -0.021753 0.432999 -0.154155
v -0.021753 0.417918 -0.172128
v -0.021753 0.409893 -0.194176
v -0.021753 0.409893 -0.217638
v -0.021753 0.417918 -0.239686
v -0.021753 0.432999 -0.257659
v -0.021753 0.453318 -0.269390
v -0.069512 0.476424 -0.269286
v -0.068805 0.499530 -0.265274
v -0.066768 0.519849 -0.253721
v -0.063647 0.534931 -0.236021
v -0.059818 0.542955 -0.214308
v -0.055744 0.542955 -0.191202
v -0.051916 0.534931 -0.169489
v -0.048795 0.519849 -0.151789
v -0.046757 0.499530 -0.140236
v -0.046050 0.476424 -0.136224
v -0.046757 0.453318 -0.140236
v -0.048795 0.432999 -0.151789
v -0.051916 0.417918 -0.169489
v -0.055744 0.409893 -0.191202
v -0.059818 0.409893 -0.214308
v -0.063647 0.417918 -0.236021
v -0.066768 0.432999 -0.253721
v -0.068805 0.453318 -0.265274
v -0.115821 0.476424 -0.256878
v -0.114427 0.499530 -0.253049
v -0.110415 0.519849 -0.242026
v -0.104268 0.534931 -0.225136
v -0.096727 0.542955 -0.204418
v -0.088702 0.542955 -0.182371
v -0.081162 0.534931 -0.161653
v -0.075014 0.519849 -0.144764
v -0.071002 0.499530 -0.133740
v -0.069609 0.476424 -0.129911
v -0.071002 0.453318 -0.133740
v -0.075014 0.432999 -0.144764
v -0.081162 0.417918 -0.161653
v -0.088702 0.409893 -0.182371
v -0.096727 0.409893 -0.204418
v -0.104268 0.417918 -0.225136
v -0.110415 0.432999 -0.242026
v -0.114427 0.453318 -0.253049
v -0.159271 0.476424 -0.236617
v -0.157233 0.499530 -0.233088
v -0.151368 0.519849 -0.222929
v -0.142381 0.534931 -0.207364
v -0.131357 0.542955 -0.188270
v -0.119626 0.542955 -0.167951
v -0.108602 0.534931 -0.148857
v -0.099616 0.519849 -0.133292
v -0.093750 0.499530 -0.123132
v -0.091713 0.476424 -0.119604
v -0.093750 0.453318 -0.123132
v -0.099616 0.432999 -0.133292
v -0.108602 0.417918 -0.148857
v -0.119626 0.409893 -0.167951
v -0.131357 0.409893 -0.188270
v -0.142381 0.417918 -0.207364
v -0.151368 0.432999 -0.222929
v -0.157233 0.453318 -0.233088
v -0.198542 0.476424 -0.209119
v -0.195923 0.499530 -0.205997
v -0.188383 0.519849 -0.197011
v -0.176830 0.534931 -0.183242
v -0.162658 0.542955 -0.166353
v -0.147576 0.542955 -0.148380
v -0.133404 0.534931 -0.131490
v -0.121851 0.519849 -0.117722
v -0.114311 0.499530 -0.108736
v -0.111692 0.476424 -0.105614
v -0.114311 0.453318 -0.108736
v -0.121851 0.432999 -0.117722
v -0.133404 0.417918 -0.131490
v -0.147576 0.409893 -0.148380
v -0.162658 0.409893 -0.166353
v -0.176830 0.417918 -0.183242
v -0.188383 0.432999 -0.197011
v -0.195923 0.453318 -0.205997
v -0.232442 0.476424 -0.175219
v -0.229321 0.499530 -0.172600
v -0.220334 0.519849 -0.165059
v -0.206566 0.534931 -0.153506
v -0.189677 0.542955 -0.139334
v -0.171703 0.542955 -0.124253
v -0.154814 0.534931 -0.110081
v -0.141046 0.519849 -0.098528
v -0.132059 0.499530 -0.090987
v -0.128938 0.476424 -0.088368
v -0.132059 0.453318 -0.090987
v -0.141046 0.432999 -0.098528
v -0.154814 0.417918 -0.110081
v -0.171703 0.409893 -0.124253
v -0.189677 0.409893 -0.139334
v -0.206566 0.417918 -0.153506
v -0.220334 0.432999 -0.165059
v -0.229321 0.453318 -0.172600
v -0.259940 0.476424 -0.135947
v -0.256412 0.499530 -0.133910
v -0.246252 0.519849 -0.128044
v -0.230687 0.534931 -0.119058
v -0.211593 0.542955 -0.108034
v -0.191274 0.542955 -0.096303
v -0.172181 0.534931 -0.085279
v -0.156615 0.519849 -0.076292
v -0.146456 0.499530 -0.070427
v -0.142927 0.476424 -0.068390
v -0.146456 0.453318 -0.070427
v -0.156615 0.432999 -0.076292
v -0.172181 0.417918 -0.085279
v -0.191274 0.409893 -0.096303
v -0.211593 0.409893 -0.108034
v -0.230687 0.417918 -0.119058
v -0.246252 0.432999 -0.128044
v -0.256412 0.453318 -0.133910
v -0.280201 0.476424 -0.092497
v -0.276373 0.499530 -0.091104
v -0.265349 0.519849 -0.087091
v -0.248460 0.534931 -0.080944
v -0.227742 0.542955 -0.073403
v -0.205694 0.542955 -0.065379
v -0.184977 0.534931 -0.057838
v -0.168087 0.519849 -0.051691
v -0.157063 0.499530 -0.047678
v -0.153235 0.476424 -0.046285
v -0.157063 0.453318 -0.047678
v -0.168087 0.432999 -0.051691
v -0.184977 0.417918 -0.057838
v -0.205694 0.409893 -0.065379
v -0.227742 0.409893 -0.073403
v -0.248460 0.417918 -0.080944
v -0.265349 0.432999 -0.087091
v -0.276373 0.453318 -0.091104
v -0.292610 0.476424 -0.046189
v -0.288597 0.499530 -0.045481
v -0.277044 0.519849 -0.043444
v -0.259344 0.534931 -0.040323
v -0.237632 0.542955 -0.036495
v -0.214526 0.542955 -0.032420
v -0.192813 0.534931 -0.028592
v -0.175113 0.519849 -0.025471
v -0.163560 0.499530 -0.023434
v -0.159547 0.476424 -0.022726
v -0.163560 0.453318 -0.023434
v -0.175113 0.432999 -0.025471
v -0.192813 0.417918 -0.028592
v -0.214526 0.409893 -0.032420
v -0.237632 0.409893 -0.036495
v -0.259344 0.417918 -0.040323
v -0.277044 0.432999 -0.043444
v -0.288597 0.453318 -0.045481
v -0.296788 0.476424 0.001570
v -0.292714 0.499530 0.001570
v -0.280983 0.519849 0.001570
v -0.263009 0.534931 0.001570
v -0.240962 0.542955 0.001570
v -0.217499 0.542955 0.001570
v -0.195452 0.534931 0.001570
v -0.177479 0.519849 0.001570
v -0.165747 0.499530 0.001570
v -0.161673 0.476424 0.001570
v -0.165747 0.453318 0.001570
v -0.177479 0.432999 0.001570
v -0.195452 0.417918 0.001570
v -0.217499 0.409893 0.001570
v -0.240962 0.409893 0.001570
v -0.263009 0.417918 0.001570
v -0.280983 0.432999 0.001570
v -0.292714 0.453318 0.001570
v -0.292610 0.476424 0.049330
v -0.288597 0.499530 0.048622
v -0.277044 0.519849 0.046585
v -0.259344 0.534931 0.043464
v -0.237632 0.542955 0.039636
v -0.214526 0.542955 0.035561
v -0.192813 0.534931 0.031733
v -0.175113 0.519849 0.028612
v -0.163560 0.499530 0.026575
v -0.159547 0.476424 0.025867
v -0.163560 0.453318 0.026575
v -0.175113 0.432999 0.028612
v -0.192813 0.417918 0.031733
v -0.214526 0.409893 0.035561
v -0.237632 0.409893 0.039636
v -0.259344 0.417918 0.043464
v -0.277044 0.432999 0.046585
v -0.288597 0.453318 0.048622
v -0.280201 0.476424 0.095638
v -0.276373 0.499530 0.094245
v -0.265349 0.519849 0.090232
v -0.248460 0.534931 0.084085
v -0.227742 0.542955 0.076544
v -0.205694 0.542955 0.068520
v -0.184977 0.534931 0.060979
v -0.168087 0.519849 0.054832
v -0.157063 0.499530 0.050819
v -0.153235 0.476424 0.049426
v -0.157063 0.453318 0.050819
v -0.168087 0.432999 0.054832
v -0.184977 0.417918 0.060979
v -0.205694 0.409893 0.068520
v -0.227742 0.409893 0.076544
v -0.248460 0.417918 0.084085
v -0.265349 0.432999 0.090232
v -0.276373 0.453318 0.094245
v -0.259940 0.476424 0.139088
v -0.256412 0.499530 0.137051
v -0.246252 0.519849 0.131185
v -0.230687 0.534931 0.122199
v -0.211593 0.542955 0.111175
v -0.191274 0.542955 0.099444
v -0.172181 0.534931 0.088420
v -0.156615 0.519849 0.079433
v -0.146456 0.499530 0.073568
v -0.142927 0.476424 0.071531
v -0.146456 0.453318 0.073568
v -0.156615 0.432999 0.079433
v -0.172181 0.417918 0.088420
v -0.191274 0.409893 0.099444
v -0.211593 0.409893 0.111175
v -0.230687 0.417918 0.122199
v -0.246252 0.432999 0.131185
v -0.256412 0.453318 0.137051
v -0.232442 0.476424 0.178360
v -0.229321 0.499530 0.175741
v -0.220334 0.519849 0.168200
v -0.206566 0.534931 0.156647
v -0.189677 0.542955 0.142475
v -0.171703 0.542955 0.127394
v -0.154814 0.534931 0.113222
v -0.141046 0.519849 0.101669
v -0.132059 0.499530 0.094128
v -0.128938 0.476424 0.091509
v -0.132059 0.453318 0.094128
v -0.141046 0.432999 0.101669
v -0.154814 0.417918 0.113222
v -0.171703 0.409893 0.127394
v -0.189677 0.409893 0.142475
v -0.206566 0.417918 0.156647
v -0.220334 0.432999 0.168200
v -0.229321 0.453318 0.175741
v -0.198542 0.476424 0.212259
v -0.195923 0.499530 0.209138
v -0.188383 0.519849 0.200152
v -0.176830 0.534931 0.186383
v -0.162658 0.542955 0.169494
v -0.147576 0.542955 0.151521
v -0.133404 0.534931 0.134631
v -0.121851 0.519849 0.120863
v -0.114311 0.499530 0.111876
v -0.111692 0.476424 0.108755
v -0.114311 0.453318 0.111876
v -0.121851 0.432999 0.120863
v -0.133404 0.417918 0.134631
v -0.147576 0.409893 0.151521
v -0.162658 0.409893 0.169494
v -0.176830 0.417918 0.186383
v -0.188383 0.432999 0.200152
v -0.195923 0.453318 0.209138
v -0.159271 0.476424 0.239758
v -0.157233 0.499530 0.236229
v -0.151368 0.519849 0.226070
v -0.142381 0.534931 0.210505
v -0.131357 0.542955 0.191411
v -0.119626 0.542955 0.171092
v -0.108602 0.534931 0.151998
v -0.099616 0.519849 0.136433
v -0.093750 0.499530 0.126273
v -0.091713 0.476424 0.122745
v -0.093750 0.453318 0.126273
v -0.099616 0.432999 0.136433
v -0.108602 0.417918 0.151998
v -0.119626 0.409893 0.171092
v -0.131357 0.409893 0.191411
v -0.142381 0.417918 0.210505
v -0.151368 0.432999 0.226070
v -0.157233 0.453318 0.236229
v -0.115821 0.476424 0.260019
v -0.114427 0.499530 0.256190
v -0.110415 0.519849 0.245167
v -0.104268 0.534931 0.228277
v -0.096727 0.542955 0.207559
v -0.088702 0.542955 0.185512
v -0.081162 0.534931 0.164794
v -0.075014 0.519849 0.147905
v -0.071002 0.499530 0.136881
v -0.069609 0.476424 0.133052
v -0.071002 0.453318 0.136881
v -0.075014 0.432999 0.147905
v -0.081162 0.417918 0.164794
v -0.088702 0.409893 0.185512
v -0.096727 0.409893 0.207559
v -0.104268 0.417918 0.228277
v -0.110415 0.432999 0.245167
v -0.114427 0.453318 0.256190
v -0.069512 0.476424 0.272427
v -0.068805 0.499530 0.268415
v -0.066768 0.519849 0.256862
v -0.063647 0.534931 0.239161
v -0.059818 0.542955 0.217449
v -0.055744 0.542955 0.194343
v -0.051916 0.534931 0.172630
v -0.048795 0.519849 0.154930
v -0.046757 0.499530 0.143377
v -0.046050 0.476424 0.139365
v -0.046757 0.453318 0.143377
v -0.048795 0.432999 0.154930
v -0.051916 0.417918 0.172630
v -0.055744 0.409893 0.194343
v -0.059818 0.409893 0.217449
v -0.063647 0.417918 0.239161
v -0.066768 0.432999 0.256862
v -0.068805 0.453318 0.268415
v -0.021753 0.476424 0.276605
v -0.021753 0.499530 0.272531
v -0.021753 0.519849 0.260800
v -0.021753 0.534931 0.242827
v -0.021753 0.542955 0.220779
v -0.021753 0.542955 0.197317
v -0.021753 0.534931 0.175269
v -0.021753 0.519849 0.157296
v -0.021753 0.499530 0.145565
v -0.021753 0.476424 0.141491
v -0.021753 0.453318 0.145565
v -0.021753 0.432999 0.157296
v -0.021753 0.417918 0.175269
v -0.021753 0.409893 0.197317
v -0.021753 0.409893 0.220779
v -0.021753 0.417918 0.242827
v -0.021753 0.432999 0.260800
v -0.021753 0.453318 0.272531
v 0.026006 0.476424 0.272427
v 0.025299 0.499530 0.268415
v 0.023262 0.519849 0.256862
v 0.020141 0.534931 0.239161
v 0.016312 0.542955 0.217449
v 0.012238 0.542955 0.194343
v 0.008409 0.534931 0.172630
v 0.005288 0.519849 0.154930
v 0.003251 0.499530 0.143377
v 0.002544 0.476424 0.139365
v 0.003251 0.453318 0.143377
v 0.005288 0.432999 0.154930
v 0.008409 0.417918 0.172630
v 0.012238 0.409893 0.194343
v 0.016312 0.409893 0.217449
v 0.020141 0.417918 0.239161
v 0.023262 0.432999 0.256862
v 0.025299 0.453318 0.268415
v 0.072314 0.476424 0.260019
v 0.070921 0.499530 0.256190
v 0.066909 0.519849 0.245167
v 0.060761 0.534931 0.228277
v 0.053221 0.542955 0.207559
v 0.045196 0.542955 0.185512
v 0.037655 0.534931 0.164794
v 0.031508 0.519849 0.147905
v 0.027496 0.499530 0.136881
v 0.026102 0.476424 0.133052
v 0.027496 0.453318 0.136881
v 0.031508 0.432999 0.147905
v 0.037655 0.417918 0.164794
v 0.045196 0.409893 0.185512
v 0.053221 0.409893 0.207559
v 0.060761 0.417918 0.228277
v 0.066909 0.432999 0.245167
v 0.070921 0.453318 0.256190
v 0.115764 0.476424 0.239758
v 0.113727 0.499530 0.236229
v 0.107862 0.519849 0.226070
v 0.098875 0.534931 0.210505
v 0.087851 0.542955 0.191411
v 0.076120 0.542955 0.171092
v 0.065096 0.534931 0.151998
v 0.056110 0.519849 0.136433
v 0.050244 0.499530 0.126273
v 0.048207 0.476424 0.122745
v 0.050244 0.453318 0.126273
v 0.056110 0.432999 0.136433
v 0.065096 0.417918 0.151998
v 0.076120 0.409893 0.171092
v 0.087851 0.409893 0.191411
v 0.098875 0.417918 0.210505
v 0.107862 0.432999 0.226070
v 0.113727 0.453318 0.236229
v 0.155036 0.476424 0.212259
v 0.152417 0.499530 0.209138
v 0.144876 0.519849 0.200152
v 0.133323 0.534931 0.186383
v 0.119152 0.542955 0.169494
v 0.104070 0.542955 0.151521
v 0.089898 0.534931 0.134631
v 0.078345 0.519849 0.120863
v 0.070805 0.499530 0.111876
v 0.068186 0.476424 0.108755
v 0.070805 0.453318 0.111876
v 0.078345 0.432999 0.120863
v 0.089898 0.417918 0.134631
v 0.104070 0.409893 0.151521
v 0.119152 0.409893 0.169494
v 0.133323 0.417918 0.186383
v 0.144876 0.432999 0.200152
v 0.152417 0.453318 0.209138
v 0.188936 0.476424 0.178360
v 0.185815 0.499530 0.175741
v 0.176828 0.519849 0.168200
v 0.163060 0.534931 0.156647
v 0.146171 0.542955 0.142475
v 0.128197 0.542955 0.127394
v 0.111308 0.534931 0.113222
v 0.097540 0.519849 0.101669
v 0.088553 0.499530 0.094128
v 0.085432 0.476424 0.091509
v 0.088553 0.453318 0.094128
v 0.097540 0.432999 0.101669
v 0.111308 0.417918 0.113222
v 0.128197 0.409893 0.127394
v 0.146171 0.409893 0.142475
v 0.163060 0.417918 0.156647
v 0.176828 0.432999 0.168200
v 0.185815 0.453318 0.175741
v 0.216434 0.476424 0.139088
v 0.212906 0.499530 0.137051
v 0.202746 0.519849 0.131185
v 0.187181 0.534931 0.122199
v 0.168087 0.542955 0.111175
v 0.147768 0.542955 0.099444
v 0.128674 0.534931 0.088420
v 0.113109 0.519849 0.079433
v 0.102950 0.499530 0.073568
v 0.099421 0.476424 0.071531
v 0.102950 0.453318 0.073568
v 0.113109 0.432999 0.079433
v 0.128674 0.417918 0.088420
v 0.147768 0.409893 0.099444
v 0.168087 0.409893 0.111175
v 0.187181 0.417918 0.122199
v 0.202746 0.432999 0.131185
v 0.212906 0.453318 0.137051
v 0.236695 0.476424 0.095638
v 0.232867 0.499530 0.094245
v 0.221843 0.519849 0.090232
v 0.204954 0.534931 0.084085
v 0.184236 0.542955 0.076544
v 0.162188 0.542955 0.068520
v 0.141470 0.534931 0.060979
v 0.124581 0.519849 0.054832
v 0.113557 0.499530 0.050819
v 0.109729 0.476424 0.049426
v 0.113557 0.453318 0.050819
v 0.124581 0.432999 0.054832
v 0.141470 0.417918 0.060979
v 0.162188 0.409893 0.068520
v 0.184236 0.409893 0.076544
v 0.204954 0.417918 0.084085
v 0.221843 0.432999 0.090232
v 0.232867 0.453318 0.094245
v 0.249103 0.476424 0.049330
v 0.245091 0.499530 0.048622
v 0.233538 0.519849 0.046585
v 0.215838 0.534931 0.043464
v 0.194125 0.542955 0.039636
v 0.171019 0.542955 0.035561
v 0.149307 0.534931 0.031733
v 0.131607 0.519849 0.028612
v 0.120054 0.499530 0.026575
v 0.116041 0.476424 0.025867
v 0.120054 0.453318 0.026575
v 0.131607 0.432999 0.028612
v 0.149307 0.417918 0.031733
v 0.171019 0.409893 0.035561
v 0.194125 0.409893 0.039636
v 0.215838 0.417918 0.043464
v 0.233538 0.432999 0.046585
v 0.245091 0.453318 0.048622
vn 0.9848 -0.0000 -0.1737
vn 0.9397 0.3421 -0.0000
vn 1.0000 -0.0000 -0.0000
vn 0.7552 0.6424 -0.1303
vn 0.9259 0.3391 -0.1666
vn 0.4999 0.8661 -0.0000
vn 0.7702 0.6378 0.0062
vn 0.1730 0.9846 -0.0257
vn 0.4975 0.8621 -0.0962
vn -0.1686 0.9851 0.0349
vn 0.1838 0.9829 0.0095
vn -0.4999 0.8661 -0.0000
vn -0.1635 0.9865 0.0094
vn -0.7528 0.6439 0.1366
vn -0.4872 0.8699 0.0775
vn -0.9248 0.3429 0.1652
vn -0.7618 0.6478 0.0062
vn -0.9848 -0.0000 0.1736
vn -0.9385 0.3452 0.0033
vn -0.9255 -0.3429 0.1609
vn -1.0000 -0.0000 -0.0000
vn -0.7541 -0.6440 0.1288
vn -0.9386 -0.3451 -0.0033
vn -0.4917 -0.8670 0.0814
vn -0.7622 -0.6473 -0.0061
vn -0.1702 -0.9851 0.0244
vn -0.4932 -0.8699 -0.0083
vn 0.1736 -0.9848 -0.0000
vn -0.1651 -0.9862 -0.0094
vn 0.1730 -0.9846 -0.0257
vn 0.4999 -0.8661 -0.0000
vn 0.7543 -0.6423 -0.1360
vn 0.5014 -0.8615 -0.0800
vn 0.9252 -0.3418 -0.1647
vn 0.7697 -0.6383 -0.0062
vn 0.9408 -0.3391 -0.0032
vn 0.8836 0.3418 -0.3200
vn 0.9397 -0.0000 -0.3420
vn 0.7211 0.6424 -0.2595
vn 0.4719 0.8656 -0.1675
vn 0.1659 0.9846 -0.0553
vn -0.1634 0.9851 0.0536
vn -0.7176 0.6439 0.2653
vn -0.4663 0.8699 0.1609
vn -0.8820 0.3428 0.3233
vn -0.9397 -0.0000 0.3420
vn -0.8835 -0.3429 0.3192
vn -0.7202 -0.6440 0.2578
vn -0.1634 -0.9851 0.0536
vn -0.4596 -0.8705 0.1761
vn 0.1627 -0.9845 -0.0647
vn 0.4692 -0.8655 -0.1753
vn 0.8826 -0.3418 -0.3228
vn 0.7259 -0.6378 -0.2575
vn 0.8660 -0.0000 -0.5000
vn 0.6651 0.6424 -0.3807
vn 0.8130 0.3391 -0.4733
vn 0.4356 0.8656 -0.2469
vn 0.1538 0.9846 -0.0833
vn -0.1465 0.9851 0.0905
vn -0.4342 0.8670 0.2447
vn -0.8124 0.3429 0.4716
vn -0.6632 0.6473 0.3758
vn -0.8660 -0.0000 0.5000
vn -0.8146 -0.3429 0.4678
vn -0.6645 -0.6440 0.3790
vn -0.4342 -0.8670 0.2447
vn -0.1516 -0.9851 0.0812
vn 0.1538 -0.9846 -0.0833
vn 0.6623 -0.6423 -0.3858
vn 0.4438 -0.8615 -0.2466
vn 0.8131 -0.3418 -0.4712
vn 0.7209 0.3417 -0.6030
vn 0.7660 -0.0000 -0.6428
vn 0.3861 0.8656 -0.3189
vn 0.5856 0.6383 -0.4996
vn 0.1370 0.9846 -0.1088
vn -0.1286 0.9851 0.1146
vn -0.5836 0.6439 0.4947
vn -0.3831 0.8699 0.3107
vn -0.7182 0.3428 0.6055
vn -0.7211 -0.3429 0.6021
vn -0.7660 -0.0000 0.6428
vn -0.5836 -0.6439 0.4947
vn -0.1352 -0.9851 0.1063
vn -0.3717 -0.8705 0.3227
vn 0.1370 -0.9846 -0.1088
vn 0.3861 -0.8656 -0.3188
vn 0.7189 -0.3418 -0.6052
vn 0.5940 -0.6378 -0.4903
vn 0.6052 0.3418 -0.7190
vn 0.6428 -0.0000 -0.7660
vn 0.4948 0.6423 -0.5853
vn 0.3187 0.8655 -0.3864
vn 0.1086 0.9845 -0.1374
vn -0.1147 0.9851 0.1281
vn -0.3243 0.8670 0.3784
vn -0.6022 0.3429 0.7210
vn -0.4946 0.6473 0.5799
vn -0.6428 -0.0000 0.7660
vn -0.4948 -0.6440 0.5834
vn -0.6009 -0.3452 0.7210
vn -0.3243 -0.8670 0.3784
vn -0.1147 -0.9851 0.1281
vn 0.1086 -0.9845 -0.1374
vn 0.3187 -0.8655 -0.3864
vn 0.4904 -0.6423 -0.5890
vn 0.6029 -0.3418 -0.7209
vn 0.4712 0.3418 -0.8131
vn 0.5000 -0.0000 -0.8660
vn 0.3856 0.6424 -0.6623
vn 0.2538 0.8656 -0.4317
vn 0.0831 0.9845 -0.1542
vn -0.2451 0.8668 0.4342
vn -0.0907 0.9862 0.1382
vn -0.3860 0.6440 0.6605
vn -0.5000 -0.0000 0.8660
vn -0.4721 0.3451 0.8112
vn -0.3860 -0.6440 0.6605
vn -0.4665 -0.3452 0.8144
vn -0.2536 -0.8670 0.4290
vn -0.0907 -0.9851 0.1461
vn 0.0831 -0.9845 -0.1542
vn 0.2468 -0.8655 -0.4359
vn 0.3807 -0.6423 -0.6652
vn 0.4686 -0.3418 -0.8146
vn 0.3420 -0.0000 -0.9397
vn 0.2648 0.6424 -0.7192
vn 0.3186 0.3391 -0.8852
vn 0.1750 0.8656 -0.4692
vn 0.0643 0.9846 -0.1627
vn -0.1660 0.8668 0.4702
vn -0.0653 0.9862 0.1519
vn -0.2655 0.6440 0.7175
vn -0.3420 -0.0000 0.9397
vn -0.3241 0.3451 0.8808
vn -0.2655 -0.6440 0.7175
vn -0.3179 -0.3452 0.8830
vn -0.1753 -0.8670 0.4665
vn -0.0640 -0.9851 0.1596
vn 0.0551 -0.9845 -0.1663
vn 0.1750 -0.8656 -0.4692
vn 0.2648 -0.6424 -0.7192
vn 0.3249 -0.3389 -0.8829
vn 0.1646 0.3418 -0.9252
vn 0.1736 -0.0000 -0.9848
vn 0.1359 0.6424 -0.7542
vn 0.0828 0.8655 -0.4940
vn -0.0249 0.9851 0.1704
vn 0.0223 0.9832 -0.1810
vn -0.1291 0.6439 0.7542
vn -0.0938 0.8699 0.4843
vn -0.1737 -0.0000 0.9848
vn -0.1662 0.3451 0.9237
vn -0.1653 -0.3429 0.9247
vn -0.1368 -0.6440 0.7527
vn -0.0353 -0.9851 0.1683
vn -0.0773 -0.8705 0.4861
vn 0.0254 -0.9845 -0.1733
vn 0.0828 -0.8655 -0.4940
vn 0.1302 -0.6423 -0.7553
vn 0.1617 -0.3418 -0.9258
vn -0.0000 -0.0000 -1.0000
vn 0.0028 0.6424 -0.7664
vn -0.0033 0.3391 -0.9408
vn 0.0040 0.8656 -0.5007
vn 0.0048 0.9846 -0.1748
vn 0.0048 0.8668 0.4986
vn -0.0095 0.9862 0.1651
vn 0.0038 0.6439 0.7651
vn 0.0022 0.3428 0.9394
vn -0.0000 -0.0000 1.0000
vn -0.0022 -0.3429 0.9394
vn -0.0041 -0.6440 0.7650
vn 0.0048 -0.8669 0.4985
vn -0.0051 -0.9845 -0.1751
vn 0.0094 -0.9865 0.1635
vn -0.0030 -0.6423 -0.7664
vn 0.0084 -0.8615 -0.5077
vn 0.0033 -0.3389 -0.9408
vn -0.1736 -0.0000 -0.9848
vn -0.1647 0.3418 -0.9252
vn -0.0831 0.8656 -0.4938
vn -0.1398 0.6383 -0.7570
vn -0.0257 0.9846 -0.1730
vn 0.0349 0.9851 0.1686
vn 0.0913 0.8668 0.4902
vn 0.1652 0.3429 0.9247
vn 0.1263 0.6473 0.7517
vn 0.1737 -0.0000 0.9848
vn 0.1609 -0.3429 0.9255
vn 0.0814 -0.8670 0.4917
vn 0.1383 -0.6478 0.7491
vn 0.0244 -0.9851 0.1702
vn -0.0911 -0.8655 -0.4925
vn -0.0226 -0.9829 -0.1826
vn -0.1360 -0.6423 -0.7543
vn -0.1647 -0.3418 -0.9252
vn -0.3200 0.3418 -0.8836
vn -0.3420 -0.0000 -0.9397
vn -0.2595 0.6424 -0.7211
vn -0.1675 0.8656 -0.4719
vn -0.0647 0.9845 -0.1627
vn 0.1750 0.8669 0.4668
vn 0.0476 0.9862 0.1583
vn 0.2578 0.6440 0.7203
vn 0.3420 -0.0000 0.9397
vn 0.3179 0.3451 0.8831
vn 0.3192 -0.3429 0.8835
vn 0.2578 -0.6440 0.7203
vn 0.1656 -0.8670 0.4701
vn 0.0536 -0.9851 0.1634
vn -0.0647 -0.9846 -0.1627
vn -0.1675 -0.8656 -0.4719
vn -0.3228 -0.3417 -0.8826
vn -0.2576 -0.6378 -0.7259
vn -0.4686 0.3418 -0.8146
vn -0.5000 -0.0000 -0.8660
vn -0.3807 0.6424 -0.6651
vn -0.2541 0.8655 -0.4317
vn 0.0905 0.9851 0.1465
vn -0.0993 0.9832 -0.1530
vn 0.2535 0.8668 0.4294
vn 0.4716 0.3429 0.8124
vn 0.3758 0.6473 0.6632
vn 0.5000 -0.0000 0.8660
vn 0.4678 -0.3429 0.8146
vn 0.2447 -0.8670 0.4342
vn 0.3862 -0.6478 0.6566
vn 0.0812 -0.9851 0.1516
vn -0.2541 -0.8655 -0.4316
vn -0.0837 -0.9829 -0.1639
vn -0.3858 -0.6423 -0.6623
vn -0.4675 -0.3389 -0.8165
vn -0.6030 0.3416 -0.7209
vn -0.6428 -0.0000 -0.7660
vn -0.4905 0.6424 -0.5889
vn -0.3188 0.8656 -0.3861
vn -0.1088 0.9846 -0.1370
vn 0.1146 0.9851 0.1286
vn 0.3242 0.8668 0.3788
vn 0.4947 0.6439 0.5836
vn 0.6055 0.3428 0.7182
vn 0.6021 -0.3429 0.7210
vn 0.6428 -0.0000 0.7660
vn 0.4947 -0.6439 0.5836
vn 0.3242 -0.8668 0.3788
vn 0.1146 -0.9851 0.1286
vn -0.3252 -0.8655 -0.3810
vn -0.1109 -0.9829 -0.1469
vn -0.6052 -0.3418 -0.7189
vn -0.4903 -0.6378 -0.5940
vn -0.7660 -0.0000 -0.6428
vn -0.5853 0.6424 -0.4948
vn -0.7228 0.3391 -0.6022
vn -0.3811 0.8656 -0.3249
vn -0.1309 0.9846 -0.1160
vn 0.3850 0.8669 0.3168
vn 0.1204 0.9862 0.1133
vn 0.5886 0.6439 0.4889
vn 0.7210 0.3428 0.6022
vn 0.7182 -0.3429 0.6055
vn 0.7660 -0.0000 0.6428
vn 0.5886 -0.6439 0.4889
vn 0.3850 -0.8668 0.3168
vn -0.1374 -0.9845 -0.1086
vn 0.1313 -0.9865 0.0978
vn -0.3810 -0.8656 -0.3249
vn -0.5853 -0.6423 -0.4948
vn -0.7186 -0.3389 -0.6073
vn -0.8660 -0.0000 -0.5000
vn -0.8146 0.3418 -0.4686
vn -0.6652 0.6423 -0.3807
vn -0.4358 0.8655 -0.2468
vn -0.1542 0.9845 -0.0831
vn 0.4342 0.8668 0.2451
vn 0.1382 0.9862 0.0907
vn 0.6645 0.6439 0.3792
vn 0.8660 -0.0000 0.5000
vn 0.8112 0.3451 0.4721
vn 0.6605 -0.6440 0.3860
vn 0.8144 -0.3452 0.4664
vn 0.4290 -0.8670 0.2537
vn -0.1542 -0.9845 -0.0831
vn 0.1463 -0.9865 0.0736
vn -0.4359 -0.8655 -0.2468
vn -0.6652 -0.6423 -0.3807
vn -0.8146 -0.3418 -0.4686
vn -0.8826 0.3418 -0.3228
vn -0.9397 -0.0000 -0.3420
vn -0.4692 0.8656 -0.1750
vn -0.7254 0.6383 -0.2574
vn -0.1627 0.9846 -0.0643
vn 0.4701 0.8668 0.1660
vn 0.1519 0.9862 0.0653
vn 0.7203 0.6439 0.2581
vn 0.8835 0.3428 0.3193
vn 0.9397 -0.0000 0.3420
vn 0.8820 -0.3429 0.3234
vn 0.7175 -0.6440 0.2655
vn 0.1596 -0.9851 0.0640
vn 0.4653 -0.8705 0.1606
vn -0.1663 -0.9845 -0.0551
vn -0.4721 -0.8655 -0.1673
vn -0.7192 -0.6424 -0.2648
vn -0.8829 -0.3389 -0.3249
vn -0.9252 0.3418 -0.1646
vn -0.9848 -0.0000 -0.1737
vn -0.7543 0.6424 -0.1359
vn -0.4940 0.8655 -0.0828
vn 0.1704 0.9851 0.0249
vn -0.1810 0.9832 -0.0223
vn 0.4899 0.8670 0.0916
vn 0.9255 0.3429 0.1610
vn 0.7496 0.6473 0.1384
vn 0.9848 -0.0000 0.1736
vn 0.9247 -0.3429 0.1653
vn 0.7527 -0.6440 0.1368
vn 0.4899 -0.8670 0.0916
vn 0.1683 -0.9851 0.0353
vn -0.1733 -0.9845 -0.0254
vn -0.4940 -0.8655 -0.0829
vn -0.7553 -0.6423 -0.1302
vn -0.9258 -0.3418 -0.1617
vn -0.9398 0.3418 -0.0015
vn -0.7664 0.6424 -0.0028
vn -0.5008 0.8656 -0.0039
vn -0.1750 0.9846 0.0051
vn 0.4986 0.8668 -0.0048
vn 0.1651 0.9862 0.0094
vn 0.7651 0.6439 -0.0038
vn 0.9386 0.3451 0.0033
vn 0.9394 -0.3429 0.0022
vn 0.7651 -0.6439 -0.0038
vn 0.4985 -0.8669 -0.0048
vn -0.1750 -0.9845 0.0051
vn 0.1635 -0.9865 -0.0094
vn -0.5008 -0.8655 0.0042
vn -0.9398 -0.3417 0.0015
vn -0.7702 -0.6378 -0.0062
vn -0.9848 -0.0000 0.1737
vn -0.7552 0.6424 0.1303
vn -0.9259 0.3391 0.1666
vn -0.1730 0.9846 0.0257
vn -0.4975 0.8621 0.0962
vn 0.1686 0.9851 -0.0349
vn 0.7528 0.6439 -0.1366
vn 0.4872 0.8699 -0.0775
vn 0.9248 0.3429 -0.1652
vn 0.9848 -0.0000 -0.1736
vn 0.9255 -0.3429 -0.1609
vn 0.7541 -0.6440 -0.1288
vn 0.4917 -0.8670 -0.0814
vn 0.1702 -0.9851 -0.0244
vn -0.1730 -0.9846 0.0257
vn -0.7543 -0.6423 0.1360
vn -0.5014 -0.8615 0.0800
vn -0.9252 -0.3418 0.1647
vn -0.8836 0.3418 0.3200
vn -0.7211 0.6424 0.2595
vn -0.4719 0.8656 0.1675
vn -0.1659 0.9846 0.0553
vn 0.1634 0.9851 -0.0536
vn 0.7176 0.6439 -0.2653
vn 0.4663 0.8699 -0.1609
vn 0.8820 0.3428 -0.3233
vn 0.8835 -0.3429 -0.3192
vn 0.7202 -0.6441 -0.2578
vn 0.1634 -0.9851 -0.0536
vn 0.4596 -0.8705 -0.1761
vn -0.1627 -0.9845 0.0647
vn -0.4692 -0.8655 0.1753
vn -0.8826 -0.3418 0.3228
vn -0.7259 -0.6378 0.2575
vn -0.6651 0.6424 0.3807
vn -0.8131 0.3391 0.4733
vn -0.4356 0.8656 0.2469
vn -0.1538 0.9846 0.0833
vn 0.1465 0.9851 -0.0905
vn 0.4342 0.8670 -0.2447
vn 0.8124 0.3429 -0.4715
vn 0.6632 0.6473 -0.3758
vn 0.8146 -0.3429 -0.4678
vn 0.6645 -0.6440 -0.3790
vn 0.4342 -0.8670 -0.2447
vn 0.1516 -0.9851 -0.0812
vn -0.1538 -0.9846 0.0833
vn -0.6623 -0.6423 0.3858
vn -0.4438 -0.8615 0.2466
vn -0.8131 -0.3418 0.4712
vn -0.7209 0.3418 0.6030
vn -0.3861 0.8656 0.3189
vn -0.5856 0.6383 0.4996
vn -0.1370 0.9846 0.1088
vn 0.1286 0.9851 -0.1146
vn 0.5836 0.6439 -0.4947
vn 0.3831 0.8699 -0.3107
vn 0.7182 0.3428 -0.6055
vn 0.7210 -0.3429 -0.6021
vn 0.5836 -0.6439 -0.4947
vn 0.1352 -0.9851 -0.1063
vn 0.3717 -0.8705 -0.3227
vn -0.1370 -0.9846 0.1088
vn -0.3861 -0.8656 0.3188
vn -0.7189 -0.3418 0.6052
vn -0.5940 -0.6378 0.4903
vn -0.6052 0.3418 0.7190
vn -0.4948 0.6424 0.5853
vn -0.3187 0.8655 0.3864
vn -0.1086 0.9845 0.1374
vn 0.1147 0.9851 -0.1281
vn 0.3243 0.8670 -0.3784
vn 0.6022 0.3429 -0.7210
vn 0.4946 0.6473 -0.5800
vn 0.4948 -0.6440 -0.5834
vn 0.6008 -0.3452 -0.7210
vn 0.3243 -0.8670 -0.3784
vn 0.1147 -0.9851 -0.1281
vn -0.1086 -0.9845 0.1374
vn -0.3187 -0.8655 0.3864
vn -0.4904 -0.6423 0.5890
vn -0.6029 -0.3418 0.7209
vn -0.4712 0.3418 0.8131
vn -0.3856 0.6424 0.6623
vn -0.2538 0.8656 0.4317
vn -0.0831 0.9845 0.1542
vn 0.2451 0.8668 -0.4342
vn 0.0907 0.9862 -0.1382
vn 0.3860 0.6440 -0.6605
vn 0.4721 0.3451 -0.8112
vn 0.3860 -0.6440 -0.6605
vn 0.4664 -0.3452 -0.8144
vn 0.2536 -0.8670 -0.4290
vn 0.0907 -0.9851 -0.1461
vn -0.0831 -0.9845 0.1542
vn -0.2468 -0.8655 0.4359
vn -0.3807 -0.6423 0.6652
vn -0.4686 -0.3417 0.8146
vn -0.2648 0.6424 0.7192
vn -0.3186 0.3391 0.8852
vn -0.1750 0.8656 0.4692
vn -0.0643 0.9846 0.1627
vn 0.1660 0.8668 -0.4702
vn 0.0653 0.9862 -0.1519
vn 0.2655 0.6440 -0.7175
vn 0.3240 0.3451 -0.8809
vn 0.2655 -0.6440 -0.7175
vn 0.3179 -0.3452 -0.8830
vn 0.1753 -0.8670 -0.4665
vn 0.0640 -0.9851 -0.1596
vn -0.0551 -0.9845 0.1663
vn -0.1750 -0.8656 0.4692
vn -0.2648 -0.6424 0.7192
vn -0.3249 -0.3389 0.8829
vn -0.1646 0.3418 0.9252
vn -0.1736 -0.0000 0.9848
vn -0.1359 0.6424 0.7542
vn -0.0828 0.8655 0.4940
vn 0.0249 0.9851 -0.1704
vn -0.0223 0.9832 0.1810
vn 0.1291 0.6439 -0.7542
vn 0.0938 0.8699 -0.4843
vn 0.1737 -0.0000 -0.9848
vn 0.1662 0.3451 -0.9237
vn 0.1653 -0.3429 -0.9247
vn 0.1368 -0.6440 -0.7527
vn 0.0353 -0.9851 -0.1683
vn 0.0773 -0.8705 -0.4861
vn -0.0254 -0.9845 0.1733
vn -0.0828 -0.8655 0.4940
vn -0.1302 -0.6423 0.7553
vn -0.1617 -0.3418 0.9258
vn -0.0028 0.6424 0.7664
vn 0.0033 0.3391 0.9408
vn -0.0040 0.8656 0.5007
vn -0.0048 0.9846 0.1748
vn -0.0048 0.8668 -0.4986
vn 0.0095 0.9862 -0.1651
vn -0.0038 0.6439 -0.7651
vn -0.0022 0.3428 -0.9394
vn 0.0022 -0.3429 -0.9394
vn 0.0041 -0.6440 -0.7650
vn -0.0048 -0.8669 -0.4985
vn 0.0051 -0.9845 0.1751
vn -0.0094 -0.9865 -0.1635
vn 0.0030 -0.6423 0.7664
vn -0.0084 -0.8615 0.5077
vn -0.0033 -0.3389 0.9408
vn 0.1736 -0.0000 0.9848
vn 0.1647 0.3418 0.9252
vn 0.0831 0.8656 0.4938
vn 0.1398 0.6383 0.7570
vn 0.0257 0.9846 0.1730
vn -0.0349 0.9851 -0.1686
vn -0.0913 0.8668 -0.4902
vn -0.1652 0.3429 -0.9247
vn -0.1263 0.6473 -0.7517
vn -0.1737 -0.0000 -0.9848
vn -0.1609 -0.3429 -0.9255
vn -0.0814 -0.8670 -0.4917
vn -0.1383 -0.6478 -0.7491
vn -0.0244 -0.9851 -0.1702
vn 0.0911 -0.8655 0.4925
vn 0.0226 -0.9829 0.1826
vn 0.1360 -0.6423 0.7543
vn 0.1647 -0.3418 0.9252
vn 0.3200 0.3418 0.8836
vn 0.2595 0.6424 0.7211
vn 0.1675 0.8656 0.4719
vn 0.0647 0.9845 0.1627
vn -0.1750 0.8668 -0.4669
vn -0.0476 0.9862 -0.1583
vn -0.2578 0.6440 -0.7203
vn -0.3179 0.3451 -0.8831
vn -0.3192 -0.3429 -0.8835
vn -0.2578 -0.6440 -0.7203
vn -0.1656 -0.8670 -0.4701
vn -0.0536 -0.9851 -0.1634
vn 0.0647 -0.9846 0.1627
vn 0.1675 -0.8656 0.4719
vn 0.3228 -0.3418 0.8826
vn 0.2576 -0.6378 0.7259
vn 0.4686 0.3418 0.8146
vn 0.3807 0.6424 0.6651
vn 0.2541 0.8655 0.4317
vn -0.0905 0.9851 -0.1465
vn 0.0993 0.9832 0.1530
vn -0.2535 0.8668 -0.4294
vn -0.4716 0.3429 -0.8124
vn -0.3758 0.6473 -0.6632
vn -0.4678 -0.3429 -0.8146
vn -0.2447 -0.8670 -0.4342
vn -0.3862 -0.6478 -0.6566
vn -0.0812 -0.9851 -0.1516
vn 0.2541 -0.8655 0.4316
vn 0.0837 -0.9829 0.1639
vn 0.3858 -0.6423 0.6623
vn 0.4675 -0.3389 0.8164
vn 0.6030 0.3416 0.7209
vn 0.4905 0.6424 0.5889
vn 0.3188 0.8656 0.3861
vn 0.1088 0.9846 0.1370
vn -0.1146 0.9851 -0.1286
vn -0.3242 0.8668 -0.3788
vn -0.4947 0.6440 -0.5836
vn -0.6055 0.3428 -0.7182
vn -0.6021 -0.3429 -0.7210
vn -0.4947 -0.6439 -0.5836
vn -0.3242 -0.8668 -0.3788
vn -0.1146 -0.9851 -0.1286
vn 0.3252 -0.8655 0.3810
vn 0.1109 -0.9829 0.1469
vn 0.6052 -0.3418 0.7189
vn 0.4903 -0.6378 0.5940
vn 0.5853 0.6424 0.4948
vn 0.7228 0.3391 0.6022
vn 0.3811 0.8656 0.3249
vn 0.1309 0.9846 0.1160
vn -0.3850 0.8668 -0.3168
vn -0.1204 0.9862 -0.1133
vn -0.5886 0.6439 -0.4889
vn -0.7210 0.3428 -0.6022
vn -0.7182 -0.3429 -0.6055
vn -0.5886 -0.6439 -0.4889
vn -0.3850 -0.8668 -0.3168
vn 0.1374 -0.9845 0.1086
vn -0.1313 -0.9865 -0.0978
vn 0.3810 -0.8656 0.3249
vn 0.5853 -0.6423 0.4948
vn 0.7186 -0.3389 0.6073
vn 0.8146 0.3418 0.4686
vn 0.6652 0.6423 0.3807
vn 0.4358 0.8655 0.2468
vn 0.1542 0.9845 0.0831
vn -0.4342 0.8668 -0.2451
vn -0.1382 0.9862 -0.0907
vn -0.6645 0.6439 -0.3792
vn -0.8112 0.3451 -0.4721
vn -0.6605 -0.6440 -0.3860
vn -0.8144 -0.3452 -0.4664
vn -0.4290 -0.8670 -0.2537
vn 0.1542 -0.9845 0.0831
vn -0.1463 -0.9865 -0.0736
vn 0.4359 -0.8655 0.2468
vn 0.6652 -0.6423 0.3807
vn 0.8146 -0.3417 0.4686
vn 0.8826 0.3418 0.3228
vn 0.4692 0.8656 0.1750
vn 0.7254 0.6383 0.2574
vn 0.1627 0.9846 0.0643
vn -0.4701 0.8668 -0.1660
vn -0.1519 0.9862 -0.0653
vn -0.7203 0.6439 -0.2581
vn -0.8835 0.3428 -0.3193
vn -0.8820 -0.3429 -0.3234
vn -0.7175 -0.6440 -0.2655
vn -0.1596 -0.9851 -0.0640
vn -0.4653 -0.8705 -0.1606
vn 0.1663 -0.9845 0.0551
vn 0.4721 -0.8655 0.1673
vn 0.7192 -0.6424 0.2648
vn 0.8829 -0.3389 0.3249
vn 0.9252 0.3418 0.1646
vn 0.9848 -0.0000 0.1737
vn 0.7542 0.6424 0.1359
vn 0.4940 0.8655 0.0828
vn -0.1704 0.9851 -0.0249
vn 0.1810 0.9832 0.0223
vn -0.4899 0.8670 -0.0916
vn -0.9255 0.3429 -0.1610
vn -0.7496 0.6473 -0.1384
vn -0.9848 -0.0000 -0.1736
vn -0.9247 -0.3429 -0.1653
vn -0.7527 -0.6440 -0.1368
vn -0.4899 -0.8670 -0.0916
vn -0.1683 -0.9851 -0.0353
vn 0.1733 -0.9845 0.0254
vn 0.4940 -0.8655 0.0829
vn 0.7553 -0.6423 0.1302
vn 0.9258 -0.3418 0.1617
vt 0.027778 0.000000
vt 0.000000 0.055556
vt 0.000000 0.000000
vt 0.027778 0.111111
vt 0.027778 0.055556
vt 0.000000 0.166667
vt 0.000000 0.111111
vt 0.027778 0.222222
vt 0.027778 0.166667
vt 0.027778 0.277778
vt 0.000000 0.222222
vt 0.000000 0.333333
vt 0.000000 0.277778
vt 0.027778 0.388889
vt 0.027778 0.333333
vt 0.027778 0.444444
vt 0.000000 0.388889
vt 0.027778 0.500000
vt 0.000000 0.444444
vt 0.027778 0.555556
vt 0.000000 0.500000
vt 0.027778 0.611111
vt 0.000000 0.555556
vt 0.027778 0.666667
vt 0.000000 0.611111
vt 0.027778 0.722222
vt 0.000000 0.666667
vt 0.000000 0.777778
vt 0.000000 0.722222
vt 0.027778 0.777778
vt 0.000000 0.833333
vt 0.027778 0.888889
vt 0.027778 0.833333
vt 0.027778 0.944444
vt 0.000000 0.888889
vt 0.027778 1.000000
vt 0.000000 0.944444
vt 0.055556 0.055556
vt 0.055556 0.000000
vt 0.055556 0.111111
vt 0.055556 0.166667
vt 0.055556 0.222222
vt 0.055556 0.277778
vt 0.055556 0.388889
vt 0.055556 0.333333
vt 0.055556 0.444444
vt 0.055556 0.500000
vt 0.055556 0.555556
vt 0.055556 0.611111
vt 0.055556 0.722222
vt 0.055556 0.666667
vt 0.055556 0.777778
vt 0.055556 0.833333
vt 0.055556 0.944444
vt 0.055556 0.888889
vt 0.055556 1.000000
vt 0.083333 0.000000
vt 0.083333 0.111111
vt 0.083333 0.055556
vt 0.083333 0.166667
vt 0.083333 0.222222
vt 0.083333 0.277778
vt 0.083333 0.333333
vt 0.083333 0.444444
vt 0.083333 0.388889
vt 0.083333 0.500000
vt 0.083333 0.555556
vt 0.083333 0.611111
vt 0.083333 0.666667
vt 0.083333 0.722222
vt 0.083333 0.777778
vt 0.083333 0.888889
vt 0.083333 0.833333
vt 0.083333 0.944444
vt 0.083333 1.000000
vt 0.111111 0.055556
vt 0.111111 0.000000
vt 0.111111 0.166667
vt 0.111111 0.111111
vt 0.111111 0.222222
vt 0.111111 0.277778
vt 0.111111 0.388889
vt 0.111111 0.333333
vt 0.111111 0.444444
vt 0.111111 0.555556
vt 0.111111 0.500000
vt 0.111111 0.611111
vt 0.111111 0.722222
vt 0.111111 0.666667
vt 0.111111 0.777778
vt 0.111111 0.833333
vt 0.111111 0.944444
vt 0.111111 0.888889
vt 0.138889 0.055556
vt 0.138889 0.000000
vt 0.138889 0.111111
vt 0.138889 0.166667
vt 0.138889 0.222222
vt 0.138889 0.277778
vt 0.138889 0.333333
vt 0.138889 0.444444
vt 0.138889 0.388889
vt 0.138889 0.500000
vt 0.138889 0.611111
vt 0.138889 0.555556
vt 0.138889 0.666667
vt 0.138889 0.722222
vt 0.138889 0.777778
vt 0.138889 0.833333
vt 0.138889 0.888889
vt 0.138889 0.944444
vt 0.138889 1.000000
vt 0.166667 0.055556
vt 0.166667 0.000000
vt 0.166667 0.111111
vt 0.166667 0.166667
vt 0.166667 0.222222
vt 0.166667 0.333333
vt 0.166667 0.277778
vt 0.166667 0.388889
vt 0.166667 0.500000
vt 0.166667 0.444444
vt 0.166667 0.611111
vt 0.166667 0.555556
vt 0.166667 0.666667
vt 0.166667 0.722222
vt 0.166667 0.777778
vt 0.166667 0.833333
vt 0.166667 0.888889
vt 0.166667 0.944444
vt 0.166667 1.000000
vt 0.194444 0.000000
vt 0.194444 0.111111
vt 0.194444 0.055556
vt 0.194444 0.166667
vt 0.194444 0.222222
vt 0.194444 0.333333
vt 0.194444 0.277778
vt 0.194444 0.388889
vt 0.194444 0.500000
vt 0.194444 0.444444
vt 0.194444 0.611111
vt 0.194444 0.555556
vt 0.194444 0.666667
vt 0.194444 0.722222
vt 0.194444 0.777778
vt 0.194444 0.833333
vt 0.194444 0.888889
vt 0.194444 1.000000
vt 0.194444 0.944444
vt 0.222222 0.055556
vt 0.222222 0.000000
vt 0.222222 0.111111
vt 0.222222 0.166667
vt 0.222222 0.277778
vt 0.222222 0.222222
vt 0.222222 0.388889
vt 0.222222 0.333333
vt 0.222222 0.500000
vt 0.222222 0.444444
vt 0.222222 0.555556
vt 0.222222 0.611111
vt 0.222222 0.722222
vt 0.222222 0.666667
vt 0.222222 0.777778
vt 0.222222 0.833333
vt 0.222222 0.888889
vt 0.222222 0.944444
vt 0.222222 1.000000
vt 0.250000 0.000000
vt 0.250000 0.111111
vt 0.250000 0.055556
vt 0.250000 0.166667
vt 0.250000 0.222222
vt 0.250000 0.333333
vt 0.250000 0.277778
vt 0.250000 0.388889
vt 0.250000 0.444444
vt 0.250000 0.500000
vt 0.250000 0.555556
vt 0.250000 0.611111
vt 0.250000 0.666667
vt 0.250000 0.777778
vt 0.250000 0.722222
vt 0.250000 0.888889
vt 0.250000 0.833333
vt 0.250000 1.000000
vt 0.250000 0.944444
vt 0.277778 0.000000
vt 0.277778 0.055556
vt 0.277778 0.166667
vt 0.277778 0.111111
vt 0.277778 0.222222
vt 0.277778 0.277778
vt 0.277778 0.333333
vt 0.277778 0.444444
vt 0.277778 0.388889
vt 0.277778 0.500000
vt 0.277778 0.555556
vt 0.277778 0.666667
vt 0.277778 0.611111
vt 0.277778 0.722222
vt 0.277778 0.833333
vt 0.277778 0.777778
vt 0.277778 0.888889
vt 0.277778 0.944444
vt 0.277778 1.000000
vt 0.305556 0.055556
vt 0.305556 0.000000
vt 0.305556 0.111111
vt 0.305556 0.166667
vt 0.305556 0.222222
vt 0.305556 0.333333
vt 0.305556 0.277778
vt 0.305556 0.388889
vt 0.305556 0.500000
vt 0.305556 0.444444
vt 0.305556 0.555556
vt 0.305556 0.611111
vt 0.305556 0.666667
vt 0.305556 0.722222
vt 0.305556 0.777778
vt 0.305556 0.833333
vt 0.305556 0.944444
vt 0.305556 0.888889
vt 0.305556 1.000000
vt 0.333333 0.055556
vt 0.333333 0.000000
vt 0.333333 0.111111
vt 0.333333 0.166667
vt 0.333333 0.277778
vt 0.333333 0.222222
vt 0.333333 0.333333
vt 0.333333 0.444444
vt 0.333333 0.388889
vt 0.333333 0.500000
vt 0.333333 0.555556
vt 0.333333 0.666667
vt 0.333333 0.611111
vt 0.333333 0.722222
vt 0.333333 0.833333
vt 0.333333 0.777778
vt 0.333333 0.888889
vt 0.333333 1.000000
vt 0.333333 0.944444
vt 0.361111 0.055556
vt 0.361111 0.000000
vt 0.361111 0.111111
vt 0.361111 0.166667
vt 0.361111 0.222222
vt 0.361111 0.277778
vt 0.361111 0.333333
vt 0.361111 0.388889
vt 0.361111 0.444444
vt 0.361111 0.555556
vt 0.361111 0.500000
vt 0.361111 0.611111
vt 0.361111 0.666667
vt 0.361111 0.722222
vt 0.361111 0.833333
vt 0.361111 0.777778
vt 0.361111 0.944444
vt 0.361111 0.888889
vt 0.388889 0.000000
vt 0.388889 0.111111
vt 0.388889 0.055556
vt 0.388889 0.166667
vt 0.388889 0.222222
vt 0.388889 0.333333
vt 0.388889 0.277778
vt 0.388889 0.388889
vt 0.388889 0.444444
vt 0.388889 0.555556
vt 0.388889 0.500000
vt 0.388889 0.611111
vt 0.388889 0.666667
vt 0.388889 0.777778
vt 0.388889 0.722222
vt 0.388889 0.833333
vt 0.388889 0.888889
vt 0.388889 1.000000
vt 0.388889 0.944444
vt 0.416667 0.000000
vt 0.416667 0.055556
vt 0.416667 0.111111
vt 0.416667 0.166667
vt 0.416667 0.222222
vt 0.416667 0.333333
vt 0.416667 0.277778
vt 0.416667 0.388889
vt 0.416667 0.500000
vt 0.416667 0.444444
vt 0.416667 0.611111
vt 0.416667 0.555556
vt 0.416667 0.666667
vt 0.416667 0.777778
vt 0.416667 0.722222
vt 0.416667 0.833333
vt 0.416667 0.888889
vt 0.416667 0.944444
vt 0.416667 1.000000
vt 0.444444 0.055556
vt 0.444444 0.000000
vt 0.444444 0.166667
vt 0.444444 0.111111
vt 0.444444 0.222222
vt 0.444444 0.333333
vt 0.444444 0.277778
vt 0.444444 0.388889
vt 0.444444 0.444444
vt 0.444444 0.500000
vt 0.444444 0.555556
vt 0.444444 0.611111
vt 0.444444 0.722222
vt 0.444444 0.666667
vt 0.444444 0.777778
vt 0.444444 0.833333
vt 0.444444 0.888889
vt 0.444444 1.000000
vt 0.444444 0.944444
vt 0.472222 0.055556
vt 0.472222 0.000000
vt 0.472222 0.111111
vt 0.472222 0.166667
vt 0.472222 0.277778
vt 0.472222 0.222222
vt 0.472222 0.333333
vt 0.472222 0.444444
vt 0.472222 0.388889
vt 0.472222 0.500000
vt 0.472222 0.555556
vt 0.472222 0.611111
vt 0.472222 0.666667
vt 0.472222 0.722222
vt 0.472222 0.777778
vt 0.472222 0.833333
vt 0.472222 0.888889
vt 0.472222 0.944444
vt 0.472222 1.000000
vt 0.500000 0.055556
vt 0.500000 0.000000
vt 0.500000 0.111111
vt 0.500000 0.166667
vt 0.500000 0.222222
vt 0.500000 0.333333
vt 0.500000 0.277778
vt 0.500000 0.388889
vt 0.500000 0.500000
vt 0.500000 0.444444
vt 0.500000 0.555556
vt 0.500000 0.611111
vt 0.500000 0.666667
vt 0.500000 0.777778
vt 0.500000 0.722222
vt 0.500000 0.833333
vt 0.500000 0.944444
vt 0.500000 0.888889
vt 0.527778 0.000000
vt 0.527778 0.111111
vt 0.527778 0.055556
vt 0.527778 0.222222
vt 0.527778 0.166667
vt 0.527778 0.277778
vt 0.527778 0.388889
vt 0.527778 0.333333
vt 0.527778 0.444444
vt 0.527778 0.500000
vt 0.527778 0.555556
vt 0.527778 0.611111
vt 0.527778 0.666667
vt 0.527778 0.722222
vt 0.527778 0.777778
vt 0.527778 0.888889
vt 0.527778 0.833333
vt 0.527778 0.944444
vt 0.527778 1.000000
vt 0.555556 0.055556
vt 0.555556 0.000000
vt 0.555556 0.111111
vt 0.555556 0.166667
vt 0.555556 0.222222
vt 0.555556 0.277778
vt 0.555556 0.388889
vt 0.555556 0.333333
vt 0.555556 0.444444
vt 0.555556 0.500000
vt 0.555556 0.555556
vt 0.555556 0.611111
vt 0.555556 0.722222
vt 0.555556 0.666667
vt 0.555556 0.777778
vt 0.555556 0.833333
vt 0.555556 0.944444
vt 0.555556 0.888889
vt 0.555556 1.000000
vt 0.583333 0.000000
vt 0.583333 0.111111
vt 0.583333 0.055556
vt 0.583333 0.166667
vt 0.583333 0.222222
vt 0.583333 0.277778
vt 0.583333 0.333333
vt 0.583333 0.444444
vt 0.583333 0.388889
vt 0.583333 0.500000
vt 0.583333 0.555556
vt 0.583333 0.611111
vt 0.583333 0.666667
vt 0.583333 0.722222
vt 0.583333 0.777778
vt 0.583333 0.888889
vt 0.583333 0.833333
vt 0.583333 0.944444
vt 0.583333 1.000000
vt 0.611111 0.055556
vt 0.611111 0.000000
vt 0.611111 0.166667
vt 0.611111 0.111111
vt 0.611111 0.222222
vt 0.611111 0.277778
vt 0.611111 0.388889
vt 0.611111 0.333333
vt 0.611111 0.444444
vt 0.611111 0.555556
vt 0.611111 0.500000
vt 0.611111 0.611111
vt 0.611111 0.722222
vt 0.611111 0.666667
vt 0.611111 0.777778
vt 0.611111 0.833333
vt 0.611111 0.944444
vt 0.611111 0.888889
vt 0.638889 0.055556
vt 0.638889 0.000000
vt 0.638889 0.111111
vt 0.638889 0.166667
vt 0.638889 0.222222
vt 0.638889 0.277778
vt 0.638889 0.333333
vt 0.638889 0.444444
vt 0.638889 0.388889
vt 0.638889 0.500000
vt 0.638889 0.611111
vt 0.638889 0.555556
vt 0.638889 0.666667
vt 0.638889 0.722222
vt 0.638889 0.777778
vt 0.638889 0.833333
vt 0.638889 0.888889
vt 0.638889 0.944444
vt 0.638889 1.000000
vt 0.666667 0.055556
vt 0.666667 0.000000
vt 0.666667 0.111111
vt 0.666667 0.166667
vt 0.666667 0.222222
vt 0.666667 0.333333
vt 0.666667 0.277778
vt 0.666667 0.388889
vt 0.666667 0.500000
vt 0.666667 0.444444
vt 0.666667 0.611111
vt 0.666667 0.555556
vt 0.666667 0.666667
vt 0.666667 0.722222
vt 0.666667 0.777778
vt 0.666667 0.833333
vt 0.666667 0.888889
vt 0.666667 0.944444
vt 0.666667 1.000000
vt 0.694444 0.000000
vt 0.694444 0.111111
vt 0.694444 0.055556
vt 0.694444 0.166667
vt 0.694444 0.222222
vt 0.694444 0.333333
vt 0.694444 0.277778
vt 0.694444 0.388889
vt 0.694444 0.500000
vt 0.694444 0.444444
vt 0.694444 0.611111
vt 0.694444 0.555556
vt 0.694444 0.666667
vt 0.694444 0.722222
vt 0.694444 0.777778
vt 0.694444 0.833333
vt 0.694444 0.888889
vt 0.694444 1.000000
vt 0.694444 0.944444
vt 0.722222 0.055556
vt 0.722222 0.000000
vt 0.722222 0.111111
vt 0.722222 0.166667
vt 0.722222 0.277778
vt 0.722222 0.222222
vt 0.722222 0.388889
vt 0.722222 0.333333
vt 0.722222 0.500000
vt 0.722222 0.444444
vt 0.722222 0.555556
vt 0.722222 0.611111
vt 0.722222 0.722222
vt 0.722222 0.666667
vt 0.722222 0.777778
vt 0.722222 0.833333
vt 0.722222 0.888889
vt 0.722222 0.944444
vt 0.722222 1.000000
vt 0.750000 0.000000
vt 0.750000 0.111111
vt 0.750000 0.055556
vt 0.750000 0.166667
vt 0.750000 0.222222
vt 0.750000 0.333333
vt 0.750000 0.277778
vt 0.750000 0.388889
vt 0.750000 0.444444
vt 0.750000 0.500000
vt 0.750000 0.555556
vt 0.750000 0.611111
vt 0.750000 0.666667
vt 0.750000 0.777778
vt 0.750000 0.722222
vt 0.750000 0.888889
vt 0.750000 0.833333
vt 0.750000 1.000000
vt 0.750000 0.944444
vt 0.777778 0.000000
vt 0.777778 0.055556
vt 0.777778 0.166667
vt 0.777778 0.111111
vt 0.777778 0.222222
vt 0.777778 0.277778
vt 0.777778 0.333333
vt 0.777778 0.444444
vt 0.777778 0.388889
vt 0.777778 0.500000
vt 0.777778 0.555556
vt 0.777778 0.666667
vt 0.777778 0.611111
vt 0.777778 0.722222
vt 0.777778 0.833333
vt 0.777778 0.777778
vt 0.777778 0.888889
vt 0.777778 0.944444
vt 0.777778 1.000000
vt 0.805556 0.055556
vt 0.805556 0.000000
vt 0.805556 0.111111
vt 0.805556 0.166667
vt 0.805556 0.222222
vt 0.805556 0.333333
vt 0.805556 0.277778
vt 0.805556 0.388889
vt 0.805556 0.500000
vt 0.805556 0.444444
vt 0.805556 0.555556
vt 0.805556 0.611111
vt 0.805556 0.666667
vt 0.805556 0.722222
vt 0.805556 0.777778
vt 0.805556 0.833333
vt 0.805556 0.944444
vt 0.805556 0.888889
vt 0.805556 1.000000
vt 0.833333 0.055556
vt 0.833333 0.000000
vt 0.833333 0.111111
vt 0.833333 0.166667
vt 0.833333 0.277778
vt 0.833333 0.222222
vt 0.833333 0.333333
vt 0.833333 0.444444
vt 0.833333 0.388889
vt 0.833333 0.500000
vt 0.833333 0.555556
vt 0.833333 0.666667
vt 0.833333 0.611111
vt 0.833333 0.722222
vt 0.833333 0.833333
vt 0.833333 0.777778
vt 0.833333 0.888889
vt 0.833333 1.000000
vt 0.833333 0.944444
vt 0.861111 0.055556
vt 0.861111 0.000000
vt 0.861111 0.111111
vt 0.861111 0.166667
vt 0.861111 0.222222
vt 0.861111 0.277778
vt 0.861111 0.333333
vt 0.861111 0.388889
vt 0.861111 0.444444
vt 0.861111 0.555556
vt 0.861111 0.500000
vt 0.861111 0.611111
vt 0.861111 0.666667
vt 0.861111 0.722222
vt 0.861111 0.833333
vt 0.861111 0.777778
vt 0.861111 0.944444
vt 0.861111 0.888889
vt 0.888889 0.000000
vt 0.888889 0.111111
vt 0.888889 0.055556
vt 0.888889 0.166667
vt 0.888889 0.222222
vt 0.888889 0.333333
vt 0.888889 0.277778
vt 0.888889 0.388889
vt 0.888889 0.444444
vt 0.888889 0.555556
vt 0.888889 0.500000
vt 0.888889 0.611111
vt 0.888889 0.666667
vt 0.888889 0.777778
vt 0.888889 0.722222
vt 0.888889 0.833333
vt 0.888889 0.888889
vt 0.888889 1.000000
vt 0.888889 0.944444
vt 0.916667 0.000000
vt 0.916667 0.055556
vt 0.916667 0.111111
vt 0.916667 0.166667
vt 0.916667 0.222222
vt 0.916667 0.333333
vt 0.916667 0.277778
vt 0.916667 0.388889
vt 0.916667 0.500000
vt 0.916667 0.444444
vt 0.916667 0.611111
vt 0.916667 0.555556
vt 0.916667 0.666667
vt 0.916667 0.777778
vt 0.916667 0.722222
vt 0.916667 0.833333
vt 0.916667 0.888889
vt 0.916667 0.944444
vt 0.916667 1.000000
vt 0.944444 0.055556
vt 0.944444 0.000000
vt 0.944444 0.166667
vt 0.944444 0.111111
vt 0.944444 0.222222
vt 0.944444 0.333333
vt 0.944444 0.277778
vt 0.944444 0.388889
vt 0.944444 0.444444
vt 0.944444 0.500000
vt 0.944444 0.555556
vt 0.944444 0.611111
vt 0.944444 0.722222
vt 0.944444 0.666667
vt 0.944444 0.777778
vt 0.944444 0.833333
vt 0.944444 0.888889
vt 0.944444 1.000000
vt 0.944444 0.944444
vt 0.972222 0.055556
vt 0.972222 0.000000
vt 0.972222 0.111111
vt 0.972222 0.166667
vt 0.972222 0.277778
vt 0.972222 0.222222
vt 0.972222 0.333333
vt 0.972222 0.444444
vt 0.972222 0.388889
vt 0.972222 0.500000
vt 0.972222 0.555556
vt 0.972222 0.611111
vt 0.972222 0.666667
vt 0.972222 0.722222
vt 0.972222 0.777778
vt 0.972222 0.833333
vt 0.972222 0.888889
vt 0.972222 0.944444
vt 0.972222 1.000000
vt 1.000000 0.055556
vt 1.000000 0.000000
vt 1.000000 0.111111
vt 1.000000 0.166667
vt 1.000000 0.222222
vt 1.000000 0.333333
vt 1.000000 0.277778
vt 1.000000 0.388889
vt 1.000000 0.500000
vt 1.000000 0.444444
vt 1.000000 0.555556
vt 1.000000 0.611111
vt 1.000000 0.666667
vt 1.000000 0.777778
vt 1.000000 0.722222
vt 1.000000 0.833333
vt 1.000000 0.944444
vt 1.000000 0.888889
vt 0.000000 1.000000
vt 0.111111 1.000000
vt 0.361111 1.000000
vt 0.500000 1.000000
vt 0.611111 1.000000
vt 0.861111 1.000000
vt 1.000000 1.000000
s 1
usemtl Mat
f 2474/2383/1902 2457/2384/1903 2456/2385/1904
f 2476/2386/1905 2457/2384/1903 2475/2387/1906
f 2476/2386/1905 2459/2388/1907 2458/2389/1908
f 2478/2390/1909 2459/2388/1907 2477/2391/1910
f 2479/2392/1911 2460/2393/1912 2478/2390/1909
f 2479/2392/1911 2462/2394/1913 2461/2395/1914
f 2481/2396/1915 2462/2394/1913 2480/2397/1916
f 2482/2398/1917 2463/2399/1918 2481/2396/1915
f 2483/2400/1919 2464/2401/1920 2482/2398/1917
f 2484/2402/1921 2465/2403/1922 2483/2400/1919
f 2485/2404/1923 2466/2405/1924 2484/2402/1921
f 2486/2406/1925 2467/2407/1926 2485/2404/1923
f 2487/2408/1927 2468/2409/1928 2486/2406/1925
f 2487/2408/1927 2470/2410/1929 2469/2411/1930
f 2488/2412/1931 2471/2413/1932 2470/2410/1929
f 2490/2414/1933 2471/2413/1932 2489/2415/1934
f 2491/2416/1935 2472/2417/1936 2490/2414/1933
f 2474/2418/1902 2473/2419/1937 2491/2416/1935
f 2493/2420/1938 2474/2383/1902 2492/2421/1939
f 2494/2422/1940 2475/2387/1906 2493/2420/1938
f 2495/2423/1941 2476/2386/1905 2494/2422/1940
f 2496/2424/1942 2477/2391/1910 2495/2423/1941
f 2496/2424/1942 2479/2392/1911 2478/2390/1909
f 2497/2425/1943 2480/2397/1916 2479/2392/1911
f 2499/2426/1944 2480/2397/1916 2498/2427/1945
f 2500/2428/1946 2481/2396/1915 2499/2426/1944
f 2501/2429/1947 2482/2398/1917 2500/2428/1946
f 2502/2430/1948 2483/2400/1919 2501/2429/1947
f 2503/2431/1949 2484/2402/1921 2502/2430/1948
f 2503/2431/1949 2486/2406/1925 2485/2404/1923
f 2505/2432/1950 2486/2406/1925 2504/2433/1951
f 2506/2434/1952 2487/2408/1927 2505/2432/1950
f 2507/2435/1953 2488/2412/1931 2506/2434/1952
f 2507/2435/1953 2490/2414/1933 2489/2415/1934
f 2509/2436/1954 2490/2414/1933 2508/2437/1955
f 2492/2438/1939 2491/2416/1935 2509/2436/1954
f 2510/2439/1956 2493/2420/1938 2492/2421/1939
f 2512/2440/1957 2493/2420/1938 2511/2441/1958
f 2513/2442/1959 2494/2422/1940 2512/2440/1957
f 2514/2443/1960 2495/2423/1941 2513/2442/1959
f 2515/2444/1961 2496/2424/1942 2514/2443/1960
f 2515/2444/1961 2498/2427/1945 2497/2425/1943
f 2516/2445/1962 2499/2426/1944 2498/2427/1945
f 2518/2446/1963 2499/2426/1944 2517/2447/1964
f 2519/2448/1965 2500/2428/1946 2518/2446/1963
f 2520/2449/1966 2501/2429/1947 2519/2448/1965
f 2521/2450/1967 2502/2430/1948 2520/2449/1966
f 2522/2451/1968 2503/2431/1949 2521/2450/1967
f 2523/2452/1969 2504/2433/1951 2522/2451/1968
f 2523/2452/1969 2506/2434/1952 2505/2432/1950
f 2524/2453/1970 2507/2435/1953 2506/2434/1952
f 2526/2454/1971 2507/2435/1953 2525/2455/1972
f 2527/2456/1973 2508/2437/1955 2526/2454/1971
f 2510/2457/1956 2509/2436/1954 2527/2456/1973
f 2529/2458/1974 2510/2439/1956 2528/2459/1975
f 2529/2458/1974 2512/2440/1957 2511/2441/1958
f 2531/2460/1976 2512/2440/1957 2530/2461/1977
f 2532/2462/1978 2513/2442/1959 2531/2460/1976
f 2533/2463/1979 2514/2443/1960 2532/2462/1978
f 2533/2463/1979 2516/2445/1962 2515/2444/1961
f 2535/2464/1980 2516/2445/1962 2534/2465/1981
f 2536/2466/1982 2517/2447/1964 2535/2464/1980
f 2536/2466/1982 2519/2448/1965 2518/2446/1963
f 2538/2467/1983 2519/2448/1965 2537/2468/1984
f 2538/2467/1983 2521/2450/1967 2520/2449/1966
f 2539/2469/1985 2522/2451/1968 2521/2450/1967
f 2541/2470/1986 2522/2451/1968 2540/2471/1987
f 2541/2470/1986 2524/2453/1970 2523/2452/1969
f 2542/2472/1988 2525/2455/1972 2524/2453/1970
f 2543/2473/1989 2526/2454/1971 2525/2455/1972
f 2545/2474/1990 2526/2454/1971 2544/2475/1991
f 2545/2474/1990 2510/2457/1956 2527/2456/1973
f 2547/2476/1992 2528/2459/1975 2546/2477/1993
f 2548/2478/1994 2529/2458/1974 2547/2476/1992
f 2548/2478/1994 2531/2460/1976 2530/2461/1977
f 2549/2479/1995 2532/2462/1978 2531/2460/1976
f 2550/2480/1996 2533/2463/1979 2532/2462/1978
f 2551/2481/1997 2534/2465/1981 2533/2463/1979
f 2552/2482/1998 2535/2464/1980 2534/2465/1981
f 2554/2483/1999 2535/2464/1980 2553/2484/2000
f 2555/2485/2001 2536/2466/1982 2554/2483/1999
f 2555/2485/2001 2538/2467/1983 2537/2468/1984
f 2557/2486/2002 2538/2467/1983 2556/2487/2003
f 2558/2488/2004 2539/2469/1985 2557/2486/2002
f 2559/2489/2005 2540/2471/1987 2558/2488/2004
f 2560/2490/2006 2541/2470/1986 2559/2489/2005
f 2561/2491/2007 2542/2472/1988 2560/2490/2006
f 2562/2492/2008 2543/2473/1989 2561/2491/2007
f 2563/2493/2009 2544/2475/1991 2562/2492/2008
f 2546/2494/1993 2545/2474/1990 2563/2493/2009
f 2565/2495/2010 2546/2477/1993 2564/2496/2011
f 2566/2497/2012 2547/2476/1992 2565/2495/2010
f 2567/2498/2013 2548/2478/1994 2566/2497/2012
f 2567/2498/2013 2550/2480/1996 2549/2479/1995
f 2568/2499/2014 2551/2481/1997 2550/2480/1996
f 2570/2500/2015 2551/2481/1997 2569/2501/2016
f 2570/2500/2015 2553/2484/2000 2552/2482/1998
f 2571/2502/2017 2554/2483/1999 2553/2484/2000
f 2573/2503/2018 2554/2483/1999 2572/2504/2019
f 2573/2503/2018 2556/2487/2003 2555/2485/2001
f 2575/2505/2020 2556/2487/2003 2574/2506/2021
f 2576/2507/2022 2557/2486/2002 2575/2505/2020
f 2577/2508/2023 2558/2488/2004 2576/2507/2022
f 2578/2509/2024 2559/2489/2005 2577/2508/2023
f 2579/2510/2025 2560/2490/2006 2578/2509/2024
f 2580/2511/2026 2561/2491/2007 2579/2510/2025
f 2581/2512/2027 2562/2492/2008 2580/2511/2026
f 2564/2513/2011 2563/2493/2009 2581/2512/2027
f 2582/2514/2028 2565/2495/2010 2564/2496/2011
f 2584/2515/2029 2565/2495/2010 2583/2516/2030
f 2585/2517/2031 2566/2497/2012 2584/2515/2029
f 2586/2518/2032 2567/2498/2013 2585/2517/2031
f 2586/2518/2032 2569/2501/2016 2568/2499/2014
f 2588/2519/2033 2569/2501/2016 2587/2520/2034
f 2588/2519/2033 2571/2502/2017 2570/2500/2015
f 2589/2521/2035 2572/2504/2019 2571/2502/2017
f 2591/2522/2036 2572/2504/2019 2590/2523/2037
f 2591/2522/2036 2574/2506/2021 2573/2503/2018
f 2593/2524/2038 2574/2506/2021 2592/2525/2039
f 2594/2526/2040 2575/2505/2020 2593/2524/2038
f 2595/2527/2041 2576/2507/2022 2594/2526/2040
f 2596/2528/2042 2577/2508/2023 2595/2527/2041
f 2596/2528/2042 2579/2510/2025 2578/2509/2024
f 2597/2529/2043 2580/2511/2026 2579/2510/2025
f 2598/2530/2044 2581/2512/2027 2580/2511/2026
f 2582/2531/2028 2581/2512/2027 2599/2532/2045
f 2601/2533/2046 2582/2514/2028 2600/2534/2047
f 2602/2535/2048 2583/2516/2030 2601/2533/2046
f 2602/2535/2048 2585/2517/2031 2584/2515/2029
f 2603/2536/2049 2586/2518/2032 2585/2517/2031
f 2605/2537/2050 2586/2518/2032 2604/2538/2051
f 2605/2537/2050 2588/2519/2033 2587/2520/2034
f 2607/2539/2052 2588/2519/2033 2606/2540/2053
f 2607/2539/2052 2590/2523/2037 2589/2521/2035
f 2609/2541/2054 2590/2523/2037 2608/2542/2055
f 2610/2543/2056 2591/2522/2036 2609/2541/2054
f 2611/2544/2057 2592/2525/2039 2610/2543/2056
f 2611/2544/2057 2594/2526/2040 2593/2524/2038
f 2613/2545/2058 2594/2526/2040 2612/2546/2059
f 2614/2547/2060 2595/2527/2041 2613/2545/2058
f 2615/2548/2061 2596/2528/2042 2614/2547/2060
f 2616/2549/2062 2597/2529/2043 2615/2548/2061
f 2617/2550/2063 2598/2530/2044 2616/2549/2062
f 2600/2551/2047 2599/2532/2045 2617/2550/2063
f 2618/2552/2064 2601/2533/2046 2600/2534/2047
f 2620/2553/2065 2601/2533/2046 2619/2554/2066
f 2621/2555/2067 2602/2535/2048 2620/2553/2065
f 2622/2556/2068 2603/2536/2049 2621/2555/2067
f 2622/2556/2068 2605/2537/2050 2604/2538/2051
f 2624/2557/2069 2605/2537/2050 2623/2558/2070
f 2625/2559/2071 2606/2540/2053 2624/2557/2069
f 2626/2560/2072 2607/2539/2052 2625/2559/2071
f 2627/2561/2073 2608/2542/2055 2626/2560/2072
f 2628/2562/2074 2609/2541/2054 2627/2561/2073
f 2629/2563/2075 2610/2543/2056 2628/2562/2074
f 2629/2563/2075 2612/2546/2059 2611/2544/2057
f 2630/2564/2076 2613/2545/2058 2612/2546/2059
f 2632/2565/2077 2613/2545/2058 2631/2566/2078
f 2632/2565/2077 2615/2548/2061 2614/2547/2060
f 2634/2567/2079 2615/2548/2061 2633/2568/2080
f 2634/2567/2079 2617/2550/2063 2616/2549/2062
f 2618/2569/2064 2617/2550/2063 2635/2570/2081
f 2636/2571/2082 2619/2554/2066 2618/2552/2064
f 2637/2572/2083 2620/2553/2065 2619/2554/2066
f 2639/2573/2084 2620/2553/2065 2638/2574/2085
f 2640/2575/2086 2621/2555/2067 2639/2573/2084
f 2641/2576/2087 2622/2556/2068 2640/2575/2086
f 2642/2577/2088 2623/2558/2070 2641/2576/2087
f 2642/2577/2088 2625/2559/2071 2624/2557/2069
f 2644/2578/2089 2625/2559/2071 2643/2579/2090
f 2645/2580/2091 2626/2560/2072 2644/2578/2089
f 2646/2581/2092 2627/2561/2073 2645/2580/2091
f 2646/2581/2092 2629/2563/2075 2628/2562/2074
f 2648/2582/2093 2629/2563/2075 2647/2583/2094
f 2649/2584/2095 2630/2564/2076 2648/2582/2093
f 2649/2584/2095 2632/2565/2077 2631/2566/2078
f 2651/2585/2096 2632/2565/2077 2650/2586/2097
f 2652/2587/2098 2633/2568/2080 2651/2585/2096
f 2653/2588/2099 2634/2567/2079 2652/2587/2098
f 2636/2589/2082 2635/2570/2081 2653/2588/2099
f 2655/2590/2100 2636/2571/2082 2654/2591/2101
f 2656/2592/2102 2637/2572/2083 2655/2590/2100
f 2657/2593/2103 2638/2574/2085 2656/2592/2102
f 2657/2593/2103 2640/2575/2086 2639/2573/2084
f 2658/2594/2104 2641/2576/2087 2640/2575/2086
f 2660/2595/2105 2641/2576/2087 2659/2596/2106
f 2660/2595/2105 2643/2579/2090 2642/2577/2088
f 2661/2597/2107 2644/2578/2089 2643/2579/2090
f 2663/2598/2108 2644/2578/2089 2662/2599/2109
f 2664/2600/2110 2645/2580/2091 2663/2598/2108
f 2665/2601/2111 2646/2581/2092 2664/2600/2110
f 2666/2602/2112 2647/2583/2094 2665/2601/2111
f 2667/2603/2113 2648/2582/2093 2666/2602/2112
f 2668/2604/2114 2649/2584/2095 2667/2603/2113
f 2668/2604/2114 2651/2585/2096 2650/2586/2097
f 2669/2605/2115 2652/2587/2098 2651/2585/2096
f 2671/2606/2116 2652/2587/2098 2670/2607/2117
f 2654/2608/2101 2653/2588/2099 2671/2606/2116
f 2673/2609/2118 2654/2591/2101 2672/2610/2119
f 2674/2611/2120 2655/2590/2100 2673/2609/2118
f 2674/2611/2120 2657/2593/2103 2656/2592/2102
f 2675/2612/2121 2658/2594/2104 2657/2593/2103
f 2677/2613/2122 2658/2594/2104 2676/2614/2123
f 2678/2615/2124 2659/2596/2106 2677/2613/2122
f 2678/2615/2124 2661/2597/2107 2660/2595/2105
f 2680/2616/2125 2661/2597/2107 2679/2617/2126
f 2681/2618/2127 2662/2599/2109 2680/2616/2125
f 2682/2619/2128 2663/2598/2108 2681/2618/2127
f 2682/2619/2128 2665/2601/2111 2664/2600/2110
f 2684/2620/2129 2665/2601/2111 2683/2621/2130
f 2685/2622/2131 2666/2602/2112 2684/2620/2129
f 2685/2622/2131 2668/2604/2114 2667/2603/2113
f 2687/2623/2132 2668/2604/2114 2686/2624/2133
f 2688/2625/2134 2669/2605/2115 2687/2623/2132
f 2688/2625/2134 2671/2606/2116 2670/2607/2117
f 2672/2626/2119 2671/2606/2116 2689/2627/2135
f 2691/2628/2136 2672/2610/2119 2690/2629/2137
f 2692/2630/2138 2673/2609/2118 2691/2628/2136
f 2693/2631/2139 2674/2611/2120 2692/2630/2138
f 2694/2632/2140 2675/2612/2121 2693/2631/2139
f 2695/2633/2141 2676/2614/2123 2694/2632/2140
f 2696/2634/2142 2677/2613/2122 2695/2633/2141
f 2697/2635/2143 2678/2615/2124 2696/2634/2142
f 2698/2636/2144 2679/2617/2126 2697/2635/2143
f 2698/2636/2144 2681/2618/2127 2680/2616/2125
f 2700/2637/2145 2681/2618/2127 2699/2638/2146
f 2700/2637/2145 2683/2621/2130 2682/2619/2128
f 2701/2639/2147 2684/2620/2129 2683/2621/2130
f 2702/2640/2148 2685/2622/2131 2684/2620/2129
f 2703/2641/2149 2686/2624/2133 2685/2622/2131
f 2705/2642/2150 2686/2624/2133 2704/2643/2151
f 2705/2642/2150 2688/2625/2134 2687/2623/2132
f 2707/2644/2152 2688/2625/2134 2706/2645/2153
f 2707/2644/2152 2672/2626/2119 2689/2627/2135
f 2708/2646/2154 2691/2628/2136 2690/2629/2137
f 2710/2647/2155 2691/2628/2136 2709/2648/2156
f 2711/2649/2157 2692/2630/2138 2710/2647/2155
f 2712/2650/2158 2693/2631/2139 2711/2649/2157
f 2712/2650/2158 2695/2633/2141 2694/2632/2140
f 2714/2651/2159 2695/2633/2141 2713/2652/2160
f 2715/2653/2161 2696/2634/2142 2714/2651/2159
f 2716/2654/2162 2697/2635/2143 2715/2653/2161
f 2716/2654/2162 2699/2638/2146 2698/2636/2144
f 2718/2655/2163 2699/2638/2146 2717/2656/2164
f 2718/2655/2163 2701/2639/2147 2700/2637/2145
f 2719/2657/2165 2702/2640/2148 2701/2639/2147
f 2720/2658/2166 2703/2641/2149 2702/2640/2148
f 2722/2659/2167 2703/2641/2149 2721/2660/2168
f 2722/2659/2167 2705/2642/2150 2704/2643/2151
f 2723/2661/2169 2706/2645/2153 2705/2642/2150
f 2724/2662/2170 2707/2644/2152 2706/2645/2153
f 2708/2663/2154 2707/2644/2152 2725/2664/2171
f 2726/2665/2172 2709/2648/2156 2708/2646/2154
f 2727/2666/2173 2710/2647/2155 2709/2648/2156
f 2728/2667/2174 2711/2649/2157 2710/2647/2155
f 2729/2668/2175 2712/2650/2158 2711/2649/2157
f 2730/2669/2176 2713/2652/2160 2712/2650/2158
f 2732/2670/2177 2713/2652/2160 2731/2671/2178
f 2733/2672/2179 2714/2651/2159 2732/2670/2177
f 2733/2672/2179 2716/2654/2162 2715/2653/2161
f 2735/2673/2180 2716/2654/2162 2734/2674/2181
f 2735/2673/2180 2718/2655/2163 2717/2656/2164
f 2737/2675/2182 2718/2655/2163 2736/2676/2183
f 2738/2677/2184 2719/2657/2165 2737/2675/2182
f 2738/2677/2184 2721/2660/2168 2720/2658/2166
f 2740/2678/2185 2721/2660/2168 2739/2679/2186
f 2741/2680/2187 2722/2659/2167 2740/2678/2185
f 2742/2681/2188 2723/2661/2169 2741/2680/2187
f 2743/2682/2189 2724/2662/2170 2742/2681/2188
f 2726/2683/2172 2725/2664/2171 2743/2682/2189
f 2745/2684/2190 2726/2665/2172 2744/2685/2191
f 2745/2684/2190 2728/2667/2174 2727/2666/2173
f 2747/2686/2192 2728/2667/2174 2746/2687/2193
f 2748/2688/2194 2729/2668/2175 2747/2686/2192
f 2748/2688/2194 2731/2671/2178 2730/2669/2176
f 2750/2689/2195 2731/2671/2178 2749/2690/2196
f 2751/2691/2197 2732/2670/2177 2750/2689/2195
f 2752/2692/2198 2733/2672/2179 2751/2691/2197
f 2753/2693/2199 2734/2674/2181 2752/2692/2198
f 2754/2694/2200 2735/2673/2180 2753/2693/2199
f 2755/2695/2201 2736/2676/2183 2754/2694/2200
f 2755/2695/2201 2738/2677/2184 2737/2675/2182
f 2757/2696/2202 2738/2677/2184 2756/2697/2203
f 2758/2698/2204 2739/2679/2186 2757/2696/2202
f 2759/2699/2205 2740/2678/2185 2758/2698/2204
f 2759/2699/2205 2742/2681/2188 2741/2680/2187
f 2760/2700/2206 2743/2682/2189 2742/2681/2188
f 2744/2701/2191 2743/2682/2189 2761/2702/2207
f 2763/2703/2208 2744/2685/2191 2762/2704/2209
f 2764/2705/2210 2745/2684/2190 2763/2703/2208
f 2764/2705/2210 2747/2686/2192 2746/2687/2193
f 2765/2706/2211 2748/2688/2194 2747/2686/2192
f 2767/2707/2212 2748/2688/2194 2766/2708/2213
f 2767/2707/2212 2750/2689/2195 2749/2690/2196
f 2768/2709/2214 2751/2691/2197 2750/2689/2195
f 2770/2710/2215 2751/2691/2197 2769/2711/2216
f 2771/2712/2217 2752/2692/2198 2770/2710/2215
f 2772/2713/2218 2753/2693/2199 2771/2712/2217
f 2773/2714/2219 2754/2694/2200 2772/2713/2218
f 2774/2715/2220 2755/2695/2201 2773/2714/2219
f 2775/2716/2221 2756/2697/2203 2774/2715/2220
f 2776/2717/2222 2757/2696/2202 2775/2716/2221
f 2777/2718/2223 2758/2698/2204 2776/2717/2222
f 2778/2719/2224 2759/2699/2205 2777/2718/2223
f 2779/2720/2225 2760/2700/2206 2778/2719/2224
f 2762/2721/2209 2761/2702/2207 2779/2720/2225
f 2781/2722/2226 2762/2704/2209 2780/2723/1922
f 2782/2724/2227 2763/2703/2208 2781/2722/2226
f 2783/2725/2228 2764/2705/2210 2782/2724/2227
f 2783/2725/2228 2766/2708/2213 2765/2706/2211
f 2784/2726/2229 2767/2707/2212 2766/2708/2213
f 2786/2727/2230 2767/2707/2212 2785/2728/2231
f 2787/2729/2232 2768/2709/2214 2786/2727/2230
f 2787/2729/2232 2770/2710/2215 2769/2711/2216
f 2789/2730/1904 2770/2710/2215 2788/2731/2233
f 2790/2732/2234 2771/2712/2217 2789/2730/1904
f 2790/2732/2234 2773/2714/2219 2772/2713/2218
f 2791/2733/2235 2774/2715/2220 2773/2714/2219
f 2792/2734/2236 2775/2716/2221 2774/2715/2220
f 2794/2735/2237 2775/2716/2221 2793/2736/2238
f 2795/2737/2239 2776/2717/2222 2794/2735/2237
f 2795/2737/2239 2778/2719/2224 2777/2718/2223
f 2797/2738/2240 2778/2719/2224 2796/2739/2241
f 2797/2738/2240 2762/2721/2209 2779/2720/2225
f 2798/2740/2242 2781/2722/2226 2780/2723/1922
f 2800/2741/2243 2781/2722/2226 2799/2742/2244
f 2800/2741/2243 2783/2725/2228 2782/2724/2227
f 2802/2743/2245 2783/2725/2228 2801/2744/2246
f 2803/2745/2247 2784/2726/2229 2802/2743/2245
f 2803/2745/2247 2786/2727/2230 2785/2728/2231
f 2805/2746/2248 2786/2727/2230 2804/2747/2249
f 2806/2748/2250 2787/2729/2232 2805/2746/2248
f 2807/2749/2251 2788/2731/2233 2806/2748/2250
f 2808/2750/2252 2789/2730/1904 2807/2749/2251
f 2809/2751/2253 2790/2732/2234 2808/2750/2252
f 2810/2752/2254 2791/2733/2235 2809/2751/2253
f 2811/2753/2255 2792/2734/2236 2810/2752/2254
f 2811/2753/2255 2794/2735/2237 2793/2736/2238
f 2812/2754/2256 2795/2737/2239 2794/2735/2237
f 2814/2755/2257 2795/2737/2239 2813/2756/2258
f 2815/2757/2259 2796/2739/2241 2814/2755/2257
f 2798/2758/2242 2797/2738/2240 2815/2757/2259
f 2817/2759/2260 2798/2740/2242 2816/2760/1947
f 2818/2761/2261 2799/2742/2244 2817/2759/2260
f 2819/2762/2262 2800/2741/2243 2818/2761/2261
f 2820/2763/2263 2801/2744/2246 2819/2762/2262
f 2820/2763/2263 2803/2745/2247 2802/2743/2245
f 2821/2764/2264 2804/2747/2249 2803/2745/2247
f 2823/2765/2265 2804/2747/2249 2822/2766/2266
f 2824/2767/2267 2805/2746/2248 2823/2765/2265
f 2825/2768/1939 2806/2748/2250 2824/2767/2267
f 2826/2769/2268 2807/2749/2251 2825/2768/1939
f 2827/2770/2269 2808/2750/2252 2826/2769/2268
f 2827/2770/2269 2810/2752/2254 2809/2751/2253
f 2829/2771/2270 2810/2752/2254 2828/2772/2271
f 2830/2773/2272 2811/2753/2255 2829/2771/2270
f 2831/2774/2273 2812/2754/2256 2830/2773/2272
f 2831/2774/2273 2814/2755/2257 2813/2756/2258
f 2833/2775/2274 2814/2755/2257 2832/2776/2275
f 2816/2777/1947 2815/2757/2259 2833/2775/2274
f 2834/2778/1965 2817/2759/2260 2816/2760/1947
f 2836/2779/2276 2817/2759/2260 2835/2780/2277
f 2837/2781/2278 2818/2761/2261 2836/2779/2276
f 2838/2782/2279 2819/2762/2262 2837/2781/2278
f 2839/2783/2280 2820/2763/2263 2838/2782/2279
f 2839/2783/2280 2822/2766/2266 2821/2764/2264
f 2840/2784/2281 2823/2765/2265 2822/2766/2266
f 2842/2785/2282 2823/2765/2265 2841/2786/2283
f 2843/2787/1956 2824/2767/2267 2842/2785/2282
f 2844/2788/2284 2825/2768/1939 2843/2787/1956
f 2845/2789/2285 2826/2769/2268 2844/2788/2284
f 2846/2790/2286 2827/2770/2269 2845/2789/2285
f 2847/2791/2287 2828/2772/2271 2846/2790/2286
f 2847/2791/2287 2830/2773/2272 2829/2771/2270
f 2848/2792/2288 2831/2774/2273 2830/2773/2272
f 2850/2793/2289 2831/2774/2273 2849/2794/2290
f 2851/2795/2291 2832/2776/2275 2850/2793/2289
f 2834/2796/1965 2833/2775/2274 2851/2795/2291
f 2853/2797/2292 2834/2778/1965 2852/2798/1984
f 2853/2797/2292 2836/2779/2276 2835/2780/2277
f 2855/2799/2293 2836/2779/2276 2854/2800/2294
f 2856/2801/2295 2837/2781/2278 2855/2799/2293
f 2857/2802/2296 2838/2782/2279 2856/2801/2295
f 2857/2802/2296 2840/2784/2281 2839/2783/2280
f 2859/2803/2297 2840/2784/2281 2858/2804/2298
f 2860/2805/2299 2841/2786/2283 2859/2803/2297
f 2860/2805/2299 2843/2787/1956 2842/2785/2282
f 2862/2806/2300 2843/2787/1956 2861/2807/1975
f 2862/2806/2300 2845/2789/2285 2844/2788/2284
f 2863/2808/2301 2846/2790/2286 2845/2789/2285
f 2865/2809/2302 2846/2790/2286 2864/2810/2303
f 2865/2809/2302 2848/2792/2288 2847/2791/2287
f 2866/2811/2304 2849/2794/2290 2848/2792/2288
f 2867/2812/2305 2850/2793/2289 2849/2794/2290
f 2869/2813/2306 2850/2793/2289 2868/2814/2307
f 2869/2813/2306 2834/2796/1965 2851/2795/2291
f 2871/2815/2308 2852/2798/1984 2870/2816/2001
f 2872/2817/2309 2853/2797/2292 2871/2815/2308
f 2872/2817/2309 2855/2799/2293 2854/2800/2294
f 2873/2818/2310 2856/2801/2295 2855/2799/2293
f 2874/2819/2311 2857/2802/2296 2856/2801/2295
f 2875/2820/2312 2858/2804/2298 2857/2802/2296
f 2876/2821/2313 2859/2803/2297 2858/2804/2298
f 2878/2822/2314 2859/2803/2297 2877/2823/2315
f 2879/2824/1993 2860/2805/2299 2878/2822/2314
f 2879/2824/1993 2862/2806/2300 2861/2807/1975
f 2881/2825/2316 2862/2806/2300 2880/2826/2317
f 2882/2827/2318 2863/2808/2301 2881/2825/2316
f 2883/2828/2319 2864/2810/2303 2882/2827/2318
f 2884/2829/2320 2865/2809/2302 2883/2828/2319
f 2885/2830/2321 2866/2811/2304 2884/2829/2320
f 2886/2831/2322 2867/2812/2305 2885/2830/2321
f 2887/2832/2323 2868/2814/2307 2886/2831/2322
f 2870/2833/2001 2869/2813/2306 2887/2832/2323
f 2889/2834/2324 2870/2816/2001 2888/2835/2018
f 2890/2836/2325 2871/2815/2308 2889/2834/2324
f 2891/2837/2326 2872/2817/2309 2890/2836/2325
f 2891/2837/2326 2874/2819/2311 2873/2818/2310
f 2892/2838/2327 2875/2820/2312 2874/2819/2311
f 2894/2839/2328 2875/2820/2312 2893/2840/2329
f 2894/2839/2328 2877/2823/2315 2876/2821/2313
f 2895/2841/2330 2878/2822/2314 2877/2823/2315
f 2897/2842/2011 2878/2822/2314 2896/2843/2331
f 2897/2842/2011 2880/2826/2317 2879/2824/1993
f 2899/2844/2332 2880/2826/2317 2898/2845/2333
f 2900/2846/2334 2881/2825/2316 2899/2844/2332
f 2901/2847/2335 2882/2827/2318 2900/2846/2334
f 2902/2848/2336 2883/2828/2319 2901/2847/2335
f 2903/2849/2337 2884/2829/2320 2902/2848/2336
f 2904/2850/2338 2885/2830/2321 2903/2849/2337
f 2905/2851/2339 2886/2831/2322 2904/2850/2338
f 2888/2852/2018 2887/2832/2323 2905/2851/2339
f 2906/2853/2036 2889/2834/2324 2888/2835/2018
f 2908/2854/2340 2889/2834/2324 2907/2855/2341
f 2909/2856/2342 2890/2836/2325 2908/2854/2340
f 2910/2857/2343 2891/2837/2326 2909/2856/2342
f 2910/2857/2343 2893/2840/2329 2892/2838/2327
f 2912/2858/2344 2893/2840/2329 2911/2859/2345
f 2912/2858/2344 2895/2841/2330 2894/2839/2328
f 2913/2860/2346 2896/2843/2331 2895/2841/2330
f 2915/2861/2028 2896/2843/2331 2914/2862/2347
f 2915/2861/2028 2898/2845/2333 2897/2842/2011
f 2917/2863/2348 2898/2845/2333 2916/2864/2349
f 2918/2865/2350 2899/2844/2332 2917/2863/2348
f 2919/2866/2351 2900/2846/2334 2918/2865/2350
f 2920/2867/2352 2901/2847/2335 2919/2866/2351
f 2920/2867/2352 2903/2849/2337 2902/2848/2336
f 2921/2868/2353 2904/2850/2338 2903/2849/2337
f 2922/2869/2354 2905/2851/2339 2904/2850/2338
f 2906/2870/2036 2905/2851/2339 2923/2871/2355
f 2925/2872/2356 2906/2853/2036 2924/2873/2357
f 2926/2874/2358 2907/2855/2341 2925/2872/2356
f 2926/2874/2358 2909/2856/2342 2908/2854/2340
f 2927/2875/2359 2910/2857/2343 2909/2856/2342
f 2929/2876/2360 2910/2857/2343 2928/2877/2361
f 2929/2876/2360 2912/2858/2344 2911/2859/2345
f 2931/2878/2362 2912/2858/2344 2930/2879/2363
f 2931/2878/2362 2914/2862/2347 2913/2860/2346
f 2933/2880/2364 2914/2862/2347 2932/2881/2365
f 2934/2882/2366 2915/2861/2028 2933/2880/2364
f 2935/2883/2367 2916/2864/2349 2934/2882/2366
f 2935/2883/2367 2918/2865/2350 2917/2863/2348
f 2937/2884/2368 2918/2865/2350 2936/2885/2369
f 2938/2886/2370 2919/2866/2351 2937/2884/2368
f 2939/2887/2371 2920/2867/2352 2938/2886/2370
f 2940/2888/2372 2921/2868/2353 2939/2887/2371
f 2941/2889/2373 2922/2869/2354 2940/2888/2372
f 2924/2890/2357 2923/2871/2355 2941/2889/2373
f 2942/2891/2073 2925/2872/2356 2924/2873/2357
f 2944/2892/2374 2925/2872/2356 2943/2893/2375
f 2945/2894/2376 2926/2874/2358 2944/2892/2374
f 2946/2895/2377 2927/2875/2359 2945/2894/2376
f 2946/2895/2377 2929/2876/2360 2928/2877/2361
f 2948/2896/2378 2929/2876/2360 2947/2897/2379
f 2949/2898/2380 2930/2879/2363 2948/2896/2378
f 2950/2899/2381 2931/2878/2362 2949/2898/2380
f 2951/2900/2064 2932/2881/2365 2950/2899/2381
f 2952/2901/2382 2933/2880/2364 2951/2900/2064
f 2953/2902/2383 2934/2882/2366 2952/2901/2382
f 2953/2902/2383 2936/2885/2369 2935/2883/2367
f 2954/2903/2384 2937/2884/2368 2936/2885/2369
f 2956/2904/2385 2937/2884/2368 2955/2905/2386
f 2956/2904/2385 2939/2887/2371 2938/2886/2370
f 2958/2906/2387 2939/2887/2371 2957/2907/2388
f 2958/2906/2387 2941/2889/2373 2940/2888/2372
f 2942/2908/2073 2941/2889/2373 2959/2909/2389
f 2960/2910/2390 2943/2893/2375 2942/2891/2073
f 2961/2911/2391 2944/2892/2374 2943/2893/2375
f 2963/2912/2392 2944/2892/2374 2962/2913/2393
f 2964/2914/2394 2945/2894/2376 2963/2912/2392
f 2965/2915/2395 2946/2895/2377 2964/2914/2394
f 2966/2916/2396 2947/2897/2379 2965/2915/2395
f 2966/2916/2396 2949/2898/2380 2948/2896/2378
f 2968/2917/2397 2949/2898/2380 2967/2918/2398
f 2969/2919/2399 2950/2899/2381 2968/2917/2397
f 2970/2920/2400 2951/2900/2064 2969/2919/2399
f 2970/2920/2400 2953/2902/2383 2952/2901/2382
f 2972/2921/2401 2953/2902/2383 2971/2922/2402
f 2973/2923/2403 2954/2903/2384 2972/2921/2401
f 2973/2923/2403 2956/2904/2385 2955/2905/2386
f 2975/2924/2404 2956/2904/2385 2974/2925/2405
f 2976/2926/2406 2957/2907/2388 2975/2924/2404
f 2977/2927/2407 2958/2906/2387 2976/2926/2406
f 2960/2928/2390 2959/2909/2389 2977/2927/2407
f 2979/2929/2408 2960/2910/2390 2978/2930/2108
f 2980/2931/2409 2961/2911/2391 2979/2929/2408
f 2981/2932/2410 2962/2913/2393 2980/2931/2409
f 2981/2932/2410 2964/2914/2394 2963/2912/2392
f 2982/2933/2411 2965/2915/2395 2964/2914/2394
f 2984/2934/2412 2965/2915/2395 2983/2935/2413
f 2984/2934/2412 2967/2918/2398 2966/2916/2396
f 2985/2936/2414 2968/2917/2397 2967/2918/2398
f 2987/2937/2101 2968/2917/2397 2986/2938/2415
f 2988/2939/2416 2969/2919/2399 2987/2937/2101
f 2989/2940/2417 2970/2920/2400 2988/2939/2416
f 2990/2941/2418 2971/2922/2402 2989/2940/2417
f 2991/2942/2419 2972/2921/2401 2990/2941/2418
f 2992/2943/2420 2973/2923/2403 2991/2942/2419
f 2992/2943/2420 2975/2924/2404 2974/2925/2405
f 2993/2944/2421 2976/2926/2406 2975/2924/2404
f 2995/2945/2422 2976/2926/2406 2994/2946/2423
f 2978/2947/2108 2977/2927/2407 2995/2945/2422
f 2997/2948/2424 2978/2930/2108 2996/2949/2127
f 2998/2950/2425 2979/2929/2408 2997/2948/2424
f 2998/2950/2425 2981/2932/2410 2980/2931/2409
f 2999/2951/2426 2982/2933/2411 2981/2932/2410
f 3001/2952/2427 2982/2933/2411 3000/2953/2428
f 3002/2954/2429 2983/2935/2413 3001/2952/2427
f 3002/2954/2429 2985/2936/2414 2984/2934/2412
f 3004/2955/2430 2985/2936/2414 3003/2956/2431
f 3005/2957/2119 2986/2938/2415 3004/2955/2430
f 3006/2958/2432 2987/2937/2101 3005/2957/2119
f 3006/2958/2432 2989/2940/2417 2988/2939/2416
f 3008/2959/2433 2989/2940/2417 3007/2960/2434
f 3009/2961/2435 2990/2941/2418 3008/2959/2433
f 3009/2961/2435 2992/2943/2420 2991/2942/2419
f 3011/2962/2436 2992/2943/2420 3010/2963/2437
f 3012/2964/2438 2993/2944/2421 3011/2962/2436
f 3012/2964/2438 2995/2945/2422 2994/2946/2423
f 2996/2965/2127 2995/2945/2422 3013/2966/2439
f 3015/2967/2440 2996/2949/2127 3014/2968/2146
f 3016/2969/2441 2997/2948/2424 3015/2967/2440
f 3017/2970/2442 2998/2950/2425 3016/2969/2441
f 3018/2971/2443 2999/2951/2426 3017/2970/2442
f 3019/2972/2444 3000/2953/2428 3018/2971/2443
f 3020/2973/2445 3001/2952/2427 3019/2972/2444
f 3021/2974/2446 3002/2954/2429 3020/2973/2445
f 3022/2975/2447 3003/2956/2431 3021/2974/2446
f 3022/2975/2447 3005/2957/2119 3004/2955/2430
f 3024/2976/2448 3005/2957/2119 3023/2977/2137
f 3024/2976/2448 3007/2960/2434 3006/2958/2432
f 3025/2978/2449 3008/2959/2433 3007/2960/2434
f 3026/2979/2450 3009/2961/2435 3008/2959/2433
f 3027/2980/2451 3010/2963/2437 3009/2961/2435
f 3029/2981/2452 3010/2963/2437 3028/2982/2453
f 3029/2981/2452 3012/2964/2438 3011/2962/2436
f 3031/2983/2454 3012/2964/2438 3030/2984/2455
f 3031/2983/2454 2996/2965/2127 3013/2966/2439
f 3032/2985/2164 3015/2967/2440 3014/2968/2146
f 3034/2986/2456 3015/2967/2440 3033/2987/2457
f 3035/2988/2458 3016/2969/2441 3034/2986/2456
f 3036/2989/2459 3017/2970/2442 3035/2988/2458
f 3036/2989/2459 3019/2972/2444 3018/2971/2443
f 3038/2990/2460 3019/2972/2444 3037/2991/2461
f 3039/2992/2462 3020/2973/2445 3038/2990/2460
f 3040/2993/2463 3021/2974/2446 3039/2992/2462
f 3040/2993/2463 3023/2977/2137 3022/2975/2447
f 3042/2994/2464 3023/2977/2137 3041/2995/2154
f 3042/2994/2464 3025/2978/2449 3024/2976/2448
f 3043/2996/2465 3026/2979/2450 3025/2978/2449
f 3044/2997/2466 3027/2980/2451 3026/2979/2450
f 3046/2998/2467 3027/2980/2451 3045/2999/2468
f 3046/2998/2467 3029/2981/2452 3028/2982/2453
f 3047/3000/2469 3030/2984/2455 3029/2981/2452
f 3048/3001/2470 3031/2983/2454 3030/2984/2455
f 3032/3002/2164 3031/2983/2454 3049/3003/2471
f 3050/3004/2180 3033/2987/2457 3032/2985/2164
f 3051/3005/2472 3034/2986/2456 3033/2987/2457
f 3052/3006/2473 3035/2988/2458 3034/2986/2456
f 3053/3007/2474 3036/2989/2459 3035/2988/2458
f 3054/3008/2475 3037/2991/2461 3036/2989/2459
f 3056/3009/2476 3037/2991/2461 3055/3010/2477
f 3057/3011/2478 3038/2990/2460 3056/3009/2476
f 3057/3011/2478 3040/2993/2463 3039/2992/2462
f 3059/3012/2172 3040/2993/2463 3058/3013/2479
f 3059/3012/2172 3042/2994/2464 3041/2995/2154
f 3061/3014/2480 3042/2994/2464 3060/3015/2481
f 3062/3016/2482 3043/2996/2465 3061/3014/2480
f 3062/3016/2482 3045/2999/2468 3044/2997/2466
f 3064/3017/2483 3045/2999/2468 3063/3018/2484
f 3065/3019/2485 3046/2998/2467 3064/3017/2483
f 3066/3020/2486 3047/3000/2469 3065/3019/2485
f 3067/3021/2487 3048/3001/2470 3066/3020/2486
f 3050/3022/2180 3049/3003/2471 3067/3021/2487
f 3069/3023/2488 3050/3004/2180 3068/3024/2199
f 3069/3023/2488 3052/3006/2473 3051/3005/2472
f 3071/3025/2489 3052/3006/2473 3070/3026/2490
f 3072/3027/2491 3053/3007/2474 3071/3025/2489
f 3072/3027/2491 3055/3010/2477 3054/3008/2475
f 3074/3028/2492 3055/3010/2477 3073/3029/2493
f 3075/3030/2494 3056/3009/2476 3074/3028/2492
f 3076/3031/2495 3057/3011/2478 3075/3030/2494
f 3077/3032/2191 3058/3013/2479 3076/3031/2495
f 3078/3033/2496 3059/3012/2172 3077/3032/2191
f 3079/3034/2497 3060/3015/2481 3078/3033/2496
f 3079/3034/2497 3062/3016/2482 3061/3014/2480
f 3081/3035/2498 3062/3016/2482 3080/3036/2499
f 3082/3037/2500 3063/3018/2484 3081/3035/2498
f 3083/3038/2501 3064/3017/2483 3082/3037/2500
f 3083/3038/2501 3066/3020/2486 3065/3019/2485
f 3084/3039/2502 3067/3021/2487 3066/3020/2486
f 3068/3040/2199 3067/3021/2487 3085/3041/2503
f 3087/3042/2504 3068/3024/2199 3086/3043/2505
f 3088/3044/2506 3069/3023/2488 3087/3042/2504
f 3088/3044/2506 3071/3025/2489 3070/3026/2490
f 3089/3045/2507 3072/3027/2491 3071/3025/2489
f 3091/3046/2508 3072/3027/2491 3090/3047/2509
f 3091/3046/2508 3074/3028/2492 3073/3029/2493
f 3092/3048/2510 3075/3030/2494 3074/3028/2492
f 3094/3049/2511 3075/3030/2494 3093/3050/2512
f 3095/3051/2513 3076/3031/2495 3094/3049/2511
f 3096/3052/2514 3077/3032/2191 3095/3051/2513
f 3097/3053/2515 3078/3033/2496 3096/3052/2514
f 3098/3054/2516 3079/3034/2497 3097/3053/2515
f 3099/3055/2517 3080/3036/2499 3098/3054/2516
f 3100/3056/2518 3081/3035/2498 3099/3055/2517
f 3101/3057/2519 3082/3037/2500 3100/3056/2518
f 3102/3058/2520 3083/3038/2501 3101/3057/2519
f 3103/3059/2521 3084/3039/2502 3102/3058/2520
f 3086/3060/2505 3085/3041/2503 3103/3059/2521
f 2457/3061/1903 3086/3043/2505 2456/3062/1904
f 2458/3063/1908 3087/3042/2504 2457/3061/1903
f 2459/3064/1907 3088/3044/2506 2458/3063/1908
f 2459/3064/1907 3090/3047/2509 3089/3045/2507
f 2460/3065/1912 3091/3046/2508 3090/3047/2509
f 2462/3066/1913 3091/3046/2508 2461/3067/1914
f 2463/3068/1918 3092/3048/2510 2462/3066/1913
f 2463/3068/1918 3094/3049/2511 3093/3050/2512
f 2465/3069/1922 3094/3049/2511 2464/3070/1920
f 2466/3071/1924 3095/3051/2513 2465/3069/1922
f 2466/3071/1924 3097/3053/2515 3096/3052/2514
f 2467/3072/1926 3098/3054/2516 3097/3053/2515
f 2468/3073/1928 3099/3055/2517 3098/3054/2516
f 2470/3074/1929 3099/3055/2517 2469/3075/1930
f 2471/3076/1932 3100/3056/2518 2470/3074/1929
f 2471/3076/1932 3102/3058/2520 3101/3057/2519
f 2473/3077/1937 3102/3058/2520 2472/3078/1936
f 2473/3077/1937 3086/3060/2505 3103/3059/2521
f 2474/2383/1902 2475/2387/1906 2457/2384/1903
f 2476/2386/1905 2458/2389/1908 2457/2384/1903
f 2476/2386/1905 2477/2391/1910 2459/2388/1907
f 2478/2390/1909 2460/2393/1912 2459/2388/1907
f 2479/2392/1911 2461/2395/1914 2460/2393/1912
f 2479/2392/1911 2480/2397/1916 2462/2394/1913
f 2481/2396/1915 2463/2399/1918 2462/2394/1913
f 2482/2398/1917 2464/2401/1920 2463/2399/1918
f 2483/2400/1919 2465/2403/1922 2464/2401/1920
f 2484/2402/1921 2466/2405/1924 2465/2403/1922
f 2485/2404/1923 2467/2407/1926 2466/2405/1924
f 2486/2406/1925 2468/2409/1928 2467/2407/1926
f 2487/2408/1927 2469/2411/1930 2468/2409/1928
f 2487/2408/1927 2488/2412/1931 2470/2410/1929
f 2488/2412/1931 2489/2415/1934 2471/2413/1932
f 2490/2414/1933 2472/2417/1936 2471/2413/1932
f 2491/2416/1935 2473/2419/1937 2472/2417/1936
f 2474/2418/1902 2456/3079/1904 2473/2419/1937
f 2493/2420/1938 2475/2387/1906 2474/2383/1902
f 2494/2422/1940 2476/2386/1905 2475/2387/1906
f 2495/2423/1941 2477/2391/1910 2476/2386/1905
f 2496/2424/1942 2478/2390/1909 2477/2391/1910
f 2496/2424/1942 2497/2425/1943 2479/2392/1911
f 2497/2425/1943 2498/2427/1945 2480/2397/1916
f 2499/2426/1944 2481/2396/1915 2480/2397/1916
f 2500/2428/1946 2482/2398/1917 2481/2396/1915
f 2501/2429/1947 2483/2400/1919 2482/2398/1917
f 2502/2430/1948 2484/2402/1921 2483/2400/1919
f 2503/2431/1949 2485/2404/1923 2484/2402/1921
f 2503/2431/1949 2504/2433/1951 2486/2406/1925
f 2505/2432/1950 2487/2408/1927 2486/2406/1925
f 2506/2434/1952 2488/2412/1931 2487/2408/1927
f 2507/2435/1953 2489/2415/1934 2488/2412/1931
f 2507/2435/1953 2508/2437/1955 2490/2414/1933
f 2509/2436/1954 2491/2416/1935 2490/2414/1933
f 2492/2438/1939 2474/2418/1902 2491/2416/1935
f 2510/2439/1956 2511/2441/1958 2493/2420/1938
f 2512/2440/1957 2494/2422/1940 2493/2420/1938
f 2513/2442/1959 2495/2423/1941 2494/2422/1940
f 2514/2443/1960 2496/2424/1942 2495/2423/1941
f 2515/2444/1961 2497/2425/1943 2496/2424/1942
f 2515/2444/1961 2516/2445/1962 2498/2427/1945
f 2516/2445/1962 2517/2447/1964 2499/2426/1944
f 2518/2446/1963 2500/2428/1946 2499/2426/1944
f 2519/2448/1965 2501/2429/1947 2500/2428/1946
f 2520/2449/1966 2502/2430/1948 2501/2429/1947
f 2521/2450/1967 2503/2431/1949 2502/2430/1948
f 2522/2451/1968 2504/2433/1951 2503/2431/1949
f 2523/2452/1969 2505/2432/1950 2504/2433/1951
f 2523/2452/1969 2524/2453/1970 2506/2434/1952
f 2524/2453/1970 2525/2455/1972 2507/2435/1953
f 2526/2454/1971 2508/2437/1955 2507/2435/1953
f 2527/2456/1973 2509/2436/1954 2508/2437/1955
f 2510/2457/1956 2492/2438/1939 2509/2436/1954
f 2529/2458/1974 2511/2441/1958 2510/2439/1956
f 2529/2458/1974 2530/2461/1977 2512/2440/1957
f 2531/2460/1976 2513/2442/1959 2512/2440/1957
f 2532/2462/1978 2514/2443/1960 2513/2442/1959
f 2533/2463/1979 2515/2444/1961 2514/2443/1960
f 2533/2463/1979 2534/2465/1981 2516/2445/1962
f 2535/2464/1980 2517/2447/1964 2516/2445/1962
f 2536/2466/1982 2518/2446/1963 2517/2447/1964
f 2536/2466/1982 2537/2468/1984 2519/2448/1965
f 2538/2467/1983 2520/2449/1966 2519/2448/1965
f 2538/2467/1983 2539/2469/1985 2521/2450/1967
f 2539/2469/1985 2540/2471/1987 2522/2451/1968
f 2541/2470/1986 2523/2452/1969 2522/2451/1968
f 2541/2470/1986 2542/2472/1988 2524/2453/1970
f 2542/2472/1988 2543/2473/1989 2525/2455/1972
f 2543/2473/1989 2544/2475/1991 2526/2454/1971
f 2545/2474/1990 2527/2456/1973 2526/2454/1971
f 2545/2474/1990 2528/3080/1975 2510/2457/1956
f 2547/2476/1992 2529/2458/1974 2528/2459/1975
f 2548/2478/1994 2530/2461/1977 2529/2458/1974
f 2548/2478/1994 2549/2479/1995 2531/2460/1976
f 2549/2479/1995 2550/2480/1996 2532/2462/1978
f 2550/2480/1996 2551/2481/1997 2533/2463/1979
f 2551/2481/1997 2552/2482/1998 2534/2465/1981
f 2552/2482/1998 2553/2484/2000 2535/2464/1980
f 2554/2483/1999 2536/2466/1982 2535/2464/1980
f 2555/2485/2001 2537/2468/1984 2536/2466/1982
f 2555/2485/2001 2556/2487/2003 2538/2467/1983
f 2557/2486/2002 2539/2469/1985 2538/2467/1983
f 2558/2488/2004 2540/2471/1987 2539/2469/1985
f 2559/2489/2005 2541/2470/1986 2540/2471/1987
f 2560/2490/2006 2542/2472/1988 2541/2470/1986
f 2561/2491/2007 2543/2473/1989 2542/2472/1988
f 2562/2492/2008 2544/2475/1991 2543/2473/1989
f 2563/2493/2009 2545/2474/1990 2544/2475/1991
f 2546/2494/1993 2528/3080/1975 2545/2474/1990
f 2565/2495/2010 2547/2476/1992 2546/2477/1993
f 2566/2497/2012 2548/2478/1994 2547/2476/1992
f 2567/2498/2013 2549/2479/1995 2548/2478/1994
f 2567/2498/2013 2568/2499/2014 2550/2480/1996
f 2568/2499/2014 2569/2501/2016 2551/2481/1997
f 2570/2500/2015 2552/2482/1998 2551/2481/1997
f 2570/2500/2015 2571/2502/2017 2553/2484/2000
f 2571/2502/2017 2572/2504/2019 2554/2483/1999
f 2573/2503/2018 2555/2485/2001 2554/2483/1999
f 2573/2503/2018 2574/2506/2021 2556/2487/2003
f 2575/2505/2020 2557/2486/2002 2556/2487/2003
f 2576/2507/2022 2558/2488/2004 2557/2486/2002
f 2577/2508/2023 2559/2489/2005 2558/2488/2004
f 2578/2509/2024 2560/2490/2006 2559/2489/2005
f 2579/2510/2025 2561/2491/2007 2560/2490/2006
f 2580/2511/2026 2562/2492/2008 2561/2491/2007
f 2581/2512/2027 2563/2493/2009 2562/2492/2008
f 2564/2513/2011 2546/2494/1993 2563/2493/2009
f 2582/2514/2028 2583/2516/2030 2565/2495/2010
f 2584/2515/2029 2566/2497/2012 2565/2495/2010
f 2585/2517/2031 2567/2498/2013 2566/2497/2012
f 2586/2518/2032 2568/2499/2014 2567/2498/2013
f 2586/2518/2032 2587/2520/2034 2569/2501/2016
f 2588/2519/2033 2570/2500/2015 2569/2501/2016
f 2588/2519/2033 2589/2521/2035 2571/2502/2017
f 2589/2521/2035 2590/2523/2037 2572/2504/2019
f 2591/2522/2036 2573/2503/2018 2572/2504/2019
f 2591/2522/2036 2592/2525/2039 2574/2506/2021
f 2593/2524/2038 2575/2505/2020 2574/2506/2021
f 2594/2526/2040 2576/2507/2022 2575/2505/2020
f 2595/2527/2041 2577/2508/2023 2576/2507/2022
f 2596/2528/2042 2578/2509/2024 2577/2508/2023
f 2596/2528/2042 2597/2529/2043 2579/2510/2025
f 2597/2529/2043 2598/2530/2044 2580/2511/2026
f 2598/2530/2044 2599/2532/2045 2581/2512/2027
f 2582/2531/2028 2564/2513/2011 2581/2512/2027
f 2601/2533/2046 2583/2516/2030 2582/2514/2028
f 2602/2535/2048 2584/2515/2029 2583/2516/2030
f 2602/2535/2048 2603/2536/2049 2585/2517/2031
f 2603/2536/2049 2604/2538/2051 2586/2518/2032
f 2605/2537/2050 2587/2520/2034 2586/2518/2032
f 2605/2537/2050 2606/2540/2053 2588/2519/2033
f 2607/2539/2052 2589/2521/2035 2588/2519/2033
f 2607/2539/2052 2608/2542/2055 2590/2523/2037
f 2609/2541/2054 2591/2522/2036 2590/2523/2037
f 2610/2543/2056 2592/2525/2039 2591/2522/2036
f 2611/2544/2057 2593/2524/2038 2592/2525/2039
f 2611/2544/2057 2612/2546/2059 2594/2526/2040
f 2613/2545/2058 2595/2527/2041 2594/2526/2040
f 2614/2547/2060 2596/2528/2042 2595/2527/2041
f 2615/2548/2061 2597/2529/2043 2596/2528/2042
f 2616/2549/2062 2598/2530/2044 2597/2529/2043
f 2617/2550/2063 2599/2532/2045 2598/2530/2044
f 2600/2551/2047 2582/2531/2028 2599/2532/2045
f 2618/2552/2064 2619/2554/2066 2601/2533/2046
f 2620/2553/2065 2602/2535/2048 2601/2533/2046
f 2621/2555/2067 2603/2536/2049 2602/2535/2048
f 2622/2556/2068 2604/2538/2051 2603/2536/2049
f 2622/2556/2068 2623/2558/2070 2605/2537/2050
f 2624/2557/2069 2606/2540/2053 2605/2537/2050
f 2625/2559/2071 2607/2539/2052 2606/2540/2053
f 2626/2560/2072 2608/2542/2055 2607/2539/2052
f 2627/2561/2073 2609/2541/2054 2608/2542/2055
f 2628/2562/2074 2610/2543/2056 2609/2541/2054
f 2629/2563/2075 2611/2544/2057 2610/2543/2056
f 2629/2563/2075 2630/2564/2076 2612/2546/2059
f 2630/2564/2076 2631/2566/2078 2613/2545/2058
f 2632/2565/2077 2614/2547/2060 2613/2545/2058
f 2632/2565/2077 2633/2568/2080 2615/2548/2061
f 2634/2567/2079 2616/2549/2062 2615/2548/2061
f 2634/2567/2079 2635/2570/2081 2617/2550/2063
f 2618/2569/2064 2600/2551/2047 2617/2550/2063
f 2636/2571/2082 2637/2572/2083 2619/2554/2066
f 2637/2572/2083 2638/2574/2085 2620/2553/2065
f 2639/2573/2084 2621/2555/2067 2620/2553/2065
f 2640/2575/2086 2622/2556/2068 2621/2555/2067
f 2641/2576/2087 2623/2558/2070 2622/2556/2068
f 2642/2577/2088 2624/2557/2069 2623/2558/2070
f 2642/2577/2088 2643/2579/2090 2625/2559/2071
f 2644/2578/2089 2626/2560/2072 2625/2559/2071
f 2645/2580/2091 2627/2561/2073 2626/2560/2072
f 2646/2581/2092 2628/2562/2074 2627/2561/2073
f 2646/2581/2092 2647/2583/2094 2629/2563/2075
f 2648/2582/2093 2630/2564/2076 2629/2563/2075
f 2649/2584/2095 2631/2566/2078 2630/2564/2076
f 2649/2584/2095 2650/2586/2097 2632/2565/2077
f 2651/2585/2096 2633/2568/2080 2632/2565/2077
f 2652/2587/2098 2634/2567/2079 2633/2568/2080
f 2653/2588/2099 2635/2570/2081 2634/2567/2079
f 2636/2589/2082 2618/2569/2064 2635/2570/2081
f 2655/2590/2100 2637/2572/2083 2636/2571/2082
f 2656/2592/2102 2638/2574/2085 2637/2572/2083
f 2657/2593/2103 2639/2573/2084 2638/2574/2085
f 2657/2593/2103 2658/2594/2104 2640/2575/2086
f 2658/2594/2104 2659/2596/2106 2641/2576/2087
f 2660/2595/2105 2642/2577/2088 2641/2576/2087
f 2660/2595/2105 2661/2597/2107 2643/2579/2090
f 2661/2597/2107 2662/2599/2109 2644/2578/2089
f 2663/2598/2108 2645/2580/2091 2644/2578/2089
f 2664/2600/2110 2646/2581/2092 2645/2580/2091
f 2665/2601/2111 2647/2583/2094 2646/2581/2092
f 2666/2602/2112 2648/2582/2093 2647/2583/2094
f 2667/2603/2113 2649/2584/2095 2648/2582/2093
f 2668/2604/2114 2650/2586/2097 2649/2584/2095
f 2668/2604/2114 2669/2605/2115 2651/2585/2096
f 2669/2605/2115 2670/2607/2117 2652/2587/2098
f 2671/2606/2116 2653/2588/2099 2652/2587/2098
f 2654/2608/2101 2636/2589/2082 2653/2588/2099
f 2673/2609/2118 2655/2590/2100 2654/2591/2101
f 2674/2611/2120 2656/2592/2102 2655/2590/2100
f 2674/2611/2120 2675/2612/2121 2657/2593/2103
f 2675/2612/2121 2676/2614/2123 2658/2594/2104
f 2677/2613/2122 2659/2596/2106 2658/2594/2104
f 2678/2615/2124 2660/2595/2105 2659/2596/2106
f 2678/2615/2124 2679/2617/2126 2661/2597/2107
f 2680/2616/2125 2662/2599/2109 2661/2597/2107
f 2681/2618/2127 2663/2598/2108 2662/2599/2109
f 2682/2619/2128 2664/2600/2110 2663/2598/2108
f 2682/2619/2128 2683/2621/2130 2665/2601/2111
f 2684/2620/2129 2666/2602/2112 2665/2601/2111
f 2685/2622/2131 2667/2603/2113 2666/2602/2112
f 2685/2622/2131 2686/2624/2133 2668/2604/2114
f 2687/2623/2132 2669/2605/2115 2668/2604/2114
f 2688/2625/2134 2670/2607/2117 2669/2605/2115
f 2688/2625/2134 2689/2627/2135 2671/2606/2116
f 2672/2626/2119 2654/2608/2101 2671/2606/2116
f 2691/2628/2136 2673/2609/2118 2672/2610/2119
f 2692/2630/2138 2674/2611/2120 2673/2609/2118
f 2693/2631/2139 2675/2612/2121 2674/2611/2120
f 2694/2632/2140 2676/2614/2123 2675/2612/2121
f 2695/2633/2141 2677/2613/2122 2676/2614/2123
f 2696/2634/2142 2678/2615/2124 2677/2613/2122
f 2697/2635/2143 2679/2617/2126 2678/2615/2124
f 2698/2636/2144 2680/2616/2125 2679/2617/2126
f 2698/2636/2144 2699/2638/2146 2681/2618/2127
f 2700/2637/2145 2682/2619/2128 2681/2618/2127
f 2700/2637/2145 2701/2639/2147 2683/2621/2130
f 2701/2639/2147 2702/2640/2148 2684/2620/2129
f 2702/2640/2148 2703/2641/2149 2685/2622/2131
f 2703/2641/2149 2704/2643/2151 2686/2624/2133
f 2705/2642/2150 2687/2623/2132 2686/2624/2133
f 2705/2642/2150 2706/2645/2153 2688/2625/2134
f 2707/2644/2152 2689/2627/2135 2688/2625/2134
f 2707/2644/2152 2690/3081/2137 2672/2626/2119
f 2708/2646/2154 2709/2648/2156 2691/2628/2136
f 2710/2647/2155 2692/2630/2138 2691/2628/2136
f 2711/2649/2157 2693/2631/2139 2692/2630/2138
f 2712/2650/2158 2694/2632/2140 2693/2631/2139
f 2712/2650/2158 2713/2652/2160 2695/2633/2141
f 2714/2651/2159 2696/2634/2142 2695/2633/2141
f 2715/2653/2161 2697/2635/2143 2696/2634/2142
f 2716/2654/2162 2698/2636/2144 2697/2635/2143
f 2716/2654/2162 2717/2656/2164 2699/2638/2146
f 2718/2655/2163 2700/2637/2145 2699/2638/2146
f 2718/2655/2163 2719/2657/2165 2701/2639/2147
f 2719/2657/2165 2720/2658/2166 2702/2640/2148
f 2720/2658/2166 2721/2660/2168 2703/2641/2149
f 2722/2659/2167 2704/2643/2151 2703/2641/2149
f 2722/2659/2167 2723/2661/2169 2705/2642/2150
f 2723/2661/2169 2724/2662/2170 2706/2645/2153
f 2724/2662/2170 2725/2664/2171 2707/2644/2152
f 2708/2663/2154 2690/3081/2137 2707/2644/2152
f 2726/2665/2172 2727/2666/2173 2709/2648/2156
f 2727/2666/2173 2728/2667/2174 2710/2647/2155
f 2728/2667/2174 2729/2668/2175 2711/2649/2157
f 2729/2668/2175 2730/2669/2176 2712/2650/2158
f 2730/2669/2176 2731/2671/2178 2713/2652/2160
f 2732/2670/2177 2714/2651/2159 2713/2652/2160
f 2733/2672/2179 2715/2653/2161 2714/2651/2159
f 2733/2672/2179 2734/2674/2181 2716/2654/2162
f 2735/2673/2180 2717/2656/2164 2716/2654/2162
f 2735/2673/2180 2736/2676/2183 2718/2655/2163
f 2737/2675/2182 2719/2657/2165 2718/2655/2163
f 2738/2677/2184 2720/2658/2166 2719/2657/2165
f 2738/2677/2184 2739/2679/2186 2721/2660/2168
f 2740/2678/2185 2722/2659/2167 2721/2660/2168
f 2741/2680/2187 2723/2661/2169 2722/2659/2167
f 2742/2681/2188 2724/2662/2170 2723/2661/2169
f 2743/2682/2189 2725/2664/2171 2724/2662/2170
f 2726/2683/2172 2708/2663/2154 2725/2664/2171
f 2745/2684/2190 2727/2666/2173 2726/2665/2172
f 2745/2684/2190 2746/2687/2193 2728/2667/2174
f 2747/2686/2192 2729/2668/2175 2728/2667/2174
f 2748/2688/2194 2730/2669/2176 2729/2668/2175
f 2748/2688/2194 2749/2690/2196 2731/2671/2178
f 2750/2689/2195 2732/2670/2177 2731/2671/2178
f 2751/2691/2197 2733/2672/2179 2732/2670/2177
f 2752/2692/2198 2734/2674/2181 2733/2672/2179
f 2753/2693/2199 2735/2673/2180 2734/2674/2181
f 2754/2694/2200 2736/2676/2183 2735/2673/2180
f 2755/2695/2201 2737/2675/2182 2736/2676/2183
f 2755/2695/2201 2756/2697/2203 2738/2677/2184
f 2757/2696/2202 2739/2679/2186 2738/2677/2184
f 2758/2698/2204 2740/2678/2185 2739/2679/2186
f 2759/2699/2205 2741/2680/2187 2740/2678/2185
f 2759/2699/2205 2760/2700/2206 2742/2681/2188
f 2760/2700/2206 2761/2702/2207 2743/2682/2189
f 2744/2701/2191 2726/2683/2172 2743/2682/2189
f 2763/2703/2208 2745/2684/2190 2744/2685/2191
f 2764/2705/2210 2746/2687/2193 2745/2684/2190
f 2764/2705/2210 2765/2706/2211 2747/2686/2192
f 2765/2706/2211 2766/2708/2213 2748/2688/2194
f 2767/2707/2212 2749/2690/2196 2748/2688/2194
f 2767/2707/2212 2768/2709/2214 2750/2689/2195
f 2768/2709/2214 2769/2711/2216 2751/2691/2197
f 2770/2710/2215 2752/2692/2198 2751/2691/2197
f 2771/2712/2217 2753/2693/2199 2752/2692/2198
f 2772/2713/2218 2754/2694/2200 2753/2693/2199
f 2773/2714/2219 2755/2695/2201 2754/2694/2200
f 2774/2715/2220 2756/2697/2203 2755/2695/2201
f 2775/2716/2221 2757/2696/2202 2756/2697/2203
f 2776/2717/2222 2758/2698/2204 2757/2696/2202
f 2777/2718/2223 2759/2699/2205 2758/2698/2204
f 2778/2719/2224 2760/2700/2206 2759/2699/2205
f 2779/2720/2225 2761/2702/2207 2760/2700/2206
f 2762/2721/2209 2744/2701/2191 2761/2702/2207
f 2781/2722/2226 2763/2703/2208 2762/2704/2209
f 2782/2724/2227 2764/2705/2210 2763/2703/2208
f 2783/2725/2228 2765/2706/2211 2764/2705/2210
f 2783/2725/2228 2784/2726/2229 2766/2708/2213
f 2784/2726/2229 2785/2728/2231 2767/2707/2212
f 2786/2727/2230 2768/2709/2214 2767/2707/2212
f 2787/2729/2232 2769/2711/2216 2768/2709/2214
f 2787/2729/2232 2788/2731/2233 2770/2710/2215
f 2789/2730/1904 2771/2712/2217 2770/2710/2215
f 2790/2732/2234 2772/2713/2218 2771/2712/2217
f 2790/2732/2234 2791/2733/2235 2773/2714/2219
f 2791/2733/2235 2792/2734/2236 2774/2715/2220
f 2792/2734/2236 2793/2736/2238 2775/2716/2221
f 2794/2735/2237 2776/2717/2222 2775/2716/2221
f 2795/2737/2239 2777/2718/2223 2776/2717/2222
f 2795/2737/2239 2796/2739/2241 2778/2719/2224
f 2797/2738/2240 2779/2720/2225 2778/2719/2224
f 2797/2738/2240 2780/3082/1922 2762/2721/2209
f 2798/2740/2242 2799/2742/2244 2781/2722/2226
f 2800/2741/2243 2782/2724/2227 2781/2722/2226
f 2800/2741/2243 2801/2744/2246 2783/2725/2228
f 2802/2743/2245 2784/2726/2229 2783/2725/2228
f 2803/2745/2247 2785/2728/2231 2784/2726/2229
f 2803/2745/2247 2804/2747/2249 2786/2727/2230
f 2805/2746/2248 2787/2729/2232 2786/2727/2230
f 2806/2748/2250 2788/2731/2233 2787/2729/2232
f 2807/2749/2251 2789/2730/1904 2788/2731/2233
f 2808/2750/2252 2790/2732/2234 2789/2730/1904
f 2809/2751/2253 2791/2733/2235 2790/2732/2234
f 2810/2752/2254 2792/2734/2236 2791/2733/2235
f 2811/2753/2255 2793/2736/2238 2792/2734/2236
f 2811/2753/2255 2812/2754/2256 2794/2735/2237
f 2812/2754/2256 2813/2756/2258 2795/2737/2239
f 2814/2755/2257 2796/2739/2241 2795/2737/2239
f 2815/2757/2259 2797/2738/2240 2796/2739/2241
f 2798/2758/2242 2780/3082/1922 2797/2738/2240
f 2817/2759/2260 2799/2742/2244 2798/2740/2242
f 2818/2761/2261 2800/2741/2243 2799/2742/2244
f 2819/2762/2262 2801/2744/2246 2800/2741/2243
f 2820/2763/2263 2802/2743/2245 2801/2744/2246
f 2820/2763/2263 2821/2764/2264 2803/2745/2247
f 2821/2764/2264 2822/2766/2266 2804/2747/2249
f 2823/2765/2265 2805/2746/2248 2804/2747/2249
f 2824/2767/2267 2806/2748/2250 2805/2746/2248
f 2825/2768/1939 2807/2749/2251 2806/2748/2250
f 2826/2769/2268 2808/2750/2252 2807/2749/2251
f 2827/2770/2269 2809/2751/2253 2808/2750/2252
f 2827/2770/2269 2828/2772/2271 2810/2752/2254
f 2829/2771/2270 2811/2753/2255 2810/2752/2254
f 2830/2773/2272 2812/2754/2256 2811/2753/2255
f 2831/2774/2273 2813/2756/2258 2812/2754/2256
f 2831/2774/2273 2832/2776/2275 2814/2755/2257
f 2833/2775/2274 2815/2757/2259 2814/2755/2257
f 2816/2777/1947 2798/2758/2242 2815/2757/2259
f 2834/2778/1965 2835/2780/2277 2817/2759/2260
f 2836/2779/2276 2818/2761/2261 2817/2759/2260
f 2837/2781/2278 2819/2762/2262 2818/2761/2261
f 2838/2782/2279 2820/2763/2263 2819/2762/2262
f 2839/2783/2280 2821/2764/2264 2820/2763/2263
f 2839/2783/2280 2840/2784/2281 2822/2766/2266
f 2840/2784/2281 2841/2786/2283 2823/2765/2265
f 2842/2785/2282 2824/2767/2267 2823/2765/2265
f 2843/2787/1956 2825/2768/1939 2824/2767/2267
f 2844/2788/2284 2826/2769/2268 2825/2768/1939
f 2845/2789/2285 2827/2770/2269 2826/2769/2268
f 2846/2790/2286 2828/2772/2271 2827/2770/2269
f 2847/2791/2287 2829/2771/2270 2828/2772/2271
f 2847/2791/2287 2848/2792/2288 2830/2773/2272
f 2848/2792/2288 2849/2794/2290 2831/2774/2273
f 2850/2793/2289 2832/2776/2275 2831/2774/2273
f 2851/2795/2291 2833/2775/2274 2832/2776/2275
f 2834/2796/1965 2816/2777/1947 2833/2775/2274
f 2853/2797/2292 2835/2780/2277 2834/2778/1965
f 2853/2797/2292 2854/2800/2294 2836/2779/2276
f 2855/2799/2293 2837/2781/2278 2836/2779/2276
f 2856/2801/2295 2838/2782/2279 2837/2781/2278
f 2857/2802/2296 2839/2783/2280 2838/2782/2279
f 2857/2802/2296 2858/2804/2298 2840/2784/2281
f 2859/2803/2297 2841/2786/2283 2840/2784/2281
f 2860/2805/2299 2842/2785/2282 2841/2786/2283
f 2860/2805/2299 2861/2807/1975 2843/2787/1956
f 2862/2806/2300 2844/2788/2284 2843/2787/1956
f 2862/2806/2300 2863/2808/2301 2845/2789/2285
f 2863/2808/2301 2864/2810/2303 2846/2790/2286
f 2865/2809/2302 2847/2791/2287 2846/2790/2286
f 2865/2809/2302 2866/2811/2304 2848/2792/2288
f 2866/2811/2304 2867/2812/2305 2849/2794/2290
f 2867/2812/2305 2868/2814/2307 2850/2793/2289
f 2869/2813/2306 2851/2795/2291 2850/2793/2289
f 2869/2813/2306 2852/3083/1984 2834/2796/1965
f 2871/2815/2308 2853/2797/2292 2852/2798/1984
f 2872/2817/2309 2854/2800/2294 2853/2797/2292
f 2872/2817/2309 2873/2818/2310 2855/2799/2293
f 2873/2818/2310 2874/2819/2311 2856/2801/2295
f 2874/2819/2311 2875/2820/2312 2857/2802/2296
f 2875/2820/2312 2876/2821/2313 2858/2804/2298
f 2876/2821/2313 2877/2823/2315 2859/2803/2297
f 2878/2822/2314 2860/2805/2299 2859/2803/2297
f 2879/2824/1993 2861/2807/1975 2860/2805/2299
f 2879/2824/1993 2880/2826/2317 2862/2806/2300
f 2881/2825/2316 2863/2808/2301 2862/2806/2300
f 2882/2827/2318 2864/2810/2303 2863/2808/2301
f 2883/2828/2319 2865/2809/2302 2864/2810/2303
f 2884/2829/2320 2866/2811/2304 2865/2809/2302
f 2885/2830/2321 2867/2812/2305 2866/2811/2304
f 2886/2831/2322 2868/2814/2307 2867/2812/2305
f 2887/2832/2323 2869/2813/2306 2868/2814/2307
f 2870/2833/2001 2852/3083/1984 2869/2813/2306
f 2889/2834/2324 2871/2815/2308 2870/2816/2001
f 2890/2836/2325 2872/2817/2309 2871/2815/2308
f 2891/2837/2326 2873/2818/2310 2872/2817/2309
f 2891/2837/2326 2892/2838/2327 2874/2819/2311
f 2892/2838/2327 2893/2840/2329 2875/2820/2312
f 2894/2839/2328 2876/2821/2313 2875/2820/2312
f 2894/2839/2328 2895/2841/2330 2877/2823/2315
f 2895/2841/2330 2896/2843/2331 2878/2822/2314
f 2897/2842/2011 2879/2824/1993 2878/2822/2314
f 2897/2842/2011 2898/2845/2333 2880/2826/2317
f 2899/2844/2332 2881/2825/2316 2880/2826/2317
f 2900/2846/2334 2882/2827/2318 2881/2825/2316
f 2901/2847/2335 2883/2828/2319 2882/2827/2318
f 2902/2848/2336 2884/2829/2320 2883/2828/2319
f 2903/2849/2337 2885/2830/2321 2884/2829/2320
f 2904/2850/2338 2886/2831/2322 2885/2830/2321
f 2905/2851/2339 2887/2832/2323 2886/2831/2322
f 2888/2852/2018 2870/2833/2001 2887/2832/2323
f 2906/2853/2036 2907/2855/2341 2889/2834/2324
f 2908/2854/2340 2890/2836/2325 2889/2834/2324
f 2909/2856/2342 2891/2837/2326 2890/2836/2325
f 2910/2857/2343 2892/2838/2327 2891/2837/2326
f 2910/2857/2343 2911/2859/2345 2893/2840/2329
f 2912/2858/2344 2894/2839/2328 2893/2840/2329
f 2912/2858/2344 2913/2860/2346 2895/2841/2330
f 2913/2860/2346 2914/2862/2347 2896/2843/2331
f 2915/2861/2028 2897/2842/2011 2896/2843/2331
f 2915/2861/2028 2916/2864/2349 2898/2845/2333
f 2917/2863/2348 2899/2844/2332 2898/2845/2333
f 2918/2865/2350 2900/2846/2334 2899/2844/2332
f 2919/2866/2351 2901/2847/2335 2900/2846/2334
f 2920/2867/2352 2902/2848/2336 2901/2847/2335
f 2920/2867/2352 2921/2868/2353 2903/2849/2337
f 2921/2868/2353 2922/2869/2354 2904/2850/2338
f 2922/2869/2354 2923/2871/2355 2905/2851/2339
f 2906/2870/2036 2888/2852/2018 2905/2851/2339
f 2925/2872/2356 2907/2855/2341 2906/2853/2036
f 2926/2874/2358 2908/2854/2340 2907/2855/2341
f 2926/2874/2358 2927/2875/2359 2909/2856/2342
f 2927/2875/2359 2928/2877/2361 2910/2857/2343
f 2929/2876/2360 2911/2859/2345 2910/2857/2343
f 2929/2876/2360 2930/2879/2363 2912/2858/2344
f 2931/2878/2362 2913/2860/2346 2912/2858/2344
f 2931/2878/2362 2932/2881/2365 2914/2862/2347
f 2933/2880/2364 2915/2861/2028 2914/2862/2347
f 2934/2882/2366 2916/2864/2349 2915/2861/2028
f 2935/2883/2367 2917/2863/2348 2916/2864/2349
f 2935/2883/2367 2936/2885/2369 2918/2865/2350
f 2937/2884/2368 2919/2866/2351 2918/2865/2350
f 2938/2886/2370 2920/2867/2352 2919/2866/2351
f 2939/2887/2371 2921/2868/2353 2920/2867/2352
f 2940/2888/2372 2922/2869/2354 2921/2868/2353
f 2941/2889/2373 2923/2871/2355 2922/2869/2354
f 2924/2890/2357 2906/2870/2036 2923/2871/2355
f 2942/2891/2073 2943/2893/2375 2925/2872/2356
f 2944/2892/2374 2926/2874/2358 2925/2872/2356
f 2945/2894/2376 2927/2875/2359 2926/2874/2358
f 2946/2895/2377 2928/2877/2361 2927/2875/2359
f 2946/2895/2377 2947/2897/2379 2929/2876/2360
f 2948/2896/2378 2930/2879/2363 2929/2876/2360
f 2949/2898/2380 2931/2878/2362 2930/2879/2363
f 2950/2899/2381 2932/2881/2365 2931/2878/2362
f 2951/2900/2064 2933/2880/2364 2932/2881/2365
f 2952/2901/2382 2934/2882/2366 2933/2880/2364
f 2953/2902/2383 2935/2883/2367 2934/2882/2366
f 2953/2902/2383 2954/2903/2384 2936/2885/2369
f 2954/2903/2384 2955/2905/2386 2937/2884/2368
f 2956/2904/2385 2938/2886/2370 2937/2884/2368
f 2956/2904/2385 2957/2907/2388 2939/2887/2371
f 2958/2906/2387 2940/2888/2372 2939/2887/2371
f 2958/2906/2387 2959/2909/2389 2941/2889/2373
f 2942/2908/2073 2924/2890/2357 2941/2889/2373
f 2960/2910/2390 2961/2911/2391 2943/2893/2375
f 2961/2911/2391 2962/2913/2393 2944/2892/2374
f 2963/2912/2392 2945/2894/2376 2944/2892/2374
f 2964/2914/2394 2946/2895/2377 2945/2894/2376
f 2965/2915/2395 2947/2897/2379 2946/2895/2377
f 2966/2916/2396 2948/2896/2378 2947/2897/2379
f 2966/2916/2396 2967/2918/2398 2949/2898/2380
f 2968/2917/2397 2950/2899/2381 2949/2898/2380
f 2969/2919/2399 2951/2900/2064 2950/2899/2381
f 2970/2920/2400 2952/2901/2382 2951/2900/2064
f 2970/2920/2400 2971/2922/2402 2953/2902/2383
f 2972/2921/2401 2954/2903/2384 2953/2902/2383
f 2973/2923/2403 2955/2905/2386 2954/2903/2384
f 2973/2923/2403 2974/2925/2405 2956/2904/2385
f 2975/2924/2404 2957/2907/2388 2956/2904/2385
f 2976/2926/2406 2958/2906/2387 2957/2907/2388
f 2977/2927/2407 2959/2909/2389 2958/2906/2387
f 2960/2928/2390 2942/2908/2073 2959/2909/2389
f 2979/2929/2408 2961/2911/2391 2960/2910/2390
f 2980/2931/2409 2962/2913/2393 2961/2911/2391
f 2981/2932/2410 2963/2912/2392 2962/2913/2393
f 2981/2932/2410 2982/2933/2411 2964/2914/2394
f 2982/2933/2411 2983/2935/2413 2965/2915/2395
f 2984/2934/2412 2966/2916/2396 2965/2915/2395
f 2984/2934/2412 2985/2936/2414 2967/2918/2398
f 2985/2936/2414 2986/2938/2415 2968/2917/2397
f 2987/2937/2101 2969/2919/2399 2968/2917/2397
f 2988/2939/2416 2970/2920/2400 2969/2919/2399
f 2989/2940/2417 2971/2922/2402 2970/2920/2400
f 2990/2941/2418 2972/2921/2401 2971/2922/2402
f 2991/2942/2419 2973/2923/2403 2972/2921/2401
f 2992/2943/2420 2974/2925/2405 2973/2923/2403
f 2992/2943/2420 2993/2944/2421 2975/2924/2404
f 2993/2944/2421 2994/2946/2423 2976/2926/2406
f 2995/2945/2422 2977/2927/2407 2976/2926/2406
f 2978/2947/2108 2960/2928/2390 2977/2927/2407
f 2997/2948/2424 2979/2929/2408 2978/2930/2108
f 2998/2950/2425 2980/2931/2409 2979/2929/2408
f 2998/2950/2425 2999/2951/2426 2981/2932/2410
f 2999/2951/2426 3000/2953/2428 2982/2933/2411
f 3001/2952/2427 2983/2935/2413 2982/2933/2411
f 3002/2954/2429 2984/2934/2412 2983/2935/2413
f 3002/2954/2429 3003/2956/2431 2985/2936/2414
f 3004/2955/2430 2986/2938/2415 2985/2936/2414
f 3005/2957/2119 2987/2937/2101 2986/2938/2415
f 3006/2958/2432 2988/2939/2416 2987/2937/2101
f 3006/2958/2432 3007/2960/2434 2989/2940/2417
f 3008/2959/2433 2990/2941/2418 2989/2940/2417
f 3009/2961/2435 2991/2942/2419 2990/2941/2418
f 3009/2961/2435 3010/2963/2437 2992/2943/2420
f 3011/2962/2436 2993/2944/2421 2992/2943/2420
f 3012/2964/2438 2994/2946/2423 2993/2944/2421
f 3012/2964/2438 3013/2966/2439 2995/2945/2422
f 2996/2965/2127 2978/2947/2108 2995/2945/2422
f 3015/2967/2440 2997/2948/2424 2996/2949/2127
f 3016/2969/2441 2998/2950/2425 2997/2948/2424
f 3017/2970/2442 2999/2951/2426 2998/2950/2425
f 3018/2971/2443 3000/2953/2428 2999/2951/2426
f 3019/2972/2444 3001/2952/2427 3000/2953/2428
f 3020/2973/2445 3002/2954/2429 3001/2952/2427
f 3021/2974/2446 3003/2956/2431 3002/2954/2429
f 3022/2975/2447 3004/2955/2430 3003/2956/2431
f 3022/2975/2447 3023/2977/2137 3005/2957/2119
f 3024/2976/2448 3006/2958/2432 3005/2957/2119
f 3024/2976/2448 3025/2978/2449 3007/2960/2434
f 3025/2978/2449 3026/2979/2450 3008/2959/2433
f 3026/2979/2450 3027/2980/2451 3009/2961/2435
f 3027/2980/2451 3028/2982/2453 3010/2963/2437
f 3029/2981/2452 3011/2962/2436 3010/2963/2437
f 3029/2981/2452 3030/2984/2455 3012/2964/2438
f 3031/2983/2454 3013/2966/2439 3012/2964/2438
f 3031/2983/2454 3014/3084/2146 2996/2965/2127
f 3032/2985/2164 3033/2987/2457 3015/2967/2440
f 3034/2986/2456 3016/2969/2441 3015/2967/2440
f 3035/2988/2458 3017/2970/2442 3016/2969/2441
f 3036/2989/2459 3018/2971/2443 3017/2970/2442
f 3036/2989/2459 3037/2991/2461 3019/2972/2444
f 3038/2990/2460 3020/2973/2445 3019/2972/2444
f 3039/2992/2462 3021/2974/2446 3020/2973/2445
f 3040/2993/2463 3022/2975/2447 3021/2974/2446
f 3040/2993/2463 3041/2995/2154 3023/2977/2137
f 3042/2994/2464 3024/2976/2448 3023/2977/2137
f 3042/2994/2464 3043/2996/2465 3025/2978/2449
f 3043/2996/2465 3044/2997/2466 3026/2979/2450
f 3044/2997/2466 3045/2999/2468 3027/2980/2451
f 3046/2998/2467 3028/2982/2453 3027/2980/2451
f 3046/2998/2467 3047/3000/2469 3029/2981/2452
f 3047/3000/2469 3048/3001/2470 3030/2984/2455
f 3048/3001/2470 3049/3003/2471 3031/2983/2454
f 3032/3002/2164 3014/3084/2146 3031/2983/2454
f 3050/3004/2180 3051/3005/2472 3033/2987/2457
f 3051/3005/2472 3052/3006/2473 3034/2986/2456
f 3052/3006/2473 3053/3007/2474 3035/2988/2458
f 3053/3007/2474 3054/3008/2475 3036/2989/2459
f 3054/3008/2475 3055/3010/2477 3037/2991/2461
f 3056/3009/2476 3038/2990/2460 3037/2991/2461
f 3057/3011/2478 3039/2992/2462 3038/2990/2460
f 3057/3011/2478 3058/3013/2479 3040/2993/2463
f 3059/3012/2172 3041/2995/2154 3040/2993/2463
f 3059/3012/2172 3060/3015/2481 3042/2994/2464
f 3061/3014/2480 3043/2996/2465 3042/2994/2464
f 3062/3016/2482 3044/2997/2466 3043/2996/2465
f 3062/3016/2482 3063/3018/2484 3045/2999/2468
f 3064/3017/2483 3046/2998/2467 3045/2999/2468
f 3065/3019/2485 3047/3000/2469 3046/2998/2467
f 3066/3020/2486 3048/3001/2470 3047/3000/2469
f 3067/3021/2487 3049/3003/2471 3048/3001/2470
f 3050/3022/2180 3032/3002/2164 3049/3003/2471
f 3069/3023/2488 3051/3005/2472 3050/3004/2180
f 3069/3023/2488 3070/3026/2490 3052/3006/2473
f 3071/3025/2489 3053/3007/2474 3052/3006/2473
f 3072/3027/2491 3054/3008/2475 3053/3007/2474
f 3072/3027/2491 3073/3029/2493 3055/3010/2477
f 3074/3028/2492 3056/3009/2476 3055/3010/2477
f 3075/3030/2494 3057/3011/2478 3056/3009/2476
f 3076/3031/2495 3058/3013/2479 3057/3011/2478
f 3077/3032/2191 3059/3012/2172 3058/3013/2479
f 3078/3033/2496 3060/3015/2481 3059/3012/2172
f 3079/3034/2497 3061/3014/2480 3060/3015/2481
f 3079/3034/2497 3080/3036/2499 3062/3016/2482
f 3081/3035/2498 3063/3018/2484 3062/3016/2482
f 3082/3037/2500 3064/3017/2483 3063/3018/2484
f 3083/3038/2501 3065/3019/2485 3064/3017/2483
f 3083/3038/2501 3084/3039/2502 3066/3020/2486
f 3084/3039/2502 3085/3041/2503 3067/3021/2487
f 3068/3040/2199 3050/3022/2180 3067/3021/2487
f 3087/3042/2504 3069/3023/2488 3068/3024/2199
f 3088/3044/2506 3070/3026/2490 3069/3023/2488
f 3088/3044/2506 3089/3045/2507 3071/3025/2489
f 3089/3045/2507 3090/3047/2509 3072/3027/2491
f 3091/3046/2508 3073/3029/2493 3072/3027/2491
f 3091/3046/2508 3092/3048/2510 3074/3028/2492
f 3092/3048/2510 3093/3050/2512 3075/3030/2494
f 3094/3049/2511 3076/3031/2495 3075/3030/2494
f 3095/3051/2513 3077/3032/2191 3076/3031/2495
f 3096/3052/2514 3078/3033/2496 3077/3032/2191
f 3097/3053/2515 3079/3034/2497 3078/3033/2496
f 3098/3054/2516 3080/3036/2499 3079/3034/2497
f 3099/3055/2517 3081/3035/2498 3080/3036/2499
f 3100/3056/2518 3082/3037/2500 3081/3035/2498
f 3101/3057/2519 3083/3038/2501 3082/3037/2500
f 3102/3058/2520 3084/3039/2502 3083/3038/2501
f 3103/3059/2521 3085/3041/2503 3084/3039/2502
f 3086/3060/2505 3068/3040/2199 3085/3041/2503
f 2457/3061/1903 3087/3042/2504 3086/3043/2505
f 2458/3063/1908 3088/3044/2506 3087/3042/2504
f 2459/3064/1907 3089/3045/2507 3088/3044/2506
f 2459/3064/1907 2460/3065/1912 3090/3047/2509
f 2460/3065/1912 2461/3067/1914 3091/3046/2508
f 2462/3066/1913 3092/3048/2510 3091/3046/2508
f 2463/3068/1918 3093/3050/2512 3092/3048/2510
f 2463/3068/1918 2464/3070/1920 3094/3049/2511
f 2465/3069/1922 3095/3051/2513 3094/3049/2511
f 2466/3071/1924 3096/3052/2514 3095/3051/2513
f 2466/3071/1924 2467/3072/1926 3097/3053/2515
f 2467/3072/1926 2468/3073/1928 3098/3054/2516
f 2468/3073/1928 2469/3075/1930 3099/3055/2517
f 2470/3074/1929 3100/3056/2518 3099/3055/2517
f 2471/3076/1932 3101/3057/2519 3100/3056/2518
f 2471/3076/1932 2472/3078/1936 3102/3058/2520
f 2473/3077/1937 3103/3059/2521 3102/3058/2520
f 2473/3077/1937 2456/3085/1904 3086/3060/2505
o Cylinder
v -0.025860 0.660081 -0.000552
v -0.024444 2.783449 0.002396
v 0.124650 0.660081 -0.000552
v 0.124650 0.660081 -0.000552
v 0.082548 0.872418 -0.000552
v 0.074389 1.084754 -0.000552
v 0.095135 1.297091 -0.000552
v 0.151508 1.509428 -0.000552
v 0.243507 1.721765 -0.000552
v 0.382988 1.934102 -0.000921
v 0.388965 2.146438 -0.001054
v 0.366145 2.358775 -0.000546
v 0.314529 2.571112 0.000604
v 0.234115 2.783449 0.002396
v 0.234115 2.783449 0.002396
v 0.122363 0.660081 -0.026688
v 0.122363 0.660081 -0.026688
v 0.080917 0.872418 -0.019193
v 0.072885 1.084754 -0.017741
v 0.093308 1.297091 -0.021434
v 0.148803 1.509428 -0.031469
v 0.239369 1.721765 -0.047846
v 0.376670 1.934102 -0.073135
v 0.382551 2.146438 -0.074365
v 0.360098 2.358775 -0.069669
v 0.309310 2.571112 -0.059049
v 0.230187 2.783449 -0.042503
v 0.230187 2.783449 -0.042503
v 0.115573 0.660081 -0.052030
v 0.115573 0.660081 -0.052030
v 0.076074 0.872418 -0.037268
v 0.068420 1.084754 -0.034408
v 0.087883 1.297091 -0.041681
v 0.140771 1.509428 -0.061447
v 0.227082 1.721765 -0.093703
v 0.357908 1.934102 -0.143155
v 0.363504 2.146438 -0.145448
v 0.342139 2.358775 -0.136693
v 0.293812 2.571112 -0.116889
v 0.218522 2.783449 -0.086037
v 0.218522 2.783449 -0.086037
v 0.104485 0.660081 -0.075807
v 0.104485 0.660081 -0.075807
v 0.068166 0.872418 -0.054227
v 0.061128 1.084754 -0.050045
v 0.079024 1.297091 -0.060679
v 0.127655 1.509428 -0.089574
v 0.207018 1.721765 -0.136730
v 0.327273 1.934102 -0.208853
v 0.332404 2.146438 -0.212144
v 0.312814 2.358775 -0.199579
v 0.268505 2.571112 -0.171159
v 0.199475 2.783449 -0.126884
v 0.199475 2.783449 -0.126884
v 0.089437 0.660081 -0.097298
v 0.089437 0.660081 -0.097298
v 0.057433 0.872418 -0.069556
v 0.051231 1.084754 -0.064179
v 0.067001 1.297091 -0.077850
v 0.109854 1.509428 -0.114997
v 0.179788 1.721765 -0.175619
v 0.285694 1.934102 -0.268233
v 0.290194 2.146438 -0.272426
v 0.273015 2.358775 -0.256418
v 0.234159 2.571112 -0.220211
v 0.173624 2.783449 -0.163803
v 0.173624 2.783449 -0.163803
v 0.070886 0.660081 -0.115850
v 0.070886 0.660081 -0.115850
v 0.044201 0.872418 -0.082787
v 0.039030 1.084754 -0.076380
v 0.052179 1.297091 -0.092672
v 0.087909 1.509428 -0.136942
v 0.146218 1.721765 -0.209189
v 0.234436 1.934102 -0.319491
v 0.238157 2.146438 -0.324462
v 0.223951 2.358775 -0.305483
v 0.191817 2.571112 -0.262553
v 0.141755 2.783449 -0.195672
v 0.141755 2.783449 -0.195672
v 0.049395 0.660081 -0.130898
v 0.049395 0.660081 -0.130898
v 0.028873 0.872418 -0.093520
v 0.024896 1.084754 -0.086277
v 0.035008 1.297091 -0.104695
v 0.062486 1.509428 -0.154743
v 0.107329 1.721765 -0.236419
v 0.175056 1.934102 -0.361069
v 0.177875 2.146438 -0.366672
v 0.167112 2.358775 -0.345282
v 0.142765 2.571112 -0.296899
v 0.104836 2.783449 -0.221524
v 0.104836 2.783449 -0.221524
v 0.025617 0.660081 -0.141986
v 0.025617 0.660081 -0.141986
v 0.011914 0.872418 -0.101428
v 0.009258 1.084754 -0.093569
v 0.016011 1.297091 -0.113554
v 0.034359 1.509428 -0.167859
v 0.064303 1.721765 -0.256483
v 0.109358 1.934102 -0.391705
v 0.111179 2.146438 -0.397773
v 0.104225 2.358775 -0.374607
v 0.088495 2.571112 -0.322206
v 0.063988 2.783449 -0.240571
v 0.063988 2.783449 -0.240571
v 0.000275 0.660081 -0.148776
v 0.000275 0.660081 -0.148776
v -0.006161 0.872418 -0.106271
v -0.007408 1.084754 -0.098035
v -0.004237 1.297091 -0.118979
v 0.004381 1.509428 -0.175891
v 0.018446 1.721765 -0.268770
v 0.039338 1.934102 -0.410467
v 0.040096 2.146438 -0.416820
v 0.037202 2.358775 -0.392565
v 0.030654 2.571112 -0.337704
v 0.020454 2.783449 -0.252236
v 0.020454 2.783449 -0.252236
v -0.025860 0.660081 -0.151063
v -0.025860 0.660081 -0.151063
v -0.024802 0.872418 -0.107902
v -0.024597 1.084754 -0.099538
v -0.025118 1.297091 -0.120806
v -0.026536 1.509428 -0.178596
v -0.028848 1.721765 -0.272908
v -0.032876 1.934102 -0.416785
v -0.033214 2.146438 -0.423233
v -0.031922 2.358775 -0.398613
v -0.028999 2.571112 -0.342923
v -0.024444 2.783449 -0.256164
v -0.024444 2.783449 -0.256164
v -0.051996 0.660081 -0.148776
v -0.051996 0.660081 -0.148776
v -0.043443 0.872418 -0.106271
v -0.041786 1.084754 -0.098035
v -0.046000 1.297091 -0.118979
v -0.057453 1.509428 -0.175891
v -0.076142 1.721765 -0.268770
v -0.105090 1.934102 -0.410467
v -0.106525 2.146438 -0.416820
v -0.101046 2.358775 -0.392565
v -0.088652 2.571112 -0.337704
v -0.069343 2.783449 -0.252236
v -0.069343 2.783449 -0.252236
v -0.077338 0.660081 -0.141986
v -0.077338 0.660081 -0.141986
v -0.061518 0.872418 -0.101428
v -0.058452 1.084754 -0.093569
v -0.066248 1.297091 -0.113554
v -0.087430 1.509428 -0.167859
v -0.121999 1.721765 -0.256483
v -0.175110 1.934102 -0.391705
v -0.177608 2.146438 -0.397773
v -0.168069 2.358775 -0.374607
v -0.146492 2.571112 -0.322206
v -0.112877 2.783449 -0.240571
v -0.112877 2.783449 -0.240571
v -0.101116 0.660081 -0.130898
v -0.101116 0.660081 -0.130898
v -0.078477 0.872418 -0.093520
v -0.074090 1.084754 -0.086277
v -0.085245 1.297091 -0.104695
v -0.115557 1.509428 -0.154743
v -0.165026 1.721765 -0.236419
v -0.240808 1.934102 -0.361069
v -0.244304 2.146438 -0.366672
v -0.230956 2.358775 -0.345282
v -0.200762 2.571112 -0.296899
v -0.153724 2.783449 -0.221524
v -0.153724 2.783449 -0.221524
v -0.122607 0.660081 -0.115850
v -0.122607 0.660081 -0.115850
v -0.093805 0.872418 -0.082787
v -0.088224 1.084754 -0.076380
v -0.102416 1.297091 -0.092672
v -0.140980 1.509428 -0.136942
v -0.203915 1.721765 -0.209189
v -0.300188 1.934102 -0.319491
v -0.304586 2.146438 -0.324462
v -0.287795 2.358775 -0.305483
v -0.249814 2.571112 -0.262553
v -0.190643 2.783449 -0.195672
v -0.190643 2.783449 -0.195672
v -0.141158 0.660081 -0.097298
v -0.141158 0.660081 -0.097298
v -0.107037 0.872418 -0.069556
v -0.100425 1.084754 -0.064179
v -0.117238 1.297091 -0.077850
v -0.162925 1.509428 -0.114997
v -0.237485 1.721765 -0.175619
v -0.351446 1.934102 -0.268233
v -0.356623 2.146438 -0.272426
v -0.336859 2.358775 -0.256418
v -0.292156 2.571112 -0.220211
v -0.222513 2.783449 -0.163803
v -0.222513 2.783449 -0.163803
v -0.156206 0.660081 -0.075807
v -0.156206 0.660081 -0.075807
v -0.117770 0.872418 -0.054227
v -0.110321 1.084754 -0.050045
v -0.129261 1.297091 -0.060679
v -0.180726 1.509428 -0.089574
v -0.264715 1.721765 -0.136730
v -0.393024 1.934102 -0.208853
v -0.398832 2.146438 -0.212144
v -0.376658 2.358775 -0.199579
v -0.326502 2.571112 -0.171159
v -0.248364 2.783449 -0.126884
v -0.248364 2.783449 -0.126884
v -0.167294 0.660081 -0.052030
v -0.167294 0.660081 -0.052030
v -0.125678 0.872418 -0.037268
v -0.117613 1.084754 -0.034408
v -0.138120 1.297091 -0.041681
v -0.193842 1.509428 -0.061447
v -0.284779 1.721765 -0.093703
v -0.423660 1.934102 -0.143155
v -0.429933 2.146438 -0.145448
v -0.405983 2.358775 -0.136693
v -0.351809 2.571112 -0.116889
v -0.267411 2.783449 -0.086037
v -0.267411 2.783449 -0.086037
v -0.174084 0.660081 -0.026688
v -0.174084 0.660081 -0.026688
v -0.130521 0.872418 -0.019193
v -0.122079 1.084754 -0.017741
v -0.143545 1.297091 -0.021434
v -0.201874 1.509428 -0.031469
v -0.297066 1.721765 -0.047846
v -0.442422 1.934102 -0.073135
v -0.448980 2.146438 -0.074365
v -0.423942 2.358775 -0.069669
v -0.367307 2.571112 -0.059049
v -0.279076 2.783449 -0.042503
v -0.279076 2.783449 -0.042503
v -0.176371 0.660081 -0.000552
v -0.176371 0.660081 -0.000552
v -0.132152 0.872418 -0.000552
v -0.123583 1.084754 -0.000552
v -0.145372 1.297091 -0.000552
v -0.204579 1.509428 -0.000552
v -0.301204 1.721765 -0.000552
v -0.448739 1.934102 -0.000921
v -0.455394 2.146438 -0.001054
v -0.429989 2.358775 -0.000546
v -0.372526 2.571112 0.000604
v -0.283004 2.783449 0.002396
v -0.283004 2.783449 0.002396
v -0.174084 0.660081 0.025584
v -0.174084 0.660081 0.025584
v -0.130521 0.872418 0.018089
v -0.122079 1.084754 0.016636
v -0.143545 1.297091 0.020330
v -0.201874 1.509428 0.030365
v -0.297066 1.721765 0.046742
v -0.442422 1.934102 0.071293
v -0.448980 2.146438 0.072257
v -0.423942 2.358775 0.068578
v -0.367307 2.571112 0.060257
v -0.279076 2.783449 0.047294
v -0.279076 2.783449 0.047294
v -0.167294 0.660081 0.050925
v -0.167294 0.660081 0.050925
v -0.125678 0.872418 0.036164
v -0.117613 1.084754 0.033303
v -0.138120 1.297091 0.040577
v -0.193842 1.509428 0.060342
v -0.284779 1.721765 0.092599
v -0.423660 1.934102 0.141313
v -0.429933 2.146438 0.143340
v -0.405983 2.358775 0.135601
v -0.351809 2.571112 0.118098
v -0.267411 2.783449 0.090828
v -0.267411 2.783449 0.090828
v -0.156206 0.660081 0.074703
v -0.156206 0.660081 0.074703
v -0.117770 0.872418 0.053123
v -0.110321 1.084754 0.048941
v -0.129261 1.297091 0.059575
v -0.180726 1.509428 0.088469
v -0.264715 1.721765 0.135625
v -0.393024 1.934102 0.207011
v -0.398832 2.146438 0.210036
v -0.376658 2.358775 0.198488
v -0.326502 2.571112 0.172368
v -0.248364 2.783449 0.131676
v -0.248364 2.783449 0.131676
v -0.141158 0.660081 0.096194
v -0.141158 0.660081 0.096194
v -0.107037 0.872418 0.068451
v -0.100425 1.084754 0.063075
v -0.117238 1.297091 0.076745
v -0.162925 1.509428 0.113892
v -0.237485 1.721765 0.174514
v -0.351446 1.934102 0.266391
v -0.356623 2.146438 0.270317
v -0.336859 2.358775 0.255327
v -0.292156 2.571112 0.221419
v -0.222513 2.783449 0.168595
v -0.222513 2.783449 0.168595
v -0.122607 0.660081 0.114745
v -0.122607 0.660081 0.114745
v -0.093805 0.872418 0.081683
v -0.088224 1.084754 0.075275
v -0.102416 1.297091 0.091567
v -0.140980 1.509428 0.135837
v -0.203915 1.721765 0.208084
v -0.300188 1.934102 0.317649
v -0.304586 2.146438 0.322354
v -0.287795 2.358775 0.304391
v -0.249814 2.571112 0.263761
v -0.190643 2.783449 0.200464
v -0.190643 2.783449 0.200464
v -0.101116 0.660081 0.129794
v -0.101116 0.660081 0.129794
v -0.078477 0.872418 0.092416
v -0.074090 1.084754 0.085172
v -0.085245 1.297091 0.103591
v -0.115557 1.509428 0.153638
v -0.165026 1.721765 0.235314
v -0.240808 1.934102 0.359227
v -0.244304 2.146438 0.364564
v -0.230956 2.358775 0.344191
v -0.200762 2.571112 0.298108
v -0.153724 2.783449 0.226315
v -0.153724 2.783449 0.226315
v -0.077338 0.660081 0.140881
v -0.077338 0.660081 0.140881
v -0.061518 0.872418 0.100324
v -0.058452 1.084754 0.092464
v -0.066248 1.297091 0.112449
v -0.087430 1.509428 0.166754
v -0.121999 1.721765 0.255378
v -0.175110 1.934102 0.389863
v -0.177608 2.146438 0.395665
v -0.168069 2.358775 0.373515
v -0.146492 2.571112 0.323414
v -0.112877 2.783449 0.245362
v -0.112877 2.783449 0.245362
v -0.051996 0.660081 0.147672
v -0.051996 0.660081 0.147672
v -0.043443 0.872418 0.105167
v -0.041786 1.084754 0.096930
v -0.046000 1.297091 0.117875
v -0.057453 1.509428 0.174786
v -0.076142 1.721765 0.267665
v -0.105090 1.934102 0.408625
v -0.106525 2.146438 0.414711
v -0.101046 2.358775 0.391474
v -0.088652 2.571112 0.338913
v -0.069343 2.783449 0.257027
v -0.069343 2.783449 0.257027
v -0.025860 0.660081 0.149958
v -0.025860 0.660081 0.149958
v -0.024802 0.872418 0.106798
v -0.024597 1.084754 0.098434
v -0.025118 1.297091 0.119701
v -0.026536 1.509428 0.177491
v -0.028848 1.721765 0.271803
v -0.032876 1.934102 0.414943
v -0.033214 2.146438 0.421125
v -0.031922 2.358775 0.397522
v -0.028999 2.571112 0.344132
v -0.024444 2.783449 0.260956
v -0.024444 2.783449 0.260956
v 0.000275 0.660081 0.147672
v 0.000275 0.660081 0.147672
v -0.006161 0.872418 0.105167
v -0.007408 1.084754 0.096930
v -0.004237 1.297091 0.117875
v 0.004381 1.509428 0.174786
v 0.018446 1.721765 0.267665
v 0.039338 1.934102 0.408625
v 0.040096 2.146438 0.414711
v 0.037202 2.358775 0.391474
v 0.030654 2.571112 0.338913
v 0.020454 2.783449 0.257027
v 0.020454 2.783449 0.257027
v 0.025617 0.660081 0.140881
v 0.025617 0.660081 0.140881
v 0.011914 0.872418 0.100324
v 0.009258 1.084754 0.092464
v 0.016011 1.297091 0.112449
v 0.034359 1.509428 0.166754
v 0.064303 1.721765 0.255378
v 0.109358 1.934102 0.389863
v 0.111179 2.146438 0.395665
v 0.104225 2.358775 0.373515
v 0.088495 2.571112 0.323414
v 0.063988 2.783449 0.245362
v 0.063988 2.783449 0.245362
v 0.049395 0.660081 0.129794
v 0.049395 0.660081 0.129794
v 0.028873 0.872418 0.092416
v 0.024896 1.084754 0.085172
v 0.035008 1.297091 0.103591
v 0.062486 1.509428 0.153638
v 0.107329 1.721765 0.235314
v 0.175056 1.934102 0.359227
v 0.177875 2.146438 0.364564
v 0.167112 2.358775 0.344191
v 0.142765 2.571112 0.298108
v 0.104836 2.783449 0.226315
v 0.104836 2.783449 0.226315
v 0.070886 0.660081 0.114745
v 0.070886 0.660081 0.114745
v 0.044201 0.872418 0.081683
v 0.039030 1.084754 0.075275
v 0.052179 1.297091 0.091567
v 0.087909 1.509428 0.135837
v 0.146218 1.721765 0.208084
v 0.234436 1.934102 0.317649
v 0.238157 2.146438 0.322354
v 0.223951 2.358775 0.304391
v 0.191817 2.571112 0.263761
v 0.141755 2.783449 0.200464
v 0.141755 2.783449 0.200464
v 0.089437 0.660081 0.096194
v 0.089437 0.660081 0.096194
v 0.057433 0.872418 0.068451
v 0.051231 1.084754 0.063075
v 0.067001 1.297091 0.076745
v 0.109854 1.509428 0.113892
v 0.179788 1.721765 0.174514
v 0.285694 1.934102 0.266391
v 0.290194 2.146438 0.270317
v 0.273015 2.358775 0.255327
v 0.234159 2.571112 0.221419
v 0.173624 2.783449 0.168595
v 0.173624 2.783449 0.168595
v 0.104485 0.660081 0.074703
v 0.104485 0.660081 0.074703
v 0.068166 0.872418 0.053123
v 0.061128 1.084754 0.048941
v 0.079024 1.297091 0.059575
v 0.127655 1.509428 0.088469
v 0.207018 1.721765 0.135625
v 0.327273 1.934102 0.207011
v 0.332404 2.146438 0.210036
v 0.312814 2.358775 0.198488
v 0.268505 2.571112 0.172368
v 0.199475 2.783449 0.131676
v 0.199475 2.783449 0.131676
v 0.115573 0.660081 0.050925
v 0.115573 0.660081 0.050925
v 0.076074 0.872418 0.036164
v 0.068420 1.084754 0.033303
v 0.087883 1.297091 0.040577
v 0.140771 1.509428 0.060342
v 0.227082 1.721765 0.092599
v 0.357908 1.934102 0.141313
v 0.363504 2.146438 0.143340
v 0.342139 2.358775 0.135601
v 0.293812 2.571112 0.118098
v 0.218522 2.783449 0.090828
v 0.218522 2.783449 0.090828
v 0.122363 0.660081 0.025584
v 0.122363 0.660081 0.025584
v 0.080917 0.872418 0.018089
v 0.072885 1.084754 0.016636
v 0.093308 1.297091 0.020330
v 0.148803 1.509428 0.030365
v 0.239369 1.721765 0.046742
v 0.376670 1.934102 0.071293
v 0.382551 2.146438 0.072257
v 0.360098 2.358775 0.068578
v 0.309310 2.571112 0.060257
v 0.230187 2.783449 0.047294
v 0.230187 2.783449 0.047294
vn -0.0000 -1.0000 -0.0000
vn 0.9780 0.1173 -0.1727
vn 0.9809 0.1945 -0.0000
vn 0.9660 0.1946 -0.1704
vn 0.9844 -0.0296 -0.1735
vn 0.9931 0.1173 -0.0003
vn 0.9841 -0.1776 -0.0000
vn 0.9996 -0.0296 -0.0000
vn 0.9689 -0.1783 -0.1716
vn 0.9446 -0.3282 -0.0000
vn 0.9297 -0.3292 -0.1652
vn 0.8799 -0.4752 -0.0000
vn 0.8652 -0.4769 -0.1547
vn 0.9539 -0.3002 -0.0000
vn 0.9410 -0.2973 -0.1615
vn 0.9992 0.0393 -0.0001
vn 0.9702 0.1722 -0.1707
vn 0.9840 0.0395 -0.1736
vn 0.9408 0.2962 -0.1649
vn 0.9852 0.1712 0.0005
vn 0.9205 0.3556 -0.1620
vn 0.9556 0.2947 0.0009
vn -0.0000 1.0000 -0.0000
vn 0.9331 0.1175 -0.3399
vn 0.9217 0.1948 -0.3356
vn 0.9393 -0.0296 -0.3418
vn 0.9244 -0.1785 -0.3371
vn 0.8868 -0.3295 -0.3241
vn 0.8250 -0.4775 -0.3024
vn 0.8986 -0.2977 -0.3224
vn 0.9257 0.1732 -0.3364
vn 0.9389 0.0397 -0.3419
vn 0.8973 0.2979 -0.3257
vn 0.8777 0.3576 -0.3190
vn 0.8597 0.1177 -0.4970
vn 0.8493 0.1951 -0.4905
vn 0.8657 -0.0297 -0.4998
vn 0.8517 -0.1788 -0.4926
vn 0.8169 -0.3301 -0.4729
vn 0.7595 -0.4783 -0.4409
vn 0.8288 -0.2983 -0.4734
vn 0.8529 0.1744 -0.4920
vn 0.8652 0.0400 -0.4997
vn 0.8266 0.2999 -0.4763
vn 0.8081 0.3599 -0.4662
vn 0.7607 0.1180 -0.6382
vn 0.7511 0.1956 -0.6305
vn 0.7657 -0.0298 -0.6425
vn 0.7533 -0.1793 -0.6328
vn 0.7222 -0.3308 -0.6075
vn 0.6709 -0.4794 -0.5657
vn 0.7338 -0.2991 -0.6100
vn 0.7543 0.1758 -0.6325
vn 0.7653 0.0404 -0.6424
vn 0.7307 0.3022 -0.6122
vn 0.7139 0.3627 -0.5990
vn 0.6380 0.1184 -0.7609
vn 0.6302 0.1962 -0.7513
vn 0.6426 -0.0299 -0.7657
vn 0.6316 -0.1798 -0.7541
vn 0.6054 -0.3317 -0.7235
vn 0.5621 -0.4807 -0.6731
vn 0.6165 -0.3000 -0.7279
vn 0.6328 0.1774 -0.7537
vn 0.6421 0.0407 -0.7655
vn 0.6129 0.3048 -0.7290
vn 0.5984 0.3656 -0.7129
vn 0.4963 0.1188 -0.8600
vn 0.4900 0.1968 -0.8492
vn 0.4998 -0.0300 -0.8656
vn 0.4912 -0.1804 -0.8522
vn 0.4705 -0.3328 -0.8172
vn 0.4363 -0.4821 -0.7598
vn 0.4806 -0.3011 -0.8236
vn 0.4918 0.1791 -0.8521
vn 0.4994 0.0411 -0.8654
vn 0.4767 0.3075 -0.8235
vn 0.4648 0.3688 -0.8049
vn 0.3392 0.1192 -0.9331
vn 0.3350 0.1976 -0.9213
vn 0.3420 -0.0301 -0.9392
vn 0.3358 -0.1811 -0.9244
vn 0.3213 -0.3339 -0.8862
vn 0.2975 -0.4837 -0.8231
vn 0.3302 -0.3022 -0.8942
vn 0.3368 0.1808 -0.9241
vn 0.3415 0.0416 -0.9390
vn 0.3260 0.3103 -0.8930
vn 0.3176 0.3720 -0.8722
vn 0.1725 0.1197 -0.9777
vn 0.1703 0.1984 -0.9652
vn 0.1736 -0.0302 -0.9843
vn 0.1705 -0.1818 -0.9684
vn 0.1624 -0.3352 -0.9280
vn 0.1498 -0.4854 -0.8614
vn 0.1699 -0.3034 -0.9376
vn 0.1712 0.1826 -0.9682
vn 0.1733 0.0420 -0.9840
vn 0.1658 0.3131 -0.9351
vn 0.1611 0.3752 -0.9128
vn 0.0001 0.1202 -0.9928
vn -0.0003 0.1992 -0.9800
vn 0.0001 -0.0303 -0.9995
vn -0.0006 -0.1826 -0.9832
vn -0.0012 -0.3364 -0.9417
vn -0.0022 -0.4871 -0.8734
vn 0.0045 -0.3046 -0.9525
vn 0.0004 0.1842 -0.9829
vn -0.0002 0.0424 -0.9991
vn 0.0010 0.3157 -0.9489
vn 0.0001 0.3782 -0.9257
vn -0.1729 0.1208 -0.9775
vn -0.1704 0.2000 -0.9649
vn -0.1735 -0.0305 -0.9844
vn -0.1714 -0.1833 -0.9680
vn -0.1647 -0.3377 -0.9267
vn -0.1536 -0.4888 -0.8588
vn -0.1609 -0.3058 -0.9384
vn -0.1699 0.1858 -0.9678
vn -0.1737 0.0427 -0.9839
vn -0.1636 0.3182 -0.9338
vn -0.1603 0.3811 -0.9105
vn -0.3400 0.1212 -0.9326
vn -0.3353 0.2008 -0.9205
vn -0.3418 -0.0306 -0.9393
vn -0.3368 -0.1840 -0.9234
vn -0.3230 -0.3389 -0.8836
vn -0.3001 -0.4903 -0.8182
vn -0.3213 -0.3069 -0.8959
vn -0.3355 0.1872 -0.9232
vn -0.3419 0.0430 -0.9388
vn -0.3230 0.3204 -0.8905
vn -0.3157 0.3836 -0.8679
vn -0.4966 0.1217 -0.8594
vn -0.4899 0.2015 -0.8481
vn -0.4997 -0.0307 -0.8657
vn -0.4921 -0.1847 -0.8507
vn -0.4714 -0.3400 -0.8138
vn -0.4373 -0.4918 -0.7529
vn -0.4717 -0.3079 -0.8262
vn -0.4905 0.1884 -0.8508
vn -0.4997 0.0433 -0.8651
vn -0.4723 0.3223 -0.8204
vn -0.4612 0.3858 -0.7990
vn -0.6379 0.1220 -0.7604
vn -0.6297 0.2022 -0.7501
vn -0.6424 -0.0308 -0.7657
vn -0.6322 -0.1853 -0.7523
vn -0.6051 -0.3411 -0.7193
vn -0.5609 -0.4931 -0.6650
vn -0.6078 -0.3088 -0.7316
vn -0.6309 0.1894 -0.7524
vn -0.6423 0.0436 -0.7653
vn -0.6074 0.3239 -0.7254
vn -0.5925 0.3875 -0.7062
vn -0.7606 0.1224 -0.6375
vn -0.7502 0.2028 -0.6293
vn -0.7656 -0.0309 -0.6425
vn -0.7532 -0.1858 -0.6310
vn -0.7208 -0.3419 -0.6030
vn -0.6674 -0.4942 -0.5570
vn -0.7254 -0.3096 -0.6148
vn -0.7517 0.1901 -0.6315
vn -0.7654 0.0437 -0.6421
vn -0.7237 0.3250 -0.6088
vn -0.7059 0.3888 -0.5921
vn -0.8598 0.1227 -0.4956
vn -0.8480 0.2032 -0.4895
vn -0.8656 -0.0310 -0.4998
vn -0.8512 -0.1862 -0.4908
vn -0.8143 -0.3426 -0.4686
vn -0.7535 -0.4951 -0.4325
vn -0.8210 -0.3102 -0.4794
vn -0.8498 0.1906 -0.4914
vn -0.8652 0.0438 -0.4995
vn -0.8182 0.3257 -0.4738
vn -0.7975 0.3895 -0.4606
vn -0.9326 0.1229 -0.3395
vn -0.9200 0.2036 -0.3348
vn -0.9392 -0.0310 -0.3419
vn -0.9234 -0.1865 -0.3354
vn -0.8831 -0.3432 -0.3200
vn -0.8169 -0.4957 -0.2948
vn -0.8916 -0.3106 -0.3296
vn -0.9222 0.1907 -0.3364
vn -0.9388 0.0438 -0.3417
vn -0.8881 0.3259 -0.3243
vn -0.8654 0.3897 -0.3149
vn -0.9774 0.1230 -0.1719
vn -0.9641 0.2038 -0.1700
vn -0.9843 -0.0311 -0.1736
vn -0.9676 -0.1867 -0.1700
vn -0.9251 -0.3435 -0.1618
vn -0.8555 -0.4960 -0.1484
vn -0.9839 0.0438 -0.1735
vn -0.9357 -0.3092 -0.1701
vn -0.9669 0.1904 -0.1699
vn -0.9314 0.3255 -0.1630
vn -0.9924 0.1230 0.0003
vn -0.9790 0.2039 -0.0000
vn -0.9995 -0.0311 -0.0000
vn -0.9824 -0.1868 0.0005
vn -0.9391 -0.3436 0.0012
vn -0.9506 -0.3103 0.0050
vn -0.8680 -0.4966 0.0024
vn -0.9990 0.0437 -0.0001
vn -0.9818 0.1899 0.0006
vn -0.9458 0.3246 0.0011
vn -0.9071 0.3894 -0.1597
vn -0.9641 0.2038 0.1700
vn -0.9773 0.1230 0.1723
vn -0.9676 -0.1867 0.1700
vn -0.9842 -0.0309 0.1742
vn -0.9251 -0.3435 0.1618
vn -0.8555 -0.4960 0.1486
vn -0.9354 -0.3100 0.1699
vn -0.9839 0.0435 0.1734
vn -0.9669 0.1891 0.1712
vn -0.9317 0.3234 0.1653
vn -0.9215 0.3885 0.0004
vn -0.9200 0.2036 0.3348
vn -0.9326 0.1229 0.3395
vn -0.9234 -0.1866 0.3354
vn -0.9392 -0.0310 0.3419
vn -0.8831 -0.3432 0.3200
vn -0.8170 -0.4955 0.2949
vn -0.8919 -0.3095 0.3298
vn -0.9389 0.0433 0.3416
vn -0.9227 0.1880 0.3365
vn -0.8893 0.3218 0.3250
vn -0.9079 0.3871 0.1607
vn -0.8480 0.2032 0.4895
vn -0.8597 0.1227 0.4959
vn -0.8512 -0.1863 0.4906
vn -0.8656 -0.0310 0.4998
vn -0.8143 -0.3427 0.4685
vn -0.7537 -0.4947 0.4326
vn -0.8213 -0.3088 0.4798
vn -0.8653 0.0430 0.4994
vn -0.8505 0.1868 0.4917
vn -0.8200 0.3197 0.4747
vn -0.8671 0.3852 0.3158
vn -0.7502 0.2028 0.6293
vn -0.7605 0.1224 0.6376
vn -0.7532 -0.1859 0.6310
vn -0.7656 -0.0309 0.6425
vn -0.7207 -0.3420 0.6030
vn -0.6676 -0.4937 0.5573
vn -0.7258 -0.3079 0.6152
vn -0.7655 0.0426 0.6421
vn -0.7524 0.1853 0.6321
vn -0.7259 0.3174 0.6102
vn -0.7999 0.3829 0.4621
vn -0.6297 0.2022 0.7501
vn -0.6379 0.1220 0.7604
vn -0.6322 -0.1853 0.7523
vn -0.6424 -0.0308 0.7657
vn -0.6051 -0.3411 0.7193
vn -0.5611 -0.4925 0.6653
vn -0.6081 -0.3070 0.7321
vn -0.6424 0.0422 0.7652
vn -0.6314 0.1837 0.7533
vn -0.6093 0.3149 0.7277
vn -0.7084 0.3803 0.5945
vn -0.4899 0.2015 0.8481
vn -0.4962 0.1216 0.8596
vn -0.4921 -0.1847 0.8507
vn -0.4997 -0.0307 0.8657
vn -0.4713 -0.3401 0.8138
vn -0.4375 -0.4910 0.7533
vn -0.4719 -0.3059 0.8269
vn -0.4998 0.0418 0.8652
vn -0.4912 0.1820 0.8518
vn -0.4743 0.3122 0.8232
vn -0.5950 0.3774 0.7096
vn -0.3350 0.2008 0.9206
vn -0.3398 0.1212 0.9326
vn -0.3369 -0.1841 0.9234
vn -0.3418 -0.0306 0.9393
vn -0.3229 -0.3390 0.8836
vn -0.3003 -0.4895 0.8187
vn -0.3214 -0.3047 0.8966
vn -0.3419 0.0414 0.9388
vn -0.3366 0.1803 0.9242
vn -0.3246 0.3094 0.8938
vn -0.4635 0.3743 0.8031
vn -0.1704 0.2000 0.9649
vn -0.1723 0.1207 0.9776
vn -0.1714 -0.1834 0.9680
vn -0.1735 -0.0305 0.9844
vn -0.1647 -0.3378 0.9267
vn -0.1537 -0.4878 0.8593
vn -0.1610 -0.3035 0.9391
vn -0.1738 0.0414 0.9839
vn -0.1704 0.1786 0.9691
vn -0.1645 0.3066 0.9375
vn -0.3175 0.3710 0.8727
vn -0.0003 0.1992 0.9800
vn 0.0001 0.1202 0.9928
vn -0.0006 -0.1826 0.9832
vn 0.0001 -0.0303 0.9995
vn -0.0012 -0.3365 0.9417
vn -0.0021 -0.4861 0.8739
vn 0.0046 -0.3023 0.9532
vn -0.0002 0.0406 0.9992
vn 0.0004 0.1769 0.9842
vn 0.0006 0.3039 0.9527
vn -0.1613 0.3678 0.9158
vn 0.1699 0.1984 0.9653
vn 0.1725 0.1197 0.9777
vn 0.1700 -0.1819 0.9685
vn 0.1737 -0.0302 0.9843
vn 0.1625 -0.3352 0.9280
vn 0.1498 -0.4844 0.8619
vn 0.1700 -0.3012 0.9383
vn 0.1733 0.0403 0.9840
vn 0.1711 0.1754 0.9695
vn 0.1664 0.3015 0.9388
vn 0.0001 0.3647 0.9311
vn 0.3350 0.1976 0.9213
vn 0.3392 0.1193 0.9331
vn 0.3358 -0.1811 0.9244
vn 0.3420 -0.0301 0.9392
vn 0.3212 -0.3340 0.8862
vn 0.2976 -0.4828 0.8236
vn 0.3305 -0.3001 0.8948
vn 0.3416 0.0399 0.9390
vn 0.3370 0.1740 0.9253
vn 0.3273 0.2992 0.8963
vn 0.1621 0.3618 0.9181
vn 0.4900 0.1968 0.8492
vn 0.4960 0.1188 0.8602
vn 0.4912 -0.1805 0.8521
vn 0.4999 -0.0300 0.8656
vn 0.4705 -0.3328 0.8172
vn 0.4365 -0.4813 0.7602
vn 0.4810 -0.2991 0.8241
vn 0.4995 0.0396 0.8654
vn 0.4928 0.1728 0.8528
vn 0.4781 0.2973 0.8265
vn 0.3192 0.3592 0.8770
vn 0.6302 0.1962 0.7513
vn 0.6380 0.1184 0.7609
vn 0.6317 -0.1798 0.7540
vn 0.6425 -0.0299 0.7657
vn 0.6054 -0.3318 0.7234
vn 0.5623 -0.4799 0.6734
vn 0.6170 -0.2982 0.7283
vn 0.6422 0.0394 0.7655
vn 0.6335 0.1719 0.7544
vn 0.6147 0.2957 0.7312
vn 0.4672 0.3570 0.8089
vn 0.7514 0.1956 0.6302
vn 0.7607 0.1180 0.6382
vn 0.7534 -0.1793 0.6327
vn 0.7657 -0.0298 0.6425
vn 0.7221 -0.3309 0.6075
vn 0.6712 -0.4787 0.5660
vn 0.7342 -0.2975 0.6102
vn 0.7654 0.0393 0.6423
vn 0.7549 0.1712 0.6331
vn 0.7326 0.2946 0.6136
vn 0.6009 0.3551 0.7161
vn 0.8493 0.1951 0.4905
vn 0.8600 0.1177 0.4965
vn 0.8517 -0.1788 0.4926
vn 0.8659 -0.0295 0.4994
vn 0.8168 -0.3301 0.4731
vn 0.7597 -0.4778 0.4411
vn 0.8292 -0.2970 0.4736
vn 0.8653 0.0392 0.4996
vn 0.8533 0.1707 0.4927
vn 0.8282 0.2940 0.4771
vn 0.7167 0.3538 0.6009
vn 0.9217 0.1948 0.3356
vn 0.9330 0.1175 0.3401
vn 0.9244 -0.1785 0.3372
vn 0.9393 -0.0296 0.3418
vn 0.8868 -0.3296 0.3241
vn 0.8251 -0.4771 0.3027
vn 0.8989 -0.2967 0.3224
vn 0.9390 0.0391 0.3418
vn 0.9261 0.1708 0.3364
vn 0.8986 0.2939 0.3259
vn 0.8103 0.3531 0.4676
vn 0.9660 0.1946 0.1704
vn 0.9779 0.1173 0.1729
vn 0.9689 -0.1783 0.1717
vn 0.9844 -0.0296 0.1735
vn 0.9297 -0.3293 0.1652
vn 0.8653 -0.4768 0.1549
vn 0.9413 -0.2966 0.1613
vn 0.9702 0.1709 0.1716
vn 0.9841 0.0392 0.1735
vn 0.9411 0.2942 0.1668
vn 0.9213 0.3532 0.1627
vn 0.9352 0.3542 0.0001
vn 0.8792 0.3529 0.3200
vt 0.007596 0.586824
vt 0.000000 0.500000
vt 0.500000 0.500000
vt 0.027778 0.100000
vt 0.000000 0.000000
vt 0.027778 0.000000
vt 0.027778 0.200000
vt 0.000000 0.100000
vt 0.000000 0.300000
vt 0.000000 0.200000
vt 0.027778 0.300000
vt 0.000000 0.400000
vt 0.027778 0.400000
vt 0.027778 0.500000
vt 0.000000 0.600000
vt 0.027778 0.600000
vt 0.000000 0.700000
vt 0.027778 0.800000
vt 0.027778 0.700000
vt 0.027778 0.900000
vt 0.000000 0.800000
vt 0.027778 1.000000
vt 0.000000 0.900000
vt 0.992404 0.586824
vt 1.000000 0.500000
vt 0.030154 0.671010
vt 0.055556 0.100000
vt 0.055556 0.000000
vt 0.055556 0.200000
vt 0.055556 0.300000
vt 0.055556 0.400000
vt 0.055556 0.500000
vt 0.055556 0.600000
vt 0.055556 0.800000
vt 0.055556 0.700000
vt 0.055556 0.900000
vt 0.055556 1.000000
vt 0.969846 0.671010
vt 0.066987 0.750000
vt 0.083333 0.100000
vt 0.083333 0.000000
vt 0.083333 0.200000
vt 0.083333 0.300000
vt 0.083333 0.400000
vt 0.083333 0.500000
vt 0.083333 0.600000
vt 0.083333 0.800000
vt 0.083333 0.700000
vt 0.083333 0.900000
vt 0.083333 1.000000
vt 0.933013 0.750000
vt 0.116978 0.821394
vt 0.111111 0.100000
vt 0.111111 0.000000
vt 0.111111 0.200000
vt 0.111111 0.300000
vt 0.111111 0.400000
vt 0.111111 0.500000
vt 0.111111 0.600000
vt 0.111111 0.800000
vt 0.111111 0.700000
vt 0.111111 0.900000
vt 0.111111 1.000000
vt 0.883022 0.821394
vt 0.178606 0.883022
vt 0.138889 0.100000
vt 0.138889 0.000000
vt 0.138889 0.200000
vt 0.138889 0.300000
vt 0.138889 0.400000
vt 0.138889 0.500000
vt 0.138889 0.600000
vt 0.138889 0.800000
vt 0.138889 0.700000
vt 0.138889 0.900000
vt 0.138889 1.000000
vt 0.821394 0.883022
vt 0.250000 0.933013
vt 0.166667 0.100000
vt 0.166667 0.000000
vt 0.166667 0.200000
vt 0.166667 0.300000
vt 0.166667 0.400000
vt 0.166667 0.500000
vt 0.166667 0.600000
vt 0.166667 0.800000
vt 0.166667 0.700000
vt 0.166667 0.900000
vt 0.166667 1.000000
vt 0.750000 0.933013
vt 0.328990 0.969846
vt 0.194444 0.100000
vt 0.194444 0.000000
vt 0.194444 0.200000
vt 0.194444 0.300000
vt 0.194444 0.400000
vt 0.194444 0.500000
vt 0.194444 0.600000
vt 0.194444 0.800000
vt 0.194444 0.700000
vt 0.194444 0.900000
vt 0.194444 1.000000
vt 0.671010 0.969846
vt 0.413176 0.992404
vt 0.222222 0.100000
vt 0.222222 0.000000
vt 0.222222 0.200000
vt 0.222222 0.300000
vt 0.222222 0.400000
vt 0.222222 0.500000
vt 0.222222 0.600000
vt 0.222222 0.800000
vt 0.222222 0.700000
vt 0.222222 0.900000
vt 0.222222 1.000000
vt 0.586824 0.992404
vt 0.500000 1.000000
vt 0.250000 0.100000
vt 0.250000 0.000000
vt 0.250000 0.200000
vt 0.250000 0.300000
vt 0.250000 0.400000
vt 0.250000 0.500000
vt 0.250000 0.600000
vt 0.250000 0.800000
vt 0.250000 0.700000
vt 0.250000 0.900000
vt 0.250000 1.000000
vt 0.277778 0.100000
vt 0.277778 0.000000
vt 0.277778 0.200000
vt 0.277778 0.300000
vt 0.277778 0.400000
vt 0.277778 0.500000
vt 0.277778 0.600000
vt 0.277778 0.800000
vt 0.277778 0.700000
vt 0.277778 0.900000
vt 0.277778 1.000000
vt 0.305556 0.100000
vt 0.305556 0.000000
vt 0.305556 0.200000
vt 0.305556 0.300000
vt 0.305556 0.400000
vt 0.305556 0.500000
vt 0.305556 0.600000
vt 0.305556 0.800000
vt 0.305556 0.700000
vt 0.305556 0.900000
vt 0.305556 1.000000
vt 0.333333 0.100000
vt 0.333333 0.000000
vt 0.333333 0.200000
vt 0.333333 0.300000
vt 0.333333 0.400000
vt 0.333333 0.500000
vt 0.333333 0.600000
vt 0.333333 0.800000
vt 0.333333 0.700000
vt 0.333333 0.900000
vt 0.333333 1.000000
vt 0.361111 0.100000
vt 0.361111 0.000000
vt 0.361111 0.200000
vt 0.361111 0.300000
vt 0.361111 0.400000
vt 0.361111 0.500000
vt 0.361111 0.600000
vt 0.361111 0.800000
vt 0.361111 0.700000
vt 0.361111 0.900000
vt 0.361111 1.000000
vt 0.388889 0.100000
vt 0.388889 0.000000
vt 0.388889 0.200000
vt 0.388889 0.300000
vt 0.388889 0.400000
vt 0.388889 0.500000
vt 0.388889 0.600000
vt 0.388889 0.800000
vt 0.388889 0.700000
vt 0.388889 0.900000
vt 0.388889 1.000000
vt 0.416667 0.100000
vt 0.416667 0.000000
vt 0.416667 0.200000
vt 0.416667 0.300000
vt 0.416667 0.400000
vt 0.416667 0.500000
vt 0.416667 0.600000
vt 0.416667 0.800000
vt 0.416667 0.700000
vt 0.416667 0.900000
vt 0.416667 1.000000
vt 0.444444 0.100000
vt 0.444444 0.000000
vt 0.444444 0.200000
vt 0.444444 0.300000
vt 0.444444 0.400000
vt 0.444444 0.500000
vt 0.444444 0.600000
vt 0.444444 0.800000
vt 0.444444 0.700000
vt 0.444444 0.900000
vt 0.444444 1.000000
vt 0.472222 0.100000
vt 0.472222 0.000000
vt 0.472222 0.200000
vt 0.472222 0.300000
vt 0.472222 0.400000
vt 0.472222 0.500000
vt 0.472222 0.700000
vt 0.472222 0.600000
vt 0.472222 0.800000
vt 0.472222 0.900000
vt 0.500000 0.100000
vt 0.500000 0.000000
vt 0.500000 0.200000
vt 0.500000 0.300000
vt 0.500000 0.400000
vt 0.500000 0.600000
vt 0.500000 0.700000
vt 0.500000 0.800000
vt 0.500000 0.900000
vt 0.472222 1.000000
vt 0.992404 0.413176
vt 0.527778 0.000000
vt 0.527778 0.100000
vt 0.527778 0.300000
vt 0.527778 0.200000
vt 0.527778 0.400000
vt 0.527778 0.500000
vt 0.527778 0.600000
vt 0.527778 0.700000
vt 0.527778 0.800000
vt 0.527778 0.900000
vt 0.007596 0.413176
vt 0.969846 0.328990
vt 0.555556 0.000000
vt 0.555556 0.100000
vt 0.555556 0.300000
vt 0.555556 0.200000
vt 0.555556 0.400000
vt 0.555556 0.500000
vt 0.555556 0.600000
vt 0.555556 0.700000
vt 0.555556 0.800000
vt 0.555556 0.900000
vt 0.527778 1.000000
vt 0.030154 0.328990
vt 0.933013 0.250000
vt 0.583333 0.000000
vt 0.583333 0.100000
vt 0.583333 0.300000
vt 0.583333 0.200000
vt 0.583333 0.400000
vt 0.583333 0.500000
vt 0.583333 0.600000
vt 0.583333 0.700000
vt 0.583333 0.800000
vt 0.583333 0.900000
vt 0.555556 1.000000
vt 0.066987 0.250000
vt 0.883022 0.178606
vt 0.611111 0.000000
vt 0.611111 0.100000
vt 0.611111 0.300000
vt 0.611111 0.200000
vt 0.611111 0.400000
vt 0.611111 0.500000
vt 0.611111 0.600000
vt 0.611111 0.700000
vt 0.611111 0.800000
vt 0.611111 0.900000
vt 0.583333 1.000000
vt 0.116978 0.178606
vt 0.821394 0.116978
vt 0.638889 0.000000
vt 0.638889 0.100000
vt 0.638889 0.300000
vt 0.638889 0.200000
vt 0.638889 0.400000
vt 0.638889 0.500000
vt 0.638889 0.600000
vt 0.638889 0.700000
vt 0.638889 0.800000
vt 0.638889 0.900000
vt 0.611111 1.000000
vt 0.178606 0.116978
vt 0.750000 0.066987
vt 0.666667 0.000000
vt 0.666667 0.100000
vt 0.666667 0.300000
vt 0.666667 0.200000
vt 0.666667 0.400000
vt 0.666667 0.500000
vt 0.666667 0.600000
vt 0.666667 0.700000
vt 0.666667 0.800000
vt 0.666667 0.900000
vt 0.638889 1.000000
vt 0.250000 0.066987
vt 0.671010 0.030154
vt 0.694444 0.000000
vt 0.694444 0.100000
vt 0.694444 0.300000
vt 0.694444 0.200000
vt 0.694444 0.400000
vt 0.694444 0.500000
vt 0.694444 0.600000
vt 0.694444 0.700000
vt 0.694444 0.800000
vt 0.694444 0.900000
vt 0.666667 1.000000
vt 0.328990 0.030154
vt 0.586824 0.007596
vt 0.722222 0.000000
vt 0.722222 0.100000
vt 0.722222 0.300000
vt 0.722222 0.200000
vt 0.722222 0.400000
vt 0.722222 0.500000
vt 0.722222 0.600000
vt 0.722222 0.700000
vt 0.722222 0.800000
vt 0.722222 0.900000
vt 0.694444 1.000000
vt 0.413176 0.007596
vt 0.750000 0.000000
vt 0.750000 0.100000
vt 0.750000 0.300000
vt 0.750000 0.200000
vt 0.750000 0.400000
vt 0.750000 0.500000
vt 0.750000 0.600000
vt 0.750000 0.700000
vt 0.750000 0.800000
vt 0.750000 0.900000
vt 0.722222 1.000000
vt 0.777778 0.000000
vt 0.777778 0.100000
vt 0.777778 0.300000
vt 0.777778 0.200000
vt 0.777778 0.400000
vt 0.777778 0.500000
vt 0.777778 0.600000
vt 0.777778 0.700000
vt 0.777778 0.800000
vt 0.777778 0.900000
vt 0.750000 1.000000
vt 0.805556 0.000000
vt 0.805556 0.100000
vt 0.805556 0.300000
vt 0.805556 0.200000
vt 0.805556 0.400000
vt 0.805556 0.500000
vt 0.805556 0.600000
vt 0.805556 0.700000
vt 0.805556 0.800000
vt 0.805556 0.900000
vt 0.777778 1.000000
vt 0.833333 0.000000
vt 0.833333 0.100000
vt 0.833333 0.300000
vt 0.833333 0.200000
vt 0.833333 0.400000
vt 0.833333 0.500000
vt 0.833333 0.600000
vt 0.833333 0.700000
vt 0.833333 0.800000
vt 0.833333 0.900000
vt 0.805556 1.000000
vt 0.861111 0.000000
vt 0.861111 0.100000
vt 0.861111 0.300000
vt 0.861111 0.200000
vt 0.861111 0.400000
vt 0.861111 0.500000
vt 0.861111 0.600000
vt 0.861111 0.700000
vt 0.861111 0.800000
vt 0.861111 0.900000
vt 0.833333 1.000000
vt 0.888889 0.000000
vt 0.888889 0.100000
vt 0.888889 0.300000
vt 0.888889 0.200000
vt 0.888889 0.400000
vt 0.888889 0.500000
vt 0.888889 0.600000
vt 0.888889 0.700000
vt 0.888889 0.800000
vt 0.888889 0.900000
vt 0.861111 1.000000
vt 0.916667 0.000000
vt 0.916667 0.100000
vt 0.916667 0.300000
vt 0.916667 0.200000
vt 0.916667 0.400000
vt 0.916667 0.500000
vt 0.916667 0.600000
vt 0.916667 0.700000
vt 0.916667 0.800000
vt 0.916667 0.900000
vt 0.888889 1.000000
vt 0.944444 0.000000
vt 0.944444 0.100000
vt 0.944444 0.300000
vt 0.944444 0.200000
vt 0.944444 0.400000
vt 0.944444 0.500000
vt 0.944444 0.600000
vt 0.944444 0.700000
vt 0.944444 0.800000
vt 0.944444 0.900000
vt 0.916667 1.000000
vt 0.972222 0.000000
vt 0.972222 0.100000
vt 0.972222 0.300000
vt 0.972222 0.200000
vt 0.972222 0.400000
vt 0.972222 0.500000
vt 0.972222 0.600000
vt 0.972222 0.800000
vt 0.972222 0.700000
vt 0.972222 0.900000
vt 0.972222 1.000000
vt 1.000000 0.000000
vt 1.000000 0.100000
vt 1.000000 0.300000
vt 1.000000 0.200000
vt 1.000000 0.400000
vt 1.000000 0.600000
vt 1.000000 0.800000
vt 1.000000 0.700000
vt 1.000000 0.900000
vt 1.000000 1.000000
vt 0.000000 1.000000
vt 0.944444 1.000000
s 1
usemtl Mat
f 3119/3086/2522 3106/3087/2522 3104/3088/2522
f 3121/3089/2523 3107/3090/2524 3120/3091/2525
f 3122/3092/2526 3108/3093/2527 3121/3089/2523
f 3122/3092/2526 3110/3094/2528 3109/3095/2529
f 3123/3096/2530 3111/3097/2531 3110/3094/2528
f 3124/3098/2532 3112/3087/2533 3111/3097/2531
f 3125/3099/2534 3113/3100/2535 3112/3087/2533
f 3126/3101/2536 3114/3102/2537 3113/3100/2535
f 3128/3103/2538 3114/3102/2537 3127/3104/2539
f 3129/3105/2540 3115/3106/2541 3128/3103/2538
f 3130/3107/2542 3116/3108/2543 3129/3105/2540
f 3131/3109/2544 3105/3088/2544 3118/3110/2544
f 3132/3111/2522 3119/3086/2522 3104/3088/2522
f 3134/3112/2545 3120/3091/2525 3133/3113/2546
f 3135/3114/2547 3121/3089/2523 3134/3112/2545
f 3135/3114/2547 3123/3096/2530 3122/3092/2526
f 3136/3115/2548 3124/3098/2532 3123/3096/2530
f 3137/3116/2549 3125/3099/2534 3124/3098/2532
f 3138/3117/2550 3126/3101/2536 3125/3099/2534
f 3139/3118/2551 3127/3104/2539 3126/3101/2536
f 3141/3119/2552 3127/3104/2539 3140/3120/2553
f 3142/3121/2554 3128/3103/2538 3141/3119/2552
f 3143/3122/2555 3129/3105/2540 3142/3121/2554
f 3144/3123/2544 3105/3088/2544 3131/3109/2544
f 3145/3124/2522 3132/3111/2522 3104/3088/2522
f 3147/3125/2556 3133/3113/2546 3146/3126/2557
f 3148/3127/2558 3134/3112/2545 3147/3125/2556
f 3148/3127/2558 3136/3115/2548 3135/3114/2547
f 3149/3128/2559 3137/3116/2549 3136/3115/2548
f 3150/3129/2560 3138/3117/2550 3137/3116/2549
f 3151/3130/2561 3139/3118/2551 3138/3117/2550
f 3152/3131/2562 3140/3120/2553 3139/3118/2551
f 3154/3132/2563 3140/3120/2553 3153/3133/2564
f 3155/3134/2565 3141/3119/2552 3154/3132/2563
f 3156/3135/2566 3142/3121/2554 3155/3134/2565
f 3157/3136/2544 3105/3088/2544 3144/3123/2544
f 3158/3137/2522 3145/3124/2522 3104/3088/2522
f 3160/3138/2567 3146/3126/2557 3159/3139/2568
f 3161/3140/2569 3147/3125/2556 3160/3138/2567
f 3161/3140/2569 3149/3128/2559 3148/3127/2558
f 3162/3141/2570 3150/3129/2560 3149/3128/2559
f 3163/3142/2571 3151/3130/2561 3150/3129/2560
f 3164/3143/2572 3152/3131/2562 3151/3130/2561
f 3165/3144/2573 3153/3133/2564 3152/3131/2562
f 3167/3145/2574 3153/3133/2564 3166/3146/2575
f 3168/3147/2576 3154/3132/2563 3167/3145/2574
f 3169/3148/2577 3155/3134/2565 3168/3147/2576
f 3170/3149/2544 3105/3088/2544 3157/3136/2544
f 3171/3150/2522 3158/3137/2522 3104/3088/2522
f 3173/3151/2578 3159/3139/2568 3172/3152/2579
f 3174/3153/2580 3160/3138/2567 3173/3151/2578
f 3174/3153/2580 3162/3141/2570 3161/3140/2569
f 3175/3154/2581 3163/3142/2571 3162/3141/2570
f 3176/3155/2582 3164/3143/2572 3163/3142/2571
f 3177/3156/2583 3165/3144/2573 3164/3143/2572
f 3178/3157/2584 3166/3146/2575 3165/3144/2573
f 3180/3158/2585 3166/3146/2575 3179/3159/2586
f 3181/3160/2587 3167/3145/2574 3180/3158/2585
f 3182/3161/2588 3168/3147/2576 3181/3160/2587
f 3183/3162/2544 3105/3088/2544 3170/3149/2544
f 3184/3163/2522 3171/3150/2522 3104/3088/2522
f 3186/3164/2589 3172/3152/2579 3185/3165/2590
f 3187/3166/2591 3173/3151/2578 3186/3164/2589
f 3187/3166/2591 3175/3154/2581 3174/3153/2580
f 3188/3167/2592 3176/3155/2582 3175/3154/2581
f 3189/3168/2593 3177/3156/2583 3176/3155/2582
f 3190/3169/2594 3178/3157/2584 3177/3156/2583
f 3191/3170/2595 3179/3159/2586 3178/3157/2584
f 3193/3171/2596 3179/3159/2586 3192/3172/2597
f 3194/3173/2598 3180/3158/2585 3193/3171/2596
f 3195/3174/2599 3181/3160/2587 3194/3173/2598
f 3196/3175/2544 3105/3088/2544 3183/3162/2544
f 3197/3176/2522 3184/3163/2522 3104/3088/2522
f 3199/3177/2600 3185/3165/2590 3198/3178/2601
f 3200/3179/2602 3186/3164/2589 3199/3177/2600
f 3200/3179/2602 3188/3167/2592 3187/3166/2591
f 3201/3180/2603 3189/3168/2593 3188/3167/2592
f 3202/3181/2604 3190/3169/2594 3189/3168/2593
f 3203/3182/2605 3191/3170/2595 3190/3169/2594
f 3204/3183/2606 3192/3172/2597 3191/3170/2595
f 3206/3184/2607 3192/3172/2597 3205/3185/2608
f 3207/3186/2609 3193/3171/2596 3206/3184/2607
f 3208/3187/2610 3194/3173/2598 3207/3186/2609
f 3209/3188/2544 3105/3088/2544 3196/3175/2544
f 3210/3189/2522 3197/3176/2522 3104/3088/2522
f 3212/3190/2611 3198/3178/2601 3211/3191/2612
f 3213/3192/2613 3199/3177/2600 3212/3190/2611
f 3213/3192/2613 3201/3180/2603 3200/3179/2602
f 3214/3193/2614 3202/3181/2604 3201/3180/2603
f 3215/3194/2615 3203/3182/2605 3202/3181/2604
f 3216/3195/2616 3204/3183/2606 3203/3182/2605
f 3217/3196/2617 3205/3185/2608 3204/3183/2606
f 3219/3197/2618 3205/3185/2608 3218/3198/2619
f 3220/3199/2620 3206/3184/2607 3219/3197/2618
f 3221/3200/2621 3207/3186/2609 3220/3199/2620
f 3222/3201/2544 3105/3088/2544 3209/3188/2544
f 3223/3202/2522 3210/3189/2522 3104/3088/2522
f 3225/3203/2622 3211/3191/2612 3224/3204/2623
f 3226/3205/2624 3212/3190/2611 3225/3203/2622
f 3226/3205/2624 3214/3193/2614 3213/3192/2613
f 3227/3206/2625 3215/3194/2615 3214/3193/2614
f 3228/3207/2626 3216/3195/2616 3215/3194/2615
f 3229/3208/2627 3217/3196/2617 3216/3195/2616
f 3230/3209/2628 3218/3198/2619 3217/3196/2617
f 3232/3210/2629 3218/3198/2619 3231/3211/2630
f 3233/3212/2631 3219/3197/2618 3232/3210/2629
f 3234/3213/2632 3220/3199/2620 3233/3212/2631
f 3235/3202/2544 3105/3088/2544 3222/3201/2544
f 3236/3201/2522 3223/3202/2522 3104/3088/2522
f 3238/3214/2633 3224/3204/2623 3237/3215/2634
f 3239/3216/2635 3225/3203/2622 3238/3214/2633
f 3239/3216/2635 3227/3206/2625 3226/3205/2624
f 3240/3217/2636 3228/3207/2626 3227/3206/2625
f 3241/3218/2637 3229/3208/2627 3228/3207/2626
f 3242/3219/2638 3230/3209/2628 3229/3208/2627
f 3243/3220/2639 3231/3211/2630 3230/3209/2628
f 3245/3221/2640 3231/3211/2630 3244/3222/2641
f 3246/3223/2642 3232/3210/2629 3245/3221/2640
f 3247/3224/2643 3233/3212/2631 3246/3223/2642
f 3248/3189/2544 3105/3088/2544 3235/3202/2544
f 3249/3188/2522 3236/3201/2522 3104/3088/2522
f 3251/3225/2644 3237/3215/2634 3250/3226/2645
f 3252/3227/2646 3238/3214/2633 3251/3225/2644
f 3252/3227/2646 3240/3217/2636 3239/3216/2635
f 3253/3228/2647 3241/3218/2637 3240/3217/2636
f 3254/3229/2648 3242/3219/2638 3241/3218/2637
f 3255/3230/2649 3243/3220/2639 3242/3219/2638
f 3256/3231/2650 3244/3222/2641 3243/3220/2639
f 3258/3232/2651 3244/3222/2641 3257/3233/2652
f 3259/3234/2653 3245/3221/2640 3258/3232/2651
f 3260/3235/2654 3246/3223/2642 3259/3234/2653
f 3261/3176/2544 3105/3088/2544 3248/3189/2544
f 3262/3175/2522 3249/3188/2522 3104/3088/2522
f 3264/3236/2655 3250/3226/2645 3263/3237/2656
f 3265/3238/2657 3251/3225/2644 3264/3236/2655
f 3265/3238/2657 3253/3228/2647 3252/3227/2646
f 3266/3239/2658 3254/3229/2648 3253/3228/2647
f 3267/3240/2659 3255/3230/2649 3254/3229/2648
f 3268/3241/2660 3256/3231/2650 3255/3230/2649
f 3269/3242/2661 3257/3233/2652 3256/3231/2650
f 3271/3243/2662 3257/3233/2652 3270/3244/2663
f 3272/3245/2664 3258/3232/2651 3271/3243/2662
f 3273/3246/2665 3259/3234/2653 3272/3245/2664
f 3274/3163/2544 3105/3088/2544 3261/3176/2544
f 3275/3162/2522 3262/3175/2522 3104/3088/2522
f 3277/3247/2666 3263/3237/2656 3276/3248/2667
f 3278/3249/2668 3264/3236/2655 3277/3247/2666
f 3278/3249/2668 3266/3239/2658 3265/3238/2657
f 3279/3250/2669 3267/3240/2659 3266/3239/2658
f 3280/3251/2670 3268/3241/2660 3267/3240/2659
f 3281/3252/2671 3269/3242/2661 3268/3241/2660
f 3282/3253/2672 3270/3244/2663 3269/3242/2661
f 3284/3254/2673 3270/3244/2663 3283/3255/2674
f 3285/3256/2675 3271/3243/2662 3284/3254/2673
f 3286/3257/2676 3272/3245/2664 3285/3256/2675
f 3287/3150/2544 3105/3088/2544 3274/3163/2544
f 3288/3149/2522 3275/3162/2522 3104/3088/2522
f 3290/3258/2677 3276/3248/2667 3289/3259/2678
f 3291/3260/2679 3277/3247/2666 3290/3258/2677
f 3291/3260/2679 3279/3250/2669 3278/3249/2668
f 3292/3261/2680 3280/3251/2670 3279/3250/2669
f 3293/3262/2681 3281/3252/2671 3280/3251/2670
f 3294/3263/2682 3282/3253/2672 3281/3252/2671
f 3295/3264/2683 3283/3255/2674 3282/3253/2672
f 3297/3265/2684 3283/3255/2674 3296/3266/2685
f 3298/3267/2686 3284/3254/2673 3297/3265/2684
f 3299/3268/2687 3285/3256/2675 3298/3267/2686
f 3300/3137/2544 3105/3088/2544 3287/3150/2544
f 3301/3136/2522 3288/3149/2522 3104/3088/2522
f 3303/3269/2688 3289/3259/2678 3302/3270/2689
f 3304/3271/2690 3290/3258/2677 3303/3269/2688
f 3304/3271/2690 3292/3261/2680 3291/3260/2679
f 3305/3272/2691 3293/3262/2681 3292/3261/2680
f 3306/3273/2692 3294/3263/2682 3293/3262/2681
f 3307/3274/2693 3295/3264/2683 3294/3263/2682
f 3308/3275/2694 3296/3266/2685 3295/3264/2683
f 3310/3276/2695 3296/3266/2685 3309/3277/2696
f 3311/3278/2697 3297/3265/2684 3310/3276/2695
f 3312/3279/2698 3298/3267/2686 3311/3278/2697
f 3313/3124/2544 3105/3088/2544 3300/3137/2544
f 3314/3123/2522 3301/3136/2522 3104/3088/2522
f 3316/3280/2699 3302/3270/2689 3315/3281/2700
f 3317/3282/2701 3303/3269/2688 3316/3280/2699
f 3317/3282/2701 3305/3272/2691 3304/3271/2690
f 3318/3283/2702 3306/3273/2692 3305/3272/2691
f 3319/3284/2703 3307/3274/2693 3306/3273/2692
f 3320/3285/2704 3308/3275/2694 3307/3274/2693
f 3321/3286/2705 3309/3277/2696 3308/3275/2694
f 3323/3287/2706 3309/3277/2696 3322/3288/2707
f 3324/3289/2708 3310/3276/2695 3323/3287/2706
f 3325/3290/2709 3311/3278/2697 3324/3289/2708
f 3326/3111/2544 3105/3088/2544 3313/3124/2544
f 3327/3109/2522 3314/3123/2522 3104/3088/2522
f 3329/3291/2710 3315/3281/2700 3328/3292/2711
f 3330/3293/2712 3316/3280/2699 3329/3291/2710
f 3330/3293/2712 3318/3283/2702 3317/3282/2701
f 3331/3294/2713 3319/3284/2703 3318/3283/2702
f 3332/3295/2714 3320/3285/2704 3319/3284/2703
f 3333/3296/2715 3321/3286/2705 3320/3285/2704
f 3335/3297/2716 3321/3286/2705 3334/3298/2717
f 3335/3297/2716 3323/3287/2706 3322/3288/2707
f 3336/3299/2718 3324/3289/2708 3323/3287/2706
f 3337/3300/2719 3325/3290/2709 3324/3289/2708
f 3339/3086/2544 3105/3088/2544 3326/3111/2544
f 3340/3110/2522 3327/3109/2522 3104/3088/2522
f 3342/3301/2720 3328/3292/2711 3341/3302/2721
f 3343/3303/2722 3329/3291/2710 3342/3301/2720
f 3343/3303/2722 3331/3294/2713 3330/3293/2712
f 3344/3304/2723 3332/3295/2714 3331/3294/2713
f 3345/3305/2724 3333/3296/2715 3332/3295/2714
f 3347/3306/2725 3333/3296/2715 3346/3088/2726
f 3348/3307/2727 3334/3298/2717 3347/3306/2725
f 3348/3307/2727 3336/3299/2718 3335/3297/2716
f 3349/3308/2728 3337/3300/2719 3336/3299/2718
f 3350/3309/2729 3338/3310/2730 3337/3300/2719
f 3352/3087/2544 3105/3088/2544 3339/3086/2544
f 3353/3311/2522 3340/3110/2522 3104/3088/2522
f 3354/3312/2731 3342/3301/2720 3341/3302/2721
f 3355/3313/2732 3343/3303/2722 3342/3301/2720
f 3357/3314/2733 3343/3303/2722 3356/3315/2734
f 3358/3316/2735 3344/3304/2723 3357/3314/2733
f 3359/3317/2736 3345/3305/2724 3358/3316/2735
f 3360/3318/2737 3346/3088/2726 3359/3317/2736
f 3361/3319/2738 3347/3306/2725 3360/3318/2737
f 3361/3319/2738 3349/3308/2728 3348/3307/2727
f 3362/3320/2739 3350/3309/2729 3349/3308/2728
f 3363/3321/2740 3351/3202/2741 3350/3309/2729
f 3365/3322/2544 3105/3088/2544 3352/3087/2544
f 3366/3323/2522 3353/3311/2522 3104/3088/2522
f 3367/3324/2742 3355/3313/2732 3354/3312/2731
f 3368/3325/2743 3356/3315/2734 3355/3313/2732
f 3370/3326/2744 3356/3315/2734 3369/3327/2745
f 3371/3328/2746 3357/3314/2733 3370/3326/2744
f 3372/3329/2747 3358/3316/2735 3371/3328/2746
f 3373/3330/2748 3359/3317/2736 3372/3329/2747
f 3374/3331/2749 3360/3318/2737 3373/3330/2748
f 3374/3331/2749 3362/3320/2739 3361/3319/2738
f 3375/3332/2750 3363/3321/2740 3362/3320/2739
f 3376/3333/2751 3364/3334/2752 3363/3321/2740
f 3378/3335/2544 3105/3088/2544 3365/3322/2544
f 3379/3336/2522 3366/3323/2522 3104/3088/2522
f 3380/3337/2753 3368/3325/2743 3367/3324/2742
f 3381/3338/2754 3369/3327/2745 3368/3325/2743
f 3383/3339/2755 3369/3327/2745 3382/3340/2756
f 3384/3341/2757 3370/3326/2744 3383/3339/2755
f 3385/3342/2758 3371/3328/2746 3384/3341/2757
f 3386/3343/2759 3372/3329/2747 3385/3342/2758
f 3387/3344/2760 3373/3330/2748 3386/3343/2759
f 3387/3344/2760 3375/3332/2750 3374/3331/2749
f 3388/3345/2761 3376/3333/2751 3375/3332/2750
f 3389/3346/2762 3377/3347/2763 3376/3333/2751
f 3391/3348/2544 3105/3088/2544 3378/3335/2544
f 3392/3349/2522 3379/3336/2522 3104/3088/2522
f 3393/3350/2764 3381/3338/2754 3380/3337/2753
f 3394/3351/2765 3382/3340/2756 3381/3338/2754
f 3396/3352/2766 3382/3340/2756 3395/3353/2767
f 3397/3354/2768 3383/3339/2755 3396/3352/2766
f 3398/3355/2769 3384/3341/2757 3397/3354/2768
f 3399/3356/2770 3385/3342/2758 3398/3355/2769
f 3400/3357/2771 3386/3343/2759 3399/3356/2770
f 3400/3357/2771 3388/3345/2761 3387/3344/2760
f 3401/3358/2772 3389/3346/2762 3388/3345/2761
f 3402/3359/2773 3390/3360/2774 3389/3346/2762
f 3404/3361/2544 3105/3088/2544 3391/3348/2544
f 3405/3362/2522 3392/3349/2522 3104/3088/2522
f 3406/3363/2775 3394/3351/2765 3393/3350/2764
f 3407/3364/2776 3395/3353/2767 3394/3351/2765
f 3409/3365/2777 3395/3353/2767 3408/3366/2778
f 3410/3367/2779 3396/3352/2766 3409/3365/2777
f 3411/3368/2780 3397/3354/2768 3410/3367/2779
f 3412/3369/2781 3398/3355/2769 3411/3368/2780
f 3413/3370/2782 3399/3356/2770 3412/3369/2781
f 3413/3370/2782 3401/3358/2772 3400/3357/2771
f 3414/3371/2783 3402/3359/2773 3401/3358/2772
f 3415/3372/2784 3403/3373/2785 3402/3359/2773
f 3417/3374/2544 3105/3088/2544 3404/3361/2544
f 3418/3375/2522 3405/3362/2522 3104/3088/2522
f 3419/3376/2786 3407/3364/2776 3406/3363/2775
f 3420/3377/2787 3408/3366/2778 3407/3364/2776
f 3422/3378/2788 3408/3366/2778 3421/3379/2789
f 3423/3380/2790 3409/3365/2777 3422/3378/2788
f 3424/3381/2791 3410/3367/2779 3423/3380/2790
f 3425/3382/2792 3411/3368/2780 3424/3381/2791
f 3426/3383/2793 3412/3369/2781 3425/3382/2792
f 3426/3383/2793 3414/3371/2783 3413/3370/2782
f 3427/3384/2794 3415/3372/2784 3414/3371/2783
f 3428/3385/2795 3416/3386/2796 3415/3372/2784
f 3430/3387/2544 3105/3088/2544 3417/3374/2544
f 3431/3388/2522 3418/3375/2522 3104/3088/2522
f 3432/3389/2797 3420/3377/2787 3419/3376/2786
f 3433/3390/2798 3421/3379/2789 3420/3377/2787
f 3435/3391/2799 3421/3379/2789 3434/3392/2800
f 3436/3393/2801 3422/3378/2788 3435/3391/2799
f 3437/3394/2802 3423/3380/2790 3436/3393/2801
f 3438/3395/2803 3424/3381/2791 3437/3394/2802
f 3439/3396/2804 3425/3382/2792 3438/3395/2803
f 3439/3396/2804 3427/3384/2794 3426/3383/2793
f 3440/3397/2805 3428/3385/2795 3427/3384/2794
f 3441/3398/2806 3429/3399/2807 3428/3385/2795
f 3443/3400/2544 3105/3088/2544 3430/3387/2544
f 3444/3401/2522 3431/3388/2522 3104/3088/2522
f 3445/3402/2808 3433/3390/2798 3432/3389/2797
f 3446/3403/2809 3434/3392/2800 3433/3390/2798
f 3448/3404/2810 3434/3392/2800 3447/3405/2811
f 3449/3406/2812 3435/3391/2799 3448/3404/2810
f 3450/3407/2813 3436/3393/2801 3449/3406/2812
f 3451/3408/2814 3437/3394/2802 3450/3407/2813
f 3452/3409/2815 3438/3395/2803 3451/3408/2814
f 3452/3409/2815 3440/3397/2805 3439/3396/2804
f 3453/3410/2816 3441/3398/2806 3440/3397/2805
f 3454/3411/2817 3442/3412/2818 3441/3398/2806
f 3456/3413/2544 3105/3088/2544 3443/3400/2544
f 3457/3302/2522 3444/3401/2522 3104/3088/2522
f 3458/3414/2819 3446/3403/2809 3445/3402/2808
f 3459/3415/2820 3447/3405/2811 3446/3403/2809
f 3461/3416/2821 3447/3405/2811 3460/3417/2822
f 3462/3418/2823 3448/3404/2810 3461/3416/2821
f 3463/3419/2824 3449/3406/2812 3462/3418/2823
f 3464/3420/2825 3450/3407/2813 3463/3419/2824
f 3465/3421/2826 3451/3408/2814 3464/3420/2825
f 3465/3421/2826 3453/3410/2816 3452/3409/2815
f 3466/3422/2827 3454/3411/2817 3453/3410/2816
f 3467/3423/2828 3455/3424/2829 3454/3411/2817
f 3469/3302/2544 3105/3088/2544 3456/3413/2544
f 3470/3413/2522 3457/3302/2522 3104/3088/2522
f 3471/3425/2830 3459/3415/2820 3458/3414/2819
f 3472/3426/2831 3460/3417/2822 3459/3415/2820
f 3474/3427/2832 3460/3417/2822 3473/3428/2833
f 3475/3429/2834 3461/3416/2821 3474/3427/2832
f 3476/3430/2835 3462/3418/2823 3475/3429/2834
f 3477/3431/2836 3463/3419/2824 3476/3430/2835
f 3478/3432/2837 3464/3420/2825 3477/3431/2836
f 3478/3432/2837 3466/3422/2827 3465/3421/2826
f 3479/3433/2838 3467/3423/2828 3466/3422/2827
f 3480/3434/2839 3468/3435/2840 3467/3423/2828
f 3482/3401/2544 3105/3088/2544 3469/3302/2544
f 3483/3400/2522 3470/3413/2522 3104/3088/2522
f 3484/3436/2841 3472/3426/2831 3471/3425/2830
f 3485/3437/2842 3473/3428/2833 3472/3426/2831
f 3487/3438/2843 3473/3428/2833 3486/3439/2844
f 3488/3440/2845 3474/3427/2832 3487/3438/2843
f 3489/3441/2846 3475/3429/2834 3488/3440/2845
f 3490/3442/2847 3476/3430/2835 3489/3441/2846
f 3491/3443/2848 3477/3431/2836 3490/3442/2847
f 3491/3443/2848 3479/3433/2838 3478/3432/2837
f 3492/3444/2849 3480/3434/2839 3479/3433/2838
f 3493/3445/2850 3481/3446/2851 3480/3434/2839
f 3495/3388/2544 3105/3088/2544 3482/3401/2544
f 3496/3387/2522 3483/3400/2522 3104/3088/2522
f 3497/3447/2852 3485/3437/2842 3484/3436/2841
f 3498/3448/2853 3486/3439/2844 3485/3437/2842
f 3500/3449/2854 3486/3439/2844 3499/3450/2855
f 3501/3451/2856 3487/3438/2843 3500/3449/2854
f 3502/3452/2857 3488/3440/2845 3501/3451/2856
f 3503/3453/2858 3489/3441/2846 3502/3452/2857
f 3504/3454/2859 3490/3442/2847 3503/3453/2858
f 3504/3454/2859 3492/3444/2849 3491/3443/2848
f 3505/3455/2860 3493/3445/2850 3492/3444/2849
f 3506/3456/2861 3494/3457/2862 3493/3445/2850
f 3508/3375/2544 3105/3088/2544 3495/3388/2544
f 3509/3374/2522 3496/3387/2522 3104/3088/2522
f 3510/3458/2863 3498/3448/2853 3497/3447/2852
f 3511/3459/2864 3499/3450/2855 3498/3448/2853
f 3513/3460/2865 3499/3450/2855 3512/3461/2866
f 3514/3462/2867 3500/3449/2854 3513/3460/2865
f 3515/3463/2868 3501/3451/2856 3514/3462/2867
f 3516/3464/2869 3502/3452/2857 3515/3463/2868
f 3517/3465/2870 3503/3453/2858 3516/3464/2869
f 3517/3465/2870 3505/3455/2860 3504/3454/2859
f 3518/3466/2871 3506/3456/2861 3505/3455/2860
f 3519/3467/2872 3507/3468/2873 3506/3456/2861
f 3521/3362/2544 3105/3088/2544 3508/3375/2544
f 3522/3361/2522 3509/3374/2522 3104/3088/2522
f 3523/3469/2874 3511/3459/2864 3510/3458/2863
f 3524/3470/2875 3512/3461/2866 3511/3459/2864
f 3526/3471/2876 3512/3461/2866 3525/3472/2877
f 3527/3473/2878 3513/3460/2865 3526/3471/2876
f 3528/3474/2879 3514/3462/2867 3527/3473/2878
f 3529/3475/2880 3515/3463/2868 3528/3474/2879
f 3530/3476/2881 3516/3464/2869 3529/3475/2880
f 3530/3476/2881 3518/3466/2871 3517/3465/2870
f 3531/3477/2882 3519/3467/2872 3518/3466/2871
f 3532/3478/2883 3520/3479/2884 3519/3467/2872
f 3534/3349/2544 3105/3088/2544 3521/3362/2544
f 3535/3348/2522 3522/3361/2522 3104/3088/2522
f 3536/3480/2885 3524/3470/2875 3523/3469/2874
f 3537/3481/2886 3525/3472/2877 3524/3470/2875
f 3539/3482/2887 3525/3472/2877 3538/3483/2888
f 3540/3484/2889 3526/3471/2876 3539/3482/2887
f 3541/3485/2890 3527/3473/2878 3540/3484/2889
f 3542/3486/2891 3528/3474/2879 3541/3485/2890
f 3543/3487/2892 3529/3475/2880 3542/3486/2891
f 3543/3487/2892 3531/3477/2882 3530/3476/2881
f 3544/3488/2893 3532/3478/2883 3531/3477/2882
f 3545/3489/2894 3533/3490/2895 3532/3478/2883
f 3547/3336/2544 3105/3088/2544 3534/3349/2544
f 3548/3335/2522 3535/3348/2522 3104/3088/2522
f 3549/3491/2896 3537/3481/2886 3536/3480/2885
f 3550/3492/2897 3538/3483/2888 3537/3481/2886
f 3552/3493/2898 3538/3483/2888 3551/3494/2899
f 3553/3495/2900 3539/3482/2887 3552/3493/2898
f 3554/3496/2901 3540/3484/2889 3553/3495/2900
f 3555/3497/2902 3541/3485/2890 3554/3496/2901
f 3556/3498/2903 3542/3486/2891 3555/3497/2902
f 3556/3498/2903 3544/3488/2893 3543/3487/2892
f 3557/3499/2904 3545/3489/2894 3544/3488/2893
f 3558/3500/2905 3546/3501/2906 3545/3489/2894
f 3560/3323/2544 3105/3088/2544 3547/3336/2544
f 3561/3322/2522 3548/3335/2522 3104/3088/2522
f 3562/3502/2907 3550/3492/2897 3549/3491/2896
f 3563/3503/2908 3551/3494/2899 3550/3492/2897
f 3565/3504/2909 3551/3494/2899 3564/3505/2910
f 3566/3506/2911 3552/3493/2898 3565/3504/2909
f 3567/3507/2912 3553/3495/2900 3566/3506/2911
f 3568/3508/2913 3554/3496/2901 3567/3507/2912
f 3568/3508/2913 3556/3498/2903 3555/3497/2902
f 3570/3509/2914 3556/3498/2903 3569/3510/2915
f 3571/3511/2916 3557/3499/2904 3570/3509/2914
f 3572/3512/2917 3558/3500/2905 3571/3511/2916
f 3573/3311/2544 3105/3088/2544 3560/3323/2544
f 3106/3087/2522 3561/3322/2522 3104/3088/2522
f 3107/3513/2524 3563/3503/2908 3562/3502/2907
f 3108/3514/2527 3564/3505/2910 3563/3503/2908
f 3110/3515/2528 3564/3505/2910 3109/3516/2529
f 3111/3517/2531 3565/3504/2909 3110/3515/2528
f 3112/3110/2533 3566/3506/2911 3111/3517/2531
f 3112/3110/2533 3568/3508/2913 3567/3507/2912
f 3113/3518/2535 3569/3510/2915 3568/3508/2913
f 3115/3519/2541 3569/3510/2915 3114/3520/2537
f 3116/3521/2543 3570/3509/2914 3115/3519/2541
f 3117/3522/2918 3571/3511/2916 3116/3521/2543
f 3118/3110/2544 3105/3088/2544 3573/3311/2544
f 3121/3089/2523 3108/3093/2527 3107/3090/2524
f 3122/3092/2526 3109/3095/2529 3108/3093/2527
f 3122/3092/2526 3123/3096/2530 3110/3094/2528
f 3123/3096/2530 3124/3098/2532 3111/3097/2531
f 3124/3098/2532 3125/3099/2534 3112/3087/2533
f 3125/3099/2534 3126/3101/2536 3113/3100/2535
f 3126/3101/2536 3127/3104/2539 3114/3102/2537
f 3128/3103/2538 3115/3106/2541 3114/3102/2537
f 3129/3105/2540 3116/3108/2543 3115/3106/2541
f 3130/3107/2542 3117/3523/2918 3116/3108/2543
f 3134/3112/2545 3121/3089/2523 3120/3091/2525
f 3135/3114/2547 3122/3092/2526 3121/3089/2523
f 3135/3114/2547 3136/3115/2548 3123/3096/2530
f 3136/3115/2548 3137/3116/2549 3124/3098/2532
f 3137/3116/2549 3138/3117/2550 3125/3099/2534
f 3138/3117/2550 3139/3118/2551 3126/3101/2536
f 3139/3118/2551 3140/3120/2553 3127/3104/2539
f 3141/3119/2552 3128/3103/2538 3127/3104/2539
f 3142/3121/2554 3129/3105/2540 3128/3103/2538
f 3143/3122/2555 3130/3107/2542 3129/3105/2540
f 3147/3125/2556 3134/3112/2545 3133/3113/2546
f 3148/3127/2558 3135/3114/2547 3134/3112/2545
f 3148/3127/2558 3149/3128/2559 3136/3115/2548
f 3149/3128/2559 3150/3129/2560 3137/3116/2549
f 3150/3129/2560 3151/3130/2561 3138/3117/2550
f 3151/3130/2561 3152/3131/2562 3139/3118/2551
f 3152/3131/2562 3153/3133/2564 3140/3120/2553
f 3154/3132/2563 3141/3119/2552 3140/3120/2553
f 3155/3134/2565 3142/3121/2554 3141/3119/2552
f 3156/3135/2566 3143/3122/2555 3142/3121/2554
f 3160/3138/2567 3147/3125/2556 3146/3126/2557
f 3161/3140/2569 3148/3127/2558 3147/3125/2556
f 3161/3140/2569 3162/3141/2570 3149/3128/2559
f 3162/3141/2570 3163/3142/2571 3150/3129/2560
f 3163/3142/2571 3164/3143/2572 3151/3130/2561
f 3164/3143/2572 3165/3144/2573 3152/3131/2562
f 3165/3144/2573 3166/3146/2575 3153/3133/2564
f 3167/3145/2574 3154/3132/2563 3153/3133/2564
f 3168/3147/2576 3155/3134/2565 3154/3132/2563
f 3169/3148/2577 3156/3135/2566 3155/3134/2565
f 3173/3151/2578 3160/3138/2567 3159/3139/2568
f 3174/3153/2580 3161/3140/2569 3160/3138/2567
f 3174/3153/2580 3175/3154/2581 3162/3141/2570
f 3175/3154/2581 3176/3155/2582 3163/3142/2571
f 3176/3155/2582 3177/3156/2583 3164/3143/2572
f 3177/3156/2583 3178/3157/2584 3165/3144/2573
f 3178/3157/2584 3179/3159/2586 3166/3146/2575
f 3180/3158/2585 3167/3145/2574 3166/3146/2575
f 3181/3160/2587 3168/3147/2576 3167/3145/2574
f 3182/3161/2588 3169/3148/2577 3168/3147/2576
f 3186/3164/2589 3173/3151/2578 3172/3152/2579
f 3187/3166/2591 3174/3153/2580 3173/3151/2578
f 3187/3166/2591 3188/3167/2592 3175/3154/2581
f 3188/3167/2592 3189/3168/2593 3176/3155/2582
f 3189/3168/2593 3190/3169/2594 3177/3156/2583
f 3190/3169/2594 3191/3170/2595 3178/3157/2584
f 3191/3170/2595 3192/3172/2597 3179/3159/2586
f 3193/3171/2596 3180/3158/2585 3179/3159/2586
f 3194/3173/2598 3181/3160/2587 3180/3158/2585
f 3195/3174/2599 3182/3161/2588 3181/3160/2587
f 3199/3177/2600 3186/3164/2589 3185/3165/2590
f 3200/3179/2602 3187/3166/2591 3186/3164/2589
f 3200/3179/2602 3201/3180/2603 3188/3167/2592
f 3201/3180/2603 3202/3181/2604 3189/3168/2593
f 3202/3181/2604 3203/3182/2605 3190/3169/2594
f 3203/3182/2605 3204/3183/2606 3191/3170/2595
f 3204/3183/2606 3205/3185/2608 3192/3172/2597
f 3206/3184/2607 3193/3171/2596 3192/3172/2597
f 3207/3186/2609 3194/3173/2598 3193/3171/2596
f 3208/3187/2610 3195/3174/2599 3194/3173/2598
f 3212/3190/2611 3199/3177/2600 3198/3178/2601
f 3213/3192/2613 3200/3179/2602 3199/3177/2600
f 3213/3192/2613 3214/3193/2614 3201/3180/2603
f 3214/3193/2614 3215/3194/2615 3202/3181/2604
f 3215/3194/2615 3216/3195/2616 3203/3182/2605
f 3216/3195/2616 3217/3196/2617 3204/3183/2606
f 3217/3196/2617 3218/3198/2619 3205/3185/2608
f 3219/3197/2618 3206/3184/2607 3205/3185/2608
f 3220/3199/2620 3207/3186/2609 3206/3184/2607
f 3221/3200/2621 3208/3187/2610 3207/3186/2609
f 3225/3203/2622 3212/3190/2611 3211/3191/2612
f 3226/3205/2624 3213/3192/2613 3212/3190/2611
f 3226/3205/2624 3227/3206/2625 3214/3193/2614
f 3227/3206/2625 3228/3207/2626 3215/3194/2615
f 3228/3207/2626 3229/3208/2627 3216/3195/2616
f 3229/3208/2627 3230/3209/2628 3217/3196/2617
f 3230/3209/2628 3231/3211/2630 3218/3198/2619
f 3232/3210/2629 3219/3197/2618 3218/3198/2619
f 3233/3212/2631 3220/3199/2620 3219/3197/2618
f 3234/3213/2632 3221/3200/2621 3220/3199/2620
f 3238/3214/2633 3225/3203/2622 3224/3204/2623
f 3239/3216/2635 3226/3205/2624 3225/3203/2622
f 3239/3216/2635 3240/3217/2636 3227/3206/2625
f 3240/3217/2636 3241/3218/2637 3228/3207/2626
f 3241/3218/2637 3242/3219/2638 3229/3208/2627
f 3242/3219/2638 3243/3220/2639 3230/3209/2628
f 3243/3220/2639 3244/3222/2641 3231/3211/2630
f 3245/3221/2640 3232/3210/2629 3231/3211/2630
f 3246/3223/2642 3233/3212/2631 3232/3210/2629
f 3247/3224/2643 3234/3213/2632 3233/3212/2631
f 3251/3225/2644 3238/3214/2633 3237/3215/2634
f 3252/3227/2646 3239/3216/2635 3238/3214/2633
f 3252/3227/2646 3253/3228/2647 3240/3217/2636
f 3253/3228/2647 3254/3229/2648 3241/3218/2637
f 3254/3229/2648 3255/3230/2649 3242/3219/2638
f 3255/3230/2649 3256/3231/2650 3243/3220/2639
f 3256/3231/2650 3257/3233/2652 3244/3222/2641
f 3258/3232/2651 3245/3221/2640 3244/3222/2641
f 3259/3234/2653 3246/3223/2642 3245/3221/2640
f 3260/3235/2654 3247/3224/2643 3246/3223/2642
f 3264/3236/2655 3251/3225/2644 3250/3226/2645
f 3265/3238/2657 3252/3227/2646 3251/3225/2644
f 3265/3238/2657 3266/3239/2658 3253/3228/2647
f 3266/3239/2658 3267/3240/2659 3254/3229/2648
f 3267/3240/2659 3268/3241/2660 3255/3230/2649
f 3268/3241/2660 3269/3242/2661 3256/3231/2650
f 3269/3242/2661 3270/3244/2663 3257/3233/2652
f 3271/3243/2662 3258/3232/2651 3257/3233/2652
f 3272/3245/2664 3259/3234/2653 3258/3232/2651
f 3273/3246/2665 3260/3235/2654 3259/3234/2653
f 3277/3247/2666 3264/3236/2655 3263/3237/2656
f 3278/3249/2668 3265/3238/2657 3264/3236/2655
f 3278/3249/2668 3279/3250/2669 3266/3239/2658
f 3279/3250/2669 3280/3251/2670 3267/3240/2659
f 3280/3251/2670 3281/3252/2671 3268/3241/2660
f 3281/3252/2671 3282/3253/2672 3269/3242/2661
f 3282/3253/2672 3283/3255/2674 3270/3244/2663
f 3284/3254/2673 3271/3243/2662 3270/3244/2663
f 3285/3256/2675 3272/3245/2664 3271/3243/2662
f 3286/3257/2676 3273/3246/2665 3272/3245/2664
f 3290/3258/2677 3277/3247/2666 3276/3248/2667
f 3291/3260/2679 3278/3249/2668 3277/3247/2666
f 3291/3260/2679 3292/3261/2680 3279/3250/2669
f 3292/3261/2680 3293/3262/2681 3280/3251/2670
f 3293/3262/2681 3294/3263/2682 3281/3252/2671
f 3294/3263/2682 3295/3264/2683 3282/3253/2672
f 3295/3264/2683 3296/3266/2685 3283/3255/2674
f 3297/3265/2684 3284/3254/2673 3283/3255/2674
f 3298/3267/2686 3285/3256/2675 3284/3254/2673
f 3299/3268/2687 3286/3257/2676 3285/3256/2675
f 3303/3269/2688 3290/3258/2677 3289/3259/2678
f 3304/3271/2690 3291/3260/2679 3290/3258/2677
f 3304/3271/2690 3305/3272/2691 3292/3261/2680
f 3305/3272/2691 3306/3273/2692 3293/3262/2681
f 3306/3273/2692 3307/3274/2693 3294/3263/2682
f 3307/3274/2693 3308/3275/2694 3295/3264/2683
f 3308/3275/2694 3309/3277/2696 3296/3266/2685
f 3310/3276/2695 3297/3265/2684 3296/3266/2685
f 3311/3278/2697 3298/3267/2686 3297/3265/2684
f 3312/3279/2698 3299/3268/2687 3298/3267/2686
f 3316/3280/2699 3303/3269/2688 3302/3270/2689
f 3317/3282/2701 3304/3271/2690 3303/3269/2688
f 3317/3282/2701 3318/3283/2702 3305/3272/2691
f 3318/3283/2702 3319/3284/2703 3306/3273/2692
f 3319/3284/2703 3320/3285/2704 3307/3274/2693
f 3320/3285/2704 3321/3286/2705 3308/3275/2694
f 3321/3286/2705 3322/3288/2707 3309/3277/2696
f 3323/3287/2706 3310/3276/2695 3309/3277/2696
f 3324/3289/2708 3311/3278/2697 3310/3276/2695
f 3325/3290/2709 3312/3279/2698 3311/3278/2697
f 3329/3291/2710 3316/3280/2699 3315/3281/2700
f 3330/3293/2712 3317/3282/2701 3316/3280/2699
f 3330/3293/2712 3331/3294/2713 3318/3283/2702
f 3331/3294/2713 3332/3295/2714 3319/3284/2703
f 3332/3295/2714 3333/3296/2715 3320/3285/2704
f 3333/3296/2715 3334/3298/2717 3321/3286/2705
f 3335/3297/2716 3322/3288/2707 3321/3286/2705
f 3335/3297/2716 3336/3299/2718 3323/3287/2706
f 3336/3299/2718 3337/3300/2719 3324/3289/2708
f 3337/3300/2719 3338/3310/2730 3325/3290/2709
f 3342/3301/2720 3329/3291/2710 3328/3292/2711
f 3343/3303/2722 3330/3293/2712 3329/3291/2710
f 3343/3303/2722 3344/3304/2723 3331/3294/2713
f 3344/3304/2723 3345/3305/2724 3332/3295/2714
f 3345/3305/2724 3346/3088/2726 3333/3296/2715
f 3347/3306/2725 3334/3298/2717 3333/3296/2715
f 3348/3307/2727 3335/3297/2716 3334/3298/2717
f 3348/3307/2727 3349/3308/2728 3336/3299/2718
f 3349/3308/2728 3350/3309/2729 3337/3300/2719
f 3350/3309/2729 3351/3202/2741 3338/3310/2730
f 3354/3312/2731 3355/3313/2732 3342/3301/2720
f 3355/3313/2732 3356/3315/2734 3343/3303/2722
f 3357/3314/2733 3344/3304/2723 3343/3303/2722
f 3358/3316/2735 3345/3305/2724 3344/3304/2723
f 3359/3317/2736 3346/3088/2726 3345/3305/2724
f 3360/3318/2737 3347/3306/2725 3346/3088/2726
f 3361/3319/2738 3348/3307/2727 3347/3306/2725
f 3361/3319/2738 3362/3320/2739 3349/3308/2728
f 3362/3320/2739 3363/3321/2740 3350/3309/2729
f 3363/3321/2740 3364/3334/2752 3351/3202/2741
f 3367/3324/2742 3368/3325/2743 3355/3313/2732
f 3368/3325/2743 3369/3327/2745 3356/3315/2734
f 3370/3326/2744 3357/3314/2733 3356/3315/2734
f 3371/3328/2746 3358/3316/2735 3357/3314/2733
f 3372/3329/2747 3359/3317/2736 3358/3316/2735
f 3373/3330/2748 3360/3318/2737 3359/3317/2736
f 3374/3331/2749 3361/3319/2738 3360/3318/2737
f 3374/3331/2749 3375/3332/2750 3362/3320/2739
f 3375/3332/2750 3376/3333/2751 3363/3321/2740
f 3376/3333/2751 3377/3347/2763 3364/3334/2752
f 3380/3337/2753 3381/3338/2754 3368/3325/2743
f 3381/3338/2754 3382/3340/2756 3369/3327/2745
f 3383/3339/2755 3370/3326/2744 3369/3327/2745
f 3384/3341/2757 3371/3328/2746 3370/3326/2744
f 3385/3342/2758 3372/3329/2747 3371/3328/2746
f 3386/3343/2759 3373/3330/2748 3372/3329/2747
f 3387/3344/2760 3374/3331/2749 3373/3330/2748
f 3387/3344/2760 3388/3345/2761 3375/3332/2750
f 3388/3345/2761 3389/3346/2762 3376/3333/2751
f 3389/3346/2762 3390/3360/2774 3377/3347/2763
f 3393/3350/2764 3394/3351/2765 3381/3338/2754
f 3394/3351/2765 3395/3353/2767 3382/3340/2756
f 3396/3352/2766 3383/3339/2755 3382/3340/2756
f 3397/3354/2768 3384/3341/2757 3383/3339/2755
f 3398/3355/2769 3385/3342/2758 3384/3341/2757
f 3399/3356/2770 3386/3343/2759 3385/3342/2758
f 3400/3357/2771 3387/3344/2760 3386/3343/2759
f 3400/3357/2771 3401/3358/2772 3388/3345/2761
f 3401/3358/2772 3402/3359/2773 3389/3346/2762
f 3402/3359/2773 3403/3373/2785 3390/3360/2774
f 3406/3363/2775 3407/3364/2776 3394/3351/2765
f 3407/3364/2776 3408/3366/2778 3395/3353/2767
f 3409/3365/2777 3396/3352/2766 3395/3353/2767
f 3410/3367/2779 3397/3354/2768 3396/3352/2766
f 3411/3368/2780 3398/3355/2769 3397/3354/2768
f 3412/3369/2781 3399/3356/2770 3398/3355/2769
f 3413/3370/2782 3400/3357/2771 3399/3356/2770
f 3413/3370/2782 3414/3371/2783 3401/3358/2772
f 3414/3371/2783 3415/3372/2784 3402/3359/2773
f 3415/3372/2784 3416/3386/2796 3403/3373/2785
f 3419/3376/2786 3420/3377/2787 3407/3364/2776
f 3420/3377/2787 3421/3379/2789 3408/3366/2778
f 3422/3378/2788 3409/3365/2777 3408/3366/2778
f 3423/3380/2790 3410/3367/2779 3409/3365/2777
f 3424/3381/2791 3411/3368/2780 3410/3367/2779
f 3425/3382/2792 3412/3369/2781 3411/3368/2780
f 3426/3383/2793 3413/3370/2782 3412/3369/2781
f 3426/3383/2793 3427/3384/2794 3414/3371/2783
f 3427/3384/2794 3428/3385/2795 3415/3372/2784
f 3428/3385/2795 3429/3399/2807 3416/3386/2796
f 3432/3389/2797 3433/3390/2798 3420/3377/2787
f 3433/3390/2798 3434/3392/2800 3421/3379/2789
f 3435/3391/2799 3422/3378/2788 3421/3379/2789
f 3436/3393/2801 3423/3380/2790 3422/3378/2788
f 3437/3394/2802 3424/3381/2791 3423/3380/2790
f 3438/3395/2803 3425/3382/2792 3424/3381/2791
f 3439/3396/2804 3426/3383/2793 3425/3382/2792
f 3439/3396/2804 3440/3397/2805 3427/3384/2794
f 3440/3397/2805 3441/3398/2806 3428/3385/2795
f 3441/3398/2806 3442/3412/2818 3429/3399/2807
f 3445/3402/2808 3446/3403/2809 3433/3390/2798
f 3446/3403/2809 3447/3405/2811 3434/3392/2800
f 3448/3404/2810 3435/3391/2799 3434/3392/2800
f 3449/3406/2812 3436/3393/2801 3435/3391/2799
f 3450/3407/2813 3437/3394/2802 3436/3393/2801
f 3451/3408/2814 3438/3395/2803 3437/3394/2802
f 3452/3409/2815 3439/3396/2804 3438/3395/2803
f 3452/3409/2815 3453/3410/2816 3440/3397/2805
f 3453/3410/2816 3454/3411/2817 3441/3398/2806
f 3454/3411/2817 3455/3424/2829 3442/3412/2818
f 3458/3414/2819 3459/3415/2820 3446/3403/2809
f 3459/3415/2820 3460/3417/2822 3447/3405/2811
f 3461/3416/2821 3448/3404/2810 3447/3405/2811
f 3462/3418/2823 3449/3406/2812 3448/3404/2810
f 3463/3419/2824 3450/3407/2813 3449/3406/2812
f 3464/3420/2825 3451/3408/2814 3450/3407/2813
f 3465/3421/2826 3452/3409/2815 3451/3408/2814
f 3465/3421/2826 3466/3422/2827 3453/3410/2816
f 3466/3422/2827 3467/3423/2828 3454/3411/2817
f 3467/3423/2828 3468/3435/2840 3455/3424/2829
f 3471/3425/2830 3472/3426/2831 3459/3415/2820
f 3472/3426/2831 3473/3428/2833 3460/3417/2822
f 3474/3427/2832 3461/3416/2821 3460/3417/2822
f 3475/3429/2834 3462/3418/2823 3461/3416/2821
f 3476/3430/2835 3463/3419/2824 3462/3418/2823
f 3477/3431/2836 3464/3420/2825 3463/3419/2824
f 3478/3432/2837 3465/3421/2826 3464/3420/2825
f 3478/3432/2837 3479/3433/2838 3466/3422/2827
f 3479/3433/2838 3480/3434/2839 3467/3423/2828
f 3480/3434/2839 3481/3446/2851 3468/3435/2840
f 3484/3436/2841 3485/3437/2842 3472/3426/2831
f 3485/3437/2842 3486/3439/2844 3473/3428/2833
f 3487/3438/2843 3474/3427/2832 3473/3428/2833
f 3488/3440/2845 3475/3429/2834 3474/3427/2832
f 3489/3441/2846 3476/3430/2835 3475/3429/2834
f 3490/3442/2847 3477/3431/2836 3476/3430/2835
f 3491/3443/2848 3478/3432/2837 3477/3431/2836
f 3491/3443/2848 3492/3444/2849 3479/3433/2838
f 3492/3444/2849 3493/3445/2850 3480/3434/2839
f 3493/3445/2850 3494/3457/2862 3481/3446/2851
f 3497/3447/2852 3498/3448/2853 3485/3437/2842
f 3498/3448/2853 3499/3450/2855 3486/3439/2844
f 3500/3449/2854 3487/3438/2843 3486/3439/2844
f 3501/3451/2856 3488/3440/2845 3487/3438/2843
f 3502/3452/2857 3489/3441/2846 3488/3440/2845
f 3503/3453/2858 3490/3442/2847 3489/3441/2846
f 3504/3454/2859 3491/3443/2848 3490/3442/2847
f 3504/3454/2859 3505/3455/2860 3492/3444/2849
f 3505/3455/2860 3506/3456/2861 3493/3445/2850
f 3506/3456/2861 3507/3468/2873 3494/3457/2862
f 3510/3458/2863 3511/3459/2864 3498/3448/2853
f 3511/3459/2864 3512/3461/2866 3499/3450/2855
f 3513/3460/2865 3500/3449/2854 3499/3450/2855
f 3514/3462/2867 3501/3451/2856 3500/3449/2854
f 3515/3463/2868 3502/3452/2857 3501/3451/2856
f 3516/3464/2869 3503/3453/2858 3502/3452/2857
f 3517/3465/2870 3504/3454/2859 3503/3453/2858
f 3517/3465/2870 3518/3466/2871 3505/3455/2860
f 3518/3466/2871 3519/3467/2872 3506/3456/2861
f 3519/3467/2872 3520/3479/2884 3507/3468/2873
f 3523/3469/2874 3524/3470/2875 3511/3459/2864
f 3524/3470/2875 3525/3472/2877 3512/3461/2866
f 3526/3471/2876 3513/3460/2865 3512/3461/2866
f 3527/3473/2878 3514/3462/2867 3513/3460/2865
f 3528/3474/2879 3515/3463/2868 3514/3462/2867
f 3529/3475/2880 3516/3464/2869 3515/3463/2868
f 3530/3476/2881 3517/3465/2870 3516/3464/2869
f 3530/3476/2881 3531/3477/2882 3518/3466/2871
f 3531/3477/2882 3532/3478/2883 3519/3467/2872
f 3532/3478/2883 3533/3490/2895 3520/3479/2884
f 3536/3480/2885 3537/3481/2886 3524/3470/2875
f 3537/3481/2886 3538/3483/2888 3525/3472/2877
f 3539/3482/2887 3526/3471/2876 3525/3472/2877
f 3540/3484/2889 3527/3473/2878 3526/3471/2876
f 3541/3485/2890 3528/3474/2879 3527/3473/2878
f 3542/3486/2891 3529/3475/2880 3528/3474/2879
f 3543/3487/2892 3530/3476/2881 3529/3475/2880
f 3543/3487/2892 3544/3488/2893 3531/3477/2882
f 3544/3488/2893 3545/3489/2894 3532/3478/2883
f 3545/3489/2894 3546/3501/2906 3533/3490/2895
f 3549/3491/2896 3550/3492/2897 3537/3481/2886
f 3550/3492/2897 3551/3494/2899 3538/3483/2888
f 3552/3493/2898 3539/3482/2887 3538/3483/2888
f 3553/3495/2900 3540/3484/2889 3539/3482/2887
f 3554/3496/2901 3541/3485/2890 3540/3484/2889
f 3555/3497/2902 3542/3486/2891 3541/3485/2890
f 3556/3498/2903 3543/3487/2892 3542/3486/2891
f 3556/3498/2903 3557/3499/2904 3544/3488/2893
f 3557/3499/2904 3558/3500/2905 3545/3489/2894
f 3558/3500/2905 3559/3524/2919 3546/3501/2906
f 3562/3502/2907 3563/3503/2908 3550/3492/2897
f 3563/3503/2908 3564/3505/2910 3551/3494/2899
f 3565/3504/2909 3552/3493/2898 3551/3494/2899
f 3566/3506/2911 3553/3495/2900 3552/3493/2898
f 3567/3507/2912 3554/3496/2901 3553/3495/2900
f 3568/3508/2913 3555/3497/2902 3554/3496/2901
f 3568/3508/2913 3569/3510/2915 3556/3498/2903
f 3570/3509/2914 3557/3499/2904 3556/3498/2903
f 3571/3511/2916 3558/3500/2905 3557/3499/2904
f 3572/3512/2917 3559/3524/2919 3558/3500/2905
f 3107/3513/2524 3108/3514/2527 3563/3503/2908
f 3108/3514/2527 3109/3516/2529 3564/3505/2910
f 3110/3515/2528 3565/3504/2909 3564/3505/2910
f 3111/3517/2531 3566/3506/2911 3565/3504/2909
f 3112/3110/2533 3567/3507/2912 3566/3506/2911
f 3112/3110/2533 3113/3518/2535 3568/3508/2913
f 3113/3518/2535 3114/3520/2537 3569/3510/2915
f 3115/3519/2541 3570/3509/2914 3569/3510/2915
f 3116/3521/2543 3571/3511/2916 3570/3509/2914
f 3117/3522/2918 3572/3512/2917 3571/3511/2916
o Cylinder_1
v -0.025000 2.782330 0.002480
v -0.001988 3.258916 0.003834
v 0.237000 2.782330 0.002480
v 0.237000 2.782330 0.002480
v 0.201375 2.829988 0.002834
v 0.166768 2.877647 0.003177
v 0.138579 2.925306 0.003457
v 0.116806 2.972964 0.003673
v 0.101451 3.020623 0.003826
v 0.092513 3.068281 0.003915
v 0.089991 3.115940 0.003940
v 0.090058 3.163599 0.003939
v 0.092115 3.211257 0.003919
v 0.100589 3.258916 0.003834
v 0.100589 3.258916 0.003834
v 0.233020 2.782330 -0.043016
v 0.233020 2.782330 -0.043016
v 0.198027 2.829988 -0.035432
v 0.164035 2.877647 -0.028065
v 0.136346 2.925306 -0.022065
v 0.114960 2.972964 -0.017430
v 0.099877 3.020623 -0.014161
v 0.091098 3.068281 -0.012259
v 0.088621 3.115940 -0.011722
v 0.088686 3.163599 -0.011736
v 0.090707 3.211257 -0.012174
v 0.099030 3.258916 -0.013978
v 0.099030 3.258916 -0.013978
v 0.221199 2.782330 -0.087129
v 0.221199 2.782330 -0.087129
v 0.188085 2.829988 -0.072535
v 0.155918 2.877647 -0.058359
v 0.129715 2.925306 -0.046811
v 0.109477 2.972964 -0.037892
v 0.095204 3.020623 -0.031602
v 0.086896 3.068281 -0.027940
v 0.084552 3.115940 -0.026908
v 0.084614 3.163599 -0.026935
v 0.086526 3.211257 -0.027777
v 0.094403 3.258916 -0.031249
v 0.094403 3.258916 -0.031249
v 0.201899 2.782330 -0.128520
v 0.201899 2.782330 -0.128520
v 0.171851 2.829988 -0.107349
v 0.142663 2.877647 -0.086783
v 0.118888 2.925306 -0.070030
v 0.100524 2.972964 -0.057091
v 0.087573 3.020623 -0.047966
v 0.080035 3.068281 -0.042654
v 0.077908 3.115940 -0.041156
v 0.077964 3.163599 -0.041196
v 0.079699 3.211257 -0.042418
v 0.086846 3.258916 -0.047454
v 0.086846 3.258916 -0.047454
v 0.175704 2.782330 -0.165930
v 0.175704 2.782330 -0.165930
v 0.149819 2.829988 -0.138814
v 0.124675 2.877647 -0.112473
v 0.104193 2.925306 -0.091017
v 0.088374 2.972964 -0.074444
v 0.077217 3.020623 -0.062757
v 0.070722 3.068281 -0.055953
v 0.068891 3.115940 -0.054034
v 0.068939 3.163599 -0.054085
v 0.070433 3.211257 -0.055650
v 0.076590 3.258916 -0.062100
v 0.076590 3.258916 -0.062100
v 0.143410 2.782330 -0.198224
v 0.143410 2.782330 -0.198224
v 0.122658 2.829988 -0.165975
v 0.102498 2.877647 -0.134649
v 0.086077 2.925306 -0.109132
v 0.073394 2.972964 -0.089424
v 0.064449 3.020623 -0.075524
v 0.059243 3.068281 -0.067433
v 0.057774 3.115940 -0.065151
v 0.057813 3.163599 -0.065211
v 0.059011 3.211257 -0.067073
v 0.063947 3.258916 -0.074744
v 0.063947 3.258916 -0.074744
v 0.106000 2.782330 -0.224419
v 0.106000 2.782330 -0.224419
v 0.091192 2.829988 -0.188008
v 0.076808 2.877647 -0.152638
v 0.065091 2.925306 -0.123827
v 0.056041 2.972964 -0.101574
v 0.049659 3.020623 -0.085881
v 0.045944 3.068281 -0.076745
v 0.044896 3.115940 -0.074168
v 0.044923 3.163599 -0.074236
v 0.045778 3.211257 -0.076339
v 0.049301 3.258916 -0.084999
v 0.049301 3.258916 -0.084999
v 0.064609 2.782330 -0.243719
v 0.064609 2.782330 -0.243719
v 0.056379 2.829988 -0.204241
v 0.048384 2.877647 -0.165892
v 0.041872 2.925306 -0.134654
v 0.036842 2.972964 -0.110527
v 0.033295 3.020623 -0.093511
v 0.031230 3.068281 -0.083606
v 0.030647 3.115940 -0.080812
v 0.030663 3.163599 -0.080886
v 0.031138 3.211257 -0.083166
v 0.033096 3.258916 -0.092556
v 0.033096 3.258916 -0.092556
v 0.020496 2.782330 -0.255540
v 0.020496 2.782330 -0.255540
v 0.019276 2.829988 -0.214183
v 0.018091 2.877647 -0.174009
v 0.017125 2.925306 -0.141285
v 0.016380 2.972964 -0.116010
v 0.015854 3.020623 -0.098184
v 0.015548 3.068281 -0.087808
v 0.015462 3.115940 -0.084881
v 0.015464 3.163599 -0.084959
v 0.015534 3.211257 -0.087346
v 0.015825 3.258916 -0.097184
v 0.015825 3.258916 -0.097184
v -0.025000 2.782330 -0.259520
v -0.025000 2.782330 -0.259520
v -0.018990 2.829988 -0.217531
v -0.013152 2.877647 -0.176743
v -0.008397 2.925306 -0.143518
v -0.004724 2.972964 -0.117856
v -0.002133 3.020623 -0.099758
v -0.000625 3.068281 -0.089223
v -0.000200 3.115940 -0.086252
v -0.000211 3.163599 -0.086330
v -0.000558 3.211257 -0.088754
v -0.001988 3.258916 -0.098742
v -0.001988 3.258916 -0.098742
v -0.070496 2.782330 -0.255540
v -0.070496 2.782330 -0.255540
v -0.057256 2.829988 -0.214183
v -0.044395 2.877647 -0.174009
v -0.033918 2.925306 -0.141285
v -0.025827 2.972964 -0.116010
v -0.020120 3.020623 -0.098184
v -0.016799 3.068281 -0.087808
v -0.015862 3.115940 -0.084881
v -0.015886 3.163599 -0.084959
v -0.016651 3.211257 -0.087346
v -0.019800 3.258916 -0.097184
v -0.019800 3.258916 -0.097184
v -0.114609 2.782330 -0.243719
v -0.114609 2.782330 -0.243719
v -0.094359 2.829988 -0.204241
v -0.074688 2.877647 -0.165892
v -0.058665 2.925306 -0.134654
v -0.046289 2.972964 -0.110527
v -0.037561 3.020623 -0.093511
v -0.032480 3.068281 -0.083606
v -0.031047 3.115940 -0.080812
v -0.031085 3.163599 -0.080886
v -0.032254 3.211257 -0.083166
v -0.037071 3.258916 -0.092556
v -0.037071 3.258916 -0.092556
v -0.156000 2.782330 -0.224419
v -0.156000 2.782330 -0.224419
v -0.129172 2.829988 -0.188008
v -0.103112 2.877647 -0.152638
v -0.081884 2.925306 -0.123827
v -0.065488 2.972964 -0.101574
v -0.053925 3.020623 -0.085881
v -0.047194 3.068281 -0.076745
v -0.045296 3.115940 -0.074168
v -0.045346 3.163599 -0.074236
v -0.046895 3.211257 -0.076339
v -0.053276 3.258916 -0.084999
v -0.053276 3.258916 -0.084999
v -0.193410 2.782330 -0.198224
v -0.193410 2.782330 -0.198224
v -0.160638 2.829988 -0.165975
v -0.128802 2.877647 -0.134649
v -0.102870 2.925306 -0.109132
v -0.082841 2.972964 -0.089424
v -0.068716 3.020623 -0.075524
v -0.060493 3.068281 -0.067433
v -0.058174 3.115940 -0.065151
v -0.058235 3.163599 -0.065211
v -0.060127 3.211257 -0.067073
v -0.067923 3.258916 -0.074744
v -0.067923 3.258916 -0.074744
v -0.225704 2.782330 -0.165930
v -0.225704 2.782330 -0.165930
v -0.187799 2.829988 -0.138814
v -0.150979 2.877647 -0.112473
v -0.120986 2.925306 -0.091017
v -0.097821 2.972964 -0.074444
v -0.081483 3.020623 -0.062757
v -0.071973 3.068281 -0.055953
v -0.069291 3.115940 -0.054034
v -0.069361 3.163599 -0.054085
v -0.071550 3.211257 -0.055650
v -0.080566 3.258916 -0.062100
v -0.080566 3.258916 -0.062100
v -0.251899 2.782330 -0.128520
v -0.251899 2.782330 -0.128520
v -0.209831 2.829988 -0.107349
v -0.168967 2.877647 -0.086783
v -0.135681 2.925306 -0.070030
v -0.109971 2.972964 -0.057091
v -0.091840 3.020623 -0.047966
v -0.081285 3.068281 -0.042654
v -0.078308 3.115940 -0.041156
v -0.078386 3.163599 -0.041196
v -0.080815 3.211257 -0.042418
v -0.090822 3.258916 -0.047454
v -0.090822 3.258916 -0.047454
v -0.271199 2.782330 -0.087129
v -0.271199 2.782330 -0.087129
v -0.226065 2.829988 -0.072535
v -0.182222 2.877647 -0.058359
v -0.146508 2.925306 -0.046811
v -0.118924 2.972964 -0.037892
v -0.099470 3.020623 -0.031602
v -0.088146 3.068281 -0.027940
v -0.084952 3.115940 -0.026908
v -0.085036 3.163599 -0.026935
v -0.087642 3.211257 -0.027777
v -0.098378 3.258916 -0.031249
v -0.098378 3.258916 -0.031249
v -0.283020 2.782330 -0.043016
v -0.283020 2.782330 -0.043016
v -0.236007 2.829988 -0.035432
v -0.190339 2.877647 -0.028065
v -0.153139 2.925306 -0.022065
v -0.124407 2.972964 -0.017430
v -0.104144 3.020623 -0.014161
v -0.092348 3.068281 -0.012259
v -0.089021 3.115940 -0.011722
v -0.089109 3.163599 -0.011736
v -0.091823 3.211257 -0.012174
v -0.103006 3.258916 -0.013978
v -0.103006 3.258916 -0.013978
v -0.287000 2.782330 0.002480
v -0.287000 2.782330 0.002480
v -0.239355 2.829988 0.002834
v -0.193072 2.877647 0.003177
v -0.155372 2.925306 0.003457
v -0.126253 2.972964 0.003673
v -0.105717 3.020623 0.003826
v -0.093763 3.068281 0.003915
v -0.090391 3.115940 0.003940
v -0.090480 3.163599 0.003939
v -0.093231 3.211257 0.003919
v -0.104564 3.258916 0.003834
v -0.104564 3.258916 0.003834
v -0.283020 2.782330 0.047976
v -0.283020 2.782330 0.047976
v -0.236007 2.829988 0.041100
v -0.190339 2.877647 0.034420
v -0.153139 2.925306 0.028979
v -0.124407 2.972964 0.024777
v -0.104144 3.020623 0.021813
v -0.092348 3.068281 0.020088
v -0.089021 3.115940 0.019601
v -0.089109 3.163599 0.019614
v -0.091823 3.211257 0.020011
v -0.103006 3.258916 0.021647
v -0.103006 3.258916 0.021647
v -0.271199 2.782330 0.092089
v -0.271199 2.782330 0.092089
v -0.226065 2.829988 0.078203
v -0.182222 2.877647 0.064714
v -0.146508 2.925306 0.053726
v -0.118924 2.972964 0.045239
v -0.099470 3.020623 0.039254
v -0.088146 3.068281 0.035770
v -0.084952 3.115940 0.034787
v -0.085036 3.163599 0.034813
v -0.087642 3.211257 0.035615
v -0.098378 3.258916 0.038918
v -0.098378 3.258916 0.038918
v -0.251899 2.782330 0.133480
v -0.251899 2.782330 0.133480
v -0.209831 2.829988 0.113016
v -0.168967 2.877647 0.093137
v -0.135681 2.925306 0.076945
v -0.109971 2.972964 0.064438
v -0.091840 3.020623 0.055618
v -0.081285 3.068281 0.050484
v -0.078308 3.115940 0.049035
v -0.078386 3.163599 0.049074
v -0.080815 3.211257 0.050255
v -0.090822 3.258916 0.055123
v -0.090822 3.258916 0.055123
v -0.225704 2.782330 0.170890
v -0.225704 2.782330 0.170890
v -0.187799 2.829988 0.144481
v -0.150979 2.877647 0.118828
v -0.120986 2.925306 0.097931
v -0.097821 2.972964 0.081791
v -0.081483 3.020623 0.070408
v -0.071973 3.068281 0.063783
v -0.069291 3.115940 0.061914
v -0.069361 3.163599 0.061963
v -0.071550 3.211257 0.063488
v -0.080566 3.258916 0.069769
v -0.080566 3.258916 0.069769
v -0.193410 2.782330 0.203184
v -0.193410 2.782330 0.203184
v -0.160638 2.829988 0.171643
v -0.128802 2.877647 0.141004
v -0.102870 2.925306 0.116047
v -0.082841 2.972964 0.096771
v -0.068716 3.020623 0.083176
v -0.060493 3.068281 0.075262
v -0.058174 3.115940 0.073030
v -0.058235 3.163599 0.073089
v -0.060127 3.211257 0.074910
v -0.067923 3.258916 0.082413
v -0.067923 3.258916 0.082413
v -0.156000 2.782330 0.229379
v -0.156000 2.782330 0.229379
v -0.129172 2.829988 0.193675
v -0.103112 2.877647 0.158993
v -0.081884 2.925306 0.130741
v -0.065488 2.972964 0.108921
v -0.053925 3.020623 0.093532
v -0.047194 3.068281 0.084574
v -0.045296 3.115940 0.082048
v -0.045346 3.163599 0.082114
v -0.046895 3.211257 0.084176
v -0.053276 3.258916 0.092668
v -0.053276 3.258916 0.092668
v -0.114609 2.782330 0.248679
v -0.114609 2.782330 0.248679
v -0.094359 2.829988 0.209909
v -0.074688 2.877647 0.172247
v -0.058665 2.925306 0.141569
v -0.046289 2.972964 0.117874
v -0.037561 3.020623 0.101163
v -0.032480 3.068281 0.091436
v -0.031047 3.115940 0.088692
v -0.031085 3.163599 0.088764
v -0.032254 3.211257 0.091003
v -0.037071 3.258916 0.100225
v -0.037071 3.258916 0.100225
v -0.070496 2.782330 0.260500
v -0.070496 2.782330 0.260500
v -0.057256 2.829988 0.219851
v -0.044395 2.877647 0.180364
v -0.033918 2.925306 0.148200
v -0.025827 2.972964 0.123357
v -0.020120 3.020623 0.105836
v -0.016799 3.068281 0.095638
v -0.015862 3.115940 0.092761
v -0.015886 3.163599 0.092837
v -0.016651 3.211257 0.095184
v -0.019800 3.258916 0.104853
v -0.019800 3.258916 0.104853
v -0.025000 2.782330 0.264480
v -0.025000 2.782330 0.264480
v -0.018990 2.829988 0.223198
v -0.013152 2.877647 0.183097
v -0.008397 2.925306 0.150432
v -0.004724 2.972964 0.125203
v -0.002133 3.020623 0.107410
v -0.000625 3.068281 0.097053
v -0.000200 3.115940 0.094131
v -0.000211 3.163599 0.094208
v -0.000558 3.211257 0.096592
v -0.001988 3.258916 0.106411
v -0.001988 3.258916 0.106411
v 0.020496 2.782330 0.260500
v 0.020496 2.782330 0.260500
v 0.019276 2.829988 0.219851
v 0.018091 2.877647 0.180364
v 0.017125 2.925306 0.148200
v 0.016380 2.972964 0.123357
v 0.015854 3.020623 0.105836
v 0.015548 3.068281 0.095638
v 0.015462 3.115940 0.092761
v 0.015464 3.163599 0.092837
v 0.015534 3.211257 0.095184
v 0.015825 3.258916 0.104853
v 0.015825 3.258916 0.104853
v 0.064609 2.782330 0.248679
v 0.064609 2.782330 0.248679
v 0.056379 2.829988 0.209909
v 0.048384 2.877647 0.172247
v 0.041872 2.925306 0.141569
v 0.036842 2.972964 0.117874
v 0.033295 3.020623 0.101163
v 0.031230 3.068281 0.091436
v 0.030647 3.115940 0.088692
v 0.030663 3.163599 0.088764
v 0.031138 3.211257 0.091003
v 0.033096 3.258916 0.100225
v 0.033096 3.258916 0.100225
v 0.106000 2.782330 0.229379
v 0.106000 2.782330 0.229379
v 0.091192 2.829988 0.193675
v 0.076808 2.877647 0.158993
v 0.065091 2.925306 0.130741
v 0.056041 2.972964 0.108921
v 0.049659 3.020623 0.093532
v 0.045944 3.068281 0.084574
v 0.044896 3.115940 0.082048
v 0.044923 3.163599 0.082114
v 0.045778 3.211257 0.084176
v 0.049301 3.258916 0.092668
v 0.049301 3.258916 0.092668
v 0.143410 2.782330 0.203184
v 0.143410 2.782330 0.203184
v 0.122658 2.829988 0.171643
v 0.102498 2.877647 0.141004
v 0.086077 2.925306 0.116047
v 0.073394 2.972964 0.096771
v 0.064449 3.020623 0.083176
v 0.059243 3.068281 0.075262
v 0.057774 3.115940 0.073030
v 0.057813 3.163599 0.073089
v 0.059011 3.211257 0.074910
v 0.063947 3.258916 0.082413
v 0.063947 3.258916 0.082413
v 0.175704 2.782330 0.170890
v 0.175704 2.782330 0.170890
v 0.149819 2.829988 0.144481
v 0.124675 2.877647 0.118828
v 0.104193 2.925306 0.097931
v 0.088374 2.972964 0.081791
v 0.077217 3.020623 0.070408
v 0.070722 3.068281 0.063783
v 0.068891 3.115940 0.061914
v 0.068939 3.163599 0.061963
v 0.070433 3.211257 0.063488
v 0.076590 3.258916 0.069769
v 0.076590 3.258916 0.069769
v 0.201899 2.782330 0.133480
v 0.201899 2.782330 0.133480
v 0.171851 2.829988 0.113016
v 0.142663 2.877647 0.093137
v 0.118888 2.925306 0.076945
v 0.100524 2.972964 0.064438
v 0.087573 3.020623 0.055618
v 0.080035 3.068281 0.050484
v 0.077908 3.115940 0.049035
v 0.077964 3.163599 0.049074
v 0.079699 3.211257 0.050255
v 0.086846 3.258916 0.055123
v 0.086846 3.258916 0.055123
v 0.221199 2.782330 0.092089
v 0.221199 2.782330 0.092089
v 0.188085 2.829988 0.078203
v 0.155918 2.877647 0.064714
v 0.129715 2.925306 0.053726
v 0.109477 2.972964 0.045239
v 0.095204 3.020623 0.039254
v 0.086896 3.068281 0.035770
v 0.084552 3.115940 0.034787
v 0.084614 3.163599 0.034813
v 0.086526 3.211257 0.035615
v 0.094403 3.258916 0.038918
v 0.094403 3.258916 0.038918
v 0.233020 2.782330 0.047976
v 0.233020 2.782330 0.047976
v 0.198027 2.829988 0.041100
v 0.164035 2.877647 0.034420
v 0.136346 2.925306 0.028979
v 0.114960 2.972964 0.024777
v 0.099877 3.020623 0.021813
v 0.091098 3.068281 0.020088
v 0.088621 3.115940 0.019601
v 0.088686 3.163599 0.019614
v 0.090707 3.211257 0.020011
v 0.099030 3.258916 0.021647
v 0.099030 3.258916 0.021647
vn -0.0000 -1.0000 -0.0000
vn 0.7915 0.5950 -0.1395
vn 0.8010 0.5987 0.0003
vn 0.7875 0.6004 -0.1390
vn 0.8215 0.5513 -0.1459
vn 0.8049 0.5933 -0.0000
vn 0.8716 0.4652 -0.1549
vn 0.8350 0.5502 -0.0014
vn 0.9172 0.3638 -0.1626
vn 0.8857 0.4642 -0.0013
vn 0.9540 0.2476 -0.1689
vn 0.9318 0.3629 -0.0010
vn 0.9777 0.1198 -0.1727
vn 0.9690 0.2469 -0.0007
vn 0.9845 0.0259 -0.1735
vn 0.9929 0.1193 -0.0000
vn 0.9998 -0.0223 -0.0000
vn 0.9997 0.0258 -0.0000
vn 0.9846 -0.0224 -0.1736
vn 0.9940 -0.1097 -0.0000
vn 0.9788 -0.1102 -0.1725
vn 0.9846 -0.1751 -0.0001
vn -0.0000 1.0000 -0.0000
vn 0.7528 0.5985 -0.2739
vn 0.7490 0.6039 -0.2726
vn 0.7815 0.5548 -0.2856
vn 0.8298 0.4686 -0.3031
vn 0.8739 0.3667 -0.3190
vn 0.9097 0.2498 -0.3318
vn 0.9327 0.1210 -0.3398
vn 0.9394 0.0261 -0.3418
vn 0.9395 -0.0226 -0.3418
vn 0.9338 -0.1113 -0.3400
vn 0.9694 -0.1758 -0.1713
vn 0.6905 0.6038 -0.3984
vn 0.6869 0.6092 -0.3964
vn 0.7170 0.5600 -0.4151
vn 0.7622 0.4737 -0.4412
vn 0.8037 0.3712 -0.4650
vn 0.8376 0.2531 -0.4841
vn 0.8595 0.1226 -0.4962
vn 0.8658 0.0265 -0.4997
vn 0.8659 -0.0229 -0.4998
vn 0.8604 -0.1128 -0.4969
vn 0.9248 -0.1774 -0.3365
vn 0.6069 0.6105 -0.5089
vn 0.6037 0.6159 -0.5062
vn 0.6305 0.5668 -0.5303
vn 0.6714 0.4802 -0.5645
vn 0.7091 0.3768 -0.5960
vn 0.7399 0.2574 -0.6215
vn 0.7601 0.1247 -0.6377
vn 0.7659 0.0269 -0.6424
vn 0.7659 -0.0233 -0.6425
vn 0.7613 -0.1147 -0.6382
vn 0.8518 -0.1797 -0.4920
vn 0.5053 0.6185 -0.6017
vn 0.5026 0.6238 -0.5985
vn 0.5253 0.5748 -0.6274
vn 0.5603 0.4879 -0.6694
vn 0.5930 0.3836 -0.7080
vn 0.6199 0.2624 -0.7395
vn 0.6376 0.1274 -0.7597
vn 0.6427 0.0275 -0.7656
vn 0.6425 -0.0242 -0.7659
vn 0.6385 -0.1172 -0.7606
vn 0.7531 -0.1828 -0.6320
vn 0.3897 0.6274 -0.6742
vn 0.3875 0.6327 -0.6705
vn 0.4052 0.5837 -0.7036
vn 0.4333 0.4965 -0.7521
vn 0.4595 0.3912 -0.7974
vn 0.4813 0.2681 -0.8345
vn 0.4956 0.1305 -0.8587
vn 0.5000 0.0282 -0.8656
vn 0.5000 -0.0244 -0.8657
vn 0.4964 -0.1201 -0.8598
vn 0.6315 -0.1865 -0.7526
vn 0.2641 0.6367 -0.7245
vn 0.2625 0.6420 -0.7203
vn 0.2743 0.5932 -0.7569
vn 0.2942 0.5058 -0.8109
vn 0.3127 0.3995 -0.8617
vn 0.3286 0.2743 -0.9038
vn 0.3389 0.1336 -0.9313
vn 0.3421 0.0289 -0.9392
vn 0.3421 -0.0250 -0.9393
vn 0.3400 -0.1226 -0.9324
vn 0.4907 -0.1908 -0.8502
vn 0.1329 0.6463 -0.7514
vn 0.1321 0.6516 -0.7470
vn 0.1376 0.6030 -0.7858
vn 0.1479 0.5153 -0.8441
vn 0.1576 0.4080 -0.8993
vn 0.1662 0.2808 -0.9453
vn 0.1721 0.1369 -0.9755
vn 0.1739 0.0296 -0.9843
vn 0.1738 -0.0256 -0.9845
vn 0.1725 -0.1260 -0.9769
vn 0.3353 -0.1954 -0.9216
vn 0.0004 0.6558 -0.7549
vn 0.0003 0.6610 -0.7503
vn -0.0011 0.6126 -0.7904
vn -0.0011 0.5249 -0.8512
vn -0.0008 0.4166 -0.9091
vn -0.0004 0.2873 -0.9578
vn -0.0001 0.1404 -0.9901
vn 0.0002 0.0304 -0.9995
vn 0.0002 -0.0263 -0.9997
vn -0.0002 -0.1293 -0.9916
vn 0.1701 -0.2002 -0.9649
vn -0.1294 0.6649 -0.7356
vn -0.1286 0.6701 -0.7310
vn -0.1371 0.6219 -0.7710
vn -0.1480 0.5341 -0.8324
vn -0.1580 0.4250 -0.8913
vn -0.1666 0.2938 -0.9412
vn -0.1719 0.1438 -0.9746
vn -0.1733 0.0311 -0.9844
vn -0.1734 -0.0269 -0.9845
vn -0.1723 -0.1323 -0.9761
vn 0.0001 -0.2051 -0.9787
vn -0.2525 0.6734 -0.6948
vn -0.2509 0.6785 -0.6904
vn -0.2666 0.6306 -0.7289
vn -0.2883 0.5428 -0.7888
vn -0.3094 0.4329 -0.8467
vn -0.3269 0.2999 -0.8962
vn -0.3384 0.1469 -0.9295
vn -0.3416 0.0318 -0.9393
vn -0.3417 -0.0275 -0.9394
vn -0.3389 -0.1353 -0.9310
vn -0.1697 -0.2100 -0.9629
vn -0.3659 0.6810 -0.6343
vn -0.3635 0.6861 -0.6302
vn -0.3859 0.6384 -0.6659
vn -0.4185 0.5507 -0.7222
vn -0.4500 0.4402 -0.7770
vn -0.4767 0.3055 -0.8243
vn -0.4944 0.1498 -0.8562
vn -0.4995 0.0325 -0.8657
vn -0.4997 -0.0281 -0.8658
vn -0.4953 -0.1379 -0.8577
vn -0.3340 -0.2146 -0.9178
vn -0.4668 0.6875 -0.5563
vn -0.4634 0.6927 -0.5527
vn -0.4921 0.6452 -0.5844
vn -0.5347 0.5576 -0.6350
vn -0.5761 0.4466 -0.6846
vn -0.6118 0.3104 -0.7276
vn -0.6353 0.1524 -0.7571
vn -0.6423 0.0331 -0.7657
vn -0.6424 -0.0286 -0.7658
vn -0.6367 -0.1404 -0.7582
vn -0.4878 -0.2189 -0.8451
vn -0.5521 0.6931 -0.4635
vn -0.5484 0.6981 -0.4603
vn -0.5825 0.6509 -0.4869
vn -0.6338 0.5634 -0.5300
vn -0.6842 0.4519 -0.5724
vn -0.7277 0.3146 -0.6094
vn -0.7571 0.1546 -0.6348
vn -0.7655 0.0336 -0.6425
vn -0.7656 -0.0291 -0.6426
vn -0.7585 -0.1424 -0.6360
vn -0.6267 -0.2227 -0.7467
vn -0.6207 0.6973 -0.3585
vn -0.6165 0.7023 -0.3560
vn -0.6549 0.6553 -0.3764
vn -0.7136 0.5679 -0.4102
vn -0.7714 0.4561 -0.4437
vn -0.8217 0.3179 -0.4731
vn -0.8556 0.1563 -0.4935
vn -0.8655 0.0340 -0.4998
vn -0.8656 -0.0294 -0.4999
vn -0.8572 -0.1439 -0.4944
vn -0.7463 -0.2259 -0.6261
vn -0.6708 0.7002 -0.2443
vn -0.6662 0.7052 -0.2425
vn -0.7079 0.6583 -0.2561
vn -0.7720 0.5710 -0.2793
vn -0.8354 0.4590 -0.3024
vn -0.8906 0.3201 -0.3229
vn -0.9281 0.1574 -0.3374
vn -0.9391 0.0343 -0.3419
vn -0.9393 -0.0297 -0.3419
vn -0.9297 -0.1450 -0.3386
vn -0.8431 -0.2285 -0.4868
vn -0.7015 0.7018 -0.1237
vn -0.6967 0.7068 -0.1225
vn -0.7401 0.6600 -0.1289
vn -0.8077 0.5726 -0.1407
vn -0.8744 0.4605 -0.1526
vn -0.9328 0.3213 -0.1633
vn -0.9725 0.1580 -0.1710
vn -0.9842 0.0344 -0.1736
vn -0.9844 -0.0298 -0.1736
vn -0.9744 -0.1455 -0.1712
vn -0.9146 -0.2302 -0.3324
vn -0.7121 0.7021 -0.0000
vn -0.7072 0.7070 -0.0002
vn -0.7511 0.6602 0.0015
vn -0.8197 0.5728 0.0017
vn -0.8875 0.4607 0.0015
vn -0.9469 0.3215 0.0011
vn -0.9874 0.1581 0.0005
vn -0.9994 0.0344 -0.0000
vn -0.9996 -0.0298 -0.0000
vn -0.9894 -0.1455 0.0006
vn -0.9582 -0.2312 -0.1688
vn -0.6977 0.7059 0.1222
vn -0.7024 0.7009 0.1239
vn -0.7410 0.6590 0.1291
vn -0.8083 0.5717 0.1409
vn -0.8749 0.4597 0.1527
vn -0.9330 0.3207 0.1634
vn -0.9726 0.1577 0.1709
vn -0.9844 -0.0297 0.1736
vn -0.9842 0.0343 0.1736
vn -0.9745 -0.1452 0.1713
vn -0.9583 -0.2306 0.1686
vn -0.6679 0.7034 0.2432
vn -0.6725 0.6984 0.2449
vn -0.7094 0.6564 0.2566
vn -0.7732 0.5691 0.2797
vn -0.8362 0.4572 0.3029
vn -0.8910 0.3187 0.3232
vn -0.9282 0.1567 0.3374
vn -0.9393 -0.0295 0.3420
vn -0.9391 0.0341 0.3419
vn -0.9300 -0.1443 0.3381
vn -0.9147 -0.2291 0.3328
vn -0.6187 0.6996 0.3573
vn -0.6229 0.6946 0.3599
vn -0.6569 0.6525 0.3777
vn -0.7153 0.5650 0.4112
vn -0.7726 0.4534 0.4445
vn -0.8222 0.3158 0.4735
vn -0.8558 0.1552 0.4935
vn -0.8656 -0.0292 0.4999
vn -0.8655 0.0337 0.4998
vn -0.8573 -0.1429 0.4945
vn -0.8435 -0.2268 0.4869
vn -0.5510 0.6946 0.4626
vn -0.5547 0.6895 0.4657
vn -0.5847 0.6473 0.4889
vn -0.6357 0.5597 0.5316
vn -0.6854 0.4485 0.5736
vn -0.7283 0.3119 0.6101
vn -0.7573 0.1532 0.6348
vn -0.7656 -0.0288 0.6426
vn -0.7655 0.0333 0.6426
vn -0.7586 -0.1411 0.6362
vn -0.7467 -0.2238 0.6264
vn -0.4660 0.6883 0.5559
vn -0.4691 0.6833 0.5595
vn -0.4945 0.6408 0.5872
vn -0.5365 0.5531 0.6374
vn -0.5774 0.4424 0.6862
vn -0.6123 0.3072 0.7285
vn -0.6356 0.1507 0.7572
vn -0.6424 -0.0283 0.7658
vn -0.6423 0.0327 0.7658
vn -0.6368 -0.1388 0.7584
vn -0.6271 -0.2202 0.7472
vn -0.3658 0.6811 0.6343
vn -0.3682 0.6760 0.6384
vn -0.3880 0.6333 0.6696
vn -0.4201 0.5455 0.7252
vn -0.4511 0.4354 0.7790
vn -0.4774 0.3018 0.8252
vn -0.4946 0.1479 0.8564
vn -0.4997 -0.0277 0.8658
vn -0.4996 0.0321 0.8657
vn -0.4956 -0.1362 0.8578
vn -0.4882 -0.2160 0.8456
vn -0.2528 0.6729 0.6952
vn -0.2543 0.6678 0.6996
vn -0.2681 0.6249 0.7332
vn -0.2896 0.5371 0.7923
vn -0.3101 0.4277 0.8491
vn -0.3274 0.2958 0.8974
vn -0.3385 0.1448 0.9297
vn -0.3417 -0.0271 0.9394
vn -0.3416 0.0314 0.9393
vn -0.3390 -0.1333 0.9313
vn -0.3343 -0.2115 0.9184
vn -0.1295 0.6641 0.7364
vn -0.1303 0.6589 0.7409
vn -0.1379 0.6158 0.7758
vn -0.1486 0.5280 0.8362
vn -0.1585 0.4194 0.8938
vn -0.1669 0.2895 0.9425
vn -0.1719 0.1415 0.9749
vn -0.1734 -0.0265 0.9845
vn -0.1733 0.0306 0.9844
vn -0.1719 -0.1301 0.9765
vn -0.1700 -0.2067 0.9635
vn 0.0004 0.6547 0.7559
vn 0.0001 0.6494 0.7605
vn -0.0009 0.6062 0.7953
vn -0.0009 0.5185 0.8551
vn -0.0009 0.4109 0.9117
vn -0.0005 0.2830 0.9591
vn -0.0001 0.1381 0.9904
vn 0.0002 -0.0258 0.9997
vn 0.0003 0.0299 0.9996
vn -0.0000 -0.1271 0.9919
vn -0.0000 -0.2018 0.9794
vn 0.1330 0.6451 0.7524
vn 0.1338 0.6399 0.7567
vn 0.1384 0.5965 0.7906
vn 0.1486 0.5089 0.8479
vn 0.1582 0.4023 0.9017
vn 0.1665 0.2764 0.9465
vn 0.1720 0.1347 0.9758
vn 0.1738 -0.0252 0.9845
vn 0.1738 0.0291 0.9843
vn 0.1723 -0.1240 0.9772
vn 0.1702 -0.1969 0.9655
vn 0.2643 0.6357 0.7253
vn 0.2658 0.6304 0.7294
vn 0.2760 0.5869 0.7612
vn 0.2954 0.4995 0.8144
vn 0.3137 0.3939 0.8640
vn 0.3289 0.2701 0.9049
vn 0.3392 0.1313 0.9315
vn 0.3421 -0.0246 0.9393
vn 0.3421 0.0284 0.9392
vn 0.3397 -0.1209 0.9327
vn 0.3356 -0.1922 0.9222
vn 0.3899 0.6266 0.6748
vn 0.3917 0.6212 0.6787
vn 0.4073 0.5777 0.7073
vn 0.4349 0.4907 0.7550
vn 0.4605 0.3861 0.7993
vn 0.4818 0.2642 0.8355
vn 0.4958 0.1284 0.8589
vn 0.5000 -0.0240 0.8657
vn 0.5000 0.0277 0.8656
vn 0.4966 -0.1181 0.8599
vn 0.4910 -0.1879 0.8506
vn 0.5054 0.6184 0.6019
vn 0.5081 0.6130 0.6050
vn 0.5276 0.5694 0.6304
vn 0.5623 0.4826 0.6715
vn 0.5943 0.3790 0.7093
vn 0.6206 0.2589 0.7401
vn 0.6376 0.1257 0.7601
vn 0.6427 -0.0235 0.7658
vn 0.6427 0.0271 0.7656
vn 0.6388 -0.1154 0.7606
vn 0.6318 -0.1840 0.7530
vn 0.6064 0.6112 0.5087
vn 0.6096 0.6058 0.5112
vn 0.6329 0.5622 0.5324
vn 0.6732 0.4757 0.5661
vn 0.7103 0.3730 0.5970
vn 0.7405 0.2544 0.6220
vn 0.7604 0.1231 0.6376
vn 0.7659 -0.0230 0.6425
vn 0.7659 0.0266 0.6424
vn 0.7610 -0.1135 0.6388
vn 0.7533 -0.1807 0.6324
vn 0.6893 0.6054 0.3979
vn 0.6929 0.6001 0.3998
vn 0.7191 0.5564 0.4163
vn 0.7638 0.4702 0.4422
vn 0.8048 0.3681 0.4656
vn 0.8381 0.2508 0.4844
vn 0.8596 0.1214 0.4963
vn 0.8658 -0.0227 0.4998
vn 0.8658 0.0262 0.4997
vn 0.8607 -0.1116 0.4966
vn 0.8522 -0.1781 0.4920
vn 0.7508 0.6013 0.2733
vn 0.7546 0.5959 0.2746
vn 0.7830 0.5522 0.2862
vn 0.8309 0.4662 0.3036
vn 0.8747 0.3646 0.3194
vn 0.9100 0.2483 0.3320
vn 0.9330 0.1201 0.3394
vn 0.9395 -0.0224 0.3419
vn 0.9394 0.0259 0.3418
vn 0.9340 -0.1105 0.3398
vn 0.9250 -0.1762 0.3368
vn 0.7885 0.5991 0.1395
vn 0.7925 0.5937 0.1397
vn 0.8223 0.5499 0.1462
vn 0.8722 0.4640 0.1549
vn 0.9176 0.3627 0.1627
vn 0.9542 0.2468 0.1688
vn 0.9778 0.1194 0.1723
vn 0.9846 -0.0223 0.1736
vn 0.9845 0.0258 0.1736
vn 0.9789 -0.1098 0.1725
vn 0.9695 -0.1752 0.1711
vn -0.9729 -0.2313 -0.0001
vt 0.007596 0.586824
vt 0.000000 0.500000
vt 0.500000 0.500000
vt 0.027778 0.100000
vt 0.000000 0.000000
vt 0.027778 0.000000
vt 0.027778 0.200000
vt 0.000000 0.100000
vt 0.027778 0.300000
vt 0.000000 0.200000
vt 0.027778 0.400000
vt 0.000000 0.300000
vt 0.027778 0.500000
vt 0.000000 0.400000
vt 0.027778 0.600000
vt 0.027778 0.700000
vt 0.000000 0.600000
vt 0.000000 0.800000
vt 0.000000 0.700000
vt 0.027778 0.800000
vt 0.000000 0.900000
vt 0.027778 0.900000
vt 0.000000 1.000000
vt 0.992404 0.586824
vt 1.000000 0.500000
vt 0.030154 0.671010
vt 0.055556 0.100000
vt 0.055556 0.000000
vt 0.055556 0.200000
vt 0.055556 0.300000
vt 0.055556 0.400000
vt 0.055556 0.500000
vt 0.055556 0.600000
vt 0.055556 0.700000
vt 0.055556 0.800000
vt 0.055556 0.900000
vt 0.027778 1.000000
vt 0.969846 0.671010
vt 0.066987 0.750000
vt 0.083333 0.100000
vt 0.083333 0.000000
vt 0.083333 0.200000
vt 0.083333 0.300000
vt 0.083333 0.400000
vt 0.083333 0.500000
vt 0.083333 0.600000
vt 0.083333 0.700000
vt 0.083333 0.800000
vt 0.083333 0.900000
vt 0.055556 1.000000
vt 0.933013 0.750000
vt 0.116978 0.821394
vt 0.111111 0.100000
vt 0.111111 0.000000
vt 0.111111 0.200000
vt 0.111111 0.300000
vt 0.111111 0.400000
vt 0.111111 0.500000
vt 0.111111 0.600000
vt 0.111111 0.700000
vt 0.111111 0.800000
vt 0.111111 0.900000
vt 0.083333 1.000000
vt 0.883022 0.821394
vt 0.178606 0.883022
vt 0.138889 0.100000
vt 0.138889 0.000000
vt 0.138889 0.200000
vt 0.138889 0.300000
vt 0.138889 0.400000
vt 0.138889 0.500000
vt 0.138889 0.600000
vt 0.138889 0.700000
vt 0.138889 0.800000
vt 0.138889 0.900000
vt 0.111111 1.000000
vt 0.821394 0.883022
vt 0.250000 0.933013
vt 0.166667 0.100000
vt 0.166667 0.000000
vt 0.166667 0.200000
vt 0.166667 0.300000
vt 0.166667 0.400000
vt 0.166667 0.500000
vt 0.166667 0.600000
vt 0.166667 0.700000
vt 0.166667 0.800000
vt 0.166667 0.900000
vt 0.138889 1.000000
vt 0.750000 0.933013
vt 0.328990 0.969846
vt 0.194444 0.100000
vt 0.194444 0.000000
vt 0.194444 0.200000
vt 0.194444 0.300000
vt 0.194444 0.400000
vt 0.194444 0.500000
vt 0.194444 0.600000
vt 0.194444 0.700000
vt 0.194444 0.800000
vt 0.194444 0.900000
vt 0.166667 1.000000
vt 0.671010 0.969846
vt 0.413176 0.992404
vt 0.222222 0.100000
vt 0.222222 0.000000
vt 0.222222 0.200000
vt 0.222222 0.300000
vt 0.222222 0.400000
vt 0.222222 0.500000
vt 0.222222 0.600000
vt 0.222222 0.700000
vt 0.222222 0.800000
vt 0.222222 0.900000
vt 0.194444 1.000000
vt 0.586824 0.992404
vt 0.500000 1.000000
vt 0.250000 0.100000
vt 0.250000 0.000000
vt 0.250000 0.200000
vt 0.250000 0.300000
vt 0.250000 0.400000
vt 0.250000 0.500000
vt 0.250000 0.600000
vt 0.250000 0.700000
vt 0.250000 0.800000
vt 0.250000 0.900000
vt 0.222222 1.000000
vt 0.277778 0.100000
vt 0.277778 0.000000
vt 0.277778 0.200000
vt 0.277778 0.300000
vt 0.277778 0.400000
vt 0.277778 0.500000
vt 0.277778 0.600000
vt 0.277778 0.700000
vt 0.277778 0.800000
vt 0.277778 0.900000
vt 0.250000 1.000000
vt 0.305556 0.100000
vt 0.305556 0.000000
vt 0.305556 0.200000
vt 0.305556 0.300000
vt 0.305556 0.400000
vt 0.305556 0.500000
vt 0.305556 0.600000
vt 0.305556 0.700000
vt 0.305556 0.800000
vt 0.305556 0.900000
vt 0.277778 1.000000
vt 0.333333 0.100000
vt 0.333333 0.000000
vt 0.333333 0.200000
vt 0.333333 0.300000
vt 0.333333 0.400000
vt 0.333333 0.500000
vt 0.333333 0.600000
vt 0.333333 0.700000
vt 0.333333 0.800000
vt 0.333333 0.900000
vt 0.305556 1.000000
vt 0.361111 0.100000
vt 0.361111 0.000000
vt 0.361111 0.200000
vt 0.361111 0.300000
vt 0.361111 0.400000
vt 0.361111 0.500000
vt 0.361111 0.600000
vt 0.361111 0.700000
vt 0.361111 0.800000
vt 0.361111 0.900000
vt 0.333333 1.000000
vt 0.388889 0.100000
vt 0.388889 0.000000
vt 0.388889 0.200000
vt 0.388889 0.300000
vt 0.388889 0.400000
vt 0.388889 0.500000
vt 0.388889 0.600000
vt 0.388889 0.700000
vt 0.388889 0.800000
vt 0.388889 0.900000
vt 0.361111 1.000000
vt 0.416667 0.100000
vt 0.416667 0.000000
vt 0.416667 0.200000
vt 0.416667 0.300000
vt 0.416667 0.400000
vt 0.416667 0.500000
vt 0.416667 0.600000
vt 0.416667 0.700000
vt 0.416667 0.800000
vt 0.416667 0.900000
vt 0.388889 1.000000
vt 0.444444 0.100000
vt 0.444444 0.000000
vt 0.444444 0.200000
vt 0.444444 0.300000
vt 0.444444 0.400000
vt 0.444444 0.500000
vt 0.444444 0.600000
vt 0.444444 0.700000
vt 0.444444 0.800000
vt 0.444444 0.900000
vt 0.416667 1.000000
vt 0.472222 0.100000
vt 0.472222 0.000000
vt 0.472222 0.200000
vt 0.472222 0.300000
vt 0.472222 0.400000
vt 0.472222 0.500000
vt 0.472222 0.600000
vt 0.472222 0.700000
vt 0.472222 0.800000
vt 0.472222 0.900000
vt 0.444444 1.000000
vt 0.500000 0.100000
vt 0.500000 0.000000
vt 0.500000 0.200000
vt 0.500000 0.300000
vt 0.500000 0.400000
vt 0.500000 0.600000
vt 0.500000 0.700000
vt 0.500000 0.800000
vt 0.500000 0.900000
vt 0.472222 1.000000
vt 0.992404 0.413176
vt 0.527778 0.000000
vt 0.527778 0.100000
vt 0.527778 0.200000
vt 0.527778 0.300000
vt 0.527778 0.400000
vt 0.527778 0.500000
vt 0.527778 0.600000
vt 0.527778 0.800000
vt 0.527778 0.700000
vt 0.527778 0.900000
vt 0.527778 1.000000
vt 0.007596 0.413176
vt 0.969846 0.328990
vt 0.555556 0.000000
vt 0.555556 0.100000
vt 0.555556 0.200000
vt 0.555556 0.300000
vt 0.555556 0.400000
vt 0.555556 0.500000
vt 0.555556 0.600000
vt 0.555556 0.800000
vt 0.555556 0.700000
vt 0.555556 0.900000
vt 0.555556 1.000000
vt 0.030154 0.328990
vt 0.933013 0.250000
vt 0.583333 0.000000
vt 0.583333 0.100000
vt 0.583333 0.200000
vt 0.583333 0.300000
vt 0.583333 0.400000
vt 0.583333 0.500000
vt 0.583333 0.600000
vt 0.583333 0.800000
vt 0.583333 0.700000
vt 0.583333 0.900000
vt 0.583333 1.000000
vt 0.066987 0.250000
vt 0.883022 0.178606
vt 0.611111 0.000000
vt 0.611111 0.100000
vt 0.611111 0.200000
vt 0.611111 0.300000
vt 0.611111 0.400000
vt 0.611111 0.500000
vt 0.611111 0.600000
vt 0.611111 0.800000
vt 0.611111 0.700000
vt 0.611111 0.900000
vt 0.611111 1.000000
vt 0.116978 0.178606
vt 0.821394 0.116978
vt 0.638889 0.000000
vt 0.638889 0.100000
vt 0.638889 0.200000
vt 0.638889 0.300000
vt 0.638889 0.400000
vt 0.638889 0.500000
vt 0.638889 0.600000
vt 0.638889 0.800000
vt 0.638889 0.700000
vt 0.638889 0.900000
vt 0.638889 1.000000
vt 0.178606 0.116978
vt 0.750000 0.066987
vt 0.666667 0.000000
vt 0.666667 0.100000
vt 0.666667 0.200000
vt 0.666667 0.300000
vt 0.666667 0.400000
vt 0.666667 0.500000
vt 0.666667 0.600000
vt 0.666667 0.800000
vt 0.666667 0.700000
vt 0.666667 0.900000
vt 0.666667 1.000000
vt 0.250000 0.066987
vt 0.671010 0.030154
vt 0.694444 0.000000
vt 0.694444 0.100000
vt 0.694444 0.200000
vt 0.694444 0.300000
vt 0.694444 0.400000
vt 0.694444 0.500000
vt 0.694444 0.600000
vt 0.694444 0.800000
vt 0.694444 0.700000
vt 0.694444 0.900000
vt 0.694444 1.000000
vt 0.328990 0.030154
vt 0.586824 0.007596
vt 0.722222 0.000000
vt 0.722222 0.100000
vt 0.722222 0.200000
vt 0.722222 0.300000
vt 0.722222 0.400000
vt 0.722222 0.500000
vt 0.722222 0.600000
vt 0.722222 0.800000
vt 0.722222 0.700000
vt 0.722222 0.900000
vt 0.722222 1.000000
vt 0.413176 0.007596
vt 0.750000 0.000000
vt 0.750000 0.100000
vt 0.750000 0.200000
vt 0.750000 0.300000
vt 0.750000 0.400000
vt 0.750000 0.500000
vt 0.750000 0.600000
vt 0.750000 0.800000
vt 0.750000 0.700000
vt 0.750000 0.900000
vt 0.750000 1.000000
vt 0.777778 0.000000
vt 0.777778 0.100000
vt 0.777778 0.200000
vt 0.777778 0.300000
vt 0.777778 0.400000
vt 0.777778 0.500000
vt 0.777778 0.600000
vt 0.777778 0.800000
vt 0.777778 0.700000
vt 0.777778 0.900000
vt 0.777778 1.000000
vt 0.805556 0.000000
vt 0.805556 0.100000
vt 0.805556 0.200000
vt 0.805556 0.300000
vt 0.805556 0.400000
vt 0.805556 0.500000
vt 0.805556 0.600000
vt 0.805556 0.800000
vt 0.805556 0.700000
vt 0.805556 0.900000
vt 0.805556 1.000000
vt 0.833333 0.000000
vt 0.833333 0.100000
vt 0.833333 0.200000
vt 0.833333 0.300000
vt 0.833333 0.400000
vt 0.833333 0.500000
vt 0.833333 0.600000
vt 0.833333 0.800000
vt 0.833333 0.700000
vt 0.833333 0.900000
vt 0.833333 1.000000
vt 0.861111 0.000000
vt 0.861111 0.100000
vt 0.861111 0.200000
vt 0.861111 0.300000
vt 0.861111 0.400000
vt 0.861111 0.500000
vt 0.861111 0.600000
vt 0.861111 0.800000
vt 0.861111 0.700000
vt 0.861111 0.900000
vt 0.861111 1.000000
vt 0.888889 0.000000
vt 0.888889 0.100000
vt 0.888889 0.200000
vt 0.888889 0.300000
vt 0.888889 0.400000
vt 0.888889 0.500000
vt 0.888889 0.600000
vt 0.888889 0.800000
vt 0.888889 0.700000
vt 0.888889 0.900000
vt 0.888889 1.000000
vt 0.916667 0.000000
vt 0.916667 0.100000
vt 0.916667 0.200000
vt 0.916667 0.300000
vt 0.916667 0.400000
vt 0.916667 0.500000
vt 0.916667 0.600000
vt 0.916667 0.800000
vt 0.916667 0.700000
vt 0.916667 0.900000
vt 0.916667 1.000000
vt 0.944444 0.000000
vt 0.944444 0.100000
vt 0.944444 0.200000
vt 0.944444 0.300000
vt 0.944444 0.400000
vt 0.944444 0.500000
vt 0.944444 0.600000
vt 0.944444 0.800000
vt 0.944444 0.700000
vt 0.944444 0.900000
vt 0.944444 1.000000
vt 0.972222 0.000000
vt 0.972222 0.100000
vt 0.972222 0.200000
vt 0.972222 0.300000
vt 0.972222 0.400000
vt 0.972222 0.500000
vt 0.972222 0.600000
vt 0.972222 0.800000
vt 0.972222 0.700000
vt 0.972222 0.900000
vt 0.972222 1.000000
vt 1.000000 0.000000
vt 1.000000 0.100000
vt 1.000000 0.200000
vt 1.000000 0.300000
vt 1.000000 0.400000
vt 1.000000 0.600000
vt 1.000000 0.800000
vt 1.000000 0.700000
vt 1.000000 0.900000
vt 1.000000 1.000000
s 1
usemtl Mat
f 3589/3525/2920 3576/3526/2920 3574/3527/2920
f 3591/3528/2921 3577/3529/2922 3590/3530/2923
f 3592/3531/2924 3578/3532/2925 3591/3528/2921
f 3593/3533/2926 3579/3534/2927 3592/3531/2924
f 3594/3535/2928 3580/3536/2929 3593/3533/2926
f 3595/3537/2930 3581/3538/2931 3594/3535/2928
f 3596/3539/2932 3582/3526/2933 3595/3537/2930
f 3597/3540/2934 3583/3541/2935 3596/3539/2932
f 3597/3540/2934 3585/3542/2936 3584/3543/2937
f 3598/3544/2938 3586/3545/2939 3585/3542/2936
f 3599/3546/2940 3587/3547/2941 3586/3545/2939
f 3601/3548/2942 3575/3527/2942 3588/3549/2942
f 3602/3550/2920 3589/3525/2920 3574/3527/2920
f 3604/3551/2943 3590/3530/2923 3603/3552/2944
f 3605/3553/2945 3591/3528/2921 3604/3551/2943
f 3606/3554/2946 3592/3531/2924 3605/3553/2945
f 3607/3555/2947 3593/3533/2926 3606/3554/2946
f 3608/3556/2948 3594/3535/2928 3607/3555/2947
f 3609/3557/2949 3595/3537/2930 3608/3556/2948
f 3610/3558/2950 3596/3539/2932 3609/3557/2949
f 3610/3558/2950 3598/3544/2938 3597/3540/2934
f 3611/3559/2951 3599/3546/2940 3598/3544/2938
f 3612/3560/2952 3600/3561/2953 3599/3546/2940
f 3614/3562/2942 3575/3527/2942 3601/3548/2942
f 3615/3563/2920 3602/3550/2920 3574/3527/2920
f 3617/3564/2954 3603/3552/2944 3616/3565/2955
f 3618/3566/2956 3604/3551/2943 3617/3564/2954
f 3619/3567/2957 3605/3553/2945 3618/3566/2956
f 3620/3568/2958 3606/3554/2946 3619/3567/2957
f 3621/3569/2959 3607/3555/2947 3620/3568/2958
f 3622/3570/2960 3608/3556/2948 3621/3569/2959
f 3623/3571/2961 3609/3557/2949 3622/3570/2960
f 3623/3571/2961 3611/3559/2951 3610/3558/2950
f 3624/3572/2962 3612/3560/2952 3611/3559/2951
f 3625/3573/2963 3613/3574/2964 3612/3560/2952
f 3627/3575/2942 3575/3527/2942 3614/3562/2942
f 3628/3576/2920 3615/3563/2920 3574/3527/2920
f 3630/3577/2965 3616/3565/2955 3629/3578/2966
f 3631/3579/2967 3617/3564/2954 3630/3577/2965
f 3632/3580/2968 3618/3566/2956 3631/3579/2967
f 3633/3581/2969 3619/3567/2957 3632/3580/2968
f 3634/3582/2970 3620/3568/2958 3633/3581/2969
f 3635/3583/2971 3621/3569/2959 3634/3582/2970
f 3636/3584/2972 3622/3570/2960 3635/3583/2971
f 3636/3584/2972 3624/3572/2962 3623/3571/2961
f 3637/3585/2973 3625/3573/2963 3624/3572/2962
f 3638/3586/2974 3626/3587/2975 3625/3573/2963
f 3640/3588/2942 3575/3527/2942 3627/3575/2942
f 3641/3589/2920 3628/3576/2920 3574/3527/2920
f 3643/3590/2976 3629/3578/2966 3642/3591/2977
f 3644/3592/2978 3630/3577/2965 3643/3590/2976
f 3645/3593/2979 3631/3579/2967 3644/3592/2978
f 3646/3594/2980 3632/3580/2968 3645/3593/2979
f 3647/3595/2981 3633/3581/2969 3646/3594/2980
f 3648/3596/2982 3634/3582/2970 3647/3595/2981
f 3649/3597/2983 3635/3583/2971 3648/3596/2982
f 3649/3597/2983 3637/3585/2973 3636/3584/2972
f 3650/3598/2984 3638/3586/2974 3637/3585/2973
f 3651/3599/2985 3639/3600/2986 3638/3586/2974
f 3653/3601/2942 3575/3527/2942 3640/3588/2942
f 3654/3602/2920 3641/3589/2920 3574/3527/2920
f 3656/3603/2987 3642/3591/2977 3655/3604/2988
f 3657/3605/2989 3643/3590/2976 3656/3603/2987
f 3658/3606/2990 3644/3592/2978 3657/3605/2989
f 3659/3607/2991 3645/3593/2979 3658/3606/2990
f 3660/3608/2992 3646/3594/2980 3659/3607/2991
f 3661/3609/2993 3647/3595/2981 3660/3608/2992
f 3662/3610/2994 3648/3596/2982 3661/3609/2993
f 3662/3610/2994 3650/3598/2984 3649/3597/2983
f 3663/3611/2995 3651/3599/2985 3650/3598/2984
f 3664/3612/2996 3652/3613/2997 3651/3599/2985
f 3666/3614/2942 3575/3527/2942 3653/3601/2942
f 3667/3615/2920 3654/3602/2920 3574/3527/2920
f 3669/3616/2998 3655/3604/2988 3668/3617/2999
f 3670/3618/3000 3656/3603/2987 3669/3616/2998
f 3671/3619/3001 3657/3605/2989 3670/3618/3000
f 3672/3620/3002 3658/3606/2990 3671/3619/3001
f 3673/3621/3003 3659/3607/2991 3672/3620/3002
f 3674/3622/3004 3660/3608/2992 3673/3621/3003
f 3675/3623/3005 3661/3609/2993 3674/3622/3004
f 3675/3623/3005 3663/3611/2995 3662/3610/2994
f 3676/3624/3006 3664/3612/2996 3663/3611/2995
f 3677/3625/3007 3665/3626/3008 3664/3612/2996
f 3679/3627/2942 3575/3527/2942 3666/3614/2942
f 3680/3628/2920 3667/3615/2920 3574/3527/2920
f 3682/3629/3009 3668/3617/2999 3681/3630/3010
f 3683/3631/3011 3669/3616/2998 3682/3629/3009
f 3684/3632/3012 3670/3618/3000 3683/3631/3011
f 3685/3633/3013 3671/3619/3001 3684/3632/3012
f 3686/3634/3014 3672/3620/3002 3685/3633/3013
f 3687/3635/3015 3673/3621/3003 3686/3634/3014
f 3688/3636/3016 3674/3622/3004 3687/3635/3015
f 3688/3636/3016 3676/3624/3006 3675/3623/3005
f 3689/3637/3017 3677/3625/3007 3676/3624/3006
f 3690/3638/3018 3678/3639/3019 3677/3625/3007
f 3692/3640/2942 3575/3527/2942 3679/3627/2942
f 3693/3641/2920 3680/3628/2920 3574/3527/2920
f 3695/3642/3020 3681/3630/3010 3694/3643/3021
f 3696/3644/3022 3682/3629/3009 3695/3642/3020
f 3697/3645/3023 3683/3631/3011 3696/3644/3022
f 3698/3646/3024 3684/3632/3012 3697/3645/3023
f 3699/3647/3025 3685/3633/3013 3698/3646/3024
f 3700/3648/3026 3686/3634/3014 3699/3647/3025
f 3701/3649/3027 3687/3635/3015 3700/3648/3026
f 3701/3649/3027 3689/3637/3017 3688/3636/3016
f 3702/3650/3028 3690/3638/3018 3689/3637/3017
f 3703/3651/3029 3691/3652/3030 3690/3638/3018
f 3705/3641/2942 3575/3527/2942 3692/3640/2942
f 3706/3640/2920 3693/3641/2920 3574/3527/2920
f 3708/3653/3031 3694/3643/3021 3707/3654/3032
f 3709/3655/3033 3695/3642/3020 3708/3653/3031
f 3710/3656/3034 3696/3644/3022 3709/3655/3033
f 3711/3657/3035 3697/3645/3023 3710/3656/3034
f 3712/3658/3036 3698/3646/3024 3711/3657/3035
f 3713/3659/3037 3699/3647/3025 3712/3658/3036
f 3714/3660/3038 3700/3648/3026 3713/3659/3037
f 3714/3660/3038 3702/3650/3028 3701/3649/3027
f 3715/3661/3039 3703/3651/3029 3702/3650/3028
f 3716/3662/3040 3704/3663/3041 3703/3651/3029
f 3718/3628/2942 3575/3527/2942 3705/3641/2942
f 3719/3627/2920 3706/3640/2920 3574/3527/2920
f 3721/3664/3042 3707/3654/3032 3720/3665/3043
f 3722/3666/3044 3708/3653/3031 3721/3664/3042
f 3723/3667/3045 3709/3655/3033 3722/3666/3044
f 3724/3668/3046 3710/3656/3034 3723/3667/3045
f 3725/3669/3047 3711/3657/3035 3724/3668/3046
f 3726/3670/3048 3712/3658/3036 3725/3669/3047
f 3727/3671/3049 3713/3659/3037 3726/3670/3048
f 3727/3671/3049 3715/3661/3039 3714/3660/3038
f 3728/3672/3050 3716/3662/3040 3715/3661/3039
f 3729/3673/3051 3717/3674/3052 3716/3662/3040
f 3731/3615/2942 3575/3527/2942 3718/3628/2942
f 3732/3614/2920 3719/3627/2920 3574/3527/2920
f 3734/3675/3053 3720/3665/3043 3733/3676/3054
f 3735/3677/3055 3721/3664/3042 3734/3675/3053
f 3736/3678/3056 3722/3666/3044 3735/3677/3055
f 3737/3679/3057 3723/3667/3045 3736/3678/3056
f 3738/3680/3058 3724/3668/3046 3737/3679/3057
f 3739/3681/3059 3725/3669/3047 3738/3680/3058
f 3740/3682/3060 3726/3670/3048 3739/3681/3059
f 3740/3682/3060 3728/3672/3050 3727/3671/3049
f 3741/3683/3061 3729/3673/3051 3728/3672/3050
f 3742/3684/3062 3730/3685/3063 3729/3673/3051
f 3744/3602/2942 3575/3527/2942 3731/3615/2942
f 3745/3601/2920 3732/3614/2920 3574/3527/2920
f 3747/3686/3064 3733/3676/3054 3746/3687/3065
f 3748/3688/3066 3734/3675/3053 3747/3686/3064
f 3749/3689/3067 3735/3677/3055 3748/3688/3066
f 3750/3690/3068 3736/3678/3056 3749/3689/3067
f 3751/3691/3069 3737/3679/3057 3750/3690/3068
f 3752/3692/3070 3738/3680/3058 3751/3691/3069
f 3753/3693/3071 3739/3681/3059 3752/3692/3070
f 3753/3693/3071 3741/3683/3061 3740/3682/3060
f 3754/3694/3072 3742/3684/3062 3741/3683/3061
f 3755/3695/3073 3743/3696/3074 3742/3684/3062
f 3757/3589/2942 3575/3527/2942 3744/3602/2942
f 3758/3588/2920 3745/3601/2920 3574/3527/2920
f 3760/3697/3075 3746/3687/3065 3759/3698/3076
f 3761/3699/3077 3747/3686/3064 3760/3697/3075
f 3762/3700/3078 3748/3688/3066 3761/3699/3077
f 3763/3701/3079 3749/3689/3067 3762/3700/3078
f 3764/3702/3080 3750/3690/3068 3763/3701/3079
f 3765/3703/3081 3751/3691/3069 3764/3702/3080
f 3766/3704/3082 3752/3692/3070 3765/3703/3081
f 3766/3704/3082 3754/3694/3072 3753/3693/3071
f 3767/3705/3083 3755/3695/3073 3754/3694/3072
f 3768/3706/3084 3756/3707/3085 3755/3695/3073
f 3770/3576/2942 3575/3527/2942 3757/3589/2942
f 3771/3575/2920 3758/3588/2920 3574/3527/2920
f 3773/3708/3086 3759/3698/3076 3772/3709/3087
f 3774/3710/3088 3760/3697/3075 3773/3708/3086
f 3775/3711/3089 3761/3699/3077 3774/3710/3088
f 3776/3712/3090 3762/3700/3078 3775/3711/3089
f 3777/3713/3091 3763/3701/3079 3776/3712/3090
f 3778/3714/3092 3764/3702/3080 3777/3713/3091
f 3779/3715/3093 3765/3703/3081 3778/3714/3092
f 3779/3715/3093 3767/3705/3083 3766/3704/3082
f 3780/3716/3094 3768/3706/3084 3767/3705/3083
f 3781/3717/3095 3769/3718/3096 3768/3706/3084
f 3783/3563/2942 3575/3527/2942 3770/3576/2942
f 3784/3562/2920 3771/3575/2920 3574/3527/2920
f 3786/3719/3097 3772/3709/3087 3785/3720/3098
f 3787/3721/3099 3773/3708/3086 3786/3719/3097
f 3788/3722/3100 3774/3710/3088 3787/3721/3099
f 3789/3723/3101 3775/3711/3089 3788/3722/3100
f 3790/3724/3102 3776/3712/3090 3789/3723/3101
f 3791/3725/3103 3777/3713/3091 3790/3724/3102
f 3792/3726/3104 3778/3714/3092 3791/3725/3103
f 3792/3726/3104 3780/3716/3094 3779/3715/3093
f 3793/3727/3105 3781/3717/3095 3780/3716/3094
f 3794/3728/3106 3782/3729/3107 3781/3717/3095
f 3796/3550/2942 3575/3527/2942 3783/3563/2942
f 3797/3548/2920 3784/3562/2920 3574/3527/2920
f 3799/3730/3108 3785/3720/3098 3798/3731/3109
f 3800/3732/3110 3786/3719/3097 3799/3730/3108
f 3801/3733/3111 3787/3721/3099 3800/3732/3110
f 3802/3734/3112 3788/3722/3100 3801/3733/3111
f 3803/3735/3113 3789/3723/3101 3802/3734/3112
f 3804/3736/3114 3790/3724/3102 3803/3735/3113
f 3805/3737/3115 3791/3725/3103 3804/3736/3114
f 3805/3737/3115 3793/3727/3105 3792/3726/3104
f 3806/3738/3116 3794/3728/3106 3793/3727/3105
f 3807/3739/3117 3795/3740/3118 3794/3728/3106
f 3809/3525/2942 3575/3527/2942 3796/3550/2942
f 3810/3549/2920 3797/3548/2920 3574/3527/2920
f 3812/3741/3119 3798/3731/3109 3811/3742/3120
f 3813/3743/3121 3799/3730/3108 3812/3741/3119
f 3814/3744/3122 3800/3732/3110 3813/3743/3121
f 3815/3745/3123 3801/3733/3111 3814/3744/3122
f 3816/3527/3124 3802/3734/3112 3815/3745/3123
f 3817/3746/3125 3803/3735/3113 3816/3527/3124
f 3818/3747/3126 3804/3736/3114 3817/3746/3125
f 3818/3747/3126 3806/3738/3116 3805/3737/3115
f 3819/3748/3127 3807/3739/3117 3806/3738/3116
f 3820/3749/3128 3808/3750/3129 3807/3739/3117
f 3822/3526/2942 3575/3527/2942 3809/3525/2942
f 3823/3751/2920 3810/3549/2920 3574/3527/2920
f 3824/3752/3130 3812/3741/3119 3811/3742/3120
f 3825/3753/3131 3813/3743/3121 3812/3741/3119
f 3826/3754/3132 3814/3744/3122 3813/3743/3121
f 3827/3755/3133 3815/3745/3123 3814/3744/3122
f 3828/3756/3134 3816/3527/3124 3815/3745/3123
f 3829/3757/3135 3817/3746/3125 3816/3527/3124
f 3830/3758/3136 3818/3747/3126 3817/3746/3125
f 3832/3759/3137 3818/3747/3126 3831/3760/3138
f 3833/3761/3139 3819/3748/3127 3832/3759/3137
f 3834/3762/3140 3820/3749/3128 3833/3761/3139
f 3835/3763/2942 3575/3527/2942 3822/3526/2942
f 3836/3764/2920 3823/3751/2920 3574/3527/2920
f 3837/3765/3141 3825/3753/3131 3824/3752/3130
f 3838/3766/3142 3826/3754/3132 3825/3753/3131
f 3839/3767/3143 3827/3755/3133 3826/3754/3132
f 3840/3768/3144 3828/3756/3134 3827/3755/3133
f 3841/3769/3145 3829/3757/3135 3828/3756/3134
f 3842/3770/3146 3830/3758/3136 3829/3757/3135
f 3843/3771/3147 3831/3760/3138 3830/3758/3136
f 3845/3772/3148 3831/3760/3138 3844/3773/3149
f 3846/3774/3150 3832/3759/3137 3845/3772/3148
f 3847/3775/3151 3833/3761/3139 3846/3774/3150
f 3848/3776/2942 3575/3527/2942 3835/3763/2942
f 3849/3777/2920 3836/3764/2920 3574/3527/2920
f 3850/3778/3152 3838/3766/3142 3837/3765/3141
f 3851/3779/3153 3839/3767/3143 3838/3766/3142
f 3852/3780/3154 3840/3768/3144 3839/3767/3143
f 3853/3781/3155 3841/3769/3145 3840/3768/3144
f 3854/3782/3156 3842/3770/3146 3841/3769/3145
f 3855/3783/3157 3843/3771/3147 3842/3770/3146
f 3856/3784/3158 3844/3773/3149 3843/3771/3147
f 3858/3785/3159 3844/3773/3149 3857/3786/3160
f 3859/3787/3161 3845/3772/3148 3858/3785/3159
f 3860/3788/3162 3846/3774/3150 3859/3787/3161
f 3861/3789/2942 3575/3527/2942 3848/3776/2942
f 3862/3790/2920 3849/3777/2920 3574/3527/2920
f 3863/3791/3163 3851/3779/3153 3850/3778/3152
f 3864/3792/3164 3852/3780/3154 3851/3779/3153
f 3865/3793/3165 3853/3781/3155 3852/3780/3154
f 3866/3794/3166 3854/3782/3156 3853/3781/3155
f 3867/3795/3167 3855/3783/3157 3854/3782/3156
f 3868/3796/3168 3856/3784/3158 3855/3783/3157
f 3869/3797/3169 3857/3786/3160 3856/3784/3158
f 3871/3798/3170 3857/3786/3160 3870/3799/3171
f 3872/3800/3172 3858/3785/3159 3871/3798/3170
f 3873/3801/3173 3859/3787/3161 3872/3800/3172
f 3874/3802/2942 3575/3527/2942 3861/3789/2942
f 3875/3803/2920 3862/3790/2920 3574/3527/2920
f 3876/3804/3174 3864/3792/3164 3863/3791/3163
f 3877/3805/3175 3865/3793/3165 3864/3792/3164
f 3878/3806/3176 3866/3794/3166 3865/3793/3165
f 3879/3807/3177 3867/3795/3167 3866/3794/3166
f 3880/3808/3178 3868/3796/3168 3867/3795/3167
f 3881/3809/3179 3869/3797/3169 3868/3796/3168
f 3882/3810/3180 3870/3799/3171 3869/3797/3169
f 3884/3811/3181 3870/3799/3171 3883/3812/3182
f 3885/3813/3183 3871/3798/3170 3884/3811/3181
f 3886/3814/3184 3872/3800/3172 3885/3813/3183
f 3887/3815/2942 3575/3527/2942 3874/3802/2942
f 3888/3816/2920 3875/3803/2920 3574/3527/2920
f 3889/3817/3185 3877/3805/3175 3876/3804/3174
f 3890/3818/3186 3878/3806/3176 3877/3805/3175
f 3891/3819/3187 3879/3807/3177 3878/3806/3176
f 3892/3820/3188 3880/3808/3178 3879/3807/3177
f 3893/3821/3189 3881/3809/3179 3880/3808/3178
f 3894/3822/3190 3882/3810/3180 3881/3809/3179
f 3895/3823/3191 3883/3812/3182 3882/3810/3180
f 3897/3824/3192 3883/3812/3182 3896/3825/3193
f 3898/3826/3194 3884/3811/3181 3897/3824/3192
f 3899/3827/3195 3885/3813/3183 3898/3826/3194
f 3900/3828/2942 3575/3527/2942 3887/3815/2942
f 3901/3829/2920 3888/3816/2920 3574/3527/2920
f 3902/3830/3196 3890/3818/3186 3889/3817/3185
f 3903/3831/3197 3891/3819/3187 3890/3818/3186
f 3904/3832/3198 3892/3820/3188 3891/3819/3187
f 3905/3833/3199 3893/3821/3189 3892/3820/3188
f 3906/3834/3200 3894/3822/3190 3893/3821/3189
f 3907/3835/3201 3895/3823/3191 3894/3822/3190
f 3908/3836/3202 3896/3825/3193 3895/3823/3191
f 3910/3837/3203 3896/3825/3193 3909/3838/3204
f 3911/3839/3205 3897/3824/3192 3910/3837/3203
f 3912/3840/3206 3898/3826/3194 3911/3839/3205
f 3913/3841/2942 3575/3527/2942 3900/3828/2942
f 3914/3842/2920 3901/3829/2920 3574/3527/2920
f 3915/3843/3207 3903/3831/3197 3902/3830/3196
f 3916/3844/3208 3904/3832/3198 3903/3831/3197
f 3917/3845/3209 3905/3833/3199 3904/3832/3198
f 3918/3846/3210 3906/3834/3200 3905/3833/3199
f 3919/3847/3211 3907/3835/3201 3906/3834/3200
f 3920/3848/3212 3908/3836/3202 3907/3835/3201
f 3921/3849/3213 3909/3838/3204 3908/3836/3202
f 3923/3850/3214 3909/3838/3204 3922/3851/3215
f 3924/3852/3216 3910/3837/3203 3923/3850/3214
f 3925/3853/3217 3911/3839/3205 3924/3852/3216
f 3926/3854/2942 3575/3527/2942 3913/3841/2942
f 3927/3742/2920 3914/3842/2920 3574/3527/2920
f 3928/3855/3218 3916/3844/3208 3915/3843/3207
f 3929/3856/3219 3917/3845/3209 3916/3844/3208
f 3930/3857/3220 3918/3846/3210 3917/3845/3209
f 3931/3858/3221 3919/3847/3211 3918/3846/3210
f 3932/3859/3222 3920/3848/3212 3919/3847/3211
f 3933/3860/3223 3921/3849/3213 3920/3848/3212
f 3934/3861/3224 3922/3851/3215 3921/3849/3213
f 3936/3862/3225 3922/3851/3215 3935/3863/3226
f 3937/3864/3227 3923/3850/3214 3936/3862/3225
f 3938/3865/3228 3924/3852/3216 3937/3864/3227
f 3939/3742/2942 3575/3527/2942 3926/3854/2942
f 3940/3854/2920 3927/3742/2920 3574/3527/2920
f 3941/3866/3229 3929/3856/3219 3928/3855/3218
f 3942/3867/3230 3930/3857/3220 3929/3856/3219
f 3943/3868/3231 3931/3858/3221 3930/3857/3220
f 3944/3869/3232 3932/3859/3222 3931/3858/3221
f 3945/3870/3233 3933/3860/3223 3932/3859/3222
f 3946/3871/3234 3934/3861/3224 3933/3860/3223
f 3947/3872/3235 3935/3863/3226 3934/3861/3224
f 3949/3873/3236 3935/3863/3226 3948/3874/3237
f 3950/3875/3238 3936/3862/3225 3949/3873/3236
f 3951/3876/3239 3937/3864/3227 3950/3875/3238
f 3952/3842/2942 3575/3527/2942 3939/3742/2942
f 3953/3841/2920 3940/3854/2920 3574/3527/2920
f 3954/3877/3240 3942/3867/3230 3941/3866/3229
f 3955/3878/3241 3943/3868/3231 3942/3867/3230
f 3956/3879/3242 3944/3869/3232 3943/3868/3231
f 3957/3880/3243 3945/3870/3233 3944/3869/3232
f 3958/3881/3244 3946/3871/3234 3945/3870/3233
f 3959/3882/3245 3947/3872/3235 3946/3871/3234
f 3960/3883/3246 3948/3874/3237 3947/3872/3235
f 3962/3884/3247 3948/3874/3237 3961/3885/3248
f 3963/3886/3249 3949/3873/3236 3962/3884/3247
f 3964/3887/3250 3950/3875/3238 3963/3886/3249
f 3965/3829/2942 3575/3527/2942 3952/3842/2942
f 3966/3828/2920 3953/3841/2920 3574/3527/2920
f 3967/3888/3251 3955/3878/3241 3954/3877/3240
f 3968/3889/3252 3956/3879/3242 3955/3878/3241
f 3969/3890/3253 3957/3880/3243 3956/3879/3242
f 3970/3891/3254 3958/3881/3244 3957/3880/3243
f 3971/3892/3255 3959/3882/3245 3958/3881/3244
f 3972/3893/3256 3960/3883/3246 3959/3882/3245
f 3973/3894/3257 3961/3885/3248 3960/3883/3246
f 3975/3895/3258 3961/3885/3248 3974/3896/3259
f 3976/3897/3260 3962/3884/3247 3975/3895/3258
f 3977/3898/3261 3963/3886/3249 3976/3897/3260
f 3978/3816/2942 3575/3527/2942 3965/3829/2942
f 3979/3815/2920 3966/3828/2920 3574/3527/2920
f 3980/3899/3262 3968/3889/3252 3967/3888/3251
f 3981/3900/3263 3969/3890/3253 3968/3889/3252
f 3982/3901/3264 3970/3891/3254 3969/3890/3253
f 3983/3902/3265 3971/3892/3255 3970/3891/3254
f 3984/3903/3266 3972/3893/3256 3971/3892/3255
f 3985/3904/3267 3973/3894/3257 3972/3893/3256
f 3986/3905/3268 3974/3896/3259 3973/3894/3257
f 3988/3906/3269 3974/3896/3259 3987/3907/3270
f 3989/3908/3271 3975/3895/3258 3988/3906/3269
f 3990/3909/3272 3976/3897/3260 3989/3908/3271
f 3991/3803/2942 3575/3527/2942 3978/3816/2942
f 3992/3802/2920 3979/3815/2920 3574/3527/2920
f 3993/3910/3273 3981/3900/3263 3980/3899/3262
f 3994/3911/3274 3982/3901/3264 3981/3900/3263
f 3995/3912/3275 3983/3902/3265 3982/3901/3264
f 3996/3913/3276 3984/3903/3266 3983/3902/3265
f 3997/3914/3277 3985/3904/3267 3984/3903/3266
f 3998/3915/3278 3986/3905/3268 3985/3904/3267
f 3999/3916/3279 3987/3907/3270 3986/3905/3268
f 4001/3917/3280 3987/3907/3270 4000/3918/3281
f 4002/3919/3282 3988/3906/3269 4001/3917/3280
f 4003/3920/3283 3989/3908/3271 4002/3919/3282
f 4004/3790/2942 3575/3527/2942 3991/3803/2942
f 4005/3789/2920 3992/3802/2920 3574/3527/2920
f 4006/3921/3284 3994/3911/3274 3993/3910/3273
f 4007/3922/3285 3995/3912/3275 3994/3911/3274
f 4008/3923/3286 3996/3913/3276 3995/3912/3275
f 4009/3924/3287 3997/3914/3277 3996/3913/3276
f 4010/3925/3288 3998/3915/3278 3997/3914/3277
f 4011/3926/3289 3999/3916/3279 3998/3915/3278
f 4012/3927/3290 4000/3918/3281 3999/3916/3279
f 4014/3928/3291 4000/3918/3281 4013/3929/3292
f 4015/3930/3293 4001/3917/3280 4014/3928/3291
f 4016/3931/3294 4002/3919/3282 4015/3930/3293
f 4017/3777/2942 3575/3527/2942 4004/3790/2942
f 4018/3776/2920 4005/3789/2920 3574/3527/2920
f 4019/3932/3295 4007/3922/3285 4006/3921/3284
f 4020/3933/3296 4008/3923/3286 4007/3922/3285
f 4021/3934/3297 4009/3924/3287 4008/3923/3286
f 4022/3935/3298 4010/3925/3288 4009/3924/3287
f 4023/3936/3299 4011/3926/3289 4010/3925/3288
f 4024/3937/3300 4012/3927/3290 4011/3926/3289
f 4025/3938/3301 4013/3929/3292 4012/3927/3290
f 4027/3939/3302 4013/3929/3292 4026/3940/3303
f 4028/3941/3304 4014/3928/3291 4027/3939/3302
f 4029/3942/3305 4015/3930/3293 4028/3941/3304
f 4030/3764/2942 3575/3527/2942 4017/3777/2942
f 4031/3763/2920 4018/3776/2920 3574/3527/2920
f 4032/3943/3306 4020/3933/3296 4019/3932/3295
f 4033/3944/3307 4021/3934/3297 4020/3933/3296
f 4034/3945/3308 4022/3935/3298 4021/3934/3297
f 4035/3946/3309 4023/3936/3299 4022/3935/3298
f 4036/3947/3310 4024/3937/3300 4023/3936/3299
f 4037/3948/3311 4025/3938/3301 4024/3937/3300
f 4038/3949/3312 4026/3940/3303 4025/3938/3301
f 4040/3950/3313 4026/3940/3303 4039/3951/3314
f 4041/3952/3315 4027/3939/3302 4040/3950/3313
f 4042/3953/3316 4028/3941/3304 4041/3952/3315
f 4043/3751/2942 3575/3527/2942 4030/3764/2942
f 3576/3526/2920 4031/3763/2920 3574/3527/2920
f 3577/3954/2922 4033/3944/3307 4032/3943/3306
f 3578/3955/2925 4034/3945/3308 4033/3944/3307
f 3579/3956/2927 4035/3946/3309 4034/3945/3308
f 3580/3957/2929 4036/3947/3310 4035/3946/3309
f 3581/3958/2931 4037/3948/3311 4036/3947/3310
f 3582/3549/2933 4038/3949/3312 4037/3948/3311
f 3583/3959/2935 4039/3951/3314 4038/3949/3312
f 3585/3960/2936 4039/3951/3314 3584/3961/2937
f 3586/3962/2939 4040/3950/3313 3585/3960/2936
f 3587/3963/2941 4041/3952/3315 3586/3962/2939
f 3588/3549/2942 3575/3527/2942 4043/3751/2942
f 3591/3528/2921 3578/3532/2925 3577/3529/2922
f 3592/3531/2924 3579/3534/2927 3578/3532/2925
f 3593/3533/2926 3580/3536/2929 3579/3534/2927
f 3594/3535/2928 3581/3538/2931 3580/3536/2929
f 3595/3537/2930 3582/3526/2933 3581/3538/2931
f 3596/3539/2932 3583/3541/2935 3582/3526/2933
f 3597/3540/2934 3584/3543/2937 3583/3541/2935
f 3597/3540/2934 3598/3544/2938 3585/3542/2936
f 3598/3544/2938 3599/3546/2940 3586/3545/2939
f 3599/3546/2940 3600/3561/2953 3587/3547/2941
f 3604/3551/2943 3591/3528/2921 3590/3530/2923
f 3605/3553/2945 3592/3531/2924 3591/3528/2921
f 3606/3554/2946 3593/3533/2926 3592/3531/2924
f 3607/3555/2947 3594/3535/2928 3593/3533/2926
f 3608/3556/2948 3595/3537/2930 3594/3535/2928
f 3609/3557/2949 3596/3539/2932 3595/3537/2930
f 3610/3558/2950 3597/3540/2934 3596/3539/2932
f 3610/3558/2950 3611/3559/2951 3598/3544/2938
f 3611/3559/2951 3612/3560/2952 3599/3546/2940
f 3612/3560/2952 3613/3574/2964 3600/3561/2953
f 3617/3564/2954 3604/3551/2943 3603/3552/2944
f 3618/3566/2956 3605/3553/2945 3604/3551/2943
f 3619/3567/2957 3606/3554/2946 3605/3553/2945
f 3620/3568/2958 3607/3555/2947 3606/3554/2946
f 3621/3569/2959 3608/3556/2948 3607/3555/2947
f 3622/3570/2960 3609/3557/2949 3608/3556/2948
f 3623/3571/2961 3610/3558/2950 3609/3557/2949
f 3623/3571/2961 3624/3572/2962 3611/3559/2951
f 3624/3572/2962 3625/3573/2963 3612/3560/2952
f 3625/3573/2963 3626/3587/2975 3613/3574/2964
f 3630/3577/2965 3617/3564/2954 3616/3565/2955
f 3631/3579/2967 3618/3566/2956 3617/3564/2954
f 3632/3580/2968 3619/3567/2957 3618/3566/2956
f 3633/3581/2969 3620/3568/2958 3619/3567/2957
f 3634/3582/2970 3621/3569/2959 3620/3568/2958
f 3635/3583/2971 3622/3570/2960 3621/3569/2959
f 3636/3584/2972 3623/3571/2961 3622/3570/2960
f 3636/3584/2972 3637/3585/2973 3624/3572/2962
f 3637/3585/2973 3638/3586/2974 3625/3573/2963
f 3638/3586/2974 3639/3600/2986 3626/3587/2975
f 3643/3590/2976 3630/3577/2965 3629/3578/2966
f 3644/3592/2978 3631/3579/2967 3630/3577/2965
f 3645/3593/2979 3632/3580/2968 3631/3579/2967
f 3646/3594/2980 3633/3581/2969 3632/3580/2968
f 3647/3595/2981 3634/3582/2970 3633/3581/2969
f 3648/3596/2982 3635/3583/2971 3634/3582/2970
f 3649/3597/2983 3636/3584/2972 3635/3583/2971
f 3649/3597/2983 3650/3598/2984 3637/3585/2973
f 3650/3598/2984 3651/3599/2985 3638/3586/2974
f 3651/3599/2985 3652/3613/2997 3639/3600/2986
f 3656/3603/2987 3643/3590/2976 3642/3591/2977
f 3657/3605/2989 3644/3592/2978 3643/3590/2976
f 3658/3606/2990 3645/3593/2979 3644/3592/2978
f 3659/3607/2991 3646/3594/2980 3645/3593/2979
f 3660/3608/2992 3647/3595/2981 3646/3594/2980
f 3661/3609/2993 3648/3596/2982 3647/3595/2981
f 3662/3610/2994 3649/3597/2983 3648/3596/2982
f 3662/3610/2994 3663/3611/2995 3650/3598/2984
f 3663/3611/2995 3664/3612/2996 3651/3599/2985
f 3664/3612/2996 3665/3626/3008 3652/3613/2997
f 3669/3616/2998 3656/3603/2987 3655/3604/2988
f 3670/3618/3000 3657/3605/2989 3656/3603/2987
f 3671/3619/3001 3658/3606/2990 3657/3605/2989
f 3672/3620/3002 3659/3607/2991 3658/3606/2990
f 3673/3621/3003 3660/3608/2992 3659/3607/2991
f 3674/3622/3004 3661/3609/2993 3660/3608/2992
f 3675/3623/3005 3662/3610/2994 3661/3609/2993
f 3675/3623/3005 3676/3624/3006 3663/3611/2995
f 3676/3624/3006 3677/3625/3007 3664/3612/2996
f 3677/3625/3007 3678/3639/3019 3665/3626/3008
f 3682/3629/3009 3669/3616/2998 3668/3617/2999
f 3683/3631/3011 3670/3618/3000 3669/3616/2998
f 3684/3632/3012 3671/3619/3001 3670/3618/3000
f 3685/3633/3013 3672/3620/3002 3671/3619/3001
f 3686/3634/3014 3673/3621/3003 3672/3620/3002
f 3687/3635/3015 3674/3622/3004 3673/3621/3003
f 3688/3636/3016 3675/3623/3005 3674/3622/3004
f 3688/3636/3016 3689/3637/3017 3676/3624/3006
f 3689/3637/3017 3690/3638/3018 3677/3625/3007
f 3690/3638/3018 3691/3652/3030 3678/3639/3019
f 3695/3642/3020 3682/3629/3009 3681/3630/3010
f 3696/3644/3022 3683/3631/3011 3682/3629/3009
f 3697/3645/3023 3684/3632/3012 3683/3631/3011
f 3698/3646/3024 3685/3633/3013 3684/3632/3012
f 3699/3647/3025 3686/3634/3014 3685/3633/3013
f 3700/3648/3026 3687/3635/3015 3686/3634/3014
f 3701/3649/3027 3688/3636/3016 3687/3635/3015
f 3701/3649/3027 3702/3650/3028 3689/3637/3017
f 3702/3650/3028 3703/3651/3029 3690/3638/3018
f 3703/3651/3029 3704/3663/3041 3691/3652/3030
f 3708/3653/3031 3695/3642/3020 3694/3643/3021
f 3709/3655/3033 3696/3644/3022 3695/3642/3020
f 3710/3656/3034 3697/3645/3023 3696/3644/3022
f 3711/3657/3035 3698/3646/3024 3697/3645/3023
f 3712/3658/3036 3699/3647/3025 3698/3646/3024
f 3713/3659/3037 3700/3648/3026 3699/3647/3025
f 3714/3660/3038 3701/3649/3027 3700/3648/3026
f 3714/3660/3038 3715/3661/3039 3702/3650/3028
f 3715/3661/3039 3716/3662/3040 3703/3651/3029
f 3716/3662/3040 3717/3674/3052 3704/3663/3041
f 3721/3664/3042 3708/3653/3031 3707/3654/3032
f 3722/3666/3044 3709/3655/3033 3708/3653/3031
f 3723/3667/3045 3710/3656/3034 3709/3655/3033
f 3724/3668/3046 3711/3657/3035 3710/3656/3034
f 3725/3669/3047 3712/3658/3036 3711/3657/3035
f 3726/3670/3048 3713/3659/3037 3712/3658/3036
f 3727/3671/3049 3714/3660/3038 3713/3659/3037
f 3727/3671/3049 3728/3672/3050 3715/3661/3039
f 3728/3672/3050 3729/3673/3051 3716/3662/3040
f 3729/3673/3051 3730/3685/3063 3717/3674/3052
f 3734/3675/3053 3721/3664/3042 3720/3665/3043
f 3735/3677/3055 3722/3666/3044 3721/3664/3042
f 3736/3678/3056 3723/3667/3045 3722/3666/3044
f 3737/3679/3057 3724/3668/3046 3723/3667/3045
f 3738/3680/3058 3725/3669/3047 3724/3668/3046
f 3739/3681/3059 3726/3670/3048 3725/3669/3047
f 3740/3682/3060 3727/3671/3049 3726/3670/3048
f 3740/3682/3060 3741/3683/3061 3728/3672/3050
f 3741/3683/3061 3742/3684/3062 3729/3673/3051
f 3742/3684/3062 3743/3696/3074 3730/3685/3063
f 3747/3686/3064 3734/3675/3053 3733/3676/3054
f 3748/3688/3066 3735/3677/3055 3734/3675/3053
f 3749/3689/3067 3736/3678/3056 3735/3677/3055
f 3750/3690/3068 3737/3679/3057 3736/3678/3056
f 3751/3691/3069 3738/3680/3058 3737/3679/3057
f 3752/3692/3070 3739/3681/3059 3738/3680/3058
f 3753/3693/3071 3740/3682/3060 3739/3681/3059
f 3753/3693/3071 3754/3694/3072 3741/3683/3061
f 3754/3694/3072 3755/3695/3073 3742/3684/3062
f 3755/3695/3073 3756/3707/3085 3743/3696/3074
f 3760/3697/3075 3747/3686/3064 3746/3687/3065
f 3761/3699/3077 3748/3688/3066 3747/3686/3064
f 3762/3700/3078 3749/3689/3067 3748/3688/3066
f 3763/3701/3079 3750/3690/3068 3749/3689/3067
f 3764/3702/3080 3751/3691/3069 3750/3690/3068
f 3765/3703/3081 3752/3692/3070 3751/3691/3069
f 3766/3704/3082 3753/3693/3071 3752/3692/3070
f 3766/3704/3082 3767/3705/3083 3754/3694/3072
f 3767/3705/3083 3768/3706/3084 3755/3695/3073
f 3768/3706/3084 3769/3718/3096 3756/3707/3085
f 3773/3708/3086 3760/3697/3075 3759/3698/3076
f 3774/3710/3088 3761/3699/3077 3760/3697/3075
f 3775/3711/3089 3762/3700/3078 3761/3699/3077
f 3776/3712/3090 3763/3701/3079 3762/3700/3078
f 3777/3713/3091 3764/3702/3080 3763/3701/3079
f 3778/3714/3092 3765/3703/3081 3764/3702/3080
f 3779/3715/3093 3766/3704/3082 3765/3703/3081
f 3779/3715/3093 3780/3716/3094 3767/3705/3083
f 3780/3716/3094 3781/3717/3095 3768/3706/3084
f 3781/3717/3095 3782/3729/3107 3769/3718/3096
f 3786/3719/3097 3773/3708/3086 3772/3709/3087
f 3787/3721/3099 3774/3710/3088 3773/3708/3086
f 3788/3722/3100 3775/3711/3089 3774/3710/3088
f 3789/3723/3101 3776/3712/3090 3775/3711/3089
f 3790/3724/3102 3777/3713/3091 3776/3712/3090
f 3791/3725/3103 3778/3714/3092 3777/3713/3091
f 3792/3726/3104 3779/3715/3093 3778/3714/3092
f 3792/3726/3104 3793/3727/3105 3780/3716/3094
f 3793/3727/3105 3794/3728/3106 3781/3717/3095
f 3794/3728/3106 3795/3740/3118 3782/3729/3107
f 3799/3730/3108 3786/3719/3097 3785/3720/3098
f 3800/3732/3110 3787/3721/3099 3786/3719/3097
f 3801/3733/3111 3788/3722/3100 3787/3721/3099
f 3802/3734/3112 3789/3723/3101 3788/3722/3100
f 3803/3735/3113 3790/3724/3102 3789/3723/3101
f 3804/3736/3114 3791/3725/3103 3790/3724/3102
f 3805/3737/3115 3792/3726/3104 3791/3725/3103
f 3805/3737/3115 3806/3738/3116 3793/3727/3105
f 3806/3738/3116 3807/3739/3117 3794/3728/3106
f 3807/3739/3117 3808/3750/3129 3795/3740/3118
f 3812/3741/3119 3799/3730/3108 3798/3731/3109
f 3813/3743/3121 3800/3732/3110 3799/3730/3108
f 3814/3744/3122 3801/3733/3111 3800/3732/3110
f 3815/3745/3123 3802/3734/3112 3801/3733/3111
f 3816/3527/3124 3803/3735/3113 3802/3734/3112
f 3817/3746/3125 3804/3736/3114 3803/3735/3113
f 3818/3747/3126 3805/3737/3115 3804/3736/3114
f 3818/3747/3126 3819/3748/3127 3806/3738/3116
f 3819/3748/3127 3820/3749/3128 3807/3739/3117
f 3820/3749/3128 3821/3641/3317 3808/3750/3129
f 3824/3752/3130 3825/3753/3131 3812/3741/3119
f 3825/3753/3131 3826/3754/3132 3813/3743/3121
f 3826/3754/3132 3827/3755/3133 3814/3744/3122
f 3827/3755/3133 3828/3756/3134 3815/3745/3123
f 3828/3756/3134 3829/3757/3135 3816/3527/3124
f 3829/3757/3135 3830/3758/3136 3817/3746/3125
f 3830/3758/3136 3831/3760/3138 3818/3747/3126
f 3832/3759/3137 3819/3748/3127 3818/3747/3126
f 3833/3761/3139 3820/3749/3128 3819/3748/3127
f 3834/3762/3140 3821/3641/3317 3820/3749/3128
f 3837/3765/3141 3838/3766/3142 3825/3753/3131
f 3838/3766/3142 3839/3767/3143 3826/3754/3132
f 3839/3767/3143 3840/3768/3144 3827/3755/3133
f 3840/3768/3144 3841/3769/3145 3828/3756/3134
f 3841/3769/3145 3842/3770/3146 3829/3757/3135
f 3842/3770/3146 3843/3771/3147 3830/3758/3136
f 3843/3771/3147 3844/3773/3149 3831/3760/3138
f 3845/3772/3148 3832/3759/3137 3831/3760/3138
f 3846/3774/3150 3833/3761/3139 3832/3759/3137
f 3847/3775/3151 3834/3762/3140 3833/3761/3139
f 3850/3778/3152 3851/3779/3153 3838/3766/3142
f 3851/3779/3153 3852/3780/3154 3839/3767/3143
f 3852/3780/3154 3853/3781/3155 3840/3768/3144
f 3853/3781/3155 3854/3782/3156 3841/3769/3145
f 3854/3782/3156 3855/3783/3157 3842/3770/3146
f 3855/3783/3157 3856/3784/3158 3843/3771/3147
f 3856/3784/3158 3857/3786/3160 3844/3773/3149
f 3858/3785/3159 3845/3772/3148 3844/3773/3149
f 3859/3787/3161 3846/3774/3150 3845/3772/3148
f 3860/3788/3162 3847/3775/3151 3846/3774/3150
f 3863/3791/3163 3864/3792/3164 3851/3779/3153
f 3864/3792/3164 3865/3793/3165 3852/3780/3154
f 3865/3793/3165 3866/3794/3166 3853/3781/3155
f 3866/3794/3166 3867/3795/3167 3854/3782/3156
f 3867/3795/3167 3868/3796/3168 3855/3783/3157
f 3868/3796/3168 3869/3797/3169 3856/3784/3158
f 3869/3797/3169 3870/3799/3171 3857/3786/3160
f 3871/3798/3170 3858/3785/3159 3857/3786/3160
f 3872/3800/3172 3859/3787/3161 3858/3785/3159
f 3873/3801/3173 3860/3788/3162 3859/3787/3161
f 3876/3804/3174 3877/3805/3175 3864/3792/3164
f 3877/3805/3175 3878/3806/3176 3865/3793/3165
f 3878/3806/3176 3879/3807/3177 3866/3794/3166
f 3879/3807/3177 3880/3808/3178 3867/3795/3167
f 3880/3808/3178 3881/3809/3179 3868/3796/3168
f 3881/3809/3179 3882/3810/3180 3869/3797/3169
f 3882/3810/3180 3883/3812/3182 3870/3799/3171
f 3884/3811/3181 3871/3798/3170 3870/3799/3171
f 3885/3813/3183 3872/3800/3172 3871/3798/3170
f 3886/3814/3184 3873/3801/3173 3872/3800/3172
f 3889/3817/3185 3890/3818/3186 3877/3805/3175
f 3890/3818/3186 3891/3819/3187 3878/3806/3176
f 3891/3819/3187 3892/3820/3188 3879/3807/3177
f 3892/3820/3188 3893/3821/3189 3880/3808/3178
f 3893/3821/3189 3894/3822/3190 3881/3809/3179
f 3894/3822/3190 3895/3823/3191 3882/3810/3180
f 3895/3823/3191 3896/3825/3193 3883/3812/3182
f 3897/3824/3192 3884/3811/3181 3883/3812/3182
f 3898/3826/3194 3885/3813/3183 3884/3811/3181
f 3899/3827/3195 3886/3814/3184 3885/3813/3183
f 3902/3830/3196 3903/3831/3197 3890/3818/3186
f 3903/3831/3197 3904/3832/3198 3891/3819/3187
f 3904/3832/3198 3905/3833/3199 3892/3820/3188
f 3905/3833/3199 3906/3834/3200 3893/3821/3189
f 3906/3834/3200 3907/3835/3201 3894/3822/3190
f 3907/3835/3201 3908/3836/3202 3895/3823/3191
f 3908/3836/3202 3909/3838/3204 3896/3825/3193
f 3910/3837/3203 3897/3824/3192 3896/3825/3193
f 3911/3839/3205 3898/3826/3194 3897/3824/3192
f 3912/3840/3206 3899/3827/3195 3898/3826/3194
f 3915/3843/3207 3916/3844/3208 3903/3831/3197
f 3916/3844/3208 3917/3845/3209 3904/3832/3198
f 3917/3845/3209 3918/3846/3210 3905/3833/3199
f 3918/3846/3210 3919/3847/3211 3906/3834/3200
f 3919/3847/3211 3920/3848/3212 3907/3835/3201
f 3920/3848/3212 3921/3849/3213 3908/3836/3202
f 3921/3849/3213 3922/3851/3215 3909/3838/3204
f 3923/3850/3214 3910/3837/3203 3909/3838/3204
f 3924/3852/3216 3911/3839/3205 3910/3837/3203
f 3925/3853/3217 3912/3840/3206 3911/3839/3205
f 3928/3855/3218 3929/3856/3219 3916/3844/3208
f 3929/3856/3219 3930/3857/3220 3917/3845/3209
f 3930/3857/3220 3931/3858/3221 3918/3846/3210
f 3931/3858/3221 3932/3859/3222 3919/3847/3211
f 3932/3859/3222 3933/3860/3223 3920/3848/3212
f 3933/3860/3223 3934/3861/3224 3921/3849/3213
f 3934/3861/3224 3935/3863/3226 3922/3851/3215
f 3936/3862/3225 3923/3850/3214 3922/3851/3215
f 3937/3864/3227 3924/3852/3216 3923/3850/3214
f 3938/3865/3228 3925/3853/3217 3924/3852/3216
f 3941/3866/3229 3942/3867/3230 3929/3856/3219
f 3942/3867/3230 3943/3868/3231 3930/3857/3220
f 3943/3868/3231 3944/3869/3232 3931/3858/3221
f 3944/3869/3232 3945/3870/3233 3932/3859/3222
f 3945/3870/3233 3946/3871/3234 3933/3860/3223
f 3946/3871/3234 3947/3872/3235 3934/3861/3224
f 3947/3872/3235 3948/3874/3237 3935/3863/3226
f 3949/3873/3236 3936/3862/3225 3935/3863/3226
f 3950/3875/3238 3937/3864/3227 3936/3862/3225
f 3951/3876/3239 3938/3865/3228 3937/3864/3227
f 3954/3877/3240 3955/3878/3241 3942/3867/3230
f 3955/3878/3241 3956/3879/3242 3943/3868/3231
f 3956/3879/3242 3957/3880/3243 3944/3869/3232
f 3957/3880/3243 3958/3881/3244 3945/3870/3233
f 3958/3881/3244 3959/3882/3245 3946/3871/3234
f 3959/3882/3245 3960/3883/3246 3947/3872/3235
f 3960/3883/3246 3961/3885/3248 3948/3874/3237
f 3962/3884/3247 3949/3873/3236 3948/3874/3237
f 3963/3886/3249 3950/3875/3238 3949/3873/3236
f 3964/3887/3250 3951/3876/3239 3950/3875/3238
f 3967/3888/3251 3968/3889/3252 3955/3878/3241
f 3968/3889/3252 3969/3890/3253 3956/3879/3242
f 3969/3890/3253 3970/3891/3254 3957/3880/3243
f 3970/3891/3254 3971/3892/3255 3958/3881/3244
f 3971/3892/3255 3972/3893/3256 3959/3882/3245
f 3972/3893/3256 3973/3894/3257 3960/3883/3246
f 3973/3894/3257 3974/3896/3259 3961/3885/3248
f 3975/3895/3258 3962/3884/3247 3961/3885/3248
f 3976/3897/3260 3963/3886/3249 3962/3884/3247
f 3977/3898/3261 3964/3887/3250 3963/3886/3249
f 3980/3899/3262 3981/3900/3263 3968/3889/3252
f 3981/3900/3263 3982/3901/3264 3969/3890/3253
f 3982/3901/3264 3983/3902/3265 3970/3891/3254
f 3983/3902/3265 3984/3903/3266 3971/3892/3255
f 3984/3903/3266 3985/3904/3267 3972/3893/3256
f 3985/3904/3267 3986/3905/3268 3973/3894/3257
f 3986/3905/3268 3987/3907/3270 3974/3896/3259
f 3988/3906/3269 3975/3895/3258 3974/3896/3259
f 3989/3908/3271 3976/3897/3260 3975/3895/3258
f 3990/3909/3272 3977/3898/3261 3976/3897/3260
f 3993/3910/3273 3994/3911/3274 3981/3900/3263
f 3994/3911/3274 3995/3912/3275 3982/3901/3264
f 3995/3912/3275 3996/3913/3276 3983/3902/3265
f 3996/3913/3276 3997/3914/3277 3984/3903/3266
f 3997/3914/3277 3998/3915/3278 3985/3904/3267
f 3998/3915/3278 3999/3916/3279 3986/3905/3268
f 3999/3916/3279 4000/3918/3281 3987/3907/3270
f 4001/3917/3280 3988/3906/3269 3987/3907/3270
f 4002/3919/3282 3989/3908/3271 3988/3906/3269
f 4003/3920/3283 3990/3909/3272 3989/3908/3271
f 4006/3921/3284 4007/3922/3285 3994/3911/3274
f 4007/3922/3285 4008/3923/3286 3995/3912/3275
f 4008/3923/3286 4009/3924/3287 3996/3913/3276
f 4009/3924/3287 4010/3925/3288 3997/3914/3277
f 4010/3925/3288 4011/3926/3289 3998/3915/3278
f 4011/3926/3289 4012/3927/3290 3999/3916/3279
f 4012/3927/3290 4013/3929/3292 4000/3918/3281
f 4014/3928/3291 4001/3917/3280 4000/3918/3281
f 4015/3930/3293 4002/3919/3282 4001/3917/3280
f 4016/3931/3294 4003/3920/3283 4002/3919/3282
f 4019/3932/3295 4020/3933/3296 4007/3922/3285
f 4020/3933/3296 4021/3934/3297 4008/3923/3286
f 4021/3934/3297 4022/3935/3298 4009/3924/3287
f 4022/3935/3298 4023/3936/3299 4010/3925/3288
f 4023/3936/3299 4024/3937/3300 4011/3926/3289
f 4024/3937/3300 4025/3938/3301 4012/3927/3290
f 4025/3938/3301 4026/3940/3303 4013/3929/3292
f 4027/3939/3302 4014/3928/3291 4013/3929/3292
f 4028/3941/3304 4015/3930/3293 4014/3928/3291
f 4029/3942/3305 4016/3931/3294 4015/3930/3293
f 4032/3943/3306 4033/3944/3307 4020/3933/3296
f 4033/3944/3307 4034/3945/3308 4021/3934/3297
f 4034/3945/3308 4035/3946/3309 4022/3935/3298
f 4035/3946/3309 4036/3947/3310 4023/3936/3299
f 4036/3947/3310 4037/3948/3311 4024/3937/3300
f 4037/3948/3311 4038/3949/3312 4025/3938/3301
f 4038/3949/3312 4039/3951/3314 4026/3940/3303
f 4040/3950/3313 4027/3939/3302 4026/3940/3303
f 4041/3952/3315 4028/3941/3304 4027/3939/3302
f 4042/3953/3316 4029/3942/3305 4028/3941/3304
f 3577/3954/2922 3578/3955/2925 4033/3944/3307
f 3578/3955/2925 3579/3956/2927 4034/3945/3308
f 3579/3956/2927 3580/3957/2929 4035/3946/3309
f 3580/3957/2929 3581/3958/2931 4036/3947/3310
f 3581/3958/2931 3582/3549/2933 4037/3948/3311
f 3582/3549/2933 3583/3959/2935 4038/3949/3312
f 3583/3959/2935 3584/3961/2937 4039/3951/3314
f 3585/3960/2936 4040/3950/3313 4039/3951/3314
f 3586/3962/2939 4041/3952/3315 4040/3950/3313
f 3587/3963/2941 4042/3953/3316 4041/3952/3315
o Cylinder_3
v 0.006195 3.503053 0.010533
v 0.005203 3.277305 0.008294
v -0.204008 3.503165 0.010534
v -0.115849 3.506847 0.006447
v -0.117742 3.484274 0.006465
v -0.118115 3.461700 0.006468
v -0.116970 3.439123 0.006458
v -0.114310 3.416544 0.006433
v -0.110135 3.393964 0.006394
v -0.104449 3.371381 0.006341
v -0.097252 3.348796 0.006273
v -0.088548 3.326208 0.006192
v -0.078337 3.303619 0.006096
v -0.066623 3.281028 0.005986
v -0.114431 3.277290 0.008290
v -0.200814 3.503164 -0.025967
v -0.181549 3.503154 -0.023969
v -0.184087 3.480582 -0.024373
v -0.184281 3.458007 -0.024407
v -0.182132 3.435429 -0.024070
v -0.177643 3.412848 -0.023364
v -0.170816 3.390264 -0.022287
v -0.161651 3.367676 -0.020840
v -0.150153 3.345084 -0.019023
v -0.136321 3.322490 -0.016835
v -0.120159 3.299892 -0.014278
v -0.101668 3.277292 -0.011350
v -0.112616 3.277290 -0.012485
v -0.191330 3.503159 -0.061359
v -0.191330 3.503159 -0.061359
v -0.194002 3.480587 -0.062278
v -0.194206 3.458013 -0.062355
v -0.191944 3.435435 -0.061589
v -0.187218 3.412853 -0.059980
v -0.180030 3.390268 -0.057529
v -0.170382 3.367679 -0.054234
v -0.158276 3.345087 -0.050097
v -0.143713 3.322492 -0.045118
v -0.126696 3.299893 -0.039295
v -0.107227 3.277291 -0.032630
v -0.107227 3.277291 -0.032630
v -0.175842 3.503150 -0.094566
v -0.175842 3.503150 -0.094566
v -0.178302 3.480579 -0.095943
v -0.178490 3.458004 -0.096059
v -0.176407 3.435426 -0.094912
v -0.172056 3.412845 -0.092503
v -0.165439 3.390261 -0.088831
v -0.156557 3.367673 -0.083897
v -0.145413 3.345083 -0.077701
v -0.132008 3.322489 -0.070242
v -0.116345 3.299892 -0.061521
v -0.098424 3.277292 -0.051538
v -0.098424 3.277292 -0.051538
v -0.154824 3.503139 -0.124577
v -0.138540 3.503130 -0.117048
v -0.140488 3.480558 -0.118739
v -0.140636 3.457983 -0.118882
v -0.138984 3.435406 -0.117480
v -0.135535 3.412826 -0.114530
v -0.130291 3.390244 -0.110034
v -0.123254 3.367659 -0.103992
v -0.114426 3.345072 -0.096403
v -0.103809 3.322482 -0.087267
v -0.091404 3.299890 -0.076585
v -0.077214 3.277295 -0.064357
v -0.086475 3.277293 -0.068634
v -0.128913 3.503125 -0.150482
v -0.084900 3.502577 -0.103738
v -0.086083 3.480004 -0.105214
v -0.086143 3.457429 -0.105313
v -0.085083 3.434852 -0.104034
v -0.082904 3.412274 -0.101378
v -0.079609 3.389695 -0.097343
v -0.075198 3.367114 -0.091931
v -0.069676 3.344531 -0.085141
v -0.063042 3.321947 -0.076974
v -0.055300 3.299361 -0.067428
v -0.046450 3.276773 -0.056505
v -0.071738 3.277295 -0.083401
v -0.098898 3.503109 -0.171493
v -0.089650 3.503104 -0.159463
v -0.090925 3.480531 -0.161744
v -0.091017 3.457956 -0.161941
v -0.089928 3.435380 -0.160056
v -0.087660 3.412802 -0.156088
v -0.084214 3.390222 -0.150038
v -0.079593 3.367640 -0.141904
v -0.073799 3.345057 -0.131689
v -0.066833 3.322473 -0.119390
v -0.058698 3.299886 -0.105009
v -0.049396 3.277298 -0.088545
v -0.054659 3.277297 -0.095391
v -0.065691 3.503092 -0.186972
v -0.065691 3.503092 -0.186972
v -0.066635 3.480518 -0.189635
v -0.066699 3.457943 -0.189868
v -0.065885 3.435367 -0.187670
v -0.064194 3.412790 -0.183042
v -0.061629 3.390211 -0.175984
v -0.058192 3.367631 -0.166495
v -0.053884 3.345050 -0.154576
v -0.048707 3.322468 -0.140226
v -0.042663 3.299885 -0.123447
v -0.035755 3.277300 -0.104236
v -0.035755 3.277300 -0.104236
v -0.030301 3.503073 -0.196449
v -0.030301 3.503073 -0.196449
v -0.030756 3.480499 -0.199247
v -0.030778 3.457923 -0.199495
v -0.030369 3.435348 -0.197192
v -0.029530 3.412772 -0.192339
v -0.028265 3.390195 -0.184936
v -0.026574 3.367618 -0.174983
v -0.024460 3.345040 -0.162480
v -0.021925 3.322461 -0.147426
v -0.018970 3.299882 -0.129822
v -0.015597 3.277302 -0.109668
v -0.015597 3.277302 -0.109668
v 0.006195 3.503053 -0.199636
v 0.006195 3.503053 -0.199636
v 0.006246 3.480478 -0.202482
v 0.006269 3.457903 -0.202737
v 0.006262 3.435328 -0.200402
v 0.006223 3.412753 -0.195476
v 0.006149 3.390178 -0.187960
v 0.006040 3.367604 -0.177852
v 0.005892 3.345029 -0.165155
v 0.005705 3.322454 -0.149867
v 0.005476 3.299880 -0.131988
v 0.005203 3.277305 -0.111519
v 0.005203 3.277305 -0.111519
v 0.042689 3.503034 -0.196437
v 0.048713 3.503031 -0.186061
v 0.049356 3.480455 -0.188722
v 0.049433 3.457880 -0.188964
v 0.048942 3.435305 -0.186788
v 0.047882 3.412732 -0.182192
v 0.046250 3.390159 -0.175177
v 0.044044 3.367587 -0.165743
v 0.041264 3.345016 -0.153890
v 0.037906 3.322446 -0.139618
v 0.033968 3.299876 -0.122927
v 0.029450 3.277308 -0.103816
v 0.026014 3.277308 -0.109729
v 0.078073 3.503015 -0.186951
v 0.064629 3.503022 -0.144630
v 0.065494 3.480446 -0.146716
v 0.065591 3.457871 -0.146907
v 0.064920 3.435297 -0.145203
v 0.063478 3.412724 -0.141603
v 0.061263 3.390152 -0.136108
v 0.058274 3.367581 -0.128717
v 0.054508 3.345011 -0.119431
v 0.049963 3.322443 -0.108250
v 0.044638 3.299875 -0.095173
v 0.038531 3.277309 -0.080201
v 0.046203 3.277310 -0.104350
v 0.111271 3.502997 -0.171464
v 0.097956 3.503004 -0.163379
v 0.099286 3.480428 -0.165729
v 0.099428 3.457852 -0.165947
v 0.098379 3.435279 -0.164032
v 0.096138 3.412707 -0.159985
v 0.092704 3.390137 -0.153805
v 0.088073 3.367568 -0.145493
v 0.082245 3.345002 -0.135048
v 0.075217 3.322437 -0.122471
v 0.066987 3.299873 -0.107762
v 0.057553 3.277311 -0.090920
v 0.065155 3.277312 -0.095543
v 0.141275 3.502981 -0.150449
v 0.141275 3.502981 -0.150449
v 0.143211 3.480404 -0.152623
v 0.143411 3.457828 -0.152827
v 0.141874 3.435256 -0.151062
v 0.138597 3.412685 -0.147328
v 0.133578 3.390117 -0.141625
v 0.126816 3.367552 -0.133953
v 0.118308 3.344989 -0.124312
v 0.108053 3.322428 -0.112702
v 0.096049 3.299870 -0.099122
v 0.082293 3.277314 -0.083574
v 0.082293 3.277314 -0.083574
v 0.167174 3.502968 -0.124545
v 0.167174 3.502968 -0.124545
v 0.169473 3.480389 -0.126358
v 0.169710 3.457814 -0.126530
v 0.167881 3.435242 -0.125060
v 0.163985 3.412672 -0.121949
v 0.158020 3.390105 -0.117196
v 0.149984 3.367542 -0.110801
v 0.139875 3.344981 -0.102765
v 0.127692 3.322423 -0.093087
v 0.113432 3.299868 -0.081767
v 0.097093 3.277316 -0.068806
v 0.097093 3.277316 -0.068806
v 0.188181 3.502956 -0.094537
v 0.168523 3.502967 -0.082533
v 0.170842 3.480389 -0.083760
v 0.171080 3.457813 -0.083876
v 0.169236 3.435241 -0.082882
v 0.165308 3.412671 -0.080777
v 0.159294 3.390105 -0.077562
v 0.151192 3.367541 -0.073236
v 0.141000 3.344980 -0.067799
v 0.128715 3.322423 -0.061252
v 0.114338 3.299868 -0.053594
v 0.097864 3.277316 -0.044826
v 0.109101 3.277318 -0.051687
v 0.203659 3.502948 -0.061339
v 0.127330 3.502954 -0.029571
v 0.129069 3.480377 -0.030057
v 0.129247 3.457801 -0.030101
v 0.127865 3.435228 -0.029705
v 0.124919 3.412657 -0.028868
v 0.120408 3.390089 -0.027589
v 0.114329 3.367522 -0.025870
v 0.106682 3.344958 -0.023709
v 0.097463 3.322396 -0.021108
v 0.086671 3.299836 -0.018065
v 0.074305 3.277279 -0.014581
v 0.117952 3.277319 -0.032738
v 0.213138 3.502943 -0.025957
v 0.179078 3.502961 -0.017811
v 0.181545 3.480383 -0.018135
v 0.181798 3.457807 -0.018165
v 0.179836 3.435235 -0.017904
v 0.175656 3.412666 -0.017350
v 0.169256 3.390100 -0.016503
v 0.160635 3.367537 -0.015364
v 0.149791 3.344977 -0.013932
v 0.136721 3.322421 -0.012208
v 0.121424 3.299867 -0.010192
v 0.103897 3.277317 -0.007883
v 0.123373 3.277319 -0.012538
v 0.216330 3.502941 0.010533
v 0.216330 3.502941 0.010533
v 0.219321 3.480362 0.010605
v 0.219627 3.457787 0.010612
v 0.217247 3.435215 0.010554
v 0.212179 3.412647 0.010429
v 0.204420 3.390083 0.010238
v 0.193968 3.367523 0.009982
v 0.180822 3.344966 0.009660
v 0.164980 3.322414 0.009272
v 0.146439 3.299865 0.008818
v 0.125199 3.277319 0.008298
v 0.125199 3.277319 0.008298
v 0.213138 3.502943 0.047022
v 0.213138 3.502943 0.047022
v 0.216084 3.480364 0.047605
v 0.216386 3.457788 0.047662
v 0.214041 3.435217 0.047191
v 0.209049 3.412649 0.046193
v 0.201406 3.390085 0.044667
v 0.191112 3.367524 0.042615
v 0.178163 3.344967 0.040036
v 0.162558 3.322414 0.036929
v 0.144295 3.299865 0.033295
v 0.123373 3.277319 0.029135
v 0.123373 3.277319 0.029135
v 0.203659 3.502948 0.082404
v 0.188295 3.502956 0.077631
v 0.190892 3.480378 0.078642
v 0.191158 3.457802 0.078738
v 0.189092 3.435230 0.077921
v 0.184692 3.412661 0.076189
v 0.177956 3.390096 0.073543
v 0.168882 3.367534 0.069984
v 0.157468 3.344975 0.065510
v 0.143712 3.322419 0.060122
v 0.127612 3.299867 0.053821
v 0.109167 3.277318 0.046605
v 0.117952 3.277319 0.049335
v 0.188181 3.502956 0.115602
v 0.129593 3.502988 0.081910
v 0.131365 3.480410 0.082978
v 0.131550 3.457835 0.083078
v 0.130144 3.435262 0.082210
v 0.127146 3.412691 0.080373
v 0.122554 3.390123 0.077569
v 0.116367 3.367556 0.073797
v 0.108582 3.344992 0.069056
v 0.099197 3.322430 0.063348
v 0.088210 3.299871 0.056671
v 0.075620 3.277313 0.049027
v 0.109101 3.277318 0.068283
v 0.167174 3.502968 0.145610
v 0.154905 3.502974 0.136050
v 0.157032 3.480396 0.137875
v 0.157251 3.457821 0.138047
v 0.155560 3.435248 0.136567
v 0.151958 3.412678 0.133434
v 0.146441 3.390111 0.128649
v 0.139008 3.367547 0.122212
v 0.129658 3.344985 0.114121
v 0.118388 3.322426 0.104379
v 0.105196 3.299869 0.092984
v 0.090081 3.277315 0.079936
v 0.097093 3.277316 0.085401
v 0.141275 3.502981 0.171515
v 0.141275 3.502981 0.171515
v 0.143211 3.480404 0.173834
v 0.143411 3.457828 0.174052
v 0.141874 3.435256 0.172169
v 0.138597 3.412685 0.168185
v 0.133578 3.390117 0.162101
v 0.126816 3.367552 0.153916
v 0.118308 3.344989 0.143630
v 0.108053 3.322428 0.131243
v 0.096049 3.299870 0.116756
v 0.082293 3.277314 0.100168
v 0.082293 3.277314 0.100168
v 0.111271 3.502997 0.192530
v 0.111271 3.502997 0.192530
v 0.112787 3.480420 0.195139
v 0.112946 3.457845 0.195382
v 0.111747 3.435272 0.193259
v 0.109188 3.412700 0.188769
v 0.105266 3.390131 0.181912
v 0.099980 3.367563 0.172690
v 0.093328 3.344998 0.161101
v 0.085308 3.322434 0.147145
v 0.075918 3.299872 0.130823
v 0.065155 3.277312 0.112135
v 0.065155 3.277312 0.112135
v 0.078073 3.503015 0.208017
v 0.072247 3.503018 0.188204
v 0.073217 3.480442 0.190749
v 0.073325 3.457867 0.190983
v 0.072567 3.435293 0.188905
v 0.070942 3.412720 0.184515
v 0.068449 3.390149 0.177814
v 0.065084 3.367578 0.168801
v 0.060847 3.345009 0.157477
v 0.055734 3.322442 0.143841
v 0.049745 3.299875 0.127894
v 0.042878 3.277310 0.109635
v 0.046203 3.277310 0.120941
v 0.042689 3.503034 0.217504
v 0.034080 3.503038 0.157964
v 0.034519 3.480463 0.160086
v 0.034577 3.457888 0.160278
v 0.034253 3.435313 0.158541
v 0.033543 3.412739 0.154875
v 0.032448 3.390166 0.149279
v 0.030964 3.367593 0.141754
v 0.029089 3.345021 0.132299
v 0.026822 3.322449 0.120916
v 0.024161 3.299878 0.107603
v 0.021103 3.277307 0.092360
v 0.026014 3.277308 0.126318
v 0.006195 3.503053 0.220703
v 0.010249 3.503620 0.195240
v 0.010358 3.481045 0.197939
v 0.010388 3.458470 0.198237
v 0.010337 3.435895 0.196132
v 0.010202 3.413320 0.191627
v 0.009982 3.390746 0.184719
v 0.009675 3.368171 0.175410
v 0.009278 3.345597 0.163700
v 0.008791 3.323022 0.149587
v 0.008210 3.300448 0.133073
v 0.007534 3.277874 0.114158
v 0.005203 3.277305 0.128107
v -0.030301 3.503073 0.217516
v -0.030301 3.503073 0.217516
v -0.030756 3.480499 0.220458
v -0.030778 3.457923 0.220719
v -0.030369 3.435348 0.218297
v -0.029530 3.412772 0.213194
v -0.028265 3.390195 0.205409
v -0.026574 3.367618 0.194942
v -0.024460 3.345040 0.181793
v -0.021925 3.322461 0.165962
v -0.018970 3.299882 0.147449
v -0.015597 3.277302 0.126255
v -0.015597 3.277302 0.126255
v -0.065691 3.503092 0.208040
v -0.065691 3.503092 0.208040
v -0.066635 3.480518 0.210847
v -0.066699 3.457943 0.211092
v -0.065885 3.435367 0.208776
v -0.064194 3.412790 0.203897
v -0.061629 3.390211 0.196456
v -0.058192 3.367631 0.186453
v -0.053884 3.345050 0.173888
v -0.048707 3.322468 0.158761
v -0.042663 3.299885 0.141072
v -0.035755 3.277300 0.120821
v -0.035755 3.277300 0.120821
v -0.098898 3.503109 0.192561
v -0.091572 3.503105 0.180737
v -0.092874 3.480532 0.183164
v -0.092968 3.457958 0.183375
v -0.091857 3.435381 0.181368
v -0.089542 3.412803 0.177144
v -0.086026 3.390223 0.170703
v -0.081310 3.367641 0.162045
v -0.075397 3.345058 0.151171
v -0.068287 3.322473 0.138079
v -0.059985 3.299886 0.122771
v -0.050490 3.277298 0.105245
v -0.054659 3.277297 0.111974
v -0.128913 3.503125 0.171550
v -0.094357 3.503107 0.122423
v -0.095697 3.480534 0.124043
v -0.095795 3.457959 0.124183
v -0.094651 3.435382 0.122843
v -0.092270 3.412804 0.120024
v -0.088651 3.390224 0.115724
v -0.083798 3.367642 0.109944
v -0.077711 3.345059 0.102685
v -0.070394 3.322474 0.093945
v -0.061848 3.299886 0.083726
v -0.052075 3.277298 0.072026
v -0.071738 3.277295 0.099984
v -0.154824 3.503139 0.145645
v -0.142736 3.503133 0.132644
v -0.144741 3.480561 0.134402
v -0.144893 3.457986 0.134552
v -0.143193 3.435409 0.133092
v -0.139643 3.412828 0.130023
v -0.134244 3.390246 0.125345
v -0.127000 3.367661 0.119058
v -0.117912 3.345073 0.111162
v -0.106981 3.322483 0.101657
v -0.094210 3.299890 0.090543
v -0.079600 3.277294 0.077820
v -0.086475 3.277293 0.085215
v -0.175842 3.503150 0.115634
v -0.175842 3.503150 0.115634
v -0.178302 3.480579 0.117155
v -0.178490 3.458004 0.117283
v -0.176407 3.435426 0.116016
v -0.172056 3.412845 0.113356
v -0.165439 3.390261 0.109301
v -0.156557 3.367673 0.103853
v -0.145413 3.345083 0.097010
v -0.132008 3.322489 0.088773
v -0.116345 3.299892 0.079143
v -0.098424 3.277292 0.068118
v -0.098424 3.277292 0.068118
v -0.191330 3.503159 0.082427
v -0.191330 3.503159 0.082427
v -0.194002 3.480587 0.083490
v -0.194206 3.458013 0.083579
v -0.191944 3.435435 0.082693
v -0.187218 3.412853 0.080833
v -0.180030 3.390268 0.077998
v -0.170382 3.367679 0.074189
v -0.158276 3.345087 0.069406
v -0.143713 3.322492 0.063648
v -0.126696 3.299893 0.056916
v -0.107227 3.277291 0.049210
v -0.107227 3.277291 0.049210
v -0.200814 3.503164 0.047036
v -0.176822 3.503151 0.047035
v -0.179295 3.480579 0.047610
v -0.179484 3.458005 0.047658
v -0.177390 3.435427 0.047180
v -0.173015 3.412846 0.046174
v -0.166362 3.390261 0.044640
v -0.157432 3.367674 0.042580
v -0.146226 3.345083 0.039993
v -0.132748 3.322489 0.036878
v -0.116999 3.299892 0.033237
v -0.098981 3.277292 0.029068
v -0.112616 3.277290 0.029064
vn 0.0005 1.0000 -0.0000
vn -0.7654 0.0750 0.6392
vn -0.4218 0.0214 0.9064
vn -0.4215 0.0361 0.9061
vn -0.7674 0.0367 0.6401
vn -0.4225 -0.0080 0.9063
vn -0.7635 -0.0934 0.6390
vn -0.7731 -0.0406 0.6330
vn -0.7550 -0.1598 0.6360
vn -0.4228 -0.0370 0.9055
vn -0.7424 -0.2231 0.6317
vn -0.4222 -0.0659 0.9041
vn -0.7267 -0.2825 0.6262
vn -0.4213 -0.0942 0.9020
vn -0.7085 -0.3376 0.6197
vn -0.4201 -0.1227 0.8992
vn -0.6888 -0.3880 0.6124
vn -0.4185 -0.1509 0.8956
vn -0.6682 -0.4339 0.6044
vn -0.4166 -0.1785 0.8914
vn -0.6556 -0.4576 0.6007
vn -0.4145 -0.2059 0.8865
vn 0.0001 -1.0000 -0.0000
vn -0.9887 0.1208 -0.0892
vn -0.9939 0.0634 -0.0899
vn -0.9841 -0.1547 -0.0877
vn -0.9944 -0.0491 -0.0932
vn -0.9623 -0.2588 -0.0840
vn -0.9317 -0.3545 -0.0791
vn -0.8949 -0.4401 -0.0736
vn -0.8545 -0.5150 -0.0679
vn -0.8126 -0.5795 -0.0623
vn -0.7708 -0.6345 -0.0570
vn -0.7479 -0.6613 -0.0579
vn -0.7420 0.0640 -0.6673
vn -0.7380 0.1210 -0.6639
vn -0.7430 -0.0449 -0.6678
vn -0.7341 -0.1547 -0.6611
vn -0.7168 -0.2590 -0.6474
vn -0.6928 -0.3548 -0.6278
vn -0.6642 -0.4406 -0.6040
vn -0.6328 -0.5156 -0.5776
vn -0.6004 -0.5804 -0.5502
vn -0.5683 -0.6356 -0.5226
vn -0.1492 0.0427 -0.9879
vn -0.1473 0.0864 -0.9853
vn -0.1492 -0.0368 -0.9881
vn -0.1476 -0.1069 -0.9833
vn -0.1434 -0.1832 -0.9726
vn -0.1374 -0.2558 -0.9569
vn -0.1298 -0.3236 -0.9373
vn -0.1212 -0.3859 -0.9145
vn -0.1121 -0.4427 -0.8896
vn -0.1028 -0.4939 -0.8634
vn -0.5533 -0.6620 -0.5055
vn 0.2414 0.0273 -0.9700
vn 0.2410 0.0507 -0.9692
vn 0.2415 -0.0201 -0.9702
vn 0.2410 -0.0670 -0.9682
vn 0.2399 -0.1137 -0.9641
vn 0.2383 -0.1595 -0.9580
vn 0.2363 -0.2044 -0.9499
vn 0.2338 -0.2481 -0.9401
vn 0.2309 -0.2903 -0.9287
vn 0.2276 -0.3309 -0.9158
vn -0.0974 -0.5205 -0.8483
vn -0.9475 0.0845 -0.3083
vn -0.9960 0.0246 0.0856
vn -0.9953 0.0466 0.0853
vn -0.9502 -0.0289 -0.3103
vn -0.9472 0.0371 -0.3185
vn -0.9456 -0.1063 -0.3074
vn -0.9961 -0.0202 0.0857
vn -0.9361 -0.1813 -0.3013
vn -0.9943 -0.0637 0.0855
vn -0.9223 -0.2526 -0.2925
vn -0.9906 -0.1073 0.0852
vn -0.9049 -0.3191 -0.2815
vn -0.9850 -0.1502 0.0847
vn -0.8849 -0.3802 -0.2691
vn -0.9778 -0.1922 0.0841
vn -0.8629 -0.4358 -0.2559
vn -0.9689 -0.2329 0.0834
vn -0.8397 -0.4860 -0.2424
vn -0.9586 -0.2725 0.0825
vn -0.8265 -0.5117 -0.2347
vn -0.9470 -0.3106 0.0815
vn -0.5257 0.1213 -0.8420
vn -0.5285 0.0646 -0.8465
vn -0.5242 -0.1538 -0.8376
vn -0.5269 -0.0473 -0.8486
vn -0.5138 -0.2580 -0.8182
vn -0.4988 -0.3538 -0.7912
vn -0.4806 -0.4395 -0.7589
vn -0.4602 -0.5146 -0.7235
vn -0.4389 -0.5794 -0.6868
vn -0.4174 -0.6347 -0.6503
vn -0.4032 -0.6613 -0.6325
vn -0.1722 0.1246 -0.9771
vn -0.1731 0.0677 -0.9826
vn -0.1735 -0.0460 -0.9838
vn -0.1717 -0.1578 -0.9724
vn -0.1629 -0.3621 -0.9178
vn -0.1674 -0.2640 -0.9499
vn -0.1564 -0.4492 -0.8796
vn -0.1491 -0.5249 -0.8380
vn -0.1418 -0.5902 -0.7947
vn -0.1344 -0.6456 -0.7517
vn -0.1300 -0.6710 -0.7300
vn 0.1099 0.1246 -0.9861
vn 0.1099 0.0681 -0.9916
vn 0.1104 -0.0451 -0.9929
vn 0.1056 -0.2637 -0.9588
vn 0.1096 -0.1557 -0.9817
vn 0.1018 -0.3611 -0.9270
vn 0.0974 -0.4480 -0.8887
vn 0.0927 -0.5237 -0.8469
vn 0.0878 -0.5888 -0.8035
vn 0.0829 -0.6443 -0.7603
vn 0.0824 -0.6700 -0.7378
vn 0.6854 0.0535 -0.7262
vn 0.6834 0.1046 -0.7225
vn 0.6854 -0.0412 -0.7270
vn 0.6818 -0.1272 -0.7204
vn 0.6735 -0.2174 -0.7065
vn 0.6613 -0.3019 -0.6867
vn 0.6461 -0.3792 -0.6624
vn 0.6285 -0.4488 -0.6353
vn 0.6094 -0.5105 -0.6066
vn 0.5894 -0.5647 -0.5777
vn 0.9328 0.0381 -0.3584
vn 0.9313 0.0687 -0.3577
vn 0.9332 -0.0240 -0.3585
vn 0.9300 -0.0855 -0.3574
vn 0.9234 -0.1462 -0.3549
vn 0.9135 -0.2054 -0.3511
vn 0.9007 -0.2625 -0.3462
vn 0.8853 -0.3170 -0.3403
vn 0.8676 -0.3687 -0.3336
vn 0.8483 -0.4172 -0.3261
vn 0.5761 -0.5923 -0.5633
vn -0.1113 0.0964 -0.9891
vn -0.4900 0.0338 -0.8711
vn -0.4893 0.0616 -0.8699
vn -0.1103 0.0484 -0.9927
vn -0.4903 -0.0234 -0.8713
vn -0.1111 -0.1175 -0.9868
vn -0.1040 -0.0431 -0.9936
vn -0.1126 -0.2013 -0.9730
vn -0.4889 -0.0792 -0.8687
vn -0.1145 -0.2805 -0.9530
vn -0.4861 -0.1345 -0.8635
vn -0.1168 -0.3537 -0.9280
vn -0.4818 -0.1886 -0.8558
vn -0.1190 -0.4202 -0.8996
vn -0.4762 -0.2410 -0.8457
vn -0.1210 -0.4799 -0.8690
vn -0.4694 -0.2913 -0.8335
vn -0.1226 -0.5329 -0.8372
vn -0.4616 -0.3393 -0.8196
vn -0.1229 -0.5602 -0.8192
vn -0.4530 -0.3847 -0.8042
vn 0.5081 0.1256 -0.8521
vn 0.5108 0.0683 -0.8570
vn 0.5051 -0.1559 -0.8489
vn 0.5132 -0.0460 -0.8570
vn 0.4925 -0.2624 -0.8298
vn 0.4752 -0.3601 -0.8028
vn 0.4545 -0.4473 -0.7703
vn 0.4320 -0.5234 -0.7345
vn 0.4088 -0.5887 -0.6974
vn 0.3858 -0.6443 -0.6604
vn 0.3760 -0.6703 -0.6397
vn 0.9107 0.1244 -0.3939
vn 0.9151 0.0705 -0.3971
vn 0.9062 -0.1560 -0.3931
vn 0.9157 -0.0396 -0.3999
vn 0.8859 -0.2609 -0.3835
vn 0.8577 -0.3572 -0.3698
vn 0.8238 -0.4433 -0.3533
vn 0.7866 -0.5185 -0.3353
vn 0.7479 -0.5833 -0.3169
vn 0.7093 -0.6385 -0.2987
vn 0.6905 -0.6645 -0.2857
vn 0.9504 0.0403 0.3084
vn 0.9477 0.0805 0.3089
vn 0.9506 -0.0319 0.3087
vn 0.9467 -0.0954 0.3078
vn 0.9373 -0.1656 0.3067
vn 0.9234 -0.2329 0.3051
vn 0.9056 -0.2966 0.3031
vn 0.8848 -0.3559 0.3007
vn 0.8618 -0.4106 0.2979
vn 0.8372 -0.4606 0.2947
vn 0.7891 0.0268 0.6137
vn 0.7885 0.0475 0.6133
vn 0.7892 -0.0165 0.6139
vn 0.7879 -0.0589 0.6130
vn 0.7852 -0.1011 0.6109
vn 0.7811 -0.1428 0.6078
vn 0.7757 -0.1839 0.6037
vn 0.7691 -0.2242 0.5985
vn 0.7613 -0.2633 0.5925
vn 0.7524 -0.3014 0.5857
vn 0.8226 -0.4863 0.2946
vn 0.4223 0.0591 -0.9045
vn 0.2215 0.0213 -0.9749
vn 0.2214 0.0380 -0.9744
vn 0.4233 0.0303 -0.9055
vn 0.2215 -0.0137 -0.9751
vn 0.4223 -0.0714 -0.9036
vn 0.4273 -0.0266 -0.9037
vn 0.4197 -0.1238 -0.8992
vn 0.2212 -0.0477 -0.9741
vn 0.4156 -0.1750 -0.8925
vn 0.2206 -0.0821 -0.9719
vn 0.4103 -0.2247 -0.8838
vn 0.2198 -0.1160 -0.9686
vn 0.4039 -0.2723 -0.8733
vn 0.2188 -0.1494 -0.9643
vn 0.3966 -0.3178 -0.8612
vn 0.2175 -0.1824 -0.9589
vn 0.3885 -0.3609 -0.8478
vn 0.2160 -0.2150 -0.9524
vn 0.3817 -0.3828 -0.8413
vn 0.2143 -0.2466 -0.9451
vn 0.9075 0.1191 -0.4029
vn 0.9126 0.0617 -0.4041
vn 0.9040 -0.1431 -0.4028
vn 0.9163 -0.0491 -0.3975
vn 0.8839 -0.2437 -0.3992
vn 0.8555 -0.3366 -0.3934
vn 0.8214 -0.4200 -0.3859
vn 0.7840 -0.4933 -0.3769
vn 0.7452 -0.5568 -0.3669
vn 0.7067 -0.6112 -0.3563
vn 0.6868 -0.6391 -0.3461
vn 0.9191 0.1295 0.3721
vn 0.9248 0.0726 0.3736
vn 0.9151 -0.1611 0.3697
vn 0.9267 -0.0427 0.3734
vn 0.8928 -0.2698 0.3608
vn 0.8615 -0.3692 0.3487
vn 0.8241 -0.4574 0.3343
vn 0.7833 -0.5338 0.3185
vn 0.7414 -0.5992 0.3023
vn 0.7000 -0.6544 0.2861
vn 0.6772 -0.6802 0.2806
vn 0.4628 0.0457 0.8853
vn 0.4598 0.0924 0.8832
vn 0.4628 -0.0375 0.8857
vn 0.4593 -0.1100 0.8814
vn 0.4509 -0.1901 0.8721
vn 0.4386 -0.2658 0.8584
vn 0.4235 -0.3362 0.8412
vn 0.4062 -0.4005 0.8213
vn 0.3878 -0.4584 0.7997
vn 0.3689 -0.5103 0.7769
vn 0.0727 0.0291 0.9969
vn 0.0726 0.0528 0.9960
vn 0.0726 -0.0189 0.9972
vn 0.0724 -0.0666 0.9952
vn 0.0720 -0.1139 0.9909
vn 0.0714 -0.1604 0.9845
vn 0.0708 -0.2059 0.9760
vn 0.0699 -0.2501 0.9657
vn 0.0690 -0.2927 0.9537
vn 0.0680 -0.3338 0.9402
vn 0.3578 -0.5371 0.7638
vn 0.9952 0.0909 -0.0359
vn 0.9055 0.0285 -0.4234
vn 0.9047 0.0510 -0.4230
vn 0.9983 0.0465 -0.0351
vn 0.9057 -0.0171 -0.4235
vn 0.9934 -0.1088 -0.0362
vn 0.9988 -0.0414 -0.0271
vn 0.9815 -0.1874 -0.0389
vn 0.9041 -0.0630 -0.4227
vn 0.9641 -0.2619 -0.0428
vn 0.9005 -0.1081 -0.4211
vn 0.9424 -0.3311 -0.0475
vn 0.8952 -0.1527 -0.4187
vn 0.9174 -0.3945 -0.0527
vn 0.8882 -0.1965 -0.4154
vn 0.8903 -0.4517 -0.0579
vn 0.8795 -0.2393 -0.4114
vn 0.8619 -0.5031 -0.0629
vn 0.8694 -0.2807 -0.4067
vn 0.8460 -0.5291 -0.0655
vn 0.8579 -0.3208 -0.4013
vn 0.7814 0.1297 0.6104
vn 0.7860 0.0701 0.6142
vn 0.7783 -0.1599 0.6071
vn 0.7853 -0.0479 0.6173
vn 0.7602 -0.2693 0.5913
vn 0.7346 -0.3692 0.5693
vn 0.7038 -0.4577 0.5433
vn 0.6700 -0.5345 0.5151
vn 0.6352 -0.6000 0.4863
vn 0.6007 -0.6553 0.4581
vn 0.5801 -0.6817 0.4458
vn 0.2469 0.0678 0.9667
vn 0.2452 0.1275 0.9610
vn 0.2479 -0.0478 0.9676
vn 0.2447 -0.1616 0.9560
vn 0.2378 -0.2692 0.9333
vn 0.2281 -0.3673 0.9017
vn 0.2166 -0.4546 0.8640
vn 0.2043 -0.5303 0.8229
vn 0.1918 -0.5950 0.7805
vn 0.1796 -0.6497 0.7386
vn 0.1697 -0.6754 0.7176
vn -0.3793 0.0442 0.9242
vn -0.3793 0.0875 0.9211
vn -0.3798 -0.0356 0.9244
vn -0.3782 -0.1079 0.9194
vn -0.3752 -0.1849 0.9083
vn -0.3707 -0.2583 0.8921
vn -0.3652 -0.3271 0.8716
vn -0.3586 -0.3906 0.8479
vn -0.3513 -0.4485 0.8219
vn -0.3435 -0.5009 0.7945
vn -0.6207 0.0334 0.7834
vn -0.6198 0.0615 0.7823
vn -0.6209 -0.0232 0.7835
vn -0.6192 -0.0794 0.7812
vn -0.6155 -0.1346 0.7765
vn -0.6101 -0.1886 0.7696
vn -0.6030 -0.2410 0.7605
vn -0.5944 -0.2913 0.7496
vn -0.5845 -0.3392 0.7371
vn -0.5736 -0.3845 0.7232
vn -0.3399 -0.5269 0.7790
vn 0.6807 0.0900 0.7270
vn 0.8426 0.0373 0.5372
vn 0.8411 0.0668 0.5367
vn 0.6823 -0.0273 0.7306
vn 0.6782 0.0451 0.7335
vn 0.6788 -0.1066 0.7265
vn 0.8431 -0.0233 0.5373
vn 0.6718 -0.1840 0.7175
vn 0.8404 -0.0830 0.5356
vn 0.6615 -0.2580 0.7042
vn 0.8347 -0.1422 0.5320
vn 0.6484 -0.3275 0.6873
vn 0.8262 -0.1999 0.5267
vn 0.6331 -0.3918 0.6676
vn 0.8152 -0.2556 0.5197
vn 0.6161 -0.4505 0.6460
vn 0.8019 -0.3090 0.5113
vn 0.5982 -0.5037 0.6232
vn 0.7867 -0.3598 0.5017
vn 0.5879 -0.5301 0.6110
vn 0.7700 -0.4075 0.4910
vn 0.1185 0.1263 0.9849
vn 0.1190 0.0670 0.9906
vn 0.1191 -0.1574 0.9803
vn 0.1149 -0.0498 0.9921
vn 0.1185 -0.2647 0.9570
vn 0.1173 -0.3629 0.9244
vn 0.1155 -0.4502 0.8854
vn 0.1130 -0.5261 0.8429
vn 0.1101 -0.5911 0.7991
vn 0.1068 -0.6461 0.7558
vn 0.1011 -0.6725 0.7332
vn -0.5104 0.0679 0.8572
vn -0.5074 0.1272 0.8522
vn -0.5106 -0.0487 0.8585
vn -0.5059 -0.1612 0.8474
vn -0.4948 -0.2698 0.8261
vn -0.4790 -0.3689 0.7966
vn -0.4598 -0.4567 0.7616
vn -0.4387 -0.5330 0.7235
vn -0.4169 -0.5980 0.6846
vn -0.3951 -0.6530 0.6461
vn -0.9185 0.0468 0.3926
vn -0.9159 0.0947 0.3900
vn -0.9188 -0.0405 0.3926
vn -0.9135 -0.1183 0.3892
vn -0.9020 -0.2017 0.3817
vn -0.8854 -0.2804 0.3708
vn -0.8646 -0.3531 0.3573
vn -0.8409 -0.4193 0.3422
vn -0.8151 -0.4787 0.3262
vn -0.7883 -0.5316 0.3098
vn -0.3809 -0.6791 0.6275
vn -0.9983 0.0335 0.0477
vn -0.9969 0.0626 0.0476
vn -0.9986 -0.0244 0.0477
vn -0.9955 -0.0820 0.0475
vn -0.9892 -0.1389 0.0472
vn -0.9799 -0.1941 0.0468
vn -0.9678 -0.2476 0.0462
vn -0.9532 -0.2988 0.0455
vn -0.9366 -0.3474 0.0447
vn -0.9183 -0.3934 0.0438
vn -0.7729 -0.5585 0.3011
vn -0.1317 0.0886 0.9873
vn 0.2066 0.0321 0.9779
vn 0.2064 0.0578 0.9768
vn -0.1330 0.0447 0.9901
vn 0.2066 -0.0212 0.9782
vn -0.1317 -0.1104 0.9851
vn -0.1394 -0.0412 0.9894
vn -0.1280 -0.1886 0.9737
vn 0.2060 -0.0737 0.9758
vn -0.1228 -0.2629 0.9570
vn 0.2048 -0.1257 0.9707
vn -0.1162 -0.3322 0.9360
vn 0.2031 -0.1768 0.9631
vn -0.1088 -0.3958 0.9119
vn 0.2010 -0.2264 0.9531
vn -0.1010 -0.4536 0.8855
vn 0.1983 -0.2743 0.9410
vn -0.0932 -0.5056 0.8577
vn 0.1953 -0.3203 0.9270
vn -0.0889 -0.5317 0.8423
vn 0.1919 -0.3642 0.9114
vn -0.7147 0.1244 0.6883
vn -0.7188 0.0657 0.6921
vn -0.7106 -0.1587 0.6855
vn -0.7217 -0.0496 0.6904
vn -0.6929 -0.2655 0.6703
vn -0.6683 -0.3632 0.6493
vn -0.6391 -0.4501 0.6237
vn -0.6074 -0.5257 0.5956
vn -0.5749 -0.5905 0.5663
vn -0.5430 -0.6454 0.5372
vn -0.5284 -0.6720 0.5188
vn -0.9979 0.0609 0.0236
vn -0.9927 0.1186 0.0228
vn -0.9985 -0.0487 0.0244
vn -0.9884 -0.1506 0.0217
vn -0.9673 -0.2531 0.0182
vn -0.9376 -0.3475 0.0137
vn -0.9018 -0.4320 0.0089
vn -0.8625 -0.5061 0.0040
vn -0.8216 -0.5701 -0.0005
vn -0.7806 -0.6250 -0.0045
vn -0.7750 0.0330 -0.6311
vn -0.7727 0.0691 -0.6310
vn -0.7745 -0.0307 -0.6318
vn -0.7723 -0.0852 -0.6295
vn -0.7661 -0.1469 -0.6257
vn -0.7567 -0.2065 -0.6203
vn -0.7446 -0.2634 -0.6133
vn -0.7303 -0.3171 -0.6051
vn -0.7141 -0.3674 -0.5959
vn -0.6966 -0.4141 -0.5859
vn -0.7581 -0.6521 -0.0027
vn -0.5560 0.0270 -0.8307
vn -0.5555 0.0459 -0.8303
vn -0.5568 -0.0107 -0.8306
vn -0.5569 -0.0471 -0.8292
vn -0.5557 -0.0838 -0.8272
vn -0.5537 -0.1200 -0.8241
vn -0.5509 -0.1557 -0.8199
vn -0.5476 -0.1909 -0.8147
vn -0.5435 -0.2254 -0.8086
vn -0.5389 -0.2592 -0.8015
vn -0.6843 -0.4371 -0.5837
vn -0.4138 -0.2189 0.8837
vn 0.2260 -0.3509 -0.9087
vn -0.9407 -0.3294 0.0811
vn 0.8379 -0.4405 -0.3222
vn -0.4485 -0.4067 -0.7959
vn 0.7476 -0.3200 0.5820
vn 0.2133 -0.2623 -0.9411
vn 0.0674 -0.3537 0.9329
vn 0.8517 -0.3403 -0.3985
vn -0.5678 -0.4065 0.7158
vn 0.7611 -0.4307 0.4850
vn -0.9085 -0.4155 0.0433
vn 0.1901 -0.3854 0.9029
vn -0.5372 -0.2750 -0.7974
vt 0.007596 0.586824
vt 0.000000 0.500000
vt 0.500000 0.500000
vt 0.027778 0.000000
vt 0.000000 0.100000
vt 0.000000 0.000000
vt 0.027778 0.100000
vt 0.000000 0.200000
vt 0.027778 0.300000
vt 0.027778 0.200000
vt 0.027778 0.400000
vt 0.000000 0.300000
vt 0.027778 0.500000
vt 0.000000 0.400000
vt 0.027778 0.600000
vt 0.027778 0.700000
vt 0.000000 0.600000
vt 0.027778 0.800000
vt 0.000000 0.700000
vt 0.027778 0.900000
vt 0.000000 0.800000
vt 0.027778 1.000000
vt 0.000000 0.900000
vt 0.992404 0.586824
vt 1.000000 0.500000
vt 0.030154 0.671010
vt 0.055556 0.000000
vt 0.055556 0.100000
vt 0.055556 0.300000
vt 0.055556 0.200000
vt 0.055556 0.400000
vt 0.055556 0.500000
vt 0.055556 0.600000
vt 0.055556 0.700000
vt 0.055556 0.800000
vt 0.055556 0.900000
vt 0.055556 1.000000
vt 0.969846 0.671010
vt 0.066987 0.750000
vt 0.083333 0.100000
vt 0.083333 0.000000
vt 0.083333 0.200000
vt 0.083333 0.300000
vt 0.083333 0.400000
vt 0.083333 0.500000
vt 0.083333 0.600000
vt 0.083333 0.700000
vt 0.083333 0.800000
vt 0.083333 0.900000
vt 0.933013 0.750000
vt 0.116978 0.821394
vt 0.111111 0.100000
vt 0.111111 0.000000
vt 0.111111 0.200000
vt 0.111111 0.300000
vt 0.111111 0.400000
vt 0.111111 0.500000
vt 0.111111 0.600000
vt 0.111111 0.700000
vt 0.111111 0.800000
vt 0.111111 0.900000
vt 0.083333 1.000000
vt 0.883022 0.821394
vt 0.178606 0.883022
vt 0.138889 0.100000
vt 0.138889 0.000000
vt 0.138889 0.200000
vt 0.138889 0.300000
vt 0.138889 0.400000
vt 0.138889 0.500000
vt 0.138889 0.600000
vt 0.138889 0.700000
vt 0.138889 0.800000
vt 0.138889 0.900000
vt 0.111111 1.000000
vt 0.821394 0.883022
vt 0.250000 0.933013
vt 0.166667 0.000000
vt 0.166667 0.200000
vt 0.166667 0.100000
vt 0.166667 0.300000
vt 0.166667 0.400000
vt 0.166667 0.500000
vt 0.166667 0.600000
vt 0.166667 0.700000
vt 0.166667 0.800000
vt 0.166667 0.900000
vt 0.166667 1.000000
vt 0.750000 0.933013
vt 0.328990 0.969846
vt 0.194444 0.000000
vt 0.194444 0.100000
vt 0.194444 0.300000
vt 0.194444 0.200000
vt 0.194444 0.400000
vt 0.194444 0.500000
vt 0.194444 0.600000
vt 0.194444 0.700000
vt 0.194444 0.800000
vt 0.194444 0.900000
vt 0.194444 1.000000
vt 0.671010 0.969846
vt 0.413176 0.992404
vt 0.222222 0.000000
vt 0.222222 0.100000
vt 0.222222 0.200000
vt 0.222222 0.300000
vt 0.222222 0.500000
vt 0.222222 0.400000
vt 0.222222 0.600000
vt 0.222222 0.700000
vt 0.222222 0.800000
vt 0.222222 0.900000
vt 0.222222 1.000000
vt 0.586824 0.992404
vt 0.500000 1.000000
vt 0.250000 0.000000
vt 0.250000 0.100000
vt 0.250000 0.200000
vt 0.250000 0.400000
vt 0.250000 0.300000
vt 0.250000 0.500000
vt 0.250000 0.600000
vt 0.250000 0.700000
vt 0.250000 0.800000
vt 0.250000 0.900000
vt 0.250000 1.000000
vt 0.277778 0.100000
vt 0.277778 0.000000
vt 0.277778 0.200000
vt 0.277778 0.300000
vt 0.277778 0.400000
vt 0.277778 0.500000
vt 0.277778 0.600000
vt 0.277778 0.700000
vt 0.277778 0.800000
vt 0.277778 0.900000
vt 0.305556 0.100000
vt 0.305556 0.000000
vt 0.305556 0.200000
vt 0.305556 0.300000
vt 0.305556 0.400000
vt 0.305556 0.500000
vt 0.305556 0.600000
vt 0.305556 0.700000
vt 0.305556 0.800000
vt 0.305556 0.900000
vt 0.277778 1.000000
vt 0.333333 0.000000
vt 0.333333 0.100000
vt 0.333333 0.300000
vt 0.333333 0.200000
vt 0.333333 0.400000
vt 0.333333 0.500000
vt 0.333333 0.600000
vt 0.333333 0.700000
vt 0.333333 0.800000
vt 0.333333 0.900000
vt 0.333333 1.000000
vt 0.361111 0.000000
vt 0.361111 0.100000
vt 0.361111 0.300000
vt 0.361111 0.200000
vt 0.361111 0.400000
vt 0.361111 0.500000
vt 0.361111 0.600000
vt 0.361111 0.700000
vt 0.361111 0.800000
vt 0.361111 0.900000
vt 0.361111 1.000000
vt 0.388889 0.000000
vt 0.388889 0.100000
vt 0.388889 0.300000
vt 0.388889 0.200000
vt 0.388889 0.400000
vt 0.388889 0.500000
vt 0.388889 0.600000
vt 0.388889 0.700000
vt 0.388889 0.800000
vt 0.388889 0.900000
vt 0.388889 1.000000
vt 0.416667 0.100000
vt 0.416667 0.000000
vt 0.416667 0.200000
vt 0.416667 0.300000
vt 0.416667 0.400000
vt 0.416667 0.500000
vt 0.416667 0.600000
vt 0.416667 0.700000
vt 0.416667 0.800000
vt 0.416667 0.900000
vt 0.444444 0.100000
vt 0.444444 0.000000
vt 0.444444 0.200000
vt 0.444444 0.300000
vt 0.444444 0.400000
vt 0.444444 0.500000
vt 0.444444 0.600000
vt 0.444444 0.700000
vt 0.444444 0.800000
vt 0.444444 0.900000
vt 0.416667 1.000000
vt 0.472222 0.000000
vt 0.472222 0.100000
vt 0.472222 0.300000
vt 0.472222 0.200000
vt 0.472222 0.400000
vt 0.472222 0.500000
vt 0.472222 0.600000
vt 0.472222 0.700000
vt 0.472222 0.800000
vt 0.472222 0.900000
vt 0.472222 1.000000
vt 0.500000 0.000000
vt 0.500000 0.100000
vt 0.500000 0.300000
vt 0.500000 0.200000
vt 0.500000 0.400000
vt 0.500000 0.600000
vt 0.500000 0.700000
vt 0.500000 0.800000
vt 0.500000 0.900000
vt 0.992404 0.413176
vt 0.527778 0.000000
vt 0.527778 0.100000
vt 0.527778 0.300000
vt 0.527778 0.200000
vt 0.527778 0.400000
vt 0.527778 0.500000
vt 0.527778 0.600000
vt 0.527778 0.700000
vt 0.527778 0.800000
vt 0.527778 0.900000
vt 0.527778 1.000000
vt 0.007596 0.413176
vt 0.969846 0.328990
vt 0.555556 0.100000
vt 0.555556 0.000000
vt 0.555556 0.200000
vt 0.555556 0.300000
vt 0.555556 0.400000
vt 0.555556 0.500000
vt 0.555556 0.600000
vt 0.555556 0.700000
vt 0.555556 0.800000
vt 0.555556 0.900000
vt 0.030154 0.328990
vt 0.933013 0.250000
vt 0.583333 0.100000
vt 0.583333 0.000000
vt 0.583333 0.200000
vt 0.583333 0.300000
vt 0.583333 0.400000
vt 0.583333 0.500000
vt 0.583333 0.600000
vt 0.583333 0.700000
vt 0.583333 0.800000
vt 0.583333 0.900000
vt 0.555556 1.000000
vt 0.066987 0.250000
vt 0.883022 0.178606
vt 0.611111 0.000000
vt 0.611111 0.100000
vt 0.611111 0.300000
vt 0.611111 0.200000
vt 0.611111 0.400000
vt 0.611111 0.500000
vt 0.611111 0.600000
vt 0.611111 0.700000
vt 0.611111 0.800000
vt 0.611111 0.900000
vt 0.611111 1.000000
vt 0.116978 0.178606
vt 0.821394 0.116978
vt 0.638889 0.000000
vt 0.638889 0.100000
vt 0.638889 0.300000
vt 0.638889 0.200000
vt 0.638889 0.400000
vt 0.638889 0.500000
vt 0.638889 0.600000
vt 0.638889 0.700000
vt 0.638889 0.800000
vt 0.638889 0.900000
vt 0.638889 1.000000
vt 0.178606 0.116978
vt 0.750000 0.066987
vt 0.666667 0.100000
vt 0.666667 0.000000
vt 0.666667 0.200000
vt 0.666667 0.300000
vt 0.666667 0.400000
vt 0.666667 0.500000
vt 0.666667 0.600000
vt 0.666667 0.700000
vt 0.666667 0.800000
vt 0.666667 0.900000
vt 0.666667 1.000000
vt 0.250000 0.066987
vt 0.671010 0.030154
vt 0.694444 0.100000
vt 0.694444 0.000000
vt 0.694444 0.200000
vt 0.694444 0.300000
vt 0.694444 0.400000
vt 0.694444 0.500000
vt 0.694444 0.600000
vt 0.694444 0.700000
vt 0.694444 0.800000
vt 0.694444 0.900000
vt 0.328990 0.030154
vt 0.586824 0.007596
vt 0.722222 0.100000
vt 0.722222 0.000000
vt 0.722222 0.200000
vt 0.722222 0.300000
vt 0.722222 0.400000
vt 0.722222 0.500000
vt 0.722222 0.600000
vt 0.722222 0.700000
vt 0.722222 0.800000
vt 0.722222 0.900000
vt 0.694444 1.000000
vt 0.413176 0.007596
vt 0.750000 0.000000
vt 0.750000 0.200000
vt 0.750000 0.100000
vt 0.750000 0.300000
vt 0.750000 0.400000
vt 0.750000 0.500000
vt 0.750000 0.600000
vt 0.750000 0.700000
vt 0.750000 0.800000
vt 0.750000 0.900000
vt 0.750000 1.000000
vt 0.777778 0.000000
vt 0.777778 0.100000
vt 0.777778 0.300000
vt 0.777778 0.200000
vt 0.777778 0.400000
vt 0.777778 0.500000
vt 0.777778 0.600000
vt 0.777778 0.700000
vt 0.777778 0.800000
vt 0.777778 0.900000
vt 0.777778 1.000000
vt 0.805556 0.100000
vt 0.805556 0.000000
vt 0.805556 0.200000
vt 0.805556 0.300000
vt 0.805556 0.400000
vt 0.805556 0.500000
vt 0.805556 0.600000
vt 0.805556 0.700000
vt 0.805556 0.800000
vt 0.805556 0.900000
vt 0.833333 0.100000
vt 0.833333 0.000000
vt 0.833333 0.200000
vt 0.833333 0.300000
vt 0.833333 0.400000
vt 0.833333 0.500000
vt 0.833333 0.600000
vt 0.833333 0.700000
vt 0.833333 0.800000
vt 0.833333 0.900000
vt 0.805556 1.000000
vt 0.861111 0.100000
vt 0.861111 0.000000
vt 0.861111 0.200000
vt 0.861111 0.300000
vt 0.861111 0.400000
vt 0.861111 0.500000
vt 0.861111 0.600000
vt 0.861111 0.700000
vt 0.861111 0.800000
vt 0.861111 0.900000
vt 0.833333 1.000000
vt 0.888889 0.000000
vt 0.888889 0.100000
vt 0.888889 0.300000
vt 0.888889 0.200000
vt 0.888889 0.400000
vt 0.888889 0.500000
vt 0.888889 0.600000
vt 0.888889 0.700000
vt 0.888889 0.800000
vt 0.888889 0.900000
vt 0.888889 1.000000
vt 0.916667 0.000000
vt 0.916667 0.100000
vt 0.916667 0.300000
vt 0.916667 0.200000
vt 0.916667 0.400000
vt 0.916667 0.500000
vt 0.916667 0.600000
vt 0.916667 0.700000
vt 0.916667 0.800000
vt 0.916667 0.900000
vt 0.916667 1.000000
vt 0.944444 0.100000
vt 0.944444 0.000000
vt 0.944444 0.200000
vt 0.944444 0.300000
vt 0.944444 0.400000
vt 0.944444 0.500000
vt 0.944444 0.600000
vt 0.944444 0.700000
vt 0.944444 0.800000
vt 0.944444 0.900000
vt 0.972222 0.100000
vt 0.972222 0.000000
vt 0.972222 0.200000
vt 0.972222 0.300000
vt 0.972222 0.400000
vt 0.972222 0.500000
vt 0.972222 0.600000
vt 0.972222 0.700000
vt 0.972222 0.800000
vt 0.972222 0.900000
vt 0.944444 1.000000
vt 1.000000 0.100000
vt 1.000000 0.000000
vt 1.000000 0.200000
vt 1.000000 0.300000
vt 1.000000 0.400000
vt 1.000000 0.600000
vt 1.000000 0.700000
vt 1.000000 0.800000
vt 1.000000 0.900000
vt 0.972222 1.000000
vt 0.000000 1.000000
vt 0.138889 1.000000
vt 0.305556 1.000000
vt 0.444444 1.000000
vt 0.583333 1.000000
vt 0.722222 1.000000
vt 0.861111 1.000000
vt 1.000000 1.000000
s 1
usemtl Mat
f 4059/3964/3318 4046/3965/3318 4044/3966/3318
f 4060/3967/3319 4048/3968/3320 4047/3969/3321
f 4061/3970/3322 4049/3971/3323 4048/3968/3320
f 4063/3972/3324 4049/3971/3323 4062/3973/3325
f 4064/3974/3326 4050/3975/3327 4063/3972/3324
f 4065/3976/3328 4051/3977/3329 4064/3974/3326
f 4066/3978/3330 4052/3965/3331 4065/3976/3328
f 4067/3979/3332 4053/3980/3333 4066/3978/3330
f 4068/3981/3334 4054/3982/3335 4067/3979/3332
f 4069/3983/3336 4055/3984/3337 4068/3981/3334
f 4070/3985/3338 4056/3986/3339 4069/3983/3336
f 4071/3987/3340 4045/3966/3340 4058/3988/3340
f 4072/3989/3318 4059/3964/3318 4044/3966/3318
f 4073/3990/3341 4061/3970/3322 4060/3967/3319
f 4074/3991/3342 4062/3973/3325 4061/3970/3322
f 4076/3992/3343 4062/3973/3325 4075/3993/3344
f 4077/3994/3345 4063/3972/3324 4076/3992/3343
f 4078/3995/3346 4064/3974/3326 4077/3994/3345
f 4079/3996/3347 4065/3976/3328 4078/3995/3346
f 4080/3997/3348 4066/3978/3330 4079/3996/3347
f 4081/3998/3349 4067/3979/3332 4080/3997/3348
f 4082/3999/3350 4068/3981/3334 4081/3998/3349
f 4083/4000/3351 4069/3983/3336 4082/3999/3350
f 4084/4001/3340 4045/3966/3340 4071/3987/3340
f 4085/4002/3318 4072/3989/3318 4044/3966/3318
f 4087/4003/3352 4073/3990/3341 4086/4004/3353
f 4087/4003/3352 4075/3993/3344 4074/3991/3342
f 4088/4005/3354 4076/3992/3343 4075/3993/3344
f 4089/4006/3355 4077/3994/3345 4076/3992/3343
f 4090/4007/3356 4078/3995/3346 4077/3994/3345
f 4091/4008/3357 4079/3996/3347 4078/3995/3346
f 4092/4009/3358 4080/3997/3348 4079/3996/3347
f 4093/4010/3359 4081/3998/3349 4080/3997/3348
f 4094/4011/3360 4082/3999/3350 4081/3998/3349
f 4095/4012/3361 4083/4000/3351 4082/3999/3350
f 4097/4013/3340 4045/3966/3340 4084/4001/3340
f 4098/4014/3318 4085/4002/3318 4044/3966/3318
f 4100/4015/3362 4086/4004/3353 4099/4016/3363
f 4101/4017/3364 4087/4003/3352 4100/4015/3362
f 4101/4017/3364 4089/4006/3355 4088/4005/3354
f 4102/4018/3365 4090/4007/3356 4089/4006/3355
f 4103/4019/3366 4091/4008/3357 4090/4007/3356
f 4104/4020/3367 4092/4009/3358 4091/4008/3357
f 4105/4021/3368 4093/4010/3359 4092/4009/3358
f 4106/4022/3369 4094/4011/3360 4093/4010/3359
f 4107/4023/3370 4095/4012/3361 4094/4011/3360
f 4108/4024/3371 4096/4025/3372 4095/4012/3361
f 4110/4026/3340 4045/3966/3340 4097/4013/3340
f 4111/4027/3318 4098/4014/3318 4044/3966/3318
f 4113/4028/3373 4099/4016/3363 4112/4029/3374
f 4113/4028/3373 4101/4017/3364 4100/4015/3362
f 4114/4030/3375 4102/4018/3365 4101/4017/3364
f 4115/4031/3376 4103/4019/3366 4102/4018/3365
f 4116/4032/3377 4104/4020/3367 4103/4019/3366
f 4117/4033/3378 4105/4021/3368 4104/4020/3367
f 4118/4034/3379 4106/4022/3369 4105/4021/3368
f 4119/4035/3380 4107/4023/3370 4106/4022/3369
f 4120/4036/3381 4108/4024/3371 4107/4023/3370
f 4121/4037/3382 4109/4038/3383 4108/4024/3371
f 4123/4039/3340 4045/3966/3340 4110/4026/3340
f 4124/4040/3318 4111/4027/3318 4044/3966/3318
f 4125/4041/3384 4113/4028/3385 4112/4029/3386
f 4127/4042/3387 4113/4028/3385 4126/4043/3388
f 4128/4044/3389 4114/4030/3390 4127/4042/3387
f 4129/4045/3391 4115/4031/3392 4128/4044/3389
f 4130/4046/3393 4116/4032/3394 4129/4045/3391
f 4131/4047/3395 4117/4033/3396 4130/4046/3393
f 4132/4048/3397 4118/4034/3398 4131/4047/3395
f 4133/4049/3399 4119/4035/3400 4132/4048/3397
f 4134/4050/3401 4120/4036/3402 4133/4049/3399
f 4135/4051/3403 4121/4037/3404 4134/4050/3401
f 4136/4052/3340 4045/3966/3340 4123/4039/3340
f 4137/4053/3318 4124/4040/3318 4044/3966/3318
f 4138/4054/3405 4126/4043/3388 4125/4041/3384
f 4139/4055/3406 4127/4042/3387 4126/4043/3388
f 4141/4056/3407 4127/4042/3387 4140/4057/3408
f 4142/4058/3409 4128/4044/3389 4141/4056/3407
f 4143/4059/3410 4129/4045/3391 4142/4058/3409
f 4144/4060/3411 4130/4046/3393 4143/4059/3410
f 4145/4061/3412 4131/4047/3395 4144/4060/3411
f 4146/4062/3413 4132/4048/3397 4145/4061/3412
f 4147/4063/3414 4133/4049/3399 4146/4062/3413
f 4148/4064/3415 4134/4050/3401 4147/4063/3414
f 4149/4065/3340 4045/3966/3340 4136/4052/3340
f 4150/4066/3318 4137/4053/3318 4044/3966/3318
f 4151/4067/3416 4139/4055/3406 4138/4054/3405
f 4152/4068/3417 4140/4057/3408 4139/4055/3406
f 4153/4069/3418 4141/4056/3407 4140/4057/3408
f 4154/4070/3419 4142/4058/3409 4141/4056/3407
f 4156/4071/3420 4142/4058/3409 4155/4072/3421
f 4157/4073/3422 4143/4059/3410 4156/4071/3420
f 4158/4074/3423 4144/4060/3411 4157/4073/3422
f 4159/4075/3424 4145/4061/3412 4158/4074/3423
f 4160/4076/3425 4146/4062/3413 4159/4075/3424
f 4161/4077/3426 4147/4063/3414 4160/4076/3425
f 4162/4078/3340 4045/3966/3340 4149/4065/3340
f 4163/4079/3318 4150/4066/3318 4044/3966/3318
f 4164/4080/3427 4152/4068/3417 4151/4067/3416
f 4165/4081/3428 4153/4069/3418 4152/4068/3417
f 4166/4082/3429 4154/4070/3419 4153/4069/3418
f 4168/4083/3430 4154/4070/3419 4167/4084/3431
f 4169/4085/3432 4155/4072/3421 4168/4083/3430
f 4170/4086/3433 4156/4071/3420 4169/4085/3432
f 4171/4087/3434 4157/4073/3422 4170/4086/3433
f 4172/4088/3435 4158/4074/3423 4171/4087/3434
f 4173/4089/3436 4159/4075/3424 4172/4088/3435
f 4174/4090/3437 4160/4076/3425 4173/4089/3436
f 4175/4079/3340 4045/3966/3340 4162/4078/3340
f 4176/4078/3318 4163/4079/3318 4044/3966/3318
f 4178/4091/3438 4164/4080/3427 4177/4092/3439
f 4179/4093/3440 4165/4081/3428 4178/4091/3438
f 4179/4093/3440 4167/4084/3431 4166/4082/3429
f 4180/4094/3441 4168/4083/3430 4167/4084/3431
f 4181/4095/3442 4169/4085/3432 4168/4083/3430
f 4182/4096/3443 4170/4086/3433 4169/4085/3432
f 4183/4097/3444 4171/4087/3434 4170/4086/3433
f 4184/4098/3445 4172/4088/3435 4171/4087/3434
f 4185/4099/3446 4173/4089/3436 4172/4088/3435
f 4186/4100/3447 4174/4090/3437 4173/4089/3436
f 4188/4066/3340 4045/3966/3340 4175/4079/3340
f 4189/4065/3318 4176/4078/3318 4044/3966/3318
f 4191/4101/3448 4177/4092/3439 4190/4102/3449
f 4192/4103/3450 4178/4091/3438 4191/4101/3448
f 4192/4103/3450 4180/4094/3441 4179/4093/3440
f 4193/4104/3451 4181/4095/3442 4180/4094/3441
f 4194/4105/3452 4182/4096/3443 4181/4095/3442
f 4195/4106/3453 4183/4097/3444 4182/4096/3443
f 4196/4107/3454 4184/4098/3445 4183/4097/3444
f 4197/4108/3455 4185/4099/3446 4184/4098/3445
f 4198/4109/3456 4186/4100/3447 4185/4099/3446
f 4199/4110/3457 4187/4111/3458 4186/4100/3447
f 4201/4053/3340 4045/3966/3340 4188/4066/3340
f 4202/4052/3318 4189/4065/3318 4044/3966/3318
f 4203/4112/3459 4191/4101/3460 4190/4102/3461
f 4204/4113/3462 4192/4103/3463 4191/4101/3460
f 4206/4114/3464 4192/4103/3463 4205/4115/3465
f 4207/4116/3466 4193/4104/3467 4206/4114/3464
f 4208/4117/3468 4194/4105/3469 4207/4116/3466
f 4209/4118/3470 4195/4106/3471 4208/4117/3468
f 4210/4119/3472 4196/4107/3473 4209/4118/3470
f 4211/4120/3474 4197/4108/3475 4210/4119/3472
f 4212/4121/3476 4198/4109/3477 4211/4120/3474
f 4213/4122/3478 4199/4110/3479 4212/4121/3476
f 4214/4040/3340 4045/3966/3340 4201/4053/3340
f 4215/4039/3318 4202/4052/3318 4044/3966/3318
f 4216/4123/3480 4204/4113/3462 4203/4112/3459
f 4217/4124/3481 4205/4115/3465 4204/4113/3462
f 4219/4125/3482 4205/4115/3465 4218/4126/3483
f 4220/4127/3484 4206/4114/3464 4219/4125/3482
f 4221/4128/3485 4207/4116/3466 4220/4127/3484
f 4222/4129/3486 4208/4117/3468 4221/4128/3485
f 4223/4130/3487 4209/4118/3470 4222/4129/3486
f 4224/4131/3488 4210/4119/3472 4223/4130/3487
f 4225/4132/3489 4211/4120/3474 4224/4131/3488
f 4226/4133/3490 4212/4121/3476 4225/4132/3489
f 4227/4027/3340 4045/3966/3340 4214/4040/3340
f 4228/4026/3318 4215/4039/3318 4044/3966/3318
f 4229/4134/3491 4217/4124/3481 4216/4123/3480
f 4230/4135/3492 4218/4126/3483 4217/4124/3481
f 4232/4136/3493 4218/4126/3483 4231/4137/3494
f 4233/4138/3495 4219/4125/3482 4232/4136/3493
f 4234/4139/3496 4220/4127/3484 4233/4138/3495
f 4235/4140/3497 4221/4128/3485 4234/4139/3496
f 4236/4141/3498 4222/4129/3486 4235/4140/3497
f 4237/4142/3499 4223/4130/3487 4236/4141/3498
f 4238/4143/3500 4224/4131/3488 4237/4142/3499
f 4239/4144/3501 4225/4132/3489 4238/4143/3500
f 4240/4014/3340 4045/3966/3340 4227/4027/3340
f 4241/4013/3318 4228/4026/3318 4044/3966/3318
f 4243/4145/3502 4229/4134/3491 4242/4146/3503
f 4244/4147/3504 4230/4135/3492 4243/4145/3502
f 4244/4147/3504 4232/4136/3493 4231/4137/3494
f 4245/4148/3505 4233/4138/3495 4232/4136/3493
f 4246/4149/3506 4234/4139/3496 4233/4138/3495
f 4247/4150/3507 4235/4140/3497 4234/4139/3496
f 4248/4151/3508 4236/4141/3498 4235/4140/3497
f 4249/4152/3509 4237/4142/3499 4236/4141/3498
f 4250/4153/3510 4238/4143/3500 4237/4142/3499
f 4251/4154/3511 4239/4144/3501 4238/4143/3500
f 4253/4002/3340 4045/3966/3340 4240/4014/3340
f 4254/4001/3318 4241/4013/3318 4044/3966/3318
f 4256/4155/3512 4242/4146/3503 4255/4156/3513
f 4257/4157/3514 4243/4145/3502 4256/4155/3512
f 4257/4157/3514 4245/4148/3505 4244/4147/3504
f 4258/4158/3515 4246/4149/3506 4245/4148/3505
f 4259/4159/3516 4247/4150/3507 4246/4149/3506
f 4260/4160/3517 4248/4151/3508 4247/4150/3507
f 4261/4161/3518 4249/4152/3509 4248/4151/3508
f 4262/4162/3519 4250/4153/3510 4249/4152/3509
f 4263/4163/3520 4251/4154/3511 4250/4153/3510
f 4264/4164/3521 4252/4165/3522 4251/4154/3511
f 4266/3989/3340 4045/3966/3340 4253/4002/3340
f 4267/3987/3318 4254/4001/3318 4044/3966/3318
f 4268/4166/3523 4256/4155/3524 4255/4156/3525
f 4269/4167/3526 4257/4157/3527 4256/4155/3524
f 4271/4168/3528 4257/4157/3527 4270/4169/3529
f 4272/4170/3530 4258/4158/3531 4271/4168/3528
f 4273/4171/3532 4259/4159/3533 4272/4170/3530
f 4274/4172/3534 4260/4160/3535 4273/4171/3532
f 4275/4173/3536 4261/4161/3537 4274/4172/3534
f 4276/4174/3538 4262/4162/3539 4275/4173/3536
f 4277/4175/3540 4263/4163/3541 4276/4174/3538
f 4278/4176/3542 4264/4164/3543 4277/4175/3540
f 4279/3964/3340 4045/3966/3340 4266/3989/3340
f 4280/3988/3318 4267/3987/3318 4044/3966/3318
f 4281/4177/3544 4269/4167/3526 4268/4166/3523
f 4282/4178/3545 4270/4169/3529 4269/4167/3526
f 4284/4179/3546 4270/4169/3529 4283/4180/3547
f 4285/4181/3548 4271/4168/3528 4284/4179/3546
f 4286/3966/3549 4272/4170/3530 4285/4181/3548
f 4287/4182/3550 4273/4171/3532 4286/3966/3549
f 4288/4183/3551 4274/4172/3534 4287/4182/3550
f 4289/4184/3552 4275/4173/3536 4288/4183/3551
f 4290/4185/3553 4276/4174/3538 4289/4184/3552
f 4291/4079/3554 4277/4175/3540 4290/4185/3553
f 4292/3965/3340 4045/3966/3340 4279/3964/3340
f 4293/4186/3318 4280/3988/3318 4044/3966/3318
f 4294/4187/3555 4282/4178/3545 4281/4177/3544
f 4295/4188/3556 4283/4180/3547 4282/4178/3545
f 4297/4189/3557 4283/4180/3547 4296/4190/3558
f 4298/4191/3559 4284/4179/3546 4297/4189/3557
f 4299/4192/3560 4285/4181/3548 4298/4191/3559
f 4300/4193/3561 4286/3966/3549 4299/4192/3560
f 4301/4194/3562 4287/4182/3550 4300/4193/3561
f 4302/4195/3563 4288/4183/3551 4301/4194/3562
f 4303/4196/3564 4289/4184/3552 4302/4195/3563
f 4304/4197/3565 4290/4185/3553 4303/4196/3564
f 4305/4198/3340 4045/3966/3340 4292/3965/3340
f 4306/4199/3318 4293/4186/3318 4044/3966/3318
f 4308/4200/3566 4294/4187/3555 4307/4201/3567
f 4309/4202/3568 4295/4188/3556 4308/4200/3566
f 4309/4202/3568 4297/4189/3557 4296/4190/3558
f 4310/4203/3569 4298/4191/3559 4297/4189/3557
f 4311/4204/3570 4299/4192/3560 4298/4191/3559
f 4312/4205/3571 4300/4193/3561 4299/4192/3560
f 4313/4206/3572 4301/4194/3562 4300/4193/3561
f 4314/4207/3573 4302/4195/3563 4301/4194/3562
f 4315/4208/3574 4303/4196/3564 4302/4195/3563
f 4316/4209/3575 4304/4197/3565 4303/4196/3564
f 4318/4210/3340 4045/3966/3340 4305/4198/3340
f 4319/4211/3318 4306/4199/3318 4044/3966/3318
f 4321/4212/3576 4307/4201/3567 4320/4213/3577
f 4322/4214/3578 4308/4200/3566 4321/4212/3576
f 4322/4214/3578 4310/4203/3569 4309/4202/3568
f 4323/4215/3579 4311/4204/3570 4310/4203/3569
f 4324/4216/3580 4312/4205/3571 4311/4204/3570
f 4325/4217/3581 4313/4206/3572 4312/4205/3571
f 4326/4218/3582 4314/4207/3573 4313/4206/3572
f 4327/4219/3583 4315/4208/3574 4314/4207/3573
f 4328/4220/3584 4316/4209/3575 4315/4208/3574
f 4329/4221/3585 4317/4222/3586 4316/4209/3575
f 4331/4223/3340 4045/3966/3340 4318/4210/3340
f 4332/4224/3318 4319/4211/3318 4044/3966/3318
f 4333/4225/3587 4321/4212/3588 4320/4213/3589
f 4334/4226/3590 4322/4214/3591 4321/4212/3588
f 4336/4227/3592 4322/4214/3591 4335/4228/3593
f 4337/4229/3594 4323/4215/3595 4336/4227/3592
f 4338/4230/3596 4324/4216/3597 4337/4229/3594
f 4339/4231/3598 4325/4217/3599 4338/4230/3596
f 4340/4232/3600 4326/4218/3601 4339/4231/3598
f 4341/4233/3602 4327/4219/3603 4340/4232/3600
f 4342/4234/3604 4328/4220/3605 4341/4233/3602
f 4343/4235/3606 4329/4221/3607 4342/4234/3604
f 4344/4236/3340 4045/3966/3340 4331/4223/3340
f 4345/4237/3318 4332/4224/3318 4044/3966/3318
f 4346/4238/3608 4334/4226/3590 4333/4225/3587
f 4347/4239/3609 4335/4228/3593 4334/4226/3590
f 4349/4240/3610 4335/4228/3593 4348/4241/3611
f 4350/4242/3612 4336/4227/3592 4349/4240/3610
f 4351/4243/3613 4337/4229/3594 4350/4242/3612
f 4352/4244/3614 4338/4230/3596 4351/4243/3613
f 4353/4245/3615 4339/4231/3598 4352/4244/3614
f 4354/4246/3616 4340/4232/3600 4353/4245/3615
f 4355/4247/3617 4341/4233/3602 4354/4246/3616
f 4356/4248/3618 4342/4234/3604 4355/4247/3617
f 4357/4249/3340 4045/3966/3340 4344/4236/3340
f 4358/4250/3318 4345/4237/3318 4044/3966/3318
f 4360/4251/3619 4346/4238/3608 4359/4252/3620
f 4361/4253/3621 4347/4239/3609 4360/4251/3619
f 4362/4254/3622 4348/4241/3611 4361/4253/3621
f 4363/4255/3623 4349/4240/3610 4362/4254/3622
f 4364/4256/3624 4350/4242/3612 4363/4255/3623
f 4365/4257/3625 4351/4243/3613 4364/4256/3624
f 4366/4258/3626 4352/4244/3614 4365/4257/3625
f 4367/4259/3627 4353/4245/3615 4366/4258/3626
f 4368/4260/3628 4354/4246/3616 4367/4259/3627
f 4369/4261/3629 4355/4247/3617 4368/4260/3628
f 4370/4262/3340 4045/3966/3340 4357/4249/3340
f 4371/4263/3318 4358/4250/3318 4044/3966/3318
f 4373/4264/3630 4359/4252/3620 4372/4265/3631
f 4374/4266/3632 4360/4251/3619 4373/4264/3630
f 4374/4266/3632 4362/4254/3622 4361/4253/3621
f 4375/4267/3633 4363/4255/3623 4362/4254/3622
f 4376/4268/3634 4364/4256/3624 4363/4255/3623
f 4377/4269/3635 4365/4257/3625 4364/4256/3624
f 4378/4270/3636 4366/4258/3626 4365/4257/3625
f 4379/4271/3637 4367/4259/3627 4366/4258/3626
f 4380/4272/3638 4368/4260/3628 4367/4259/3627
f 4381/4273/3639 4369/4261/3629 4368/4260/3628
f 4383/4274/3340 4045/3966/3340 4370/4262/3340
f 4384/4275/3318 4371/4263/3318 4044/3966/3318
f 4386/4276/3640 4372/4265/3631 4385/4277/3641
f 4387/4278/3642 4373/4264/3630 4386/4276/3640
f 4387/4278/3642 4375/4267/3633 4374/4266/3632
f 4388/4279/3643 4376/4268/3634 4375/4267/3633
f 4389/4280/3644 4377/4269/3635 4376/4268/3634
f 4390/4281/3645 4378/4270/3636 4377/4269/3635
f 4391/4282/3646 4379/4271/3637 4378/4270/3636
f 4392/4283/3647 4380/4272/3638 4379/4271/3637
f 4393/4284/3648 4381/4273/3639 4380/4272/3638
f 4394/4285/3649 4382/4286/3650 4381/4273/3639
f 4396/4287/3340 4045/3966/3340 4383/4274/3340
f 4397/4177/3318 4384/4275/3318 4044/3966/3318
f 4398/4288/3651 4386/4276/3652 4385/4277/3653
f 4400/4289/3654 4386/4276/3652 4399/4290/3655
f 4401/4291/3656 4387/4278/3657 4400/4289/3654
f 4402/4292/3658 4388/4279/3659 4401/4291/3656
f 4403/4293/3660 4389/4280/3661 4402/4292/3658
f 4404/4294/3662 4390/4281/3663 4403/4293/3660
f 4405/4295/3664 4391/4282/3665 4404/4294/3662
f 4406/4296/3666 4392/4283/3667 4405/4295/3664
f 4407/4297/3668 4393/4284/3669 4406/4296/3666
f 4408/4298/3670 4394/4285/3671 4407/4297/3668
f 4409/4177/3340 4045/3966/3340 4396/4287/3340
f 4410/4287/3318 4397/4177/3318 4044/3966/3318
f 4411/4299/3672 4399/4290/3655 4398/4288/3651
f 4412/4300/3673 4400/4289/3654 4399/4290/3655
f 4414/4301/3674 4400/4289/3654 4413/4302/3675
f 4415/4303/3676 4401/4291/3656 4414/4301/3674
f 4416/4304/3677 4402/4292/3658 4415/4303/3676
f 4417/4305/3678 4403/4293/3660 4416/4304/3677
f 4418/4306/3679 4404/4294/3662 4417/4305/3678
f 4419/4307/3680 4405/4295/3664 4418/4306/3679
f 4420/4308/3681 4406/4296/3666 4419/4307/3680
f 4421/4309/3682 4407/4297/3668 4420/4308/3681
f 4422/4275/3340 4045/3966/3340 4409/4177/3340
f 4423/4274/3318 4410/4287/3318 4044/3966/3318
f 4425/4310/3683 4411/4299/3672 4424/4311/3684
f 4426/4312/3685 4412/4300/3673 4425/4310/3683
f 4426/4312/3685 4414/4301/3674 4413/4302/3675
f 4427/4313/3686 4415/4303/3676 4414/4301/3674
f 4428/4314/3687 4416/4304/3677 4415/4303/3676
f 4429/4315/3688 4417/4305/3678 4416/4304/3677
f 4430/4316/3689 4418/4306/3679 4417/4305/3678
f 4431/4317/3690 4419/4307/3680 4418/4306/3679
f 4432/4318/3691 4420/4308/3681 4419/4307/3680
f 4433/4319/3692 4421/4309/3682 4420/4308/3681
f 4435/4263/3340 4045/3966/3340 4422/4275/3340
f 4436/4262/3318 4423/4274/3318 4044/3966/3318
f 4438/4320/3693 4424/4311/3684 4437/4321/3694
f 4439/4322/3695 4425/4310/3683 4438/4320/3693
f 4439/4322/3695 4427/4313/3686 4426/4312/3685
f 4440/4323/3696 4428/4314/3687 4427/4313/3686
f 4441/4324/3697 4429/4315/3688 4428/4314/3687
f 4442/4325/3698 4430/4316/3689 4429/4315/3688
f 4443/4326/3699 4431/4317/3690 4430/4316/3689
f 4444/4327/3700 4432/4318/3691 4431/4317/3690
f 4445/4328/3701 4433/4319/3692 4432/4318/3691
f 4446/4329/3702 4434/4330/3703 4433/4319/3692
f 4448/4250/3340 4045/3966/3340 4435/4263/3340
f 4449/4249/3318 4436/4262/3318 4044/3966/3318
f 4451/4331/3704 4437/4321/3694 4450/4332/3705
f 4452/4333/3706 4438/4320/3693 4451/4331/3704
f 4452/4333/3706 4440/4323/3696 4439/4322/3695
f 4453/4334/3707 4441/4324/3697 4440/4323/3696
f 4454/4335/3708 4442/4325/3698 4441/4324/3697
f 4455/4336/3709 4443/4326/3699 4442/4325/3698
f 4456/4337/3710 4444/4327/3700 4443/4326/3699
f 4457/4338/3711 4445/4328/3701 4444/4327/3700
f 4458/4339/3712 4446/4329/3702 4445/4328/3701
f 4459/4340/3713 4447/4341/3714 4446/4329/3702
f 4461/4237/3340 4045/3966/3340 4448/4250/3340
f 4462/4236/3318 4449/4249/3318 4044/3966/3318
f 4463/4342/3715 4451/4331/3716 4450/4332/3717
f 4464/4343/3718 4452/4333/3719 4451/4331/3716
f 4466/4344/3720 4452/4333/3719 4465/4345/3721
f 4467/4346/3722 4453/4334/3723 4466/4344/3720
f 4468/4347/3724 4454/4335/3725 4467/4346/3722
f 4469/4348/3726 4455/4336/3727 4468/4347/3724
f 4470/4349/3728 4456/4337/3729 4469/4348/3726
f 4471/4350/3730 4457/4338/3731 4470/4349/3728
f 4472/4351/3732 4458/4339/3733 4471/4350/3730
f 4473/4352/3734 4459/4340/3735 4472/4351/3732
f 4474/4224/3340 4045/3966/3340 4461/4237/3340
f 4475/4223/3318 4462/4236/3318 4044/3966/3318
f 4476/4353/3736 4464/4343/3718 4463/4342/3715
f 4477/4354/3737 4465/4345/3721 4464/4343/3718
f 4479/4355/3738 4465/4345/3721 4478/4356/3739
f 4480/4357/3740 4466/4344/3720 4479/4355/3738
f 4481/4358/3741 4467/4346/3722 4480/4357/3740
f 4482/4359/3742 4468/4347/3724 4481/4358/3741
f 4483/4360/3743 4469/4348/3726 4482/4359/3742
f 4484/4361/3744 4470/4349/3728 4483/4360/3743
f 4485/4362/3745 4471/4350/3730 4484/4361/3744
f 4486/4363/3746 4472/4351/3732 4485/4362/3745
f 4487/4211/3340 4045/3966/3340 4474/4224/3340
f 4488/4210/3318 4475/4223/3318 4044/3966/3318
f 4490/4364/3747 4476/4353/3736 4489/4365/3748
f 4491/4366/3749 4477/4354/3737 4490/4364/3747
f 4491/4366/3749 4479/4355/3738 4478/4356/3739
f 4492/4367/3750 4480/4357/3740 4479/4355/3738
f 4493/4368/3751 4481/4358/3741 4480/4357/3740
f 4494/4369/3752 4482/4359/3742 4481/4358/3741
f 4495/4370/3753 4483/4360/3743 4482/4359/3742
f 4496/4371/3754 4484/4361/3744 4483/4360/3743
f 4497/4372/3755 4485/4362/3745 4484/4361/3744
f 4498/4373/3756 4486/4363/3746 4485/4362/3745
f 4500/4199/3340 4045/3966/3340 4487/4211/3340
f 4501/4198/3318 4488/4210/3318 4044/3966/3318
f 4503/4374/3757 4489/4365/3748 4502/4375/3758
f 4504/4376/3759 4490/4364/3747 4503/4374/3757
f 4504/4376/3759 4492/4367/3750 4491/4366/3749
f 4505/4377/3760 4493/4368/3751 4492/4367/3750
f 4506/4378/3761 4494/4369/3752 4493/4368/3751
f 4507/4379/3762 4495/4370/3753 4494/4369/3752
f 4508/4380/3763 4496/4371/3754 4495/4370/3753
f 4509/4381/3764 4497/4372/3755 4496/4371/3754
f 4510/4382/3765 4498/4373/3756 4497/4372/3755
f 4511/4383/3766 4499/4384/3767 4498/4373/3756
f 4513/4186/3340 4045/3966/3340 4500/4199/3340
f 4046/3965/3318 4501/4198/3318 4044/3966/3318
f 4048/4385/3768 4502/4375/3758 4047/4386/3769
f 4049/4387/3770 4503/4374/3757 4048/4385/3768
f 4049/4387/3770 4505/4377/3760 4504/4376/3759
f 4050/4388/3771 4506/4378/3761 4505/4377/3760
f 4051/4389/3772 4507/4379/3762 4506/4378/3761
f 4052/3988/3773 4508/4380/3763 4507/4379/3762
f 4053/4390/3774 4509/4381/3764 4508/4380/3763
f 4054/4391/3775 4510/4382/3765 4509/4381/3764
f 4055/4392/3776 4511/4383/3766 4510/4382/3765
f 4056/4393/3777 4512/4394/3778 4511/4383/3766
f 4058/3988/3340 4045/3966/3340 4513/4186/3340
f 4060/3967/3319 4061/3970/3322 4048/3968/3320
f 4061/3970/3322 4062/3973/3325 4049/3971/3323
f 4063/3972/3324 4050/3975/3327 4049/3971/3323
f 4064/3974/3326 4051/3977/3329 4050/3975/3327
f 4065/3976/3328 4052/3965/3331 4051/3977/3329
f 4066/3978/3330 4053/3980/3333 4052/3965/3331
f 4067/3979/3332 4054/3982/3335 4053/3980/3333
f 4068/3981/3334 4055/3984/3337 4054/3982/3335
f 4069/3983/3336 4056/3986/3339 4055/3984/3337
f 4070/3985/3338 4057/4395/3779 4056/3986/3339
f 4073/3990/3341 4074/3991/3342 4061/3970/3322
f 4074/3991/3342 4075/3993/3344 4062/3973/3325
f 4076/3992/3343 4063/3972/3324 4062/3973/3325
f 4077/3994/3345 4064/3974/3326 4063/3972/3324
f 4078/3995/3346 4065/3976/3328 4064/3974/3326
f 4079/3996/3347 4066/3978/3330 4065/3976/3328
f 4080/3997/3348 4067/3979/3332 4066/3978/3330
f 4081/3998/3349 4068/3981/3334 4067/3979/3332
f 4082/3999/3350 4069/3983/3336 4068/3981/3334
f 4083/4000/3351 4070/3985/3338 4069/3983/3336
f 4087/4003/3352 4074/3991/3342 4073/3990/3341
f 4087/4003/3352 4088/4005/3354 4075/3993/3344
f 4088/4005/3354 4089/4006/3355 4076/3992/3343
f 4089/4006/3355 4090/4007/3356 4077/3994/3345
f 4090/4007/3356 4091/4008/3357 4078/3995/3346
f 4091/4008/3357 4092/4009/3358 4079/3996/3347
f 4092/4009/3358 4093/4010/3359 4080/3997/3348
f 4093/4010/3359 4094/4011/3360 4081/3998/3349
f 4094/4011/3360 4095/4012/3361 4082/3999/3350
f 4095/4012/3361 4096/4025/3372 4083/4000/3351
f 4100/4015/3362 4087/4003/3352 4086/4004/3353
f 4101/4017/3364 4088/4005/3354 4087/4003/3352
f 4101/4017/3364 4102/4018/3365 4089/4006/3355
f 4102/4018/3365 4103/4019/3366 4090/4007/3356
f 4103/4019/3366 4104/4020/3367 4091/4008/3357
f 4104/4020/3367 4105/4021/3368 4092/4009/3358
f 4105/4021/3368 4106/4022/3369 4093/4010/3359
f 4106/4022/3369 4107/4023/3370 4094/4011/3360
f 4107/4023/3370 4108/4024/3371 4095/4012/3361
f 4108/4024/3371 4109/4038/3383 4096/4025/3372
f 4113/4028/3373 4100/4015/3362 4099/4016/3363
f 4113/4028/3373 4114/4030/3375 4101/4017/3364
f 4114/4030/3375 4115/4031/3376 4102/4018/3365
f 4115/4031/3376 4116/4032/3377 4103/4019/3366
f 4116/4032/3377 4117/4033/3378 4104/4020/3367
f 4117/4033/3378 4118/4034/3379 4105/4021/3368
f 4118/4034/3379 4119/4035/3380 4106/4022/3369
f 4119/4035/3380 4120/4036/3381 4107/4023/3370
f 4120/4036/3381 4121/4037/3382 4108/4024/3371
f 4121/4037/3382 4122/4396/3780 4109/4038/3383
f 4125/4041/3384 4126/4043/3388 4113/4028/3385
f 4127/4042/3387 4114/4030/3390 4113/4028/3385
f 4128/4044/3389 4115/4031/3392 4114/4030/3390
f 4129/4045/3391 4116/4032/3394 4115/4031/3392
f 4130/4046/3393 4117/4033/3396 4116/4032/3394
f 4131/4047/3395 4118/4034/3398 4117/4033/3396
f 4132/4048/3397 4119/4035/3400 4118/4034/3398
f 4133/4049/3399 4120/4036/3402 4119/4035/3400
f 4134/4050/3401 4121/4037/3404 4120/4036/3402
f 4135/4051/3403 4122/4396/3781 4121/4037/3404
f 4138/4054/3405 4139/4055/3406 4126/4043/3388
f 4139/4055/3406 4140/4057/3408 4127/4042/3387
f 4141/4056/3407 4128/4044/3389 4127/4042/3387
f 4142/4058/3409 4129/4045/3391 4128/4044/3389
f 4143/4059/3410 4130/4046/3393 4129/4045/3391
f 4144/4060/3411 4131/4047/3395 4130/4046/3393
f 4145/4061/3412 4132/4048/3397 4131/4047/3395
f 4146/4062/3413 4133/4049/3399 4132/4048/3397
f 4147/4063/3414 4134/4050/3401 4133/4049/3399
f 4148/4064/3415 4135/4051/3403 4134/4050/3401
f 4151/4067/3416 4152/4068/3417 4139/4055/3406
f 4152/4068/3417 4153/4069/3418 4140/4057/3408
f 4153/4069/3418 4154/4070/3419 4141/4056/3407
f 4154/4070/3419 4155/4072/3421 4142/4058/3409
f 4156/4071/3420 4143/4059/3410 4142/4058/3409
f 4157/4073/3422 4144/4060/3411 4143/4059/3410
f 4158/4074/3423 4145/4061/3412 4144/4060/3411
f 4159/4075/3424 4146/4062/3413 4145/4061/3412
f 4160/4076/3425 4147/4063/3414 4146/4062/3413
f 4161/4077/3426 4148/4064/3415 4147/4063/3414
f 4164/4080/3427 4165/4081/3428 4152/4068/3417
f 4165/4081/3428 4166/4082/3429 4153/4069/3418
f 4166/4082/3429 4167/4084/3431 4154/4070/3419
f 4168/4083/3430 4155/4072/3421 4154/4070/3419
f 4169/4085/3432 4156/4071/3420 4155/4072/3421
f 4170/4086/3433 4157/4073/3422 4156/4071/3420
f 4171/4087/3434 4158/4074/3423 4157/4073/3422
f 4172/4088/3435 4159/4075/3424 4158/4074/3423
f 4173/4089/3436 4160/4076/3425 4159/4075/3424
f 4174/4090/3437 4161/4077/3426 4160/4076/3425
f 4178/4091/3438 4165/4081/3428 4164/4080/3427
f 4179/4093/3440 4166/4082/3429 4165/4081/3428
f 4179/4093/3440 4180/4094/3441 4167/4084/3431
f 4180/4094/3441 4181/4095/3442 4168/4083/3430
f 4181/4095/3442 4182/4096/3443 4169/4085/3432
f 4182/4096/3443 4183/4097/3444 4170/4086/3433
f 4183/4097/3444 4184/4098/3445 4171/4087/3434
f 4184/4098/3445 4185/4099/3446 4172/4088/3435
f 4185/4099/3446 4186/4100/3447 4173/4089/3436
f 4186/4100/3447 4187/4111/3458 4174/4090/3437
f 4191/4101/3448 4178/4091/3438 4177/4092/3439
f 4192/4103/3450 4179/4093/3440 4178/4091/3438
f 4192/4103/3450 4193/4104/3451 4180/4094/3441
f 4193/4104/3451 4194/4105/3452 4181/4095/3442
f 4194/4105/3452 4195/4106/3453 4182/4096/3443
f 4195/4106/3453 4196/4107/3454 4183/4097/3444
f 4196/4107/3454 4197/4108/3455 4184/4098/3445
f 4197/4108/3455 4198/4109/3456 4185/4099/3446
f 4198/4109/3456 4199/4110/3457 4186/4100/3447
f 4199/4110/3457 4200/4397/3782 4187/4111/3458
f 4203/4112/3459 4204/4113/3462 4191/4101/3460
f 4204/4113/3462 4205/4115/3465 4192/4103/3463
f 4206/4114/3464 4193/4104/3467 4192/4103/3463
f 4207/4116/3466 4194/4105/3469 4193/4104/3467
f 4208/4117/3468 4195/4106/3471 4194/4105/3469
f 4209/4118/3470 4196/4107/3473 4195/4106/3471
f 4210/4119/3472 4197/4108/3475 4196/4107/3473
f 4211/4120/3474 4198/4109/3477 4197/4108/3475
f 4212/4121/3476 4199/4110/3479 4198/4109/3477
f 4213/4122/3478 4200/4397/3783 4199/4110/3479
f 4216/4123/3480 4217/4124/3481 4204/4113/3462
f 4217/4124/3481 4218/4126/3483 4205/4115/3465
f 4219/4125/3482 4206/4114/3464 4205/4115/3465
f 4220/4127/3484 4207/4116/3466 4206/4114/3464
f 4221/4128/3485 4208/4117/3468 4207/4116/3466
f 4222/4129/3486 4209/4118/3470 4208/4117/3468
f 4223/4130/3487 4210/4119/3472 4209/4118/3470
f 4224/4131/3488 4211/4120/3474 4210/4119/3472
f 4225/4132/3489 4212/4121/3476 4211/4120/3474
f 4226/4133/3490 4213/4122/3478 4212/4121/3476
f 4229/4134/3491 4230/4135/3492 4217/4124/3481
f 4230/4135/3492 4231/4137/3494 4218/4126/3483
f 4232/4136/3493 4219/4125/3482 4218/4126/3483
f 4233/4138/3495 4220/4127/3484 4219/4125/3482
f 4234/4139/3496 4221/4128/3485 4220/4127/3484
f 4235/4140/3497 4222/4129/3486 4221/4128/3485
f 4236/4141/3498 4223/4130/3487 4222/4129/3486
f 4237/4142/3499 4224/4131/3488 4223/4130/3487
f 4238/4143/3500 4225/4132/3489 4224/4131/3488
f 4239/4144/3501 4226/4133/3490 4225/4132/3489
f 4243/4145/3502 4230/4135/3492 4229/4134/3491
f 4244/4147/3504 4231/4137/3494 4230/4135/3492
f 4244/4147/3504 4245/4148/3505 4232/4136/3493
f 4245/4148/3505 4246/4149/3506 4233/4138/3495
f 4246/4149/3506 4247/4150/3507 4234/4139/3496
f 4247/4150/3507 4248/4151/3508 4235/4140/3497
f 4248/4151/3508 4249/4152/3509 4236/4141/3498
f 4249/4152/3509 4250/4153/3510 4237/4142/3499
f 4250/4153/3510 4251/4154/3511 4238/4143/3500
f 4251/4154/3511 4252/4165/3522 4239/4144/3501
f 4256/4155/3512 4243/4145/3502 4242/4146/3503
f 4257/4157/3514 4244/4147/3504 4243/4145/3502
f 4257/4157/3514 4258/4158/3515 4245/4148/3505
f 4258/4158/3515 4259/4159/3516 4246/4149/3506
f 4259/4159/3516 4260/4160/3517 4247/4150/3507
f 4260/4160/3517 4261/4161/3518 4248/4151/3508
f 4261/4161/3518 4262/4162/3519 4249/4152/3509
f 4262/4162/3519 4263/4163/3520 4250/4153/3510
f 4263/4163/3520 4264/4164/3521 4251/4154/3511
f 4264/4164/3521 4265/4398/3784 4252/4165/3522
f 4268/4166/3523 4269/4167/3526 4256/4155/3524
f 4269/4167/3526 4270/4169/3529 4257/4157/3527
f 4271/4168/3528 4258/4158/3531 4257/4157/3527
f 4272/4170/3530 4259/4159/3533 4258/4158/3531
f 4273/4171/3532 4260/4160/3535 4259/4159/3533
f 4274/4172/3534 4261/4161/3537 4260/4160/3535
f 4275/4173/3536 4262/4162/3539 4261/4161/3537
f 4276/4174/3538 4263/4163/3541 4262/4162/3539
f 4277/4175/3540 4264/4164/3543 4263/4163/3541
f 4278/4176/3542 4265/4398/3785 4264/4164/3543
f 4281/4177/3544 4282/4178/3545 4269/4167/3526
f 4282/4178/3545 4283/4180/3547 4270/4169/3529
f 4284/4179/3546 4271/4168/3528 4270/4169/3529
f 4285/4181/3548 4272/4170/3530 4271/4168/3528
f 4286/3966/3549 4273/4171/3532 4272/4170/3530
f 4287/4182/3550 4274/4172/3534 4273/4171/3532
f 4288/4183/3551 4275/4173/3536 4274/4172/3534
f 4289/4184/3552 4276/4174/3538 4275/4173/3536
f 4290/4185/3553 4277/4175/3540 4276/4174/3538
f 4291/4079/3554 4278/4176/3542 4277/4175/3540
f 4294/4187/3555 4295/4188/3556 4282/4178/3545
f 4295/4188/3556 4296/4190/3558 4283/4180/3547
f 4297/4189/3557 4284/4179/3546 4283/4180/3547
f 4298/4191/3559 4285/4181/3548 4284/4179/3546
f 4299/4192/3560 4286/3966/3549 4285/4181/3548
f 4300/4193/3561 4287/4182/3550 4286/3966/3549
f 4301/4194/3562 4288/4183/3551 4287/4182/3550
f 4302/4195/3563 4289/4184/3552 4288/4183/3551
f 4303/4196/3564 4290/4185/3553 4289/4184/3552
f 4304/4197/3565 4291/4079/3554 4290/4185/3553
f 4308/4200/3566 4295/4188/3556 4294/4187/3555
f 4309/4202/3568 4296/4190/3558 4295/4188/3556
f 4309/4202/3568 4310/4203/3569 4297/4189/3557
f 4310/4203/3569 4311/4204/3570 4298/4191/3559
f 4311/4204/3570 4312/4205/3571 4299/4192/3560
f 4312/4205/3571 4313/4206/3572 4300/4193/3561
f 4313/4206/3572 4314/4207/3573 4301/4194/3562
f 4314/4207/3573 4315/4208/3574 4302/4195/3563
f 4315/4208/3574 4316/4209/3575 4303/4196/3564
f 4316/4209/3575 4317/4222/3586 4304/4197/3565
f 4321/4212/3576 4308/4200/3566 4307/4201/3567
f 4322/4214/3578 4309/4202/3568 4308/4200/3566
f 4322/4214/3578 4323/4215/3579 4310/4203/3569
f 4323/4215/3579 4324/4216/3580 4311/4204/3570
f 4324/4216/3580 4325/4217/3581 4312/4205/3571
f 4325/4217/3581 4326/4218/3582 4313/4206/3572
f 4326/4218/3582 4327/4219/3583 4314/4207/3573
f 4327/4219/3583 4328/4220/3584 4315/4208/3574
f 4328/4220/3584 4329/4221/3585 4316/4209/3575
f 4329/4221/3585 4330/4399/3786 4317/4222/3586
f 4333/4225/3587 4334/4226/3590 4321/4212/3588
f 4334/4226/3590 4335/4228/3593 4322/4214/3591
f 4336/4227/3592 4323/4215/3595 4322/4214/3591
f 4337/4229/3594 4324/4216/3597 4323/4215/3595
f 4338/4230/3596 4325/4217/3599 4324/4216/3597
f 4339/4231/3598 4326/4218/3601 4325/4217/3599
f 4340/4232/3600 4327/4219/3603 4326/4218/3601
f 4341/4233/3602 4328/4220/3605 4327/4219/3603
f 4342/4234/3604 4329/4221/3607 4328/4220/3605
f 4343/4235/3606 4330/4399/3787 4329/4221/3607
f 4346/4238/3608 4347/4239/3609 4334/4226/3590
f 4347/4239/3609 4348/4241/3611 4335/4228/3593
f 4349/4240/3610 4336/4227/3592 4335/4228/3593
f 4350/4242/3612 4337/4229/3594 4336/4227/3592
f 4351/4243/3613 4338/4230/3596 4337/4229/3594
f 4352/4244/3614 4339/4231/3598 4338/4230/3596
f 4353/4245/3615 4340/4232/3600 4339/4231/3598
f 4354/4246/3616 4341/4233/3602 4340/4232/3600
f 4355/4247/3617 4342/4234/3604 4341/4233/3602
f 4356/4248/3618 4343/4235/3606 4342/4234/3604
f 4360/4251/3619 4347/4239/3609 4346/4238/3608
f 4361/4253/3621 4348/4241/3611 4347/4239/3609
f 4362/4254/3622 4349/4240/3610 4348/4241/3611
f 4363/4255/3623 4350/4242/3612 4349/4240/3610
f 4364/4256/3624 4351/4243/3613 4350/4242/3612
f 4365/4257/3625 4352/4244/3614 4351/4243/3613
f 4366/4258/3626 4353/4245/3615 4352/4244/3614
f 4367/4259/3627 4354/4246/3616 4353/4245/3615
f 4368/4260/3628 4355/4247/3617 4354/4246/3616
f 4369/4261/3629 4356/4248/3618 4355/4247/3617
f 4373/4264/3630 4360/4251/3619 4359/4252/3620
f 4374/4266/3632 4361/4253/3621 4360/4251/3619
f 4374/4266/3632 4375/4267/3633 4362/4254/3622
f 4375/4267/3633 4376/4268/3634 4363/4255/3623
f 4376/4268/3634 4377/4269/3635 4364/4256/3624
f 4377/4269/3635 4378/4270/3636 4365/4257/3625
f 4378/4270/3636 4379/4271/3637 4366/4258/3626
f 4379/4271/3637 4380/4272/3638 4367/4259/3627
f 4380/4272/3638 4381/4273/3639 4368/4260/3628
f 4381/4273/3639 4382/4286/3650 4369/4261/3629
f 4386/4276/3640 4373/4264/3630 4372/4265/3631
f 4387/4278/3642 4374/4266/3632 4373/4264/3630
f 4387/4278/3642 4388/4279/3643 4375/4267/3633
f 4388/4279/3643 4389/4280/3644 4376/4268/3634
f 4389/4280/3644 4390/4281/3645 4377/4269/3635
f 4390/4281/3645 4391/4282/3646 4378/4270/3636
f 4391/4282/3646 4392/4283/3647 4379/4271/3637
f 4392/4283/3647 4393/4284/3648 4380/4272/3638
f 4393/4284/3648 4394/4285/3649 4381/4273/3639
f 4394/4285/3649 4395/4400/3788 4382/4286/3650
f 4398/4288/3651 4399/4290/3655 4386/4276/3652
f 4400/4289/3654 4387/4278/3657 4386/4276/3652
f 4401/4291/3656 4388/4279/3659 4387/4278/3657
f 4402/4292/3658 4389/4280/3661 4388/4279/3659
f 4403/4293/3660 4390/4281/3663 4389/4280/3661
f 4404/4294/3662 4391/4282/3665 4390/4281/3663
f 4405/4295/3664 4392/4283/3667 4391/4282/3665
f 4406/4296/3666 4393/4284/3669 4392/4283/3667
f 4407/4297/3668 4394/4285/3671 4393/4284/3669
f 4408/4298/3670 4395/4400/3789 4394/4285/3671
f 4411/4299/3672 4412/4300/3673 4399/4290/3655
f 4412/4300/3673 4413/4302/3675 4400/4289/3654
f 4414/4301/3674 4401/4291/3656 4400/4289/3654
f 4415/4303/3676 4402/4292/3658 4401/4291/3656
f 4416/4304/3677 4403/4293/3660 4402/4292/3658
f 4417/4305/3678 4404/4294/3662 4403/4293/3660
f 4418/4306/3679 4405/4295/3664 4404/4294/3662
f 4419/4307/3680 4406/4296/3666 4405/4295/3664
f 4420/4308/3681 4407/4297/3668 4406/4296/3666
f 4421/4309/3682 4408/4298/3670 4407/4297/3668
f 4425/4310/3683 4412/4300/3673 4411/4299/3672
f 4426/4312/3685 4413/4302/3675 4412/4300/3673
f 4426/4312/3685 4427/4313/3686 4414/4301/3674
f 4427/4313/3686 4428/4314/3687 4415/4303/3676
f 4428/4314/3687 4429/4315/3688 4416/4304/3677
f 4429/4315/3688 4430/4316/3689 4417/4305/3678
f 4430/4316/3689 4431/4317/3690 4418/4306/3679
f 4431/4317/3690 4432/4318/3691 4419/4307/3680
f 4432/4318/3691 4433/4319/3692 4420/4308/3681
f 4433/4319/3692 4434/4330/3703 4421/4309/3682
f 4438/4320/3693 4425/4310/3683 4424/4311/3684
f 4439/4322/3695 4426/4312/3685 4425/4310/3683
f 4439/4322/3695 4440/4323/3696 4427/4313/3686
f 4440/4323/3696 4441/4324/3697 4428/4314/3687
f 4441/4324/3697 4442/4325/3698 4429/4315/3688
f 4442/4325/3698 4443/4326/3699 4430/4316/3689
f 4443/4326/3699 4444/4327/3700 4431/4317/3690
f 4444/4327/3700 4445/4328/3701 4432/4318/3691
f 4445/4328/3701 4446/4329/3702 4433/4319/3692
f 4446/4329/3702 4447/4341/3714 4434/4330/3703
f 4451/4331/3704 4438/4320/3693 4437/4321/3694
f 4452/4333/3706 4439/4322/3695 4438/4320/3693
f 4452/4333/3706 4453/4334/3707 4440/4323/3696
f 4453/4334/3707 4454/4335/3708 4441/4324/3697
f 4454/4335/3708 4455/4336/3709 4442/4325/3698
f 4455/4336/3709 4456/4337/3710 4443/4326/3699
f 4456/4337/3710 4457/4338/3711 4444/4327/3700
f 4457/4338/3711 4458/4339/3712 4445/4328/3701
f 4458/4339/3712 4459/4340/3713 4446/4329/3702
f 4459/4340/3713 4460/4401/3790 4447/4341/3714
f 4463/4342/3715 4464/4343/3718 4451/4331/3716
f 4464/4343/3718 4465/4345/3721 4452/4333/3719
f 4466/4344/3720 4453/4334/3723 4452/4333/3719
f 4467/4346/3722 4454/4335/3725 4453/4334/3723
f 4468/4347/3724 4455/4336/3727 4454/4335/3725
f 4469/4348/3726 4456/4337/3729 4455/4336/3727
f 4470/4349/3728 4457/4338/3731 4456/4337/3729
f 4471/4350/3730 4458/4339/3733 4457/4338/3731
f 4472/4351/3732 4459/4340/3735 4458/4339/3733
f 4473/4352/3734 4460/4401/3791 4459/4340/3735
f 4476/4353/3736 4477/4354/3737 4464/4343/3718
f 4477/4354/3737 4478/4356/3739 4465/4345/3721
f 4479/4355/3738 4466/4344/3720 4465/4345/3721
f 4480/4357/3740 4467/4346/3722 4466/4344/3720
f 4481/4358/3741 4468/4347/3724 4467/4346/3722
f 4482/4359/3742 4469/4348/3726 4468/4347/3724
f 4483/4360/3743 4470/4349/3728 4469/4348/3726
f 4484/4361/3744 4471/4350/3730 4470/4349/3728
f 4485/4362/3745 4472/4351/3732 4471/4350/3730
f 4486/4363/3746 4473/4352/3734 4472/4351/3732
f 4490/4364/3747 4477/4354/3737 4476/4353/3736
f 4491/4366/3749 4478/4356/3739 4477/4354/3737
f 4491/4366/3749 4492/4367/3750 4479/4355/3738
f 4492/4367/3750 4493/4368/3751 4480/4357/3740
f 4493/4368/3751 4494/4369/3752 4481/4358/3741
f 4494/4369/3752 4495/4370/3753 4482/4359/3742
f 4495/4370/3753 4496/4371/3754 4483/4360/3743
f 4496/4371/3754 4497/4372/3755 4484/4361/3744
f 4497/4372/3755 4498/4373/3756 4485/4362/3745
f 4498/4373/3756 4499/4384/3767 4486/4363/3746
f 4503/4374/3757 4490/4364/3747 4489/4365/3748
f 4504/4376/3759 4491/4366/3749 4490/4364/3747
f 4504/4376/3759 4505/4377/3760 4492/4367/3750
f 4505/4377/3760 4506/4378/3761 4493/4368/3751
f 4506/4378/3761 4507/4379/3762 4494/4369/3752
f 4507/4379/3762 4508/4380/3763 4495/4370/3753
f 4508/4380/3763 4509/4381/3764 4496/4371/3754
f 4509/4381/3764 4510/4382/3765 4497/4372/3755
f 4510/4382/3765 4511/4383/3766 4498/4373/3756
f 4511/4383/3766 4512/4394/3778 4499/4384/3767
f 4048/4385/3768 4503/4374/3757 4502/4375/3758
f 4049/4387/3770 4504/4376/3759 4503/4374/3757
f 4049/4387/3770 4050/4388/3771 4505/4377/3760
f 4050/4388/3771 4051/4389/3772 4506/4378/3761
f 4051/4389/3772 4052/3988/3773 4507/4379/3762
f 4052/3988/3773 4053/4390/3774 4508/4380/3763
f 4053/4390/3774 4054/4391/3775 4509/4381/3764
f 4054/4391/3775 4055/4392/3776 4510/4382/3765
f 4055/4392/3776 4056/4393/3777 4511/4383/3766
f 4056/4393/3777 4057/4402/3792 4512/4394/3778
o Torus
v 0.145428 3.259115 0.002603
v 0.143774 3.268496 0.002603
v 0.139011 3.276745 0.002603
v 0.131714 3.282868 0.002603
v 0.122763 3.286126 0.002603
v 0.113237 3.286126 0.002603
v 0.104286 3.282868 0.002603
v 0.096989 3.276745 0.002603
v 0.092226 3.268496 0.002603
v 0.090572 3.259115 0.002603
v 0.092226 3.249733 0.002603
v 0.096989 3.241484 0.002603
v 0.104286 3.235361 0.002603
v 0.113237 3.232103 0.002603
v 0.122763 3.232103 0.002603
v 0.131714 3.235361 0.002603
v 0.139011 3.241484 0.002603
v 0.143774 3.249733 0.002603
v 0.143288 3.259115 -0.021860
v 0.141659 3.268496 -0.021572
v 0.136968 3.276745 -0.020745
v 0.129782 3.282868 -0.019478
v 0.120967 3.286126 -0.017924
v 0.111586 3.286126 -0.016270
v 0.102770 3.282868 -0.014715
v 0.095584 3.276745 -0.013448
v 0.090894 3.268496 -0.012621
v 0.089265 3.259115 -0.012334
v 0.090894 3.249733 -0.012621
v 0.095584 3.241484 -0.013448
v 0.102770 3.235361 -0.014715
v 0.111586 3.232103 -0.016270
v 0.120967 3.232103 -0.017924
v 0.129782 3.235361 -0.019478
v 0.136968 3.241484 -0.020745
v 0.141659 3.249733 -0.021572
v 0.136932 3.259115 -0.045579
v 0.135378 3.268496 -0.045014
v 0.130902 3.276745 -0.043385
v 0.124045 3.282868 -0.040889
v 0.115634 3.286126 -0.037827
v 0.106682 3.286126 -0.034569
v 0.098271 3.282868 -0.031508
v 0.091414 3.276745 -0.029012
v 0.086938 3.268496 -0.027383
v 0.085384 3.259115 -0.026817
v 0.086938 3.249733 -0.027383
v 0.091414 3.241484 -0.029012
v 0.098271 3.235361 -0.031508
v 0.106682 3.232103 -0.034569
v 0.115634 3.232103 -0.037827
v 0.124045 3.235361 -0.040889
v 0.130902 3.241484 -0.043385
v 0.135378 3.249733 -0.045014
v 0.126554 3.259115 -0.067835
v 0.125122 3.268496 -0.067008
v 0.120997 3.276745 -0.064627
v 0.114677 3.282868 -0.060978
v 0.106925 3.286126 -0.056502
v 0.098676 3.286126 -0.051740
v 0.090924 3.282868 -0.047264
v 0.084604 3.276745 -0.043615
v 0.080480 3.268496 -0.041234
v 0.079047 3.259115 -0.040407
v 0.080480 3.249733 -0.041234
v 0.084604 3.241484 -0.043615
v 0.090924 3.235361 -0.047264
v 0.098676 3.232103 -0.051740
v 0.106925 3.232103 -0.056502
v 0.114677 3.235361 -0.060978
v 0.120997 3.241484 -0.064627
v 0.125122 3.249733 -0.067008
v 0.112469 3.259115 -0.087951
v 0.111202 3.268496 -0.086887
v 0.107553 3.276745 -0.083826
v 0.101963 3.282868 -0.079135
v 0.095106 3.286126 -0.073382
v 0.087809 3.286126 -0.067259
v 0.080952 3.282868 -0.061505
v 0.075362 3.276745 -0.056814
v 0.071714 3.268496 -0.053753
v 0.070447 3.259115 -0.052690
v 0.071714 3.249733 -0.053753
v 0.075362 3.241484 -0.056814
v 0.080952 3.235361 -0.061505
v 0.087809 3.232103 -0.067259
v 0.095106 3.232103 -0.073382
v 0.101963 3.235361 -0.079135
v 0.107553 3.241484 -0.083826
v 0.111202 3.249733 -0.086887
v 0.095105 3.259115 -0.105315
v 0.094042 3.268496 -0.104047
v 0.090980 3.276745 -0.100399
v 0.086290 3.282868 -0.094809
v 0.080536 3.286126 -0.087952
v 0.074413 3.286126 -0.080655
v 0.068659 3.282868 -0.073798
v 0.063969 3.276745 -0.068208
v 0.060907 3.268496 -0.064559
v 0.059844 3.259115 -0.063292
v 0.060907 3.249733 -0.064559
v 0.063969 3.241484 -0.068208
v 0.068659 3.235361 -0.073798
v 0.074413 3.232103 -0.080655
v 0.080536 3.232103 -0.087952
v 0.086290 3.235361 -0.094809
v 0.090980 3.241484 -0.100399
v 0.094042 3.249733 -0.104047
v 0.074990 3.259115 -0.119400
v 0.074163 3.268496 -0.117967
v 0.071781 3.276745 -0.113842
v 0.068133 3.282868 -0.107523
v 0.063657 3.286126 -0.099771
v 0.058894 3.286126 -0.091521
v 0.054418 3.282868 -0.083769
v 0.050770 3.276745 -0.077450
v 0.048388 3.268496 -0.073325
v 0.047561 3.259115 -0.071893
v 0.048388 3.249733 -0.073325
v 0.050770 3.241484 -0.077450
v 0.054418 3.235361 -0.083769
v 0.058894 3.232103 -0.091521
v 0.063657 3.232103 -0.099771
v 0.068133 3.235361 -0.107523
v 0.071781 3.241484 -0.113842
v 0.074163 3.249733 -0.117967
v 0.052734 3.259115 -0.129778
v 0.052168 3.268496 -0.128223
v 0.050539 3.276745 -0.123748
v 0.048043 3.282868 -0.116891
v 0.044982 3.286126 -0.108479
v 0.041724 3.286126 -0.099528
v 0.038662 3.282868 -0.091116
v 0.036167 3.276745 -0.084259
v 0.034538 3.268496 -0.079784
v 0.033972 3.259115 -0.078229
v 0.034538 3.249733 -0.079784
v 0.036167 3.241484 -0.084259
v 0.038662 3.235361 -0.091116
v 0.041724 3.232103 -0.099528
v 0.044982 3.232103 -0.108479
v 0.048043 3.235361 -0.116891
v 0.050539 3.241484 -0.123748
v 0.052168 3.249733 -0.128223
v 0.029014 3.259115 -0.136133
v 0.028727 3.268496 -0.134504
v 0.027900 3.276745 -0.129814
v 0.026633 3.282868 -0.122627
v 0.025078 3.286126 -0.113812
v 0.023424 3.286126 -0.104431
v 0.021870 3.282868 -0.095616
v 0.020603 3.276745 -0.088430
v 0.019776 3.268496 -0.083739
v 0.019488 3.259115 -0.082110
v 0.019776 3.249733 -0.083739
v 0.020603 3.241484 -0.088430
v 0.021870 3.235361 -0.095616
v 0.023424 3.232103 -0.104431
v 0.025078 3.232103 -0.113812
v 0.026633 3.235361 -0.122627
v 0.027900 3.241484 -0.129814
v 0.028727 3.249733 -0.134504
v 0.004551 3.259115 -0.138273
v 0.004551 3.268496 -0.136619
v 0.004551 3.276745 -0.131856
v 0.004551 3.282868 -0.124559
v 0.004551 3.286126 -0.115608
v 0.004551 3.286126 -0.106082
v 0.004551 3.282868 -0.097131
v 0.004551 3.276745 -0.089834
v 0.004551 3.268496 -0.085071
v 0.004551 3.259115 -0.083417
v 0.004551 3.249733 -0.085071
v 0.004551 3.241484 -0.089834
v 0.004551 3.235361 -0.097131
v 0.004551 3.232103 -0.106082
v 0.004551 3.232103 -0.115608
v 0.004551 3.235361 -0.124559
v 0.004551 3.241484 -0.131856
v 0.004551 3.249733 -0.136619
v -0.019912 3.259115 -0.136133
v -0.019625 3.268496 -0.134504
v -0.018798 3.276745 -0.129814
v -0.017530 3.282868 -0.122627
v -0.015976 3.286126 -0.113812
v -0.014322 3.286126 -0.104431
v -0.012768 3.282868 -0.095616
v -0.011500 3.276745 -0.088430
v -0.010673 3.268496 -0.083739
v -0.010386 3.259115 -0.082110
v -0.010673 3.249733 -0.083739
v -0.011500 3.241484 -0.088430
v -0.012768 3.235361 -0.095616
v -0.014322 3.232103 -0.104431
v -0.015976 3.232103 -0.113812
v -0.017530 3.235361 -0.122627
v -0.018798 3.241484 -0.129814
v -0.019625 3.249733 -0.134504
v -0.043632 3.259115 -0.129778
v -0.043066 3.268496 -0.128223
v -0.041437 3.276745 -0.123748
v -0.038941 3.282868 -0.116891
v -0.035880 3.286126 -0.108479
v -0.032622 3.286126 -0.099528
v -0.029560 3.282868 -0.091116
v -0.027064 3.276745 -0.084259
v -0.025435 3.268496 -0.079784
v -0.024870 3.259115 -0.078229
v -0.025435 3.249733 -0.079784
v -0.027064 3.241484 -0.084259
v -0.029560 3.235361 -0.091116
v -0.032622 3.232103 -0.099528
v -0.035880 3.232103 -0.108479
v -0.038941 3.235361 -0.116891
v -0.041437 3.241484 -0.123748
v -0.043066 3.249733 -0.128223
v -0.065887 3.259115 -0.119400
v -0.065060 3.268496 -0.117967
v -0.062679 3.276745 -0.113842
v -0.059030 3.282868 -0.107523
v -0.054555 3.286126 -0.099771
v -0.049792 3.286126 -0.091521
v -0.045316 3.282868 -0.083769
v -0.041668 3.276745 -0.077450
v -0.039286 3.268496 -0.073325
v -0.038459 3.259115 -0.071893
v -0.039286 3.249733 -0.073325
v -0.041668 3.241484 -0.077450
v -0.045316 3.235361 -0.083769
v -0.049792 3.232103 -0.091521
v -0.054555 3.232103 -0.099771
v -0.059030 3.235361 -0.107523
v -0.062679 3.241484 -0.113842
v -0.065060 3.249733 -0.117967
v -0.086003 3.259115 -0.105315
v -0.084939 3.268496 -0.104047
v -0.081878 3.276745 -0.100399
v -0.077187 3.282868 -0.094809
v -0.071434 3.286126 -0.087952
v -0.065311 3.286126 -0.080655
v -0.059557 3.282868 -0.073798
v -0.054866 3.276745 -0.068208
v -0.051805 3.268496 -0.064559
v -0.050742 3.259115 -0.063292
v -0.051805 3.249733 -0.064559
v -0.054866 3.241484 -0.068208
v -0.059557 3.235361 -0.073798
v -0.065311 3.232103 -0.080655
v -0.071434 3.232103 -0.087952
v -0.077187 3.235361 -0.094809
v -0.081878 3.241484 -0.100399
v -0.084939 3.249733 -0.104047
v -0.103367 3.259115 -0.087951
v -0.102100 3.268496 -0.086887
v -0.098451 3.276745 -0.083826
v -0.092861 3.282868 -0.079135
v -0.086004 3.286126 -0.073382
v -0.078707 3.286126 -0.067259
v -0.071850 3.282868 -0.061505
v -0.066260 3.276745 -0.056814
v -0.062611 3.268496 -0.053753
v -0.061344 3.259115 -0.052690
v -0.062611 3.249733 -0.053753
v -0.066260 3.241484 -0.056814
v -0.071850 3.235361 -0.061505
v -0.078707 3.232103 -0.067259
v -0.086004 3.232103 -0.073382
v -0.092861 3.235361 -0.079135
v -0.098451 3.241484 -0.083826
v -0.102100 3.249733 -0.086887
v -0.117452 3.259115 -0.067835
v -0.116019 3.268496 -0.067008
v -0.111894 3.276745 -0.064627
v -0.105575 3.282868 -0.060978
v -0.097823 3.286126 -0.056502
v -0.089573 3.286126 -0.051740
v -0.081821 3.282868 -0.047264
v -0.075502 3.276745 -0.043615
v -0.071377 3.268496 -0.041234
v -0.069945 3.259115 -0.040407
v -0.071377 3.249733 -0.041234
v -0.075502 3.241484 -0.043615
v -0.081821 3.235361 -0.047264
v -0.089573 3.232103 -0.051740
v -0.097823 3.232103 -0.056502
v -0.105575 3.235361 -0.060978
v -0.111894 3.241484 -0.064627
v -0.116019 3.249733 -0.067008
v -0.127830 3.259115 -0.045579
v -0.126275 3.268496 -0.045014
v -0.121800 3.276745 -0.043385
v -0.114943 3.282868 -0.040889
v -0.106531 3.286126 -0.037827
v -0.097580 3.286126 -0.034569
v -0.089169 3.282868 -0.031508
v -0.082312 3.276745 -0.029012
v -0.077836 3.268496 -0.027383
v -0.076282 3.259115 -0.026817
v -0.077836 3.249733 -0.027383
v -0.082312 3.241484 -0.029012
v -0.089169 3.235361 -0.031508
v -0.097580 3.232103 -0.034569
v -0.106531 3.232103 -0.037827
v -0.114943 3.235361 -0.040889
v -0.121800 3.241484 -0.043385
v -0.126275 3.249733 -0.045014
v -0.134185 3.259115 -0.021860
v -0.132556 3.268496 -0.021572
v -0.127866 3.276745 -0.020745
v -0.120680 3.282868 -0.019478
v -0.111864 3.286126 -0.017924
v -0.102483 3.286126 -0.016270
v -0.093668 3.282868 -0.014715
v -0.086482 3.276745 -0.013448
v -0.081791 3.268496 -0.012621
v -0.080162 3.259115 -0.012334
v -0.081791 3.249733 -0.012621
v -0.086482 3.241484 -0.013448
v -0.093668 3.235361 -0.014715
v -0.102483 3.232103 -0.016270
v -0.111864 3.232103 -0.017924
v -0.120680 3.235361 -0.019478
v -0.127866 3.241484 -0.020745
v -0.132556 3.249733 -0.021572
v -0.136326 3.259115 0.002603
v -0.134671 3.268496 0.002603
v -0.129909 3.276745 0.002603
v -0.122611 3.282868 0.002603
v -0.113660 3.286126 0.002603
v -0.104135 3.286126 0.002603
v -0.095183 3.282868 0.002603
v -0.087886 3.276745 0.002603
v -0.083123 3.268496 0.002603
v -0.081469 3.259115 0.002603
v -0.083123 3.249733 0.002603
v -0.087886 3.241484 0.002603
v -0.095183 3.235361 0.002603
v -0.104135 3.232103 0.002603
v -0.113660 3.232103 0.002603
v -0.122611 3.235361 0.002603
v -0.129909 3.241484 0.002603
v -0.134671 3.249733 0.002603
v -0.134185 3.259115 0.027066
v -0.132556 3.268496 0.026779
v -0.127866 3.276745 0.025952
v -0.120680 3.282868 0.024685
v -0.111864 3.286126 0.023131
v -0.102483 3.286126 0.021476
v -0.093668 3.282868 0.019922
v -0.086482 3.276745 0.018655
v -0.081791 3.268496 0.017828
v -0.080162 3.259115 0.017541
v -0.081791 3.249733 0.017828
v -0.086482 3.241484 0.018655
v -0.093668 3.235361 0.019922
v -0.102483 3.232103 0.021476
v -0.111864 3.232103 0.023131
v -0.120680 3.235361 0.024685
v -0.127866 3.241484 0.025952
v -0.132556 3.249733 0.026779
v -0.127830 3.259115 0.050786
v -0.126275 3.268496 0.050220
v -0.121800 3.276745 0.048591
v -0.114943 3.282868 0.046096
v -0.106531 3.286126 0.043034
v -0.097580 3.286126 0.039776
v -0.089169 3.282868 0.036715
v -0.082312 3.276745 0.034219
v -0.077836 3.268496 0.032590
v -0.076282 3.259115 0.032024
v -0.077836 3.249733 0.032590
v -0.082312 3.241484 0.034219
v -0.089169 3.235361 0.036715
v -0.097580 3.232103 0.039776
v -0.106531 3.232103 0.043034
v -0.114943 3.235361 0.046096
v -0.121800 3.241484 0.048591
v -0.126275 3.249733 0.050220
v -0.117452 3.259115 0.073042
v -0.116019 3.268496 0.072215
v -0.111894 3.276745 0.069833
v -0.105575 3.282868 0.066185
v -0.097823 3.286126 0.061709
v -0.089573 3.286126 0.056946
v -0.081821 3.282868 0.052471
v -0.075502 3.276745 0.048822
v -0.071377 3.268496 0.046441
v -0.069945 3.259115 0.045614
v -0.071377 3.249733 0.046441
v -0.075502 3.241484 0.048822
v -0.081821 3.235361 0.052471
v -0.089573 3.232103 0.056946
v -0.097823 3.232103 0.061709
v -0.105575 3.235361 0.066185
v -0.111894 3.241484 0.069833
v -0.116019 3.249733 0.072215
v -0.103367 3.259115 0.093157
v -0.102100 3.268496 0.092094
v -0.098451 3.276745 0.089032
v -0.092861 3.282868 0.084342
v -0.086004 3.286126 0.078588
v -0.078707 3.286126 0.072465
v -0.071850 3.282868 0.066711
v -0.066260 3.276745 0.062021
v -0.062611 3.268496 0.058959
v -0.061344 3.259115 0.057896
v -0.062611 3.249733 0.058959
v -0.066260 3.241484 0.062021
v -0.071850 3.235361 0.066711
v -0.078707 3.232103 0.072465
v -0.086004 3.232103 0.078588
v -0.092861 3.235361 0.084342
v -0.098451 3.241484 0.089032
v -0.102100 3.249733 0.092094
v -0.086003 3.259115 0.110521
v -0.084939 3.268496 0.109254
v -0.081878 3.276745 0.105605
v -0.077187 3.282868 0.100016
v -0.071434 3.286126 0.093159
v -0.065311 3.286126 0.085861
v -0.059557 3.282868 0.079004
v -0.054866 3.276745 0.073414
v -0.051805 3.268496 0.069766
v -0.050742 3.259115 0.068499
v -0.051805 3.249733 0.069766
v -0.054866 3.241484 0.073414
v -0.059557 3.235361 0.079004
v -0.065311 3.232103 0.085861
v -0.071434 3.232103 0.093159
v -0.077187 3.235361 0.100016
v -0.081878 3.241484 0.105605
v -0.084939 3.249733 0.109254
v -0.065887 3.259115 0.124606
v -0.065060 3.268496 0.123174
v -0.062679 3.276745 0.119049
v -0.059030 3.282868 0.112729
v -0.054555 3.286126 0.104977
v -0.049792 3.286126 0.096728
v -0.045316 3.282868 0.088976
v -0.041668 3.276745 0.082656
v -0.039286 3.268496 0.078532
v -0.038459 3.259115 0.077099
v -0.039286 3.249733 0.078532
v -0.041668 3.241484 0.082656
v -0.045316 3.235361 0.088976
v -0.049792 3.232103 0.096728
v -0.054555 3.232103 0.104977
v -0.059030 3.235361 0.112729
v -0.062679 3.241484 0.119049
v -0.065060 3.249733 0.123174
v -0.043632 3.259115 0.134984
v -0.043066 3.268496 0.133430
v -0.041437 3.276745 0.128954
v -0.038941 3.282868 0.122097
v -0.035880 3.286126 0.113686
v -0.032622 3.286126 0.104734
v -0.029560 3.282868 0.096323
v -0.027064 3.276745 0.089466
v -0.025435 3.268496 0.084990
v -0.024870 3.259115 0.083436
v -0.025435 3.249733 0.084990
v -0.027064 3.241484 0.089466
v -0.029560 3.235361 0.096323
v -0.032622 3.232103 0.104734
v -0.035880 3.232103 0.113686
v -0.038941 3.235361 0.122097
v -0.041437 3.241484 0.128954
v -0.043066 3.249733 0.133430
v -0.019912 3.259115 0.141340
v -0.019625 3.268496 0.139711
v -0.018798 3.276745 0.135020
v -0.017530 3.282868 0.127834
v -0.015976 3.286126 0.119019
v -0.014322 3.286126 0.109638
v -0.012768 3.282868 0.100823
v -0.011500 3.276745 0.093636
v -0.010673 3.268496 0.088946
v -0.010386 3.259115 0.087317
v -0.010673 3.249733 0.088946
v -0.011500 3.241484 0.093636
v -0.012768 3.235361 0.100823
v -0.014322 3.232103 0.109638
v -0.015976 3.232103 0.119019
v -0.017530 3.235361 0.127834
v -0.018798 3.241484 0.135020
v -0.019625 3.249733 0.139711
v 0.004551 3.259115 0.143480
v 0.004551 3.268496 0.141826
v 0.004551 3.276745 0.137063
v 0.004551 3.282868 0.129766
v 0.004551 3.286126 0.120815
v 0.004551 3.286126 0.111289
v 0.004551 3.282868 0.102338
v 0.004551 3.276745 0.095041
v 0.004551 3.268496 0.090278
v 0.004551 3.259115 0.088624
v 0.004551 3.249733 0.090278
v 0.004551 3.241484 0.095041
v 0.004551 3.235361 0.102338
v 0.004551 3.232103 0.111289
v 0.004551 3.232103 0.120815
v 0.004551 3.235361 0.129766
v 0.004551 3.241484 0.137063
v 0.004551 3.249733 0.141826
v 0.029014 3.259115 0.141340
v 0.028727 3.268496 0.139711
v 0.027900 3.276745 0.135020
v 0.026633 3.282868 0.127834
v 0.025078 3.286126 0.119019
v 0.023424 3.286126 0.109638
v 0.021870 3.282868 0.100823
v 0.020603 3.276745 0.093636
v 0.019776 3.268496 0.088946
v 0.019488 3.259115 0.087317
v 0.019776 3.249733 0.088946
v 0.020603 3.241484 0.093636
v 0.021870 3.235361 0.100823
v 0.023424 3.232103 0.109638
v 0.025078 3.232103 0.119019
v 0.026633 3.235361 0.127834
v 0.027900 3.241484 0.135020
v 0.028727 3.249733 0.139711
v 0.052734 3.259115 0.134984
v 0.052168 3.268496 0.133430
v 0.050539 3.276745 0.128954
v 0.048043 3.282868 0.122097
v 0.044982 3.286126 0.113686
v 0.041724 3.286126 0.104734
v 0.038662 3.282868 0.096323
v 0.036167 3.276745 0.089466
v 0.034538 3.268496 0.084990
v 0.033972 3.259115 0.083436
v 0.034538 3.249733 0.084990
v 0.036167 3.241484 0.089466
v 0.038662 3.235361 0.096323
v 0.041724 3.232103 0.104734
v 0.044982 3.232103 0.113686
v 0.048043 3.235361 0.122097
v 0.050539 3.241484 0.128954
v 0.052168 3.249733 0.133430
v 0.074990 3.259115 0.124606
v 0.074163 3.268496 0.123174
v 0.071781 3.276745 0.119049
v 0.068133 3.282868 0.112729
v 0.063657 3.286126 0.104977
v 0.058894 3.286126 0.096728
v 0.054418 3.282868 0.088976
v 0.050770 3.276745 0.082656
v 0.048388 3.268496 0.078532
v 0.047561 3.259115 0.077099
v 0.048388 3.249733 0.078532
v 0.050770 3.241484 0.082656
v 0.054418 3.235361 0.088976
v 0.058894 3.232103 0.096728
v 0.063657 3.232103 0.104977
v 0.068133 3.235361 0.112729
v 0.071781 3.241484 0.119049
v 0.074163 3.249733 0.123174
v 0.095105 3.259115 0.110521
v 0.094042 3.268496 0.109254
v 0.090980 3.276745 0.105605
v 0.086290 3.282868 0.100016
v 0.080536 3.286126 0.093159
v 0.074413 3.286126 0.085861
v 0.068659 3.282868 0.079004
v 0.063969 3.276745 0.073414
v 0.060907 3.268496 0.069766
v 0.059844 3.259115 0.068499
v 0.060907 3.249733 0.069766
v 0.063969 3.241484 0.073414
v 0.068659 3.235361 0.079004
v 0.074413 3.232103 0.085861
v 0.080536 3.232103 0.093159
v 0.086290 3.235361 0.100016
v 0.090980 3.241484 0.105605
v 0.094042 3.249733 0.109254
v 0.112469 3.259115 0.093157
v 0.111202 3.268496 0.092094
v 0.107553 3.276745 0.089032
v 0.101963 3.282868 0.084342
v 0.095106 3.286126 0.078588
v 0.087809 3.286126 0.072465
v 0.080952 3.282868 0.066711
v 0.075362 3.276745 0.062021
v 0.071714 3.268496 0.058959
v 0.070447 3.259115 0.057896
v 0.071714 3.249733 0.058959
v 0.075362 3.241484 0.062021
v 0.080952 3.235361 0.066711
v 0.087809 3.232103 0.072465
v 0.095106 3.232103 0.078588
v 0.101963 3.235361 0.084342
v 0.107553 3.241484 0.089032
v 0.111202 3.249733 0.092094
v 0.126554 3.259115 0.073042
v 0.125122 3.268496 0.072215
v 0.120997 3.276745 0.069833
v 0.114677 3.282868 0.066185
v 0.106925 3.286126 0.061709
v 0.098676 3.286126 0.056946
v 0.090924 3.282868 0.052471
v 0.084604 3.276745 0.048822
v 0.080480 3.268496 0.046441
v 0.079047 3.259115 0.045614
v 0.080480 3.249733 0.046441
v 0.084604 3.241484 0.048822
v 0.090924 3.235361 0.052471
v 0.098676 3.232103 0.056946
v 0.106925 3.232103 0.061709
v 0.114677 3.235361 0.066185
v 0.120997 3.241484 0.069833
v 0.125122 3.249733 0.072215
v 0.136932 3.259115 0.050786
v 0.135378 3.268496 0.050220
v 0.130902 3.276745 0.048591
v 0.124045 3.282868 0.046096
v 0.115634 3.286126 0.043034
v 0.106682 3.286126 0.039776
v 0.098271 3.282868 0.036715
v 0.091414 3.276745 0.034219
v 0.086938 3.268496 0.032590
v 0.085384 3.259115 0.032024
v 0.086938 3.249733 0.032590
v 0.091414 3.241484 0.034219
v 0.098271 3.235361 0.036715
v 0.106682 3.232103 0.039776
v 0.115634 3.232103 0.043034
v 0.124045 3.235361 0.046096
v 0.130902 3.241484 0.048591
v 0.135378 3.249733 0.050220
v 0.143288 3.259115 0.027066
v 0.141659 3.268496 0.026779
v 0.136968 3.276745 0.025952
v 0.129782 3.282868 0.024685
v 0.120967 3.286126 0.023131
v 0.111586 3.286126 0.021476
v 0.102770 3.282868 0.019922
v 0.095584 3.276745 0.018655
v 0.090894 3.268496 0.017828
v 0.089265 3.259115 0.017541
v 0.090894 3.249733 0.017828
v 0.095584 3.241484 0.018655
v 0.102770 3.235361 0.019922
v 0.111586 3.232103 0.021476
v 0.120967 3.232103 0.023131
v 0.129782 3.235361 0.024685
v 0.136968 3.241484 0.025952
v 0.141659 3.249733 0.026779
vn 0.9257 0.3419 -0.1620
vn 1.0000 -0.0000 -0.0000
vn 0.9848 -0.0000 -0.1737
vn 0.7550 0.6425 -0.1308
vn 0.9408 0.3389 0.0033
vn 0.4999 0.8661 -0.0000
vn 0.7702 0.6378 0.0062
vn 0.4924 0.8657 -0.0902
vn 0.1736 0.9848 -0.0000
vn -0.1693 0.9850 0.0340
vn 0.1777 0.9832 -0.0410
vn -0.4908 0.8666 0.0904
vn -0.1635 0.9865 0.0094
vn -0.7533 0.6435 0.1358
vn -0.4921 0.8705 0.0082
vn -0.9249 0.3426 0.1648
vn -0.7618 0.6478 0.0061
vn -0.9848 -0.0000 0.1737
vn -0.9385 0.3452 0.0032
vn -0.9255 -0.3425 0.1614
vn -1.0000 -0.0000 -0.0000
vn -0.7543 -0.6435 0.1298
vn -0.9386 -0.3451 -0.0032
vn -0.4921 -0.8666 0.0827
vn -0.7622 -0.6473 -0.0061
vn -0.1707 -0.9850 0.0257
vn -0.4932 -0.8699 -0.0082
vn 0.1712 -0.9846 -0.0343
vn -0.1651 -0.9862 -0.0094
vn 0.4924 -0.8657 -0.0902
vn 0.1822 -0.9832 -0.0095
vn 0.7542 -0.6425 -0.1354
vn 0.5066 -0.8621 -0.0083
vn 0.9397 -0.3420 -0.0000
vn 0.7697 -0.6384 -0.0062
vn 0.9271 -0.3389 -0.1600
vn 0.8835 0.3419 -0.3203
vn 0.9397 -0.0000 -0.3420
vn 0.7208 0.6425 -0.2599
vn 0.1652 0.9847 -0.0561
vn 0.4732 0.8621 -0.1812
vn -0.1636 0.9850 0.0550
vn -0.4703 0.8666 0.1669
vn -0.8823 0.3425 0.3229
vn -0.7183 0.6473 0.2549
vn -0.8834 -0.3426 0.3197
vn -0.9397 -0.0000 0.3420
vn -0.7203 -0.6436 0.2588
vn -0.4702 -0.8666 0.1669
vn -0.1636 -0.9850 0.0550
vn 0.1626 -0.9846 -0.0635
vn 0.4692 -0.8657 -0.1744
vn 0.8826 -0.3419 -0.3226
vn 0.7259 -0.6378 -0.2575
vn 0.8144 0.3419 -0.4688
vn 0.8660 -0.0000 -0.5000
vn 0.6647 0.6425 -0.3811
vn 0.4350 0.8658 -0.2474
vn 0.1530 0.9847 -0.0839
vn -0.1475 0.9850 0.0898
vn -0.4303 0.8666 0.2528
vn -0.6614 0.6435 0.3853
vn -0.8128 0.3425 0.4712
vn -0.8660 -0.0000 0.5000
vn -0.8145 -0.3426 0.4683
vn -0.6614 -0.6435 0.3853
vn -0.1516 -0.9850 0.0825
vn -0.4221 -0.8705 0.2532
vn 0.1491 -0.9846 -0.0908
vn 0.4318 -0.8657 -0.2532
vn 0.6647 -0.6425 -0.3811
vn 0.8164 -0.3389 -0.4675
vn 0.7660 -0.0000 -0.6428
vn 0.7191 0.3419 -0.6050
vn 0.3854 0.8657 -0.3193
vn 0.5856 0.6383 -0.4996
vn 0.1311 0.9846 -0.1153
vn -0.1350 0.9850 0.1076
vn -0.3848 0.8666 0.3177
vn -0.7186 0.3425 0.6052
vn -0.5878 0.6473 0.4853
vn -0.7660 -0.0000 0.6428
vn -0.7186 -0.3426 0.6052
vn -0.3848 -0.8666 0.3177
vn -0.5796 -0.6478 0.4943
vn 0.1311 -0.9846 -0.1153
vn -0.1192 -0.9865 0.1123
vn 0.3812 -0.8657 -0.3243
vn 0.5855 -0.6425 -0.4944
vn 0.7191 -0.3419 -0.6050
vn 0.6050 0.3419 -0.7191
vn 0.6428 -0.0000 -0.7660
vn 0.4943 0.6425 -0.5855
vn 0.1150 0.9847 -0.1312
vn 0.3193 0.8621 -0.3934
vn -0.1079 0.9850 0.1349
vn -0.3238 0.8666 0.3797
vn -0.6026 0.3426 0.7208
vn -0.4946 0.6473 0.5799
vn -0.6428 -0.0000 0.7660
vn -0.6052 -0.3426 0.7186
vn -0.4944 -0.6435 0.5843
vn -0.3238 -0.8666 0.3797
vn -0.1142 -0.9850 0.1294
vn 0.1091 -0.9846 -0.1363
vn 0.4907 -0.6425 -0.5885
vn 0.3327 -0.8615 -0.3836
vn 0.6031 -0.3419 -0.7207
vn 0.5000 -0.0000 -0.8660
vn 0.3851 0.6425 -0.6624
vn 0.4675 0.3391 -0.8164
vn 0.2530 0.8658 -0.4318
vn -0.0828 0.9850 0.1516
vn 0.0829 0.9832 -0.1625
vn -0.2463 0.8666 0.4341
vn -0.3801 0.6435 0.6644
vn -0.5000 -0.0000 0.8660
vn -0.4721 0.3451 0.8112
vn -0.3854 -0.6436 0.6613
vn -0.4664 -0.3452 0.8144
vn -0.2463 -0.8665 0.4341
vn -0.0828 -0.9850 0.1516
vn 0.2473 -0.8657 -0.4351
vn 0.1001 -0.9829 -0.1544
vn 0.3811 -0.6425 -0.6648
vn 0.4733 -0.3389 -0.8131
vn 0.3225 0.3418 -0.8827
vn 0.3420 -0.0000 -0.9397
vn 0.2642 0.6426 -0.7192
vn 0.0632 0.9847 -0.1626
vn 0.1654 0.8621 -0.4789
vn -0.0553 0.9850 0.1636
vn -0.1671 0.8666 0.4703
vn -0.2590 0.6435 0.7203
vn -0.3420 -0.0000 0.9397
vn -0.3241 0.3451 0.8808
vn -0.3229 -0.3426 0.8823
vn -0.2647 -0.6435 0.7182
vn -0.1744 -0.8666 0.4675
vn -0.0553 -0.9850 0.1637
vn 0.1680 -0.8657 -0.4715
vn 0.0717 -0.9829 -0.1694
vn 0.2598 -0.6425 -0.7209
vn 0.3203 -0.3419 -0.8835
vn 0.1736 -0.0000 -0.9848
vn 0.1353 0.6425 -0.7542
vn 0.1602 0.3391 -0.9270
vn 0.0901 0.8658 -0.4923
vn 0.0340 0.9847 -0.1711
vn -0.0260 0.9850 0.1708
vn -0.0830 0.8666 0.4921
vn -0.1300 0.6435 0.7543
vn -0.1615 0.3425 0.9255
vn -0.1736 -0.0000 0.9848
vn -0.1648 -0.3426 0.9249
vn -0.1360 -0.6435 0.7532
vn -0.0342 -0.9850 0.1692
vn -0.0774 -0.8705 0.4861
vn 0.0340 -0.9847 -0.1711
vn 0.0901 -0.8658 -0.4923
vn 0.1353 -0.6425 -0.7542
vn 0.1666 -0.3389 -0.9260
vn 0.0012 0.3419 -0.9397
vn -0.0000 -0.0000 -1.0000
vn 0.0023 0.6425 -0.7663
vn -0.0034 0.8657 -0.5005
vn 0.0040 0.9850 0.1727
vn -0.0095 0.9832 -0.1822
vn 0.0030 0.6435 0.7654
vn -0.0083 0.8699 0.4932
vn 0.0017 0.3425 0.9395
vn -0.0000 -0.0000 1.0000
vn -0.0017 -0.3426 0.9395
vn -0.0031 -0.6435 0.7654
vn -0.0043 -0.9850 0.1725
vn 0.0083 -0.8705 0.4921
vn -0.0041 -0.9846 -0.1745
vn -0.0034 -0.8657 -0.5005
vn -0.0024 -0.6425 -0.7663
vn -0.0012 -0.3418 -0.9398
vn -0.1736 -0.0000 -0.9848
vn -0.1308 0.6425 -0.7550
vn -0.1666 0.3391 -0.9259
vn -0.0838 0.8657 -0.4934
vn -0.0265 0.9847 -0.1724
vn 0.0340 0.9850 0.1693
vn 0.0904 0.8666 0.4908
vn 0.1648 0.3425 0.9249
vn 0.1263 0.6473 0.7517
vn 0.1737 -0.0000 0.9848
vn 0.1615 -0.3426 0.9255
vn 0.1298 -0.6436 0.7543
vn 0.0904 -0.8666 0.4908
vn -0.0343 -0.9846 -0.1712
vn 0.0377 -0.9865 0.1593
vn -0.0838 -0.8657 -0.4934
vn -0.1644 -0.3419 -0.9253
vn -0.1276 -0.6378 -0.7596
vn -0.3203 0.3419 -0.8835
vn -0.3420 -0.0000 -0.9397
vn -0.2643 0.6425 -0.7192
vn -0.0561 0.9847 -0.1652
vn -0.1811 0.8621 -0.4732
vn 0.1742 0.8666 0.4677
vn 0.0476 0.9862 0.1583
vn 0.3229 0.3425 0.8823
vn 0.2549 0.6473 0.7183
vn 0.3420 -0.0000 0.9397
vn 0.3197 -0.3426 0.8834
vn 0.2588 -0.6435 0.7203
vn 0.1669 -0.8666 0.4702
vn 0.0550 -0.9850 0.1636
vn -0.0635 -0.9846 -0.1626
vn -0.1744 -0.8657 -0.4692
vn -0.2643 -0.6425 -0.7192
vn -0.3226 -0.3419 -0.8826
vn -0.4689 0.3419 -0.8144
vn -0.5000 -0.0000 -0.8660
vn -0.3812 0.6425 -0.6648
vn -0.2474 0.8658 -0.4350
vn -0.0839 0.9847 -0.1529
vn 0.0898 0.9850 0.1475
vn 0.3853 0.6435 0.6614
vn 0.2395 0.8699 0.4313
vn 0.4712 0.3425 0.8128
vn 0.5000 -0.0000 0.8660
vn 0.4683 -0.3426 0.8145
vn 0.3853 -0.6435 0.6614
vn 0.0825 -0.9850 0.1516
vn 0.2532 -0.8705 0.4221
vn -0.0908 -0.9846 -0.1491
vn -0.2532 -0.8657 -0.4318
vn -0.4709 -0.3419 -0.8133
vn -0.3797 -0.6378 -0.6701
vn -0.6031 0.3419 -0.7207
vn -0.6428 -0.0000 -0.7660
vn -0.3193 0.8657 -0.3854
vn -0.4996 0.6383 -0.5856
vn -0.1092 0.9847 -0.1361
vn 0.3237 0.8666 0.3799
vn 0.0989 0.9862 0.1325
vn 0.6052 0.3425 0.7186
vn 0.4852 0.6473 0.5878
vn 0.6428 -0.0000 0.7660
vn 0.6026 -0.3426 0.7208
vn 0.3177 -0.8666 0.3848
vn 0.4943 -0.6478 0.5796
vn 0.1076 -0.9850 0.1349
vn -0.1153 -0.9846 -0.1311
vn -0.3192 -0.8658 -0.3854
vn -0.6050 -0.3419 -0.7191
vn -0.4903 -0.6378 -0.5940
vn -0.7660 -0.0000 -0.6428
vn -0.5855 0.6425 -0.4943
vn -0.7228 0.3391 -0.6022
vn -0.3813 0.8657 -0.3241
vn 0.1349 0.9850 0.1079
vn -0.1456 0.9832 -0.1098
vn 0.3847 0.8666 0.3179
vn 0.5883 0.6435 0.4897
vn 0.7208 0.3426 0.6026
vn 0.7186 -0.3426 0.6052
vn 0.7660 -0.0000 0.6428
vn 0.5883 -0.6435 0.4897
vn 0.3847 -0.8666 0.3179
vn -0.1363 -0.9846 -0.1091
vn 0.1313 -0.9865 0.0978
vn -0.3856 -0.8657 -0.3191
vn -0.7207 -0.3419 -0.6031
vn -0.5860 -0.6378 -0.4998
vn -0.8660 -0.0000 -0.5000
vn -0.6624 0.6426 -0.3851
vn -0.8164 0.3391 -0.4675
vn -0.4318 0.8657 -0.2530
vn -0.1491 0.9847 -0.0905
vn 0.1516 0.9850 0.0828
vn 0.6644 0.6435 0.3801
vn 0.4230 0.8699 0.2538
vn 0.8660 -0.0000 0.5000
vn 0.8112 0.3451 0.4721
vn 0.8128 -0.3426 0.4712
vn 0.6613 -0.6436 0.3854
vn 0.1473 -0.9850 0.0900
vn 0.4303 -0.8705 0.2389
vn -0.1491 -0.9847 -0.0905
vn -0.4318 -0.8658 -0.2530
vn -0.8145 -0.3418 -0.4688
vn -0.6639 -0.6378 -0.3904
vn -0.8827 0.3419 -0.3225
vn -0.9397 -0.0000 -0.3420
vn -0.7192 0.6425 -0.2642
vn -0.4692 0.8657 -0.1742
vn -0.1626 0.9847 -0.0632
vn 0.1636 0.9850 0.0553
vn 0.4703 0.8666 0.1671
vn 0.7182 0.6435 0.2647
vn 0.9397 -0.0000 0.3420
vn 0.8809 0.3451 0.3241
vn 0.8823 -0.3426 0.3229
vn 0.7182 -0.6435 0.2647
vn 0.4675 -0.8666 0.1744
vn 0.1607 -0.9850 0.0631
vn -0.4715 -0.8657 -0.1680
vn -0.1694 -0.9829 -0.0718
vn -0.7209 -0.6425 -0.2599
vn -0.8835 -0.3419 -0.3203
vn -0.9253 0.3419 -0.1644
vn -0.9848 -0.0000 -0.1737
vn -0.7542 0.6425 -0.1353
vn -0.1711 0.9847 -0.0340
vn -0.5004 0.8621 -0.0798
vn 0.1708 0.9850 0.0260
vn 0.4921 0.8666 0.0829
vn 0.7543 0.6435 0.1300
vn 0.9255 0.3425 0.1615
vn 0.9848 -0.0000 0.1736
vn 0.9249 -0.3426 0.1648
vn 0.7532 -0.6436 0.1360
vn 0.4921 -0.8666 0.0830
vn -0.1726 -0.9846 -0.0263
vn 0.1626 -0.9865 0.0191
vn -0.7550 -0.6425 -0.1307
vn -0.4985 -0.8615 -0.0964
vn -0.9257 -0.3419 -0.1620
vn -0.7663 0.6425 -0.0023
vn -0.9408 0.3391 0.0032
vn -0.5005 0.8657 -0.0032
vn -0.1744 0.9847 -0.0038
vn 0.1727 0.9850 -0.0040
vn 0.4991 0.8666 -0.0038
vn 0.7655 0.6435 -0.0030
vn 0.9395 0.3425 -0.0017
vn 0.7654 -0.6435 0.0031
vn 0.9385 -0.3452 -0.0032
vn 0.4990 -0.8666 0.0040
vn 0.1725 -0.9850 0.0043
vn -0.1745 -0.9846 0.0041
vn -0.5005 -0.8657 0.0034
vn -0.9398 -0.3418 0.0012
vn -0.7702 -0.6378 -0.0062
vn -0.9257 0.3419 0.1620
vn -0.9848 -0.0000 0.1736
vn -0.7550 0.6425 0.1308
vn -0.4924 0.8657 0.0902
vn 0.1693 0.9850 -0.0340
vn -0.1777 0.9832 0.0410
vn 0.4908 0.8666 -0.0904
vn 0.7533 0.6435 -0.1358
vn 0.9249 0.3425 -0.1648
vn 0.9848 -0.0000 -0.1736
vn 0.9255 -0.3425 -0.1614
vn 0.7543 -0.6435 -0.1298
vn 0.4921 -0.8666 -0.0827
vn 0.1707 -0.9850 -0.0257
vn -0.1712 -0.9846 0.0343
vn -0.4924 -0.8657 0.0902
vn -0.7542 -0.6425 0.1354
vn -0.9271 -0.3389 0.1600
vn -0.8835 0.3419 0.3203
vn -0.7209 0.6425 0.2599
vn -0.1652 0.9847 0.0561
vn -0.4732 0.8621 0.1812
vn 0.1636 0.9850 -0.0550
vn 0.4703 0.8666 -0.1669
vn 0.8823 0.3425 -0.3229
vn 0.7183 0.6473 -0.2549
vn 0.8834 -0.3426 -0.3197
vn 0.7203 -0.6435 -0.2588
vn 0.4702 -0.8666 -0.1669
vn 0.1636 -0.9850 -0.0550
vn -0.1626 -0.9846 0.0635
vn -0.4692 -0.8657 0.1744
vn -0.8827 -0.3418 0.3226
vn -0.7259 -0.6378 0.2575
vn -0.8144 0.3419 0.4688
vn -0.6647 0.6426 0.3811
vn -0.4350 0.8658 0.2474
vn -0.1530 0.9847 0.0839
vn 0.1475 0.9850 -0.0898
vn 0.4303 0.8666 -0.2528
vn 0.6614 0.6435 -0.3853
vn 0.8128 0.3425 -0.4712
vn 0.8144 -0.3426 -0.4683
vn 0.6614 -0.6435 -0.3853
vn 0.1516 -0.9850 -0.0825
vn 0.4221 -0.8705 -0.2532
vn -0.1491 -0.9846 0.0908
vn -0.4318 -0.8657 0.2532
vn -0.6648 -0.6425 0.3811
vn -0.8164 -0.3389 0.4675
vn -0.7191 0.3419 0.6050
vn -0.3854 0.8657 0.3193
vn -0.5856 0.6383 0.4996
vn -0.1311 0.9846 0.1153
vn 0.1350 0.9850 -0.1076
vn 0.3848 0.8666 -0.3177
vn 0.7186 0.3425 -0.6052
vn 0.5878 0.6473 -0.4853
vn 0.7186 -0.3425 -0.6052
vn 0.3848 -0.8666 -0.3177
vn 0.5796 -0.6478 -0.4943
vn -0.1311 -0.9846 0.1153
vn 0.1192 -0.9865 -0.1123
vn -0.3812 -0.8657 0.3243
vn -0.5855 -0.6425 0.4944
vn -0.7191 -0.3419 0.6050
vn -0.6050 0.3419 0.7191
vn -0.4943 0.6425 0.5855
vn -0.1150 0.9847 0.1312
vn -0.3193 0.8621 0.3934
vn 0.1079 0.9850 -0.1349
vn 0.3238 0.8666 -0.3797
vn 0.6026 0.3425 -0.7208
vn 0.4946 0.6473 -0.5799
vn 0.6052 -0.3426 -0.7186
vn 0.4944 -0.6435 -0.5843
vn 0.3238 -0.8666 -0.3797
vn 0.1142 -0.9850 -0.1294
vn -0.1091 -0.9846 0.1363
vn -0.4907 -0.6425 0.5885
vn -0.3327 -0.8615 0.3836
vn -0.6031 -0.3418 0.7207
vn -0.3851 0.6425 0.6624
vn -0.4675 0.3391 0.8164
vn -0.2530 0.8658 0.4318
vn 0.0828 0.9850 -0.1516
vn -0.0829 0.9832 0.1625
vn 0.2463 0.8666 -0.4341
vn 0.3801 0.6435 -0.6644
vn 0.4721 0.3451 -0.8112
vn 0.3854 -0.6436 -0.6613
vn 0.4664 -0.3452 -0.8144
vn 0.2463 -0.8665 -0.4341
vn 0.0828 -0.9850 -0.1516
vn -0.2473 -0.8657 0.4351
vn -0.1001 -0.9829 0.1544
vn -0.3811 -0.6425 0.6648
vn -0.4733 -0.3389 0.8131
vn -0.3225 0.3419 0.8827
vn -0.2642 0.6425 0.7193
vn -0.0632 0.9847 0.1626
vn -0.1654 0.8621 0.4789
vn 0.0553 0.9850 -0.1636
vn 0.1671 0.8666 -0.4703
vn 0.2590 0.6435 -0.7203
vn 0.3241 0.3451 -0.8808
vn 0.3229 -0.3426 -0.8823
vn 0.2647 -0.6435 -0.7182
vn 0.1744 -0.8666 -0.4675
vn 0.0553 -0.9850 -0.1637
vn -0.1680 -0.8657 0.4715
vn -0.0717 -0.9829 0.1694
vn -0.2598 -0.6425 0.7209
vn -0.3203 -0.3419 0.8835
vn -0.1353 0.6425 0.7542
vn -0.1601 0.3391 0.9270
vn -0.0901 0.8658 0.4923
vn -0.0340 0.9847 0.1711
vn 0.0260 0.9850 -0.1708
vn 0.0830 0.8666 -0.4921
vn 0.1300 0.6435 -0.7543
vn 0.1615 0.3425 -0.9255
vn 0.1737 -0.0000 -0.9848
vn 0.1648 -0.3426 -0.9249
vn 0.1360 -0.6435 -0.7532
vn 0.0342 -0.9850 -0.1692
vn 0.0774 -0.8705 -0.4861
vn -0.0340 -0.9847 0.1711
vn -0.0901 -0.8658 0.4923
vn -0.1353 -0.6425 0.7542
vn -0.1665 -0.3389 0.9260
vn -0.0012 0.3419 0.9398
vn -0.0023 0.6425 0.7663
vn 0.0034 0.8657 0.5005
vn -0.0040 0.9850 -0.1727
vn 0.0095 0.9832 0.1822
vn -0.0030 0.6435 -0.7654
vn 0.0083 0.8699 -0.4932
vn -0.0017 0.3425 -0.9395
vn 0.0017 -0.3426 -0.9395
vn 0.0031 -0.6435 -0.7654
vn 0.0043 -0.9850 -0.1725
vn -0.0083 -0.8705 -0.4921
vn 0.0041 -0.9846 0.1745
vn 0.0034 -0.8657 0.5005
vn 0.0024 -0.6425 0.7663
vn 0.0012 -0.3418 0.9398
vn 0.1736 -0.0000 0.9848
vn 0.1308 0.6425 0.7550
vn 0.1666 0.3391 0.9259
vn 0.0838 0.8657 0.4934
vn 0.0265 0.9847 0.1724
vn -0.0340 0.9850 -0.1693
vn -0.0904 0.8666 -0.4908
vn -0.1648 0.3425 -0.9249
vn -0.1263 0.6473 -0.7517
vn -0.1737 -0.0000 -0.9848
vn -0.1615 -0.3426 -0.9255
vn -0.1298 -0.6436 -0.7543
vn -0.0904 -0.8666 -0.4908
vn 0.0343 -0.9846 0.1712
vn -0.0377 -0.9865 -0.1593
vn 0.0838 -0.8657 0.4934
vn 0.1644 -0.3419 0.9253
vn 0.1276 -0.6378 0.7596
vn 0.3203 0.3419 0.8835
vn 0.2643 0.6425 0.7192
vn 0.0561 0.9847 0.1652
vn 0.1811 0.8621 0.4732
vn -0.1742 0.8666 -0.4677
vn -0.0476 0.9862 -0.1583
vn -0.3229 0.3425 -0.8823
vn -0.2549 0.6473 -0.7183
vn -0.3197 -0.3426 -0.8834
vn -0.2588 -0.6435 -0.7203
vn -0.1669 -0.8666 -0.4702
vn -0.0550 -0.9850 -0.1636
vn 0.0635 -0.9846 0.1626
vn 0.1744 -0.8657 0.4692
vn 0.2643 -0.6425 0.7192
vn 0.3226 -0.3419 0.8827
vn 0.4688 0.3419 0.8144
vn 0.3812 0.6425 0.6648
vn 0.2474 0.8658 0.4350
vn 0.0839 0.9847 0.1529
vn -0.0898 0.9850 -0.1475
vn -0.3853 0.6435 -0.6614
vn -0.2395 0.8699 -0.4313
vn -0.4712 0.3425 -0.8128
vn -0.4683 -0.3426 -0.8144
vn -0.3853 -0.6435 -0.6614
vn -0.0825 -0.9850 -0.1516
vn -0.2532 -0.8705 -0.4221
vn 0.0908 -0.9846 0.1491
vn 0.2532 -0.8657 0.4318
vn 0.4709 -0.3419 0.8132
vn 0.3797 -0.6378 0.6701
vn 0.6031 0.3419 0.7207
vn 0.3193 0.8657 0.3854
vn 0.4996 0.6383 0.5856
vn 0.1092 0.9847 0.1361
vn -0.3237 0.8666 -0.3799
vn -0.0989 0.9862 -0.1325
vn -0.6052 0.3425 -0.7186
vn -0.4852 0.6473 -0.5878
vn -0.6428 -0.0000 -0.7661
vn -0.6026 -0.3426 -0.7208
vn -0.3177 -0.8666 -0.3848
vn -0.4943 -0.6478 -0.5796
vn -0.1076 -0.9850 -0.1349
vn 0.1153 -0.9846 0.1311
vn 0.3192 -0.8658 0.3854
vn 0.6050 -0.3419 0.7191
vn 0.4903 -0.6378 0.5940
vn 0.5855 0.6425 0.4943
vn 0.7228 0.3391 0.6022
vn 0.3813 0.8658 0.3241
vn -0.1349 0.9850 -0.1079
vn 0.1456 0.9832 0.1098
vn -0.3847 0.8666 -0.3179
vn -0.5883 0.6435 -0.4897
vn -0.7208 0.3426 -0.6026
vn -0.7186 -0.3426 -0.6052
vn -0.5883 -0.6435 -0.4897
vn -0.3847 -0.8666 -0.3179
vn 0.1363 -0.9846 0.1091
vn -0.1313 -0.9865 -0.0978
vn 0.3856 -0.8657 0.3191
vn 0.7207 -0.3419 0.6031
vn 0.5860 -0.6378 0.4998
vn 0.6624 0.6425 0.3851
vn 0.8164 0.3391 0.4675
vn 0.4318 0.8657 0.2530
vn 0.1491 0.9847 0.0905
vn -0.1516 0.9850 -0.0828
vn -0.6644 0.6435 -0.3801
vn -0.4230 0.8699 -0.2538
vn -0.8112 0.3451 -0.4721
vn -0.8128 -0.3426 -0.4712
vn -0.6613 -0.6436 -0.3854
vn -0.1473 -0.9850 -0.0900
vn -0.4303 -0.8705 -0.2389
vn 0.1491 -0.9847 0.0905
vn 0.4318 -0.8658 0.2530
vn 0.8145 -0.3419 0.4688
vn 0.6639 -0.6378 0.3904
vn 0.8827 0.3419 0.3225
vn 0.7193 0.6425 0.2642
vn 0.4692 0.8657 0.1742
vn 0.1626 0.9847 0.0632
vn -0.1636 0.9850 -0.0553
vn -0.4703 0.8666 -0.1671
vn -0.7182 0.6435 -0.2647
vn -0.8809 0.3451 -0.3241
vn -0.8823 -0.3426 -0.3229
vn -0.7182 -0.6435 -0.2647
vn -0.4675 -0.8666 -0.1744
vn -0.1607 -0.9850 -0.0631
vn 0.4715 -0.8657 0.1680
vn 0.1694 -0.9829 0.0718
vn 0.7209 -0.6425 0.2599
vn 0.8835 -0.3419 0.3203
vn 0.9253 0.3419 0.1644
vn 0.7542 0.6425 0.1353
vn 0.1711 0.9847 0.0340
vn 0.5004 0.8621 0.0798
vn -0.1708 0.9850 -0.0260
vn -0.4921 0.8666 -0.0829
vn -0.7543 0.6435 -0.1300
vn -0.9255 0.3425 -0.1615
vn -0.9249 -0.3426 -0.1648
vn -0.7532 -0.6436 -0.1360
vn -0.4921 -0.8666 -0.0830
vn 0.1726 -0.9846 0.0263
vn -0.1626 -0.9865 -0.0191
vn 0.7550 -0.6425 0.1307
vn 0.4985 -0.8615 0.0964
vn 0.9257 -0.3419 0.1620
vt 0.027778 0.055556
vt 0.000000 0.000000
vt 0.027778 0.000000
vt 0.027778 0.111111
vt 0.000000 0.055556
vt 0.000000 0.166667
vt 0.000000 0.111111
vt 0.027778 0.166667
vt 0.000000 0.222222
vt 0.027778 0.277778
vt 0.027778 0.222222
vt 0.027778 0.333333
vt 0.000000 0.277778
vt 0.027778 0.388889
vt 0.000000 0.333333
vt 0.027778 0.444444
vt 0.000000 0.388889
vt 0.027778 0.500000
vt 0.000000 0.444444
vt 0.027778 0.555556
vt 0.000000 0.500000
vt 0.027778 0.611111
vt 0.000000 0.555556
vt 0.027778 0.666667
vt 0.000000 0.611111
vt 0.027778 0.722222
vt 0.000000 0.666667
vt 0.027778 0.777778
vt 0.000000 0.722222
vt 0.027778 0.833333
vt 0.000000 0.777778
vt 0.027778 0.888889
vt 0.000000 0.833333
vt 0.000000 0.944444
vt 0.000000 0.888889
vt 0.027778 1.000000
vt 0.027778 0.944444
vt 0.055556 0.055556
vt 0.055556 0.000000
vt 0.055556 0.111111
vt 0.055556 0.222222
vt 0.055556 0.166667
vt 0.055556 0.277778
vt 0.055556 0.333333
vt 0.055556 0.444444
vt 0.055556 0.388889
vt 0.055556 0.555556
vt 0.055556 0.500000
vt 0.055556 0.611111
vt 0.055556 0.666667
vt 0.055556 0.722222
vt 0.055556 0.777778
vt 0.055556 0.833333
vt 0.055556 0.944444
vt 0.055556 0.888889
vt 0.055556 1.000000
vt 0.083333 0.055556
vt 0.083333 0.000000
vt 0.083333 0.111111
vt 0.083333 0.166667
vt 0.083333 0.222222
vt 0.083333 0.277778
vt 0.083333 0.333333
vt 0.083333 0.388889
vt 0.083333 0.444444
vt 0.083333 0.500000
vt 0.083333 0.555556
vt 0.083333 0.611111
vt 0.083333 0.722222
vt 0.083333 0.666667
vt 0.083333 0.777778
vt 0.083333 0.833333
vt 0.083333 0.888889
vt 0.083333 1.000000
vt 0.083333 0.944444
vt 0.111111 0.000000
vt 0.111111 0.055556
vt 0.111111 0.166667
vt 0.111111 0.111111
vt 0.111111 0.222222
vt 0.111111 0.277778
vt 0.111111 0.333333
vt 0.111111 0.444444
vt 0.111111 0.388889
vt 0.111111 0.500000
vt 0.111111 0.555556
vt 0.111111 0.666667
vt 0.111111 0.611111
vt 0.111111 0.777778
vt 0.111111 0.722222
vt 0.111111 0.833333
vt 0.111111 0.888889
vt 0.111111 0.944444
vt 0.111111 1.000000
vt 0.138889 0.055556
vt 0.138889 0.000000
vt 0.138889 0.111111
vt 0.138889 0.222222
vt 0.138889 0.166667
vt 0.138889 0.277778
vt 0.138889 0.333333
vt 0.138889 0.444444
vt 0.138889 0.388889
vt 0.138889 0.500000
vt 0.138889 0.555556
vt 0.138889 0.611111
vt 0.138889 0.666667
vt 0.138889 0.722222
vt 0.138889 0.777778
vt 0.138889 0.888889
vt 0.138889 0.833333
vt 0.138889 0.944444
vt 0.138889 1.000000
vt 0.166667 0.000000
vt 0.166667 0.111111
vt 0.166667 0.055556
vt 0.166667 0.166667
vt 0.166667 0.277778
vt 0.166667 0.222222
vt 0.166667 0.333333
vt 0.166667 0.388889
vt 0.166667 0.500000
vt 0.166667 0.444444
vt 0.166667 0.611111
vt 0.166667 0.555556
vt 0.166667 0.666667
vt 0.166667 0.722222
vt 0.166667 0.833333
vt 0.166667 0.777778
vt 0.166667 0.888889
vt 0.166667 1.000000
vt 0.166667 0.944444
vt 0.194444 0.055556
vt 0.194444 0.000000
vt 0.194444 0.111111
vt 0.194444 0.222222
vt 0.194444 0.166667
vt 0.194444 0.277778
vt 0.194444 0.333333
vt 0.194444 0.388889
vt 0.194444 0.500000
vt 0.194444 0.444444
vt 0.194444 0.555556
vt 0.194444 0.611111
vt 0.194444 0.666667
vt 0.194444 0.722222
vt 0.194444 0.833333
vt 0.194444 0.777778
vt 0.194444 0.888889
vt 0.194444 0.944444
vt 0.194444 1.000000
vt 0.222222 0.000000
vt 0.222222 0.111111
vt 0.222222 0.055556
vt 0.222222 0.166667
vt 0.222222 0.222222
vt 0.222222 0.277778
vt 0.222222 0.333333
vt 0.222222 0.388889
vt 0.222222 0.444444
vt 0.222222 0.500000
vt 0.222222 0.555556
vt 0.222222 0.611111
vt 0.222222 0.722222
vt 0.222222 0.666667
vt 0.222222 0.777778
vt 0.222222 0.833333
vt 0.222222 0.888889
vt 0.222222 1.000000
vt 0.222222 0.944444
vt 0.250000 0.055556
vt 0.250000 0.000000
vt 0.250000 0.111111
vt 0.250000 0.166667
vt 0.250000 0.277778
vt 0.250000 0.222222
vt 0.250000 0.388889
vt 0.250000 0.333333
vt 0.250000 0.444444
vt 0.250000 0.500000
vt 0.250000 0.555556
vt 0.250000 0.611111
vt 0.250000 0.722222
vt 0.250000 0.666667
vt 0.250000 0.777778
vt 0.250000 0.833333
vt 0.250000 0.888889
vt 0.250000 0.944444
vt 0.277778 0.000000
vt 0.277778 0.111111
vt 0.277778 0.055556
vt 0.277778 0.166667
vt 0.277778 0.222222
vt 0.277778 0.277778
vt 0.277778 0.333333
vt 0.277778 0.444444
vt 0.277778 0.388889
vt 0.277778 0.500000
vt 0.277778 0.555556
vt 0.277778 0.611111
vt 0.277778 0.666667
vt 0.277778 0.777778
vt 0.277778 0.722222
vt 0.277778 0.833333
vt 0.277778 0.944444
vt 0.277778 0.888889
vt 0.277778 1.000000
vt 0.305556 0.055556
vt 0.305556 0.000000
vt 0.305556 0.111111
vt 0.305556 0.222222
vt 0.305556 0.166667
vt 0.305556 0.333333
vt 0.305556 0.277778
vt 0.305556 0.444444
vt 0.305556 0.388889
vt 0.305556 0.500000
vt 0.305556 0.555556
vt 0.305556 0.611111
vt 0.305556 0.666667
vt 0.305556 0.722222
vt 0.305556 0.777778
vt 0.305556 0.833333
vt 0.305556 0.888889
vt 0.305556 0.944444
vt 0.305556 1.000000
vt 0.333333 0.055556
vt 0.333333 0.000000
vt 0.333333 0.111111
vt 0.333333 0.166667
vt 0.333333 0.222222
vt 0.333333 0.277778
vt 0.333333 0.388889
vt 0.333333 0.333333
vt 0.333333 0.444444
vt 0.333333 0.500000
vt 0.333333 0.555556
vt 0.333333 0.611111
vt 0.333333 0.722222
vt 0.333333 0.666667
vt 0.333333 0.777778
vt 0.333333 0.833333
vt 0.333333 0.944444
vt 0.333333 0.888889
vt 0.333333 1.000000
vt 0.361111 0.055556
vt 0.361111 0.000000
vt 0.361111 0.166667
vt 0.361111 0.111111
vt 0.361111 0.222222
vt 0.361111 0.333333
vt 0.361111 0.277778
vt 0.361111 0.444444
vt 0.361111 0.388889
vt 0.361111 0.500000
vt 0.361111 0.555556
vt 0.361111 0.666667
vt 0.361111 0.611111
vt 0.361111 0.722222
vt 0.361111 0.777778
vt 0.361111 0.833333
vt 0.361111 0.944444
vt 0.361111 0.888889
vt 0.388889 0.000000
vt 0.388889 0.111111
vt 0.388889 0.055556
vt 0.388889 0.166667
vt 0.388889 0.277778
vt 0.388889 0.222222
vt 0.388889 0.333333
vt 0.388889 0.388889
vt 0.388889 0.444444
vt 0.388889 0.555556
vt 0.388889 0.500000
vt 0.388889 0.611111
vt 0.388889 0.666667
vt 0.388889 0.777778
vt 0.388889 0.722222
vt 0.388889 0.833333
vt 0.388889 0.944444
vt 0.388889 0.888889
vt 0.388889 1.000000
vt 0.416667 0.000000
vt 0.416667 0.111111
vt 0.416667 0.055556
vt 0.416667 0.166667
vt 0.416667 0.222222
vt 0.416667 0.277778
vt 0.416667 0.388889
vt 0.416667 0.333333
vt 0.416667 0.500000
vt 0.416667 0.444444
vt 0.416667 0.555556
vt 0.416667 0.611111
vt 0.416667 0.722222
vt 0.416667 0.666667
vt 0.416667 0.777778
vt 0.416667 0.833333
vt 0.416667 0.944444
vt 0.416667 0.888889
vt 0.444444 0.055556
vt 0.444444 0.000000
vt 0.444444 0.111111
vt 0.444444 0.166667
vt 0.444444 0.222222
vt 0.444444 0.277778
vt 0.444444 0.333333
vt 0.444444 0.388889
vt 0.444444 0.500000
vt 0.444444 0.444444
vt 0.444444 0.555556
vt 0.444444 0.611111
vt 0.444444 0.666667
vt 0.444444 0.722222
vt 0.444444 0.833333
vt 0.444444 0.777778
vt 0.444444 0.888889
vt 0.444444 0.944444
vt 0.444444 1.000000
vt 0.472222 0.055556
vt 0.472222 0.000000
vt 0.472222 0.111111
vt 0.472222 0.222222
vt 0.472222 0.166667
vt 0.472222 0.277778
vt 0.472222 0.333333
vt 0.472222 0.388889
vt 0.472222 0.444444
vt 0.472222 0.500000
vt 0.472222 0.555556
vt 0.472222 0.611111
vt 0.472222 0.666667
vt 0.472222 0.777778
vt 0.472222 0.722222
vt 0.472222 0.888889
vt 0.472222 0.833333
vt 0.472222 0.944444
vt 0.472222 1.000000
vt 0.500000 0.000000
vt 0.500000 0.111111
vt 0.500000 0.055556
vt 0.500000 0.166667
vt 0.500000 0.222222
vt 0.500000 0.277778
vt 0.500000 0.333333
vt 0.500000 0.388889
vt 0.500000 0.444444
vt 0.500000 0.500000
vt 0.500000 0.611111
vt 0.500000 0.555556
vt 0.500000 0.666667
vt 0.500000 0.722222
vt 0.500000 0.777778
vt 0.500000 0.833333
vt 0.500000 0.944444
vt 0.500000 0.888889
vt 0.500000 1.000000
vt 0.527778 0.055556
vt 0.527778 0.000000
vt 0.527778 0.111111
vt 0.527778 0.166667
vt 0.527778 0.277778
vt 0.527778 0.222222
vt 0.527778 0.333333
vt 0.527778 0.388889
vt 0.527778 0.444444
vt 0.527778 0.500000
vt 0.527778 0.555556
vt 0.527778 0.611111
vt 0.527778 0.666667
vt 0.527778 0.722222
vt 0.527778 0.777778
vt 0.527778 0.833333
vt 0.527778 0.888889
vt 0.527778 1.000000
vt 0.527778 0.944444
vt 0.555556 0.055556
vt 0.555556 0.000000
vt 0.555556 0.111111
vt 0.555556 0.222222
vt 0.555556 0.166667
vt 0.555556 0.277778
vt 0.555556 0.333333
vt 0.555556 0.444444
vt 0.555556 0.388889
vt 0.555556 0.555556
vt 0.555556 0.500000
vt 0.555556 0.611111
vt 0.555556 0.666667
vt 0.555556 0.722222
vt 0.555556 0.777778
vt 0.555556 0.833333
vt 0.555556 0.944444
vt 0.555556 0.888889
vt 0.555556 1.000000
vt 0.583333 0.055556
vt 0.583333 0.000000
vt 0.583333 0.111111
vt 0.583333 0.166667
vt 0.583333 0.222222
vt 0.583333 0.277778
vt 0.583333 0.333333
vt 0.583333 0.388889
vt 0.583333 0.444444
vt 0.583333 0.500000
vt 0.583333 0.555556
vt 0.583333 0.611111
vt 0.583333 0.722222
vt 0.583333 0.666667
vt 0.583333 0.777778
vt 0.583333 0.833333
vt 0.583333 0.888889
vt 0.583333 1.000000
vt 0.583333 0.944444
vt 0.611111 0.000000
vt 0.611111 0.055556
vt 0.611111 0.166667
vt 0.611111 0.111111
vt 0.611111 0.222222
vt 0.611111 0.277778
vt 0.611111 0.333333
vt 0.611111 0.444444
vt 0.611111 0.388889
vt 0.611111 0.500000
vt 0.611111 0.555556
vt 0.611111 0.666667
vt 0.611111 0.611111
vt 0.611111 0.777778
vt 0.611111 0.722222
vt 0.611111 0.833333
vt 0.611111 0.888889
vt 0.611111 0.944444
vt 0.611111 1.000000
vt 0.638889 0.055556
vt 0.638889 0.000000
vt 0.638889 0.111111
vt 0.638889 0.222222
vt 0.638889 0.166667
vt 0.638889 0.277778
vt 0.638889 0.333333
vt 0.638889 0.444444
vt 0.638889 0.388889
vt 0.638889 0.500000
vt 0.638889 0.555556
vt 0.638889 0.611111
vt 0.638889 0.666667
vt 0.638889 0.722222
vt 0.638889 0.777778
vt 0.638889 0.888889
vt 0.638889 0.833333
vt 0.638889 0.944444
vt 0.638889 1.000000
vt 0.666667 0.000000
vt 0.666667 0.111111
vt 0.666667 0.055556
vt 0.666667 0.166667
vt 0.666667 0.277778
vt 0.666667 0.222222
vt 0.666667 0.333333
vt 0.666667 0.388889
vt 0.666667 0.500000
vt 0.666667 0.444444
vt 0.666667 0.611111
vt 0.666667 0.555556
vt 0.666667 0.666667
vt 0.666667 0.722222
vt 0.666667 0.833333
vt 0.666667 0.777778
vt 0.666667 0.888889
vt 0.666667 1.000000
vt 0.666667 0.944444
vt 0.694444 0.055556
vt 0.694444 0.000000
vt 0.694444 0.111111
vt 0.694444 0.222222
vt 0.694444 0.166667
vt 0.694444 0.277778
vt 0.694444 0.333333
vt 0.694444 0.388889
vt 0.694444 0.500000
vt 0.694444 0.444444
vt 0.694444 0.555556
vt 0.694444 0.611111
vt 0.694444 0.666667
vt 0.694444 0.722222
vt 0.694444 0.833333
vt 0.694444 0.777778
vt 0.694444 0.888889
vt 0.694444 0.944444
vt 0.694444 1.000000
vt 0.722222 0.000000
vt 0.722222 0.111111
vt 0.722222 0.055556
vt 0.722222 0.166667
vt 0.722222 0.222222
vt 0.722222 0.277778
vt 0.722222 0.333333
vt 0.722222 0.388889
vt 0.722222 0.444444
vt 0.722222 0.500000
vt 0.722222 0.555556
vt 0.722222 0.611111
vt 0.722222 0.722222
vt 0.722222 0.666667
vt 0.722222 0.777778
vt 0.722222 0.833333
vt 0.722222 0.888889
vt 0.722222 1.000000
vt 0.722222 0.944444
vt 0.750000 0.055556
vt 0.750000 0.000000
vt 0.750000 0.111111
vt 0.750000 0.166667
vt 0.750000 0.277778
vt 0.750000 0.222222
vt 0.750000 0.388889
vt 0.750000 0.333333
vt 0.750000 0.444444
vt 0.750000 0.500000
vt 0.750000 0.555556
vt 0.750000 0.611111
vt 0.750000 0.722222
vt 0.750000 0.666667
vt 0.750000 0.777778
vt 0.750000 0.833333
vt 0.750000 0.888889
vt 0.750000 0.944444
vt 0.777778 0.000000
vt 0.777778 0.111111
vt 0.777778 0.055556
vt 0.777778 0.166667
vt 0.777778 0.222222
vt 0.777778 0.277778
vt 0.777778 0.333333
vt 0.777778 0.444444
vt 0.777778 0.388889
vt 0.777778 0.500000
vt 0.777778 0.555556
vt 0.777778 0.611111
vt 0.777778 0.666667
vt 0.777778 0.777778
vt 0.777778 0.722222
vt 0.777778 0.833333
vt 0.777778 0.944444
vt 0.777778 0.888889
vt 0.777778 1.000000
vt 0.805556 0.055556
vt 0.805556 0.000000
vt 0.805556 0.111111
vt 0.805556 0.222222
vt 0.805556 0.166667
vt 0.805556 0.333333
vt 0.805556 0.277778
vt 0.805556 0.444444
vt 0.805556 0.388889
vt 0.805556 0.500000
vt 0.805556 0.555556
vt 0.805556 0.611111
vt 0.805556 0.666667
vt 0.805556 0.722222
vt 0.805556 0.777778
vt 0.805556 0.833333
vt 0.805556 0.888889
vt 0.805556 0.944444
vt 0.805556 1.000000
vt 0.833333 0.055556
vt 0.833333 0.000000
vt 0.833333 0.111111
vt 0.833333 0.166667
vt 0.833333 0.222222
vt 0.833333 0.277778
vt 0.833333 0.388889
vt 0.833333 0.333333
vt 0.833333 0.444444
vt 0.833333 0.500000
vt 0.833333 0.555556
vt 0.833333 0.611111
vt 0.833333 0.722222
vt 0.833333 0.666667
vt 0.833333 0.777778
vt 0.833333 0.833333
vt 0.833333 0.944444
vt 0.833333 0.888889
vt 0.833333 1.000000
vt 0.861111 0.055556
vt 0.861111 0.000000
vt 0.861111 0.166667
vt 0.861111 0.111111
vt 0.861111 0.222222
vt 0.861111 0.333333
vt 0.861111 0.277778
vt 0.861111 0.444444
vt 0.861111 0.388889
vt 0.861111 0.500000
vt 0.861111 0.555556
vt 0.861111 0.666667
vt 0.861111 0.611111
vt 0.861111 0.722222
vt 0.861111 0.777778
vt 0.861111 0.833333
vt 0.861111 0.944444
vt 0.861111 0.888889
vt 0.888889 0.000000
vt 0.888889 0.111111
vt 0.888889 0.055556
vt 0.888889 0.166667
vt 0.888889 0.277778
vt 0.888889 0.222222
vt 0.888889 0.333333
vt 0.888889 0.388889
vt 0.888889 0.444444
vt 0.888889 0.555556
vt 0.888889 0.500000
vt 0.888889 0.611111
vt 0.888889 0.666667
vt 0.888889 0.777778
vt 0.888889 0.722222
vt 0.888889 0.833333
vt 0.888889 0.944444
vt 0.888889 0.888889
vt 0.888889 1.000000
vt 0.916667 0.000000
vt 0.916667 0.111111
vt 0.916667 0.055556
vt 0.916667 0.166667
vt 0.916667 0.222222
vt 0.916667 0.277778
vt 0.916667 0.388889
vt 0.916667 0.333333
vt 0.916667 0.500000
vt 0.916667 0.444444
vt 0.916667 0.555556
vt 0.916667 0.611111
vt 0.916667 0.722222
vt 0.916667 0.666667
vt 0.916667 0.777778
vt 0.916667 0.833333
vt 0.916667 0.944444
vt 0.916667 0.888889
vt 0.944444 0.055556
vt 0.944444 0.000000
vt 0.944444 0.111111
vt 0.944444 0.166667
vt 0.944444 0.222222
vt 0.944444 0.277778
vt 0.944444 0.333333
vt 0.944444 0.388889
vt 0.944444 0.500000
vt 0.944444 0.444444
vt 0.944444 0.555556
vt 0.944444 0.611111
vt 0.944444 0.666667
vt 0.944444 0.722222
vt 0.944444 0.833333
vt 0.944444 0.777778
vt 0.944444 0.888889
vt 0.944444 0.944444
vt 0.944444 1.000000
vt 0.972222 0.055556
vt 0.972222 0.000000
vt 0.972222 0.111111
vt 0.972222 0.222222
vt 0.972222 0.166667
vt 0.972222 0.277778
vt 0.972222 0.333333
vt 0.972222 0.388889
vt 0.972222 0.444444
vt 0.972222 0.500000
vt 0.972222 0.555556
vt 0.972222 0.611111
vt 0.972222 0.666667
vt 0.972222 0.777778
vt 0.972222 0.722222
vt 0.972222 0.888889
vt 0.972222 0.833333
vt 0.972222 0.944444
vt 0.972222 1.000000
vt 1.000000 0.000000
vt 1.000000 0.111111
vt 1.000000 0.055556
vt 1.000000 0.166667
vt 1.000000 0.222222
vt 1.000000 0.277778
vt 1.000000 0.333333
vt 1.000000 0.388889
vt 1.000000 0.444444
vt 1.000000 0.500000
vt 1.000000 0.611111
vt 1.000000 0.555556
vt 1.000000 0.666667
vt 1.000000 0.722222
vt 1.000000 0.777778
vt 1.000000 0.833333
vt 1.000000 0.944444
vt 1.000000 0.888889
vt 1.000000 1.000000
vt 0.000000 1.000000
vt 0.250000 1.000000
vt 0.361111 1.000000
vt 0.416667 1.000000
vt 0.750000 1.000000
vt 0.861111 1.000000
vt 0.916667 1.000000
s 1
usemtl Mat
f 4533/4403/3793 4514/4404/3794 4532/4405/3795
f 4534/4406/3796 4515/4407/3797 4533/4403/3793
f 4534/4406/3796 4517/4408/3798 4516/4409/3799
f 4535/4410/3800 4518/4411/3801 4517/4408/3798
f 4537/4412/3802 4518/4411/3801 4536/4413/3803
f 4538/4414/3804 4519/4415/3805 4537/4412/3802
f 4539/4416/3806 4520/4417/3807 4538/4414/3804
f 4540/4418/3808 4521/4419/3809 4539/4416/3806
f 4541/4420/3810 4522/4421/3811 4540/4418/3808
f 4542/4422/3812 4523/4423/3813 4541/4420/3810
f 4543/4424/3814 4524/4425/3815 4542/4422/3812
f 4544/4426/3816 4525/4427/3817 4543/4424/3814
f 4545/4428/3818 4526/4429/3819 4544/4426/3816
f 4546/4430/3820 4527/4431/3821 4545/4428/3818
f 4547/4432/3822 4528/4433/3823 4546/4430/3820
f 4548/4434/3824 4529/4435/3825 4547/4432/3822
f 4548/4434/3824 4531/4436/3826 4530/4437/3827
f 4532/4438/3795 4531/4436/3826 4549/4439/3828
f 4551/4440/3829 4532/4405/3795 4550/4441/3830
f 4552/4442/3831 4533/4403/3793 4551/4440/3829
f 4552/4442/3831 4535/4410/3800 4534/4406/3796
f 4554/4443/3832 4535/4410/3800 4553/4444/3833
f 4554/4443/3832 4537/4412/3802 4536/4413/3803
f 4555/4445/3834 4538/4414/3804 4537/4412/3802
f 4556/4446/3835 4539/4416/3806 4538/4414/3804
f 4558/4447/3836 4539/4416/3806 4557/4448/3837
f 4558/4447/3836 4541/4420/3810 4540/4418/3808
f 4560/4449/3838 4541/4420/3810 4559/4450/3839
f 4561/4451/3840 4542/4422/3812 4560/4449/3838
f 4562/4452/3841 4543/4424/3814 4561/4451/3840
f 4563/4453/3842 4544/4426/3816 4562/4452/3841
f 4564/4454/3843 4545/4428/3818 4563/4453/3842
f 4565/4455/3844 4546/4430/3820 4564/4454/3843
f 4565/4455/3844 4548/4434/3824 4547/4432/3822
f 4567/4456/3845 4548/4434/3824 4566/4457/3846
f 4550/4458/3830 4549/4439/3828 4567/4456/3845
f 4569/4459/3847 4550/4441/3830 4568/4460/3848
f 4570/4461/3849 4551/4440/3829 4569/4459/3847
f 4571/4462/3850 4552/4442/3831 4570/4461/3849
f 4572/4463/3851 4553/4444/3833 4571/4462/3850
f 4573/4464/3852 4554/4443/3832 4572/4463/3851
f 4574/4465/3853 4555/4445/3834 4573/4464/3852
f 4575/4466/3854 4556/4446/3835 4574/4465/3853
f 4576/4467/3855 4557/4448/3837 4575/4466/3854
f 4577/4468/3856 4558/4447/3836 4576/4467/3855
f 4578/4469/3857 4559/4450/3839 4577/4468/3856
f 4578/4469/3857 4561/4451/3840 4560/4449/3838
f 4579/4470/3858 4562/4452/3841 4561/4451/3840
f 4581/4471/3859 4562/4452/3841 4580/4472/3860
f 4582/4473/3861 4563/4453/3842 4581/4471/3859
f 4583/4474/3862 4564/4454/3843 4582/4473/3861
f 4583/4474/3862 4566/4457/3846 4565/4455/3844
f 4584/4475/3863 4567/4456/3845 4566/4457/3846
f 4568/4476/3848 4567/4456/3845 4585/4477/3864
f 4586/4478/3865 4569/4459/3847 4568/4460/3848
f 4587/4479/3866 4570/4461/3849 4569/4459/3847
f 4589/4480/3867 4570/4461/3849 4588/4481/3868
f 4589/4480/3867 4572/4463/3851 4571/4462/3850
f 4590/4482/3869 4573/4464/3852 4572/4463/3851
f 4591/4483/3870 4574/4465/3853 4573/4464/3852
f 4592/4484/3871 4575/4466/3854 4574/4465/3853
f 4594/4485/3872 4575/4466/3854 4593/4486/3873
f 4595/4487/3874 4576/4467/3855 4594/4485/3872
f 4595/4487/3874 4578/4469/3857 4577/4468/3856
f 4596/4488/3875 4579/4470/3858 4578/4469/3857
f 4598/4489/3876 4579/4470/3858 4597/4490/3877
f 4598/4489/3876 4581/4471/3859 4580/4472/3860
f 4600/4491/3878 4581/4471/3859 4599/4492/3879
f 4601/4493/3880 4582/4473/3861 4600/4491/3878
f 4602/4494/3881 4583/4474/3862 4601/4493/3880
f 4603/4495/3882 4584/4475/3863 4602/4494/3881
f 4586/4496/3865 4585/4477/3864 4603/4495/3882
f 4605/4497/3883 4586/4478/3865 4604/4498/3884
f 4606/4499/3885 4587/4479/3866 4605/4497/3883
f 4606/4499/3885 4589/4480/3867 4588/4481/3868
f 4608/4500/3886 4589/4480/3867 4607/4501/3887
f 4609/4502/3888 4590/4482/3869 4608/4500/3886
f 4609/4502/3888 4592/4484/3871 4591/4483/3870
f 4610/4503/3889 4593/4486/3873 4592/4484/3871
f 4612/4504/3890 4593/4486/3873 4611/4505/3891
f 4613/4506/3892 4594/4485/3872 4612/4504/3890
f 4614/4507/3893 4595/4487/3874 4613/4506/3892
f 4615/4508/3894 4596/4488/3875 4614/4507/3893
f 4616/4509/3895 4597/4490/3877 4615/4508/3894
f 4617/4510/3896 4598/4489/3876 4616/4509/3895
f 4618/4511/3897 4599/4492/3879 4617/4510/3896
f 4618/4511/3897 4601/4493/3880 4600/4491/3878
f 4620/4512/3898 4601/4493/3880 4619/4513/3899
f 4621/4514/3900 4602/4494/3881 4620/4512/3898
f 4604/4515/3884 4603/4495/3882 4621/4514/3900
f 4622/4516/3901 4605/4497/3883 4604/4498/3884
f 4624/4517/3902 4605/4497/3883 4623/4518/3903
f 4625/4519/3904 4606/4499/3885 4624/4517/3902
f 4625/4519/3904 4608/4500/3886 4607/4501/3887
f 4627/4520/3905 4608/4500/3886 4626/4521/3906
f 4628/4522/3907 4609/4502/3888 4627/4520/3905
f 4629/4523/3908 4610/4503/3889 4628/4522/3907
f 4629/4523/3908 4612/4504/3890 4611/4505/3891
f 4631/4524/3909 4612/4504/3890 4630/4525/3910
f 4631/4524/3909 4614/4507/3893 4613/4506/3892
f 4633/4526/3911 4614/4507/3893 4632/4527/3912
f 4633/4526/3911 4616/4509/3895 4615/4508/3894
f 4634/4528/3913 4617/4510/3896 4616/4509/3895
f 4635/4529/3914 4618/4511/3897 4617/4510/3896
f 4637/4530/3915 4618/4511/3897 4636/4531/3916
f 4638/4532/3917 4619/4513/3899 4637/4530/3915
f 4638/4532/3917 4621/4514/3900 4620/4512/3898
f 4622/4533/3901 4621/4514/3900 4639/4534/3918
f 4641/4535/3919 4622/4516/3901 4640/4536/3920
f 4642/4537/3921 4623/4518/3903 4641/4535/3919
f 4642/4537/3921 4625/4519/3904 4624/4517/3902
f 4644/4538/3922 4625/4519/3904 4643/4539/3923
f 4645/4540/3924 4626/4521/3906 4644/4538/3922
f 4646/4541/3925 4627/4520/3905 4645/4540/3924
f 4647/4542/3926 4628/4522/3907 4646/4541/3925
f 4647/4542/3926 4630/4525/3910 4629/4523/3908
f 4649/4543/3927 4630/4525/3910 4648/4544/3928
f 4650/4545/3929 4631/4524/3909 4649/4543/3927
f 4651/4546/3930 4632/4527/3912 4650/4545/3929
f 4652/4547/3931 4633/4526/3911 4651/4546/3930
f 4652/4547/3931 4635/4529/3914 4634/4528/3913
f 4653/4548/3932 4636/4531/3916 4635/4529/3914
f 4655/4549/3933 4636/4531/3916 4654/4550/3934
f 4656/4551/3935 4637/4530/3915 4655/4549/3933
f 4657/4552/3936 4638/4532/3917 4656/4551/3935
f 4640/4553/3920 4639/4534/3918 4657/4552/3936
f 4658/4554/3937 4641/4535/3919 4640/4536/3920
f 4660/4555/3938 4641/4535/3919 4659/4556/3939
f 4661/4557/3940 4642/4537/3921 4660/4555/3938
f 4662/4558/3941 4643/4539/3923 4661/4557/3940
f 4663/4559/3942 4644/4538/3922 4662/4558/3941
f 4664/4560/3943 4645/4540/3924 4663/4559/3942
f 4665/4561/3944 4646/4541/3925 4664/4560/3943
f 4666/4562/3945 4647/4542/3926 4665/4561/3944
f 4667/4563/3946 4648/4544/3928 4666/4562/3945
f 4668/4564/3947 4649/4543/3927 4667/4563/3946
f 4669/4565/3948 4650/4545/3929 4668/4564/3947
f 4669/4565/3948 4652/4547/3931 4651/4546/3930
f 4671/4566/3949 4652/4547/3931 4670/4567/3950
f 4671/4566/3949 4654/4550/3934 4653/4548/3932
f 4672/4568/3951 4655/4549/3933 4654/4550/3934
f 4673/4569/3952 4656/4551/3935 4655/4549/3933
f 4674/4570/3953 4657/4552/3936 4656/4551/3935
f 4658/4571/3937 4657/4552/3936 4675/4572/3954
f 4677/4573/3955 4658/4554/3937 4676/4574/3956
f 4678/4575/3957 4659/4556/3939 4677/4573/3955
f 4678/4575/3957 4661/4557/3940 4660/4555/3938
f 4679/4576/3958 4662/4558/3941 4661/4557/3940
f 4681/4577/3959 4662/4558/3941 4680/4578/3960
f 4681/4577/3959 4664/4560/3943 4663/4559/3942
f 4683/4579/3961 4664/4560/3943 4682/4580/3962
f 4684/4581/3963 4665/4561/3944 4683/4579/3961
f 4685/4582/3964 4666/4562/3945 4684/4581/3963
f 4686/4583/3965 4667/4563/3946 4685/4582/3964
f 4687/4584/3966 4668/4564/3947 4686/4583/3965
f 4687/4584/3966 4670/4567/3950 4669/4565/3948
f 4689/4585/3967 4670/4567/3950 4688/4586/3968
f 4690/4587/3969 4671/4566/3949 4689/4585/3967
f 4691/4588/3970 4672/4568/3951 4690/4587/3969
f 4692/4589/3971 4673/4569/3952 4691/4588/3970
f 4693/4590/3972 4674/4570/3953 4692/4589/3971
f 4693/4590/3972 4658/4571/3937 4675/4572/3954
f 4694/4591/3973 4677/4573/3955 4676/4574/3956
f 4696/4592/3974 4677/4573/3955 4695/4593/3975
f 4697/4594/3976 4678/4575/3957 4696/4592/3974
f 4698/4595/3977 4679/4576/3958 4697/4594/3976
f 4699/4596/3978 4680/4578/3960 4698/4595/3977
f 4700/4597/3979 4681/4577/3959 4699/4596/3978
f 4700/4597/3979 4683/4579/3961 4682/4580/3962
f 4702/4598/3980 4683/4579/3961 4701/4599/3981
f 4703/4600/3982 4684/4581/3963 4702/4598/3980
f 4704/4601/3983 4685/4582/3964 4703/4600/3982
f 4705/4602/3984 4686/4583/3965 4704/4601/3983
f 4705/4602/3984 4688/4586/3968 4687/4584/3966
f 4706/4603/3985 4689/4585/3967 4688/4586/3968
f 4708/4604/3986 4689/4585/3967 4707/4605/3987
f 4708/4604/3986 4691/4588/3970 4690/4587/3969
f 4709/4606/3988 4692/4589/3971 4691/4588/3970
f 4711/4607/3989 4692/4589/3971 4710/4608/3990
f 4694/4609/3973 4693/4590/3972 4711/4607/3989
f 4713/4610/3991 4694/4591/3973 4712/4611/3992
f 4713/4610/3991 4696/4592/3974 4695/4593/3975
f 4714/4612/3993 4697/4594/3976 4696/4592/3974
f 4716/4613/3994 4697/4594/3976 4715/4614/3995
f 4716/4613/3994 4699/4596/3978 4698/4595/3977
f 4718/4615/3996 4699/4596/3978 4717/4616/3997
f 4718/4615/3996 4701/4599/3981 4700/4597/3979
f 4720/4617/3998 4701/4599/3981 4719/4618/3999
f 4721/4619/4000 4702/4598/3980 4720/4617/3998
f 4722/4620/4001 4703/4600/3982 4721/4619/4000
f 4723/4621/4002 4704/4601/3983 4722/4620/4001
f 4724/4622/4003 4705/4602/3984 4723/4621/4002
f 4725/4623/4004 4706/4603/3985 4724/4622/4003
f 4726/4624/4005 4707/4605/3987 4725/4623/4004
f 4727/4625/4006 4708/4604/3986 4726/4624/4005
f 4728/4626/4007 4709/4606/3988 4727/4625/4006
f 4729/4627/4008 4710/4608/3990 4728/4626/4007
f 4712/4628/3992 4711/4607/3989 4729/4627/4008
f 4731/4629/4009 4712/4611/3992 4730/4630/4010
f 4732/4631/4011 4713/4610/3991 4731/4629/4009
f 4733/4632/4012 4714/4612/3993 4732/4631/4011
f 4734/4633/4013 4715/4614/3995 4733/4632/4012
f 4735/4634/4014 4716/4613/3994 4734/4633/4013
f 4735/4634/4014 4718/4615/3996 4717/4616/3997
f 4737/4635/4015 4718/4615/3996 4736/4636/4016
f 4738/4637/4017 4719/4618/3999 4737/4635/4015
f 4739/4638/4018 4720/4617/3998 4738/4637/4017
f 4740/4639/4019 4721/4619/4000 4739/4638/4018
f 4740/4639/4019 4723/4621/4002 4722/4620/4001
f 4741/4640/4020 4724/4622/4003 4723/4621/4002
f 4743/4641/4021 4724/4622/4003 4742/4642/4022
f 4744/4643/4023 4725/4623/4004 4743/4641/4021
f 4745/4644/4024 4726/4624/4005 4744/4643/4023
f 4745/4644/4024 4728/4626/4007 4727/4625/4006
f 4747/4645/4025 4728/4626/4007 4746/4646/4026
f 4730/4647/4010 4729/4627/4008 4747/4645/4025
f 4749/4648/4027 4730/4630/4010 4748/4649/4028
f 4749/4648/4027 4732/4631/4011 4731/4629/4009
f 4751/4650/4029 4732/4631/4011 4750/4651/4030
f 4752/4652/4031 4733/4632/4012 4751/4650/4029
f 4752/4652/4031 4735/4634/4014 4734/4633/4013
f 4754/4653/4032 4735/4634/4014 4753/4654/4033
f 4754/4653/4032 4737/4635/4015 4736/4636/4016
f 4756/4655/4034 4737/4635/4015 4755/4656/4035
f 4757/4657/4036 4738/4637/4017 4756/4655/4034
f 4758/4658/4037 4739/4638/4018 4757/4657/4036
f 4758/4658/4037 4741/4640/4020 4740/4639/4019
f 4760/4659/4038 4741/4640/4020 4759/4660/4039
f 4761/4661/4040 4742/4642/4022 4760/4659/4038
f 4762/4662/4041 4743/4641/4021 4761/4661/4040
f 4762/4662/4041 4745/4644/4024 4744/4643/4023
f 4763/4663/4042 4746/4646/4026 4745/4644/4024
f 4765/4664/4043 4746/4646/4026 4764/4665/4044
f 4765/4664/4043 4730/4647/4010 4747/4645/4025
f 4766/4666/4045 4749/4648/4027 4748/4649/4028
f 4768/4667/4046 4749/4648/4027 4767/4668/4047
f 4769/4669/4048 4750/4651/4030 4768/4667/4046
f 4769/4669/4048 4752/4652/4031 4751/4650/4029
f 4771/4670/4049 4752/4652/4031 4770/4671/4050
f 4772/4672/4051 4753/4654/4033 4771/4670/4049
f 4773/4673/4052 4754/4653/4032 4772/4672/4051
f 4774/4674/4053 4755/4656/4035 4773/4673/4052
f 4774/4674/4053 4757/4657/4036 4756/4655/4034
f 4776/4675/4054 4757/4657/4036 4775/4676/4055
f 4776/4675/4054 4759/4660/4039 4758/4658/4037
f 4777/4677/4056 4760/4659/4038 4759/4660/4039
f 4778/4678/4057 4761/4661/4040 4760/4659/4038
f 4780/4679/4058 4761/4661/4040 4779/4680/4059
f 4781/4681/4060 4762/4662/4041 4780/4679/4058
f 4781/4681/4060 4764/4665/4044 4763/4663/4042
f 4783/4682/4061 4764/4665/4044 4782/4683/4062
f 4766/4684/4045 4765/4664/4043 4783/4682/4061
f 4784/4685/4063 4767/4668/4047 4766/4666/4045
f 4786/4686/4064 4767/4668/4047 4785/4687/4065
f 4787/4688/4066 4768/4667/4046 4786/4686/4064
f 4788/4689/4067 4769/4669/4048 4787/4688/4066
f 4789/4690/4068 4770/4671/4050 4788/4689/4067
f 4789/4690/4068 4772/4672/4051 4771/4670/4049
f 4791/4691/4069 4772/4672/4051 4790/4692/4070
f 4791/4691/4069 4774/4674/4053 4773/4673/4052
f 4793/4693/4071 4774/4674/4053 4792/4694/4072
f 4794/4695/4073 4775/4676/4055 4793/4693/4071
f 4795/4696/4074 4776/4675/4054 4794/4695/4073
f 4795/4696/4074 4778/4678/4057 4777/4677/4056
f 4797/4697/4075 4778/4678/4057 4796/4698/4076
f 4797/4697/4075 4780/4679/4058 4779/4680/4059
f 4798/4699/4077 4781/4681/4060 4780/4679/4058
f 4799/4700/4078 4782/4683/4062 4781/4681/4060
f 4801/4701/4079 4782/4683/4062 4800/4702/4080
f 4801/4701/4079 4766/4684/4045 4783/4682/4061
f 4803/4703/4081 4784/4685/4063 4802/4704/4082
f 4804/4705/4083 4785/4687/4065 4803/4703/4081
f 4805/4706/4084 4786/4686/4064 4804/4705/4083
f 4806/4707/4085 4787/4688/4066 4805/4706/4084
f 4807/4708/4086 4788/4689/4067 4806/4707/4085
f 4808/4709/4087 4789/4690/4068 4807/4708/4086
f 4808/4709/4087 4791/4691/4069 4790/4692/4070
f 4809/4710/4088 4792/4694/4072 4791/4691/4069
f 4811/4711/4089 4792/4694/4072 4810/4712/4090
f 4812/4713/4091 4793/4693/4071 4811/4711/4089
f 4813/4714/4092 4794/4695/4073 4812/4713/4091
f 4814/4715/4093 4795/4696/4074 4813/4714/4092
f 4815/4716/4094 4796/4698/4076 4814/4715/4093
f 4815/4716/4094 4798/4699/4077 4797/4697/4075
f 4817/4717/4095 4798/4699/4077 4816/4718/4096
f 4818/4719/4097 4799/4700/4078 4817/4717/4095
f 4819/4720/4098 4800/4702/4080 4818/4719/4097
f 4802/4721/4082 4801/4701/4079 4819/4720/4098
f 4821/4722/4099 4802/4704/4082 4820/4723/4100
f 4822/4724/4101 4803/4703/4081 4821/4722/4099
f 4822/4724/4101 4805/4706/4084 4804/4705/4083
f 4824/4725/4102 4805/4706/4084 4823/4726/4103
f 4825/4727/4104 4806/4707/4085 4824/4725/4102
f 4826/4728/4105 4807/4708/4086 4825/4727/4104
f 4827/4729/4106 4808/4709/4087 4826/4728/4105
f 4828/4730/4107 4809/4710/4088 4827/4729/4106
f 4829/4731/4108 4810/4712/4090 4828/4730/4107
f 4830/4732/4109 4811/4711/4089 4829/4731/4108
f 4831/4733/4110 4812/4713/4091 4830/4732/4109
f 4831/4733/4110 4814/4715/4093 4813/4714/4092
f 4832/4734/4111 4815/4716/4094 4814/4715/4093
f 4834/4735/4112 4815/4716/4094 4833/4736/4113
f 4834/4735/4112 4817/4717/4095 4816/4718/4096
f 4836/4737/4114 4817/4717/4095 4835/4738/4115
f 4837/4739/4116 4818/4719/4097 4836/4737/4114
f 4820/4740/4100 4819/4720/4098 4837/4739/4116
f 4838/4741/3813 4821/4722/4099 4820/4723/4100
f 4840/4742/4117 4821/4722/4099 4839/4743/4118
f 4841/4744/4119 4822/4724/4101 4840/4742/4117
f 4842/4745/4120 4823/4726/4103 4841/4744/4119
f 4843/4746/4121 4824/4725/4102 4842/4745/4120
f 4844/4747/4122 4825/4727/4104 4843/4746/4121
f 4845/4748/4123 4826/4728/4105 4844/4747/4122
f 4846/4749/4124 4827/4729/4106 4845/4748/4123
f 4847/4750/3794 4828/4730/4107 4846/4749/4124
f 4847/4750/3794 4830/4732/4109 4829/4731/4108
f 4849/4751/4125 4830/4732/4109 4848/4752/4126
f 4850/4753/4127 4831/4733/4110 4849/4751/4125
f 4851/4754/4128 4832/4734/4111 4850/4753/4127
f 4852/4755/4129 4833/4736/4113 4851/4754/4128
f 4853/4756/4130 4834/4735/4112 4852/4755/4129
f 4853/4756/4130 4836/4737/4114 4835/4738/4115
f 4855/4757/4131 4836/4737/4114 4854/4758/4132
f 4838/4759/3813 4837/4739/4116 4855/4757/4131
f 4857/4760/4133 4838/4741/3813 4856/4761/4134
f 4858/4762/4135 4839/4743/4118 4857/4760/4133
f 4858/4762/4135 4841/4744/4119 4840/4742/4117
f 4859/4763/4136 4842/4745/4120 4841/4744/4119
f 4861/4764/4137 4842/4745/4120 4860/4765/4138
f 4862/4766/4139 4843/4746/4121 4861/4764/4137
f 4863/4767/4140 4844/4747/4122 4862/4766/4139
f 4864/4768/4141 4845/4748/4123 4863/4767/4140
f 4865/4769/4142 4846/4749/4124 4864/4768/4141
f 4866/4770/4143 4847/4750/3794 4865/4769/4142
f 4867/4771/4144 4848/4752/4126 4866/4770/4143
f 4868/4772/4145 4849/4751/4125 4867/4771/4144
f 4869/4773/4146 4850/4753/4127 4868/4772/4145
f 4870/4774/4147 4851/4754/4128 4869/4773/4146
f 4871/4775/4148 4852/4755/4129 4870/4774/4147
f 4872/4776/4149 4853/4756/4130 4871/4775/4148
f 4872/4776/4149 4855/4757/4131 4854/4758/4132
f 4856/4777/4134 4855/4757/4131 4873/4778/4150
f 4875/4779/4151 4856/4761/4134 4874/4780/3839
f 4876/4781/4152 4857/4760/4133 4875/4779/4151
f 4876/4781/4152 4859/4763/4136 4858/4762/4135
f 4878/4782/4153 4859/4763/4136 4877/4783/4154
f 4878/4782/4153 4861/4764/4137 4860/4765/4138
f 4879/4784/4155 4862/4766/4139 4861/4764/4137
f 4880/4785/4156 4863/4767/4140 4862/4766/4139
f 4882/4786/4157 4863/4767/4140 4881/4787/4158
f 4882/4786/4157 4865/4769/4142 4864/4768/4141
f 4884/4788/4159 4865/4769/4142 4883/4789/3830
f 4885/4790/4160 4866/4770/4143 4884/4788/4159
f 4886/4791/4161 4867/4771/4144 4885/4790/4160
f 4887/4792/4162 4868/4772/4145 4886/4791/4161
f 4888/4793/4163 4869/4773/4146 4887/4792/4162
f 4889/4794/4164 4870/4774/4147 4888/4793/4163
f 4889/4794/4164 4872/4776/4149 4871/4775/4148
f 4891/4795/4165 4872/4776/4149 4890/4796/4166
f 4874/4797/3839 4873/4778/4150 4891/4795/4165
f 4893/4798/4167 4874/4780/3839 4892/4799/3856
f 4894/4800/4168 4875/4779/4151 4893/4798/4167
f 4895/4801/4169 4876/4781/4152 4894/4800/4168
f 4896/4802/4170 4877/4783/4154 4895/4801/4169
f 4897/4803/4171 4878/4782/4153 4896/4802/4170
f 4898/4804/4172 4879/4784/4155 4897/4803/4171
f 4899/4805/4173 4880/4785/4156 4898/4804/4172
f 4900/4806/4174 4881/4787/4158 4899/4805/4173
f 4901/4807/3848 4882/4786/4157 4900/4806/4174
f 4902/4808/4175 4883/4789/3830 4901/4807/3848
f 4902/4808/4175 4885/4790/4160 4884/4788/4159
f 4903/4809/4176 4886/4791/4161 4885/4790/4160
f 4905/4810/4177 4886/4791/4161 4904/4811/4178
f 4906/4812/4179 4887/4792/4162 4905/4810/4177
f 4907/4813/4180 4888/4793/4163 4906/4812/4179
f 4907/4813/4180 4890/4796/4166 4889/4794/4164
f 4908/4814/4181 4891/4795/4165 4890/4796/4166
f 4892/4815/3856 4891/4795/4165 4909/4816/4182
f 4910/4817/3874 4893/4798/4167 4892/4799/3856
f 4911/4818/4183 4894/4800/4168 4893/4798/4167
f 4913/4819/4184 4894/4800/4168 4912/4820/4185
f 4913/4819/4184 4896/4802/4170 4895/4801/4169
f 4914/4821/4186 4897/4803/4171 4896/4802/4170
f 4915/4822/4187 4898/4804/4172 4897/4803/4171
f 4916/4823/4188 4899/4805/4173 4898/4804/4172
f 4918/4824/4189 4899/4805/4173 4917/4825/4190
f 4919/4826/3865 4900/4806/4174 4918/4824/4189
f 4919/4826/3865 4902/4808/4175 4901/4807/3848
f 4920/4827/4191 4903/4809/4176 4902/4808/4175
f 4922/4828/4192 4903/4809/4176 4921/4829/4193
f 4922/4828/4192 4905/4810/4177 4904/4811/4178
f 4924/4830/4194 4905/4810/4177 4923/4831/4195
f 4925/4832/4196 4906/4812/4179 4924/4830/4194
f 4926/4833/4197 4907/4813/4180 4925/4832/4196
f 4927/4834/4198 4908/4814/4181 4926/4833/4197
f 4910/4835/3874 4909/4816/4182 4927/4834/4198
f 4929/4836/4199 4910/4817/3874 4928/4837/3892
f 4930/4838/4200 4911/4818/4183 4929/4836/4199
f 4930/4838/4200 4913/4819/4184 4912/4820/4185
f 4932/4839/4201 4913/4819/4184 4931/4840/4202
f 4933/4841/4203 4914/4821/4186 4932/4839/4201
f 4933/4841/4203 4916/4823/4188 4915/4822/4187
f 4934/4842/4204 4917/4825/4190 4916/4823/4188
f 4936/4843/4205 4917/4825/4190 4935/4844/4206
f 4937/4845/3884 4918/4824/4189 4936/4843/4205
f 4938/4846/4207 4919/4826/3865 4937/4845/3884
f 4939/4847/4208 4920/4827/4191 4938/4846/4207
f 4940/4848/4209 4921/4829/4193 4939/4847/4208
f 4941/4849/4210 4922/4828/4192 4940/4848/4209
f 4942/4850/4211 4923/4831/4195 4941/4849/4210
f 4942/4850/4211 4925/4832/4196 4924/4830/4194
f 4944/4851/4212 4925/4832/4196 4943/4852/4213
f 4945/4853/4214 4926/4833/4197 4944/4851/4212
f 4928/4854/3892 4927/4834/4198 4945/4853/4214
f 4946/4855/3909 4929/4836/4199 4928/4837/3892
f 4948/4856/4215 4929/4836/4199 4947/4857/4216
f 4949/4858/4217 4930/4838/4200 4948/4856/4215
f 4949/4858/4217 4932/4839/4201 4931/4840/4202
f 4951/4859/4218 4932/4839/4201 4950/4860/4219
f 4952/4861/4220 4933/4841/4203 4951/4859/4218
f 4953/4862/4221 4934/4842/4204 4952/4861/4220
f 4953/4862/4221 4936/4843/4205 4935/4844/4206
f 4955/4863/3901 4936/4843/4205 4954/4864/4222
f 4955/4863/3901 4938/4846/4207 4937/4845/3884
f 4957/4865/4223 4938/4846/4207 4956/4866/4224
f 4957/4865/4223 4940/4848/4209 4939/4847/4208
f 4958/4867/4225 4941/4849/4210 4940/4848/4209
f 4959/4868/4226 4942/4850/4211 4941/4849/4210
f 4961/4869/4227 4942/4850/4211 4960/4870/4228
f 4962/4871/4229 4943/4852/4213 4961/4869/4227
f 4962/4871/4229 4945/4853/4214 4944/4851/4212
f 4946/4872/3909 4945/4853/4214 4963/4873/4230
f 4965/4874/4231 4946/4855/3909 4964/4875/3927
f 4966/4876/4232 4947/4857/4216 4965/4874/4231
f 4966/4876/4232 4949/4858/4217 4948/4856/4215
f 4968/4877/4233 4949/4858/4217 4967/4878/4234
f 4969/4879/4235 4950/4860/4219 4968/4877/4233
f 4970/4880/4236 4951/4859/4218 4969/4879/4235
f 4971/4881/4237 4952/4861/4220 4970/4880/4236
f 4971/4881/4237 4954/4864/4222 4953/4862/4221
f 4973/4882/3920 4954/4864/4222 4972/4883/4238
f 4974/4884/4239 4955/4863/3901 4973/4882/3920
f 4975/4885/4240 4956/4866/4224 4974/4884/4239
f 4976/4886/4241 4957/4865/4223 4975/4885/4240
f 4976/4886/4241 4959/4868/4226 4958/4867/4225
f 4977/4887/4242 4960/4870/4228 4959/4868/4226
f 4979/4888/4243 4960/4870/4228 4978/4889/4244
f 4980/4890/4245 4961/4869/4227 4979/4888/4243
f 4981/4891/4246 4962/4871/4229 4980/4890/4245
f 4964/4892/3927 4963/4873/4230 4981/4891/4246
f 4982/4893/3946 4965/4874/4231 4964/4875/3927
f 4984/4894/4247 4965/4874/4231 4983/4895/4248
f 4985/4896/4249 4966/4876/4232 4984/4894/4247
f 4986/4897/4250 4967/4878/4234 4985/4896/4249
f 4987/4898/4251 4968/4877/4233 4986/4897/4250
f 4988/4899/4252 4969/4879/4235 4987/4898/4251
f 4989/4900/4253 4970/4880/4236 4988/4899/4252
f 4990/4901/4254 4971/4881/4237 4989/4900/4253
f 4991/4902/4255 4972/4883/4238 4990/4901/4254
f 4992/4903/4256 4973/4882/3920 4991/4902/4255
f 4993/4904/4257 4974/4884/4239 4992/4903/4256
f 4993/4904/4257 4976/4886/4241 4975/4885/4240
f 4995/4905/4258 4976/4886/4241 4994/4906/4259
f 4995/4905/4258 4978/4889/4244 4977/4887/4242
f 4996/4907/4260 4979/4888/4243 4978/4889/4244
f 4997/4908/4261 4980/4890/4245 4979/4888/4243
f 4998/4909/4262 4981/4891/4246 4980/4890/4245
f 4982/4910/3946 4981/4891/4246 4999/4911/4263
f 5001/4912/4264 4982/4893/3946 5000/4913/3964
f 5002/4914/4265 4983/4895/4248 5001/4912/4264
f 5002/4914/4265 4985/4896/4249 4984/4894/4247
f 5003/4915/4266 4986/4897/4250 4985/4896/4249
f 5005/4916/4267 4986/4897/4250 5004/4917/4268
f 5005/4916/4267 4988/4899/4252 4987/4898/4251
f 5007/4918/4269 4988/4899/4252 5006/4919/4270
f 5008/4920/4271 4989/4900/4253 5007/4918/4269
f 5009/4921/3956 4990/4901/4254 5008/4920/4271
f 5010/4922/4272 4991/4902/4255 5009/4921/3956
f 5011/4923/4273 4992/4903/4256 5010/4922/4272
f 5011/4923/4273 4994/4906/4259 4993/4904/4257
f 5013/4924/4274 4994/4906/4259 5012/4925/4275
f 5014/4926/4276 4995/4905/4258 5013/4924/4274
f 5015/4927/4277 4996/4907/4260 5014/4926/4276
f 5016/4928/4278 4997/4908/4261 5015/4927/4277
f 5017/4929/4279 4998/4909/4262 5016/4928/4278
f 5017/4929/4279 4982/4910/3946 4999/4911/4263
f 5018/4930/4280 5001/4912/4264 5000/4913/3964
f 5020/4931/4281 5001/4912/4264 5019/4932/4282
f 5021/4933/4283 5002/4914/4265 5020/4931/4281
f 5022/4934/4284 5003/4915/4266 5021/4933/4283
f 5023/4935/4285 5004/4917/4268 5022/4934/4284
f 5024/4936/4286 5005/4916/4267 5023/4935/4285
f 5024/4936/4286 5007/4918/4269 5006/4919/4270
f 5026/4937/4287 5007/4918/4269 5025/4938/4288
f 5027/4939/4289 5008/4920/4271 5026/4937/4287
f 5028/4940/4290 5009/4921/3956 5027/4939/4289
f 5029/4941/4291 5010/4922/4272 5028/4940/4290
f 5029/4941/4291 5012/4925/4275 5011/4923/4273
f 5030/4942/4292 5013/4924/4274 5012/4925/4275
f 5032/4943/4293 5013/4924/4274 5031/4944/4294
f 5032/4943/4293 5015/4927/4277 5014/4926/4276
f 5033/4945/4295 5016/4928/4278 5015/4927/4277
f 5035/4946/4296 5016/4928/4278 5034/4947/4297
f 5018/4948/4280 5017/4929/4279 5035/4946/4296
f 5037/4949/4298 5018/4930/4280 5036/4950/4000
f 5037/4949/4298 5020/4931/4281 5019/4932/4282
f 5038/4951/4299 5021/4933/4283 5020/4931/4281
f 5040/4952/4300 5021/4933/4283 5039/4953/4301
f 5040/4952/4300 5023/4935/4285 5022/4934/4284
f 5042/4954/4302 5023/4935/4285 5041/4955/4303
f 5042/4954/4302 5025/4938/4288 5024/4936/4286
f 5044/4956/4304 5025/4938/4288 5043/4957/4305
f 5045/4958/3992 5026/4937/4287 5044/4956/4304
f 5046/4959/4306 5027/4939/4289 5045/4958/3992
f 5047/4960/4307 5028/4940/4290 5046/4959/4306
f 5048/4961/4308 5029/4941/4291 5047/4960/4307
f 5049/4962/4309 5030/4942/4292 5048/4961/4308
f 5050/4963/4310 5031/4944/4294 5049/4962/4309
f 5051/4964/4311 5032/4943/4293 5050/4963/4310
f 5052/4965/4312 5033/4945/4295 5051/4964/4311
f 5053/4966/4313 5034/4947/4297 5052/4965/4312
f 5036/4967/4000 5035/4946/4296 5053/4966/4313
f 5055/4968/4314 5036/4950/4000 5054/4969/4018
f 5056/4970/4315 5037/4949/4298 5055/4968/4314
f 5057/4971/4316 5038/4951/4299 5056/4970/4315
f 5058/4972/4317 5039/4953/4301 5057/4971/4316
f 5059/4973/4318 5040/4952/4300 5058/4972/4317
f 5059/4973/4318 5042/4954/4302 5041/4955/4303
f 5061/4974/4319 5042/4954/4302 5060/4975/4320
f 5062/4976/4321 5043/4957/4305 5061/4974/4319
f 5063/4977/4010 5044/4956/4304 5062/4976/4321
f 5064/4978/4322 5045/4958/3992 5063/4977/4010
f 5064/4978/4322 5047/4960/4307 5046/4959/4306
f 5065/4979/4323 5048/4961/4308 5047/4960/4307
f 5067/4980/4324 5048/4961/4308 5066/4981/4325
f 5068/4982/4326 5049/4962/4309 5067/4980/4324
f 5069/4983/4327 5050/4963/4310 5068/4982/4326
f 5069/4983/4327 5052/4965/4312 5051/4964/4311
f 5071/4984/4328 5052/4965/4312 5070/4985/4329
f 5054/4986/4018 5053/4966/4313 5071/4984/4328
f 5073/4987/4330 5054/4969/4018 5072/4988/4036
f 5073/4987/4330 5056/4970/4315 5055/4968/4314
f 5075/4989/4331 5056/4970/4315 5074/4990/4332
f 5076/4991/4333 5057/4971/4316 5075/4989/4331
f 5076/4991/4333 5059/4973/4318 5058/4972/4317
f 5078/4992/4334 5059/4973/4318 5077/4993/4335
f 5078/4992/4334 5061/4974/4319 5060/4975/4320
f 5080/4994/4336 5061/4974/4319 5079/4995/4337
f 5081/4996/4338 5062/4976/4321 5080/4994/4336
f 5082/4997/4339 5063/4977/4010 5081/4996/4338
f 5082/4997/4339 5065/4979/4323 5064/4978/4322
f 5084/4998/4340 5065/4979/4323 5083/4999/4341
f 5085/5000/4342 5066/4981/4325 5084/4998/4340
f 5086/5001/4343 5067/4980/4324 5085/5000/4342
f 5086/5001/4343 5069/4983/4327 5068/4982/4326
f 5087/5002/4344 5070/4985/4329 5069/4983/4327
f 5089/5003/4345 5070/4985/4329 5088/5004/4346
f 5089/5003/4345 5054/4986/4018 5071/4984/4328
f 5090/5005/4055 5073/4987/4330 5072/4988/4036
f 5092/5006/4347 5073/4987/4330 5091/5007/4348
f 5093/5008/4349 5074/4990/4332 5092/5006/4347
f 5093/5008/4349 5076/4991/4333 5075/4989/4331
f 5095/5009/4350 5076/4991/4333 5094/5010/4351
f 5096/5011/4352 5077/4993/4335 5095/5009/4350
f 5097/5012/4353 5078/4992/4334 5096/5011/4352
f 5098/5013/4354 5079/4995/4337 5097/5012/4353
f 5098/5013/4354 5081/4996/4338 5080/4994/4336
f 5100/5014/4355 5081/4996/4338 5099/5015/4045
f 5100/5014/4355 5083/4999/4341 5082/4997/4339
f 5101/5016/4356 5084/4998/4340 5083/4999/4341
f 5102/5017/4357 5085/5000/4342 5084/4998/4340
f 5104/5018/4358 5085/5000/4342 5103/5019/4359
f 5105/5020/4360 5086/5001/4343 5104/5018/4358
f 5105/5020/4360 5088/5004/4346 5087/5002/4344
f 5107/5021/4361 5088/5004/4346 5106/5022/4362
f 5090/5023/4055 5089/5003/4345 5107/5021/4361
f 5108/5024/4071 5091/5007/4348 5090/5005/4055
f 5110/5025/4363 5091/5007/4348 5109/5026/4364
f 5111/5027/4365 5092/5006/4347 5110/5025/4363
f 5112/5028/4366 5093/5008/4349 5111/5027/4365
f 5113/5029/4367 5094/5010/4351 5112/5028/4366
f 5113/5029/4367 5096/5011/4352 5095/5009/4350
f 5115/5030/4368 5096/5011/4352 5114/5031/4369
f 5115/5030/4368 5098/5013/4354 5097/5012/4353
f 5117/5032/4063 5098/5013/4354 5116/5033/4370
f 5118/5034/4371 5099/5015/4045 5117/5032/4063
f 5119/5035/4372 5100/5014/4355 5118/5034/4371
f 5119/5035/4372 5102/5017/4357 5101/5016/4356
f 5121/5036/4373 5102/5017/4357 5120/5037/4374
f 5121/5036/4373 5104/5018/4358 5103/5019/4359
f 5122/5038/4375 5105/5020/4360 5104/5018/4358
f 5123/5039/4376 5106/5022/4362 5105/5020/4360
f 5125/5040/4377 5106/5022/4362 5124/5041/4378
f 5125/5040/4377 5090/5023/4055 5107/5021/4361
f 5127/5042/4379 5108/5024/4071 5126/5043/4089
f 5128/5044/4380 5109/5026/4364 5127/5042/4379
f 5129/5045/4381 5110/5025/4363 5128/5044/4380
f 5130/5046/4382 5111/5027/4365 5129/5045/4381
f 5131/5047/4383 5112/5028/4366 5130/5046/4382
f 5132/5048/4384 5113/5029/4367 5131/5047/4383
f 5132/5048/4384 5115/5030/4368 5114/5031/4369
f 5133/5049/4385 5116/5033/4370 5115/5030/4368
f 5135/5050/4082 5116/5033/4370 5134/5051/4386
f 5136/5052/4387 5117/5032/4063 5135/5050/4082
f 5137/5053/4388 5118/5034/4371 5136/5052/4387
f 5138/5054/4389 5119/5035/4372 5137/5053/4388
f 5139/5055/4390 5120/5037/4374 5138/5054/4389
f 5139/5055/4390 5122/5038/4375 5121/5036/4373
f 5141/5056/4391 5122/5038/4375 5140/5057/4392
f 5142/5058/4393 5123/5039/4376 5141/5056/4391
f 5143/5059/4394 5124/5041/4378 5142/5058/4393
f 5126/5060/4089 5125/5040/4377 5143/5059/4394
f 5145/5061/4395 5126/5043/4089 5144/5062/4108
f 5146/5063/4396 5127/5042/4379 5145/5061/4395
f 5146/5063/4396 5129/5045/4381 5128/5044/4380
f 5148/5064/4397 5129/5045/4381 5147/5065/4398
f 5149/5066/4399 5130/5046/4382 5148/5064/4397
f 5150/5067/4400 5131/5047/4383 5149/5066/4399
f 5151/5068/4401 5132/5048/4384 5150/5067/4400
f 5152/5069/4402 5133/5049/4385 5151/5068/4401
f 5153/5070/4100 5134/5051/4386 5152/5069/4402
f 5154/5071/4403 5135/5050/4082 5153/5070/4100
f 5155/5072/4404 5136/5052/4387 5154/5071/4403
f 5155/5072/4404 5138/5054/4389 5137/5053/4388
f 5156/5073/4405 5139/5055/4390 5138/5054/4389
f 5158/5074/4406 5139/5055/4390 5157/5075/4407
f 5158/5074/4406 5141/5056/4391 5140/5057/4392
f 5160/5076/4408 5141/5056/4391 5159/5077/4409
f 5161/5078/4410 5142/5058/4393 5160/5076/4408
f 5144/5079/4108 5143/5059/4394 5161/5078/4410
f 4514/5080/3794 5145/5061/4395 5144/5062/4108
f 4516/5081/3799 5145/5061/4395 4515/5082/3797
f 4517/5083/3798 5146/5063/4396 4516/5081/3799
f 4518/5084/3801 5147/5065/4398 4517/5083/3798
f 4519/5085/3805 5148/5064/4397 4518/5084/3801
f 4520/5086/3807 5149/5066/4399 4519/5085/3805
f 4521/5087/3809 5150/5067/4400 4520/5086/3807
f 4522/5088/3811 5151/5068/4401 4521/5087/3809
f 4523/5089/3813 5152/5069/4402 4522/5088/3811
f 4523/5089/3813 5154/5071/4403 5153/5070/4100
f 4525/5090/3817 5154/5071/4403 4524/5091/3815
f 4526/5092/3819 5155/5072/4404 4525/5090/3817
f 4527/5093/3821 5156/5073/4405 4526/5092/3819
f 4528/5094/3823 5157/5075/4407 4527/5093/3821
f 4529/5095/3825 5158/5074/4406 4528/5094/3823
f 4529/5095/3825 5160/5076/4408 5159/5077/4409
f 4531/5096/3826 5160/5076/4408 4530/5097/3827
f 4514/5098/3794 5161/5078/4410 4531/5096/3826
f 4533/4403/3793 4515/4407/3797 4514/4404/3794
f 4534/4406/3796 4516/4409/3799 4515/4407/3797
f 4534/4406/3796 4535/4410/3800 4517/4408/3798
f 4535/4410/3800 4536/4413/3803 4518/4411/3801
f 4537/4412/3802 4519/4415/3805 4518/4411/3801
f 4538/4414/3804 4520/4417/3807 4519/4415/3805
f 4539/4416/3806 4521/4419/3809 4520/4417/3807
f 4540/4418/3808 4522/4421/3811 4521/4419/3809
f 4541/4420/3810 4523/4423/3813 4522/4421/3811
f 4542/4422/3812 4524/4425/3815 4523/4423/3813
f 4543/4424/3814 4525/4427/3817 4524/4425/3815
f 4544/4426/3816 4526/4429/3819 4525/4427/3817
f 4545/4428/3818 4527/4431/3821 4526/4429/3819
f 4546/4430/3820 4528/4433/3823 4527/4431/3821
f 4547/4432/3822 4529/4435/3825 4528/4433/3823
f 4548/4434/3824 4530/4437/3827 4529/4435/3825
f 4548/4434/3824 4549/4439/3828 4531/4436/3826
f 4532/4438/3795 4514/5099/3794 4531/4436/3826
f 4551/4440/3829 4533/4403/3793 4532/4405/3795
f 4552/4442/3831 4534/4406/3796 4533/4403/3793
f 4552/4442/3831 4553/4444/3833 4535/4410/3800
f 4554/4443/3832 4536/4413/3803 4535/4410/3800
f 4554/4443/3832 4555/4445/3834 4537/4412/3802
f 4555/4445/3834 4556/4446/3835 4538/4414/3804
f 4556/4446/3835 4557/4448/3837 4539/4416/3806
f 4558/4447/3836 4540/4418/3808 4539/4416/3806
f 4558/4447/3836 4559/4450/3839 4541/4420/3810
f 4560/4449/3838 4542/4422/3812 4541/4420/3810
f 4561/4451/3840 4543/4424/3814 4542/4422/3812
f 4562/4452/3841 4544/4426/3816 4543/4424/3814
f 4563/4453/3842 4545/4428/3818 4544/4426/3816
f 4564/4454/3843 4546/4430/3820 4545/4428/3818
f 4565/4455/3844 4547/4432/3822 4546/4430/3820
f 4565/4455/3844 4566/4457/3846 4548/4434/3824
f 4567/4456/3845 4549/4439/3828 4548/4434/3824
f 4550/4458/3830 4532/4438/3795 4549/4439/3828
f 4569/4459/3847 4551/4440/3829 4550/4441/3830
f 4570/4461/3849 4552/4442/3831 4551/4440/3829
f 4571/4462/3850 4553/4444/3833 4552/4442/3831
f 4572/4463/3851 4554/4443/3832 4553/4444/3833
f 4573/4464/3852 4555/4445/3834 4554/4443/3832
f 4574/4465/3853 4556/4446/3835 4555/4445/3834
f 4575/4466/3854 4557/4448/3837 4556/4446/3835
f 4576/4467/3855 4558/4447/3836 4557/4448/3837
f 4577/4468/3856 4559/4450/3839 4558/4447/3836
f 4578/4469/3857 4560/4449/3838 4559/4450/3839
f 4578/4469/3857 4579/4470/3858 4561/4451/3840
f 4579/4470/3858 4580/4472/3860 4562/4452/3841
f 4581/4471/3859 4563/4453/3842 4562/4452/3841
f 4582/4473/3861 4564/4454/3843 4563/4453/3842
f 4583/4474/3862 4565/4455/3844 4564/4454/3843
f 4583/4474/3862 4584/4475/3863 4566/4457/3846
f 4584/4475/3863 4585/4477/3864 4567/4456/3845
f 4568/4476/3848 4550/4458/3830 4567/4456/3845
f 4586/4478/3865 4587/4479/3866 4569/4459/3847
f 4587/4479/3866 4588/4481/3868 4570/4461/3849
f 4589/4480/3867 4571/4462/3850 4570/4461/3849
f 4589/4480/3867 4590/4482/3869 4572/4463/3851
f 4590/4482/3869 4591/4483/3870 4573/4464/3852
f 4591/4483/3870 4592/4484/3871 4574/4465/3853
f 4592/4484/3871 4593/4486/3873 4575/4466/3854
f 4594/4485/3872 4576/4467/3855 4575/4466/3854
f 4595/4487/3874 4577/4468/3856 4576/4467/3855
f 4595/4487/3874 4596/4488/3875 4578/4469/3857
f 4596/4488/3875 4597/4490/3877 4579/4470/3858
f 4598/4489/3876 4580/4472/3860 4579/4470/3858
f 4598/4489/3876 4599/4492/3879 4581/4471/3859
f 4600/4491/3878 4582/4473/3861 4581/4471/3859
f 4601/4493/3880 4583/4474/3862 4582/4473/3861
f 4602/4494/3881 4584/4475/3863 4583/4474/3862
f 4603/4495/3882 4585/4477/3864 4584/4475/3863
f 4586/4496/3865 4568/4476/3848 4585/4477/3864
f 4605/4497/3883 4587/4479/3866 4586/4478/3865
f 4606/4499/3885 4588/4481/3868 4587/4479/3866
f 4606/4499/3885 4607/4501/3887 4589/4480/3867
f 4608/4500/3886 4590/4482/3869 4589/4480/3867
f 4609/4502/3888 4591/4483/3870 4590/4482/3869
f 4609/4502/3888 4610/4503/3889 4592/4484/3871
f 4610/4503/3889 4611/4505/3891 4593/4486/3873
f 4612/4504/3890 4594/4485/3872 4593/4486/3873
f 4613/4506/3892 4595/4487/3874 4594/4485/3872
f 4614/4507/3893 4596/4488/3875 4595/4487/3874
f 4615/4508/3894 4597/4490/3877 4596/4488/3875
f 4616/4509/3895 4598/4489/3876 4597/4490/3877
f 4617/4510/3896 4599/4492/3879 4598/4489/3876
f 4618/4511/3897 4600/4491/3878 4599/4492/3879
f 4618/4511/3897 4619/4513/3899 4601/4493/3880
f 4620/4512/3898 4602/4494/3881 4601/4493/3880
f 4621/4514/3900 4603/4495/3882 4602/4494/3881
f 4604/4515/3884 4586/4496/3865 4603/4495/3882
f 4622/4516/3901 4623/4518/3903 4605/4497/3883
f 4624/4517/3902 4606/4499/3885 4605/4497/3883
f 4625/4519/3904 4607/4501/3887 4606/4499/3885
f 4625/4519/3904 4626/4521/3906 4608/4500/3886
f 4627/4520/3905 4609/4502/3888 4608/4500/3886
f 4628/4522/3907 4610/4503/3889 4609/4502/3888
f 4629/4523/3908 4611/4505/3891 4610/4503/3889
f 4629/4523/3908 4630/4525/3910 4612/4504/3890
f 4631/4524/3909 4613/4506/3892 4612/4504/3890
f 4631/4524/3909 4632/4527/3912 4614/4507/3893
f 4633/4526/3911 4615/4508/3894 4614/4507/3893
f 4633/4526/3911 4634/4528/3913 4616/4509/3895
f 4634/4528/3913 4635/4529/3914 4617/4510/3896
f 4635/4529/3914 4636/4531/3916 4618/4511/3897
f 4637/4530/3915 4619/4513/3899 4618/4511/3897
f 4638/4532/3917 4620/4512/3898 4619/4513/3899
f 4638/4532/3917 4639/4534/3918 4621/4514/3900
f 4622/4533/3901 4604/4515/3884 4621/4514/3900
f 4641/4535/3919 4623/4518/3903 4622/4516/3901
f 4642/4537/3921 4624/4517/3902 4623/4518/3903
f 4642/4537/3921 4643/4539/3923 4625/4519/3904
f 4644/4538/3922 4626/4521/3906 4625/4519/3904
f 4645/4540/3924 4627/4520/3905 4626/4521/3906
f 4646/4541/3925 4628/4522/3907 4627/4520/3905
f 4647/4542/3926 4629/4523/3908 4628/4522/3907
f 4647/4542/3926 4648/4544/3928 4630/4525/3910
f 4649/4543/3927 4631/4524/3909 4630/4525/3910
f 4650/4545/3929 4632/4527/3912 4631/4524/3909
f 4651/4546/3930 4633/4526/3911 4632/4527/3912
f 4652/4547/3931 4634/4528/3913 4633/4526/3911
f 4652/4547/3931 4653/4548/3932 4635/4529/3914
f 4653/4548/3932 4654/4550/3934 4636/4531/3916
f 4655/4549/3933 4637/4530/3915 4636/4531/3916
f 4656/4551/3935 4638/4532/3917 4637/4530/3915
f 4657/4552/3936 4639/4534/3918 4638/4532/3917
f 4640/4553/3920 4622/4533/3901 4639/4534/3918
f 4658/4554/3937 4659/4556/3939 4641/4535/3919
f 4660/4555/3938 4642/4537/3921 4641/4535/3919
f 4661/4557/3940 4643/4539/3923 4642/4537/3921
f 4662/4558/3941 4644/4538/3922 4643/4539/3923
f 4663/4559/3942 4645/4540/3924 4644/4538/3922
f 4664/4560/3943 4646/4541/3925 4645/4540/3924
f 4665/4561/3944 4647/4542/3926 4646/4541/3925
f 4666/4562/3945 4648/4544/3928 4647/4542/3926
f 4667/4563/3946 4649/4543/3927 4648/4544/3928
f 4668/4564/3947 4650/4545/3929 4649/4543/3927
f 4669/4565/3948 4651/4546/3930 4650/4545/3929
f 4669/4565/3948 4670/4567/3950 4652/4547/3931
f 4671/4566/3949 4653/4548/3932 4652/4547/3931
f 4671/4566/3949 4672/4568/3951 4654/4550/3934
f 4672/4568/3951 4673/4569/3952 4655/4549/3933
f 4673/4569/3952 4674/4570/3953 4656/4551/3935
f 4674/4570/3953 4675/4572/3954 4657/4552/3936
f 4658/4571/3937 4640/4553/3920 4657/4552/3936
f 4677/4573/3955 4659/4556/3939 4658/4554/3937
f 4678/4575/3957 4660/4555/3938 4659/4556/3939
f 4678/4575/3957 4679/4576/3958 4661/4557/3940
f 4679/4576/3958 4680/4578/3960 4662/4558/3941
f 4681/4577/3959 4663/4559/3942 4662/4558/3941
f 4681/4577/3959 4682/4580/3962 4664/4560/3943
f 4683/4579/3961 4665/4561/3944 4664/4560/3943
f 4684/4581/3963 4666/4562/3945 4665/4561/3944
f 4685/4582/3964 4667/4563/3946 4666/4562/3945
f 4686/4583/3965 4668/4564/3947 4667/4563/3946
f 4687/4584/3966 4669/4565/3948 4668/4564/3947
f 4687/4584/3966 4688/4586/3968 4670/4567/3950
f 4689/4585/3967 4671/4566/3949 4670/4567/3950
f 4690/4587/3969 4672/4568/3951 4671/4566/3949
f 4691/4588/3970 4673/4569/3952 4672/4568/3951
f 4692/4589/3971 4674/4570/3953 4673/4569/3952
f 4693/4590/3972 4675/4572/3954 4674/4570/3953
f 4693/4590/3972 4676/5100/3956 4658/4571/3937
f 4694/4591/3973 4695/4593/3975 4677/4573/3955
f 4696/4592/3974 4678/4575/3957 4677/4573/3955
f 4697/4594/3976 4679/4576/3958 4678/4575/3957
f 4698/4595/3977 4680/4578/3960 4679/4576/3958
f 4699/4596/3978 4681/4577/3959 4680/4578/3960
f 4700/4597/3979 4682/4580/3962 4681/4577/3959
f 4700/4597/3979 4701/4599/3981 4683/4579/3961
f 4702/4598/3980 4684/4581/3963 4683/4579/3961
f 4703/4600/3982 4685/4582/3964 4684/4581/3963
f 4704/4601/3983 4686/4583/3965 4685/4582/3964
f 4705/4602/3984 4687/4584/3966 4686/4583/3965
f 4705/4602/3984 4706/4603/3985 4688/4586/3968
f 4706/4603/3985 4707/4605/3987 4689/4585/3967
f 4708/4604/3986 4690/4587/3969 4689/4585/3967
f 4708/4604/3986 4709/4606/3988 4691/4588/3970
f 4709/4606/3988 4710/4608/3990 4692/4589/3971
f 4711/4607/3989 4693/4590/3972 4692/4589/3971
f 4694/4609/3973 4676/5100/3956 4693/4590/3972
f 4713/4610/3991 4695/4593/3975 4694/4591/3973
f 4713/4610/3991 4714/4612/3993 4696/4592/3974
f 4714/4612/3993 4715/4614/3995 4697/4594/3976
f 4716/4613/3994 4698/4595/3977 4697/4594/3976
f 4716/4613/3994 4717/4616/3997 4699/4596/3978
f 4718/4615/3996 4700/4597/3979 4699/4596/3978
f 4718/4615/3996 4719/4618/3999 4701/4599/3981
f 4720/4617/3998 4702/4598/3980 4701/4599/3981
f 4721/4619/4000 4703/4600/3982 4702/4598/3980
f 4722/4620/4001 4704/4601/3983 4703/4600/3982
f 4723/4621/4002 4705/4602/3984 4704/4601/3983
f 4724/4622/4003 4706/4603/3985 4705/4602/3984
f 4725/4623/4004 4707/4605/3987 4706/4603/3985
f 4726/4624/4005 4708/4604/3986 4707/4605/3987
f 4727/4625/4006 4709/4606/3988 4708/4604/3986
f 4728/4626/4007 4710/4608/3990 4709/4606/3988
f 4729/4627/4008 4711/4607/3989 4710/4608/3990
f 4712/4628/3992 4694/4609/3973 4711/4607/3989
f 4731/4629/4009 4713/4610/3991 4712/4611/3992
f 4732/4631/4011 4714/4612/3993 4713/4610/3991
f 4733/4632/4012 4715/4614/3995 4714/4612/3993
f 4734/4633/4013 4716/4613/3994 4715/4614/3995
f 4735/4634/4014 4717/4616/3997 4716/4613/3994
f 4735/4634/4014 4736/4636/4016 4718/4615/3996
f 4737/4635/4015 4719/4618/3999 4718/4615/3996
f 4738/4637/4017 4720/4617/3998 4719/4618/3999
f 4739/4638/4018 4721/4619/4000 4720/4617/3998
f 4740/4639/4019 4722/4620/4001 4721/4619/4000
f 4740/4639/4019 4741/4640/4020 4723/4621/4002
f 4741/4640/4020 4742/4642/4022 4724/4622/4003
f 4743/4641/4021 4725/4623/4004 4724/4622/4003
f 4744/4643/4023 4726/4624/4005 4725/4623/4004
f 4745/4644/4024 4727/4625/4006 4726/4624/4005
f 4745/4644/4024 4746/4646/4026 4728/4626/4007
f 4747/4645/4025 4729/4627/4008 4728/4626/4007
f 4730/4647/4010 4712/4628/3992 4729/4627/4008
f 4749/4648/4027 4731/4629/4009 4730/4630/4010
f 4749/4648/4027 4750/4651/4030 4732/4631/4011
f 4751/4650/4029 4733/4632/4012 4732/4631/4011
f 4752/4652/4031 4734/4633/4013 4733/4632/4012
f 4752/4652/4031 4753/4654/4033 4735/4634/4014
f 4754/4653/4032 4736/4636/4016 4735/4634/4014
f 4754/4653/4032 4755/4656/4035 4737/4635/4015
f 4756/4655/4034 4738/4637/4017 4737/4635/4015
f 4757/4657/4036 4739/4638/4018 4738/4637/4017
f 4758/4658/4037 4740/4639/4019 4739/4638/4018
f 4758/4658/4037 4759/4660/4039 4741/4640/4020
f 4760/4659/4038 4742/4642/4022 4741/4640/4020
f 4761/4661/4040 4743/4641/4021 4742/4642/4022
f 4762/4662/4041 4744/4643/4023 4743/4641/4021
f 4762/4662/4041 4763/4663/4042 4745/4644/4024
f 4763/4663/4042 4764/4665/4044 4746/4646/4026
f 4765/4664/4043 4747/4645/4025 4746/4646/4026
f 4765/4664/4043 4748/5101/4028 4730/4647/4010
f 4766/4666/4045 4767/4668/4047 4749/4648/4027
f 4768/4667/4046 4750/4651/4030 4749/4648/4027
f 4769/4669/4048 4751/4650/4029 4750/4651/4030
f 4769/4669/4048 4770/4671/4050 4752/4652/4031
f 4771/4670/4049 4753/4654/4033 4752/4652/4031
f 4772/4672/4051 4754/4653/4032 4753/4654/4033
f 4773/4673/4052 4755/4656/4035 4754/4653/4032
f 4774/4674/4053 4756/4655/4034 4755/4656/4035
f 4774/4674/4053 4775/4676/4055 4757/4657/4036
f 4776/4675/4054 4758/4658/4037 4757/4657/4036
f 4776/4675/4054 4777/4677/4056 4759/4660/4039
f 4777/4677/4056 4778/4678/4057 4760/4659/4038
f 4778/4678/4057 4779/4680/4059 4761/4661/4040
f 4780/4679/4058 4762/4662/4041 4761/4661/4040
f 4781/4681/4060 4763/4663/4042 4762/4662/4041
f 4781/4681/4060 4782/4683/4062 4764/4665/4044
f 4783/4682/4061 4765/4664/4043 4764/4665/4044
f 4766/4684/4045 4748/5101/4028 4765/4664/4043
f 4784/4685/4063 4785/4687/4065 4767/4668/4047
f 4786/4686/4064 4768/4667/4046 4767/4668/4047
f 4787/4688/4066 4769/4669/4048 4768/4667/4046
f 4788/4689/4067 4770/4671/4050 4769/4669/4048
f 4789/4690/4068 4771/4670/4049 4770/4671/4050
f 4789/4690/4068 4790/4692/4070 4772/4672/4051
f 4791/4691/4069 4773/4673/4052 4772/4672/4051
f 4791/4691/4069 4792/4694/4072 4774/4674/4053
f 4793/4693/4071 4775/4676/4055 4774/4674/4053
f 4794/4695/4073 4776/4675/4054 4775/4676/4055
f 4795/4696/4074 4777/4677/4056 4776/4675/4054
f 4795/4696/4074 4796/4698/4076 4778/4678/4057
f 4797/4697/4075 4779/4680/4059 4778/4678/4057
f 4797/4697/4075 4798/4699/4077 4780/4679/4058
f 4798/4699/4077 4799/4700/4078 4781/4681/4060
f 4799/4700/4078 4800/4702/4080 4782/4683/4062
f 4801/4701/4079 4783/4682/4061 4782/4683/4062
f 4801/4701/4079 4784/5102/4063 4766/4684/4045
f 4803/4703/4081 4785/4687/4065 4784/4685/4063
f 4804/4705/4083 4786/4686/4064 4785/4687/4065
f 4805/4706/4084 4787/4688/4066 4786/4686/4064
f 4806/4707/4085 4788/4689/4067 4787/4688/4066
f 4807/4708/4086 4789/4690/4068 4788/4689/4067
f 4808/4709/4087 4790/4692/4070 4789/4690/4068
f 4808/4709/4087 4809/4710/4088 4791/4691/4069
f 4809/4710/4088 4810/4712/4090 4792/4694/4072
f 4811/4711/4089 4793/4693/4071 4792/4694/4072
f 4812/4713/4091 4794/4695/4073 4793/4693/4071
f 4813/4714/4092 4795/4696/4074 4794/4695/4073
f 4814/4715/4093 4796/4698/4076 4795/4696/4074
f 4815/4716/4094 4797/4697/4075 4796/4698/4076
f 4815/4716/4094 4816/4718/4096 4798/4699/4077
f 4817/4717/4095 4799/4700/4078 4798/4699/4077
f 4818/4719/4097 4800/4702/4080 4799/4700/4078
f 4819/4720/4098 4801/4701/4079 4800/4702/4080
f 4802/4721/4082 4784/5102/4063 4801/4701/4079
f 4821/4722/4099 4803/4703/4081 4802/4704/4082
f 4822/4724/4101 4804/4705/4083 4803/4703/4081
f 4822/4724/4101 4823/4726/4103 4805/4706/4084
f 4824/4725/4102 4806/4707/4085 4805/4706/4084
f 4825/4727/4104 4807/4708/4086 4806/4707/4085
f 4826/4728/4105 4808/4709/4087 4807/4708/4086
f 4827/4729/4106 4809/4710/4088 4808/4709/4087
f 4828/4730/4107 4810/4712/4090 4809/4710/4088
f 4829/4731/4108 4811/4711/4089 4810/4712/4090
f 4830/4732/4109 4812/4713/4091 4811/4711/4089
f 4831/4733/4110 4813/4714/4092 4812/4713/4091
f 4831/4733/4110 4832/4734/4111 4814/4715/4093
f 4832/4734/4111 4833/4736/4113 4815/4716/4094
f 4834/4735/4112 4816/4718/4096 4815/4716/4094
f 4834/4735/4112 4835/4738/4115 4817/4717/4095
f 4836/4737/4114 4818/4719/4097 4817/4717/4095
f 4837/4739/4116 4819/4720/4098 4818/4719/4097
f 4820/4740/4100 4802/4721/4082 4819/4720/4098
f 4838/4741/3813 4839/4743/4118 4821/4722/4099
f 4840/4742/4117 4822/4724/4101 4821/4722/4099
f 4841/4744/4119 4823/4726/4103 4822/4724/4101
f 4842/4745/4120 4824/4725/4102 4823/4726/4103
f 4843/4746/4121 4825/4727/4104 4824/4725/4102
f 4844/4747/4122 4826/4728/4105 4825/4727/4104
f 4845/4748/4123 4827/4729/4106 4826/4728/4105
f 4846/4749/4124 4828/4730/4107 4827/4729/4106
f 4847/4750/3794 4829/4731/4108 4828/4730/4107
f 4847/4750/3794 4848/4752/4126 4830/4732/4109
f 4849/4751/4125 4831/4733/4110 4830/4732/4109
f 4850/4753/4127 4832/4734/4111 4831/4733/4110
f 4851/4754/4128 4833/4736/4113 4832/4734/4111
f 4852/4755/4129 4834/4735/4112 4833/4736/4113
f 4853/4756/4130 4835/4738/4115 4834/4735/4112
f 4853/4756/4130 4854/4758/4132 4836/4737/4114
f 4855/4757/4131 4837/4739/4116 4836/4737/4114
f 4838/4759/3813 4820/4740/4100 4837/4739/4116
f 4857/4760/4133 4839/4743/4118 4838/4741/3813
f 4858/4762/4135 4840/4742/4117 4839/4743/4118
f 4858/4762/4135 4859/4763/4136 4841/4744/4119
f 4859/4763/4136 4860/4765/4138 4842/4745/4120
f 4861/4764/4137 4843/4746/4121 4842/4745/4120
f 4862/4766/4139 4844/4747/4122 4843/4746/4121
f 4863/4767/4140 4845/4748/4123 4844/4747/4122
f 4864/4768/4141 4846/4749/4124 4845/4748/4123
f 4865/4769/4142 4847/4750/3794 4846/4749/4124
f 4866/4770/4143 4848/4752/4126 4847/4750/3794
f 4867/4771/4144 4849/4751/4125 4848/4752/4126
f 4868/4772/4145 4850/4753/4127 4849/4751/4125
f 4869/4773/4146 4851/4754/4128 4850/4753/4127
f 4870/4774/4147 4852/4755/4129 4851/4754/4128
f 4871/4775/4148 4853/4756/4130 4852/4755/4129
f 4872/4776/4149 4854/4758/4132 4853/4756/4130
f 4872/4776/4149 4873/4778/4150 4855/4757/4131
f 4856/4777/4134 4838/4759/3813 4855/4757/4131
f 4875/4779/4151 4857/4760/4133 4856/4761/4134
f 4876/4781/4152 4858/4762/4135 4857/4760/4133
f 4876/4781/4152 4877/4783/4154 4859/4763/4136
f 4878/4782/4153 4860/4765/4138 4859/4763/4136
f 4878/4782/4153 4879/4784/4155 4861/4764/4137
f 4879/4784/4155 4880/4785/4156 4862/4766/4139
f 4880/4785/4156 4881/4787/4158 4863/4767/4140
f 4882/4786/4157 4864/4768/4141 4863/4767/4140
f 4882/4786/4157 4883/4789/3830 4865/4769/4142
f 4884/4788/4159 4866/4770/4143 4865/4769/4142
f 4885/4790/4160 4867/4771/4144 4866/4770/4143
f 4886/4791/4161 4868/4772/4145 4867/4771/4144
f 4887/4792/4162 4869/4773/4146 4868/4772/4145
f 4888/4793/4163 4870/4774/4147 4869/4773/4146
f 4889/4794/4164 4871/4775/4148 4870/4774/4147
f 4889/4794/4164 4890/4796/4166 4872/4776/4149
f 4891/4795/4165 4873/4778/4150 4872/4776/4149
f 4874/4797/3839 4856/4777/4134 4873/4778/4150
f 4893/4798/4167 4875/4779/4151 4874/4780/3839
f 4894/4800/4168 4876/4781/4152 4875/4779/4151
f 4895/4801/4169 4877/4783/4154 4876/4781/4152
f 4896/4802/4170 4878/4782/4153 4877/4783/4154
f 4897/4803/4171 4879/4784/4155 4878/4782/4153
f 4898/4804/4172 4880/4785/4156 4879/4784/4155
f 4899/4805/4173 4881/4787/4158 4880/4785/4156
f 4900/4806/4174 4882/4786/4157 4881/4787/4158
f 4901/4807/3848 4883/4789/3830 4882/4786/4157
f 4902/4808/4175 4884/4788/4159 4883/4789/3830
f 4902/4808/4175 4903/4809/4176 4885/4790/4160
f 4903/4809/4176 4904/4811/4178 4886/4791/4161
f 4905/4810/4177 4887/4792/4162 4886/4791/4161
f 4906/4812/4179 4888/4793/4163 4887/4792/4162
f 4907/4813/4180 4889/4794/4164 4888/4793/4163
f 4907/4813/4180 4908/4814/4181 4890/4796/4166
f 4908/4814/4181 4909/4816/4182 4891/4795/4165
f 4892/4815/3856 4874/4797/3839 4891/4795/4165
f 4910/4817/3874 4911/4818/4183 4893/4798/4167
f 4911/4818/4183 4912/4820/4185 4894/4800/4168
f 4913/4819/4184 4895/4801/4169 4894/4800/4168
f 4913/4819/4184 4914/4821/4186 4896/4802/4170
f 4914/4821/4186 4915/4822/4187 4897/4803/4171
f 4915/4822/4187 4916/4823/4188 4898/4804/4172
f 4916/4823/4188 4917/4825/4190 4899/4805/4173
f 4918/4824/4189 4900/4806/4174 4899/4805/4173
f 4919/4826/3865 4901/4807/3848 4900/4806/4174
f 4919/4826/3865 4920/4827/4191 4902/4808/4175
f 4920/4827/4191 4921/4829/4193 4903/4809/4176
f 4922/4828/4192 4904/4811/4178 4903/4809/4176
f 4922/4828/4192 4923/4831/4195 4905/4810/4177
f 4924/4830/4194 4906/4812/4179 4905/4810/4177
f 4925/4832/4196 4907/4813/4180 4906/4812/4179
f 4926/4833/4197 4908/4814/4181 4907/4813/4180
f 4927/4834/4198 4909/4816/4182 4908/4814/4181
f 4910/4835/3874 4892/4815/3856 4909/4816/4182
f 4929/4836/4199 4911/4818/4183 4910/4817/3874
f 4930/4838/4200 4912/4820/4185 4911/4818/4183
f 4930/4838/4200 4931/4840/4202 4913/4819/4184
f 4932/4839/4201 4914/4821/4186 4913/4819/4184
f 4933/4841/4203 4915/4822/4187 4914/4821/4186
f 4933/4841/4203 4934/4842/4204 4916/4823/4188
f 4934/4842/4204 4935/4844/4206 4917/4825/4190
f 4936/4843/4205 4918/4824/4189 4917/4825/4190
f 4937/4845/3884 4919/4826/3865 4918/4824/4189
f 4938/4846/4207 4920/4827/4191 4919/4826/3865
f 4939/4847/4208 4921/4829/4193 4920/4827/4191
f 4940/4848/4209 4922/4828/4192 4921/4829/4193
f 4941/4849/4210 4923/4831/4195 4922/4828/4192
f 4942/4850/4211 4924/4830/4194 4923/4831/4195
f 4942/4850/4211 4943/4852/4213 4925/4832/4196
f 4944/4851/4212 4926/4833/4197 4925/4832/4196
f 4945/4853/4214 4927/4834/4198 4926/4833/4197
f 4928/4854/3892 4910/4835/3874 4927/4834/4198
f 4946/4855/3909 4947/4857/4216 4929/4836/4199
f 4948/4856/4215 4930/4838/4200 4929/4836/4199
f 4949/4858/4217 4931/4840/4202 4930/4838/4200
f 4949/4858/4217 4950/4860/4219 4932/4839/4201
f 4951/4859/4218 4933/4841/4203 4932/4839/4201
f 4952/4861/4220 4934/4842/4204 4933/4841/4203
f 4953/4862/4221 4935/4844/4206 4934/4842/4204
f 4953/4862/4221 4954/4864/4222 4936/4843/4205
f 4955/4863/3901 4937/4845/3884 4936/4843/4205
f 4955/4863/3901 4956/4866/4224 4938/4846/4207
f 4957/4865/4223 4939/4847/4208 4938/4846/4207
f 4957/4865/4223 4958/4867/4225 4940/4848/4209
f 4958/4867/4225 4959/4868/4226 4941/4849/4210
f 4959/4868/4226 4960/4870/4228 4942/4850/4211
f 4961/4869/4227 4943/4852/4213 4942/4850/4211
f 4962/4871/4229 4944/4851/4212 4943/4852/4213
f 4962/4871/4229 4963/4873/4230 4945/4853/4214
f 4946/4872/3909 4928/4854/3892 4945/4853/4214
f 4965/4874/4231 4947/4857/4216 4946/4855/3909
f 4966/4876/4232 4948/4856/4215 4947/4857/4216
f 4966/4876/4232 4967/4878/4234 4949/4858/4217
f 4968/4877/4233 4950/4860/4219 4949/4858/4217
f 4969/4879/4235 4951/4859/4218 4950/4860/4219
f 4970/4880/4236 4952/4861/4220 4951/4859/4218
f 4971/4881/4237 4953/4862/4221 4952/4861/4220
f 4971/4881/4237 4972/4883/4238 4954/4864/4222
f 4973/4882/3920 4955/4863/3901 4954/4864/4222
f 4974/4884/4239 4956/4866/4224 4955/4863/3901
f 4975/4885/4240 4957/4865/4223 4956/4866/4224
f 4976/4886/4241 4958/4867/4225 4957/4865/4223
f 4976/4886/4241 4977/4887/4242 4959/4868/4226
f 4977/4887/4242 4978/4889/4244 4960/4870/4228
f 4979/4888/4243 4961/4869/4227 4960/4870/4228
f 4980/4890/4245 4962/4871/4229 4961/4869/4227
f 4981/4891/4246 4963/4873/4230 4962/4871/4229
f 4964/4892/3927 4946/4872/3909 4963/4873/4230
f 4982/4893/3946 4983/4895/4248 4965/4874/4231
f 4984/4894/4247 4966/4876/4232 4965/4874/4231
f 4985/4896/4249 4967/4878/4234 4966/4876/4232
f 4986/4897/4250 4968/4877/4233 4967/4878/4234
f 4987/4898/4251 4969/4879/4235 4968/4877/4233
f 4988/4899/4252 4970/4880/4236 4969/4879/4235
f 4989/4900/4253 4971/4881/4237 4970/4880/4236
f 4990/4901/4254 4972/4883/4238 4971/4881/4237
f 4991/4902/4255 4973/4882/3920 4972/4883/4238
f 4992/4903/4256 4974/4884/4239 4973/4882/3920
f 4993/4904/4257 4975/4885/4240 4974/4884/4239
f 4993/4904/4257 4994/4906/4259 4976/4886/4241
f 4995/4905/4258 4977/4887/4242 4976/4886/4241
f 4995/4905/4258 4996/4907/4260 4978/4889/4244
f 4996/4907/4260 4997/4908/4261 4979/4888/4243
f 4997/4908/4261 4998/4909/4262 4980/4890/4245
f 4998/4909/4262 4999/4911/4263 4981/4891/4246
f 4982/4910/3946 4964/4892/3927 4981/4891/4246
f 5001/4912/4264 4983/4895/4248 4982/4893/3946
f 5002/4914/4265 4984/4894/4247 4983/4895/4248
f 5002/4914/4265 5003/4915/4266 4985/4896/4249
f 5003/4915/4266 5004/4917/4268 4986/4897/4250
f 5005/4916/4267 4987/4898/4251 4986/4897/4250
f 5005/4916/4267 5006/4919/4270 4988/4899/4252
f 5007/4918/4269 4989/4900/4253 4988/4899/4252
f 5008/4920/4271 4990/4901/4254 4989/4900/4253
f 5009/4921/3956 4991/4902/4255 4990/4901/4254
f 5010/4922/4272 4992/4903/4256 4991/4902/4255
f 5011/4923/4273 4993/4904/4257 4992/4903/4256
f 5011/4923/4273 5012/4925/4275 4994/4906/4259
f 5013/4924/4274 4995/4905/4258 4994/4906/4259
f 5014/4926/4276 4996/4907/4260 4995/4905/4258
f 5015/4927/4277 4997/4908/4261 4996/4907/4260
f 5016/4928/4278 4998/4909/4262 4997/4908/4261
f 5017/4929/4279 4999/4911/4263 4998/4909/4262
f 5017/4929/4279 5000/5103/3964 4982/4910/3946
f 5018/4930/4280 5019/4932/4282 5001/4912/4264
f 5020/4931/4281 5002/4914/4265 5001/4912/4264
f 5021/4933/4283 5003/4915/4266 5002/4914/4265
f 5022/4934/4284 5004/4917/4268 5003/4915/4266
f 5023/4935/4285 5005/4916/4267 5004/4917/4268
f 5024/4936/4286 5006/4919/4270 5005/4916/4267
f 5024/4936/4286 5025/4938/4288 5007/4918/4269
f 5026/4937/4287 5008/4920/4271 5007/4918/4269
f 5027/4939/4289 5009/4921/3956 5008/4920/4271
f 5028/4940/4290 5010/4922/4272 5009/4921/3956
f 5029/4941/4291 5011/4923/4273 5010/4922/4272
f 5029/4941/4291 5030/4942/4292 5012/4925/4275
f 5030/4942/4292 5031/4944/4294 5013/4924/4274
f 5032/4943/4293 5014/4926/4276 5013/4924/4274
f 5032/4943/4293 5033/4945/4295 5015/4927/4277
f 5033/4945/4295 5034/4947/4297 5016/4928/4278
f 5035/4946/4296 5017/4929/4279 5016/4928/4278
f 5018/4948/4280 5000/5103/3964 5017/4929/4279
f 5037/4949/4298 5019/4932/4282 5018/4930/4280
f 5037/4949/4298 5038/4951/4299 5020/4931/4281
f 5038/4951/4299 5039/4953/4301 5021/4933/4283
f 5040/4952/4300 5022/4934/4284 5021/4933/4283
f 5040/4952/4300 5041/4955/4303 5023/4935/4285
f 5042/4954/4302 5024/4936/4286 5023/4935/4285
f 5042/4954/4302 5043/4957/4305 5025/4938/4288
f 5044/4956/4304 5026/4937/4287 5025/4938/4288
f 5045/4958/3992 5027/4939/4289 5026/4937/4287
f 5046/4959/4306 5028/4940/4290 5027/4939/4289
f 5047/4960/4307 5029/4941/4291 5028/4940/4290
f 5048/4961/4308 5030/4942/4292 5029/4941/4291
f 5049/4962/4309 5031/4944/4294 5030/4942/4292
f 5050/4963/4310 5032/4943/4293 5031/4944/4294
f 5051/4964/4311 5033/4945/4295 5032/4943/4293
f 5052/4965/4312 5034/4947/4297 5033/4945/4295
f 5053/4966/4313 5035/4946/4296 5034/4947/4297
f 5036/4967/4000 5018/4948/4280 5035/4946/4296
f 5055/4968/4314 5037/4949/4298 5036/4950/4000
f 5056/4970/4315 5038/4951/4299 5037/4949/4298
f 5057/4971/4316 5039/4953/4301 5038/4951/4299
f 5058/4972/4317 5040/4952/4300 5039/4953/4301
f 5059/4973/4318 5041/4955/4303 5040/4952/4300
f 5059/4973/4318 5060/4975/4320 5042/4954/4302
f 5061/4974/4319 5043/4957/4305 5042/4954/4302
f 5062/4976/4321 5044/4956/4304 5043/4957/4305
f 5063/4977/4010 5045/4958/3992 5044/4956/4304
f 5064/4978/4322 5046/4959/4306 5045/4958/3992
f 5064/4978/4322 5065/4979/4323 5047/4960/4307
f 5065/4979/4323 5066/4981/4325 5048/4961/4308
f 5067/4980/4324 5049/4962/4309 5048/4961/4308
f 5068/4982/4326 5050/4963/4310 5049/4962/4309
f 5069/4983/4327 5051/4964/4311 5050/4963/4310
f 5069/4983/4327 5070/4985/4329 5052/4965/4312
f 5071/4984/4328 5053/4966/4313 5052/4965/4312
f 5054/4986/4018 5036/4967/4000 5053/4966/4313
f 5073/4987/4330 5055/4968/4314 5054/4969/4018
f 5073/4987/4330 5074/4990/4332 5056/4970/4315
f 5075/4989/4331 5057/4971/4316 5056/4970/4315
f 5076/4991/4333 5058/4972/4317 5057/4971/4316
f 5076/4991/4333 5077/4993/4335 5059/4973/4318
f 5078/4992/4334 5060/4975/4320 5059/4973/4318
f 5078/4992/4334 5079/4995/4337 5061/4974/4319
f 5080/4994/4336 5062/4976/4321 5061/4974/4319
f 5081/4996/4338 5063/4977/4010 5062/4976/4321
f 5082/4997/4339 5064/4978/4322 5063/4977/4010
f 5082/4997/4339 5083/4999/4341 5065/4979/4323
f 5084/4998/4340 5066/4981/4325 5065/4979/4323
f 5085/5000/4342 5067/4980/4324 5066/4981/4325
f 5086/5001/4343 5068/4982/4326 5067/4980/4324
f 5086/5001/4343 5087/5002/4344 5069/4983/4327
f 5087/5002/4344 5088/5004/4346 5070/4985/4329
f 5089/5003/4345 5071/4984/4328 5070/4985/4329
f 5089/5003/4345 5072/5104/4036 5054/4986/4018
f 5090/5005/4055 5091/5007/4348 5073/4987/4330
f 5092/5006/4347 5074/4990/4332 5073/4987/4330
f 5093/5008/4349 5075/4989/4331 5074/4990/4332
f 5093/5008/4349 5094/5010/4351 5076/4991/4333
f 5095/5009/4350 5077/4993/4335 5076/4991/4333
f 5096/5011/4352 5078/4992/4334 5077/4993/4335
f 5097/5012/4353 5079/4995/4337 5078/4992/4334
f 5098/5013/4354 5080/4994/4336 5079/4995/4337
f 5098/5013/4354 5099/5015/4045 5081/4996/4338
f 5100/5014/4355 5082/4997/4339 5081/4996/4338
f 5100/5014/4355 5101/5016/4356 5083/4999/4341
f 5101/5016/4356 5102/5017/4357 5084/4998/4340
f 5102/5017/4357 5103/5019/4359 5085/5000/4342
f 5104/5018/4358 5086/5001/4343 5085/5000/4342
f 5105/5020/4360 5087/5002/4344 5086/5001/4343
f 5105/5020/4360 5106/5022/4362 5088/5004/4346
f 5107/5021/4361 5089/5003/4345 5088/5004/4346
f 5090/5023/4055 5072/5104/4036 5089/5003/4345
f 5108/5024/4071 5109/5026/4364 5091/5007/4348
f 5110/5025/4363 5092/5006/4347 5091/5007/4348
f 5111/5027/4365 5093/5008/4349 5092/5006/4347
f 5112/5028/4366 5094/5010/4351 5093/5008/4349
f 5113/5029/4367 5095/5009/4350 5094/5010/4351
f 5113/5029/4367 5114/5031/4369 5096/5011/4352
f 5115/5030/4368 5097/5012/4353 5096/5011/4352
f 5115/5030/4368 5116/5033/4370 5098/5013/4354
f 5117/5032/4063 5099/5015/4045 5098/5013/4354
f 5118/5034/4371 5100/5014/4355 5099/5015/4045
f 5119/5035/4372 5101/5016/4356 5100/5014/4355
f 5119/5035/4372 5120/5037/4374 5102/5017/4357
f 5121/5036/4373 5103/5019/4359 5102/5017/4357
f 5121/5036/4373 5122/5038/4375 5104/5018/4358
f 5122/5038/4375 5123/5039/4376 5105/5020/4360
f 5123/5039/4376 5124/5041/4378 5106/5022/4362
f 5125/5040/4377 5107/5021/4361 5106/5022/4362
f 5125/5040/4377 5108/5105/4071 5090/5023/4055
f 5127/5042/4379 5109/5026/4364 5108/5024/4071
f 5128/5044/4380 5110/5025/4363 5109/5026/4364
f 5129/5045/4381 5111/5027/4365 5110/5025/4363
f 5130/5046/4382 5112/5028/4366 5111/5027/4365
f 5131/5047/4383 5113/5029/4367 5112/5028/4366
f 5132/5048/4384 5114/5031/4369 5113/5029/4367
f 5132/5048/4384 5133/5049/4385 5115/5030/4368
f 5133/5049/4385 5134/5051/4386 5116/5033/4370
f 5135/5050/4082 5117/5032/4063 5116/5033/4370
f 5136/5052/4387 5118/5034/4371 5117/5032/4063
f 5137/5053/4388 5119/5035/4372 5118/5034/4371
f 5138/5054/4389 5120/5037/4374 5119/5035/4372
f 5139/5055/4390 5121/5036/4373 5120/5037/4374
f 5139/5055/4390 5140/5057/4392 5122/5038/4375
f 5141/5056/4391 5123/5039/4376 5122/5038/4375
f 5142/5058/4393 5124/5041/4378 5123/5039/4376
f 5143/5059/4394 5125/5040/4377 5124/5041/4378
f 5126/5060/4089 5108/5105/4071 5125/5040/4377
f 5145/5061/4395 5127/5042/4379 5126/5043/4089
f 5146/5063/4396 5128/5044/4380 5127/5042/4379
f 5146/5063/4396 5147/5065/4398 5129/5045/4381
f 5148/5064/4397 5130/5046/4382 5129/5045/4381
f 5149/5066/4399 5131/5047/4383 5130/5046/4382
f 5150/5067/4400 5132/5048/4384 5131/5047/4383
f 5151/5068/4401 5133/5049/4385 5132/5048/4384
f 5152/5069/4402 5134/5051/4386 5133/5049/4385
f 5153/5070/4100 5135/5050/4082 5134/5051/4386
f 5154/5071/4403 5136/5052/4387 5135/5050/4082
f 5155/5072/4404 5137/5053/4388 5136/5052/4387
f 5155/5072/4404 5156/5073/4405 5138/5054/4389
f 5156/5073/4405 5157/5075/4407 5139/5055/4390
f 5158/5074/4406 5140/5057/4392 5139/5055/4390
f 5158/5074/4406 5159/5077/4409 5141/5056/4391
f 5160/5076/4408 5142/5058/4393 5141/5056/4391
f 5161/5078/4410 5143/5059/4394 5142/5058/4393
f 5144/5079/4108 5126/5060/4089 5143/5059/4394
f 4514/5080/3794 4515/5082/3797 5145/5061/4395
f 4516/5081/3799 5146/5063/4396 5145/5061/4395
f 4517/5083/3798 5147/5065/4398 5146/5063/4396
f 4518/5084/3801 5148/5064/4397 5147/5065/4398
f 4519/5085/3805 5149/5066/4399 5148/5064/4397
f 4520/5086/3807 5150/5067/4400 5149/5066/4399
f 4521/5087/3809 5151/5068/4401 5150/5067/4400
f 4522/5088/3811 5152/5069/4402 5151/5068/4401
f 4523/5089/3813 5153/5070/4100 5152/5069/4402
f 4523/5089/3813 4524/5091/3815 5154/5071/4403
f 4525/5090/3817 5155/5072/4404 5154/5071/4403
f 4526/5092/3819 5156/5073/4405 5155/5072/4404
f 4527/5093/3821 5157/5075/4407 5156/5073/4405
f 4528/5094/3823 5158/5074/4406 5157/5075/4407
f 4529/5095/3825 5159/5077/4409 5158/5074/4406
f 4529/5095/3825 4530/5097/3827 5160/5076/4408
f 4531/5096/3826 5161/5078/4410 5160/5076/4408
f 4514/5098/3794 5144/5079/4108 5161/5078/4410
o Torus_1
v 0.263091 3.474840 0.010404
v 0.260679 3.488520 0.010404
v 0.253733 3.500551 0.010404
v 0.243091 3.509481 0.010404
v 0.230037 3.514232 0.010404
v 0.216146 3.514232 0.010404
v 0.203091 3.509481 0.010404
v 0.192450 3.500551 0.010404
v 0.185504 3.488520 0.010404
v 0.183091 3.474840 0.010404
v 0.185504 3.461159 0.010404
v 0.192450 3.449128 0.010404
v 0.203091 3.440199 0.010404
v 0.216146 3.435447 0.010404
v 0.230037 3.435447 0.010404
v 0.243091 3.440199 0.010404
v 0.253733 3.449128 0.010404
v 0.260679 3.461159 0.010404
v 0.259142 3.474840 -0.034745
v 0.256766 3.488520 -0.034326
v 0.249925 3.500551 -0.033120
v 0.239445 3.509481 -0.031272
v 0.226590 3.514232 -0.029005
v 0.212909 3.514232 -0.026593
v 0.200053 3.509481 -0.024326
v 0.189573 3.500551 -0.022478
v 0.182733 3.488520 -0.021272
v 0.180357 3.474840 -0.020853
v 0.182733 3.461159 -0.021272
v 0.189573 3.449128 -0.022478
v 0.200053 3.440199 -0.024326
v 0.212909 3.435447 -0.026592
v 0.226590 3.435447 -0.029005
v 0.239445 3.440199 -0.031272
v 0.249925 3.449128 -0.033120
v 0.256766 3.461159 -0.034326
v 0.247412 3.474840 -0.078521
v 0.245145 3.488520 -0.077696
v 0.238618 3.500551 -0.075321
v 0.228618 3.509481 -0.071681
v 0.216351 3.514232 -0.067216
v 0.203297 3.514232 -0.062465
v 0.191030 3.509481 -0.058000
v 0.181030 3.500551 -0.054360
v 0.174503 3.488520 -0.051985
v 0.172236 3.474840 -0.051160
v 0.174503 3.461159 -0.051985
v 0.181030 3.449128 -0.054360
v 0.191030 3.440199 -0.058000
v 0.203297 3.435447 -0.062465
v 0.216351 3.435447 -0.067216
v 0.228618 3.440199 -0.071681
v 0.238618 3.449128 -0.075321
v 0.245145 3.461159 -0.077696
v 0.228258 3.474840 -0.119596
v 0.226169 3.488520 -0.118390
v 0.220154 3.500551 -0.114917
v 0.210938 3.509481 -0.109596
v 0.199632 3.514232 -0.103069
v 0.187602 3.514232 -0.096123
v 0.176297 3.509481 -0.089596
v 0.167081 3.500551 -0.084275
v 0.161065 3.488520 -0.080802
v 0.158976 3.474840 -0.079596
v 0.161065 3.461159 -0.080802
v 0.167081 3.449128 -0.084275
v 0.176297 3.440199 -0.089596
v 0.187602 3.435447 -0.096123
v 0.199632 3.435447 -0.103069
v 0.210938 3.440199 -0.109596
v 0.220154 3.449128 -0.114917
v 0.226169 3.461159 -0.118390
v 0.202263 3.474840 -0.156721
v 0.200415 3.488520 -0.155170
v 0.195094 3.500551 -0.150705
v 0.186942 3.509481 -0.143865
v 0.176942 3.514232 -0.135474
v 0.166300 3.514232 -0.126545
v 0.156300 3.509481 -0.118154
v 0.148148 3.500551 -0.111313
v 0.142827 3.488520 -0.106848
v 0.140979 3.474840 -0.105298
v 0.142827 3.461159 -0.106848
v 0.148148 3.449128 -0.111313
v 0.156300 3.440199 -0.118154
v 0.166300 3.435447 -0.126545
v 0.176942 3.435447 -0.135474
v 0.186942 3.440199 -0.143865
v 0.195094 3.449128 -0.150705
v 0.200415 3.461159 -0.155170
v 0.170216 3.474840 -0.188768
v 0.168666 3.488520 -0.186920
v 0.164201 3.500551 -0.181599
v 0.157361 3.509481 -0.173447
v 0.148970 3.514232 -0.163447
v 0.140040 3.514232 -0.152805
v 0.131649 3.509481 -0.142805
v 0.124809 3.500551 -0.134653
v 0.120344 3.488520 -0.129332
v 0.118793 3.474840 -0.127484
v 0.120344 3.461159 -0.129332
v 0.124809 3.449128 -0.134653
v 0.131649 3.440199 -0.142805
v 0.140040 3.435447 -0.152805
v 0.148970 3.435447 -0.163447
v 0.157361 3.440199 -0.173447
v 0.164201 3.449128 -0.181599
v 0.168666 3.461159 -0.186920
v 0.133091 3.474840 -0.214763
v 0.131885 3.488520 -0.212674
v 0.128412 3.500551 -0.206658
v 0.123091 3.509481 -0.197442
v 0.116564 3.514232 -0.186137
v 0.109619 3.514232 -0.174106
v 0.103091 3.509481 -0.162801
v 0.097771 3.500551 -0.153585
v 0.094298 3.488520 -0.147570
v 0.093091 3.474840 -0.145481
v 0.094298 3.461159 -0.147570
v 0.097771 3.449128 -0.153585
v 0.103091 3.440199 -0.162801
v 0.109619 3.435447 -0.174106
v 0.116564 3.435447 -0.186137
v 0.123091 3.440199 -0.197442
v 0.128412 3.449128 -0.206658
v 0.131885 3.461159 -0.212674
v 0.092017 3.474840 -0.233916
v 0.091192 3.488520 -0.231649
v 0.088816 3.500551 -0.225122
v 0.085176 3.509481 -0.215122
v 0.080712 3.514232 -0.202855
v 0.075960 3.514232 -0.189801
v 0.071496 3.509481 -0.177535
v 0.067856 3.500551 -0.167535
v 0.065480 3.488520 -0.161008
v 0.064655 3.474840 -0.158741
v 0.065480 3.461159 -0.161008
v 0.067856 3.449128 -0.167535
v 0.071496 3.440199 -0.177535
v 0.075960 3.435447 -0.189801
v 0.080712 3.435447 -0.202855
v 0.085176 3.440199 -0.215122
v 0.088816 3.449128 -0.225122
v 0.091192 3.461159 -0.231649
v 0.048240 3.474840 -0.245646
v 0.047821 3.488520 -0.243270
v 0.046615 3.500551 -0.236430
v 0.044767 3.509481 -0.225950
v 0.042500 3.514232 -0.213094
v 0.040088 3.514232 -0.199413
v 0.037821 3.509481 -0.186558
v 0.035973 3.500551 -0.176077
v 0.034767 3.488520 -0.169237
v 0.034348 3.474840 -0.166861
v 0.034767 3.461159 -0.169237
v 0.035973 3.449128 -0.176077
v 0.037821 3.440199 -0.186558
v 0.040088 3.435447 -0.199413
v 0.042500 3.435447 -0.213094
v 0.044767 3.440199 -0.225950
v 0.046615 3.449128 -0.236430
v 0.047821 3.461159 -0.243270
v 0.003091 3.474840 -0.249596
v 0.003091 3.488520 -0.247184
v 0.003091 3.500551 -0.240238
v 0.003091 3.509481 -0.229596
v 0.003091 3.514232 -0.216542
v 0.003091 3.514232 -0.202650
v 0.003091 3.509481 -0.189596
v 0.003091 3.500551 -0.178954
v 0.003091 3.488520 -0.172008
v 0.003091 3.474840 -0.169596
v 0.003091 3.461159 -0.172008
v 0.003091 3.449128 -0.178954
v 0.003091 3.440199 -0.189596
v 0.003091 3.435447 -0.202650
v 0.003091 3.435447 -0.216542
v 0.003091 3.440199 -0.229596
v 0.003091 3.449128 -0.240238
v 0.003091 3.461159 -0.247184
v -0.042057 3.474840 -0.245646
v -0.041638 3.488520 -0.243270
v -0.040432 3.500551 -0.236430
v -0.038584 3.509481 -0.225950
v -0.036317 3.514232 -0.213094
v -0.033905 3.514232 -0.199413
v -0.031638 3.509481 -0.186558
v -0.029790 3.500551 -0.176077
v -0.028584 3.488520 -0.169237
v -0.028165 3.474840 -0.166861
v -0.028584 3.461159 -0.169237
v -0.029790 3.449128 -0.176077
v -0.031638 3.440199 -0.186558
v -0.033905 3.435447 -0.199413
v -0.036317 3.435447 -0.213094
v -0.038584 3.440199 -0.225950
v -0.040432 3.449128 -0.236430
v -0.041638 3.461159 -0.243270
v -0.085834 3.474840 -0.233916
v -0.085009 3.488520 -0.231649
v -0.082633 3.500551 -0.225122
v -0.078993 3.509481 -0.215122
v -0.074529 3.514232 -0.202855
v -0.069777 3.514232 -0.189801
v -0.065313 3.509481 -0.177535
v -0.061673 3.500551 -0.167535
v -0.059297 3.488520 -0.161008
v -0.058472 3.474840 -0.158741
v -0.059297 3.461159 -0.161008
v -0.061673 3.449128 -0.167535
v -0.065313 3.440199 -0.177535
v -0.069777 3.435447 -0.189801
v -0.074529 3.435447 -0.202855
v -0.078993 3.440199 -0.215122
v -0.082633 3.449128 -0.225122
v -0.085009 3.461159 -0.231649
v -0.126909 3.474840 -0.214763
v -0.125702 3.488520 -0.212674
v -0.122229 3.500551 -0.206658
v -0.116909 3.509481 -0.197442
v -0.110381 3.514232 -0.186137
v -0.103436 3.514232 -0.174106
v -0.096909 3.509481 -0.162801
v -0.091588 3.500551 -0.153585
v -0.088115 3.488520 -0.147570
v -0.086909 3.474840 -0.145481
v -0.088115 3.461159 -0.147570
v -0.091588 3.449128 -0.153585
v -0.096909 3.440199 -0.162801
v -0.103436 3.435447 -0.174106
v -0.110381 3.435447 -0.186137
v -0.116909 3.440199 -0.197442
v -0.122229 3.449128 -0.206658
v -0.125702 3.461159 -0.212674
v -0.164033 3.474840 -0.188768
v -0.162483 3.488520 -0.186920
v -0.158018 3.500551 -0.181599
v -0.151178 3.509481 -0.173447
v -0.142787 3.514232 -0.163447
v -0.133857 3.514232 -0.152805
v -0.125466 3.509481 -0.142805
v -0.118626 3.500551 -0.134653
v -0.114161 3.488520 -0.129332
v -0.112610 3.474840 -0.127484
v -0.114161 3.461159 -0.129332
v -0.118626 3.449128 -0.134653
v -0.125466 3.440199 -0.142805
v -0.133857 3.435447 -0.152805
v -0.142787 3.435447 -0.163447
v -0.151178 3.440199 -0.173447
v -0.158018 3.449128 -0.181599
v -0.162483 3.461159 -0.186920
v -0.196080 3.474840 -0.156721
v -0.194232 3.488520 -0.155170
v -0.188911 3.500551 -0.150705
v -0.180759 3.509481 -0.143865
v -0.170759 3.514232 -0.135474
v -0.160117 3.514232 -0.126545
v -0.150117 3.509481 -0.118154
v -0.141965 3.500551 -0.111313
v -0.136644 3.488520 -0.106848
v -0.134797 3.474840 -0.105298
v -0.136644 3.461159 -0.106848
v -0.141965 3.449128 -0.111313
v -0.150117 3.440199 -0.118154
v -0.160117 3.435447 -0.126545
v -0.170759 3.435447 -0.135474
v -0.180759 3.440199 -0.143865
v -0.188911 3.449128 -0.150705
v -0.194232 3.461159 -0.155170
v -0.222075 3.474840 -0.119596
v -0.219986 3.488520 -0.118390
v -0.213971 3.500551 -0.114917
v -0.204755 3.509481 -0.109596
v -0.193449 3.514232 -0.103069
v -0.181419 3.514232 -0.096123
v -0.170114 3.509481 -0.089596
v -0.160898 3.500551 -0.084275
v -0.154882 3.488520 -0.080802
v -0.152793 3.474840 -0.079596
v -0.154882 3.461159 -0.080802
v -0.160898 3.449128 -0.084275
v -0.170114 3.440199 -0.089596
v -0.181419 3.435447 -0.096123
v -0.193449 3.435447 -0.103069
v -0.204755 3.440199 -0.109596
v -0.213971 3.449128 -0.114917
v -0.219986 3.461159 -0.118390
v -0.241229 3.474840 -0.078521
v -0.238962 3.488520 -0.077696
v -0.232435 3.500551 -0.075321
v -0.222435 3.509481 -0.071681
v -0.210168 3.514232 -0.067216
v -0.197114 3.514232 -0.062465
v -0.184847 3.509481 -0.058000
v -0.174847 3.500551 -0.054360
v -0.168320 3.488520 -0.051985
v -0.166053 3.474840 -0.051160
v -0.168320 3.461159 -0.051985
v -0.174847 3.449128 -0.054360
v -0.184847 3.440199 -0.058000
v -0.197114 3.435447 -0.062465
v -0.210168 3.435447 -0.067216
v -0.222435 3.440199 -0.071681
v -0.232435 3.449128 -0.075321
v -0.238962 3.461159 -0.077696
v -0.252959 3.474840 -0.034745
v -0.250583 3.488520 -0.034326
v -0.243742 3.500551 -0.033120
v -0.233262 3.509481 -0.031272
v -0.220407 3.514232 -0.029005
v -0.206726 3.514232 -0.026593
v -0.193870 3.509481 -0.024326
v -0.183390 3.500551 -0.022478
v -0.176550 3.488520 -0.021272
v -0.174174 3.474840 -0.020853
v -0.176550 3.461159 -0.021272
v -0.183390 3.449128 -0.022478
v -0.193870 3.440199 -0.024326
v -0.206726 3.435447 -0.026592
v -0.220407 3.435447 -0.029005
v -0.233262 3.440199 -0.031272
v -0.243742 3.449128 -0.033120
v -0.250583 3.461159 -0.034326
v -0.256909 3.474840 0.010404
v -0.254496 3.488520 0.010404
v -0.247550 3.500551 0.010404
v -0.236908 3.509481 0.010404
v -0.223854 3.514232 0.010404
v -0.209963 3.514232 0.010404
v -0.196909 3.509481 0.010404
v -0.186267 3.500551 0.010404
v -0.179321 3.488520 0.010404
v -0.176908 3.474840 0.010404
v -0.179321 3.461159 0.010404
v -0.186267 3.449128 0.010404
v -0.196909 3.440199 0.010404
v -0.209963 3.435447 0.010404
v -0.223854 3.435447 0.010404
v -0.236908 3.440199 0.010404
v -0.247550 3.449128 0.010404
v -0.254496 3.461159 0.010404
v -0.252959 3.474840 0.055552
v -0.250583 3.488520 0.055134
v -0.243742 3.500551 0.053927
v -0.233262 3.509481 0.052080
v -0.220407 3.514232 0.049813
v -0.206726 3.514232 0.047400
v -0.193870 3.509481 0.045134
v -0.183390 3.500551 0.043286
v -0.176550 3.488520 0.042080
v -0.174174 3.474840 0.041661
v -0.176550 3.461159 0.042080
v -0.183390 3.449128 0.043286
v -0.193870 3.440199 0.045134
v -0.206726 3.435447 0.047400
v -0.220407 3.435447 0.049813
v -0.233262 3.440199 0.052080
v -0.243742 3.449128 0.053927
v -0.250583 3.461159 0.055134
v -0.241229 3.474840 0.099329
v -0.238962 3.488520 0.098504
v -0.232435 3.500551 0.096128
v -0.222435 3.509481 0.092489
v -0.210168 3.514232 0.088024
v -0.197114 3.514232 0.083273
v -0.184847 3.509481 0.078808
v -0.174847 3.500551 0.075168
v -0.168320 3.488520 0.072793
v -0.166053 3.474840 0.071968
v -0.168320 3.461159 0.072793
v -0.174847 3.449128 0.075168
v -0.184847 3.440199 0.078808
v -0.197114 3.435447 0.083273
v -0.210168 3.435447 0.088024
v -0.222435 3.440199 0.092489
v -0.232435 3.449128 0.096128
v -0.238962 3.461159 0.098504
v -0.222075 3.474840 0.140404
v -0.219986 3.488520 0.139198
v -0.213971 3.500551 0.135725
v -0.204755 3.509481 0.130404
v -0.193449 3.514232 0.123877
v -0.181419 3.514232 0.116931
v -0.170114 3.509481 0.110404
v -0.160898 3.500551 0.105083
v -0.154882 3.488520 0.101610
v -0.152793 3.474840 0.100404
v -0.154882 3.461159 0.101610
v -0.160898 3.449128 0.105083
v -0.170114 3.440199 0.110404
v -0.181419 3.435447 0.116931
v -0.193449 3.435447 0.123877
v -0.204755 3.440199 0.130404
v -0.213971 3.449128 0.135725
v -0.219986 3.461159 0.139198
v -0.196080 3.474840 0.177529
v -0.194232 3.488521 0.175978
v -0.188911 3.500551 0.171513
v -0.180759 3.509481 0.164673
v -0.170759 3.514232 0.156282
v -0.160117 3.514232 0.147352
v -0.150117 3.509481 0.138961
v -0.141965 3.500551 0.132121
v -0.136644 3.488520 0.127656
v -0.134797 3.474840 0.126106
v -0.136644 3.461159 0.127656
v -0.141965 3.449128 0.132121
v -0.150117 3.440199 0.138961
v -0.160117 3.435447 0.147352
v -0.170759 3.435447 0.156282
v -0.180759 3.440199 0.164673
v -0.188911 3.449128 0.171513
v -0.194232 3.461159 0.175978
v -0.164033 3.474840 0.209576
v -0.162483 3.488521 0.207728
v -0.158018 3.500551 0.202407
v -0.151178 3.509481 0.194255
v -0.142787 3.514232 0.184255
v -0.133857 3.514232 0.173613
v -0.125466 3.509481 0.163613
v -0.118626 3.500551 0.155461
v -0.114161 3.488521 0.150140
v -0.112610 3.474840 0.148292
v -0.114161 3.461159 0.150140
v -0.118626 3.449128 0.155461
v -0.125466 3.440199 0.163613
v -0.133857 3.435447 0.173613
v -0.142787 3.435447 0.184255
v -0.151178 3.440199 0.194255
v -0.158018 3.449128 0.202407
v -0.162483 3.461159 0.207728
v -0.126909 3.474840 0.235571
v -0.125702 3.488521 0.233481
v -0.122229 3.500551 0.227466
v -0.116909 3.509481 0.218250
v -0.110381 3.514232 0.206945
v -0.103436 3.514232 0.194914
v -0.096909 3.509481 0.183609
v -0.091588 3.500551 0.174393
v -0.088115 3.488521 0.168378
v -0.086909 3.474840 0.166289
v -0.088115 3.461159 0.168378
v -0.091588 3.449128 0.174393
v -0.096909 3.440199 0.183609
v -0.103436 3.435447 0.194914
v -0.110381 3.435447 0.206945
v -0.116909 3.440199 0.218250
v -0.122229 3.449128 0.227466
v -0.125702 3.461159 0.233481
v -0.085834 3.474840 0.254724
v -0.085009 3.488521 0.252457
v -0.082633 3.500551 0.245930
v -0.078993 3.509481 0.235930
v -0.074529 3.514232 0.223663
v -0.069777 3.514232 0.210609
v -0.065313 3.509481 0.198342
v -0.061673 3.500551 0.188342
v -0.059297 3.488521 0.181815
v -0.058472 3.474840 0.179549
v -0.059297 3.461159 0.181815
v -0.061673 3.449128 0.188342
v -0.065313 3.440199 0.198342
v -0.069777 3.435447 0.210609
v -0.074529 3.435447 0.223663
v -0.078993 3.440199 0.235930
v -0.082633 3.449128 0.245930
v -0.085009 3.461159 0.252457
v -0.042057 3.474840 0.266454
v -0.041638 3.488521 0.264078
v -0.040432 3.500551 0.257238
v -0.038584 3.509481 0.246758
v -0.036317 3.514232 0.233902
v -0.033905 3.514232 0.220221
v -0.031638 3.509481 0.207365
v -0.029790 3.500551 0.196885
v -0.028584 3.488521 0.190045
v -0.028165 3.474840 0.187669
v -0.028584 3.461159 0.190045
v -0.029790 3.449128 0.196885
v -0.031638 3.440199 0.207365
v -0.033905 3.435447 0.220221
v -0.036317 3.435447 0.233902
v -0.038584 3.440199 0.246758
v -0.040432 3.449128 0.257238
v -0.041638 3.461159 0.264078
v 0.003091 3.474840 0.270404
v 0.003091 3.488521 0.267992
v 0.003091 3.500551 0.261046
v 0.003091 3.509481 0.250404
v 0.003091 3.514232 0.237350
v 0.003091 3.514232 0.223458
v 0.003091 3.509481 0.210404
v 0.003091 3.500551 0.199762
v 0.003091 3.488521 0.192816
v 0.003091 3.474840 0.190404
v 0.003091 3.461159 0.192816
v 0.003091 3.449128 0.199762
v 0.003091 3.440199 0.210404
v 0.003091 3.435447 0.223458
v 0.003091 3.435447 0.237350
v 0.003091 3.440199 0.250404
v 0.003091 3.449128 0.261046
v 0.003091 3.461159 0.267992
v 0.048240 3.474840 0.266454
v 0.047821 3.488521 0.264078
v 0.046615 3.500551 0.257238
v 0.044767 3.509481 0.246758
v 0.042500 3.514232 0.233902
v 0.040088 3.514232 0.220221
v 0.037821 3.509481 0.207365
v 0.035973 3.500551 0.196885
v 0.034767 3.488521 0.190045
v 0.034348 3.474840 0.187669
v 0.034767 3.461159 0.190045
v 0.035973 3.449128 0.196885
v 0.037821 3.440199 0.207365
v 0.040088 3.435447 0.220221
v 0.042500 3.435447 0.233902
v 0.044767 3.440199 0.246758
v 0.046615 3.449128 0.257238
v 0.047821 3.461159 0.264078
v 0.092017 3.474840 0.254724
v 0.091192 3.488521 0.252457
v 0.088816 3.500551 0.245930
v 0.085176 3.509481 0.235930
v 0.080712 3.514232 0.223663
v 0.075960 3.514232 0.210609
v 0.071496 3.509481 0.198342
v 0.067856 3.500551 0.188342
v 0.065480 3.488521 0.181815
v 0.064655 3.474840 0.179549
v 0.065480 3.461159 0.181815
v 0.067856 3.449128 0.188342
v 0.071496 3.440199 0.198342
v 0.075960 3.435447 0.210609
v 0.080712 3.435447 0.223663
v 0.085176 3.440199 0.235930
v 0.088816 3.449128 0.245930
v 0.091192 3.461159 0.252457
v 0.133091 3.474840 0.235571
v 0.131885 3.488521 0.233481
v 0.128412 3.500551 0.227466
v 0.123091 3.509481 0.218250
v 0.116564 3.514232 0.206945
v 0.109619 3.514232 0.194914
v 0.103091 3.509481 0.183609
v 0.097771 3.500551 0.174393
v 0.094298 3.488521 0.168378
v 0.093091 3.474840 0.166289
v 0.094298 3.461159 0.168378
v 0.097771 3.449128 0.174393
v 0.103091 3.440199 0.183609
v 0.109619 3.435447 0.194914
v 0.116564 3.435447 0.206945
v 0.123091 3.440199 0.218250
v 0.128412 3.449128 0.227466
v 0.131885 3.461159 0.233481
v 0.170216 3.474840 0.209576
v 0.168666 3.488521 0.207728
v 0.164201 3.500551 0.202407
v 0.157361 3.509481 0.194255
v 0.148970 3.514232 0.184255
v 0.140040 3.514232 0.173613
v 0.131649 3.509481 0.163613
v 0.124809 3.500551 0.155461
v 0.120344 3.488521 0.150140
v 0.118793 3.474840 0.148292
v 0.120344 3.461159 0.150140
v 0.124809 3.449128 0.155461
v 0.131649 3.440199 0.163613
v 0.140040 3.435447 0.173613
v 0.148970 3.435447 0.184255
v 0.157361 3.440199 0.194255
v 0.164201 3.449128 0.202407
v 0.168666 3.461159 0.207728
v 0.202263 3.474840 0.177529
v 0.200415 3.488521 0.175978
v 0.195094 3.500551 0.171513
v 0.186942 3.509481 0.164673
v 0.176942 3.514232 0.156282
v 0.166300 3.514232 0.147352
v 0.156300 3.509481 0.138961
v 0.148148 3.500551 0.132121
v 0.142827 3.488520 0.127656
v 0.140979 3.474840 0.126106
v 0.142827 3.461159 0.127656
v 0.148148 3.449128 0.132121
v 0.156300 3.440199 0.138961
v 0.166300 3.435447 0.147352
v 0.176942 3.435447 0.156282
v 0.186942 3.440199 0.164673
v 0.195094 3.449128 0.171513
v 0.200415 3.461159 0.175978
v 0.228258 3.474840 0.140404
v 0.226169 3.488520 0.139198
v 0.220154 3.500551 0.135725
v 0.210938 3.509481 0.130404
v 0.199632 3.514232 0.123877
v 0.187602 3.514232 0.116931
v 0.176297 3.509481 0.110404
v 0.167081 3.500551 0.105083
v 0.161065 3.488520 0.101610
v 0.158976 3.474840 0.100404
v 0.161065 3.461159 0.101610
v 0.167081 3.449128 0.105083
v 0.176297 3.440199 0.110404
v 0.187602 3.435447 0.116931
v 0.199632 3.435447 0.123877
v 0.210938 3.440199 0.130404
v 0.220154 3.449128 0.135725
v 0.226169 3.461159 0.139198
v 0.247412 3.474840 0.099329
v 0.245145 3.488520 0.098504
v 0.238618 3.500551 0.096128
v 0.228618 3.509481 0.092489
v 0.216351 3.514232 0.088024
v 0.203297 3.514232 0.083273
v 0.191030 3.509481 0.078808
v 0.181030 3.500551 0.075168
v 0.174503 3.488520 0.072793
v 0.172236 3.474840 0.071968
v 0.174503 3.461159 0.072793
v 0.181030 3.449128 0.075168
v 0.191030 3.440199 0.078808
v 0.203297 3.435447 0.083273
v 0.216351 3.435447 0.088024
v 0.228618 3.440199 0.092489
v 0.238618 3.449128 0.096128
v 0.245145 3.461159 0.098504
v 0.259142 3.474840 0.055552
v 0.256766 3.488520 0.055134
v 0.249925 3.500551 0.053927
v 0.239445 3.509481 0.052080
v 0.226590 3.514232 0.049813
v 0.212909 3.514232 0.047400
v 0.200053 3.509481 0.045134
v 0.189573 3.500551 0.043286
v 0.182733 3.488520 0.042080
v 0.180357 3.474840 0.041661
v 0.182733 3.461159 0.042080
v 0.189573 3.449128 0.043286
v 0.200053 3.440199 0.045134
v 0.212909 3.435447 0.047400
v 0.226590 3.435447 0.049813
v 0.239445 3.440199 0.052080
v 0.249925 3.449128 0.053927
v 0.256766 3.461159 0.055134
vn 0.9256 0.3419 -0.1622
vn 1.0000 -0.0000 -0.0000
vn 0.9848 -0.0000 -0.1736
vn 0.7548 0.6427 -0.1312
vn 0.9408 0.3389 0.0033
vn 0.4931 0.8659 -0.0843
vn 0.7702 0.6378 0.0062
vn 0.1720 0.9847 -0.0273
vn 0.5077 0.8615 0.0083
vn -0.1698 0.9849 0.0331
vn 0.1838 0.9829 0.0094
vn -0.4913 0.8664 0.0896
vn -0.1635 0.9865 0.0094
vn -0.7536 0.6433 0.1352
vn -0.4921 0.8705 0.0082
vn -0.9251 0.3424 0.1644
vn -0.7618 0.6478 0.0061
vn -0.9848 -0.0000 0.1736
vn -0.9385 0.3452 0.0032
vn -0.9255 -0.3424 0.1619
vn -1.0000 -0.0000 -0.0000
vn -0.7659 -0.6429 -0.0000
vn -0.9386 -0.3451 -0.0032
vn -0.4923 -0.8664 0.0837
vn -0.7491 -0.6478 0.1383
vn -0.1709 -0.9849 0.0268
vn -0.4932 -0.8699 -0.0082
vn 0.1710 -0.9847 -0.0334
vn -0.1651 -0.9862 -0.0094
vn 0.4923 -0.8658 -0.0895
vn 0.1822 -0.9832 -0.0094
vn 0.7542 -0.6426 -0.1349
vn 0.5066 -0.8621 -0.0083
vn 0.9253 -0.3419 -0.1642
vn 0.7697 -0.6383 -0.0062
vn 0.9408 -0.3390 -0.0033
vn 0.8834 0.3419 -0.3205
vn 0.9397 -0.0000 -0.3420
vn 0.7206 0.6427 -0.2603
vn 0.4710 0.8659 -0.1687
vn 0.1647 0.9847 -0.0567
vn -0.1615 0.9849 0.0621
vn -0.4682 0.8664 0.1735
vn -0.8825 0.3424 0.3225
vn -0.7183 0.6473 0.2550
vn -0.9397 -0.0000 0.3420
vn -0.8833 -0.3424 0.3202
vn -0.7203 -0.6433 0.2596
vn -0.4703 -0.8664 0.1679
vn -0.1636 -0.9849 0.0560
vn 0.1626 -0.9847 -0.0626
vn 0.4710 -0.8658 -0.1687
vn 0.8827 -0.3419 -0.3223
vn 0.7259 -0.6378 -0.2576
vn 0.8143 0.3419 -0.4690
vn 0.8660 -0.0000 -0.5000
vn 0.6644 0.6427 -0.3815
vn 0.1523 0.9847 -0.0845
vn 0.4345 0.8621 -0.2606
vn -0.1482 0.9849 0.0892
vn -0.6619 0.6432 0.3848
vn -0.4313 0.8699 0.2395
vn -0.8131 0.3423 0.4709
vn -0.8143 -0.3424 0.4687
vn -0.8660 -0.0000 0.5000
vn -0.6642 -0.6433 0.3808
vn -0.4340 -0.8664 0.2470
vn -0.1514 -0.9849 0.0836
vn 0.1493 -0.9847 -0.0898
vn 0.4320 -0.8658 -0.2525
vn 0.6626 -0.6426 -0.3847
vn 0.8143 -0.3419 -0.4690
vn 0.7660 -0.0000 -0.6428
vn 0.5881 0.6427 -0.4911
vn 0.7185 0.3391 -0.6073
vn 0.3849 0.8659 -0.3196
vn 0.1353 0.9847 -0.1096
vn -0.1305 0.9849 0.1136
vn -0.3807 0.8664 0.3232
vn -0.5851 0.6432 0.4939
vn -0.7660 -0.0000 0.6428
vn -0.7211 0.3451 0.6008
vn -0.5880 -0.6433 0.4903
vn -0.7168 -0.3452 0.6058
vn -0.3845 -0.8664 0.3186
vn -0.1305 -0.9849 0.1136
vn 0.1353 -0.9847 -0.1096
vn 0.5857 -0.6426 -0.4939
vn 0.3943 -0.8615 -0.3199
vn 0.7228 -0.3389 -0.6022
vn 0.6048 0.3420 -0.7192
vn 0.6428 -0.0000 -0.7660
vn 0.4939 0.6427 -0.5857
vn 0.3235 0.8659 -0.3816
vn -0.1088 0.9849 0.1345
vn 0.1099 0.9832 -0.1456
vn -0.3188 0.8664 0.3844
vn -0.6030 0.3424 0.7206
vn -0.4946 0.6473 0.5800
vn -0.6428 -0.0000 0.7660
vn -0.6049 -0.3424 0.7189
vn -0.3233 -0.8664 0.3805
vn -0.4850 -0.6478 0.5875
vn 0.1096 -0.9847 -0.1355
vn -0.0979 -0.9865 0.1312
vn 0.4910 -0.6427 -0.5881
vn 0.3327 -0.8615 -0.3836
vn 0.6033 -0.3419 -0.7205
vn 0.4707 0.3419 -0.8133
vn 0.5000 -0.0000 -0.8660
vn 0.3814 0.6426 -0.6645
vn 0.2479 0.8658 -0.4346
vn 0.0844 0.9847 -0.1525
vn -0.2472 0.8664 0.4339
vn -0.0907 0.9862 0.1382
vn -0.4687 0.3424 0.8143
vn -0.3864 0.6473 0.6570
vn -0.5000 -0.0000 0.8660
vn -0.4709 -0.3424 0.8130
vn -0.3849 -0.6433 0.6619
vn -0.2523 -0.8664 0.4309
vn 0.0844 -0.9847 -0.1525
vn -0.0736 -0.9865 0.1463
vn 0.2479 -0.8658 -0.4346
vn 0.3814 -0.6426 -0.6645
vn 0.4690 -0.3419 -0.8143
vn 0.3223 0.3419 -0.8828
vn 0.3420 -0.0000 -0.9397
vn 0.1735 0.8659 -0.4692
vn 0.2574 0.6383 -0.7254
vn -0.0562 0.9849 0.1636
vn 0.0534 0.9832 -0.1744
vn -0.2597 0.6433 0.7202
vn -0.1764 0.8699 0.4607
vn -0.3420 -0.0000 0.9397
vn -0.3239 0.3451 0.8809
vn -0.3225 -0.3424 0.8825
vn -0.2641 -0.6433 0.7186
vn -0.1737 -0.8664 0.4682
vn -0.0623 -0.9849 0.1613
vn 0.1686 -0.8658 -0.4710
vn 0.0718 -0.9829 -0.1694
vn 0.3205 -0.3419 -0.8834
vn 0.2693 -0.6378 -0.7216
vn 0.1736 -0.0000 -0.9848
vn 0.1622 0.3419 -0.9256
vn 0.0894 0.8658 -0.4923
vn 0.1275 0.6383 -0.7591
vn 0.0332 0.9847 -0.1710
vn -0.0269 0.9849 0.1709
vn -0.0839 0.8664 0.4923
vn -0.1307 0.6433 0.7544
vn -0.1736 -0.0000 0.9848
vn -0.1661 0.3451 0.9238
vn -0.1353 -0.6433 0.7536
vn -0.1598 -0.3452 0.9248
vn -0.0897 -0.8664 0.4912
vn 0.0271 -0.9847 -0.1721
vn -0.0191 -0.9865 0.1626
vn 0.1312 -0.6426 -0.7549
vn 0.0964 -0.8615 -0.4985
vn 0.1622 -0.3419 -0.9256
vn 0.0010 0.3418 -0.9398
vn -0.0000 -0.0000 -1.0000
vn 0.0019 0.6426 -0.7662
vn 0.0025 0.8659 -0.5003
vn 0.0031 0.9849 0.1730
vn -0.0095 0.9832 -0.1822
vn 0.0023 0.6433 0.7656
vn -0.0082 0.8699 0.4932
vn 0.0013 0.3424 0.9395
vn -0.0000 -0.0000 1.0000
vn -0.0013 -0.3424 0.9395
vn -0.0031 -0.8664 0.4994
vn 0.0061 -0.6478 0.7618
vn -0.0033 -0.9849 0.1729
vn -0.0032 -0.9847 -0.1742
vn -0.0027 -0.8658 -0.5003
vn -0.0019 -0.6426 -0.7662
vn -0.0010 -0.3419 -0.9397
vn -0.1622 0.3420 -0.9256
vn -0.1737 -0.0000 -0.9848
vn -0.1312 0.6427 -0.7548
vn -0.0844 0.8658 -0.4931
vn -0.0273 0.9847 -0.1720
vn 0.0332 0.9849 0.1698
vn 0.0896 0.8664 0.4913
vn 0.1352 0.6433 0.7536
vn 0.1644 0.3424 0.9251
vn 0.1736 -0.0000 0.9848
vn 0.1619 -0.3424 0.9255
vn 0.0837 -0.8664 0.4922
vn 0.1383 -0.6478 0.7491
vn -0.0334 -0.9847 -0.1710
vn 0.0376 -0.9865 0.1593
vn -0.1349 -0.6426 -0.7542
vn -0.0799 -0.8615 -0.5014
vn -0.1602 -0.3389 -0.9271
vn -0.3420 -0.0000 -0.9397
vn -0.2603 0.6427 -0.7206
vn -0.3249 0.3391 -0.8829
vn -0.1687 0.8658 -0.4710
vn -0.0567 0.9847 -0.1647
vn 0.0621 0.9849 0.1615
vn 0.1679 0.8664 0.4703
vn 0.3225 0.3424 0.8825
vn 0.2550 0.6473 0.7183
vn 0.3420 -0.0000 0.9397
vn 0.2596 -0.6433 0.7203
vn 0.3240 -0.3452 0.8808
vn 0.1679 -0.8664 0.4703
vn 0.0560 -0.9849 0.1636
vn -0.0626 -0.9847 -0.1626
vn -0.1736 -0.8658 -0.4692
vn -0.2603 -0.6427 -0.7206
vn -0.3187 -0.3389 -0.8852
vn -0.5000 -0.0000 -0.8660
vn -0.3815 0.6427 -0.6644
vn -0.4732 0.3391 -0.8131
vn -0.0845 0.9847 -0.1523
vn -0.2605 0.8621 -0.4346
vn 0.0892 0.9849 0.1483
vn 0.2522 0.8664 0.4310
vn 0.3848 0.6433 0.6619
vn 0.4709 0.3424 0.8131
vn 0.5000 -0.0000 0.8660
vn 0.4687 -0.3424 0.8143
vn 0.3848 -0.6432 0.6619
vn 0.2522 -0.8664 0.4310
vn -0.0898 -0.9847 -0.1493
vn 0.0899 -0.9865 0.1368
vn -0.3847 -0.6426 -0.6626
vn -0.2466 -0.8615 -0.4438
vn -0.4675 -0.3389 -0.8165
vn -0.6428 -0.0000 -0.7660
vn -0.4911 0.6426 -0.5881
vn -0.6073 0.3391 -0.7185
vn -0.3196 0.8658 -0.3849
vn -0.1096 0.9847 -0.1353
vn 0.1136 0.9849 0.1305
vn 0.4939 0.6433 0.5851
vn 0.3108 0.8699 0.3831
vn 0.6049 0.3424 0.7189
vn 0.6428 -0.0000 0.7660
vn 0.6030 -0.3424 0.7206
vn 0.4903 -0.6433 0.5880
vn 0.1086 -0.9849 0.1346
vn 0.3226 -0.8705 0.3717
vn -0.1096 -0.9847 -0.1353
vn -0.3196 -0.8659 -0.3849
vn -0.6048 -0.3419 -0.7192
vn -0.4903 -0.6378 -0.5940
vn -0.7192 0.3420 -0.6048
vn -0.7660 -0.0000 -0.6428
vn -0.5857 0.6427 -0.4939
vn -0.3816 0.8659 -0.3235
vn -0.1315 0.9847 -0.1142
vn 0.1345 0.9849 0.1088
vn 0.5880 0.6433 0.4904
vn 0.3726 0.8699 0.3233
vn 0.7206 0.3424 0.6030
vn 0.7661 -0.0000 0.6428
vn 0.5850 -0.6433 0.4939
vn 0.7210 -0.3452 0.6008
vn 0.1303 -0.9849 0.1137
vn 0.3823 -0.8705 0.3100
vn -0.1355 -0.9847 -0.1095
vn -0.3850 -0.8659 -0.3195
vn -0.5881 -0.6426 -0.4911
vn -0.7186 -0.3389 -0.6073
vn -0.8134 0.3419 -0.4707
vn -0.8660 -0.0000 -0.5000
vn -0.4320 0.8658 -0.2524
vn -0.6697 0.6383 -0.3795
vn -0.1524 0.9847 -0.0843
vn 0.1481 0.9849 0.0894
vn 0.6642 0.6433 0.3809
vn 0.4230 0.8699 0.2537
vn 0.8143 0.3424 0.4687
vn 0.8130 -0.3424 0.4709
vn 0.8660 -0.0000 0.5000
vn 0.4309 -0.8664 0.2523
vn 0.6627 -0.6478 0.3756
vn 0.1481 -0.9849 0.0894
vn -0.1524 -0.9847 -0.0843
vn -0.4346 -0.8658 -0.2479
vn -0.8143 -0.3419 -0.4690
vn -0.6639 -0.6378 -0.3905
vn -0.8827 0.3420 -0.3223
vn -0.9397 -0.0000 -0.3420
vn -0.7193 0.6427 -0.2638
vn -0.4692 0.8659 -0.1735
vn -0.1626 0.9847 -0.0624
vn 0.1636 0.9849 0.0562
vn 0.4703 0.8664 0.1681
vn 0.7202 0.6433 0.2597
vn 0.8833 0.3424 0.3202
vn 0.9397 -0.0000 0.3420
vn 0.8833 -0.3425 0.3202
vn 0.4682 -0.8664 0.1736
vn 0.7179 -0.6478 0.2548
vn 0.1636 -0.9849 0.0562
vn -0.1626 -0.9847 -0.0624
vn -0.4692 -0.8659 -0.1735
vn -0.8834 -0.3419 -0.3205
vn -0.7216 -0.6378 -0.2693
vn -0.9848 -0.0000 -0.1736
vn -0.7542 0.6427 -0.1349
vn -0.9270 0.3391 -0.1601
vn -0.4922 0.8659 -0.0894
vn 0.1709 0.9849 0.0269
vn -0.1810 0.9832 -0.0223
vn 0.4923 0.8664 0.0838
vn 0.7544 0.6433 0.1307
vn 0.9255 0.3424 0.1619
vn 0.9848 -0.0000 0.1736
vn 0.7536 -0.6433 0.1353
vn 0.9248 -0.3452 0.1598
vn 0.4923 -0.8664 0.0839
vn -0.1721 -0.9847 -0.0271
vn 0.1626 -0.9865 0.0191
vn -0.4932 -0.8658 -0.0843
vn -0.9256 -0.3419 -0.1622
vn -0.7574 -0.6378 -0.1399
vn -0.9397 0.3419 -0.0010
vn -0.7661 0.6427 -0.0019
vn -0.5003 0.8658 -0.0025
vn -0.1741 0.9847 -0.0030
vn 0.1730 0.9849 -0.0032
vn 0.4994 0.8664 -0.0029
vn 0.7656 0.6433 -0.0023
vn 0.9396 0.3424 -0.0013
vn 0.9396 -0.3424 0.0013
vn 0.7656 -0.6433 0.0023
vn 0.1729 -0.9849 0.0033
vn 0.4921 -0.8705 -0.0082
vn -0.1742 -0.9847 0.0032
vn -0.5003 -0.8658 0.0027
vn -0.7662 -0.6426 0.0019
vn -0.9408 -0.3389 -0.0033
vn -0.9256 0.3419 0.1622
vn -0.7548 0.6427 0.1312
vn -0.4931 0.8659 0.0843
vn -0.1720 0.9847 0.0273
vn 0.1698 0.9849 -0.0331
vn 0.4913 0.8664 -0.0896
vn 0.7536 0.6433 -0.1352
vn 0.9251 0.3424 -0.1644
vn 0.9255 -0.3424 -0.1619
vn 0.4923 -0.8664 -0.0837
vn 0.7491 -0.6478 -0.1383
vn 0.1709 -0.9849 -0.0268
vn -0.1710 -0.9847 0.0334
vn -0.4923 -0.8658 0.0895
vn -0.7542 -0.6426 0.1349
vn -0.9253 -0.3419 0.1642
vn -0.8834 0.3419 0.3205
vn -0.7206 0.6427 0.2603
vn -0.4710 0.8659 0.1687
vn -0.1647 0.9847 0.0567
vn 0.1615 0.9849 -0.0621
vn 0.4682 0.8664 -0.1735
vn 0.8825 0.3424 -0.3225
vn 0.7183 0.6473 -0.2550
vn 0.8833 -0.3424 -0.3202
vn 0.7203 -0.6433 -0.2596
vn 0.4703 -0.8664 -0.1679
vn 0.1636 -0.9849 -0.0560
vn -0.1626 -0.9847 0.0626
vn -0.4710 -0.8659 0.1687
vn -0.8828 -0.3419 0.3223
vn -0.7259 -0.6378 0.2576
vn -0.8143 0.3419 0.4690
vn -0.6644 0.6427 0.3815
vn -0.1523 0.9847 0.0845
vn -0.4345 0.8621 0.2606
vn 0.1482 0.9849 -0.0892
vn 0.6619 0.6432 -0.3848
vn 0.4313 0.8699 -0.2395
vn 0.8131 0.3424 -0.4709
vn 0.8143 -0.3424 -0.4687
vn 0.6642 -0.6433 -0.3808
vn 0.4340 -0.8664 -0.2470
vn 0.1514 -0.9849 -0.0836
vn -0.1493 -0.9847 0.0898
vn -0.4320 -0.8658 0.2525
vn -0.6626 -0.6426 0.3847
vn -0.8143 -0.3419 0.4690
vn -0.5881 0.6427 0.4911
vn -0.7185 0.3391 0.6073
vn -0.3849 0.8659 0.3196
vn -0.1353 0.9847 0.1096
vn 0.1305 0.9849 -0.1136
vn 0.3807 0.8664 -0.3232
vn 0.5851 0.6433 -0.4939
vn 0.7211 0.3451 -0.6008
vn 0.5880 -0.6433 -0.4903
vn 0.7168 -0.3452 -0.6058
vn 0.3845 -0.8664 -0.3186
vn 0.1305 -0.9849 -0.1136
vn -0.1353 -0.9847 0.1096
vn -0.5857 -0.6426 0.4939
vn -0.3943 -0.8615 0.3199
vn -0.7228 -0.3389 0.6022
vn -0.6048 0.3420 0.7192
vn -0.4939 0.6427 0.5857
vn -0.3235 0.8659 0.3816
vn 0.1088 0.9849 -0.1345
vn -0.1099 0.9832 0.1456
vn 0.3188 0.8664 -0.3844
vn 0.6030 0.3424 -0.7205
vn 0.4946 0.6473 -0.5800
vn 0.6049 -0.3424 -0.7189
vn 0.3233 -0.8664 -0.3805
vn 0.4850 -0.6478 -0.5875
vn -0.1096 -0.9847 0.1355
vn 0.0979 -0.9865 -0.1312
vn -0.4910 -0.6427 0.5881
vn -0.3327 -0.8615 0.3836
vn -0.6033 -0.3419 0.7205
vn -0.4707 0.3419 0.8134
vn -0.3814 0.6426 0.6645
vn -0.2479 0.8658 0.4346
vn -0.0844 0.9847 0.1525
vn 0.2472 0.8664 -0.4339
vn 0.0907 0.9862 -0.1382
vn 0.4687 0.3424 -0.8143
vn 0.3864 0.6473 -0.6570
vn 0.4709 -0.3424 -0.8130
vn 0.3849 -0.6433 -0.6619
vn 0.2523 -0.8664 -0.4309
vn -0.0844 -0.9847 0.1525
vn 0.0736 -0.9865 -0.1463
vn -0.2479 -0.8658 0.4346
vn -0.3814 -0.6426 0.6645
vn -0.4690 -0.3419 0.8143
vn -0.3223 0.3419 0.8827
vn -0.1735 0.8659 0.4692
vn -0.2574 0.6383 0.7254
vn 0.0562 0.9849 -0.1636
vn -0.0534 0.9832 0.1744
vn 0.2597 0.6433 -0.7203
vn 0.1764 0.8699 -0.4607
vn 0.3240 0.3451 -0.8809
vn 0.3225 -0.3424 -0.8825
vn 0.2641 -0.6433 -0.7186
vn 0.1737 -0.8664 -0.4682
vn 0.0623 -0.9849 -0.1613
vn -0.1686 -0.8659 0.4710
vn -0.0718 -0.9829 0.1694
vn -0.3205 -0.3418 0.8834
vn -0.2693 -0.6378 0.7216
vn -0.1622 0.3419 0.9256
vn -0.0894 0.8658 0.4923
vn -0.1275 0.6383 0.7591
vn -0.0332 0.9847 0.1710
vn 0.0269 0.9849 -0.1709
vn 0.0839 0.8664 -0.4923
vn 0.1307 0.6433 -0.7544
vn 0.1737 -0.0000 -0.9848
vn 0.1660 0.3451 -0.9238
vn 0.1353 -0.6433 -0.7536
vn 0.1598 -0.3452 -0.9248
vn 0.0897 -0.8664 -0.4912
vn -0.0271 -0.9847 0.1721
vn 0.0191 -0.9865 -0.1626
vn -0.1312 -0.6426 0.7549
vn -0.0964 -0.8615 0.4985
vn -0.1622 -0.3419 0.9256
vn -0.0010 0.3419 0.9397
vn -0.0019 0.6427 0.7662
vn -0.0025 0.8658 0.5003
vn -0.0031 0.9849 -0.1730
vn 0.0095 0.9832 0.1822
vn -0.0023 0.6433 -0.7656
vn 0.0082 0.8699 -0.4932
vn -0.0013 0.3424 -0.9396
vn 0.0013 -0.3424 -0.9395
vn 0.0031 -0.8664 -0.4994
vn -0.0061 -0.6478 -0.7618
vn 0.0033 -0.9849 -0.1729
vn 0.0032 -0.9847 0.1742
vn 0.0027 -0.8658 0.5004
vn 0.0019 -0.6426 0.7662
vn 0.0010 -0.3419 0.9397
vn 0.1622 0.3420 0.9256
vn 0.1737 -0.0000 0.9848
vn 0.1312 0.6427 0.7548
vn 0.0844 0.8659 0.4931
vn 0.0273 0.9847 0.1720
vn -0.0332 0.9849 -0.1698
vn -0.0896 0.8664 -0.4913
vn -0.1352 0.6433 -0.7536
vn -0.1644 0.3424 -0.9251
vn -0.1736 -0.0000 -0.9848
vn -0.1619 -0.3424 -0.9255
vn -0.0837 -0.8664 -0.4922
vn -0.1383 -0.6478 -0.7491
vn 0.0334 -0.9847 0.1710
vn -0.0376 -0.9865 -0.1593
vn 0.1349 -0.6426 0.7542
vn 0.0799 -0.8615 0.5014
vn 0.1602 -0.3389 0.9271
vn 0.2603 0.6427 0.7206
vn 0.3249 0.3391 0.8829
vn 0.1687 0.8658 0.4710
vn 0.0567 0.9847 0.1647
vn -0.0621 0.9849 -0.1615
vn -0.1679 0.8664 -0.4703
vn -0.3225 0.3424 -0.8825
vn -0.2550 0.6473 -0.7183
vn -0.2596 -0.6433 -0.7203
vn -0.3240 -0.3452 -0.8808
vn -0.1679 -0.8664 -0.4703
vn -0.0560 -0.9849 -0.1636
vn 0.0626 -0.9847 0.1626
vn 0.1736 -0.8658 0.4693
vn 0.2603 -0.6427 0.7206
vn 0.3187 -0.3389 0.8852
vn 0.3815 0.6427 0.6644
vn 0.4733 0.3391 0.8131
vn 0.0845 0.9847 0.1523
vn 0.2605 0.8621 0.4346
vn -0.0892 0.9849 -0.1483
vn -0.2522 0.8664 -0.4310
vn -0.3848 0.6433 -0.6619
vn -0.4709 0.3424 -0.8131
vn -0.4687 -0.3424 -0.8143
vn -0.3848 -0.6432 -0.6619
vn -0.2522 -0.8664 -0.4310
vn 0.0898 -0.9847 0.1493
vn -0.0899 -0.9865 -0.1368
vn 0.3847 -0.6426 0.6626
vn 0.2466 -0.8615 0.4438
vn 0.4675 -0.3389 0.8164
vn 0.6428 -0.0000 0.7661
vn 0.4911 0.6426 0.5881
vn 0.6073 0.3391 0.7185
vn 0.3196 0.8658 0.3849
vn 0.1096 0.9847 0.1353
vn -0.1136 0.9849 -0.1305
vn -0.4938 0.6433 -0.5851
vn -0.3108 0.8699 -0.3831
vn -0.6049 0.3424 -0.7189
vn -0.6030 -0.3424 -0.7206
vn -0.4903 -0.6433 -0.5880
vn -0.1086 -0.9849 -0.1346
vn -0.3226 -0.8705 -0.3717
vn 0.1096 -0.9847 0.1353
vn 0.3196 -0.8659 0.3849
vn 0.6048 -0.3419 0.7192
vn 0.4903 -0.6378 0.5940
vn 0.7192 0.3420 0.6048
vn 0.7660 -0.0000 0.6428
vn 0.5857 0.6427 0.4939
vn 0.3816 0.8659 0.3235
vn 0.1315 0.9847 0.1142
vn -0.1345 0.9849 -0.1088
vn -0.5880 0.6433 -0.4904
vn -0.3726 0.8699 -0.3233
vn -0.7205 0.3424 -0.6030
vn -0.5850 -0.6433 -0.4939
vn -0.7210 -0.3452 -0.6008
vn -0.1303 -0.9849 -0.1137
vn -0.3823 -0.8705 -0.3100
vn 0.1355 -0.9847 0.1095
vn 0.3850 -0.8659 0.3195
vn 0.5881 -0.6426 0.4911
vn 0.7186 -0.3389 0.6073
vn 0.8134 0.3419 0.4707
vn 0.4320 0.8658 0.2524
vn 0.6697 0.6383 0.3795
vn 0.1524 0.9847 0.0843
vn -0.1481 0.9849 -0.0894
vn -0.6642 0.6433 -0.3809
vn -0.4230 0.8699 -0.2537
vn -0.8143 0.3424 -0.4687
vn -0.8130 -0.3424 -0.4709
vn -0.4309 -0.8664 -0.2523
vn -0.6627 -0.6478 -0.3756
vn -0.1481 -0.9849 -0.0894
vn 0.1524 -0.9847 0.0843
vn 0.4346 -0.8658 0.2479
vn 0.8143 -0.3419 0.4690
vn 0.6639 -0.6378 0.3905
vn 0.8827 0.3420 0.3223
vn 0.7193 0.6427 0.2638
vn 0.4692 0.8659 0.1735
vn 0.1626 0.9847 0.0624
vn -0.1636 0.9849 -0.0562
vn -0.4703 0.8664 -0.1681
vn -0.7202 0.6433 -0.2597
vn -0.8833 0.3424 -0.3202
vn -0.8833 -0.3425 -0.3202
vn -0.4682 -0.8664 -0.1736
vn -0.7179 -0.6478 -0.2548
vn -0.1636 -0.9849 -0.0562
vn 0.1626 -0.9847 0.0624
vn 0.4692 -0.8659 0.1735
vn 0.8834 -0.3419 0.3205
vn 0.7216 -0.6378 0.2693
vn 0.7542 0.6427 0.1349
vn 0.9270 0.3391 0.1601
vn 0.4922 0.8659 0.0894
vn -0.1709 0.9849 -0.0269
vn 0.1810 0.9832 0.0223
vn -0.4923 0.8664 -0.0838
vn -0.7544 0.6433 -0.1307
vn -0.9255 0.3425 -0.1619
vn -0.7536 -0.6433 -0.1353
vn -0.9248 -0.3452 -0.1598
vn -0.4923 -0.8664 -0.0839
vn 0.1721 -0.9847 0.0271
vn -0.1626 -0.9865 -0.0191
vn 0.4932 -0.8658 0.0843
vn 0.9256 -0.3419 0.1622
vn 0.7574 -0.6378 0.1399
vt 0.027778 0.055556
vt 0.000000 0.000000
vt 0.027778 0.000000
vt 0.027778 0.111111
vt 0.000000 0.055556
vt 0.027778 0.166667
vt 0.000000 0.111111
vt 0.027778 0.222222
vt 0.000000 0.166667
vt 0.027778 0.277778
vt 0.000000 0.222222
vt 0.027778 0.333333
vt 0.000000 0.277778
vt 0.027778 0.388889
vt 0.000000 0.333333
vt 0.027778 0.444444
vt 0.000000 0.388889
vt 0.027778 0.500000
vt 0.000000 0.444444
vt 0.027778 0.555556
vt 0.000000 0.500000
vt 0.000000 0.611111
vt 0.000000 0.555556
vt 0.027778 0.666667
vt 0.027778 0.611111
vt 0.027778 0.722222
vt 0.000000 0.666667
vt 0.027778 0.777778
vt 0.000000 0.722222
vt 0.027778 0.833333
vt 0.000000 0.777778
vt 0.027778 0.888889
vt 0.000000 0.833333
vt 0.027778 0.944444
vt 0.000000 0.888889
vt 0.027778 1.000000
vt 0.000000 0.944444
vt 0.055556 0.055556
vt 0.055556 0.000000
vt 0.055556 0.111111
vt 0.055556 0.166667
vt 0.055556 0.222222
vt 0.055556 0.277778
vt 0.055556 0.333333
vt 0.055556 0.444444
vt 0.055556 0.388889
vt 0.055556 0.500000
vt 0.055556 0.555556
vt 0.055556 0.611111
vt 0.055556 0.666667
vt 0.055556 0.722222
vt 0.055556 0.777778
vt 0.055556 0.833333
vt 0.055556 0.944444
vt 0.055556 0.888889
vt 0.083333 0.055556
vt 0.083333 0.000000
vt 0.083333 0.111111
vt 0.083333 0.222222
vt 0.083333 0.166667
vt 0.083333 0.277778
vt 0.083333 0.388889
vt 0.083333 0.333333
vt 0.083333 0.444444
vt 0.083333 0.555556
vt 0.083333 0.500000
vt 0.083333 0.611111
vt 0.083333 0.666667
vt 0.083333 0.722222
vt 0.083333 0.777778
vt 0.083333 0.833333
vt 0.083333 0.888889
vt 0.083333 0.944444
vt 0.055556 1.000000
vt 0.111111 0.000000
vt 0.111111 0.111111
vt 0.111111 0.055556
vt 0.111111 0.166667
vt 0.111111 0.222222
vt 0.111111 0.277778
vt 0.111111 0.333333
vt 0.111111 0.388889
vt 0.111111 0.500000
vt 0.111111 0.444444
vt 0.111111 0.611111
vt 0.111111 0.555556
vt 0.111111 0.666667
vt 0.111111 0.722222
vt 0.111111 0.777778
vt 0.111111 0.888889
vt 0.111111 0.833333
vt 0.111111 1.000000
vt 0.111111 0.944444
vt 0.138889 0.055556
vt 0.138889 0.000000
vt 0.138889 0.111111
vt 0.138889 0.166667
vt 0.138889 0.277778
vt 0.138889 0.222222
vt 0.138889 0.333333
vt 0.138889 0.444444
vt 0.138889 0.388889
vt 0.138889 0.500000
vt 0.138889 0.555556
vt 0.138889 0.666667
vt 0.138889 0.611111
vt 0.138889 0.777778
vt 0.138889 0.722222
vt 0.138889 0.888889
vt 0.138889 0.833333
vt 0.138889 0.944444
vt 0.138889 1.000000
vt 0.166667 0.055556
vt 0.166667 0.000000
vt 0.166667 0.111111
vt 0.166667 0.166667
vt 0.166667 0.222222
vt 0.166667 0.333333
vt 0.166667 0.277778
vt 0.166667 0.444444
vt 0.166667 0.388889
vt 0.166667 0.500000
vt 0.166667 0.555556
vt 0.166667 0.611111
vt 0.166667 0.666667
vt 0.166667 0.777778
vt 0.166667 0.722222
vt 0.166667 0.833333
vt 0.166667 0.888889
vt 0.166667 0.944444
vt 0.194444 0.055556
vt 0.194444 0.000000
vt 0.194444 0.166667
vt 0.194444 0.111111
vt 0.194444 0.277778
vt 0.194444 0.222222
vt 0.194444 0.388889
vt 0.194444 0.333333
vt 0.194444 0.500000
vt 0.194444 0.444444
vt 0.194444 0.555556
vt 0.194444 0.611111
vt 0.194444 0.666667
vt 0.194444 0.722222
vt 0.194444 0.833333
vt 0.194444 0.777778
vt 0.194444 0.944444
vt 0.194444 0.888889
vt 0.194444 1.000000
vt 0.222222 0.000000
vt 0.222222 0.055556
vt 0.222222 0.166667
vt 0.222222 0.111111
vt 0.222222 0.222222
vt 0.222222 0.277778
vt 0.222222 0.333333
vt 0.222222 0.388889
vt 0.222222 0.500000
vt 0.222222 0.444444
vt 0.222222 0.611111
vt 0.222222 0.555556
vt 0.222222 0.666667
vt 0.222222 0.777778
vt 0.222222 0.722222
vt 0.222222 0.888889
vt 0.222222 0.833333
vt 0.222222 0.944444
vt 0.222222 1.000000
vt 0.250000 0.055556
vt 0.250000 0.000000
vt 0.250000 0.111111
vt 0.250000 0.166667
vt 0.250000 0.277778
vt 0.250000 0.222222
vt 0.250000 0.388889
vt 0.250000 0.333333
vt 0.250000 0.444444
vt 0.250000 0.500000
vt 0.250000 0.555556
vt 0.250000 0.666667
vt 0.250000 0.611111
vt 0.250000 0.722222
vt 0.250000 0.777778
vt 0.250000 0.833333
vt 0.250000 0.888889
vt 0.250000 0.944444
vt 0.250000 1.000000
vt 0.277778 0.055556
vt 0.277778 0.000000
vt 0.277778 0.111111
vt 0.277778 0.166667
vt 0.277778 0.222222
vt 0.277778 0.277778
vt 0.277778 0.333333
vt 0.277778 0.388889
vt 0.277778 0.444444
vt 0.277778 0.500000
vt 0.277778 0.555556
vt 0.277778 0.666667
vt 0.277778 0.611111
vt 0.277778 0.777778
vt 0.277778 0.722222
vt 0.277778 0.888889
vt 0.277778 0.833333
vt 0.277778 1.000000
vt 0.277778 0.944444
vt 0.305556 0.000000
vt 0.305556 0.111111
vt 0.305556 0.055556
vt 0.305556 0.166667
vt 0.305556 0.222222
vt 0.305556 0.277778
vt 0.305556 0.333333
vt 0.305556 0.444444
vt 0.305556 0.388889
vt 0.305556 0.500000
vt 0.305556 0.611111
vt 0.305556 0.555556
vt 0.305556 0.666667
vt 0.305556 0.722222
vt 0.305556 0.777778
vt 0.305556 0.833333
vt 0.305556 0.888889
vt 0.305556 1.000000
vt 0.305556 0.944444
vt 0.333333 0.000000
vt 0.333333 0.111111
vt 0.333333 0.055556
vt 0.333333 0.222222
vt 0.333333 0.166667
vt 0.333333 0.277778
vt 0.333333 0.333333
vt 0.333333 0.388889
vt 0.333333 0.444444
vt 0.333333 0.500000
vt 0.333333 0.555556
vt 0.333333 0.611111
vt 0.333333 0.666667
vt 0.333333 0.777778
vt 0.333333 0.722222
vt 0.333333 0.888889
vt 0.333333 0.833333
vt 0.333333 1.000000
vt 0.333333 0.944444
vt 0.361111 0.000000
vt 0.361111 0.111111
vt 0.361111 0.055556
vt 0.361111 0.166667
vt 0.361111 0.222222
vt 0.361111 0.277778
vt 0.361111 0.388889
vt 0.361111 0.333333
vt 0.361111 0.444444
vt 0.361111 0.500000
vt 0.361111 0.555556
vt 0.361111 0.611111
vt 0.361111 0.722222
vt 0.361111 0.666667
vt 0.361111 0.777778
vt 0.361111 0.833333
vt 0.361111 0.944444
vt 0.361111 0.888889
vt 0.361111 1.000000
vt 0.388889 0.055556
vt 0.388889 0.000000
vt 0.388889 0.111111
vt 0.388889 0.166667
vt 0.388889 0.222222
vt 0.388889 0.277778
vt 0.388889 0.388889
vt 0.388889 0.333333
vt 0.388889 0.444444
vt 0.388889 0.500000
vt 0.388889 0.611111
vt 0.388889 0.555556
vt 0.388889 0.722222
vt 0.388889 0.666667
vt 0.388889 0.777778
vt 0.388889 0.833333
vt 0.388889 0.888889
vt 0.388889 1.000000
vt 0.388889 0.944444
vt 0.416667 0.055556
vt 0.416667 0.000000
vt 0.416667 0.166667
vt 0.416667 0.111111
vt 0.416667 0.222222
vt 0.416667 0.277778
vt 0.416667 0.388889
vt 0.416667 0.333333
vt 0.416667 0.444444
vt 0.416667 0.555556
vt 0.416667 0.500000
vt 0.416667 0.666667
vt 0.416667 0.611111
vt 0.416667 0.722222
vt 0.416667 0.777778
vt 0.416667 0.833333
vt 0.416667 0.944444
vt 0.416667 0.888889
vt 0.444444 0.055556
vt 0.444444 0.000000
vt 0.444444 0.111111
vt 0.444444 0.166667
vt 0.444444 0.222222
vt 0.444444 0.277778
vt 0.444444 0.333333
vt 0.444444 0.388889
vt 0.444444 0.444444
vt 0.444444 0.500000
vt 0.444444 0.555556
vt 0.444444 0.666667
vt 0.444444 0.611111
vt 0.444444 0.722222
vt 0.444444 0.777778
vt 0.444444 0.833333
vt 0.444444 0.944444
vt 0.444444 0.888889
vt 0.444444 1.000000
vt 0.472222 0.000000
vt 0.472222 0.111111
vt 0.472222 0.055556
vt 0.472222 0.166667
vt 0.472222 0.277778
vt 0.472222 0.222222
vt 0.472222 0.333333
vt 0.472222 0.388889
vt 0.472222 0.444444
vt 0.472222 0.500000
vt 0.472222 0.611111
vt 0.472222 0.555556
vt 0.472222 0.666667
vt 0.472222 0.777778
vt 0.472222 0.722222
vt 0.472222 0.833333
vt 0.472222 0.944444
vt 0.472222 0.888889
vt 0.472222 1.000000
vt 0.500000 0.055556
vt 0.500000 0.000000
vt 0.500000 0.111111
vt 0.500000 0.166667
vt 0.500000 0.222222
vt 0.500000 0.277778
vt 0.500000 0.333333
vt 0.500000 0.388889
vt 0.500000 0.444444
vt 0.500000 0.500000
vt 0.500000 0.555556
vt 0.500000 0.611111
vt 0.500000 0.722222
vt 0.500000 0.666667
vt 0.500000 0.777778
vt 0.500000 0.833333
vt 0.500000 0.888889
vt 0.500000 1.000000
vt 0.500000 0.944444
vt 0.527778 0.055556
vt 0.527778 0.000000
vt 0.527778 0.111111
vt 0.527778 0.166667
vt 0.527778 0.222222
vt 0.527778 0.277778
vt 0.527778 0.333333
vt 0.527778 0.388889
vt 0.527778 0.444444
vt 0.527778 0.500000
vt 0.527778 0.555556
vt 0.527778 0.666667
vt 0.527778 0.611111
vt 0.527778 0.722222
vt 0.527778 0.777778
vt 0.527778 0.833333
vt 0.527778 0.888889
vt 0.527778 0.944444
vt 0.527778 1.000000
vt 0.555556 0.055556
vt 0.555556 0.000000
vt 0.555556 0.111111
vt 0.555556 0.166667
vt 0.555556 0.222222
vt 0.555556 0.277778
vt 0.555556 0.333333
vt 0.555556 0.444444
vt 0.555556 0.388889
vt 0.555556 0.500000
vt 0.555556 0.555556
vt 0.555556 0.611111
vt 0.555556 0.666667
vt 0.555556 0.722222
vt 0.555556 0.777778
vt 0.555556 0.833333
vt 0.555556 0.944444
vt 0.555556 0.888889
vt 0.583333 0.055556
vt 0.583333 0.000000
vt 0.583333 0.111111
vt 0.583333 0.222222
vt 0.583333 0.166667
vt 0.583333 0.277778
vt 0.583333 0.388889
vt 0.583333 0.333333
vt 0.583333 0.444444
vt 0.583333 0.555556
vt 0.583333 0.500000
vt 0.583333 0.611111
vt 0.583333 0.666667
vt 0.583333 0.722222
vt 0.583333 0.777778
vt 0.583333 0.833333
vt 0.583333 0.888889
vt 0.583333 0.944444
vt 0.555556 1.000000
vt 0.611111 0.000000
vt 0.611111 0.111111
vt 0.611111 0.055556
vt 0.611111 0.166667
vt 0.611111 0.222222
vt 0.611111 0.277778
vt 0.611111 0.333333
vt 0.611111 0.388889
vt 0.611111 0.500000
vt 0.611111 0.444444
vt 0.611111 0.611111
vt 0.611111 0.555556
vt 0.611111 0.666667
vt 0.611111 0.722222
vt 0.611111 0.777778
vt 0.611111 0.888889
vt 0.611111 0.833333
vt 0.611111 1.000000
vt 0.611111 0.944444
vt 0.638889 0.055556
vt 0.638889 0.000000
vt 0.638889 0.111111
vt 0.638889 0.166667
vt 0.638889 0.277778
vt 0.638889 0.222222
vt 0.638889 0.333333
vt 0.638889 0.444444
vt 0.638889 0.388889
vt 0.638889 0.500000
vt 0.638889 0.555556
vt 0.638889 0.666667
vt 0.638889 0.611111
vt 0.638889 0.777778
vt 0.638889 0.722222
vt 0.638889 0.888889
vt 0.638889 0.833333
vt 0.638889 0.944444
vt 0.638889 1.000000
vt 0.666667 0.055556
vt 0.666667 0.000000
vt 0.666667 0.111111
vt 0.666667 0.166667
vt 0.666667 0.222222
vt 0.666667 0.333333
vt 0.666667 0.277778
vt 0.666667 0.444444
vt 0.666667 0.388889
vt 0.666667 0.500000
vt 0.666667 0.555556
vt 0.666667 0.611111
vt 0.666667 0.666667
vt 0.666667 0.777778
vt 0.666667 0.722222
vt 0.666667 0.833333
vt 0.666667 0.888889
vt 0.666667 0.944444
vt 0.694444 0.055556
vt 0.694444 0.000000
vt 0.694444 0.166667
vt 0.694444 0.111111
vt 0.694444 0.277778
vt 0.694444 0.222222
vt 0.694444 0.388889
vt 0.694444 0.333333
vt 0.694444 0.500000
vt 0.694444 0.444444
vt 0.694444 0.555556
vt 0.694444 0.611111
vt 0.694444 0.666667
vt 0.694444 0.722222
vt 0.694444 0.833333
vt 0.694444 0.777778
vt 0.694444 0.944444
vt 0.694444 0.888889
vt 0.694444 1.000000
vt 0.722222 0.000000
vt 0.722222 0.055556
vt 0.722222 0.166667
vt 0.722222 0.111111
vt 0.722222 0.222222
vt 0.722222 0.277778
vt 0.722222 0.333333
vt 0.722222 0.388889
vt 0.722222 0.500000
vt 0.722222 0.444444
vt 0.722222 0.611111
vt 0.722222 0.555556
vt 0.722222 0.666667
vt 0.722222 0.777778
vt 0.722222 0.722222
vt 0.722222 0.888889
vt 0.722222 0.833333
vt 0.722222 0.944444
vt 0.722222 1.000000
vt 0.750000 0.055556
vt 0.750000 0.000000
vt 0.750000 0.111111
vt 0.750000 0.166667
vt 0.750000 0.277778
vt 0.750000 0.222222
vt 0.750000 0.388889
vt 0.750000 0.333333
vt 0.750000 0.444444
vt 0.750000 0.500000
vt 0.750000 0.555556
vt 0.750000 0.666667
vt 0.750000 0.611111
vt 0.750000 0.722222
vt 0.750000 0.777778
vt 0.750000 0.833333
vt 0.750000 0.888889
vt 0.750000 0.944444
vt 0.750000 1.000000
vt 0.777778 0.055556
vt 0.777778 0.000000
vt 0.777778 0.111111
vt 0.777778 0.166667
vt 0.777778 0.222222
vt 0.777778 0.277778
vt 0.777778 0.333333
vt 0.777778 0.388889
vt 0.777778 0.444444
vt 0.777778 0.500000
vt 0.777778 0.555556
vt 0.777778 0.666667
vt 0.777778 0.611111
vt 0.777778 0.777778
vt 0.777778 0.722222
vt 0.777778 0.888889
vt 0.777778 0.833333
vt 0.777778 1.000000
vt 0.777778 0.944444
vt 0.805556 0.000000
vt 0.805556 0.111111
vt 0.805556 0.055556
vt 0.805556 0.166667
vt 0.805556 0.222222
vt 0.805556 0.277778
vt 0.805556 0.333333
vt 0.805556 0.444444
vt 0.805556 0.388889
vt 0.805556 0.500000
vt 0.805556 0.611111
vt 0.805556 0.555556
vt 0.805556 0.666667
vt 0.805556 0.722222
vt 0.805556 0.777778
vt 0.805556 0.833333
vt 0.805556 0.888889
vt 0.805556 1.000000
vt 0.805556 0.944444
vt 0.833333 0.000000
vt 0.833333 0.111111
vt 0.833333 0.055556
vt 0.833333 0.222222
vt 0.833333 0.166667
vt 0.833333 0.277778
vt 0.833333 0.333333
vt 0.833333 0.388889
vt 0.833333 0.444444
vt 0.833333 0.500000
vt 0.833333 0.555556
vt 0.833333 0.611111
vt 0.833333 0.666667
vt 0.833333 0.777778
vt 0.833333 0.722222
vt 0.833333 0.888889
vt 0.833333 0.833333
vt 0.833333 1.000000
vt 0.833333 0.944444
vt 0.861111 0.000000
vt 0.861111 0.111111
vt 0.861111 0.055556
vt 0.861111 0.166667
vt 0.861111 0.222222
vt 0.861111 0.277778
vt 0.861111 0.388889
vt 0.861111 0.333333
vt 0.861111 0.444444
vt 0.861111 0.500000
vt 0.861111 0.555556
vt 0.861111 0.611111
vt 0.861111 0.722222
vt 0.861111 0.666667
vt 0.861111 0.777778
vt 0.861111 0.833333
vt 0.861111 0.944444
vt 0.861111 0.888889
vt 0.861111 1.000000
vt 0.888889 0.055556
vt 0.888889 0.000000
vt 0.888889 0.111111
vt 0.888889 0.166667
vt 0.888889 0.222222
vt 0.888889 0.277778
vt 0.888889 0.388889
vt 0.888889 0.333333
vt 0.888889 0.444444
vt 0.888889 0.500000
vt 0.888889 0.611111
vt 0.888889 0.555556
vt 0.888889 0.722222
vt 0.888889 0.666667
vt 0.888889 0.777778
vt 0.888889 0.833333
vt 0.888889 0.888889
vt 0.888889 1.000000
vt 0.888889 0.944444
vt 0.916667 0.055556
vt 0.916667 0.000000
vt 0.916667 0.166667
vt 0.916667 0.111111
vt 0.916667 0.222222
vt 0.916667 0.277778
vt 0.916667 0.388889
vt 0.916667 0.333333
vt 0.916667 0.444444
vt 0.916667 0.555556
vt 0.916667 0.500000
vt 0.916667 0.666667
vt 0.916667 0.611111
vt 0.916667 0.722222
vt 0.916667 0.777778
vt 0.916667 0.833333
vt 0.916667 0.944444
vt 0.916667 0.888889
vt 0.944444 0.055556
vt 0.944444 0.000000
vt 0.944444 0.111111
vt 0.944444 0.166667
vt 0.944444 0.222222
vt 0.944444 0.277778
vt 0.944444 0.333333
vt 0.944444 0.388889
vt 0.944444 0.444444
vt 0.944444 0.500000
vt 0.944444 0.555556
vt 0.944444 0.666667
vt 0.944444 0.611111
vt 0.944444 0.722222
vt 0.944444 0.777778
vt 0.944444 0.833333
vt 0.944444 0.944444
vt 0.944444 0.888889
vt 0.944444 1.000000
vt 0.972222 0.000000
vt 0.972222 0.111111
vt 0.972222 0.055556
vt 0.972222 0.166667
vt 0.972222 0.277778
vt 0.972222 0.222222
vt 0.972222 0.333333
vt 0.972222 0.388889
vt 0.972222 0.444444
vt 0.972222 0.500000
vt 0.972222 0.611111
vt 0.972222 0.555556
vt 0.972222 0.666667
vt 0.972222 0.777778
vt 0.972222 0.722222
vt 0.972222 0.833333
vt 0.972222 0.944444
vt 0.972222 0.888889
vt 0.972222 1.000000
vt 1.000000 0.055556
vt 1.000000 0.000000
vt 1.000000 0.111111
vt 1.000000 0.166667
vt 1.000000 0.222222
vt 1.000000 0.277778
vt 1.000000 0.333333
vt 1.000000 0.388889
vt 1.000000 0.444444
vt 1.000000 0.500000
vt 1.000000 0.555556
vt 1.000000 0.611111
vt 1.000000 0.722222
vt 1.000000 0.666667
vt 1.000000 0.777778
vt 1.000000 0.833333
vt 1.000000 0.888889
vt 1.000000 1.000000
vt 1.000000 0.944444
vt 0.000000 1.000000
vt 0.083333 1.000000
vt 0.166667 1.000000
vt 0.416667 1.000000
vt 0.583333 1.000000
vt 0.666667 1.000000
vt 0.916667 1.000000
s 1
usemtl Mat
f 5181/5106/4411 5162/5107/4412 5180/5108/4413
f 5182/5109/4414 5163/5110/4415 5181/5106/4411
f 5183/5111/4416 5164/5112/4417 5182/5109/4414
f 5184/5113/4418 5165/5114/4419 5183/5111/4416
f 5185/5115/4420 5166/5116/4421 5184/5113/4418
f 5186/5117/4422 5167/5118/4423 5185/5115/4420
f 5187/5119/4424 5168/5120/4425 5186/5117/4422
f 5188/5121/4426 5169/5122/4427 5187/5119/4424
f 5189/5123/4428 5170/5124/4429 5188/5121/4426
f 5190/5125/4430 5171/5126/4431 5189/5123/4428
f 5190/5125/4430 5173/5127/4432 5172/5128/4433
f 5192/5129/4434 5173/5127/4432 5191/5130/4435
f 5193/5131/4436 5174/5132/4437 5192/5129/4434
f 5194/5133/4438 5175/5134/4439 5193/5131/4436
f 5195/5135/4440 5176/5136/4441 5194/5133/4438
f 5196/5137/4442 5177/5138/4443 5195/5135/4440
f 5197/5139/4444 5178/5140/4445 5196/5137/4442
f 5180/5141/4413 5179/5142/4446 5197/5139/4444
f 5199/5143/4447 5180/5108/4413 5198/5144/4448
f 5200/5145/4449 5181/5106/4411 5199/5143/4447
f 5201/5146/4450 5182/5109/4414 5200/5145/4449
f 5202/5147/4451 5183/5111/4416 5201/5146/4450
f 5203/5148/4452 5184/5113/4418 5202/5147/4451
f 5204/5149/4453 5185/5115/4420 5203/5148/4452
f 5204/5149/4453 5187/5119/4424 5186/5117/4422
f 5206/5150/4454 5187/5119/4424 5205/5151/4455
f 5207/5152/4456 5188/5121/4426 5206/5150/4454
f 5208/5153/4457 5189/5123/4428 5207/5152/4456
f 5209/5154/4458 5190/5125/4430 5208/5153/4457
f 5210/5155/4459 5191/5130/4435 5209/5154/4458
f 5211/5156/4460 5192/5129/4434 5210/5155/4459
f 5212/5157/4461 5193/5131/4436 5211/5156/4460
f 5212/5157/4461 5195/5135/4440 5194/5133/4438
f 5213/5158/4462 5196/5137/4442 5195/5135/4440
f 5215/5159/4463 5196/5137/4442 5214/5160/4464
f 5215/5159/4463 5180/5141/4413 5197/5139/4444
f 5217/5161/4465 5198/5144/4448 5216/5162/4466
f 5218/5163/4467 5199/5143/4447 5217/5161/4465
f 5218/5163/4467 5201/5146/4450 5200/5145/4449
f 5220/5164/4468 5201/5146/4450 5219/5165/4469
f 5221/5166/4470 5202/5147/4451 5220/5164/4468
f 5221/5166/4470 5204/5149/4453 5203/5148/4452
f 5223/5167/4471 5204/5149/4453 5222/5168/4472
f 5224/5169/4473 5205/5151/4455 5223/5167/4471
f 5224/5169/4473 5207/5152/4456 5206/5150/4454
f 5226/5170/4474 5207/5152/4456 5225/5171/4475
f 5227/5172/4476 5208/5153/4457 5226/5170/4474
f 5228/5173/4477 5209/5154/4458 5227/5172/4476
f 5229/5174/4478 5210/5155/4459 5228/5173/4477
f 5230/5175/4479 5211/5156/4460 5229/5174/4478
f 5231/5176/4480 5212/5157/4461 5230/5175/4479
f 5232/5177/4481 5213/5158/4462 5231/5176/4480
f 5232/5177/4481 5215/5159/4463 5214/5160/4464
f 5233/5178/4482 5198/5179/4448 5215/5159/4463
f 5234/5180/4483 5217/5161/4465 5216/5162/4466
f 5236/5181/4484 5217/5161/4465 5235/5182/4485
f 5237/5183/4486 5218/5163/4467 5236/5181/4484
f 5238/5184/4487 5219/5165/4469 5237/5183/4486
f 5239/5185/4488 5220/5164/4468 5238/5184/4487
f 5240/5186/4489 5221/5166/4470 5239/5185/4488
f 5241/5187/4490 5222/5168/4472 5240/5186/4489
f 5241/5187/4490 5224/5169/4473 5223/5167/4471
f 5243/5188/4491 5224/5169/4473 5242/5189/4492
f 5243/5188/4491 5226/5170/4474 5225/5171/4475
f 5245/5190/4493 5226/5170/4474 5244/5191/4494
f 5246/5192/4495 5227/5172/4476 5245/5190/4493
f 5246/5192/4495 5229/5174/4478 5228/5173/4477
f 5247/5193/4496 5230/5175/4479 5229/5174/4478
f 5248/5194/4497 5231/5176/4480 5230/5175/4479
f 5250/5195/4498 5231/5176/4480 5249/5196/4499
f 5250/5195/4498 5233/5178/4482 5232/5177/4481
f 5234/5197/4483 5233/5178/4482 5251/5198/4500
f 5253/5199/4501 5234/5180/4483 5252/5200/4502
f 5254/5201/4503 5235/5182/4485 5253/5199/4501
f 5255/5202/4504 5236/5181/4484 5254/5201/4503
f 5255/5202/4504 5238/5184/4487 5237/5183/4486
f 5257/5203/4505 5238/5184/4487 5256/5204/4506
f 5258/5205/4507 5239/5185/4488 5257/5203/4505
f 5258/5205/4507 5241/5187/4490 5240/5186/4489
f 5260/5206/4508 5241/5187/4490 5259/5207/4509
f 5261/5208/4510 5242/5189/4492 5260/5206/4508
f 5262/5209/4511 5243/5188/4491 5261/5208/4510
f 5262/5209/4511 5245/5190/4493 5244/5191/4494
f 5264/5210/4512 5245/5190/4493 5263/5211/4513
f 5264/5210/4512 5247/5193/4496 5246/5192/4495
f 5266/5212/4514 5247/5193/4496 5265/5213/4515
f 5266/5212/4514 5249/5196/4499 5248/5194/4497
f 5268/5214/4516 5249/5196/4499 5267/5215/4517
f 5269/5216/4518 5250/5195/4498 5268/5214/4516
f 5252/5217/4502 5251/5198/4500 5269/5216/4518
f 5271/5218/4519 5252/5200/4502 5270/5219/4520
f 5271/5218/4519 5254/5201/4503 5253/5199/4501
f 5272/5220/4521 5255/5202/4504 5254/5201/4503
f 5273/5221/4522 5256/5204/4506 5255/5202/4504
f 5274/5222/4523 5257/5203/4505 5256/5204/4506
f 5276/5223/4524 5257/5203/4505 5275/5224/4525
f 5276/5223/4524 5259/5207/4509 5258/5205/4507
f 5278/5225/4526 5259/5207/4509 5277/5226/4527
f 5279/5227/4528 5260/5206/4508 5278/5225/4526
f 5280/5228/4529 5261/5208/4510 5279/5227/4528
f 5281/5229/4530 5262/5209/4511 5280/5228/4529
f 5282/5230/4531 5263/5211/4513 5281/5229/4530
f 5282/5230/4531 5265/5213/4515 5264/5210/4512
f 5284/5231/4532 5265/5213/4515 5283/5232/4533
f 5285/5233/4534 5266/5212/4514 5284/5231/4532
f 5286/5234/4535 5267/5215/4517 5285/5233/4534
f 5287/5235/4536 5268/5214/4516 5286/5234/4535
f 5287/5235/4536 5252/5217/4502 5269/5216/4518
f 5289/5236/4537 5270/5219/4520 5288/5237/4538
f 5289/5236/4537 5272/5220/4521 5271/5218/4519
f 5291/5238/4539 5272/5220/4521 5290/5239/4540
f 5291/5238/4539 5274/5222/4523 5273/5221/4522
f 5293/5240/4541 5274/5222/4523 5292/5241/4542
f 5293/5240/4541 5276/5223/4524 5275/5224/4525
f 5295/5242/4543 5276/5223/4524 5294/5243/4544
f 5295/5242/4543 5278/5225/4526 5277/5226/4527
f 5297/5244/4545 5278/5225/4526 5296/5245/4546
f 5298/5246/4547 5279/5227/4528 5297/5244/4545
f 5299/5247/4548 5280/5228/4529 5298/5246/4547
f 5300/5248/4549 5281/5229/4530 5299/5247/4548
f 5301/5249/4550 5282/5230/4531 5300/5248/4549
f 5301/5249/4550 5284/5231/4532 5283/5232/4533
f 5303/5250/4551 5284/5231/4532 5302/5251/4552
f 5303/5250/4551 5286/5234/4535 5285/5233/4534
f 5305/5252/4553 5286/5234/4535 5304/5253/4554
f 5288/5254/4538 5287/5235/4536 5305/5252/4553
f 5306/5255/4555 5289/5236/4537 5288/5237/4538
f 5307/5256/4556 5290/5239/4540 5289/5236/4537
f 5309/5257/4557 5290/5239/4540 5308/5258/4558
f 5310/5259/4559 5291/5238/4539 5309/5257/4557
f 5311/5260/4560 5292/5241/4542 5310/5259/4559
f 5312/5261/4561 5293/5240/4541 5311/5260/4560
f 5313/5262/4562 5294/5243/4544 5312/5261/4561
f 5313/5262/4562 5296/5245/4546 5295/5242/4543
f 5315/5263/4563 5296/5245/4546 5314/5264/4564
f 5315/5263/4563 5298/5246/4547 5297/5244/4545
f 5317/5265/4565 5298/5246/4547 5316/5266/4566
f 5318/5267/4567 5299/5247/4548 5317/5265/4565
f 5318/5267/4567 5301/5249/4550 5300/5248/4549
f 5320/5268/4568 5301/5249/4550 5319/5269/4569
f 5320/5268/4568 5303/5250/4551 5302/5251/4552
f 5322/5270/4570 5303/5250/4551 5321/5271/4571
f 5323/5272/4572 5304/5253/4554 5322/5270/4570
f 5306/5273/4555 5305/5252/4553 5323/5272/4572
f 5325/5274/4573 5306/5255/4555 5324/5275/4574
f 5326/5276/4575 5307/5256/4556 5325/5274/4573
f 5327/5277/4576 5308/5258/4558 5326/5276/4575
f 5327/5277/4576 5310/5259/4559 5309/5257/4557
f 5329/5278/4577 5310/5259/4559 5328/5279/4578
f 5329/5278/4577 5312/5261/4561 5311/5260/4560
f 5331/5280/4579 5312/5261/4561 5330/5281/4580
f 5332/5282/4581 5313/5262/4562 5331/5280/4579
f 5333/5283/4582 5314/5264/4564 5332/5282/4581
f 5334/5284/4583 5315/5263/4563 5333/5283/4582
f 5334/5284/4583 5317/5265/4565 5316/5266/4566
f 5336/5285/4584 5317/5265/4565 5335/5286/4585
f 5337/5287/4586 5318/5267/4567 5336/5285/4584
f 5338/5288/4587 5319/5269/4569 5337/5287/4586
f 5339/5289/4588 5320/5268/4568 5338/5288/4587
f 5340/5290/4589 5321/5271/4571 5339/5289/4588
f 5341/5291/4590 5322/5270/4570 5340/5290/4589
f 5324/5292/4574 5323/5272/4572 5341/5291/4590
f 5343/5293/4591 5324/5275/4574 5342/5294/4592
f 5344/5295/4593 5325/5274/4573 5343/5293/4591
f 5345/5296/4594 5326/5276/4575 5344/5295/4593
f 5346/5297/4595 5327/5277/4576 5345/5296/4594
f 5347/5298/4596 5328/5279/4578 5346/5297/4595
f 5348/5299/4597 5329/5278/4577 5347/5298/4596
f 5349/5300/4598 5330/5281/4580 5348/5299/4597
f 5350/5301/4599 5331/5280/4579 5349/5300/4598
f 5351/5302/4600 5332/5282/4581 5350/5301/4599
f 5352/5303/4601 5333/5283/4582 5351/5302/4600
f 5352/5303/4601 5335/5286/4585 5334/5284/4583
f 5354/5304/4602 5335/5286/4585 5353/5305/4603
f 5354/5304/4602 5337/5287/4586 5336/5285/4584
f 5356/5306/4604 5337/5287/4586 5355/5307/4605
f 5356/5306/4604 5339/5289/4588 5338/5288/4587
f 5358/5308/4606 5339/5289/4588 5357/5309/4607
f 5358/5308/4606 5341/5291/4590 5340/5290/4589
f 5342/5310/4592 5341/5291/4590 5359/5311/4608
f 5360/5312/4609 5343/5293/4591 5342/5294/4592
f 5362/5313/4610 5343/5293/4591 5361/5314/4611
f 5363/5315/4612 5344/5295/4593 5362/5313/4610
f 5364/5316/4613 5345/5296/4594 5363/5315/4612
f 5365/5317/4614 5346/5297/4595 5364/5316/4613
f 5365/5317/4614 5348/5299/4597 5347/5298/4596
f 5366/5318/4615 5349/5300/4598 5348/5299/4597
f 5368/5319/4616 5349/5300/4598 5367/5320/4617
f 5369/5321/4618 5350/5301/4599 5368/5319/4616
f 5369/5321/4618 5352/5303/4601 5351/5302/4600
f 5371/5322/4619 5352/5303/4601 5370/5323/4620
f 5372/5324/4621 5353/5305/4603 5371/5322/4619
f 5373/5325/4622 5354/5304/4602 5372/5324/4621
f 5374/5326/4623 5355/5307/4605 5373/5325/4622
f 5375/5327/4624 5356/5306/4604 5374/5326/4623
f 5375/5327/4624 5358/5308/4606 5357/5309/4607
f 5376/5328/4625 5359/5311/4608 5358/5308/4606
f 5360/5329/4609 5359/5311/4608 5377/5330/4626
f 5378/5331/4627 5361/5314/4611 5360/5312/4609
f 5380/5332/4628 5361/5314/4611 5379/5333/4629
f 5380/5332/4628 5363/5315/4612 5362/5313/4610
f 5382/5334/4630 5363/5315/4612 5381/5335/4631
f 5383/5336/4632 5364/5316/4613 5382/5334/4630
f 5384/5337/4633 5365/5317/4614 5383/5336/4632
f 5385/5338/4634 5366/5318/4615 5384/5337/4633
f 5386/5339/4635 5367/5320/4617 5385/5338/4634
f 5387/5340/4636 5368/5319/4616 5386/5339/4635
f 5388/5341/4637 5369/5321/4618 5387/5340/4636
f 5388/5341/4637 5371/5322/4619 5370/5323/4620
f 5389/5342/4638 5372/5324/4621 5371/5322/4619
f 5390/5343/4639 5373/5325/4622 5372/5324/4621
f 5392/5344/4640 5373/5325/4622 5391/5345/4641
f 5392/5344/4640 5375/5327/4624 5374/5326/4623
f 5394/5346/4642 5375/5327/4624 5393/5347/4643
f 5394/5346/4642 5377/5330/4626 5376/5328/4625
f 5378/5348/4627 5377/5330/4626 5395/5349/4644
f 5396/5350/4645 5379/5333/4629 5378/5331/4627
f 5398/5351/4646 5379/5333/4629 5397/5352/4647
f 5399/5353/4648 5380/5332/4628 5398/5351/4646
f 5400/5354/4649 5381/5335/4631 5399/5353/4648
f 5401/5355/4650 5382/5334/4630 5400/5354/4649
f 5401/5355/4650 5384/5337/4633 5383/5336/4632
f 5403/5356/4651 5384/5337/4633 5402/5357/4652
f 5404/5358/4653 5385/5338/4634 5403/5356/4651
f 5405/5359/4654 5386/5339/4635 5404/5358/4653
f 5406/5360/4655 5387/5340/4636 5405/5359/4654
f 5407/5361/4656 5388/5341/4637 5406/5360/4655
f 5407/5361/4656 5390/5343/4639 5389/5342/4638
f 5409/5362/4657 5390/5343/4639 5408/5363/4658
f 5409/5362/4657 5392/5344/4640 5391/5345/4641
f 5410/5364/4659 5393/5347/4643 5392/5344/4640
f 5411/5365/4660 5394/5346/4642 5393/5347/4643
f 5413/5366/4661 5394/5346/4642 5412/5367/4662
f 5396/5368/4645 5395/5349/4644 5413/5366/4661
f 5415/5369/4663 5396/5350/4645 5414/5370/4664
f 5416/5371/4665 5397/5352/4647 5415/5369/4663
f 5417/5372/4666 5398/5351/4646 5416/5371/4665
f 5418/5373/4667 5399/5353/4648 5417/5372/4666
f 5419/5374/4668 5400/5354/4649 5418/5373/4667
f 5419/5374/4668 5402/5357/4652 5401/5355/4650
f 5421/5375/4669 5402/5357/4652 5420/5376/4670
f 5422/5377/4671 5403/5356/4651 5421/5375/4669
f 5423/5378/4672 5404/5358/4653 5422/5377/4671
f 5423/5378/4672 5406/5360/4655 5405/5359/4654
f 5425/5379/4673 5406/5360/4655 5424/5380/4674
f 5425/5379/4673 5408/5363/4658 5407/5361/4656
f 5427/5381/4675 5408/5363/4658 5426/5382/4676
f 5428/5383/4677 5409/5362/4657 5427/5381/4675
f 5429/5384/4678 5410/5364/4659 5428/5383/4677
f 5430/5385/4679 5411/5365/4660 5429/5384/4678
f 5430/5385/4679 5413/5366/4661 5412/5367/4662
f 5414/5386/4664 5413/5366/4661 5431/5387/4680
f 5433/5388/4681 5414/5370/4664 5432/5389/4682
f 5433/5388/4681 5416/5371/4665 5415/5369/4663
f 5435/5390/4683 5416/5371/4665 5434/5391/4684
f 5435/5390/4683 5418/5373/4667 5417/5372/4666
f 5436/5392/4685 5419/5374/4668 5418/5373/4667
f 5437/5393/4686 5420/5376/4670 5419/5374/4668
f 5439/5394/4687 5420/5376/4670 5438/5395/4688
f 5440/5396/4689 5421/5375/4669 5439/5394/4687
f 5440/5396/4689 5423/5378/4672 5422/5377/4671
f 5442/5397/4690 5423/5378/4672 5441/5398/4691
f 5442/5397/4690 5425/5379/4673 5424/5380/4674
f 5444/5399/4692 5425/5379/4673 5443/5400/4693
f 5445/5401/4694 5426/5382/4676 5444/5399/4692
f 5446/5402/4695 5427/5381/4675 5445/5401/4694
f 5447/5403/4696 5428/5383/4677 5446/5402/4695
f 5447/5403/4696 5430/5385/4679 5429/5384/4678
f 5449/5404/4697 5430/5385/4679 5448/5405/4698
f 5449/5404/4697 5414/5386/4664 5431/5387/4680
f 5451/5406/4699 5432/5389/4682 5450/5407/4700
f 5452/5408/4701 5433/5388/4681 5451/5406/4699
f 5453/5409/4702 5434/5391/4684 5452/5408/4701
f 5454/5410/4703 5435/5390/4683 5453/5409/4702
f 5455/5411/4704 5436/5392/4685 5454/5410/4703
f 5456/5412/4705 5437/5393/4686 5455/5411/4704
f 5457/5413/4706 5438/5395/4688 5456/5412/4705
f 5458/5414/4707 5439/5394/4687 5457/5413/4706
f 5459/5415/4708 5440/5396/4689 5458/5414/4707
f 5459/5415/4708 5442/5397/4690 5441/5398/4691
f 5460/5416/4709 5443/5400/4693 5442/5397/4690
f 5462/5417/4710 5443/5400/4693 5461/5418/4711
f 5462/5417/4710 5445/5401/4694 5444/5399/4692
f 5463/5419/4712 5446/5402/4695 5445/5401/4694
f 5464/5420/4713 5447/5403/4696 5446/5402/4695
f 5465/5421/4714 5448/5405/4698 5447/5403/4696
f 5467/5422/4715 5448/5405/4698 5466/5423/4716
f 5450/5424/4700 5449/5404/4697 5467/5422/4715
f 5468/5425/4717 5451/5406/4699 5450/5407/4700
f 5470/5426/4718 5451/5406/4699 5469/5427/4719
f 5471/5428/4720 5452/5408/4701 5470/5426/4718
f 5471/5428/4720 5454/5410/4703 5453/5409/4702
f 5473/5429/4721 5454/5410/4703 5472/5430/4722
f 5474/5431/4723 5455/5411/4704 5473/5429/4721
f 5475/5432/4724 5456/5412/4705 5474/5431/4723
f 5476/5433/4725 5457/5413/4706 5475/5432/4724
f 5477/5434/4726 5458/5414/4707 5476/5433/4725
f 5477/5434/4726 5460/5416/4709 5459/5415/4708
f 5479/5435/4727 5460/5416/4709 5478/5436/4728
f 5479/5435/4727 5462/5417/4710 5461/5418/4711
f 5480/5437/4729 5463/5419/4712 5462/5417/4710
f 5482/5438/4730 5463/5419/4712 5481/5439/4731
f 5483/5440/4732 5464/5420/4713 5482/5438/4730
f 5483/5440/4732 5466/5423/4716 5465/5421/4714
f 5485/5441/4733 5466/5423/4716 5484/5442/4734
f 5468/5443/4717 5467/5422/4715 5485/5441/4733
f 5487/5444/4735 5468/5425/4717 5486/5445/4431
f 5488/5446/4736 5469/5427/4719 5487/5444/4735
f 5489/5447/4737 5470/5426/4718 5488/5446/4736
f 5490/5448/4738 5471/5428/4720 5489/5447/4737
f 5491/5449/4739 5472/5430/4722 5490/5448/4738
f 5492/5450/4740 5473/5429/4721 5491/5449/4739
f 5493/5451/4741 5474/5431/4723 5492/5450/4740
f 5494/5452/4742 5475/5432/4724 5493/5451/4741
f 5495/5453/4412 5476/5433/4725 5494/5452/4742
f 5496/5454/4743 5477/5434/4726 5495/5453/4412
f 5497/5455/4744 5478/5436/4728 5496/5454/4743
f 5497/5455/4744 5480/5437/4729 5479/5435/4727
f 5499/5456/4745 5480/5437/4729 5498/5457/4746
f 5500/5458/4747 5481/5439/4731 5499/5456/4745
f 5501/5459/4748 5482/5438/4730 5500/5458/4747
f 5502/5460/4749 5483/5440/4732 5501/5459/4748
f 5502/5460/4749 5485/5441/4733 5484/5442/4734
f 5486/5461/4431 5485/5441/4733 5503/5462/4750
f 5505/5463/4751 5486/5445/4431 5504/5464/4428
f 5506/5465/4752 5487/5444/4735 5505/5463/4751
f 5507/5466/4753 5488/5446/4736 5506/5465/4752
f 5508/5467/4754 5489/5447/4737 5507/5466/4753
f 5509/5468/4755 5490/5448/4738 5508/5467/4754
f 5510/5469/4756 5491/5449/4739 5509/5468/4755
f 5511/5470/4757 5492/5450/4740 5510/5469/4756
f 5512/5471/4758 5493/5451/4741 5511/5470/4757
f 5513/5472/4413 5494/5452/4742 5512/5471/4758
f 5514/5473/4759 5495/5453/4412 5513/5472/4413
f 5514/5473/4759 5497/5455/4744 5496/5454/4743
f 5516/5474/4760 5497/5455/4744 5515/5475/4761
f 5517/5476/4762 5498/5457/4746 5516/5474/4760
f 5518/5477/4763 5499/5456/4745 5517/5476/4762
f 5519/5478/4764 5500/5458/4747 5518/5477/4763
f 5520/5479/4765 5501/5459/4748 5519/5478/4764
f 5521/5480/4766 5502/5460/4749 5520/5479/4765
f 5504/5481/4428 5503/5462/4750 5521/5480/4766
f 5523/5482/4767 5504/5464/4428 5522/5483/4456
f 5524/5484/4768 5505/5463/4751 5523/5482/4767
f 5525/5485/4769 5506/5465/4752 5524/5484/4768
f 5526/5486/4770 5507/5466/4753 5525/5485/4769
f 5527/5487/4771 5508/5467/4754 5526/5486/4770
f 5528/5488/4772 5509/5468/4755 5527/5487/4771
f 5528/5488/4772 5511/5470/4757 5510/5469/4756
f 5530/5489/4773 5511/5470/4757 5529/5490/4774
f 5531/5491/4448 5512/5471/4758 5530/5489/4773
f 5532/5492/4775 5513/5472/4413 5531/5491/4448
f 5533/5493/4776 5514/5473/4759 5532/5492/4775
f 5534/5494/4777 5515/5475/4761 5533/5493/4776
f 5535/5495/4778 5516/5474/4760 5534/5494/4777
f 5536/5496/4779 5517/5476/4762 5535/5495/4778
f 5536/5496/4779 5519/5478/4764 5518/5477/4763
f 5537/5497/4780 5520/5479/4765 5519/5478/4764
f 5539/5498/4781 5520/5479/4765 5538/5499/4782
f 5539/5498/4781 5504/5481/4428 5521/5480/4766
f 5541/5500/4783 5522/5483/4456 5540/5501/4475
f 5542/5502/4784 5523/5482/4767 5541/5500/4783
f 5542/5502/4784 5525/5485/4769 5524/5484/4768
f 5544/5503/4785 5525/5485/4769 5543/5504/4786
f 5545/5505/4787 5526/5486/4770 5544/5503/4785
f 5545/5505/4787 5528/5488/4772 5527/5487/4771
f 5547/5506/4788 5528/5488/4772 5546/5507/4789
f 5548/5508/4790 5529/5490/4774 5547/5506/4788
f 5548/5508/4790 5531/5491/4448 5530/5489/4773
f 5550/5509/4791 5531/5491/4448 5549/5510/4466
f 5551/5511/4792 5532/5492/4775 5550/5509/4791
f 5552/5512/4793 5533/5493/4776 5551/5511/4792
f 5553/5513/4794 5534/5494/4777 5552/5512/4793
f 5554/5514/4795 5535/5495/4778 5553/5513/4794
f 5555/5515/4796 5536/5496/4779 5554/5514/4795
f 5556/5516/4797 5537/5497/4780 5555/5515/4796
f 5556/5516/4797 5539/5498/4781 5538/5499/4782
f 5557/5517/4798 5522/5518/4456 5539/5498/4781
f 5558/5519/4491 5541/5500/4783 5540/5501/4475
f 5560/5520/4799 5541/5500/4783 5559/5521/4800
f 5561/5522/4801 5542/5502/4784 5560/5520/4799
f 5562/5523/4802 5543/5504/4786 5561/5522/4801
f 5563/5524/4803 5544/5503/4785 5562/5523/4802
f 5564/5525/4804 5545/5505/4787 5563/5524/4803
f 5565/5526/4805 5546/5507/4789 5564/5525/4804
f 5565/5526/4805 5548/5508/4790 5547/5506/4788
f 5567/5527/4483 5548/5508/4790 5566/5528/4806
f 5567/5527/4483 5550/5509/4791 5549/5510/4466
f 5569/5529/4807 5550/5509/4791 5568/5530/4808
f 5570/5531/4809 5551/5511/4792 5569/5529/4807
f 5570/5531/4809 5553/5513/4794 5552/5512/4793
f 5571/5532/4810 5554/5514/4795 5553/5513/4794
f 5572/5533/4811 5555/5515/4796 5554/5514/4795
f 5574/5534/4812 5555/5515/4796 5573/5535/4813
f 5574/5534/4812 5557/5517/4798 5556/5516/4797
f 5558/5536/4491 5557/5517/4798 5575/5537/4814
f 5577/5538/4815 5558/5519/4491 5576/5539/4510
f 5578/5540/4816 5559/5521/4800 5577/5538/4815
f 5579/5541/4817 5560/5520/4799 5578/5540/4816
f 5579/5541/4817 5562/5523/4802 5561/5522/4801
f 5581/5542/4818 5562/5523/4802 5580/5543/4819
f 5582/5544/4820 5563/5524/4803 5581/5542/4818
f 5582/5544/4820 5565/5526/4805 5564/5525/4804
f 5584/5545/4821 5565/5526/4805 5583/5546/4822
f 5585/5547/4502 5566/5528/4806 5584/5545/4821
f 5586/5548/4823 5567/5527/4483 5585/5547/4502
f 5586/5548/4823 5569/5529/4807 5568/5530/4808
f 5588/5549/4824 5569/5529/4807 5587/5550/4825
f 5588/5549/4824 5571/5532/4810 5570/5531/4809
f 5590/5551/4826 5571/5532/4810 5589/5552/4827
f 5590/5551/4826 5573/5535/4813 5572/5533/4811
f 5592/5553/4828 5573/5535/4813 5591/5554/4829
f 5593/5555/4830 5574/5534/4812 5592/5553/4828
f 5576/5556/4510 5575/5537/4814 5593/5555/4830
f 5595/5557/4831 5576/5539/4510 5594/5558/4528
f 5595/5557/4831 5578/5540/4816 5577/5538/4815
f 5596/5559/4832 5579/5541/4817 5578/5540/4816
f 5597/5560/4833 5580/5543/4819 5579/5541/4817
f 5598/5561/4834 5581/5542/4818 5580/5543/4819
f 5600/5562/4835 5581/5542/4818 5599/5563/4836
f 5600/5562/4835 5583/5546/4822 5582/5544/4820
f 5602/5564/4837 5583/5546/4822 5601/5565/4838
f 5603/5566/4520 5584/5545/4821 5602/5564/4837
f 5604/5567/4839 5585/5547/4502 5603/5566/4520
f 5605/5568/4840 5586/5548/4823 5604/5567/4839
f 5606/5569/4841 5587/5550/4825 5605/5568/4840
f 5606/5569/4841 5589/5552/4827 5588/5549/4824
f 5608/5570/4842 5589/5552/4827 5607/5571/4843
f 5609/5572/4844 5590/5551/4826 5608/5570/4842
f 5610/5573/4845 5591/5554/4829 5609/5572/4844
f 5611/5574/4846 5592/5553/4828 5610/5573/4845
f 5611/5574/4846 5576/5556/4510 5593/5555/4830
f 5613/5575/4847 5594/5558/4528 5612/5576/4545
f 5613/5575/4847 5596/5559/4832 5595/5557/4831
f 5615/5577/4848 5596/5559/4832 5614/5578/4849
f 5615/5577/4848 5598/5561/4834 5597/5560/4833
f 5617/5579/4850 5598/5561/4834 5616/5580/4851
f 5617/5579/4850 5600/5562/4835 5599/5563/4836
f 5619/5581/4852 5600/5562/4835 5618/5582/4853
f 5619/5581/4852 5602/5564/4837 5601/5565/4838
f 5621/5583/4538 5602/5564/4837 5620/5584/4854
f 5622/5585/4855 5603/5566/4520 5621/5583/4538
f 5623/5586/4856 5604/5567/4839 5622/5585/4855
f 5624/5587/4857 5605/5568/4840 5623/5586/4856
f 5625/5588/4858 5606/5569/4841 5624/5587/4857
f 5625/5588/4858 5608/5570/4842 5607/5571/4843
f 5627/5589/4859 5608/5570/4842 5626/5590/4860
f 5627/5589/4859 5610/5573/4845 5609/5572/4844
f 5629/5591/4861 5610/5573/4845 5628/5592/4862
f 5612/5593/4545 5611/5574/4846 5629/5591/4861
f 5630/5594/4563 5613/5575/4847 5612/5576/4545
f 5631/5595/4863 5614/5578/4849 5613/5575/4847
f 5633/5596/4864 5614/5578/4849 5632/5597/4865
f 5634/5598/4866 5615/5577/4848 5633/5596/4864
f 5635/5599/4867 5616/5580/4851 5634/5598/4866
f 5636/5600/4868 5617/5579/4850 5635/5599/4867
f 5637/5601/4869 5618/5582/4853 5636/5600/4868
f 5637/5601/4869 5620/5584/4854 5619/5581/4852
f 5639/5602/4870 5620/5584/4854 5638/5603/4871
f 5639/5602/4870 5622/5585/4855 5621/5583/4538
f 5641/5604/4872 5622/5585/4855 5640/5605/4873
f 5642/5606/4874 5623/5586/4856 5641/5604/4872
f 5642/5606/4874 5625/5588/4858 5624/5587/4857
f 5644/5607/4875 5625/5588/4858 5643/5608/4876
f 5644/5607/4875 5627/5589/4859 5626/5590/4860
f 5646/5609/4877 5627/5589/4859 5645/5610/4878
f 5647/5611/4879 5628/5592/4862 5646/5609/4877
f 5630/5612/4563 5629/5591/4861 5647/5611/4879
f 5649/5613/4880 5630/5594/4563 5648/5614/4582
f 5650/5615/4881 5631/5595/4863 5649/5613/4880
f 5651/5616/4882 5632/5597/4865 5650/5615/4881
f 5651/5616/4882 5634/5598/4866 5633/5596/4864
f 5653/5617/4883 5634/5598/4866 5652/5618/4884
f 5653/5617/4883 5636/5600/4868 5635/5599/4867
f 5655/5619/4885 5636/5600/4868 5654/5620/4886
f 5656/5621/4887 5637/5601/4869 5655/5619/4885
f 5657/5622/4574 5638/5603/4871 5656/5621/4887
f 5658/5623/4888 5639/5602/4870 5657/5622/4574
f 5658/5623/4888 5641/5604/4872 5640/5605/4873
f 5660/5624/4889 5641/5604/4872 5659/5625/4890
f 5661/5626/4891 5642/5606/4874 5660/5624/4889
f 5662/5627/4892 5643/5608/4876 5661/5626/4891
f 5663/5628/4893 5644/5607/4875 5662/5627/4892
f 5664/5629/4894 5645/5610/4878 5663/5628/4893
f 5665/5630/4895 5646/5609/4877 5664/5629/4894
f 5648/5631/4582 5647/5611/4879 5665/5630/4895
f 5667/5632/4896 5648/5614/4582 5666/5633/4897
f 5668/5634/4898 5649/5613/4880 5667/5632/4896
f 5669/5635/4899 5650/5615/4881 5668/5634/4898
f 5670/5636/4900 5651/5616/4882 5669/5635/4899
f 5671/5637/4901 5652/5618/4884 5670/5636/4900
f 5672/5638/4902 5653/5617/4883 5671/5637/4901
f 5673/5639/4903 5654/5620/4886 5672/5638/4902
f 5674/5640/4904 5655/5619/4885 5673/5639/4903
f 5675/5641/4905 5656/5621/4887 5674/5640/4904
f 5676/5642/4906 5657/5622/4574 5675/5641/4905
f 5676/5642/4906 5659/5625/4890 5658/5623/4888
f 5678/5643/4907 5659/5625/4890 5677/5644/4908
f 5678/5643/4907 5661/5626/4891 5660/5624/4889
f 5680/5645/4909 5661/5626/4891 5679/5646/4910
f 5680/5645/4909 5663/5628/4893 5662/5627/4892
f 5682/5647/4911 5663/5628/4893 5681/5648/4912
f 5682/5647/4911 5665/5630/4895 5664/5629/4894
f 5666/5649/4897 5665/5630/4895 5683/5650/4913
f 5684/5651/4618 5667/5632/4896 5666/5633/4897
f 5686/5652/4914 5667/5632/4896 5685/5653/4915
f 5687/5654/4916 5668/5634/4898 5686/5652/4914
f 5688/5655/4917 5669/5635/4899 5687/5654/4916
f 5689/5656/4918 5670/5636/4900 5688/5655/4917
f 5689/5656/4918 5672/5638/4902 5671/5637/4901
f 5690/5657/4919 5673/5639/4903 5672/5638/4902
f 5692/5658/4920 5673/5639/4903 5691/5659/4921
f 5693/5660/4609 5674/5640/4904 5692/5658/4920
f 5693/5660/4609 5676/5642/4906 5675/5641/4905
f 5695/5661/4922 5676/5642/4906 5694/5662/4923
f 5696/5663/4924 5677/5644/4908 5695/5661/4922
f 5697/5664/4925 5678/5643/4907 5696/5663/4924
f 5698/5665/4926 5679/5646/4910 5697/5664/4925
f 5699/5666/4927 5680/5645/4909 5698/5665/4926
f 5699/5666/4927 5682/5647/4911 5681/5648/4912
f 5700/5667/4928 5683/5650/4913 5682/5647/4911
f 5684/5668/4618 5683/5650/4913 5701/5669/4929
f 5702/5670/4636 5685/5653/4915 5684/5651/4618
f 5704/5671/4930 5685/5653/4915 5703/5672/4931
f 5704/5671/4930 5687/5654/4916 5686/5652/4914
f 5706/5673/4932 5687/5654/4916 5705/5674/4933
f 5707/5675/4934 5688/5655/4917 5706/5673/4932
f 5708/5676/4935 5689/5656/4918 5707/5675/4934
f 5709/5677/4936 5690/5657/4919 5708/5676/4935
f 5710/5678/4937 5691/5659/4921 5709/5677/4936
f 5711/5679/4627 5692/5658/4920 5710/5678/4937
f 5712/5680/4938 5693/5660/4609 5711/5679/4627
f 5712/5680/4938 5695/5661/4922 5694/5662/4923
f 5713/5681/4939 5696/5663/4924 5695/5661/4922
f 5714/5682/4940 5697/5664/4925 5696/5663/4924
f 5716/5683/4941 5697/5664/4925 5715/5684/4942
f 5716/5683/4941 5699/5666/4927 5698/5665/4926
f 5718/5685/4943 5699/5666/4927 5717/5686/4944
f 5718/5685/4943 5701/5669/4929 5700/5667/4928
f 5702/5687/4636 5701/5669/4929 5719/5688/4945
f 5720/5689/4946 5703/5672/4931 5702/5670/4636
f 5722/5690/4947 5703/5672/4931 5721/5691/4948
f 5723/5692/4949 5704/5671/4930 5722/5690/4947
f 5724/5693/4950 5705/5674/4933 5723/5692/4949
f 5725/5694/4951 5706/5673/4932 5724/5693/4950
f 5725/5694/4951 5708/5676/4935 5707/5675/4934
f 5727/5695/4952 5708/5676/4935 5726/5696/4953
f 5728/5697/4954 5709/5677/4936 5727/5695/4952
f 5729/5698/4645 5710/5678/4937 5728/5697/4954
f 5730/5699/4955 5711/5679/4627 5729/5698/4645
f 5731/5700/4956 5712/5680/4938 5730/5699/4955
f 5731/5700/4956 5714/5682/4940 5713/5681/4939
f 5733/5701/4957 5714/5682/4940 5732/5702/4958
f 5733/5701/4957 5716/5683/4941 5715/5684/4942
f 5734/5703/4959 5717/5686/4944 5716/5683/4941
f 5735/5704/4960 5718/5685/4943 5717/5686/4944
f 5737/5705/4961 5718/5685/4943 5736/5706/4962
f 5720/5707/4946 5719/5688/4945 5737/5705/4961
f 5739/5708/4963 5720/5689/4946 5738/5709/4964
f 5740/5710/4965 5721/5691/4948 5739/5708/4963
f 5741/5711/4966 5722/5690/4947 5740/5710/4965
f 5742/5712/4967 5723/5692/4949 5741/5711/4966
f 5743/5713/4968 5724/5693/4950 5742/5712/4967
f 5743/5713/4968 5726/5696/4953 5725/5694/4951
f 5745/5714/4969 5726/5696/4953 5744/5715/4970
f 5746/5716/4971 5727/5695/4952 5745/5714/4969
f 5747/5717/4664 5728/5697/4954 5746/5716/4971
f 5747/5717/4664 5730/5699/4955 5729/5698/4645
f 5749/5718/4972 5730/5699/4955 5748/5719/4973
f 5749/5718/4972 5732/5702/4958 5731/5700/4956
f 5751/5720/4974 5732/5702/4958 5750/5721/4975
f 5752/5722/4976 5733/5701/4957 5751/5720/4974
f 5753/5723/4977 5734/5703/4959 5752/5722/4976
f 5754/5724/4978 5735/5704/4960 5753/5723/4977
f 5754/5724/4978 5737/5705/4961 5736/5706/4962
f 5738/5725/4964 5737/5705/4961 5755/5726/4979
f 5757/5727/4980 5738/5709/4964 5756/5728/4691
f 5757/5727/4980 5740/5710/4965 5739/5708/4963
f 5759/5729/4981 5740/5710/4965 5758/5730/4982
f 5759/5729/4981 5742/5712/4967 5741/5711/4966
f 5760/5731/4983 5743/5713/4968 5742/5712/4967
f 5761/5732/4984 5744/5715/4970 5743/5713/4968
f 5763/5733/4985 5744/5715/4970 5762/5734/4986
f 5764/5735/4987 5745/5714/4969 5763/5733/4985
f 5764/5735/4987 5747/5717/4664 5746/5716/4971
f 5766/5736/4988 5747/5717/4664 5765/5737/4682
f 5766/5736/4988 5749/5718/4972 5748/5719/4973
f 5768/5738/4989 5749/5718/4972 5767/5739/4990
f 5769/5740/4991 5750/5721/4975 5768/5738/4989
f 5770/5741/4992 5751/5720/4974 5769/5740/4991
f 5771/5742/4993 5752/5722/4976 5770/5741/4992
f 5771/5742/4993 5754/5724/4978 5753/5723/4977
f 5773/5743/4994 5754/5724/4978 5772/5744/4995
f 5773/5743/4994 5738/5725/4964 5755/5726/4979
f 5775/5745/4996 5756/5728/4691 5774/5746/4708
f 5776/5747/4997 5757/5727/4980 5775/5745/4996
f 5777/5748/4998 5758/5730/4982 5776/5747/4997
f 5778/5749/4999 5759/5729/4981 5777/5748/4998
f 5779/5750/5000 5760/5731/4983 5778/5749/4999
f 5780/5751/5001 5761/5732/4984 5779/5750/5000
f 5781/5752/5002 5762/5734/4986 5780/5751/5001
f 5782/5753/5003 5763/5733/4985 5781/5752/5002
f 5783/5754/4700 5764/5735/4987 5782/5753/5003
f 5783/5754/4700 5766/5736/4988 5765/5737/4682
f 5784/5755/5004 5767/5739/4990 5766/5736/4988
f 5786/5756/5005 5767/5739/4990 5785/5757/5006
f 5786/5756/5005 5769/5740/4991 5768/5738/4989
f 5787/5758/5007 5770/5741/4992 5769/5740/4991
f 5788/5759/5008 5771/5742/4993 5770/5741/4992
f 5789/5760/5009 5772/5744/4995 5771/5742/4993
f 5791/5761/5010 5772/5744/4995 5790/5762/5011
f 5774/5763/4708 5773/5743/4994 5791/5761/5010
f 5792/5764/4726 5775/5745/4996 5774/5746/4708
f 5794/5765/5012 5775/5745/4996 5793/5766/5013
f 5795/5767/5014 5776/5747/4997 5794/5765/5012
f 5795/5767/5014 5778/5749/4999 5777/5748/4998
f 5797/5768/5015 5778/5749/4999 5796/5769/5016
f 5798/5770/5017 5779/5750/5000 5797/5768/5015
f 5799/5771/5018 5780/5751/5001 5798/5770/5017
f 5800/5772/5019 5781/5752/5002 5799/5771/5018
f 5801/5773/4717 5782/5753/5003 5800/5772/5019
f 5801/5773/4717 5784/5755/5004 5783/5754/4700
f 5803/5774/5020 5784/5755/5004 5802/5775/5021
f 5803/5774/5020 5786/5756/5005 5785/5757/5006
f 5804/5776/5022 5787/5758/5007 5786/5756/5005
f 5806/5777/5023 5787/5758/5007 5805/5778/5024
f 5807/5779/5025 5788/5759/5008 5806/5777/5023
f 5807/5779/5025 5790/5762/5011 5789/5760/5009
f 5809/5780/5026 5790/5762/5011 5808/5781/5027
f 5792/5782/4726 5791/5761/5010 5809/5780/5026
f 5163/5783/4415 5792/5764/4726 5162/5784/4412
f 5164/5785/4417 5793/5766/5013 5163/5783/4415
f 5165/5786/4419 5794/5765/5012 5164/5785/4417
f 5166/5787/4421 5795/5767/5014 5165/5786/4419
f 5167/5788/4423 5796/5769/5016 5166/5787/4421
f 5168/5789/4425 5797/5768/5015 5167/5788/4423
f 5169/5790/4427 5798/5770/5017 5168/5789/4425
f 5170/5791/4429 5799/5771/5018 5169/5790/4427
f 5171/5792/4431 5800/5772/5019 5170/5791/4429
f 5172/5793/4433 5801/5773/4717 5171/5792/4431
f 5173/5794/4432 5802/5775/5021 5172/5793/4433
f 5173/5794/4432 5804/5776/5022 5803/5774/5020
f 5175/5795/4439 5804/5776/5022 5174/5796/4437
f 5176/5797/4441 5805/5778/5024 5175/5795/4439
f 5177/5798/4443 5806/5777/5023 5176/5797/4441
f 5178/5799/4445 5807/5779/5025 5177/5798/4443
f 5178/5799/4445 5809/5780/5026 5808/5781/5027
f 5162/5800/4412 5809/5780/5026 5179/5801/4446
f 5181/5106/4411 5163/5110/4415 5162/5107/4412
f 5182/5109/4414 5164/5112/4417 5163/5110/4415
f 5183/5111/4416 5165/5114/4419 5164/5112/4417
f 5184/5113/4418 5166/5116/4421 5165/5114/4419
f 5185/5115/4420 5167/5118/4423 5166/5116/4421
f 5186/5117/4422 5168/5120/4425 5167/5118/4423
f 5187/5119/4424 5169/5122/4427 5168/5120/4425
f 5188/5121/4426 5170/5124/4429 5169/5122/4427
f 5189/5123/4428 5171/5126/4431 5170/5124/4429
f 5190/5125/4430 5172/5128/4433 5171/5126/4431
f 5190/5125/4430 5191/5130/4435 5173/5127/4432
f 5192/5129/4434 5174/5132/4437 5173/5127/4432
f 5193/5131/4436 5175/5134/4439 5174/5132/4437
f 5194/5133/4438 5176/5136/4441 5175/5134/4439
f 5195/5135/4440 5177/5138/4443 5176/5136/4441
f 5196/5137/4442 5178/5140/4445 5177/5138/4443
f 5197/5139/4444 5179/5142/4446 5178/5140/4445
f 5180/5141/4413 5162/5802/4412 5179/5142/4446
f 5199/5143/4447 5181/5106/4411 5180/5108/4413
f 5200/5145/4449 5182/5109/4414 5181/5106/4411
f 5201/5146/4450 5183/5111/4416 5182/5109/4414
f 5202/5147/4451 5184/5113/4418 5183/5111/4416
f 5203/5148/4452 5185/5115/4420 5184/5113/4418
f 5204/5149/4453 5186/5117/4422 5185/5115/4420
f 5204/5149/4453 5205/5151/4455 5187/5119/4424
f 5206/5150/4454 5188/5121/4426 5187/5119/4424
f 5207/5152/4456 5189/5123/4428 5188/5121/4426
f 5208/5153/4457 5190/5125/4430 5189/5123/4428
f 5209/5154/4458 5191/5130/4435 5190/5125/4430
f 5210/5155/4459 5192/5129/4434 5191/5130/4435
f 5211/5156/4460 5193/5131/4436 5192/5129/4434
f 5212/5157/4461 5194/5133/4438 5193/5131/4436
f 5212/5157/4461 5213/5158/4462 5195/5135/4440
f 5213/5158/4462 5214/5160/4464 5196/5137/4442
f 5215/5159/4463 5197/5139/4444 5196/5137/4442
f 5215/5159/4463 5198/5179/4448 5180/5141/4413
f 5217/5161/4465 5199/5143/4447 5198/5144/4448
f 5218/5163/4467 5200/5145/4449 5199/5143/4447
f 5218/5163/4467 5219/5165/4469 5201/5146/4450
f 5220/5164/4468 5202/5147/4451 5201/5146/4450
f 5221/5166/4470 5203/5148/4452 5202/5147/4451
f 5221/5166/4470 5222/5168/4472 5204/5149/4453
f 5223/5167/4471 5205/5151/4455 5204/5149/4453
f 5224/5169/4473 5206/5150/4454 5205/5151/4455
f 5224/5169/4473 5225/5171/4475 5207/5152/4456
f 5226/5170/4474 5208/5153/4457 5207/5152/4456
f 5227/5172/4476 5209/5154/4458 5208/5153/4457
f 5228/5173/4477 5210/5155/4459 5209/5154/4458
f 5229/5174/4478 5211/5156/4460 5210/5155/4459
f 5230/5175/4479 5212/5157/4461 5211/5156/4460
f 5231/5176/4480 5213/5158/4462 5212/5157/4461
f 5232/5177/4481 5214/5160/4464 5213/5158/4462
f 5232/5177/4481 5233/5178/4482 5215/5159/4463
f 5233/5178/4482 5216/5803/4466 5198/5179/4448
f 5234/5180/4483 5235/5182/4485 5217/5161/4465
f 5236/5181/4484 5218/5163/4467 5217/5161/4465
f 5237/5183/4486 5219/5165/4469 5218/5163/4467
f 5238/5184/4487 5220/5164/4468 5219/5165/4469
f 5239/5185/4488 5221/5166/4470 5220/5164/4468
f 5240/5186/4489 5222/5168/4472 5221/5166/4470
f 5241/5187/4490 5223/5167/4471 5222/5168/4472
f 5241/5187/4490 5242/5189/4492 5224/5169/4473
f 5243/5188/4491 5225/5171/4475 5224/5169/4473
f 5243/5188/4491 5244/5191/4494 5226/5170/4474
f 5245/5190/4493 5227/5172/4476 5226/5170/4474
f 5246/5192/4495 5228/5173/4477 5227/5172/4476
f 5246/5192/4495 5247/5193/4496 5229/5174/4478
f 5247/5193/4496 5248/5194/4497 5230/5175/4479
f 5248/5194/4497 5249/5196/4499 5231/5176/4480
f 5250/5195/4498 5232/5177/4481 5231/5176/4480
f 5250/5195/4498 5251/5198/4500 5233/5178/4482
f 5234/5197/4483 5216/5803/4466 5233/5178/4482
f 5253/5199/4501 5235/5182/4485 5234/5180/4483
f 5254/5201/4503 5236/5181/4484 5235/5182/4485
f 5255/5202/4504 5237/5183/4486 5236/5181/4484
f 5255/5202/4504 5256/5204/4506 5238/5184/4487
f 5257/5203/4505 5239/5185/4488 5238/5184/4487
f 5258/5205/4507 5240/5186/4489 5239/5185/4488
f 5258/5205/4507 5259/5207/4509 5241/5187/4490
f 5260/5206/4508 5242/5189/4492 5241/5187/4490
f 5261/5208/4510 5243/5188/4491 5242/5189/4492
f 5262/5209/4511 5244/5191/4494 5243/5188/4491
f 5262/5209/4511 5263/5211/4513 5245/5190/4493
f 5264/5210/4512 5246/5192/4495 5245/5190/4493
f 5264/5210/4512 5265/5213/4515 5247/5193/4496
f 5266/5212/4514 5248/5194/4497 5247/5193/4496
f 5266/5212/4514 5267/5215/4517 5249/5196/4499
f 5268/5214/4516 5250/5195/4498 5249/5196/4499
f 5269/5216/4518 5251/5198/4500 5250/5195/4498
f 5252/5217/4502 5234/5197/4483 5251/5198/4500
f 5271/5218/4519 5253/5199/4501 5252/5200/4502
f 5271/5218/4519 5272/5220/4521 5254/5201/4503
f 5272/5220/4521 5273/5221/4522 5255/5202/4504
f 5273/5221/4522 5274/5222/4523 5256/5204/4506
f 5274/5222/4523 5275/5224/4525 5257/5203/4505
f 5276/5223/4524 5258/5205/4507 5257/5203/4505
f 5276/5223/4524 5277/5226/4527 5259/5207/4509
f 5278/5225/4526 5260/5206/4508 5259/5207/4509
f 5279/5227/4528 5261/5208/4510 5260/5206/4508
f 5280/5228/4529 5262/5209/4511 5261/5208/4510
f 5281/5229/4530 5263/5211/4513 5262/5209/4511
f 5282/5230/4531 5264/5210/4512 5263/5211/4513
f 5282/5230/4531 5283/5232/4533 5265/5213/4515
f 5284/5231/4532 5266/5212/4514 5265/5213/4515
f 5285/5233/4534 5267/5215/4517 5266/5212/4514
f 5286/5234/4535 5268/5214/4516 5267/5215/4517
f 5287/5235/4536 5269/5216/4518 5268/5214/4516
f 5287/5235/4536 5270/5804/4520 5252/5217/4502
f 5289/5236/4537 5271/5218/4519 5270/5219/4520
f 5289/5236/4537 5290/5239/4540 5272/5220/4521
f 5291/5238/4539 5273/5221/4522 5272/5220/4521
f 5291/5238/4539 5292/5241/4542 5274/5222/4523
f 5293/5240/4541 5275/5224/4525 5274/5222/4523
f 5293/5240/4541 5294/5243/4544 5276/5223/4524
f 5295/5242/4543 5277/5226/4527 5276/5223/4524
f 5295/5242/4543 5296/5245/4546 5278/5225/4526
f 5297/5244/4545 5279/5227/4528 5278/5225/4526
f 5298/5246/4547 5280/5228/4529 5279/5227/4528
f 5299/5247/4548 5281/5229/4530 5280/5228/4529
f 5300/5248/4549 5282/5230/4531 5281/5229/4530
f 5301/5249/4550 5283/5232/4533 5282/5230/4531
f 5301/5249/4550 5302/5251/4552 5284/5231/4532
f 5303/5250/4551 5285/5233/4534 5284/5231/4532
f 5303/5250/4551 5304/5253/4554 5286/5234/4535
f 5305/5252/4553 5287/5235/4536 5286/5234/4535
f 5288/5254/4538 5270/5804/4520 5287/5235/4536
f 5306/5255/4555 5307/5256/4556 5289/5236/4537
f 5307/5256/4556 5308/5258/4558 5290/5239/4540
f 5309/5257/4557 5291/5238/4539 5290/5239/4540
f 5310/5259/4559 5292/5241/4542 5291/5238/4539
f 5311/5260/4560 5293/5240/4541 5292/5241/4542
f 5312/5261/4561 5294/5243/4544 5293/5240/4541
f 5313/5262/4562 5295/5242/4543 5294/5243/4544
f 5313/5262/4562 5314/5264/4564 5296/5245/4546
f 5315/5263/4563 5297/5244/4545 5296/5245/4546
f 5315/5263/4563 5316/5266/4566 5298/5246/4547
f 5317/5265/4565 5299/5247/4548 5298/5246/4547
f 5318/5267/4567 5300/5248/4549 5299/5247/4548
f 5318/5267/4567 5319/5269/4569 5301/5249/4550
f 5320/5268/4568 5302/5251/4552 5301/5249/4550
f 5320/5268/4568 5321/5271/4571 5303/5250/4551
f 5322/5270/4570 5304/5253/4554 5303/5250/4551
f 5323/5272/4572 5305/5252/4553 5304/5253/4554
f 5306/5273/4555 5288/5254/4538 5305/5252/4553
f 5325/5274/4573 5307/5256/4556 5306/5255/4555
f 5326/5276/4575 5308/5258/4558 5307/5256/4556
f 5327/5277/4576 5309/5257/4557 5308/5258/4558
f 5327/5277/4576 5328/5279/4578 5310/5259/4559
f 5329/5278/4577 5311/5260/4560 5310/5259/4559
f 5329/5278/4577 5330/5281/4580 5312/5261/4561
f 5331/5280/4579 5313/5262/4562 5312/5261/4561
f 5332/5282/4581 5314/5264/4564 5313/5262/4562
f 5333/5283/4582 5315/5263/4563 5314/5264/4564
f 5334/5284/4583 5316/5266/4566 5315/5263/4563
f 5334/5284/4583 5335/5286/4585 5317/5265/4565
f 5336/5285/4584 5318/5267/4567 5317/5265/4565
f 5337/5287/4586 5319/5269/4569 5318/5267/4567
f 5338/5288/4587 5320/5268/4568 5319/5269/4569
f 5339/5289/4588 5321/5271/4571 5320/5268/4568
f 5340/5290/4589 5322/5270/4570 5321/5271/4571
f 5341/5291/4590 5323/5272/4572 5322/5270/4570
f 5324/5292/4574 5306/5273/4555 5323/5272/4572
f 5343/5293/4591 5325/5274/4573 5324/5275/4574
f 5344/5295/4593 5326/5276/4575 5325/5274/4573
f 5345/5296/4594 5327/5277/4576 5326/5276/4575
f 5346/5297/4595 5328/5279/4578 5327/5277/4576
f 5347/5298/4596 5329/5278/4577 5328/5279/4578
f 5348/5299/4597 5330/5281/4580 5329/5278/4577
f 5349/5300/4598 5331/5280/4579 5330/5281/4580
f 5350/5301/4599 5332/5282/4581 5331/5280/4579
f 5351/5302/4600 5333/5283/4582 5332/5282/4581
f 5352/5303/4601 5334/5284/4583 5333/5283/4582
f 5352/5303/4601 5353/5305/4603 5335/5286/4585
f 5354/5304/4602 5336/5285/4584 5335/5286/4585
f 5354/5304/4602 5355/5307/4605 5337/5287/4586
f 5356/5306/4604 5338/5288/4587 5337/5287/4586
f 5356/5306/4604 5357/5309/4607 5339/5289/4588
f 5358/5308/4606 5340/5290/4589 5339/5289/4588
f 5358/5308/4606 5359/5311/4608 5341/5291/4590
f 5342/5310/4592 5324/5292/4574 5341/5291/4590
f 5360/5312/4609 5361/5314/4611 5343/5293/4591
f 5362/5313/4610 5344/5295/4593 5343/5293/4591
f 5363/5315/4612 5345/5296/4594 5344/5295/4593
f 5364/5316/4613 5346/5297/4595 5345/5296/4594
f 5365/5317/4614 5347/5298/4596 5346/5297/4595
f 5365/5317/4614 5366/5318/4615 5348/5299/4597
f 5366/5318/4615 5367/5320/4617 5349/5300/4598
f 5368/5319/4616 5350/5301/4599 5349/5300/4598
f 5369/5321/4618 5351/5302/4600 5350/5301/4599
f 5369/5321/4618 5370/5323/4620 5352/5303/4601
f 5371/5322/4619 5353/5305/4603 5352/5303/4601
f 5372/5324/4621 5354/5304/4602 5353/5305/4603
f 5373/5325/4622 5355/5307/4605 5354/5304/4602
f 5374/5326/4623 5356/5306/4604 5355/5307/4605
f 5375/5327/4624 5357/5309/4607 5356/5306/4604
f 5375/5327/4624 5376/5328/4625 5358/5308/4606
f 5376/5328/4625 5377/5330/4626 5359/5311/4608
f 5360/5329/4609 5342/5310/4592 5359/5311/4608
f 5378/5331/4627 5379/5333/4629 5361/5314/4611
f 5380/5332/4628 5362/5313/4610 5361/5314/4611
f 5380/5332/4628 5381/5335/4631 5363/5315/4612
f 5382/5334/4630 5364/5316/4613 5363/5315/4612
f 5383/5336/4632 5365/5317/4614 5364/5316/4613
f 5384/5337/4633 5366/5318/4615 5365/5317/4614
f 5385/5338/4634 5367/5320/4617 5366/5318/4615
f 5386/5339/4635 5368/5319/4616 5367/5320/4617
f 5387/5340/4636 5369/5321/4618 5368/5319/4616
f 5388/5341/4637 5370/5323/4620 5369/5321/4618
f 5388/5341/4637 5389/5342/4638 5371/5322/4619
f 5389/5342/4638 5390/5343/4639 5372/5324/4621
f 5390/5343/4639 5391/5345/4641 5373/5325/4622
f 5392/5344/4640 5374/5326/4623 5373/5325/4622
f 5392/5344/4640 5393/5347/4643 5375/5327/4624
f 5394/5346/4642 5376/5328/4625 5375/5327/4624
f 5394/5346/4642 5395/5349/4644 5377/5330/4626
f 5378/5348/4627 5360/5329/4609 5377/5330/4626
f 5396/5350/4645 5397/5352/4647 5379/5333/4629
f 5398/5351/4646 5380/5332/4628 5379/5333/4629
f 5399/5353/4648 5381/5335/4631 5380/5332/4628
f 5400/5354/4649 5382/5334/4630 5381/5335/4631
f 5401/5355/4650 5383/5336/4632 5382/5334/4630
f 5401/5355/4650 5402/5357/4652 5384/5337/4633
f 5403/5356/4651 5385/5338/4634 5384/5337/4633
f 5404/5358/4653 5386/5339/4635 5385/5338/4634
f 5405/5359/4654 5387/5340/4636 5386/5339/4635
f 5406/5360/4655 5388/5341/4637 5387/5340/4636
f 5407/5361/4656 5389/5342/4638 5388/5341/4637
f 5407/5361/4656 5408/5363/4658 5390/5343/4639
f 5409/5362/4657 5391/5345/4641 5390/5343/4639
f 5409/5362/4657 5410/5364/4659 5392/5344/4640
f 5410/5364/4659 5411/5365/4660 5393/5347/4643
f 5411/5365/4660 5412/5367/4662 5394/5346/4642
f 5413/5366/4661 5395/5349/4644 5394/5346/4642
f 5396/5368/4645 5378/5348/4627 5395/5349/4644
f 5415/5369/4663 5397/5352/4647 5396/5350/4645
f 5416/5371/4665 5398/5351/4646 5397/5352/4647
f 5417/5372/4666 5399/5353/4648 5398/5351/4646
f 5418/5373/4667 5400/5354/4649 5399/5353/4648
f 5419/5374/4668 5401/5355/4650 5400/5354/4649
f 5419/5374/4668 5420/5376/4670 5402/5357/4652
f 5421/5375/4669 5403/5356/4651 5402/5357/4652
f 5422/5377/4671 5404/5358/4653 5403/5356/4651
f 5423/5378/4672 5405/5359/4654 5404/5358/4653
f 5423/5378/4672 5424/5380/4674 5406/5360/4655
f 5425/5379/4673 5407/5361/4656 5406/5360/4655
f 5425/5379/4673 5426/5382/4676 5408/5363/4658
f 5427/5381/4675 5409/5362/4657 5408/5363/4658
f 5428/5383/4677 5410/5364/4659 5409/5362/4657
f 5429/5384/4678 5411/5365/4660 5410/5364/4659
f 5430/5385/4679 5412/5367/4662 5411/5365/4660
f 5430/5385/4679 5431/5387/4680 5413/5366/4661
f 5414/5386/4664 5396/5368/4645 5413/5366/4661
f 5433/5388/4681 5415/5369/4663 5414/5370/4664
f 5433/5388/4681 5434/5391/4684 5416/5371/4665
f 5435/5390/4683 5417/5372/4666 5416/5371/4665
f 5435/5390/4683 5436/5392/4685 5418/5373/4667
f 5436/5392/4685 5437/5393/4686 5419/5374/4668
f 5437/5393/4686 5438/5395/4688 5420/5376/4670
f 5439/5394/4687 5421/5375/4669 5420/5376/4670
f 5440/5396/4689 5422/5377/4671 5421/5375/4669
f 5440/5396/4689 5441/5398/4691 5423/5378/4672
f 5442/5397/4690 5424/5380/4674 5423/5378/4672
f 5442/5397/4690 5443/5400/4693 5425/5379/4673
f 5444/5399/4692 5426/5382/4676 5425/5379/4673
f 5445/5401/4694 5427/5381/4675 5426/5382/4676
f 5446/5402/4695 5428/5383/4677 5427/5381/4675
f 5447/5403/4696 5429/5384/4678 5428/5383/4677
f 5447/5403/4696 5448/5405/4698 5430/5385/4679
f 5449/5404/4697 5431/5387/4680 5430/5385/4679
f 5449/5404/4697 5432/5805/4682 5414/5386/4664
f 5451/5406/4699 5433/5388/4681 5432/5389/4682
f 5452/5408/4701 5434/5391/4684 5433/5388/4681
f 5453/5409/4702 5435/5390/4683 5434/5391/4684
f 5454/5410/4703 5436/5392/4685 5435/5390/4683
f 5455/5411/4704 5437/5393/4686 5436/5392/4685
f 5456/5412/4705 5438/5395/4688 5437/5393/4686
f 5457/5413/4706 5439/5394/4687 5438/5395/4688
f 5458/5414/4707 5440/5396/4689 5439/5394/4687
f 5459/5415/4708 5441/5398/4691 5440/5396/4689
f 5459/5415/4708 5460/5416/4709 5442/5397/4690
f 5460/5416/4709 5461/5418/4711 5443/5400/4693
f 5462/5417/4710 5444/5399/4692 5443/5400/4693
f 5462/5417/4710 5463/5419/4712 5445/5401/4694
f 5463/5419/4712 5464/5420/4713 5446/5402/4695
f 5464/5420/4713 5465/5421/4714 5447/5403/4696
f 5465/5421/4714 5466/5423/4716 5448/5405/4698
f 5467/5422/4715 5449/5404/4697 5448/5405/4698
f 5450/5424/4700 5432/5805/4682 5449/5404/4697
f 5468/5425/4717 5469/5427/4719 5451/5406/4699
f 5470/5426/4718 5452/5408/4701 5451/5406/4699
f 5471/5428/4720 5453/5409/4702 5452/5408/4701
f 5471/5428/4720 5472/5430/4722 5454/5410/4703
f 5473/5429/4721 5455/5411/4704 5454/5410/4703
f 5474/5431/4723 5456/5412/4705 5455/5411/4704
f 5475/5432/4724 5457/5413/4706 5456/5412/4705
f 5476/5433/4725 5458/5414/4707 5457/5413/4706
f 5477/5434/4726 5459/5415/4708 5458/5414/4707
f 5477/5434/4726 5478/5436/4728 5460/5416/4709
f 5479/5435/4727 5461/5418/4711 5460/5416/4709
f 5479/5435/4727 5480/5437/4729 5462/5417/4710
f 5480/5437/4729 5481/5439/4731 5463/5419/4712
f 5482/5438/4730 5464/5420/4713 5463/5419/4712
f 5483/5440/4732 5465/5421/4714 5464/5420/4713
f 5483/5440/4732 5484/5442/4734 5466/5423/4716
f 5485/5441/4733 5467/5422/4715 5466/5423/4716
f 5468/5443/4717 5450/5424/4700 5467/5422/4715
f 5487/5444/4735 5469/5427/4719 5468/5425/4717
f 5488/5446/4736 5470/5426/4718 5469/5427/4719
f 5489/5447/4737 5471/5428/4720 5470/5426/4718
f 5490/5448/4738 5472/5430/4722 5471/5428/4720
f 5491/5449/4739 5473/5429/4721 5472/5430/4722
f 5492/5450/4740 5474/5431/4723 5473/5429/4721
f 5493/5451/4741 5475/5432/4724 5474/5431/4723
f 5494/5452/4742 5476/5433/4725 5475/5432/4724
f 5495/5453/4412 5477/5434/4726 5476/5433/4725
f 5496/5454/4743 5478/5436/4728 5477/5434/4726
f 5497/5455/4744 5479/5435/4727 5478/5436/4728
f 5497/5455/4744 5498/5457/4746 5480/5437/4729
f 5499/5456/4745 5481/5439/4731 5480/5437/4729
f 5500/5458/4747 5482/5438/4730 5481/5439/4731
f 5501/5459/4748 5483/5440/4732 5482/5438/4730
f 5502/5460/4749 5484/5442/4734 5483/5440/4732
f 5502/5460/4749 5503/5462/4750 5485/5441/4733
f 5486/5461/4431 5468/5443/4717 5485/5441/4733
f 5505/5463/4751 5487/5444/4735 5486/5445/4431
f 5506/5465/4752 5488/5446/4736 5487/5444/4735
f 5507/5466/4753 5489/5447/4737 5488/5446/4736
f 5508/5467/4754 5490/5448/4738 5489/5447/4737
f 5509/5468/4755 5491/5449/4739 5490/5448/4738
f 5510/5469/4756 5492/5450/4740 5491/5449/4739
f 5511/5470/4757 5493/5451/4741 5492/5450/4740
f 5512/5471/4758 5494/5452/4742 5493/5451/4741
f 5513/5472/4413 5495/5453/4412 5494/5452/4742
f 5514/5473/4759 5496/5454/4743 5495/5453/4412
f 5514/5473/4759 5515/5475/4761 5497/5455/4744
f 5516/5474/4760 5498/5457/4746 5497/5455/4744
f 5517/5476/4762 5499/5456/4745 5498/5457/4746
f 5518/5477/4763 5500/5458/4747 5499/5456/4745
f 5519/5478/4764 5501/5459/4748 5500/5458/4747
f 5520/5479/4765 5502/5460/4749 5501/5459/4748
f 5521/5480/4766 5503/5462/4750 5502/5460/4749
f 5504/5481/4428 5486/5461/4431 5503/5462/4750
f 5523/5482/4767 5505/5463/4751 5504/5464/4428
f 5524/5484/4768 5506/5465/4752 5505/5463/4751
f 5525/5485/4769 5507/5466/4753 5506/5465/4752
f 5526/5486/4770 5508/5467/4754 5507/5466/4753
f 5527/5487/4771 5509/5468/4755 5508/5467/4754
f 5528/5488/4772 5510/5469/4756 5509/5468/4755
f 5528/5488/4772 5529/5490/4774 5511/5470/4757
f 5530/5489/4773 5512/5471/4758 5511/5470/4757
f 5531/5491/4448 5513/5472/4413 5512/5471/4758
f 5532/5492/4775 5514/5473/4759 5513/5472/4413
f 5533/5493/4776 5515/5475/4761 5514/5473/4759
f 5534/5494/4777 5516/5474/4760 5515/5475/4761
f 5535/5495/4778 5517/5476/4762 5516/5474/4760
f 5536/5496/4779 5518/5477/4763 5517/5476/4762
f 5536/5496/4779 5537/5497/4780 5519/5478/4764
f 5537/5497/4780 5538/5499/4782 5520/5479/4765
f 5539/5498/4781 5521/5480/4766 5520/5479/4765
f 5539/5498/4781 5522/5518/4456 5504/5481/4428
f 5541/5500/4783 5523/5482/4767 5522/5483/4456
f 5542/5502/4784 5524/5484/4768 5523/5482/4767
f 5542/5502/4784 5543/5504/4786 5525/5485/4769
f 5544/5503/4785 5526/5486/4770 5525/5485/4769
f 5545/5505/4787 5527/5487/4771 5526/5486/4770
f 5545/5505/4787 5546/5507/4789 5528/5488/4772
f 5547/5506/4788 5529/5490/4774 5528/5488/4772
f 5548/5508/4790 5530/5489/4773 5529/5490/4774
f 5548/5508/4790 5549/5510/4466 5531/5491/4448
f 5550/5509/4791 5532/5492/4775 5531/5491/4448
f 5551/5511/4792 5533/5493/4776 5532/5492/4775
f 5552/5512/4793 5534/5494/4777 5533/5493/4776
f 5553/5513/4794 5535/5495/4778 5534/5494/4777
f 5554/5514/4795 5536/5496/4779 5535/5495/4778
f 5555/5515/4796 5537/5497/4780 5536/5496/4779
f 5556/5516/4797 5538/5499/4782 5537/5497/4780
f 5556/5516/4797 5557/5517/4798 5539/5498/4781
f 5557/5517/4798 5540/5806/4475 5522/5518/4456
f 5558/5519/4491 5559/5521/4800 5541/5500/4783
f 5560/5520/4799 5542/5502/4784 5541/5500/4783
f 5561/5522/4801 5543/5504/4786 5542/5502/4784
f 5562/5523/4802 5544/5503/4785 5543/5504/4786
f 5563/5524/4803 5545/5505/4787 5544/5503/4785
f 5564/5525/4804 5546/5507/4789 5545/5505/4787
f 5565/5526/4805 5547/5506/4788 5546/5507/4789
f 5565/5526/4805 5566/5528/4806 5548/5508/4790
f 5567/5527/4483 5549/5510/4466 5548/5508/4790
f 5567/5527/4483 5568/5530/4808 5550/5509/4791
f 5569/5529/4807 5551/5511/4792 5550/5509/4791
f 5570/5531/4809 5552/5512/4793 5551/5511/4792
f 5570/5531/4809 5571/5532/4810 5553/5513/4794
f 5571/5532/4810 5572/5533/4811 5554/5514/4795
f 5572/5533/4811 5573/5535/4813 5555/5515/4796
f 5574/5534/4812 5556/5516/4797 5555/5515/4796
f 5574/5534/4812 5575/5537/4814 5557/5517/4798
f 5558/5536/4491 5540/5806/4475 5557/5517/4798
f 5577/5538/4815 5559/5521/4800 5558/5519/4491
f 5578/5540/4816 5560/5520/4799 5559/5521/4800
f 5579/5541/4817 5561/5522/4801 5560/5520/4799
f 5579/5541/4817 5580/5543/4819 5562/5523/4802
f 5581/5542/4818 5563/5524/4803 5562/5523/4802
f 5582/5544/4820 5564/5525/4804 5563/5524/4803
f 5582/5544/4820 5583/5546/4822 5565/5526/4805
f 5584/5545/4821 5566/5528/4806 5565/5526/4805
f 5585/5547/4502 5567/5527/4483 5566/5528/4806
f 5586/5548/4823 5568/5530/4808 5567/5527/4483
f 5586/5548/4823 5587/5550/4825 5569/5529/4807
f 5588/5549/4824 5570/5531/4809 5569/5529/4807
f 5588/5549/4824 5589/5552/4827 5571/5532/4810
f 5590/5551/4826 5572/5533/4811 5571/5532/4810
f 5590/5551/4826 5591/5554/4829 5573/5535/4813
f 5592/5553/4828 5574/5534/4812 5573/5535/4813
f 5593/5555/4830 5575/5537/4814 5574/5534/4812
f 5576/5556/4510 5558/5536/4491 5575/5537/4814
f 5595/5557/4831 5577/5538/4815 5576/5539/4510
f 5595/5557/4831 5596/5559/4832 5578/5540/4816
f 5596/5559/4832 5597/5560/4833 5579/5541/4817
f 5597/5560/4833 5598/5561/4834 5580/5543/4819
f 5598/5561/4834 5599/5563/4836 5581/5542/4818
f 5600/5562/4835 5582/5544/4820 5581/5542/4818
f 5600/5562/4835 5601/5565/4838 5583/5546/4822
f 5602/5564/4837 5584/5545/4821 5583/5546/4822
f 5603/5566/4520 5585/5547/4502 5584/5545/4821
f 5604/5567/4839 5586/5548/4823 5585/5547/4502
f 5605/5568/4840 5587/5550/4825 5586/5548/4823
f 5606/5569/4841 5588/5549/4824 5587/5550/4825
f 5606/5569/4841 5607/5571/4843 5589/5552/4827
f 5608/5570/4842 5590/5551/4826 5589/5552/4827
f 5609/5572/4844 5591/5554/4829 5590/5551/4826
f 5610/5573/4845 5592/5553/4828 5591/5554/4829
f 5611/5574/4846 5593/5555/4830 5592/5553/4828
f 5611/5574/4846 5594/5807/4528 5576/5556/4510
f 5613/5575/4847 5595/5557/4831 5594/5558/4528
f 5613/5575/4847 5614/5578/4849 5596/5559/4832
f 5615/5577/4848 5597/5560/4833 5596/5559/4832
f 5615/5577/4848 5616/5580/4851 5598/5561/4834
f 5617/5579/4850 5599/5563/4836 5598/5561/4834
f 5617/5579/4850 5618/5582/4853 5600/5562/4835
f 5619/5581/4852 5601/5565/4838 5600/5562/4835
f 5619/5581/4852 5620/5584/4854 5602/5564/4837
f 5621/5583/4538 5603/5566/4520 5602/5564/4837
f 5622/5585/4855 5604/5567/4839 5603/5566/4520
f 5623/5586/4856 5605/5568/4840 5604/5567/4839
f 5624/5587/4857 5606/5569/4841 5605/5568/4840
f 5625/5588/4858 5607/5571/4843 5606/5569/4841
f 5625/5588/4858 5626/5590/4860 5608/5570/4842
f 5627/5589/4859 5609/5572/4844 5608/5570/4842
f 5627/5589/4859 5628/5592/4862 5610/5573/4845
f 5629/5591/4861 5611/5574/4846 5610/5573/4845
f 5612/5593/4545 5594/5807/4528 5611/5574/4846
f 5630/5594/4563 5631/5595/4863 5613/5575/4847
f 5631/5595/4863 5632/5597/4865 5614/5578/4849
f 5633/5596/4864 5615/5577/4848 5614/5578/4849
f 5634/5598/4866 5616/5580/4851 5615/5577/4848
f 5635/5599/4867 5617/5579/4850 5616/5580/4851
f 5636/5600/4868 5618/5582/4853 5617/5579/4850
f 5637/5601/4869 5619/5581/4852 5618/5582/4853
f 5637/5601/4869 5638/5603/4871 5620/5584/4854
f 5639/5602/4870 5621/5583/4538 5620/5584/4854
f 5639/5602/4870 5640/5605/4873 5622/5585/4855
f 5641/5604/4872 5623/5586/4856 5622/5585/4855
f 5642/5606/4874 5624/5587/4857 5623/5586/4856
f 5642/5606/4874 5643/5608/4876 5625/5588/4858
f 5644/5607/4875 5626/5590/4860 5625/5588/4858
f 5644/5607/4875 5645/5610/4878 5627/5589/4859
f 5646/5609/4877 5628/5592/4862 5627/5589/4859
f 5647/5611/4879 5629/5591/4861 5628/5592/4862
f 5630/5612/4563 5612/5593/4545 5629/5591/4861
f 5649/5613/4880 5631/5595/4863 5630/5594/4563
f 5650/5615/4881 5632/5597/4865 5631/5595/4863
f 5651/5616/4882 5633/5596/4864 5632/5597/4865
f 5651/5616/4882 5652/5618/4884 5634/5598/4866
f 5653/5617/4883 5635/5599/4867 5634/5598/4866
f 5653/5617/4883 5654/5620/4886 5636/5600/4868
f 5655/5619/4885 5637/5601/4869 5636/5600/4868
f 5656/5621/4887 5638/5603/4871 5637/5601/4869
f 5657/5622/4574 5639/5602/4870 5638/5603/4871
f 5658/5623/4888 5640/5605/4873 5639/5602/4870
f 5658/5623/4888 5659/5625/4890 5641/5604/4872
f 5660/5624/4889 5642/5606/4874 5641/5604/4872
f 5661/5626/4891 5643/5608/4876 5642/5606/4874
f 5662/5627/4892 5644/5607/4875 5643/5608/4876
f 5663/5628/4893 5645/5610/4878 5644/5607/4875
f 5664/5629/4894 5646/5609/4877 5645/5610/4878
f 5665/5630/4895 5647/5611/4879 5646/5609/4877
f 5648/5631/4582 5630/5612/4563 5647/5611/4879
f 5667/5632/4896 5649/5613/4880 5648/5614/4582
f 5668/5634/4898 5650/5615/4881 5649/5613/4880
f 5669/5635/4899 5651/5616/4882 5650/5615/4881
f 5670/5636/4900 5652/5618/4884 5651/5616/4882
f 5671/5637/4901 5653/5617/4883 5652/5618/4884
f 5672/5638/4902 5654/5620/4886 5653/5617/4883
f 5673/5639/4903 5655/5619/4885 5654/5620/4886
f 5674/5640/4904 5656/5621/4887 5655/5619/4885
f 5675/5641/4905 5657/5622/4574 5656/5621/4887
f 5676/5642/4906 5658/5623/4888 5657/5622/4574
f 5676/5642/4906 5677/5644/4908 5659/5625/4890
f 5678/5643/4907 5660/5624/4889 5659/5625/4890
f 5678/5643/4907 5679/5646/4910 5661/5626/4891
f 5680/5645/4909 5662/5627/4892 5661/5626/4891
f 5680/5645/4909 5681/5648/4912 5663/5628/4893
f 5682/5647/4911 5664/5629/4894 5663/5628/4893
f 5682/5647/4911 5683/5650/4913 5665/5630/4895
f 5666/5649/4897 5648/5631/4582 5665/5630/4895
f 5684/5651/4618 5685/5653/4915 5667/5632/4896
f 5686/5652/4914 5668/5634/4898 5667/5632/4896
f 5687/5654/4916 5669/5635/4899 5668/5634/4898
f 5688/5655/4917 5670/5636/4900 5669/5635/4899
f 5689/5656/4918 5671/5637/4901 5670/5636/4900
f 5689/5656/4918 5690/5657/4919 5672/5638/4902
f 5690/5657/4919 5691/5659/4921 5673/5639/4903
f 5692/5658/4920 5674/5640/4904 5673/5639/4903
f 5693/5660/4609 5675/5641/4905 5674/5640/4904
f 5693/5660/4609 5694/5662/4923 5676/5642/4906
f 5695/5661/4922 5677/5644/4908 5676/5642/4906
f 5696/5663/4924 5678/5643/4907 5677/5644/4908
f 5697/5664/4925 5679/5646/4910 5678/5643/4907
f 5698/5665/4926 5680/5645/4909 5679/5646/4910
f 5699/5666/4927 5681/5648/4912 5680/5645/4909
f 5699/5666/4927 5700/5667/4928 5682/5647/4911
f 5700/5667/4928 5701/5669/4929 5683/5650/4913
f 5684/5668/4618 5666/5649/4897 5683/5650/4913
f 5702/5670/4636 5703/5672/4931 5685/5653/4915
f 5704/5671/4930 5686/5652/4914 5685/5653/4915
f 5704/5671/4930 5705/5674/4933 5687/5654/4916
f 5706/5673/4932 5688/5655/4917 5687/5654/4916
f 5707/5675/4934 5689/5656/4918 5688/5655/4917
f 5708/5676/4935 5690/5657/4919 5689/5656/4918
f 5709/5677/4936 5691/5659/4921 5690/5657/4919
f 5710/5678/4937 5692/5658/4920 5691/5659/4921
f 5711/5679/4627 5693/5660/4609 5692/5658/4920
f 5712/5680/4938 5694/5662/4923 5693/5660/4609
f 5712/5680/4938 5713/5681/4939 5695/5661/4922
f 5713/5681/4939 5714/5682/4940 5696/5663/4924
f 5714/5682/4940 5715/5684/4942 5697/5664/4925
f 5716/5683/4941 5698/5665/4926 5697/5664/4925
f 5716/5683/4941 5717/5686/4944 5699/5666/4927
f 5718/5685/4943 5700/5667/4928 5699/5666/4927
f 5718/5685/4943 5719/5688/4945 5701/5669/4929
f 5702/5687/4636 5684/5668/4618 5701/5669/4929
f 5720/5689/4946 5721/5691/4948 5703/5672/4931
f 5722/5690/4947 5704/5671/4930 5703/5672/4931
f 5723/5692/4949 5705/5674/4933 5704/5671/4930
f 5724/5693/4950 5706/5673/4932 5705/5674/4933
f 5725/5694/4951 5707/5675/4934 5706/5673/4932
f 5725/5694/4951 5726/5696/4953 5708/5676/4935
f 5727/5695/4952 5709/5677/4936 5708/5676/4935
f 5728/5697/4954 5710/5678/4937 5709/5677/4936
f 5729/5698/4645 5711/5679/4627 5710/5678/4937
f 5730/5699/4955 5712/5680/4938 5711/5679/4627
f 5731/5700/4956 5713/5681/4939 5712/5680/4938
f 5731/5700/4956 5732/5702/4958 5714/5682/4940
f 5733/5701/4957 5715/5684/4942 5714/5682/4940
f 5733/5701/4957 5734/5703/4959 5716/5683/4941
f 5734/5703/4959 5735/5704/4960 5717/5686/4944
f 5735/5704/4960 5736/5706/4962 5718/5685/4943
f 5737/5705/4961 5719/5688/4945 5718/5685/4943
f 5720/5707/4946 5702/5687/4636 5719/5688/4945
f 5739/5708/4963 5721/5691/4948 5720/5689/4946
f 5740/5710/4965 5722/5690/4947 5721/5691/4948
f 5741/5711/4966 5723/5692/4949 5722/5690/4947
f 5742/5712/4967 5724/5693/4950 5723/5692/4949
f 5743/5713/4968 5725/5694/4951 5724/5693/4950
f 5743/5713/4968 5744/5715/4970 5726/5696/4953
f 5745/5714/4969 5727/5695/4952 5726/5696/4953
f 5746/5716/4971 5728/5697/4954 5727/5695/4952
f 5747/5717/4664 5729/5698/4645 5728/5697/4954
f 5747/5717/4664 5748/5719/4973 5730/5699/4955
f 5749/5718/4972 5731/5700/4956 5730/5699/4955
f 5749/5718/4972 5750/5721/4975 5732/5702/4958
f 5751/5720/4974 5733/5701/4957 5732/5702/4958
f 5752/5722/4976 5734/5703/4959 5733/5701/4957
f 5753/5723/4977 5735/5704/4960 5734/5703/4959
f 5754/5724/4978 5736/5706/4962 5735/5704/4960
f 5754/5724/4978 5755/5726/4979 5737/5705/4961
f 5738/5725/4964 5720/5707/4946 5737/5705/4961
f 5757/5727/4980 5739/5708/4963 5738/5709/4964
f 5757/5727/4980 5758/5730/4982 5740/5710/4965
f 5759/5729/4981 5741/5711/4966 5740/5710/4965
f 5759/5729/4981 5760/5731/4983 5742/5712/4967
f 5760/5731/4983 5761/5732/4984 5743/5713/4968
f 5761/5732/4984 5762/5734/4986 5744/5715/4970
f 5763/5733/4985 5745/5714/4969 5744/5715/4970
f 5764/5735/4987 5746/5716/4971 5745/5714/4969
f 5764/5735/4987 5765/5737/4682 5747/5717/4664
f 5766/5736/4988 5748/5719/4973 5747/5717/4664
f 5766/5736/4988 5767/5739/4990 5749/5718/4972
f 5768/5738/4989 5750/5721/4975 5749/5718/4972
f 5769/5740/4991 5751/5720/4974 5750/5721/4975
f 5770/5741/4992 5752/5722/4976 5751/5720/4974
f 5771/5742/4993 5753/5723/4977 5752/5722/4976
f 5771/5742/4993 5772/5744/4995 5754/5724/4978
f 5773/5743/4994 5755/5726/4979 5754/5724/4978
f 5773/5743/4994 5756/5808/4691 5738/5725/4964
f 5775/5745/4996 5757/5727/4980 5756/5728/4691
f 5776/5747/4997 5758/5730/4982 5757/5727/4980
f 5777/5748/4998 5759/5729/4981 5758/5730/4982
f 5778/5749/4999 5760/5731/4983 5759/5729/4981
f 5779/5750/5000 5761/5732/4984 5760/5731/4983
f 5780/5751/5001 5762/5734/4986 5761/5732/4984
f 5781/5752/5002 5763/5733/4985 5762/5734/4986
f 5782/5753/5003 5764/5735/4987 5763/5733/4985
f 5783/5754/4700 5765/5737/4682 5764/5735/4987
f 5783/5754/4700 5784/5755/5004 5766/5736/4988
f 5784/5755/5004 5785/5757/5006 5767/5739/4990
f 5786/5756/5005 5768/5738/4989 5767/5739/4990
f 5786/5756/5005 5787/5758/5007 5769/5740/4991
f 5787/5758/5007 5788/5759/5008 5770/5741/4992
f 5788/5759/5008 5789/5760/5009 5771/5742/4993
f 5789/5760/5009 5790/5762/5011 5772/5744/4995
f 5791/5761/5010 5773/5743/4994 5772/5744/4995
f 5774/5763/4708 5756/5808/4691 5773/5743/4994
f 5792/5764/4726 5793/5766/5013 5775/5745/4996
f 5794/5765/5012 5776/5747/4997 5775/5745/4996
f 5795/5767/5014 5777/5748/4998 5776/5747/4997
f 5795/5767/5014 5796/5769/5016 5778/5749/4999
f 5797/5768/5015 5779/5750/5000 5778/5749/4999
f 5798/5770/5017 5780/5751/5001 5779/5750/5000
f 5799/5771/5018 5781/5752/5002 5780/5751/5001
f 5800/5772/5019 5782/5753/5003 5781/5752/5002
f 5801/5773/4717 5783/5754/4700 5782/5753/5003
f 5801/5773/4717 5802/5775/5021 5784/5755/5004
f 5803/5774/5020 5785/5757/5006 5784/5755/5004
f 5803/5774/5020 5804/5776/5022 5786/5756/5005
f 5804/5776/5022 5805/5778/5024 5787/5758/5007
f 5806/5777/5023 5788/5759/5008 5787/5758/5007
f 5807/5779/5025 5789/5760/5009 5788/5759/5008
f 5807/5779/5025 5808/5781/5027 5790/5762/5011
f 5809/5780/5026 5791/5761/5010 5790/5762/5011
f 5792/5782/4726 5774/5763/4708 5791/5761/5010
f 5163/5783/4415 5793/5766/5013 5792/5764/4726
f 5164/5785/4417 5794/5765/5012 5793/5766/5013
f 5165/5786/4419 5795/5767/5014 5794/5765/5012
f 5166/5787/4421 5796/5769/5016 5795/5767/5014
f 5167/5788/4423 5797/5768/5015 5796/5769/5016
f 5168/5789/4425 5798/5770/5017 5797/5768/5015
f 5169/5790/4427 5799/5771/5018 5798/5770/5017
f 5170/5791/4429 5800/5772/5019 5799/5771/5018
f 5171/5792/4431 5801/5773/4717 5800/5772/5019
f 5172/5793/4433 5802/5775/5021 5801/5773/4717
f 5173/5794/4432 5803/5774/5020 5802/5775/5021
f 5173/5794/4432 5174/5796/4437 5804/5776/5022
f 5175/5795/4439 5805/5778/5024 5804/5776/5022
f 5176/5797/4441 5806/5777/5023 5805/5778/5024
f 5177/5798/4443 5807/5779/5025 5806/5777/5023
f 5178/5799/4445 5808/5781/5027 5807/5779/5025
f 5178/5799/4445 5179/5801/4446 5809/5780/5026
f 5162/5800/4412 5792/5782/4726 5809/5780/5026
