# Blender 4.2.3 LTS
# www.blender.org
mtllib light04_1.mtl
o Lantern_A_base_Circle.008
v -1.006228 0.003311 -0.367078
v -1.265811 0.003311 -0.259555
v -1.373335 0.003311 0.000029
v -1.265811 0.003311 0.259613
v -1.006228 0.003311 0.367136
v -0.746644 0.003311 0.259613
v -0.639121 0.003311 0.000029
v -0.746644 0.003311 -0.259555
v -1.006228 0.074930 -0.367078
v -1.265811 0.074930 -0.259555
v -1.373335 0.074930 0.000029
v -1.265811 0.074930 0.259613
v -1.006228 0.074930 0.367136
v -0.746644 0.074930 0.259613
v -0.639121 0.074930 0.000029
v -0.746644 0.074930 -0.259555
v -1.006228 0.101190 -0.330367
v -1.239853 0.101190 -0.233596
v -1.336624 0.101190 0.000029
v -1.239853 0.101190 0.233654
v -1.006228 0.101190 0.330425
v -0.772602 0.101190 0.233654
v -0.675831 0.101190 0.000029
v -0.772602 0.101190 -0.233596
v -1.006228 0.203845 -0.330367
v -1.239853 0.203845 -0.233596
v -1.336624 0.203845 0.000029
v -1.239853 0.203845 0.233654
v -1.006228 0.203845 0.330425
v -0.772602 0.203845 0.233654
v -0.675831 0.203845 0.000029
v -0.772602 0.203845 -0.233596
v -1.006228 0.385280 -0.184993
v -1.137058 0.385280 -0.130801
v -1.191249 0.385280 0.000029
v -1.137058 0.385280 0.130859
v -1.006228 0.385280 0.185051
v -0.875397 0.385280 0.130859
v -0.821206 0.385280 0.000029
v -0.875397 0.385280 -0.130801
v -1.006228 0.477301 -0.184993
v -1.137058 0.477301 -0.130801
v -1.191249 0.477301 0.000029
v -1.137058 0.477301 0.130859
v -1.006228 0.477301 0.185051
v -0.875397 0.477301 0.130859
v -0.821206 0.477301 0.000029
v -0.875397 0.477301 -0.130801
v -1.204409 0.294562 -0.198152
v -1.286498 0.294562 0.000029
v -0.725957 0.294562 0.000029
v -0.808047 0.294562 -0.198152
v -1.006228 0.294562 0.280300
v -0.808047 0.294562 0.198210
v -1.204409 0.294562 0.198210
v -1.006228 0.294562 -0.280241
v -0.669224 0.152517 0.000029
v -0.767930 0.152517 -0.238269
v -1.006228 0.152517 0.337033
v -0.767930 0.152517 0.238327
v -1.343232 0.152517 0.000029
v -1.244526 0.152517 0.238327
v -1.006228 0.152517 -0.336975
v -1.244526 0.152517 -0.238269
v -1.006228 0.520129 -0.148315
v -1.111123 0.520129 -0.104866
v -1.154572 0.520129 0.000029
v -1.111123 0.520129 0.104924
v -1.006228 0.520129 0.148373
v -0.901333 0.520129 0.104924
v -0.857884 0.520129 0.000029
v -0.901333 0.520129 -0.104866
v -1.006003 0.521035 -0.088797
v -1.068940 0.521035 -0.062728
v -1.095009 0.521035 0.000209
v -1.068940 0.521035 0.063147
v -1.006003 0.521035 0.089216
v -0.943066 0.521035 0.063147
v -0.916996 0.521035 0.000209
v -0.943066 0.521035 -0.062728
vn 0.9239 -0.0000 -0.3827
vn 0.3827 -0.0000 0.9239
vn -0.9239 -0.0000 0.3827
vn -0.3827 -0.0000 -0.9239
vn 0.3827 -0.0000 -0.9239
vn 0.9239 -0.0000 0.3827
vn -0.3827 -0.0000 0.9239
vn -0.9239 -0.0000 -0.3827
vn -0.2343 0.7907 -0.5656
vn 0.2343 0.7907 -0.5656
vn 0.5656 0.7907 0.2343
vn -0.2343 0.7907 0.5656
vn -0.5656 0.7907 -0.2343
vn 0.5656 0.7907 -0.2343
vn 0.2343 0.7907 0.5656
vn -0.5656 0.7907 0.2343
vn 0.9174 0.1181 -0.3800
vn 0.3800 0.1181 0.9174
vn -0.9174 0.1181 0.3800
vn -0.3800 0.1181 -0.9174
vn 0.3800 0.1181 -0.9174
vn 0.9174 0.1181 0.3800
vn -0.3800 0.1181 0.9174
vn -0.9174 0.1181 -0.3800
vn -0.6631 0.6963 -0.2747
vn 0.6631 0.6963 -0.2747
vn 0.2747 0.6963 0.6631
vn -0.6631 0.6963 0.2747
vn -0.2747 0.6963 -0.6631
vn 0.2747 0.6963 -0.6631
vn 0.6631 0.6963 0.2747
vn -0.2747 0.6963 0.6631
vn -0.3408 0.4547 0.8229
vn 0.8229 0.4547 0.3408
vn 0.3408 0.4547 -0.8229
vn -0.3408 0.4547 -0.8229
vn -0.8229 0.4547 0.3408
vn 0.3408 0.4547 0.8229
vn 0.8229 0.4547 -0.3408
vn -0.8229 0.4547 -0.3408
vn -0.9174 -0.1181 -0.3800
vn -0.3800 -0.1181 0.9174
vn 0.9174 -0.1181 0.3800
vn 0.3800 -0.1181 -0.9174
vn -0.3800 -0.1181 -0.9174
vn -0.9174 -0.1181 0.3800
vn 0.3800 -0.1181 0.9174
vn 0.9174 -0.1181 -0.3800
vn -0.7245 0.6205 0.3001
vn -0.3001 0.6205 -0.7245
vn 0.3001 0.6205 -0.7245
vn 0.7245 0.6205 0.3001
vn -0.3001 0.6205 0.7245
vn -0.7245 0.6205 -0.3001
vn 0.7245 0.6205 -0.3001
vn 0.3001 0.6205 0.7245
vn 0.0153 0.9999 -0.0063
vn 0.0064 0.9999 0.0153
vn -0.0152 0.9999 0.0063
vn -0.0063 0.9999 -0.0152
vn 0.0063 0.9999 -0.0152
vn 0.0153 0.9999 0.0064
vn -0.0063 0.9999 0.0153
vn -0.0152 0.9999 -0.0063
vn -0.0000 1.0000 -0.0000
vt 0.676380 0.484057
vt 0.679620 0.481899
vt 0.676380 0.481899
vt 0.668558 0.481899
vt 0.660736 0.484057
vt 0.657496 0.481899
vt 0.660736 0.481899
vt 0.668558 0.484057
vt 0.679620 0.484057
vt 0.657496 0.484057
vt 0.668558 0.484849
vt 0.675598 0.484849
vt 0.661518 0.484849
vt 0.675598 0.487942
vt 0.678713 0.486395
vt 0.675739 0.486395
vt 0.668558 0.487942
vt 0.668558 0.486395
vt 0.661518 0.487942
vt 0.658403 0.486395
vt 0.661377 0.486395
vt 0.660113 0.490675
vt 0.664616 0.493409
vt 0.662586 0.490675
vt 0.672500 0.493409
vt 0.677003 0.490675
vt 0.674530 0.490675
vt 0.668558 0.493409
vt 0.668558 0.490675
vt 0.668558 0.496182
vt 0.674133 0.496182
vt 0.674133 0.493409
vt 0.662983 0.496182
vt 0.662983 0.493409
vt 0.672500 0.496182
vt 0.664616 0.496182
vt 0.678514 0.487942
vt 0.658602 0.487942
vt 0.658602 0.484849
vt 0.678514 0.484849
vt 0.665397 0.497472
vt 0.668558 0.497472
vt 0.671719 0.497472
vt 0.673028 0.497472
vt 0.670461 0.497500
vt 0.671247 0.497500
vt 0.668565 0.497500
vt 0.665883 0.497500
vt 0.664088 0.497472
vt 0.666668 0.497500
s 0
usemtl Metal_Color_Palette
f 16/1/1 7/2/1 8/3/1
f 14/1/2 5/4/2 6/3/2
f 12/5/3 3/6/3 4/7/3
f 10/5/4 1/4/4 2/7/4
f 9/8/5 8/3/5 1/4/5
f 15/9/6 6/3/6 7/2/6
f 13/8/7 4/7/7 5/4/7
f 11/10/8 2/7/8 3/6/8
f 10/5/9 17/11/9 9/8/9
f 17/11/10 16/1/10 9/8/10
f 15/9/11 22/12/11 14/1/11
f 21/11/12 12/5/12 13/8/12
f 11/10/13 18/13/13 10/5/13
f 24/12/14 15/9/14 16/1/14
f 14/1/15 21/11/15 13/8/15
f 20/13/16 11/10/16 12/5/16
f 32/14/17 57/15/17 58/16/17
f 60/16/18 29/17/18 59/18/18
f 28/19/19 61/20/19 62/21/19
f 26/19/20 63/18/20 64/21/20
f 25/17/21 58/16/21 63/18/21
f 57/15/22 30/14/22 60/16/22
f 59/18/23 28/19/23 62/21/23
f 61/20/24 26/19/24 64/21/24
f 50/22/25 34/23/25 49/24/25
f 40/25/26 51/26/26 52/27/26
f 54/27/27 37/28/27 53/29/27
f 36/23/28 50/22/28 55/24/28
f 34/23/29 56/29/29 49/24/29
f 33/28/30 52/27/30 56/29/30
f 51/26/31 38/25/31 54/27/31
f 37/28/32 55/24/32 53/29/32
f 41/30/5 40/25/5 33/28/5
f 47/31/6 38/25/6 39/32/6
f 45/30/7 36/23/7 37/28/7
f 43/33/8 34/23/8 35/34/8
f 48/35/1 39/32/1 40/25/1
f 46/35/2 37/28/2 38/25/2
f 44/36/3 35/34/3 36/23/3
f 42/36/4 33/28/4 34/23/4
f 53/29/33 28/19/33 29/17/33
f 51/26/34 30/14/34 31/37/34
f 25/17/35 52/27/35 32/14/35
f 26/19/36 56/29/36 25/17/36
f 28/19/37 50/22/37 27/38/37
f 54/27/38 29/17/38 30/14/38
f 32/14/39 51/26/39 31/37/39
f 50/22/40 26/19/40 27/38/40
f 61/20/41 18/13/41 19/39/41
f 59/18/42 20/13/42 21/11/42
f 57/15/43 22/12/43 23/40/43
f 17/11/44 58/16/44 24/12/44
f 18/13/45 63/18/45 17/11/45
f 20/13/46 61/20/46 19/39/46
f 60/16/47 21/11/47 22/12/47
f 24/12/48 57/15/48 23/40/48
f 68/41/49 43/33/49 44/36/49
f 42/36/50 65/42/50 41/30/50
f 41/30/51 72/43/51 48/35/51
f 71/44/52 46/35/52 47/31/52
f 69/42/53 44/36/53 45/30/53
f 43/33/54 66/41/54 42/36/54
f 48/35/55 71/44/55 47/31/55
f 70/43/56 45/30/56 46/35/56
f 71/44/57 80/45/57 79/46/57
f 70/43/58 77/47/58 69/42/58
f 68/41/59 75/48/59 67/49/59
f 65/42/60 74/50/60 73/47/60
f 72/43/61 73/47/61 80/45/61
f 70/43/62 79/46/62 78/45/62
f 69/42/63 76/50/63 68/41/63
f 67/49/64 74/50/64 66/41/64
f 79/46/65 73/47/65 74/50/65
f 75/48/65 79/46/65 74/50/65
f 77/47/65 75/48/65 76/50/65
f 16/1/1 15/9/1 7/2/1
f 14/1/2 13/8/2 5/4/2
f 12/5/3 11/10/3 3/6/3
f 10/5/4 9/8/4 1/4/4
f 9/8/5 16/1/5 8/3/5
f 15/9/6 14/1/6 6/3/6
f 13/8/7 12/5/7 4/7/7
f 11/10/8 10/5/8 2/7/8
f 10/5/9 18/13/9 17/11/9
f 17/11/10 24/12/10 16/1/10
f 15/9/11 23/40/11 22/12/11
f 21/11/12 20/13/12 12/5/12
f 11/10/13 19/39/13 18/13/13
f 24/12/14 23/40/14 15/9/14
f 14/1/15 22/12/15 21/11/15
f 20/13/16 19/39/16 11/10/16
f 32/14/17 31/37/17 57/15/17
f 60/16/18 30/14/18 29/17/18
f 28/19/19 27/38/19 61/20/19
f 26/19/20 25/17/20 63/18/20
f 25/17/21 32/14/21 58/16/21
f 57/15/22 31/37/22 30/14/22
f 59/18/23 29/17/23 28/19/23
f 61/20/24 27/38/24 26/19/24
f 50/22/25 35/34/25 34/23/25
f 40/25/26 39/32/26 51/26/26
f 54/27/27 38/25/27 37/28/27
f 36/23/28 35/34/28 50/22/28
f 34/23/29 33/28/29 56/29/29
f 33/28/30 40/25/30 52/27/30
f 51/26/31 39/32/31 38/25/31
f 37/28/32 36/23/32 55/24/32
f 41/30/5 48/35/5 40/25/5
f 47/31/6 46/35/6 38/25/6
f 45/30/7 44/36/7 36/23/7
f 43/33/8 42/36/8 34/23/8
f 48/35/1 47/31/1 39/32/1
f 46/35/2 45/30/2 37/28/2
f 44/36/3 43/33/3 35/34/3
f 42/36/4 41/30/4 33/28/4
f 53/29/33 55/24/33 28/19/33
f 51/26/34 54/27/34 30/14/34
f 25/17/35 56/29/35 52/27/35
f 26/19/36 49/24/36 56/29/36
f 28/19/37 55/24/37 50/22/37
f 54/27/38 53/29/38 29/17/38
f 32/14/39 52/27/39 51/26/39
f 50/22/40 49/24/40 26/19/40
f 61/20/41 64/21/41 18/13/41
f 59/18/42 62/21/42 20/13/42
f 57/15/43 60/16/43 22/12/43
f 17/11/44 63/18/44 58/16/44
f 18/13/45 64/21/45 63/18/45
f 20/13/46 62/21/46 61/20/46
f 60/16/47 59/18/47 21/11/47
f 24/12/48 58/16/48 57/15/48
f 68/41/49 67/49/49 43/33/49
f 42/36/50 66/41/50 65/42/50
f 41/30/51 65/42/51 72/43/51
f 71/44/52 70/43/52 46/35/52
f 69/42/53 68/41/53 44/36/53
f 43/33/54 67/49/54 66/41/54
f 48/35/55 72/43/55 71/44/55
f 70/43/56 69/42/56 45/30/56
f 71/44/57 72/43/57 80/45/57
f 70/43/58 78/45/58 77/47/58
f 68/41/59 76/50/59 75/48/59
f 65/42/60 66/41/60 74/50/60
f 72/43/61 65/42/61 73/47/61
f 70/43/62 71/44/62 79/46/62
f 69/42/63 77/47/63 76/50/63
f 67/49/64 75/48/64 74/50/64
f 79/46/65 80/45/65 73/47/65
f 75/48/65 78/45/65 79/46/65
f 77/47/65 78/45/65 75/48/65
o Lantern_Big_Handle_A_CUNurbsPath.000
v -1.135442 0.627359 -0.599559
v -1.135147 0.635255 -0.601987
v -1.135442 0.639144 -0.609276
v -1.136154 0.636747 -0.617154
v -1.136867 0.629469 -0.621009
v -1.137162 0.621574 -0.618580
v -1.136867 0.617685 -0.611292
v -1.136154 0.620082 -0.603413
v -1.184233 0.633677 -0.591896
v -1.182165 0.641093 -0.594907
v -1.184233 0.645462 -0.601613
v -1.189224 0.644226 -0.608084
v -1.194215 0.638109 -0.610531
v -1.196283 0.630693 -0.607520
v -1.194215 0.626324 -0.600814
v -1.189224 0.627560 -0.594342
v -1.192679 0.649049 -0.573253
v -1.189544 0.655209 -0.577786
v -1.192679 0.660834 -0.582970
v -1.200248 0.662627 -0.585767
v -1.207817 0.659540 -0.584538
v -1.210952 0.653380 -0.580005
v -1.207817 0.647756 -0.574821
v -1.200248 0.645962 -0.572025
v -1.189316 0.669825 -0.548056
v -1.186154 0.675675 -0.552966
v -1.189316 0.681610 -0.557772
v -1.196951 0.684153 -0.559660
v -1.204586 0.681816 -0.557522
v -1.207749 0.675966 -0.552612
v -1.204586 0.670031 -0.547806
v -1.196951 0.667488 -0.545918
v -1.191424 0.690298 -0.523225
v -1.188470 0.696911 -0.527210
v -1.191424 0.702083 -0.532942
v -1.198554 0.702783 -0.537065
v -1.205684 0.698603 -0.537163
v -1.208637 0.691990 -0.533178
v -1.205684 0.686818 -0.527446
v -1.198554 0.686118 -0.523323
v -1.210881 0.705776 -0.504454
v -1.209017 0.713294 -0.507341
v -1.210881 0.717561 -0.514170
v -1.215380 0.716075 -0.520944
v -1.219879 0.709710 -0.523692
v -1.221743 0.702191 -0.520806
v -1.219879 0.697925 -0.513975
v -1.215380 0.699410 -0.507203
v -1.245900 0.714504 -0.493868
v -1.245038 0.722332 -0.496378
v -1.245900 0.726289 -0.503585
v -1.247983 0.724055 -0.511266
v -1.250065 0.716941 -0.514923
v -1.250927 0.709112 -0.512413
v -1.250065 0.705156 -0.505206
v -1.247983 0.707389 -0.497525
v -1.286072 0.719307 -0.488043
v -1.285398 0.727165 -0.490518
v -1.286072 0.731091 -0.497760
v -1.287700 0.728785 -0.505529
v -1.289329 0.721598 -0.509274
v -1.290003 0.713740 -0.506800
v -1.289329 0.709813 -0.499557
v -1.287700 0.712120 -0.491788
v -1.320433 0.724646 -0.481568
v -1.319018 0.732338 -0.484243
v -1.320433 0.736431 -0.491285
v -1.323848 0.734525 -0.498567
v -1.327263 0.727739 -0.501826
v -1.328678 0.720047 -0.499150
v -1.327263 0.715955 -0.492109
v -1.323848 0.717860 -0.484826
v -1.343017 0.736208 -0.467545
v -1.340396 0.743227 -0.471037
v -1.343017 0.747993 -0.477262
v -1.349345 0.747714 -0.482572
v -1.355673 0.742553 -0.483859
v -1.358294 0.735534 -0.480367
v -1.355673 0.730768 -0.474142
v -1.349345 0.731048 -0.468831
v -1.354718 0.760848 -0.437662
v -1.351612 0.767118 -0.442061
v -1.354718 0.772632 -0.447379
v -1.362219 0.774159 -0.450500
v -1.369719 0.770803 -0.449597
v -1.372826 0.764533 -0.445198
v -1.369719 0.759019 -0.439880
v -1.362219 0.757492 -0.436759
v -1.359634 0.801054 -0.388897
v -1.356480 0.807103 -0.393566
v -1.359635 0.812845 -0.398605
v -1.367251 0.814921 -0.401060
v -1.374865 0.812112 -0.399494
v -1.378019 0.806064 -0.394824
v -1.374864 0.800320 -0.389786
v -1.367248 0.798245 -0.387331
v -1.365591 0.852933 -0.325787
v -1.362446 0.859043 -0.330383
v -1.365598 0.864766 -0.335445
v -1.373202 0.866752 -0.338009
v -1.380802 0.863836 -0.336573
v -1.383947 0.857728 -0.331977
v -1.380795 0.852003 -0.326915
v -1.373192 0.850018 -0.324351
v -1.376662 0.911245 -0.253819
v -1.373539 0.917478 -0.258261
v -1.376689 0.923185 -0.263345
v -1.384265 0.925023 -0.266093
v -1.391830 0.921915 -0.264895
v -1.394953 0.915682 -0.260453
v -1.391804 0.909975 -0.255369
v -1.384227 0.908137 -0.252621
v -1.390631 0.970638 -0.178130
v -1.387532 0.976973 -0.182442
v -1.390692 0.982731 -0.187461
v -1.398262 0.984539 -0.190246
v -1.405806 0.981337 -0.189167
v -1.408906 0.975004 -0.184854
v -1.405746 0.969246 -0.179836
v -1.398176 0.967437 -0.177051
v -1.403834 1.025184 -0.106063
v -1.400747 1.031572 -0.110304
v -1.403921 1.037389 -0.115245
v -1.411498 1.039227 -0.117990
v -1.419039 1.036011 -0.116931
v -1.422126 1.029623 -0.112690
v -1.418951 1.023807 -0.107749
v -1.411374 1.021968 -0.105004
v -1.414042 1.068231 -0.048317
v -1.410952 1.074610 -0.052572
v -1.414127 1.080423 -0.057516
v -1.421705 1.082268 -0.060254
v -1.429248 1.079061 -0.059183
v -1.432337 1.072682 -0.054929
v -1.429163 1.066868 -0.049984
v -1.421584 1.065024 -0.047246
v -1.420538 1.095773 -0.012119
v -1.417440 1.102115 -0.016421
v -1.420602 1.107880 -0.021431
v -1.428172 1.109690 -0.024213
v -1.435716 1.106486 -0.023138
v -1.438814 1.100144 -0.018835
v -1.435652 1.094380 -0.013825
v -1.428081 1.092569 -0.011044
v -1.424048 1.110242 0.006530
v -1.420982 1.116718 0.002406
v -1.424176 1.122612 -0.002430
v -1.431759 1.124471 -0.005146
v -1.439288 1.121207 -0.004151
v -1.442353 1.114732 -0.000028
v -1.439159 1.108838 0.004809
v -1.431577 1.106979 0.007525
v -1.426187 1.118494 0.018806
v -1.423197 1.125261 0.015121
v -1.426473 1.131476 0.010765
v -1.434096 1.133498 0.008291
v -1.441602 1.130141 0.009148
v -1.444592 1.123374 0.012833
v -1.441316 1.117159 0.017189
v -1.433692 1.115137 0.019662
v -1.428113 1.125763 0.031747
v -1.425144 1.132612 0.028197
v -1.428448 1.138936 0.024023
v -1.436091 1.141030 0.021672
v -1.443594 1.137668 0.022518
v -1.446564 1.130820 0.026069
v -1.443260 1.124496 0.030242
v -1.435617 1.122402 0.032593
v -1.430175 1.134225 0.045702
v -1.427093 1.140594 0.041428
v -1.430282 1.146430 0.036520
v -1.437875 1.148314 0.033851
v -1.445424 1.145144 0.034985
v -1.448506 1.138774 0.039259
v -1.445317 1.132938 0.044167
v -1.437724 1.131054 0.046836
v -1.432481 1.145774 0.057846
v -1.429016 1.150145 0.051746
v -1.431805 1.153891 0.044926
v -1.439214 1.154815 0.041380
v -1.446903 1.152380 0.043188
v -1.450369 1.148009 0.049288
v -1.447580 1.144263 0.056108
v -1.440170 1.143337 0.059652
v -1.434885 1.161839 0.062416
v -1.430814 1.162137 0.055228
v -1.432965 1.161602 0.047266
v -1.440080 1.160546 0.043192
v -1.447989 1.159590 0.045393
v -1.452061 1.159292 0.052580
v -1.449909 1.159827 0.060544
v -1.442795 1.160882 0.064617
v -1.436790 1.179054 0.056531
v -1.432342 1.176085 0.050227
v -1.434098 1.172111 0.043195
v -1.441028 1.169458 0.039554
v -1.449073 1.169681 0.041436
v -1.453521 1.172649 0.047739
v -1.451766 1.176624 0.054772
v -1.444836 1.179277 0.058413
v -1.438092 1.194066 0.045327
v -1.433522 1.189757 0.039954
v -1.435148 1.184356 0.033911
v -1.442017 1.181029 0.030738
v -1.450105 1.181723 0.032294
v -1.454675 1.186032 0.037667
v -1.453050 1.191433 0.043709
v -1.446181 1.194760 0.046883
v -1.438988 1.205696 0.033579
v -1.434348 1.200516 0.029112
v -1.435896 1.194145 0.024078
v -1.442724 1.190316 0.021426
v -1.450834 1.191272 0.022709
v -1.455474 1.196452 0.027176
v -1.453926 1.202823 0.032211
v -1.447098 1.206652 0.034863
v -1.439614 1.213324 0.021624
v -1.434887 1.207137 0.018848
v -1.436334 1.199604 0.015767
v -1.443107 1.195139 0.014185
v -1.451240 1.196355 0.015029
v -1.455967 1.202543 0.017805
v -1.454520 1.210076 0.020886
v -1.447746 1.214541 0.022467
v -1.440051 1.216324 0.008054
v -1.435247 1.209616 0.007564
v -1.436604 1.201472 0.007158
v -1.443328 1.196664 0.007074
v -1.451479 1.198009 0.007359
v -1.456282 1.204717 0.007849
v -1.454925 1.212861 0.008255
v -1.448202 1.217669 0.008340
v -1.440355 1.214782 -0.006486
v -1.435505 1.208279 -0.004897
v -1.436808 1.200380 -0.002838
v -1.443500 1.195712 -0.001514
v -1.451661 1.197010 -0.001701
v -1.456511 1.203512 -0.003290
v -1.455208 1.211411 -0.005349
v -1.448516 1.216079 -0.006673
v -1.440565 1.209046 -0.020055
v -1.435683 1.203398 -0.016506
v -1.436948 1.196526 -0.012090
v -1.443618 1.192457 -0.009392
v -1.451786 1.193574 -0.009993
v -1.456667 1.199223 -0.013542
v -1.455403 1.206094 -0.017959
v -1.448733 1.210163 -0.020656
v -1.440691 1.199569 -0.030368
v -1.435787 1.195545 -0.025068
v -1.437025 1.190642 -0.018530
v -1.443679 1.187733 -0.014582
v -1.451851 1.188522 -0.015537
v -1.456755 1.192546 -0.020837
v -1.455518 1.197449 -0.027376
v -1.448864 1.200358 -0.031323
v -1.440754 1.187965 -0.036129
v -1.435837 1.186093 -0.029753
v -1.437059 1.183816 -0.021901
v -1.443704 1.182467 -0.017173
v -1.451879 1.182836 -0.018338
v -1.456795 1.184707 -0.024714
v -1.455574 1.186985 -0.032565
v -1.448929 1.188334 -0.037294
v -1.440784 1.176054 -0.037381
v -1.435861 1.176565 -0.030762
v -1.437074 1.177208 -0.022611
v -1.443714 1.177608 -0.017703
v -1.451890 1.177528 -0.018914
v -1.456814 1.177018 -0.025534
v -1.455601 1.176374 -0.033685
v -1.448961 1.175975 -0.038593
v -1.440802 1.164935 -0.034373
v -1.435874 1.167857 -0.028414
v -1.437083 1.171466 -0.021077
v -1.443719 1.173647 -0.016659
v -1.451897 1.173124 -0.017748
v -1.456824 1.170200 -0.023706
v -1.455616 1.166591 -0.031043
v -1.448979 1.164410 -0.035462
v -1.440813 1.155456 -0.027099
v -1.435883 1.160511 -0.022802
v -1.437088 1.166746 -0.017510
v -1.443723 1.170508 -0.014323
v -1.451900 1.169593 -0.015107
v -1.456831 1.164538 -0.019404
v -1.455626 1.158303 -0.024696
v -1.448991 1.154541 -0.027883
v -1.440809 1.149024 -0.014790
v -1.435885 1.155494 -0.013300
v -1.437098 1.163454 -0.011432
v -1.443737 1.168241 -0.010279
v -1.451914 1.167051 -0.010517
v -1.456838 1.160581 -0.012008
v -1.455625 1.152620 -0.013877
v -1.448985 1.147834 -0.015029
v -1.440577 1.149927 0.003945
v -1.435734 1.155992 0.001103
v -1.437042 1.163472 -0.002162
v -1.443736 1.167986 -0.003936
v -1.451894 1.166889 -0.003180
v -1.456737 1.160824 -0.000337
v -1.455429 1.153343 0.002928
v -1.448735 1.148829 0.004701
v -1.439163 1.171605 0.025262
v -1.434530 1.174602 0.019108
v -1.436082 1.178518 0.011996
v -1.442910 1.181058 0.008091
v -1.451015 1.180734 0.009682
v -1.455649 1.177738 0.015836
v -1.454097 1.173822 0.022949
v -1.447268 1.171282 0.026853
v -1.441533 1.173431 0.022147
v -1.438753 1.175230 0.018454
v -1.439685 1.177578 0.014186
v -1.443782 1.179102 0.011843
v -1.448645 1.178909 0.012799
v -1.451425 1.177111 0.016491
v -1.450494 1.174761 0.020759
v -1.446396 1.173237 0.023101
v -1.442956 1.174527 0.020276
v -1.441288 1.175606 0.018061
v -1.441846 1.177015 0.015500
v -1.444305 1.177930 0.014094
v -1.447223 1.177813 0.014668
v -1.448891 1.176734 0.016883
v -1.448332 1.175324 0.019444
v -1.445873 1.174411 0.020849
v -0.999214 0.629963 -0.596400
v -0.999214 0.637867 -0.598819
v -0.999214 0.641748 -0.606117
v -0.999214 0.639333 -0.614018
v -0.999214 0.632037 -0.617895
v -0.999214 0.624134 -0.615475
v -0.999214 0.620252 -0.608178
v -0.999214 0.622668 -0.600276
v -0.862987 0.627359 -0.599559
v -0.863282 0.635255 -0.601987
v -0.862987 0.639144 -0.609276
v -0.862274 0.636747 -0.617154
v -0.861562 0.629469 -0.621009
v -0.861267 0.621574 -0.618580
v -0.861562 0.617685 -0.611292
v -0.862274 0.620082 -0.603413
v -0.814196 0.633677 -0.591896
v -0.816264 0.641093 -0.594907
v -0.814196 0.645462 -0.601613
v -0.809205 0.644226 -0.608084
v -0.804214 0.638109 -0.610531
v -0.802146 0.630693 -0.607520
v -0.804214 0.626324 -0.600814
v -0.809205 0.627560 -0.594342
v -0.805750 0.649048 -0.573254
v -0.808885 0.655209 -0.577786
v -0.805750 0.660833 -0.582970
v -0.798181 0.662627 -0.585767
v -0.790612 0.659540 -0.584539
v -0.787477 0.653380 -0.580005
v -0.790612 0.647755 -0.574822
v -0.798181 0.645962 -0.572025
v -0.809113 0.669825 -0.548056
v -0.812275 0.675675 -0.552966
v -0.809113 0.681610 -0.557772
v -0.801478 0.684153 -0.559660
v -0.793843 0.681816 -0.557522
v -0.790680 0.675966 -0.552612
v -0.793843 0.670031 -0.547806
v -0.801478 0.667488 -0.545918
v -0.807005 0.690298 -0.523225
v -0.809959 0.696911 -0.527210
v -0.807005 0.702083 -0.532942
v -0.799875 0.702783 -0.537065
v -0.792745 0.698602 -0.537163
v -0.789792 0.691989 -0.533179
v -0.792745 0.686818 -0.527447
v -0.799875 0.686118 -0.523323
v -0.787548 0.705775 -0.504454
v -0.789412 0.713294 -0.507341
v -0.787548 0.717560 -0.514171
v -0.783049 0.716075 -0.520944
v -0.778550 0.709709 -0.523693
v -0.776686 0.702191 -0.520806
v -0.778550 0.697924 -0.513976
v -0.783049 0.699410 -0.507203
v -0.752529 0.714504 -0.493869
v -0.753391 0.722332 -0.496378
v -0.752529 0.726288 -0.503586
v -0.750446 0.724055 -0.511266
v -0.748364 0.716941 -0.514923
v -0.747501 0.709112 -0.512413
v -0.748364 0.705156 -0.505206
v -0.750446 0.707389 -0.497525
v -0.712357 0.719307 -0.488043
v -0.713031 0.727165 -0.490518
v -0.712357 0.731091 -0.497760
v -0.710728 0.728785 -0.505530
v -0.709100 0.721598 -0.509274
v -0.708426 0.713740 -0.506800
v -0.709100 0.709813 -0.499557
v -0.710728 0.712119 -0.491788
v -0.677996 0.724645 -0.481569
v -0.679411 0.732338 -0.484243
v -0.677996 0.736430 -0.491285
v -0.674581 0.734525 -0.498567
v -0.671165 0.727739 -0.501826
v -0.669751 0.720047 -0.499150
v -0.671165 0.715955 -0.492109
v -0.674581 0.717860 -0.484826
v -0.655411 0.736208 -0.467545
v -0.658032 0.743227 -0.471037
v -0.655411 0.747993 -0.477262
v -0.649084 0.747714 -0.482572
v -0.642756 0.742553 -0.483859
v -0.640135 0.735534 -0.480367
v -0.642756 0.730768 -0.474142
v -0.649084 0.731048 -0.468831
v -0.643711 0.760847 -0.437663
v -0.646817 0.767118 -0.442061
v -0.643710 0.772632 -0.447379
v -0.636210 0.774158 -0.450500
v -0.628710 0.770803 -0.449597
v -0.625603 0.764532 -0.445198
v -0.628710 0.759019 -0.439880
v -0.636210 0.757492 -0.436759
v -0.638795 0.801054 -0.388897
v -0.641949 0.807102 -0.393567
v -0.638794 0.812845 -0.398605
v -0.631178 0.814921 -0.401060
v -0.623564 0.812112 -0.399494
v -0.620410 0.806064 -0.394824
v -0.623565 0.800320 -0.389786
v -0.631180 0.798245 -0.387331
v -0.632837 0.852933 -0.325787
v -0.635983 0.859043 -0.330383
v -0.632830 0.864766 -0.335445
v -0.625227 0.866752 -0.338009
v -0.617627 0.863836 -0.336573
v -0.614482 0.857727 -0.331978
v -0.617634 0.852003 -0.326915
v -0.625237 0.850018 -0.324351
v -0.621767 0.911245 -0.253819
v -0.624889 0.917478 -0.258261
v -0.621740 0.923185 -0.263345
v -0.614164 0.925023 -0.266093
v -0.606599 0.921915 -0.264895
v -0.603476 0.915682 -0.260453
v -0.606625 0.909975 -0.255369
v -0.614202 0.908137 -0.252621
v -0.607797 0.970638 -0.178131
v -0.610897 0.976973 -0.182443
v -0.607736 0.982731 -0.187461
v -0.600167 0.984538 -0.190247
v -0.592622 0.981337 -0.189167
v -0.589523 0.975003 -0.184855
v -0.592683 0.969246 -0.179836
v -0.600253 0.967437 -0.177051
v -0.594595 1.025184 -0.106063
v -0.597682 1.031571 -0.110305
v -0.594508 1.037389 -0.115245
v -0.586931 1.039227 -0.117990
v -0.579390 1.036011 -0.116931
v -0.576303 1.029623 -0.112690
v -0.579478 1.023807 -0.107749
v -0.587055 1.021968 -0.105004
v -0.584387 1.068231 -0.048317
v -0.587476 1.074610 -0.052572
v -0.584302 1.080423 -0.057516
v -0.576724 1.082268 -0.060254
v -0.569181 1.079061 -0.059183
v -0.566092 1.072682 -0.054929
v -0.569266 1.066868 -0.049984
v -0.576844 1.065024 -0.047246
v -0.577891 1.095773 -0.012119
v -0.580989 1.102115 -0.016421
v -0.577826 1.107880 -0.021431
v -0.570256 1.109690 -0.024213
v -0.562713 1.106486 -0.023138
v -0.559615 1.100144 -0.018835
v -0.562777 1.094379 -0.013826
v -0.570348 1.092569 -0.011044
v -0.574381 1.110242 0.006530
v -0.577447 1.116717 0.002405
v -0.574253 1.122611 -0.002431
v -0.566670 1.124471 -0.005146
v -0.559141 1.121207 -0.004151
v -0.556076 1.114732 -0.000028
v -0.559270 1.108838 0.004809
v -0.566852 1.106978 0.007524
v -0.572242 1.118493 0.018805
v -0.575232 1.125261 0.015120
v -0.571956 1.131476 0.010765
v -0.564333 1.133498 0.008291
v -0.556827 1.130141 0.009148
v -0.553837 1.123374 0.012833
v -0.557113 1.117159 0.017189
v -0.564737 1.115137 0.019662
v -0.570316 1.125763 0.031747
v -0.573285 1.132612 0.028197
v -0.569981 1.138936 0.024023
v -0.562338 1.141030 0.021671
v -0.554834 1.137668 0.022518
v -0.551865 1.130819 0.026068
v -0.555169 1.124496 0.030241
v -0.562812 1.122402 0.032593
v -0.568254 1.134225 0.045702
v -0.571336 1.140594 0.041428
v -0.568147 1.146430 0.036520
v -0.560554 1.148314 0.033850
v -0.553005 1.145143 0.034984
v -0.549923 1.138773 0.039258
v -0.553112 1.132938 0.044167
v -0.560705 1.131054 0.046836
v -0.565948 1.145774 0.057846
v -0.569413 1.150145 0.051746
v -0.566624 1.153890 0.044925
v -0.559215 1.154815 0.041380
v -0.551525 1.152379 0.043187
v -0.548060 1.148008 0.049287
v -0.550849 1.144263 0.056108
v -0.558259 1.143337 0.059652
v -0.563544 1.161839 0.062416
v -0.567615 1.162137 0.055228
v -0.565464 1.161601 0.047265
v -0.558349 1.160546 0.043192
v -0.550439 1.159590 0.045393
v -0.546368 1.159292 0.052580
v -0.548519 1.159827 0.060544
v -0.555634 1.160882 0.064617
v -0.561638 1.179054 0.056531
v -0.566087 1.176085 0.050227
v -0.564331 1.172111 0.043195
v -0.557401 1.169458 0.039554
v -0.549355 1.169681 0.041436
v -0.544907 1.172649 0.047739
v -0.546663 1.176623 0.054771
v -0.553593 1.179277 0.058413
v -0.560337 1.194066 0.045327
v -0.564907 1.189757 0.039954
v -0.563281 1.184356 0.033911
v -0.556412 1.181029 0.030738
v -0.548324 1.181722 0.032293
v -0.543754 1.186032 0.037666
v -0.545379 1.191432 0.043709
v -0.552248 1.194760 0.046883
v -0.559441 1.205696 0.033579
v -0.564081 1.200516 0.029112
v -0.562533 1.194145 0.024078
v -0.555705 1.190316 0.021426
v -0.547595 1.191272 0.022709
v -0.542955 1.196452 0.027176
v -0.544502 1.202823 0.032211
v -0.551331 1.206652 0.034863
v -0.558815 1.213324 0.021623
v -0.563542 1.207137 0.018848
v -0.562095 1.199604 0.015767
v -0.555322 1.195139 0.014185
v -0.547189 1.196355 0.015029
v -0.542462 1.202542 0.017804
v -0.543909 1.210075 0.020885
v -0.550683 1.214541 0.022467
v -0.558378 1.216323 0.008054
v -0.563182 1.209616 0.007564
v -0.561824 1.201471 0.007157
v -0.555101 1.196664 0.007074
v -0.546950 1.198008 0.007360
v -0.542146 1.204717 0.007849
v -0.543504 1.212860 0.008255
v -0.550227 1.217669 0.008339
v -0.558074 1.214782 -0.006486
v -0.562924 1.208279 -0.004897
v -0.561621 1.200380 -0.002838
v -0.554929 1.195712 -0.001514
v -0.546768 1.197010 -0.001701
v -0.541918 1.203512 -0.003290
v -0.543221 1.211411 -0.005349
v -0.549913 1.216079 -0.006673
v -0.557864 1.209046 -0.020055
v -0.562746 1.203398 -0.016506
v -0.561481 1.196526 -0.012090
v -0.554811 1.192457 -0.009392
v -0.546643 1.193573 -0.009993
v -0.541761 1.199223 -0.013542
v -0.543026 1.206094 -0.017959
v -0.549696 1.210162 -0.020657
v -0.557738 1.199569 -0.030368
v -0.562642 1.195545 -0.025068
v -0.561404 1.190642 -0.018530
v -0.554750 1.187732 -0.014582
v -0.546578 1.188522 -0.015537
v -0.541674 1.192546 -0.020837
v -0.542911 1.197449 -0.027376
v -0.549565 1.200358 -0.031323
v -0.557675 1.187964 -0.036130
v -0.562592 1.186093 -0.029754
v -0.561370 1.183816 -0.021901
v -0.554725 1.182467 -0.017173
v -0.546550 1.182836 -0.018338
v -0.541633 1.184707 -0.024714
v -0.542855 1.186984 -0.032566
v -0.549500 1.188333 -0.037295
v -0.557644 1.176054 -0.037382
v -0.562568 1.176565 -0.030762
v -0.561355 1.177208 -0.022611
v -0.554715 1.177607 -0.017703
v -0.546539 1.177528 -0.018914
v -0.541615 1.177018 -0.025534
v -0.542828 1.176374 -0.033685
v -0.549468 1.175975 -0.038593
v -0.557627 1.164934 -0.034374
v -0.562554 1.167857 -0.028414
v -0.561346 1.171466 -0.021077
v -0.554710 1.173647 -0.016659
v -0.546532 1.173124 -0.017748
v -0.541605 1.170200 -0.023706
v -0.542813 1.166591 -0.031043
v -0.549450 1.164410 -0.035462
v -0.557616 1.155456 -0.027099
v -0.562546 1.160511 -0.022802
v -0.561341 1.166745 -0.017511
v -0.554706 1.170508 -0.014323
v -0.546529 1.169592 -0.015108
v -0.541598 1.164537 -0.019404
v -0.542803 1.158303 -0.024696
v -0.549438 1.154541 -0.027883
v -0.557620 1.149024 -0.014790
v -0.562544 1.155493 -0.013301
v -0.561331 1.163454 -0.011432
v -0.554692 1.168241 -0.010279
v -0.546515 1.167051 -0.010517
v -0.541591 1.160581 -0.012008
v -0.542804 1.152620 -0.013877
v -0.549444 1.147833 -0.015030
v -0.557852 1.149925 0.003945
v -0.562695 1.155992 0.001103
v -0.561387 1.163472 -0.002162
v -0.554693 1.167986 -0.003936
v -0.546535 1.166889 -0.003180
v -0.541692 1.160823 -0.000338
v -0.543000 1.153342 0.002927
v -0.549694 1.148829 0.004701
v -0.559266 1.171605 0.025262
v -0.563899 1.174602 0.019108
v -0.562347 1.178517 0.011995
v -0.555518 1.181057 0.008092
v -0.547414 1.180734 0.009682
v -0.542780 1.177737 0.015836
v -0.544332 1.173822 0.022949
v -0.551161 1.171282 0.026853
v -0.556895 1.173431 0.022146
v -0.559676 1.175229 0.018454
v -0.558744 1.177578 0.014186
v -0.554647 1.179102 0.011843
v -0.549784 1.178908 0.012798
v -0.547004 1.177110 0.016490
v -0.547935 1.174761 0.020759
v -0.552033 1.173237 0.023100
v -0.555473 1.174527 0.020276
v -0.557141 1.175605 0.018061
v -0.556582 1.177015 0.015500
v -0.554124 1.177930 0.014094
v -0.551206 1.177813 0.014668
v -0.549538 1.176734 0.016883
v -0.550097 1.175324 0.019444
v -0.552555 1.174410 0.020850
vn -0.0115 -0.4692 0.8830
vn -0.0279 0.2925 0.9559
vn -0.0279 0.8826 0.4693
vn -0.0115 0.9563 -0.2923
vn 0.0114 0.4692 -0.8830
vn 0.0271 -0.2925 -0.9559
vn 0.0271 -0.8826 -0.4693
vn 0.0114 -0.9563 0.2923
vn 0.0767 -0.4725 0.8780
vn 0.1771 0.2832 0.9426
vn 0.1771 0.8713 0.4577
vn 0.0767 0.9520 -0.2965
vn -0.0833 0.4728 -0.8772
vn -0.2132 -0.2800 -0.9360
vn -0.2132 -0.8655 -0.4532
vn -0.0833 -0.9513 0.2969
vn 0.3979 -0.6017 0.6926
vn 0.8885 -0.0631 0.4546
vn 0.8885 0.4583 0.0246
vn 0.3979 0.7946 -0.4586
vn -0.3915 0.5989 -0.6986
vn -0.8674 0.0405 -0.4959
vn -0.8674 -0.4945 -0.0547
vn -0.3915 -0.8000 0.4547
vn 0.3896 -0.7341 0.5561
vn 0.9227 -0.3487 0.1643
vn 0.9227 0.2278 -0.3110
vn 0.3896 0.6858 -0.6147
vn -0.3894 0.7330 -0.5578
vn -0.9235 0.3419 -0.1740
vn -0.9235 -0.2359 0.3025
vn -0.3894 -0.6872 0.6132
vn 0.3830 -0.6992 0.6037
vn 0.9224 -0.2558 0.2892
vn 0.9224 0.3327 -0.1960
vn 0.3830 0.7259 -0.5713
vn -0.3830 0.7025 -0.5999
vn -0.9235 0.2742 -0.2683
vn -0.9235 -0.3156 0.2180
vn -0.3830 -0.7228 0.5753
vn 0.3113 -0.5492 0.7755
vn 0.7270 0.0857 0.6812
vn 0.7270 0.6524 0.2139
vn 0.3113 0.8660 -0.3913
vn -0.3108 0.5483 -0.7764
vn -0.7220 -0.0908 -0.6859
vn -0.7220 -0.6560 -0.2199
vn -0.3108 -0.8667 0.3902
vn 0.1436 -0.4761 0.8676
vn 0.3406 0.2623 0.9029
vn 0.3402 0.8366 0.4293
vn 0.3409 0.8364 0.4291
vn 0.3403 0.8367 0.4292
vn 0.1436 0.9424 -0.3020
vn -0.1415 0.4750 -0.8685
vn -0.3273 -0.2669 -0.9065
vn -0.3273 -0.8390 -0.4347
vn -0.1415 -0.9431 0.3008
vn 0.0709 -0.4723 0.8786
vn 0.1710 0.2838 0.9435
vn 0.1710 0.8722 0.4584
vn 0.0709 0.9525 -0.2963
vn -0.0707 0.4722 -0.8786
vn -0.1694 -0.2839 -0.9438
vn -0.1694 -0.8724 -0.4585
vn -0.0707 -0.9525 0.2961
vn 0.0908 -0.4762 0.8746
vn 0.2172 0.2762 0.9362
vn 0.2172 0.8664 0.4496
vn 0.0908 0.9493 -0.3008
vn -0.0927 0.4765 -0.8742
vn -0.2279 -0.2746 -0.9342
vn -0.2279 -0.8647 -0.4476
vn -0.0927 -0.9490 0.3012
vn 0.2447 -0.5170 0.8203
vn 0.5793 0.1706 0.7970
vn 0.5793 0.7499 0.3194
vn 0.2447 0.9038 -0.3512
vn -0.2464 0.5175 -0.8195
vn -0.5878 -0.1672 -0.7916
vn -0.5878 -0.7452 -0.3150
vn -0.2464 -0.9031 0.3518
vn 0.3794 -0.6333 0.6745
vn 0.8901 -0.1127 0.4415
vn 0.8901 0.4549 -0.0265
vn 0.3794 0.7828 -0.4932
vn -0.3781 0.6322 -0.6763
vn -0.8854 0.1054 -0.4527
vn -0.8854 -0.4645 0.0172
vn -0.3781 -0.7844 0.4917
vn 0.3835 -0.6931 0.6104
vn 0.9220 -0.2480 0.2974
vn 0.9220 0.3392 -0.1868
vn 0.3835 0.7314 -0.5640
vn -0.3835 0.6929 -0.6106
vn -0.9218 0.2471 -0.2988
vn -0.9218 -0.3404 0.1856
vn -0.3835 -0.7315 0.5638
vn 0.3819 -0.6959 0.6081
vn 0.9215 -0.2529 0.2949
vn 0.9214 0.3384 -0.1912
vn 0.3815 0.7314 -0.5652
vn -0.3818 0.6960 -0.6082
vn -0.9215 0.2529 -0.2948
vn -0.9214 -0.3383 0.1912
vn -0.3815 -0.7314 0.5653
vn 0.3808 -0.6889 0.6168
vn 0.9177 -0.2276 0.3256
vn 0.9171 0.3669 -0.1562
vn 0.3792 0.7466 -0.5466
vn -0.3808 0.6889 -0.6168
vn -0.9177 0.2275 -0.3256
vn -0.9171 -0.3669 0.1562
vn -0.3793 -0.7466 0.5466
vn 0.3813 -0.6918 0.6132
vn 0.9154 -0.2169 0.3392
vn 0.9132 0.3850 -0.1336
vn 0.3762 0.7614 -0.5280
vn -0.3813 0.6918 -0.6132
vn -0.9154 0.2169 -0.3392
vn -0.9132 -0.3850 0.1335
vn -0.3762 -0.7614 0.5280
vn 0.3834 -0.7013 0.6010
vn 0.9162 -0.2204 0.3347
vn 0.9122 0.3894 -0.1276
vn 0.3738 0.7712 -0.5152
vn -0.3836 0.7012 -0.6010
vn -0.9161 0.2205 -0.3347
vn -0.9122 -0.3894 0.1276
vn -0.3738 -0.7712 0.5152
vn 0.3847 -0.7062 0.5944
vn 0.9171 -0.2245 0.3294
vn 0.9123 0.3887 -0.1285
vn 0.3731 0.7742 -0.5112
vn -0.3846 0.7062 -0.5944
vn -0.9171 0.2244 -0.3294
vn -0.9123 -0.3888 0.1286
vn -0.3731 -0.7742 0.5112
vn 0.3834 -0.7006 0.6018
vn 0.9164 -0.2217 0.3332
vn 0.9127 0.3872 -0.1308
vn 0.3744 0.7691 -0.5180
vn -0.3834 0.7006 -0.6019
vn -0.9165 0.2217 -0.3331
vn -0.9127 -0.3871 0.1307
vn -0.3743 -0.7691 0.5180
vn 0.3818 -0.6940 0.6104
vn 0.9152 -0.2163 0.3401
vn 0.9125 0.3881 -0.1293
vn 0.3752 0.7654 -0.5229
vn -0.3818 0.6943 -0.6101
vn -0.9152 0.2163 -0.3400
vn -0.9125 -0.3881 0.1294
vn -0.3753 -0.7652 0.5231
vn 0.3908 -0.7310 0.5594
vn 0.9193 -0.2333 0.3170
vn 0.9091 0.4013 -0.1113
vn 0.3661 0.8007 -0.4742
vn -0.3908 0.7311 -0.5592
vn -0.9193 0.2334 -0.3169
vn -0.9091 -0.4013 0.1113
vn -0.3663 -0.8005 0.4743
vn 0.4014 -0.7718 0.4933
vn 0.9250 -0.2555 0.2813
vn 0.9067 0.4107 -0.0960
vn 0.3571 0.8357 -0.4172
vn -0.4013 0.7713 -0.4940
vn -0.9249 0.2553 -0.2816
vn -0.9067 -0.4107 0.0960
vn -0.3569 -0.8360 0.4168
vn 0.3977 -0.7573 0.5180
vn 0.9241 -0.2514 0.2878
vn 0.9087 0.4032 -0.1084
vn 0.3606 0.8228 -0.4393
vn -0.3985 0.7602 -0.5131
vn -0.9242 0.2521 -0.2868
vn -0.9088 -0.4028 0.1091
vn -0.3613 -0.8201 0.4438
vn 0.3693 -0.6374 0.6763
vn 0.9121 -0.2019 0.3569
vn 0.9166 0.3667 -0.1595
vn 0.3803 0.7324 -0.5648
vn -0.3767 0.6669 -0.6429
vn -0.9138 0.2083 -0.3486
vn -0.9172 -0.3632 0.1641
vn -0.3844 -0.7051 0.5958
vn 0.2890 -0.2217 0.9313
vn 0.8728 -0.0108 0.4880
vn 0.9392 0.2210 -0.2627
vn 0.4406 0.3304 -0.8346
vn -0.2952 0.2471 -0.9229
vn -0.8744 0.0166 -0.4849
vn -0.9394 -0.2180 0.2644
vn -0.4416 -0.3064 0.8433
vn 0.2151 0.3335 0.9179
vn 0.8360 0.2580 0.4842
vn 0.9651 0.0119 -0.2615
vn 0.5085 -0.2628 -0.8200
vn -0.2059 -0.3763 -0.9033
vn -0.8339 -0.2664 -0.4835
vn -0.9650 -0.0167 0.2619
vn -0.5091 0.2238 0.8311
vn 0.1985 0.5964 0.7778
vn 0.8310 0.3772 0.4088
vn 0.9764 -0.0694 -0.2046
vn 0.5449 -0.4764 -0.6900
vn -0.1975 -0.6034 -0.7726
vn -0.8308 -0.3787 -0.4080
vn -0.9764 0.0684 0.2050
vn -0.5448 0.4699 0.6945
vn 0.1919 0.7047 0.6831
vn 0.8284 0.4278 0.3615
vn 0.9796 -0.1001 -0.1742
vn 0.5556 -0.5673 -0.6079
vn -0.1922 -0.7021 -0.6856
vn -0.8285 -0.4269 -0.3623
vn -0.9796 0.1001 0.1740
vn -0.5557 0.5691 0.6061
vn 0.1808 0.8334 0.5222
vn 0.8221 0.4971 0.2774
vn 0.9819 -0.1302 -0.1372
vn 0.5636 -0.6734 -0.4784
vn -0.1822 -0.8228 -0.5384
vn -0.8227 -0.4930 -0.2829
vn -0.9820 0.1307 0.1366
vn -0.5635 0.6819 0.4663
vn 0.1658 0.9639 0.2081
vn 0.8119 0.5750 0.1010
vn 0.9846 -0.1618 -0.0669
vn 0.5710 -0.7984 -0.1912
vn -0.1654 -0.9651 -0.2029
vn -0.8118 -0.5753 -0.1000
vn -0.9846 0.1616 0.0672
vn -0.5711 0.7974 0.1950
vn 0.1582 0.9816 -0.1073
vn 0.8078 0.5842 -0.0788
vn 0.9864 -0.1642 -0.0028
vn 0.5793 -0.8115 0.0768
vn -0.1580 -0.9811 0.1113
vn -0.8077 -0.5842 0.0798
vn -0.9864 0.1642 0.0030
vn -0.5795 0.8116 -0.0738
vn 0.1534 0.9093 -0.3867
vn 0.8054 0.5419 -0.2402
vn 0.9875 -0.1504 0.0477
vn 0.5849 -0.7527 0.3023
vn -0.1537 -0.9124 0.3793
vn -0.8056 -0.5429 0.2371
vn -0.9875 0.1504 -0.0479
vn -0.5846 0.7508 -0.3075
vn 0.1487 0.7272 -0.6701
vn 0.8017 0.4357 -0.4093
vn 0.9881 -0.1194 0.0973
vn 0.5865 -0.6024 0.5414
vn -0.1489 -0.7304 0.6666
vn -0.8019 -0.4369 0.4075
vn -0.9881 0.1193 -0.0972
vn -0.5862 0.6003 -0.5440
vn 0.1460 0.4393 -0.8864
vn 0.7996 0.2635 -0.5397
vn 0.9885 -0.0715 0.1336
vn 0.5875 -0.3607 0.7244
vn -0.1459 -0.4366 0.8878
vn -0.7995 -0.2631 0.5400
vn -0.9885 0.0715 -0.1334
vn -0.5876 0.3624 -0.7234
vn 0.1449 0.1031 -0.9841
vn 0.7990 0.0613 -0.5982
vn 0.9887 -0.0182 0.1486
vn 0.5894 -0.0888 0.8030
vn -0.1450 -0.1069 0.9836
vn -0.7993 -0.0632 0.5977
vn -0.9888 0.0183 -0.1485
vn -0.5892 0.0863 -0.8034
vn 0.1440 -0.2586 -0.9552
vn 0.7982 -0.1579 -0.5814
vn 0.9889 0.0370 0.1442
vn 0.5897 0.2051 0.7811
vn -0.1442 0.2524 0.9568
vn -0.7984 0.1554 0.5818
vn -0.9889 -0.0372 -0.1442
vn -0.5893 -0.2098 -0.7802
vn 0.1432 -0.6026 -0.7851
vn 0.7972 -0.3672 -0.4793
vn 0.9889 0.0890 0.1192
vn 0.5900 0.4812 0.6483
vn 0.5897 0.4815 0.6484
vn 0.5899 0.4813 0.6484
vn -0.1435 0.5909 0.7939
vn -0.7979 0.3614 0.4824
vn -0.9889 -0.0891 -0.1190
vn -0.5888 -0.4910 -0.6421
vn 0.1421 -0.8773 -0.4585
vn 0.7957 -0.5357 -0.2827
vn 0.9889 0.1300 0.0720
vn 0.5895 0.7038 0.3966
vn -0.1430 0.8635 0.4836
vn -0.7967 0.5298 0.2910
vn -0.9889 -0.1309 -0.0710
vn -0.5871 -0.7167 -0.3764
vn 0.1425 -0.9887 0.0459
vn 0.7943 -0.6074 0.0127
vn 0.9883 0.1521 -0.0063
vn 0.5882 0.8080 0.0324
vn -0.1450 0.9886 0.0397
vn -0.7974 0.6033 0.0155
vn -0.9881 -0.1533 0.0117
vn -0.5795 -0.8139 0.0417
vn 0.1587 -0.6986 0.6977
vn 0.7979 -0.4483 0.4030
vn 0.9810 0.0985 -0.1674
vn 0.5423 0.5572 -0.6289
vn -0.1576 0.6775 -0.7185
vn -0.7966 0.4437 -0.4105
vn -0.9811 -0.0989 0.1664
vn -0.5467 -0.5697 0.6136
vn 0.0572 0.8798 0.4719
vn 0.0574 0.8800 0.4715
vn 0.0573 0.8799 0.4716
vn 0.0576 0.8799 0.4717
vn 0.0575 0.8798 0.4719
vn 0.0574 0.8798 0.4719
vn 0.0575 0.8799 0.4717
vn 0.0578 0.8798 0.4718
vn 0.0576 0.8798 0.4718
vn 0.0576 0.8800 0.4716
vn 0.0574 0.8799 0.4716
vn 0.0579 0.8798 0.4719
vn 0.0577 0.8799 0.4717
vn 0.0573 0.8801 0.4714
vn 0.0575 0.8801 0.4712
vn 0.0574 0.8801 0.4713
vn 0.0576 0.8798 0.4719
vn 0.0574 0.8799 0.4717
vn 0.0574 0.8800 0.4716
vn 0.0575 0.8798 0.4718
vn 0.0115 -0.4692 0.8830
vn 0.0279 0.2925 0.9559
vn 0.0278 0.8815 0.4714
vn 0.0114 0.9569 -0.2900
vn -0.0113 0.4671 -0.8841
vn -0.0270 -0.2948 -0.9552
vn -0.0271 -0.8826 -0.4694
vn -0.0114 -0.9563 0.2923
vn -0.0767 -0.4725 0.8780
vn -0.1771 0.2832 0.9426
vn -0.1876 0.8484 0.4950
vn -0.0921 0.9626 -0.2549
vn 0.0975 0.4372 -0.8940
vn 0.2215 -0.3131 -0.9235
vn 0.2210 -0.3130 -0.9237
vn 0.2131 -0.8657 -0.4529
vn 0.2133 -0.8657 -0.4528
vn 0.0833 -0.9513 0.2969
vn -0.3676 -0.6289 0.6851
vn -0.8789 -0.1049 0.4653
vn -0.8885 0.4583 0.0246
vn -0.3979 0.7946 -0.4586
vn 0.3915 0.5989 -0.6986
vn 0.8674 0.0405 -0.4959
vn 0.8606 -0.5084 -0.0312
vn 0.3658 -0.7987 0.4778
vn -0.3817 -0.7375 0.5571
vn -0.9193 -0.3559 0.1679
vn -0.9227 0.2278 -0.3109
vn -0.3896 0.6858 -0.6147
vn 0.3894 0.7330 -0.5578
vn 0.9235 0.3419 -0.1740
vn 0.9203 -0.2406 0.3085
vn 0.3818 -0.6889 0.6162
vn -0.3970 -0.6913 0.6037
vn -0.9275 -0.2432 0.2839
vn -0.9224 0.3327 -0.1960
vn -0.3830 0.7259 -0.5713
vn 0.3830 0.7025 -0.5999
vn 0.9235 0.2742 -0.2683
vn 0.9301 -0.3065 0.2026
vn 0.3984 -0.7213 0.5665
vn -0.3113 -0.5492 0.7755
vn -0.7271 0.0857 0.6812
vn -0.7252 0.6553 0.2114
vn -0.3070 0.8664 -0.3939
vn 0.3055 0.5512 -0.7764
vn 0.7187 -0.0866 -0.6899
vn 0.7220 -0.6560 -0.2199
vn 0.3107 -0.8667 0.3903
vn -0.1436 -0.4761 0.8676
vn -0.3406 0.2622 0.9029
vn -0.3372 0.8417 0.4217
vn -0.1379 0.9404 -0.3109
vn 0.1353 0.4839 -0.8646
vn 0.3228 -0.2565 -0.9110
vn 0.3273 -0.8390 -0.4347
vn 0.1415 -0.9431 0.3008
vn -0.0709 -0.4723 0.8786
vn -0.1710 0.2836 0.9436
vn -0.1707 0.8728 0.4573
vn -0.0704 0.9521 -0.2974
vn 0.0702 0.4734 -0.8781
vn 0.1691 -0.2828 -0.9442
vn 0.1694 -0.8724 -0.4586
vn 0.0707 -0.9525 0.2961
vn -0.0908 -0.4763 0.8746
vn -0.2172 0.2762 0.9362
vn -0.2200 0.8620 0.4567
vn -0.0946 0.9514 -0.2932
vn 0.0962 0.4698 -0.8775
vn 0.2302 -0.2817 -0.9315
vn 0.2279 -0.8647 -0.4476
vn 0.0927 -0.9491 0.3011
vn -0.2447 -0.5170 0.8203
vn -0.5793 0.1706 0.7971
vn -0.5830 0.7448 0.3248
vn -0.2506 0.9041 -0.3461
vn 0.2515 0.5131 -0.8207
vn 0.5902 -0.1720 -0.7887
vn 0.5878 -0.7451 -0.3151
vn 0.2464 -0.9031 0.3518
vn -0.3680 -0.6416 0.6731
vn -0.8859 -0.1256 0.4465
vn -0.8901 0.4549 -0.0265
vn -0.3794 0.7828 -0.4932
vn 0.3781 0.6322 -0.6763
vn 0.8854 0.1054 -0.4527
vn 0.8817 -0.4710 0.0269
vn 0.3675 -0.7846 0.4994
vn -0.3816 -0.6939 0.6106
vn -0.9211 -0.2499 0.2985
vn -0.9219 0.3393 -0.1868
vn -0.3835 0.7314 -0.5640
vn 0.3835 0.6929 -0.6106
vn 0.9218 0.2471 -0.2988
vn 0.9210 -0.3417 0.1871
vn 0.3815 -0.7319 0.5646
vn -0.3819 -0.6959 0.6081
vn -0.9215 -0.2528 0.2948
vn -0.9214 0.3384 -0.1912
vn -0.3815 0.7314 -0.5652
vn 0.3818 0.6960 -0.6082
vn 0.9215 0.2529 -0.2948
vn 0.9214 -0.3383 0.1912
vn 0.3816 -0.7314 0.5652
vn -0.3808 -0.6889 0.6168
vn -0.9177 -0.2276 0.3256
vn -0.9171 0.3669 -0.1562
vn -0.3793 0.7466 -0.5466
vn 0.3807 0.6889 -0.6168
vn 0.9177 0.2277 -0.3257
vn 0.9171 -0.3669 0.1562
vn 0.3793 -0.7466 0.5466
vn -0.3813 -0.6918 0.6132
vn -0.9154 -0.2169 0.3391
vn -0.9132 0.3850 -0.1335
vn -0.3762 0.7614 -0.5280
vn 0.3813 0.6918 -0.6132
vn 0.9154 0.2170 -0.3392
vn 0.9132 -0.3850 0.1335
vn 0.3762 -0.7614 0.5280
vn -0.3835 -0.7012 0.6010
vn -0.9162 -0.2205 0.3347
vn -0.9121 0.3895 -0.1277
vn -0.3738 0.7712 -0.5152
vn 0.3835 0.7012 -0.6010
vn 0.9162 0.2205 -0.3347
vn 0.9122 -0.3895 0.1277
vn 0.3738 -0.7712 0.5152
vn -0.3847 -0.7062 0.5944
vn -0.9171 -0.2244 0.3294
vn -0.9124 0.3887 -0.1285
vn -0.3731 0.7742 -0.5112
vn 0.3847 0.7062 -0.5944
vn 0.9171 0.2244 -0.3294
vn 0.9123 -0.3888 0.1285
vn 0.3731 -0.7742 0.5112
vn -0.3834 -0.7006 0.6018
vn -0.9164 -0.2217 0.3331
vn -0.9127 0.3871 -0.1307
vn -0.3744 0.7691 -0.5180
vn 0.3834 0.7006 -0.6019
vn 0.9165 0.2217 -0.3331
vn 0.9127 -0.3871 0.1307
vn 0.3743 -0.7691 0.5180
vn -0.3816 -0.6941 0.6104
vn -0.9151 -0.2166 0.3402
vn -0.9124 0.3882 -0.1294
vn -0.3749 0.7655 -0.5229
vn 0.3819 0.6942 -0.6101
vn 0.9152 0.2163 -0.3400
vn 0.9125 -0.3881 0.1294
vn 0.3752 -0.7652 0.5231
vn -0.3908 -0.7310 0.5594
vn -0.9192 -0.2335 0.3170
vn -0.9092 0.4012 -0.1113
vn -0.3663 0.8006 -0.4742
vn 0.3908 0.7311 -0.5592
vn 0.9193 0.2334 -0.3169
vn 0.9091 -0.4013 0.1113
vn 0.3663 -0.8005 0.4743
vn -0.4014 -0.7718 0.4933
vn -0.9250 -0.2555 0.2813
vn -0.9067 0.4107 -0.0960
vn -0.3571 0.8357 -0.4172
vn 0.4012 0.7713 -0.4940
vn 0.9251 0.2551 -0.2814
vn 0.9068 -0.4106 0.0957
vn 0.3572 -0.8360 0.4165
vn -0.3977 -0.7573 0.5180
vn -0.9241 -0.2514 0.2878
vn -0.9087 0.4032 -0.1084
vn -0.3606 0.8228 -0.4393
vn 0.3967 0.7605 -0.5141
vn 0.9234 0.2532 -0.2886
vn 0.9083 -0.4035 0.1104
vn 0.3599 -0.8201 0.4449
vn -0.3693 -0.6374 0.6763
vn -0.9121 -0.2019 0.3569
vn -0.9165 0.3668 -0.1595
vn -0.3803 0.7324 -0.5648
vn 0.3639 0.6649 -0.6523
vn 0.9072 0.2118 -0.3635
vn 0.9146 -0.3655 0.1733
vn 0.3762 -0.7037 0.6027
vn -0.2890 -0.2217 0.9313
vn -0.8728 -0.0109 0.4880
vn -0.9392 0.2210 -0.2627
vn -0.4406 0.3304 -0.8347
vn 0.2871 0.2404 -0.9272
vn 0.8703 0.0132 -0.4924
vn 0.9386 -0.2169 0.2681
vn 0.4388 -0.3049 0.8453
vn -0.2233 0.3373 0.9145
vn -0.8423 0.2613 0.4714
vn -0.9690 0.0088 -0.2470
vn -0.5272 -0.2724 -0.8049
vn 0.2059 -0.3763 -0.9033
vn 0.8339 -0.2664 -0.4834
vn 0.9650 -0.0167 0.2618
vn 0.5090 0.2238 0.8311
vn -0.2006 0.5970 0.7767
vn -0.8326 0.3769 0.4059
vn -0.9771 -0.0689 -0.2014
vn -0.5483 -0.4767 -0.6871
vn 0.1974 -0.6035 -0.7725
vn 0.8308 -0.3786 -0.4080
vn 0.9763 0.0685 0.2051
vn 0.5449 0.4698 0.6945
vn -0.1919 0.7047 0.6831
vn -0.8284 0.4278 0.3615
vn -0.9796 -0.1001 -0.1742
vn -0.5556 -0.5673 -0.6079
vn 0.1912 -0.7026 -0.6854
vn 0.8276 -0.4285 -0.3626
vn 0.9796 0.1003 0.1741
vn 0.5549 0.5699 0.6061
vn -0.1808 0.8334 0.5222
vn -0.8221 0.4971 0.2775
vn -0.9820 -0.1301 -0.1372
vn -0.5635 -0.6735 -0.4784
vn 0.1790 -0.8247 -0.5365
vn 0.8192 -0.4996 -0.2815
vn 0.9817 0.1328 0.1364
vn 0.5604 0.6851 0.4653
vn -0.1663 0.9639 0.2078
vn -0.8124 0.5745 0.1003
vn -0.9848 -0.1609 -0.0659
vn -0.5728 -0.7977 -0.1888
vn 0.1654 -0.9651 -0.2028
vn 0.8118 -0.5754 -0.0999
vn 0.9846 0.1616 0.0672
vn 0.5712 0.7973 0.1950
vn -0.1585 0.9815 -0.1074
vn -0.8083 0.5835 -0.0793
vn -0.9866 -0.1633 -0.0022
vn -0.5807 -0.8103 0.0781
vn 0.1579 -0.9812 0.1113
vn 0.8077 -0.5842 0.0797
vn 0.9864 0.1643 0.0030
vn 0.5795 0.8116 -0.0738
vn -0.1534 0.9093 -0.3867
vn -0.8053 0.5420 -0.2402
vn -0.9875 -0.1505 0.0477
vn -0.5849 -0.7527 0.3023
vn 0.1527 -0.9122 0.3803
vn 0.8040 -0.5441 0.2400
vn 0.9874 0.1507 -0.0483
vn 0.5832 0.7513 -0.3088
vn -0.1487 0.7272 -0.6701
vn -0.8017 0.4357 -0.4093
vn -0.9881 -0.1194 0.0973
vn -0.5865 -0.6023 0.5415
vn 0.1485 -0.7301 0.6670
vn 0.8009 -0.4369 0.4094
vn 0.9881 0.1193 -0.0975
vn 0.5856 0.6004 -0.5446
vn -0.1462 0.4393 -0.8864
vn -0.7998 0.2632 -0.5395
vn -0.9885 -0.0708 0.1333
vn -0.5884 -0.3593 0.7244
vn 0.1460 -0.4366 0.8877
vn 0.7995 -0.2630 0.5401
vn 0.9885 0.0714 -0.1334
vn 0.5876 0.3624 -0.7234
vn -0.1449 0.1031 -0.9841
vn -0.7990 0.0613 -0.5982
vn -0.9887 -0.0182 0.1486
vn -0.5894 -0.0889 0.8029
vn 0.1446 -0.1064 0.9838
vn 0.7986 -0.0620 0.5987
vn 0.9887 0.0182 -0.1486
vn 0.5888 0.0859 -0.8037
vn -0.1439 -0.2586 -0.9552
vn -0.7981 -0.1580 -0.5814
vn -0.9889 0.0370 0.1442
vn -0.5896 0.2054 0.7811
vn 0.1436 0.2536 0.9566
vn 0.7976 0.1574 0.5823
vn 0.9888 -0.0375 -0.1444
vn 0.5888 -0.2104 -0.7805
vn -0.1431 -0.6027 -0.7851
vn -0.7973 -0.3670 -0.4792
vn -0.9889 0.0889 0.1191
vn -0.5899 0.4815 0.6482
vn 0.1424 0.5927 0.7928
vn 0.7958 0.3669 0.4817
vn 0.9888 -0.0900 -0.1191
vn 0.5876 -0.4924 -0.6421
vn -0.1421 -0.8773 -0.4585
vn -0.7957 -0.5357 -0.2827
vn -0.9889 0.1300 0.0720
vn -0.5895 0.7037 0.3965
vn 0.1400 0.8664 0.4792
vn 0.7930 0.5375 0.2867
vn 0.9885 -0.1341 -0.0703
vn 0.5841 -0.7197 -0.3753
vn -0.1426 -0.9887 0.0458
vn -0.7943 -0.6074 0.0127
vn -0.9883 0.1521 -0.0063
vn -0.5882 0.8080 0.0323
vn 0.1312 0.9911 0.0223
vn 0.7829 0.6222 -0.0061
vn 0.9862 -0.1643 0.0186
vn 0.5672 -0.8221 0.0487
vn -0.1647 -0.6970 0.6979
vn -0.8082 -0.4357 0.3963
vn -0.9822 0.0916 -0.1639
vn -0.5599 0.5416 -0.6271
vn 0.1576 0.6775 -0.7185
vn 0.7966 0.4437 -0.4105
vn 0.9811 -0.0989 0.1664
vn 0.5467 -0.5697 0.6136
vn -0.0575 0.8799 0.4717
vn -0.0574 0.8798 0.4718
vn -0.0575 0.8798 0.4718
vn -0.0576 0.8798 0.4719
vn -0.0575 0.8798 0.4719
vn -0.0576 0.8799 0.4717
vn -0.0572 0.8800 0.4716
vn -0.0572 0.8797 0.4720
vn -0.0572 0.8798 0.4718
vn -0.0576 0.8799 0.4716
vn -0.0575 0.8799 0.4716
vn -0.0576 0.8798 0.4717
vn -0.0573 0.8798 0.4718
vn -0.0575 0.8797 0.4720
vn -0.0575 0.8800 0.4715
vn -0.0572 0.8799 0.4718
vn -0.0573 0.8799 0.4716
vn -0.0574 0.8799 0.4717
vn -0.0114 -0.4671 0.8841
vn -0.0278 0.2947 0.9552
vn -0.0278 0.8815 0.4714
vn -0.0114 0.9569 -0.2900
vn 0.0113 0.4671 -0.8841
vn 0.0270 -0.2949 -0.9552
vn 0.0270 -0.8814 -0.4715
vn 0.0113 -0.9569 0.2901
vn 0.0921 -0.4337 0.8964
vn 0.1876 0.3242 0.9272
vn 0.1876 0.8484 0.4950
vn 0.0921 0.9626 -0.2549
vn -0.0975 0.4372 -0.8941
vn -0.2211 -0.3134 -0.9235
vn -0.2211 -0.8469 -0.4837
vn -0.0975 -0.9610 0.2588
vn 0.3676 -0.6289 0.6851
vn 0.8789 -0.1049 0.4653
vn 0.8789 0.4768 -0.0143
vn 0.3676 0.7924 -0.4868
vn -0.3658 0.6213 -0.6930
vn -0.8606 0.0663 -0.5050
vn -0.8606 -0.5084 -0.0311
vn -0.3658 -0.7987 0.4778
vn 0.3817 -0.7375 0.5571
vn 0.9193 -0.3559 0.1679
vn 0.9193 0.2327 -0.3174
vn 0.3817 0.6875 -0.6178
vn -0.3818 0.7362 -0.5588
vn -0.9203 0.3487 -0.1774
vn -0.9203 -0.2406 0.3085
vn -0.3818 -0.6889 0.6162
vn 0.3970 -0.6913 0.6037
vn 0.9275 -0.2432 0.2839
vn 0.9275 0.3251 -0.1847
vn 0.3970 0.7244 -0.5636
vn -0.3984 0.6936 -0.6002
vn -0.9301 0.2573 -0.2623
vn -0.9301 -0.3065 0.2026
vn -0.3984 -0.7213 0.5665
vn 0.3070 -0.5518 0.7754
vn 0.7252 0.0827 0.6835
vn 0.7252 0.6552 0.2114
vn 0.3070 0.8664 -0.3939
vn -0.3056 0.5512 -0.7764
vn -0.7187 -0.0867 -0.6899
vn -0.7187 -0.6607 -0.2166
vn -0.3056 -0.8672 0.3931
vn 0.1379 -0.4844 0.8639
vn 0.3373 0.2536 0.9066
vn 0.3372 0.8419 0.4213
vn 0.3370 0.8420 0.4214
vn 0.1379 0.9404 -0.3109
vn -0.1353 0.4839 -0.8646
vn -0.3228 -0.2565 -0.9110
vn -0.3228 -0.8454 -0.4254
vn -0.1353 -0.9410 0.3103
vn 0.0704 -0.4734 0.8780
vn 0.1706 0.2826 0.9439
vn 0.1706 0.8728 0.4573
vn 0.0705 0.9522 -0.2974
vn -0.0702 0.4734 -0.8780
vn -0.1691 -0.2828 -0.9441
vn -0.1691 -0.8729 -0.4576
vn -0.0702 -0.9522 0.2974
vn 0.0946 -0.4692 0.8780
vn 0.2200 0.2841 0.9332
vn 0.2200 0.8619 0.4568
vn 0.0946 0.9513 -0.2932
vn -0.0963 0.4698 -0.8775
vn -0.2302 -0.2817 -0.9315
vn -0.2302 -0.8607 -0.4540
vn -0.0963 -0.9510 0.2939
vn 0.2505 -0.5121 0.8216
vn 0.5830 0.1769 0.7930
vn 0.5830 0.7448 0.3248
vn 0.2505 0.9041 -0.3461
vn -0.2515 0.5130 -0.8207
vn -0.5902 -0.1720 -0.7887
vn -0.5902 -0.7415 -0.3192
vn -0.2515 -0.9034 0.3472
vn 0.3680 -0.6416 0.6731
vn 0.8859 -0.1256 0.4465
vn 0.8859 0.4622 -0.0382
vn 0.3680 0.7830 -0.5015
vn -0.3675 0.6398 -0.6750
vn -0.8817 0.1161 -0.4572
vn -0.8817 -0.4710 0.0268
vn -0.3675 -0.7846 0.4994
vn 0.3816 -0.6939 0.6106
vn 0.9211 -0.2499 0.2985
vn 0.9211 0.3407 -0.1885
vn 0.3815 0.7317 -0.5648
vn -0.3815 0.6938 -0.6108
vn -0.9210 0.2488 -0.2998
vn -0.9210 -0.3417 0.1871
vn -0.3814 -0.7319 0.5646
vn 0.3818 -0.6960 0.6081
vn 0.9216 -0.2527 0.2948
vn 0.9214 0.3383 -0.1911
vn 0.3816 0.7314 -0.5652
vn -0.3819 0.6959 -0.6081
vn -0.9216 0.2527 -0.2947
vn -0.3816 -0.7314 0.5652
vn 0.3807 -0.6889 0.6168
vn 0.9177 -0.2277 0.3257
vn 0.9170 0.3670 -0.1563
vn 0.3793 0.7466 -0.5466
vn -0.3807 0.6889 -0.6168
vn -0.9177 0.2277 -0.3257
vn 0.3812 -0.6918 0.6132
vn 0.9133 0.3849 -0.1335
vn -0.9153 0.2170 -0.3392
vn -0.9133 -0.3849 0.1335
vn -0.3761 -0.7614 0.5280
vn 0.3835 -0.7012 0.6010
vn 0.9162 -0.2205 0.3347
vn -0.3835 0.7012 -0.6010
vn -0.9162 0.2205 -0.3347
vn -0.9122 -0.3895 0.1277
vn 0.9171 -0.2245 0.3295
vn 0.9123 0.3888 -0.1286
vn 0.3732 0.7742 -0.5112
vn -0.3847 0.7062 -0.5944
vn -0.9123 -0.3888 0.1285
vn 0.9165 -0.2217 0.3331
vn 0.9127 0.3871 -0.1307
vn 0.3743 0.7691 -0.5180
vn -0.3833 0.7006 -0.6019
vn -0.9165 0.2216 -0.3331
vn 0.3816 -0.6941 0.6104
vn 0.9151 -0.2166 0.3402
vn 0.9124 0.3883 -0.1294
vn 0.3749 0.7655 -0.5229
vn -0.3816 0.6944 -0.6101
vn -0.9151 0.2166 -0.3401
vn -0.9124 -0.3882 0.1294
vn -0.3751 -0.7652 0.5232
vn 0.3907 -0.7310 0.5595
vn 0.9192 -0.2335 0.3170
vn 0.9092 0.4012 -0.1113
vn 0.3663 0.8006 -0.4742
vn -0.9193 0.2336 -0.3169
vn -0.9092 -0.4012 0.1113
vn -0.3661 -0.8006 0.4743
vn 0.9251 -0.2553 0.2811
vn 0.9068 0.4106 -0.0958
vn 0.3573 0.8357 -0.4170
vn -0.9250 0.2552 -0.2814
vn -0.9068 -0.4106 0.0958
vn -0.3572 -0.8360 0.4165
vn 0.3961 -0.7576 0.5188
vn 0.9233 -0.2525 0.2895
vn 0.9082 0.4039 -0.1099
vn 0.3591 0.8227 -0.4407
vn -0.3967 0.7605 -0.5142
vn -0.9234 0.2532 -0.2886
vn -0.9083 -0.4035 0.1104
vn -0.3599 -0.8201 0.4449
vn 0.3618 -0.6376 0.6801
vn 0.9069 -0.2057 0.3678
vn 0.9136 0.3688 -0.1711
vn 0.3679 0.7275 -0.5791
vn -0.3639 0.6649 -0.6522
vn -0.9071 0.2119 -0.3636
vn -0.9146 -0.3655 0.1733
vn -0.3762 -0.7037 0.6027
vn 0.2862 -0.2210 0.9323
vn 0.8703 -0.0099 0.4925
vn 0.9383 0.2185 -0.2682
vn 0.4343 0.3208 -0.8417
vn -0.2871 0.2403 -0.9273
vn -0.8702 0.0132 -0.4925
vn -0.9386 -0.2169 0.2682
vn -0.4389 -0.3049 0.8453
vn 0.2233 0.3373 0.9145
vn 0.8424 0.2613 0.4714
vn 0.9690 0.0088 -0.2469
vn 0.5272 -0.2724 -0.8049
vn -0.2201 -0.3886 -0.8947
vn -0.8419 -0.2730 -0.4656
vn -0.9681 -0.0152 0.2501
vn -0.5194 0.2258 0.8241
vn 0.2006 0.5971 0.7767
vn 0.8326 0.3769 0.4059
vn 0.9771 -0.0689 -0.2014
vn 0.5483 -0.4767 -0.6871
vn -0.2002 -0.6046 -0.7710
vn -0.8325 -0.3785 -0.4045
vn -0.9770 0.0678 0.2021
vn -0.5475 0.4698 0.6925
vn 0.1911 0.7050 0.6829
vn 0.8275 0.4292 0.3618
vn 0.9796 -0.1004 -0.1743
vn 0.5548 -0.5681 -0.6078
vn -0.1913 -0.7025 -0.6854
vn -0.8275 -0.4285 -0.3627
vn -0.9796 0.1004 0.1741
vn -0.5550 0.5698 0.6061
vn 0.1789 0.8342 0.5216
vn 0.8194 0.5017 0.2772
vn 0.9817 -0.1325 -0.1370
vn 0.5589 -0.6793 -0.4756
vn -0.1790 -0.8248 -0.5364
vn -0.8192 -0.4996 -0.2816
vn -0.9817 0.1328 0.1365
vn -0.5603 0.6852 0.4654
vn 0.1663 0.9639 0.2077
vn 0.8124 0.5745 0.1003
vn 0.9848 -0.1608 -0.0658
vn 0.5728 -0.7977 -0.1888
vn -0.1663 -0.9652 -0.2018
vn -0.8125 -0.5745 -0.0985
vn -0.9848 0.1608 0.0663
vn -0.5723 0.7968 0.1941
vn 0.1585 0.9815 -0.1074
vn 0.8083 0.5834 -0.0794
vn 0.9866 -0.1633 -0.0023
vn 0.5807 -0.8103 0.0781
vn -0.1585 -0.9810 0.1119
vn -0.8083 -0.5832 0.0806
vn -0.9865 0.1634 0.0026
vn -0.5804 0.8109 -0.0744
vn 0.1528 0.9093 -0.3871
vn 0.8041 0.5430 -0.2419
vn 0.9874 -0.1508 0.0482
vn 0.5828 -0.7532 0.3050
vn -0.1527 -0.9122 0.3803
vn -0.8040 -0.5440 0.2399
vn -0.9874 0.1506 -0.0482
vn -0.5832 0.7513 -0.3088
vn 0.1485 0.7272 -0.6702
vn 0.8011 0.4358 -0.4103
vn 0.9880 -0.1194 0.0975
vn 0.5854 -0.6020 0.5430
vn -0.1484 -0.7301 0.6670
vn -0.8009 -0.4368 0.4095
vn -0.9881 0.1193 -0.0975
vn -0.5856 0.6004 -0.5446
vn 0.1462 0.4392 -0.8864
vn 0.7998 0.2632 -0.5395
vn 0.9885 -0.0708 0.1333
vn 0.5884 -0.3592 0.7244
vn -0.1462 -0.4361 0.8879
vn -0.7999 -0.2620 0.5399
vn -0.9886 0.0709 -0.1331
vn -0.5881 0.3619 -0.7233
vn 0.1448 0.1030 -0.9841
vn 0.7987 0.0609 -0.5987
vn 0.5887 -0.0876 0.8036
vn -0.1447 -0.1064 0.9837
vn -0.7985 -0.0619 0.5988
vn -0.9887 0.0182 -0.1486
vn -0.5888 0.0860 -0.8037
vn 0.1438 -0.2588 -0.9552
vn 0.7976 -0.1587 -0.5819
vn 0.9888 0.0374 0.1445
vn 0.5885 0.2077 0.7813
vn -0.1436 0.2536 0.9566
vn -0.7976 0.1573 0.5824
vn -0.9888 -0.0375 -0.1444
vn -0.5887 -0.2104 -0.7805
vn 0.1427 -0.6029 -0.7849
vn 0.7962 -0.3689 -0.4795
vn 0.9888 0.0899 0.1192
vn 0.5869 0.4876 0.6464
vn 0.5869 0.4875 0.6464
vn -0.1423 0.5928 0.7926
vn -0.7958 0.3669 0.4817
vn -0.9888 -0.0900 -0.1191
vn -0.5876 -0.4924 -0.6421
vn 0.1411 -0.8777 -0.4580
vn 0.7937 -0.5391 -0.2819
vn 0.9884 0.1340 0.0709
vn 0.5825 0.7143 0.3879
vn -0.1400 0.8663 0.4794
vn -0.7930 0.5375 0.2868
vn -0.9885 -0.1341 -0.0703
vn -0.5840 -0.7198 -0.3753
vn 0.1376 -0.9893 0.0482
vn 0.7858 -0.6181 0.0201
vn 0.9861 0.1654 -0.0161
vn 0.5600 0.8285 -0.0050
vn -0.1312 0.9911 0.0223
vn -0.7828 0.6222 -0.0062
vn -0.9862 -0.1643 0.0186
vn -0.5672 -0.8221 0.0486
vn 0.1647 -0.6970 0.6979
vn 0.8082 -0.4357 0.3963
vn 0.9822 0.0916 -0.1639
vn 0.5600 0.5415 -0.6270
vn -0.1683 0.6731 -0.7201
vn -0.8103 0.4257 -0.4028
vn -0.9822 -0.0929 0.1632
vn -0.5581 -0.5612 0.6112
vn 0.0573 0.8798 0.4718
vn 0.0573 0.8798 0.4719
vn 0.0573 0.8797 0.4721
vn 0.0574 0.8798 0.4718
vn 0.0572 0.8799 0.4717
vn 0.0575 0.8797 0.4720
vn 0.0575 0.8799 0.4716
vn 0.0577 0.8798 0.4719
vn 0.0577 0.8798 0.4718
vn 0.0572 0.8798 0.4718
vn 0.0570 0.8797 0.4721
vn 0.0576 0.8797 0.4720
vn 0.0114 -0.4671 0.8841
vn 0.0278 0.2948 0.9552
vn 0.0279 0.8826 0.4693
vn 0.0115 0.9563 -0.2923
vn -0.0114 0.4692 -0.8830
vn -0.0271 -0.2926 -0.9559
vn -0.0270 -0.8815 -0.4715
vn -0.0113 -0.9569 0.2901
vn -0.0921 -0.4337 0.8964
vn -0.1876 0.3242 0.9272
vn -0.1771 0.8713 0.4577
vn -0.0767 0.9519 -0.2965
vn 0.0833 0.4728 -0.8772
vn 0.2131 -0.2796 -0.9362
vn 0.2133 -0.2795 -0.9361
vn 0.2215 -0.8469 -0.4834
vn 0.2210 -0.8471 -0.4833
vn 0.0975 -0.9610 0.2588
vn -0.3979 -0.6017 0.6926
vn -0.8885 -0.0632 0.4546
vn -0.8789 0.4768 -0.0143
vn -0.3676 0.7924 -0.4868
vn 0.3658 0.6213 -0.6930
vn 0.8606 0.0663 -0.5050
vn 0.8675 -0.4945 -0.0547
vn 0.3915 -0.8000 0.4547
vn -0.3896 -0.7341 0.5561
vn -0.9227 -0.3486 0.1643
vn -0.9193 0.2327 -0.3174
vn -0.3817 0.6875 -0.6178
vn 0.3818 0.7362 -0.5588
vn 0.9203 0.3487 -0.1774
vn 0.9235 -0.2359 0.3025
vn 0.3894 -0.6872 0.6132
vn -0.3830 -0.6992 0.6037
vn -0.9224 -0.2558 0.2892
vn -0.9275 0.3251 -0.1847
vn -0.3970 0.7244 -0.5636
vn 0.3984 0.6936 -0.6002
vn 0.9301 0.2573 -0.2623
vn 0.9235 -0.3156 0.2180
vn 0.3830 -0.7228 0.5753
vn -0.3070 -0.5518 0.7754
vn -0.7252 0.0826 0.6836
vn -0.7271 0.6524 0.2139
vn -0.3113 0.8660 -0.3913
vn 0.3107 0.5483 -0.7764
vn 0.7220 -0.0908 -0.6859
vn 0.7187 -0.6607 -0.2165
vn 0.3055 -0.8672 0.3931
vn -0.1379 -0.4844 0.8639
vn -0.3372 0.2535 0.9066
vn -0.3406 0.8364 0.4295
vn -0.1436 0.9424 -0.3020
vn 0.1415 0.4751 -0.8685
vn 0.3273 -0.2669 -0.9065
vn 0.3228 -0.8455 -0.4254
vn 0.1353 -0.9410 0.3103
vn -0.0704 -0.4735 0.8780
vn -0.1707 0.2826 0.9439
vn -0.1710 0.8722 0.4583
vn -0.0709 0.9525 -0.2962
vn 0.0707 0.4722 -0.8786
vn 0.1694 -0.2839 -0.9438
vn 0.1691 -0.8729 -0.4576
vn 0.0702 -0.9522 0.2973
vn -0.0946 -0.4691 0.8780
vn -0.2200 0.2840 0.9332
vn -0.2172 0.8664 0.4496
vn -0.0908 0.9493 -0.3009
vn 0.0927 0.4765 -0.8743
vn 0.2279 -0.2746 -0.9342
vn 0.2302 -0.8607 -0.4541
vn 0.0962 -0.9510 0.2939
vn -0.2506 -0.5120 0.8216
vn -0.5830 0.1769 0.7930
vn -0.5793 0.7499 0.3194
vn -0.2447 0.9038 -0.3511
vn 0.2464 0.5175 -0.8195
vn 0.5878 -0.1673 -0.7915
vn 0.5902 -0.7415 -0.3192
vn 0.2515 -0.9034 0.3472
vn -0.3794 -0.6333 0.6745
vn -0.8902 -0.1127 0.4415
vn -0.8859 0.4623 -0.0383
vn -0.3680 0.7830 -0.5015
vn 0.3675 0.6398 -0.6750
vn 0.8817 0.1161 -0.4572
vn 0.8854 -0.4645 0.0172
vn 0.3781 -0.7844 0.4918
vn -0.3835 -0.6931 0.6104
vn -0.9220 -0.2480 0.2974
vn -0.9211 0.3407 -0.1884
vn -0.3815 0.7317 -0.5648
vn 0.3815 0.6938 -0.6108
vn 0.9210 0.2488 -0.2998
vn 0.9218 -0.3404 0.1856
vn 0.3835 -0.7315 0.5638
vn -0.3818 -0.6960 0.6081
vn -0.9215 -0.2529 0.2949
vn -0.9213 0.3384 -0.1912
vn -0.3817 0.7314 -0.5652
vn 0.3819 0.6959 -0.6081
vn 0.9216 0.2527 -0.2947
vn -0.3807 -0.6889 0.6168
vn -0.9170 0.3670 -0.1563
vn -0.3794 0.7466 -0.5465
vn 0.3808 0.6889 -0.6168
vn 0.9177 0.2275 -0.3256
vn -0.3812 -0.6918 0.6132
vn -0.9153 -0.2170 0.3392
vn 0.9154 0.2169 -0.3392
vn 0.9133 -0.3849 0.1335
vn -0.9122 0.3894 -0.1276
vn 0.9162 0.2204 -0.3347
vn 0.9122 -0.3894 0.1276
vn -0.9123 0.3888 -0.1285
vn -0.3732 0.7742 -0.5112
vn 0.3846 0.7062 -0.5944
vn 0.9123 -0.3888 0.1286
vn -0.9165 -0.2217 0.3331
vn -0.9127 0.3871 -0.1308
vn -0.3743 0.7691 -0.5180
vn 0.3744 -0.7691 0.5180
vn -0.3818 -0.6940 0.6104
vn -0.9152 -0.2163 0.3401
vn -0.9125 0.3882 -0.1294
vn -0.3752 0.7654 -0.5229
vn 0.3816 0.6944 -0.6101
vn 0.9151 0.2166 -0.3401
vn 0.9124 -0.3882 0.1295
vn 0.3751 -0.7652 0.5232
vn -0.3907 -0.7310 0.5595
vn -0.9193 -0.2333 0.3170
vn -0.9091 0.4014 -0.1113
vn -0.3661 0.8007 -0.4742
vn 0.9193 0.2336 -0.3169
vn 0.9092 -0.4012 0.1113
vn 0.3661 -0.8006 0.4743
vn -0.4013 -0.7718 0.4933
vn -0.9251 -0.2553 0.2811
vn -0.9068 0.4106 -0.0958
vn -0.3573 0.8357 -0.4170
vn 0.4013 0.7713 -0.4940
vn 0.9249 0.2553 -0.2816
vn 0.9067 -0.4107 0.0959
vn 0.3569 -0.8360 0.4168
vn -0.3961 -0.7576 0.5188
vn -0.9233 -0.2525 0.2895
vn -0.9082 0.4039 -0.1099
vn -0.3591 0.8227 -0.4407
vn 0.3984 0.7603 -0.5131
vn 0.9243 0.2520 -0.2867
vn 0.9088 -0.4028 0.1091
vn 0.3613 -0.8201 0.4438
vn -0.3618 -0.6376 0.6801
vn -0.9069 -0.2057 0.3678
vn -0.9136 0.3688 -0.1711
vn -0.3679 0.7275 -0.5791
vn 0.3767 0.6669 -0.6429
vn 0.9138 0.2083 -0.3486
vn 0.9172 -0.3632 0.1641
vn 0.3844 -0.7051 0.5958
vn -0.2862 -0.2210 0.9323
vn -0.8702 -0.0099 0.4925
vn -0.9383 0.2185 -0.2681
vn -0.4343 0.3208 -0.8417
vn 0.2951 0.2471 -0.9229
vn 0.8745 0.0166 -0.4848
vn 0.9394 -0.2180 0.2644
vn 0.4416 -0.3064 0.8432
vn -0.2151 0.3335 0.9179
vn -0.8360 0.2581 0.4842
vn -0.9651 0.0120 -0.2615
vn -0.5084 -0.2627 -0.8200
vn 0.2200 -0.3886 -0.8948
vn 0.8419 -0.2730 -0.4656
vn 0.9680 -0.0152 0.2503
vn 0.5195 0.2258 0.8241
vn -0.1985 0.5964 0.7777
vn -0.8310 0.3772 0.4089
vn -0.9764 -0.0695 -0.2046
vn -0.5449 -0.4764 -0.6900
vn 0.2001 -0.6046 -0.7710
vn 0.8325 -0.3785 -0.4046
vn 0.9770 0.0679 0.2020
vn 0.5476 0.4698 0.6925
vn -0.1911 0.7050 0.6829
vn -0.8275 0.4292 0.3618
vn -0.9796 -0.1003 -0.1742
vn -0.5547 -0.5682 -0.6078
vn 0.1920 -0.7021 -0.6856
vn 0.8285 -0.4269 -0.3623
vn 0.9796 0.1001 0.1740
vn 0.5557 0.5690 0.6061
vn -0.1790 0.8342 0.5216
vn -0.8194 0.5017 0.2772
vn -0.9817 -0.1325 -0.1370
vn -0.5589 -0.6793 -0.4757
vn 0.1821 -0.8228 -0.5384
vn 0.8228 -0.4930 -0.2828
vn 0.9820 0.1306 0.1365
vn 0.5635 0.6820 0.4662
vn -0.1659 0.9639 0.2080
vn -0.8119 0.5750 0.1010
vn -0.9846 -0.1618 -0.0669
vn -0.5710 -0.7984 -0.1911
vn 0.1663 -0.9652 -0.2018
vn 0.8125 -0.5746 -0.0985
vn 0.9847 0.1609 0.0664
vn 0.5723 0.7968 0.1941
vn -0.1582 0.9816 -0.1072
vn -0.8077 0.5842 -0.0788
vn -0.9864 -0.1643 -0.0028
vn -0.5793 -0.8115 0.0768
vn 0.1585 -0.9810 0.1119
vn 0.8083 -0.5832 0.0805
vn 0.9866 0.1634 0.0025
vn 0.5804 0.8109 -0.0743
vn -0.1528 0.9093 -0.3871
vn -0.8041 0.5430 -0.2420
vn -0.9874 -0.1508 0.0483
vn -0.5828 -0.7532 0.3050
vn 0.1537 -0.9124 0.3793
vn 0.8056 -0.5429 0.2371
vn 0.9875 0.1504 -0.0478
vn 0.5846 0.7508 -0.3075
vn -0.1485 0.7272 -0.6702
vn -0.8011 0.4358 -0.4103
vn -0.9880 -0.1194 0.0975
vn -0.5855 -0.6020 0.5430
vn 0.1489 -0.7303 0.6667
vn 0.8018 -0.4370 0.4076
vn 0.9881 0.1193 -0.0974
vn 0.5862 0.6003 -0.5440
vn -0.1460 0.4394 -0.8864
vn -0.7996 0.2636 -0.5397
vn -0.9885 -0.0714 0.1336
vn -0.5875 -0.3607 0.7244
vn 0.1462 -0.4363 0.8879
vn 0.7999 -0.2621 0.5399
vn 0.9885 0.0711 -0.1332
vn 0.5881 0.3619 -0.7233
vn -0.1448 0.1030 -0.9841
vn -0.7986 0.0609 -0.5987
vn -0.5887 -0.0876 0.8036
vn 0.1450 -0.1071 0.9836
vn 0.7992 -0.0632 0.5978
vn 0.5892 0.0862 -0.8034
vn -0.1437 -0.2588 -0.9552
vn -0.7977 -0.1586 -0.5818
vn -0.9888 0.0373 0.1444
vn -0.5885 0.2077 0.7813
vn 0.1441 0.2526 0.9568
vn 0.7984 0.1554 0.5818
vn 0.9888 -0.0372 -0.1442
vn 0.5892 -0.2098 -0.7802
vn -0.1427 -0.6029 -0.7849
vn -0.7962 -0.3689 -0.4795
vn -0.9888 0.0900 0.1192
vn -0.5870 0.4876 0.6462
vn 0.1435 0.5909 0.7939
vn 0.7979 0.3613 0.4825
vn 0.9889 -0.0891 -0.1190
vn 0.5888 -0.4910 -0.6421
vn -0.1412 -0.8776 -0.4581
vn -0.7936 -0.5391 -0.2820
vn -0.9884 0.1340 0.0709
vn -0.5825 0.7144 0.3878
vn 0.1431 0.8635 0.4836
vn 0.7967 0.5298 0.2909
vn 0.9889 -0.1309 -0.0709
vn 0.5871 -0.7167 -0.3763
vn -0.1374 -0.9893 0.0482
vn -0.7859 -0.6180 0.0200
vn -0.9861 0.1654 -0.0161
vn -0.5600 0.8285 -0.0050
vn 0.1450 0.9886 0.0398
vn 0.7974 0.6033 0.0155
vn 0.9881 -0.1533 0.0117
vn 0.5795 -0.8139 0.0417
vn -0.1586 -0.6986 0.6977
vn -0.7980 -0.4482 0.4029
vn -0.9810 0.0985 -0.1674
vn -0.5423 0.5571 -0.6289
vn 0.1682 0.6732 -0.7201
vn 0.8103 0.4257 -0.4028
vn 0.9822 -0.0929 0.1632
vn 0.5581 -0.5612 0.6112
vn -0.0578 0.8799 0.4717
vn -0.0577 0.8798 0.4718
vn -0.0576 0.8798 0.4718
vn -0.0578 0.8798 0.4718
vn -0.0573 0.8797 0.4720
vn -0.0572 0.8799 0.4717
vn -0.0573 0.8800 0.4715
vn -0.0573 0.8798 0.4719
vn -0.0577 0.8800 0.4714
vt 0.503430 0.601923
vt 0.507328 0.602024
vt 0.507328 0.601806
vt 0.503438 0.601833
vt 0.507328 0.601716
vt 0.507328 0.602243
vt 0.503409 0.602141
vt 0.507328 0.602333
vt 0.503389 0.602358
vt 0.502033 0.601639
vt 0.502092 0.601570
vt 0.501890 0.601804
vt 0.503380 0.602448
vt 0.501748 0.601970
vt 0.501575 0.600977
vt 0.501792 0.600947
vt 0.501358 0.601006
vt 0.501269 0.601018
vt 0.501688 0.602038
vt 0.501669 0.600008
vt 0.501881 0.600935
vt 0.501888 0.600013
vt 0.501451 0.600004
vt 0.501360 0.600002
vt 0.501624 0.599170
vt 0.501978 0.600015
vt 0.501827 0.599092
vt 0.501419 0.599249
vt 0.501335 0.599281
vt 0.501271 0.598396
vt 0.501324 0.598323
vt 0.501912 0.599060
vt 0.501142 0.598572
vt 0.501013 0.598749
vt 0.500269 0.598003
vt 0.500293 0.597916
vt 0.500209 0.598213
vt 0.500960 0.598822
vt 0.500149 0.598424
vt 0.499119 0.597787
vt 0.499138 0.597699
vt 0.499072 0.598001
vt 0.500125 0.598511
vt 0.499026 0.598214
vt 0.498136 0.597547
vt 0.498176 0.597466
vt 0.498038 0.597742
vt 0.499007 0.598303
vt 0.497940 0.597938
vt 0.497489 0.597027
vt 0.497564 0.596976
vt 0.497308 0.597149
vt 0.497900 0.598019
vt 0.497127 0.597272
vt 0.496940 0.595960
vt 0.497155 0.595918
vt 0.496725 0.596001
vt 0.496636 0.596018
vt 0.497052 0.597322
vt 0.496796 0.594126
vt 0.497243 0.595901
vt 0.497014 0.594110
vt 0.497014 0.594109
vt 0.496578 0.594142
vt 0.496488 0.594149
vt 0.496578 0.594143
vt 0.496626 0.591793
vt 0.497104 0.594103
vt 0.496843 0.591772
vt 0.496843 0.591770
vt 0.496626 0.591790
vt 0.496408 0.591812
vt 0.496318 0.591821
vt 0.496408 0.591814
vt 0.496527 0.589121
vt 0.496616 0.589106
vt 0.496933 0.591762
vt 0.496526 0.589114
vt 0.496309 0.589142
vt 0.496093 0.589172
vt 0.496093 0.589179
vt 0.496310 0.589152
vt 0.496127 0.586369
vt 0.496216 0.586349
vt 0.496125 0.586355
vt 0.495909 0.586384
vt 0.496003 0.589187
vt 0.495693 0.586418
vt 0.495694 0.586432
vt 0.495911 0.586403
vt 0.495749 0.583785
vt 0.495837 0.583762
vt 0.495747 0.583765
vt 0.495530 0.583793
vt 0.495604 0.586438
vt 0.495314 0.583828
vt 0.495226 0.583850
vt 0.495533 0.583820
vt 0.495457 0.581726
vt 0.495545 0.581704
vt 0.495455 0.581707
vt 0.495238 0.581734
vt 0.495022 0.581769
vt 0.495316 0.583847
vt 0.494933 0.581791
vt 0.495024 0.581788
vt 0.495055 0.580460
vt 0.495241 0.581761
vt 0.495271 0.580426
vt 0.495269 0.580411
vt 0.495053 0.580439
vt 0.494837 0.580474
vt 0.494748 0.580494
vt 0.494839 0.580489
vt 0.494955 0.579788
vt 0.495360 0.580405
vt 0.495171 0.579750
vt 0.495258 0.579724
vt 0.495167 0.579723
vt 0.494735 0.579787
vt 0.494647 0.579813
vt 0.494738 0.579814
vt 0.495109 0.579329
vt 0.495195 0.579287
vt 0.494950 0.579749
vt 0.495101 0.579270
vt 0.494883 0.579288
vt 0.494583 0.579372
vt 0.494676 0.579389
vt 0.494895 0.579371
vt 0.495054 0.578911
vt 0.495139 0.578865
vt 0.495045 0.578842
vt 0.494826 0.578856
vt 0.494668 0.579330
vt 0.494611 0.578898
vt 0.494526 0.578944
vt 0.494621 0.578967
vt 0.494995 0.578449
vt 0.494840 0.578954
vt 0.495084 0.578427
vt 0.494992 0.578430
vt 0.494775 0.578454
vt 0.494559 0.578487
vt 0.494471 0.578508
vt 0.494562 0.578506
vt 0.494929 0.577971
vt 0.494779 0.578482
vt 0.495028 0.578026
vt 0.494949 0.578108
vt 0.494737 0.578170
vt 0.494517 0.578174
vt 0.494417 0.578119
vt 0.494497 0.578036
vt 0.494861 0.577577
vt 0.494709 0.577975
vt 0.494977 0.577730
vt 0.494915 0.577916
vt 0.494712 0.578025
vt 0.494485 0.577994
vt 0.494369 0.577841
vt 0.494431 0.577655
vt 0.494576 0.577348
vt 0.494634 0.577546
vt 0.494806 0.577394
vt 0.494933 0.577587
vt 0.494883 0.577815
vt 0.494454 0.577898
vt 0.494327 0.577704
vt 0.494377 0.577477
vt 0.494537 0.577321
vt 0.494769 0.577368
vt 0.494900 0.577565
vt 0.494685 0.577943
vt 0.494853 0.577797
vt 0.494425 0.577880
vt 0.494294 0.577683
vt 0.494341 0.577451
vt 0.494743 0.577415
vt 0.494876 0.577608
vt 0.494832 0.577836
vt 0.494636 0.577964
vt 0.494656 0.577927
vt 0.494404 0.577918
vt 0.494271 0.577725
vt 0.494316 0.577498
vt 0.494725 0.577541
vt 0.494511 0.577370
vt 0.494860 0.577715
vt 0.494819 0.577920
vt 0.494625 0.578036
vt 0.494393 0.577995
vt 0.494257 0.577821
vt 0.494299 0.577616
vt 0.494479 0.577755
vt 0.494492 0.577500
vt 0.494713 0.577786
vt 0.494850 0.577919
vt 0.494811 0.578076
vt 0.494386 0.578134
vt 0.494248 0.578001
vt 0.494287 0.577844
vt 0.494470 0.578115
vt 0.494704 0.578135
vt 0.494843 0.578218
vt 0.494619 0.578165
vt 0.494805 0.578316
vt 0.494380 0.578353
vt 0.494242 0.578269
vt 0.494279 0.578171
vt 0.494698 0.578539
vt 0.494838 0.578563
vt 0.494801 0.578591
vt 0.494611 0.578605
vt 0.494614 0.578372
vt 0.494377 0.578598
vt 0.494237 0.578574
vt 0.494273 0.578546
vt 0.494694 0.578939
vt 0.494464 0.578532
vt 0.494835 0.578895
vt 0.494799 0.578840
vt 0.494609 0.578806
vt 0.494375 0.578813
vt 0.494235 0.578856
vt 0.494270 0.578911
vt 0.494459 0.579296
vt 0.494460 0.578946
vt 0.494693 0.579277
vt 0.494833 0.579171
vt 0.494798 0.579039
vt 0.494374 0.578978
vt 0.494233 0.579085
vt 0.494268 0.579217
vt 0.494692 0.579522
vt 0.494833 0.579366
vt 0.494798 0.579175
vt 0.494608 0.579059
vt 0.494608 0.578959
vt 0.494374 0.579087
vt 0.494233 0.579243
vt 0.494268 0.579434
vt 0.494691 0.579658
vt 0.494458 0.579550
vt 0.494832 0.579473
vt 0.494798 0.579245
vt 0.494608 0.579108
vt 0.494374 0.579142
vt 0.494233 0.579326
vt 0.494267 0.579554
vt 0.494691 0.579670
vt 0.494457 0.579691
vt 0.494832 0.579483
vt 0.494797 0.579253
vt 0.494608 0.579114
vt 0.494374 0.579148
vt 0.494233 0.579335
vt 0.494267 0.579565
vt 0.494691 0.579515
vt 0.494457 0.579704
vt 0.494832 0.579364
vt 0.494797 0.579178
vt 0.494607 0.579066
vt 0.494373 0.579093
vt 0.494232 0.579243
vt 0.494267 0.579430
vt 0.494698 0.579085
vt 0.494457 0.579542
vt 0.494836 0.579037
vt 0.494799 0.578973
vt 0.494607 0.578930
vt 0.494374 0.578934
vt 0.494235 0.578981
vt 0.494273 0.579045
vt 0.494506 0.578191
vt 0.494464 0.579088
vt 0.494738 0.578220
vt 0.494871 0.578301
vt 0.494826 0.578387
vt 0.494399 0.578398
vt 0.494266 0.578316
vt 0.494311 0.578230
vt 0.494670 0.578255
vt 0.494414 0.578262
vt 0.494387 0.578313
vt 0.494631 0.578427
vt 0.494723 0.578356
vt 0.494606 0.578380
vt 0.494467 0.578362
vt 0.494750 0.578304
vt 0.494531 0.578238
vt 0.494591 0.578351
vt 0.494661 0.578337
vt 0.494677 0.578306
vt 0.494460 0.578311
vt 0.494507 0.578341
vt 0.494476 0.578281
vt 0.494630 0.578277
vt 0.494546 0.578266
vt 0.511226 0.601923
vt 0.511218 0.601833
vt 0.511247 0.602141
vt 0.511267 0.602358
vt 0.511275 0.602448
vt 0.512622 0.601639
vt 0.512563 0.601570
vt 0.512765 0.601804
vt 0.512908 0.601970
vt 0.512967 0.602038
vt 0.513081 0.600977
vt 0.512864 0.600947
vt 0.512774 0.600935
vt 0.513297 0.601006
vt 0.513387 0.601018
vt 0.512986 0.600008
vt 0.512768 0.600013
vt 0.512677 0.600015
vt 0.513205 0.600004
vt 0.513295 0.600002
vt 0.513032 0.599170
vt 0.512828 0.599092
vt 0.512744 0.599060
vt 0.513236 0.599249
vt 0.513321 0.599281
vt 0.513385 0.598396
vt 0.513332 0.598323
vt 0.513514 0.598572
vt 0.513642 0.598749
vt 0.513696 0.598822
vt 0.514387 0.598003
vt 0.514362 0.597916
vt 0.514447 0.598213
vt 0.514506 0.598424
vt 0.514531 0.598511
vt 0.515537 0.597787
vt 0.515517 0.597699
vt 0.515583 0.598001
vt 0.515630 0.598214
vt 0.515649 0.598303
vt 0.516520 0.597547
vt 0.516479 0.597466
vt 0.516618 0.597742
vt 0.516715 0.597938
vt 0.516756 0.598019
vt 0.517166 0.597027
vt 0.517091 0.596976
vt 0.517347 0.597149
vt 0.517528 0.597272
vt 0.517603 0.597322
vt 0.517716 0.595960
vt 0.517501 0.595918
vt 0.517412 0.595901
vt 0.517930 0.596001
vt 0.518019 0.596018
vt 0.517860 0.594126
vt 0.517642 0.594110
vt 0.517552 0.594103
vt 0.517642 0.594109
vt 0.518078 0.594142
vt 0.518168 0.594150
vt 0.518078 0.594143
vt 0.518030 0.591793
vt 0.517812 0.591772
vt 0.517722 0.591762
vt 0.517812 0.591770
vt 0.518030 0.591790
vt 0.518248 0.591812
vt 0.518338 0.591821
vt 0.518247 0.591814
vt 0.518129 0.589121
vt 0.518040 0.589106
vt 0.518130 0.589114
vt 0.518347 0.589142
vt 0.518563 0.589172
vt 0.518652 0.589187
vt 0.518562 0.589179
vt 0.518346 0.589152
vt 0.518529 0.586369
vt 0.518440 0.586349
vt 0.518531 0.586355
vt 0.518747 0.586384
vt 0.518963 0.586418
vt 0.519052 0.586438
vt 0.518961 0.586432
vt 0.518745 0.586403
vt 0.518907 0.583785
vt 0.518818 0.583762
vt 0.518909 0.583765
vt 0.519126 0.583793
vt 0.519342 0.583828
vt 0.519430 0.583850
vt 0.519339 0.583847
vt 0.519122 0.583820
vt 0.519199 0.581726
vt 0.519110 0.581704
vt 0.519201 0.581707
vt 0.519418 0.581734
vt 0.519634 0.581769
vt 0.519722 0.581791
vt 0.519631 0.581788
vt 0.519415 0.581761
vt 0.519601 0.580460
vt 0.519385 0.580426
vt 0.519296 0.580405
vt 0.519386 0.580411
vt 0.519603 0.580439
vt 0.519819 0.580474
vt 0.519908 0.580494
vt 0.519817 0.580489
vt 0.519701 0.579788
vt 0.519485 0.579750
vt 0.519397 0.579724
vt 0.519489 0.579723
vt 0.519706 0.579749
vt 0.519921 0.579787
vt 0.520009 0.579813
vt 0.519917 0.579814
vt 0.519546 0.579329
vt 0.519461 0.579287
vt 0.519554 0.579270
vt 0.519773 0.579288
vt 0.519987 0.579330
vt 0.520073 0.579372
vt 0.519979 0.579389
vt 0.519761 0.579371
vt 0.519601 0.578911
vt 0.519516 0.578865
vt 0.519611 0.578842
vt 0.519830 0.578856
vt 0.520044 0.578898
vt 0.520129 0.578944
vt 0.520035 0.578967
vt 0.519816 0.578954
vt 0.519660 0.578449
vt 0.519572 0.578427
vt 0.519664 0.578430
vt 0.519881 0.578454
vt 0.520097 0.578487
vt 0.520185 0.578508
vt 0.520094 0.578506
vt 0.519876 0.578482
vt 0.519726 0.577971
vt 0.519627 0.578026
vt 0.519707 0.578108
vt 0.519919 0.578170
vt 0.520139 0.578174
vt 0.520238 0.578119
vt 0.520158 0.578036
vt 0.519946 0.577975
vt 0.519795 0.577577
vt 0.519679 0.577730
vt 0.519740 0.577916
vt 0.519944 0.578025
vt 0.520170 0.577994
vt 0.520287 0.577841
vt 0.520225 0.577655
vt 0.520022 0.577546
vt 0.520080 0.577348
vt 0.519850 0.577394
vt 0.519722 0.577587
vt 0.519773 0.577815
vt 0.519971 0.577943
vt 0.520201 0.577898
vt 0.520329 0.577704
vt 0.520278 0.577477
vt 0.520118 0.577321
vt 0.519887 0.577368
vt 0.519756 0.577565
vt 0.519803 0.577797
vt 0.519999 0.577927
vt 0.520231 0.577880
vt 0.520362 0.577683
vt 0.520315 0.577451
vt 0.519913 0.577415
vt 0.519780 0.577608
vt 0.519824 0.577836
vt 0.520020 0.577964
vt 0.520252 0.577918
vt 0.520384 0.577725
vt 0.520340 0.577498
vt 0.520145 0.577370
vt 0.519931 0.577541
vt 0.519795 0.577715
vt 0.519837 0.577920
vt 0.520030 0.578036
vt 0.520263 0.577995
vt 0.520398 0.577821
vt 0.520357 0.577616
vt 0.520163 0.577500
vt 0.520176 0.577755
vt 0.519943 0.577786
vt 0.519806 0.577919
vt 0.519844 0.578076
vt 0.520037 0.578165
vt 0.520270 0.578134
vt 0.520407 0.578001
vt 0.520369 0.577844
vt 0.520185 0.578115
vt 0.519952 0.578135
vt 0.519813 0.578218
vt 0.519850 0.578316
vt 0.520042 0.578372
vt 0.520275 0.578353
vt 0.520414 0.578269
vt 0.520377 0.578171
vt 0.519958 0.578539
vt 0.519818 0.578563
vt 0.519854 0.578591
vt 0.520045 0.578605
vt 0.520279 0.578598
vt 0.520419 0.578574
vt 0.520382 0.578546
vt 0.520191 0.578532
vt 0.519961 0.578939
vt 0.519821 0.578895
vt 0.519856 0.578840
vt 0.520047 0.578806
vt 0.520281 0.578813
vt 0.520421 0.578856
vt 0.520386 0.578911
vt 0.520195 0.578946
vt 0.520197 0.579296
vt 0.519963 0.579277
vt 0.519822 0.579171
vt 0.519857 0.579039
vt 0.520048 0.578959
vt 0.520281 0.578978
vt 0.520422 0.579085
vt 0.520387 0.579217
vt 0.519964 0.579522
vt 0.519823 0.579366
vt 0.519858 0.579175
vt 0.520048 0.579059
vt 0.520282 0.579087
vt 0.520423 0.579243
vt 0.520388 0.579434
vt 0.520198 0.579550
vt 0.519965 0.579658
vt 0.519823 0.579473
vt 0.519858 0.579245
vt 0.520048 0.579108
vt 0.520282 0.579142
vt 0.520423 0.579326
vt 0.520388 0.579554
vt 0.520199 0.579691
vt 0.519965 0.579670
vt 0.519824 0.579483
vt 0.519858 0.579253
vt 0.520048 0.579114
vt 0.520282 0.579148
vt 0.520423 0.579335
vt 0.520389 0.579565
vt 0.520199 0.579704
vt 0.519965 0.579515
vt 0.519824 0.579364
vt 0.519859 0.579178
vt 0.520049 0.579066
vt 0.520283 0.579093
vt 0.520389 0.579430
vt 0.520199 0.579542
vt 0.519958 0.579085
vt 0.519819 0.579037
vt 0.519857 0.578973
vt 0.520048 0.578930
vt 0.520282 0.578934
vt 0.520421 0.578981
vt 0.520383 0.579045
vt 0.520192 0.579088
vt 0.520150 0.578191
vt 0.519918 0.578220
vt 0.519785 0.578301
vt 0.519829 0.578387
vt 0.520025 0.578427
vt 0.520257 0.578398
vt 0.520389 0.578316
vt 0.520345 0.578230
vt 0.519906 0.578304
vt 0.520242 0.578262
vt 0.520050 0.578380
vt 0.520189 0.578362
vt 0.520268 0.578313
vt 0.520125 0.578238
vt 0.519933 0.578356
vt 0.520065 0.578351
vt 0.519994 0.578337
vt 0.520148 0.578341
vt 0.520180 0.578281
vt 0.520110 0.578266
vt 0.519985 0.578255
vt 0.519978 0.578306
vt 0.520026 0.578277
vt 0.520196 0.578311
s 0
usemtl Metal_Color_Palette
f 81/51/66 416/52/66 409/53/66
f 82/54/67 409/53/67 410/55/67
f 411/53/68 82/54/68 410/55/68
f 412/52/69 83/51/69 411/53/69
f 413/56/70 84/57/70 412/52/70
f 414/58/71 85/59/71 413/56/71
f 87/59/72 414/58/72 415/56/72
f 88/57/73 415/56/73 416/52/73
f 89/60/74 88/57/74 81/51/74
f 90/61/75 81/51/75 82/54/75
f 83/51/76 90/61/76 82/54/76
f 84/57/77 91/60/77 83/51/77
f 85/59/78 92/62/78 84/57/78
f 86/63/79 93/64/79 85/59/79
f 95/64/80 86/63/80 87/59/80
f 96/62/81 87/59/81 88/57/81
f 89/60/82 104/65/82 96/62/82
f 90/61/83 97/66/83 89/60/83
f 99/66/84 90/61/84 91/60/84
f 100/65/85 91/60/85 92/62/85
f 101/67/86 92/62/86 93/64/86
f 102/68/87 93/64/87 94/69/87
f 95/64/88 102/68/88 94/69/88
f 96/62/89 103/67/89 95/64/89
f 97/66/90 112/70/90 104/65/90
f 98/71/91 105/72/91 97/66/91
f 107/72/92 98/71/92 99/66/92
f 108/70/93 99/66/93 100/65/93
f 109/73/94 100/65/94 101/67/94
f 110/74/95 101/67/95 102/68/95
f 103/67/96 110/74/96 102/68/96
f 104/65/97 111/73/97 103/67/97
f 105/72/98 120/75/98 112/70/98
f 106/76/99 113/77/99 105/72/99
f 115/77/100 106/76/100 107/72/100
f 116/75/101 107/72/101 108/70/101
f 117/78/102 108/70/102 109/73/102
f 118/79/103 109/73/103 110/74/103
f 111/73/104 118/79/104 110/74/104
f 112/70/105 119/78/105 111/73/105
f 121/80/106 120/75/106 113/77/106
f 122/81/107 113/77/107 114/82/107
f 115/77/108 122/81/108 114/82/108
f 116/75/109 123/80/109 115/77/109
f 117/78/110 124/83/110 116/75/110
f 118/79/111 125/84/111 117/78/111
f 127/84/112 118/79/112 119/78/112
f 128/83/113 119/78/113 120/75/113
f 129/85/114 128/83/114 121/80/114
f 130/86/115 121/80/115 122/81/115
f 123/80/116 130/86/117 122/81/118
f 124/83/119 131/85/119 123/80/119
f 125/84/120 132/87/120 124/83/120
f 126/88/121 133/89/121 125/84/121
f 135/89/122 126/88/122 127/84/122
f 136/87/123 127/84/123 128/83/123
f 137/90/124 136/87/124 129/85/124
f 138/91/125 129/85/125 130/86/125
f 131/85/126 138/91/126 130/86/126
f 132/87/127 139/90/127 131/85/127
f 133/89/128 140/92/128 132/87/128
f 134/93/129 141/94/129 133/89/129
f 143/94/130 134/93/130 135/89/130
f 144/92/131 135/89/131 136/87/131
f 145/95/132 144/92/132 137/90/132
f 146/96/133 137/90/133 138/91/133
f 139/90/134 146/96/134 138/91/134
f 140/92/135 147/95/135 139/90/135
f 141/94/136 148/97/136 140/92/136
f 142/98/137 149/99/137 141/94/137
f 151/99/138 142/98/138 143/94/138
f 152/97/139 143/94/139 144/92/139
f 153/100/140 152/97/140 145/95/140
f 154/101/141 145/95/141 146/96/141
f 147/95/142 154/101/142 146/96/142
f 148/97/143 155/100/143 147/95/143
f 149/99/144 156/102/144 148/97/144
f 150/103/145 157/104/145 149/99/145
f 159/104/146 150/103/146 151/99/146
f 160/102/147 151/99/147 152/97/147
f 153/100/148 168/105/148 160/102/148
f 154/101/149 161/106/149 153/100/149
f 163/106/150 154/101/150 155/100/150
f 164/105/151 155/100/151 156/102/151
f 165/107/152 156/102/152 157/104/152
f 166/108/153 157/104/153 158/109/153
f 159/104/154 166/108/154 158/109/154
f 160/102/155 167/107/155 159/104/155
f 161/106/156 176/110/156 168/105/156
f 162/111/157 169/112/157 161/106/157
f 171/113/158 162/111/158 163/106/158
f 172/110/159 163/106/159 164/105/159
f 173/114/160 164/105/160 165/107/160
f 174/115/161 165/107/161 166/108/161
f 167/107/162 174/115/162 166/108/162
f 168/105/163 175/116/163 167/107/163
f 169/112/164 184/117/164 176/110/164
f 170/118/165 177/119/165 169/112/165
f 179/120/166 170/118/166 171/113/166
f 180/121/167 171/113/167 172/110/167
f 181/122/168 172/110/168 173/114/168
f 182/123/169 173/114/169 174/115/169
f 175/116/170 182/123/170 174/115/170
f 176/110/171 183/124/171 175/116/171
f 185/125/172 184/117/172 177/119/172
f 186/126/173 177/119/173 178/127/173
f 179/120/174 186/126/174 178/127/174
f 180/121/175 187/128/175 179/120/175
f 181/122/176 188/129/176 180/121/176
f 182/123/177 189/130/177 181/122/177
f 191/131/178 182/123/178 183/124/178
f 192/132/179 183/124/179 184/117/179
f 193/133/180 192/132/180 185/125/180
f 194/134/181 185/125/181 186/126/181
f 187/128/182 194/134/182 186/126/182
f 188/129/183 195/135/183 187/128/183
f 189/130/184 196/136/184 188/129/184
f 190/137/185 197/138/185 189/130/185
f 199/139/186 190/137/186 191/131/186
f 200/140/187 191/131/187 192/132/187
f 201/141/188 200/140/188 193/133/188
f 202/142/189 193/133/189 194/134/189
f 203/143/190 194/134/190 195/135/190
f 196/136/191 203/143/191 195/135/191
f 197/138/192 204/144/192 196/136/192
f 198/145/193 205/146/193 197/138/193
f 199/139/194 206/147/194 198/145/194
f 208/148/195 199/139/195 200/140/195
f 209/149/196 208/148/196 201/141/196
f 210/150/197 201/141/197 202/142/197
f 211/151/198 202/142/198 203/143/198
f 212/152/199 203/143/199 204/144/199
f 205/146/200 212/152/200 204/144/200
f 206/147/201 213/153/201 205/146/201
f 207/154/202 214/155/202 206/147/202
f 208/148/203 215/156/203 207/154/203
f 209/149/204 224/157/204 216/158/204
f 210/150/205 217/159/205 209/149/205
f 219/160/206 210/150/206 211/151/206
f 220/161/207 211/151/207 212/152/207
f 221/162/208 212/152/208 213/153/208
f 222/163/209 213/153/209 214/155/209
f 215/156/210 222/163/210 214/155/210
f 216/158/211 223/164/211 215/156/211
f 217/159/212 232/165/212 224/157/212
f 218/166/213 225/167/213 217/159/213
f 219/160/214 226/168/214 218/166/214
f 220/161/215 227/169/215 219/160/215
f 229/170/216 220/161/216 221/162/216
f 230/171/217 221/162/217 222/163/217
f 231/172/218 222/163/218 223/164/218
f 232/165/219 223/164/219 224/157/219
f 233/173/220 232/165/220 225/167/220
f 226/168/221 233/173/221 225/167/221
f 227/169/222 234/174/222 226/168/222
f 228/175/223 235/176/223 227/169/223
f 229/170/224 236/177/224 228/175/224
f 238/178/225 229/170/225 230/171/225
f 239/179/226 230/171/226 231/172/226
f 240/180/227 231/172/227 232/165/227
f 241/181/228 240/180/228 233/173/228
f 242/182/229 233/173/229 234/174/229
f 243/183/230 234/174/230 235/176/230
f 244/184/231 235/176/231 236/177/231
f 237/185/232 244/184/232 236/177/232
f 238/178/233 245/186/233 237/185/233
f 239/179/234 246/187/234 238/178/234
f 240/180/235 247/188/235 239/179/235
f 249/189/236 248/190/236 241/181/236
f 250/191/237 241/181/237 242/182/237
f 251/192/238 242/182/238 243/183/238
f 252/193/239 243/183/239 244/184/239
f 245/186/240 252/193/240 244/184/240
f 246/187/241 253/194/241 245/186/241
f 247/188/242 254/195/242 246/187/242
f 248/190/243 255/196/243 247/188/243
f 257/197/244 256/198/244 249/189/244
f 258/199/245 249/189/245 250/191/245
f 259/200/246 250/191/246 251/192/246
f 260/201/247 251/192/247 252/193/247
f 253/194/248 260/201/248 252/193/248
f 254/195/249 261/202/249 253/194/249
f 255/196/250 262/203/250 254/195/250
f 256/198/251 263/204/251 255/196/251
f 265/205/252 264/206/252 257/197/252
f 266/207/253 257/197/253 258/199/253
f 267/208/254 258/199/254 259/200/254
f 268/209/255 259/200/255 260/201/255
f 261/202/256 268/209/256 260/201/256
f 262/203/257 269/210/257 261/202/257
f 263/204/258 270/211/258 262/203/258
f 264/206/259 271/212/259 263/204/259
f 265/205/260 280/213/260 272/214/260
f 266/207/261 273/215/261 265/205/261
f 267/208/262 274/216/262 266/207/262
f 268/209/263 275/217/263 267/208/263
f 277/218/264 268/209/264 269/210/264
f 278/219/265 269/210/265 270/211/265
f 279/220/266 270/211/266 271/212/266
f 280/213/267 271/212/267 272/214/267
f 273/215/268 288/221/268 280/213/268
f 274/216/269 281/222/269 273/215/269
f 275/217/270 282/223/270 274/216/270
f 276/224/271 283/225/271 275/217/271
f 285/226/272 276/224/272 277/218/272
f 286/227/273 277/218/273 278/219/273
f 287/228/274 278/219/274 279/220/274
f 288/221/275 279/220/275 280/213/275
f 289/229/276 288/221/276 281/222/276
f 290/230/277 281/222/277 282/223/277
f 291/231/278 282/223/278 283/225/278
f 292/232/279 283/225/279 284/233/279
f 285/226/280 292/232/280 284/233/280
f 286/227/281 293/234/281 285/226/281
f 287/228/282 294/235/282 286/227/282
f 288/221/283 295/236/283 287/228/283
f 297/237/284 296/238/284 289/229/284
f 298/239/285 289/229/285 290/230/285
f 299/240/286 290/230/286 291/231/286
f 300/241/287 291/231/287 292/232/287
f 293/234/288 300/241/288 292/232/288
f 294/235/289 301/242/289 293/234/289
f 295/236/290 302/243/290 294/235/290
f 296/238/291 303/244/291 295/236/291
f 297/237/292 312/245/292 304/246/292
f 298/239/293 305/247/293 297/237/293
f 299/240/294 306/248/294 298/239/294
f 300/241/295 307/249/295 299/240/295
f 309/250/296 300/241/296 301/242/296
f 310/251/297 301/242/297 302/243/297
f 311/252/298 302/243/298 303/244/298
f 312/245/299 303/244/299 304/246/299
f 305/247/300 320/253/300 312/245/300
f 306/248/301 313/254/301 305/247/301
f 307/249/302 314/255/302 306/248/302
f 308/256/303 315/257/303 307/249/303
f 317/258/304 308/256/304 309/250/304
f 318/259/305 309/250/305 310/251/305
f 319/260/306 310/251/306 311/252/306
f 320/253/307 311/252/307 312/245/307
f 321/261/308 320/253/308 313/254/308
f 322/262/309 313/254/309 314/255/309
f 323/263/310 314/255/310 315/257/310
f 324/264/311 315/257/311 316/265/311
f 317/258/312 324/264/312 316/265/312
f 318/259/313 325/266/313 317/258/313
f 319/260/314 326/267/314 318/259/314
f 320/253/315 327/268/315 319/260/315
f 329/269/316 328/270/316 321/261/316
f 330/271/317 321/261/317 322/262/317
f 331/272/318 322/262/318 323/263/318
f 332/273/319 323/263/319 324/264/319
f 325/266/320 332/273/320 324/264/320
f 326/267/321 333/274/321 325/266/321
f 327/268/322 334/275/322 326/267/322
f 328/270/323 335/276/323 327/268/323
f 329/269/324 344/277/324 336/278/324
f 330/271/325 337/279/325 329/269/325
f 331/272/326 338/280/326 330/271/326
f 332/273/327 339/281/327 331/272/327
f 341/282/328 332/273/328 333/274/328
f 342/283/329 333/274/329 334/275/329
f 343/284/330 334/275/330 335/276/330
f 344/277/331 335/276/331 336/278/331
f 345/285/332 344/277/332 337/279/332
f 346/286/333 337/279/333 338/280/333
f 347/287/334 338/280/334 339/281/334
f 348/288/335 339/281/335 340/289/335
f 341/282/336 348/288/336 340/289/336
f 342/283/337 349/290/337 341/282/337
f 343/284/338 350/291/338 342/283/338
f 344/277/339 351/292/339 343/284/339
f 353/293/340 352/294/340 345/285/340
f 354/295/341 345/285/341 346/286/341
f 355/296/342 346/286/342 347/287/342
f 356/297/343 347/287/343 348/288/343
f 349/290/344 356/297/344 348/288/344
f 350/291/345 357/298/345 349/290/345
f 351/292/346 358/299/346 350/291/346
f 352/294/347 359/300/347 351/292/347
f 361/301/348 360/302/348 353/293/348
f 362/303/349 353/293/349 354/295/349
f 363/304/350 354/295/350 355/296/350
f 364/305/351 355/296/352 356/297/353
f 357/298/354 364/305/354 356/297/354
f 358/299/355 365/306/355 357/298/355
f 359/300/356 366/307/356 358/299/356
f 360/302/357 367/308/357 359/300/357
f 369/309/358 368/310/358 361/301/358
f 370/311/359 361/301/359 362/303/359
f 371/312/360 362/303/360 363/304/360
f 372/313/361 363/304/361 364/305/361
f 365/306/362 372/313/362 364/305/362
f 366/307/363 373/314/363 365/306/363
f 367/308/364 374/315/364 366/307/364
f 368/310/365 375/316/365 367/308/365
f 377/317/366 376/318/366 369/309/366
f 378/319/367 369/309/367 370/311/367
f 379/320/368 370/311/368 371/312/368
f 380/321/369 371/312/369 372/313/369
f 373/314/370 380/321/370 372/313/370
f 374/315/371 381/322/371 373/314/371
f 375/316/372 382/323/372 374/315/372
f 376/318/373 383/324/373 375/316/373
f 377/317/374 392/325/374 384/326/374
f 378/319/375 385/327/375 377/317/375
f 379/320/376 386/328/376 378/319/376
f 380/321/377 387/329/377 379/320/377
f 389/330/378 380/321/378 381/322/378
f 390/331/379 381/322/379 382/323/379
f 391/332/380 382/323/380 383/324/380
f 392/325/381 383/324/381 384/326/381
f 386/328/382 393/333/383 385/327/384
f 392/325/385 399/334/385 391/332/385
f 390/331/386 399/334/386 398/335/386
f 388/336/387 395/337/387 387/329/387
f 389/330/386 396/338/386 388/336/386
f 389/330/388 398/335/388 397/339/388
f 387/329/389 394/340/389 386/328/389
f 385/327/390 400/341/390 392/325/390
f 395/337/391 404/342/391 403/343/391
f 394/340/392 403/343/392 402/344/392
f 397/339/393 406/345/393 405/346/393
f 398/335/394 407/347/394 406/345/394
f 397/339/395 404/342/396 396/338/397
f 400/341/398 401/348/398 408/349/398
f 400/341/385 407/347/385 399/334/385
f 394/340/399 401/348/399 393/333/399
f 408/349/400 402/344/400 407/347/400
f 402/344/401 406/345/401 407/347/401
f 403/343/388 405/346/388 406/345/388
f 416/52/402 417/350/402 409/53/402
f 409/53/403 418/351/403 410/55/403
f 411/53/404 418/351/404 419/350/404
f 412/52/405 419/350/405 420/352/405
f 413/56/406 420/352/406 421/353/406
f 414/58/407 421/353/407 422/354/407
f 414/58/408 423/353/408 415/56/408
f 415/56/409 424/352/409 416/52/409
f 424/352/410 425/355/410 417/350/410
f 417/350/411 426/356/411 418/351/411
f 419/350/412 426/356/412 427/355/412
f 420/352/413 427/355/413 428/357/413
f 421/353/414 428/357/414 429/358/414
f 422/354/415 429/358/416 430/359/416
f 422/354/417 431/358/418 423/353/417
f 423/353/419 432/357/419 424/352/419
f 425/355/420 440/360/420 433/361/420
f 426/356/421 433/361/421 434/362/421
f 426/356/422 435/361/422 427/355/422
f 427/355/423 436/360/423 428/357/423
f 428/357/424 437/363/424 429/358/424
f 429/358/425 438/364/425 430/359/425
f 431/358/426 438/364/426 439/363/426
f 432/357/427 439/363/427 440/360/427
f 433/361/428 448/365/428 441/366/428
f 434/362/429 441/366/429 442/367/429
f 434/362/430 443/366/430 435/361/430
f 435/361/431 444/365/431 436/360/431
f 436/360/432 445/368/432 437/363/432
f 437/363/433 446/369/433 438/364/433
f 439/363/434 446/369/434 447/368/434
f 440/360/435 447/368/435 448/365/435
f 441/366/436 456/370/436 449/371/436
f 442/367/437 449/371/437 450/372/437
f 442/367/438 451/371/438 443/366/438
f 443/366/439 452/370/439 444/365/439
f 444/365/440 453/373/440 445/368/440
f 445/368/441 454/374/441 446/369/441
f 447/368/442 454/374/442 455/373/442
f 448/365/443 455/373/443 456/370/443
f 456/370/444 457/375/444 449/371/444
f 449/371/445 458/376/445 450/372/445
f 451/371/446 458/376/446 459/375/446
f 452/370/447 459/375/447 460/377/447
f 453/373/448 460/377/448 461/378/448
f 454/374/449 461/378/449 462/379/449
f 454/374/450 463/378/450 455/373/450
f 455/373/451 464/377/451 456/370/451
f 464/377/452 465/380/452 457/375/452
f 457/375/453 466/381/453 458/376/453
f 459/375/454 466/381/454 467/380/454
f 460/377/455 467/380/455 468/382/455
f 461/378/456 468/382/456 469/383/456
f 462/379/457 469/383/457 470/384/457
f 462/379/458 471/383/458 463/378/458
f 463/378/459 472/382/459 464/377/459
f 472/382/460 473/385/460 465/380/460
f 465/380/461 474/386/461 466/381/461
f 467/380/462 474/386/462 475/385/462
f 468/382/463 475/385/463 476/387/463
f 469/383/464 476/387/464 477/388/464
f 470/384/465 477/388/465 478/389/465
f 470/384/466 479/388/466 471/383/466
f 471/383/467 480/387/467 472/382/467
f 480/387/468 481/390/468 473/385/468
f 473/385/469 482/391/469 474/386/469
f 475/385/470 482/391/470 483/390/470
f 476/387/471 483/390/471 484/392/471
f 477/388/472 484/392/472 485/393/472
f 478/389/473 485/393/473 486/394/473
f 478/389/474 487/393/474 479/388/474
f 479/388/475 488/392/475 480/387/475
f 488/392/476 489/395/476 481/390/476
f 481/390/477 490/396/477 482/391/477
f 483/390/478 490/396/478 491/395/478
f 484/392/479 491/395/479 492/397/479
f 485/393/480 492/397/480 493/398/480
f 486/394/481 493/398/481 494/399/481
f 486/394/482 495/398/482 487/393/482
f 487/393/483 496/397/483 488/392/483
f 489/395/484 504/400/484 497/401/484
f 490/396/485 497/401/485 498/402/485
f 490/396/486 499/401/486 491/395/486
f 491/395/487 500/400/487 492/397/487
f 492/397/488 501/403/488 493/398/488
f 493/398/489 502/404/489 494/399/489
f 495/398/490 502/404/490 503/403/490
f 496/397/491 503/403/491 504/400/491
f 497/401/492 512/405/492 505/406/492
f 498/402/493 505/406/493 506/407/493
f 498/402/494 507/408/494 499/401/494
f 499/401/495 508/405/495 500/400/495
f 500/400/496 509/409/496 501/403/496
f 501/403/497 510/410/497 502/404/497
f 503/403/498 510/410/498 511/411/498
f 504/400/499 511/411/499 512/405/499
f 505/406/500 520/412/500 513/413/500
f 506/407/501 513/413/501 514/414/501
f 506/407/502 515/415/502 507/408/502
f 507/408/503 516/416/503 508/405/503
f 508/405/504 517/417/504 509/409/504
f 509/409/505 518/418/505 510/410/505
f 511/411/506 518/418/506 519/419/506
f 512/405/507 519/419/507 520/412/507
f 520/412/508 521/420/508 513/413/508
f 513/413/509 522/421/509 514/414/509
f 515/415/510 522/421/510 523/422/510
f 516/416/511 523/422/511 524/423/511
f 517/417/512 524/423/512 525/424/512
f 518/418/513 525/424/513 526/425/513
f 518/418/514 527/426/514 519/419/514
f 519/419/515 528/427/515 520/412/515
f 528/427/516 529/428/516 521/420/516
f 521/420/517 530/429/517 522/421/517
f 523/422/518 530/429/518 531/430/518
f 524/423/519 531/430/519 532/431/519
f 525/424/520 532/431/520 533/432/520
f 526/425/521 533/432/521 534/433/521
f 526/425/522 535/434/522 527/426/522
f 527/426/523 536/435/523 528/427/523
f 536/435/524 537/436/524 529/428/524
f 529/428/525 538/437/525 530/429/525
f 530/429/526 539/438/526 531/430/526
f 532/431/527 539/438/527 540/439/527
f 533/432/528 540/439/528 541/440/528
f 534/433/529 541/440/529 542/441/529
f 535/434/530 542/441/530 543/442/530
f 535/434/531 544/443/531 536/435/531
f 544/443/532 545/444/532 537/436/532
f 537/436/533 546/445/533 538/437/533
f 538/437/534 547/446/534 539/438/534
f 539/438/535 548/447/535 540/439/535
f 541/440/536 548/447/536 549/448/536
f 542/441/537 549/448/537 550/449/537
f 543/442/538 550/449/538 551/450/538
f 544/443/539 551/450/539 552/451/539
f 545/444/540 560/452/540 553/453/540
f 546/445/541 553/453/541 554/454/541
f 546/445/542 555/455/542 547/446/542
f 547/446/543 556/456/543 548/447/543
f 548/447/544 557/457/544 549/448/544
f 549/448/545 558/458/545 550/449/545
f 551/450/546 558/458/546 559/459/546
f 552/451/547 559/459/547 560/452/547
f 553/453/548 568/460/548 561/461/548
f 554/454/549 561/461/549 562/462/549
f 555/455/550 562/462/550 563/463/550
f 556/456/551 563/463/551 564/464/551
f 556/456/552 565/465/552 557/457/552
f 557/457/553 566/466/553 558/458/553
f 558/458/554 567/467/554 559/459/554
f 559/459/555 568/460/555 560/452/555
f 568/460/556 569/468/556 561/461/556
f 562/462/557 569/468/557 570/469/557
f 563/463/558 570/469/558 571/470/558
f 564/464/559 571/470/559 572/471/559
f 565/465/560 572/471/560 573/472/560
f 565/465/561 574/473/561 566/466/561
f 566/466/562 575/474/562 567/467/562
f 567/467/563 576/475/563 568/460/563
f 576/475/564 577/476/564 569/468/564
f 569/468/565 578/477/565 570/469/565
f 570/469/566 579/478/566 571/470/566
f 571/470/567 580/479/567 572/471/567
f 573/472/568 580/479/568 581/480/568
f 574/473/569 581/480/569 582/481/569
f 575/474/570 582/481/570 583/482/570
f 576/475/571 583/482/571 584/483/571
f 584/483/572 585/484/572 577/476/572
f 577/476/573 586/485/573 578/477/573
f 578/477/574 587/486/574 579/478/574
f 579/478/575 588/487/575 580/479/575
f 581/480/576 588/487/576 589/488/576
f 582/481/577 589/488/577 590/489/577
f 583/482/578 590/489/578 591/490/578
f 584/483/579 591/490/579 592/491/579
f 592/491/580 593/492/580 585/484/580
f 585/484/581 594/493/581 586/485/581
f 586/485/582 595/494/582 587/486/582
f 587/486/583 596/495/583 588/487/583
f 589/488/584 596/495/584 597/496/584
f 590/489/585 597/496/585 598/497/585
f 591/490/586 598/497/586 599/498/586
f 592/491/587 599/498/587 600/499/587
f 600/499/588 601/500/588 593/492/588
f 593/492/589 602/501/589 594/493/589
f 594/493/590 603/502/590 595/494/590
f 595/494/591 604/503/591 596/495/591
f 597/496/592 604/503/592 605/504/592
f 598/497/593 605/504/593 606/505/593
f 599/498/594 606/505/594 607/506/594
f 600/499/595 607/506/595 608/507/595
f 601/500/596 616/508/596 609/509/596
f 602/501/597 609/509/597 610/510/597
f 603/502/598 610/510/598 611/511/598
f 604/503/599 611/511/599 612/512/599
f 604/503/600 613/513/600 605/504/600
f 605/504/601 614/514/601 606/505/601
f 606/505/602 615/515/602 607/506/602
f 607/506/603 616/508/603 608/507/603
f 609/509/604 624/516/604 617/517/604
f 610/510/605 617/517/605 618/518/605
f 611/511/606 618/518/606 619/519/606
f 612/512/607 619/519/607 620/520/607
f 612/512/608 621/521/608 613/513/608
f 613/513/609 622/522/609 614/514/609
f 614/514/610 623/523/610 615/515/610
f 615/515/611 624/516/611 616/508/611
f 624/516/612 625/524/612 617/517/612
f 617/517/613 626/525/613 618/518/613
f 618/518/614 627/526/614 619/519/614
f 619/519/615 628/527/615 620/520/615
f 621/521/616 628/527/616 629/528/616
f 622/522/617 629/528/617 630/529/617
f 623/523/618 630/529/618 631/530/618
f 624/516/619 631/530/619 632/531/619
f 632/531/620 633/532/620 625/524/620
f 625/524/621 634/533/621 626/525/621
f 626/525/622 635/534/622 627/526/622
f 627/526/623 636/535/623 628/527/623
f 629/528/624 636/535/624 637/536/624
f 630/529/625 637/536/625 638/537/625
f 631/530/626 638/537/626 639/538/626
f 632/531/627 639/538/627 640/539/627
f 633/532/628 648/540/628 641/541/628
f 634/533/629 641/541/629 642/542/629
f 635/534/630 642/542/630 643/543/630
f 636/535/631 643/543/631 644/544/631
f 636/535/632 645/545/632 637/536/632
f 637/536/633 646/546/633 638/537/633
f 638/537/634 647/547/634 639/538/634
f 639/538/635 648/540/635 640/539/635
f 641/541/636 656/548/636 649/549/636
f 642/542/637 649/549/637 650/550/637
f 643/543/638 650/550/638 651/551/638
f 644/544/639 651/551/639 652/552/639
f 644/544/640 653/553/640 645/545/640
f 645/545/641 654/554/641 646/546/641
f 646/546/642 655/555/642 647/547/642
f 647/547/643 656/548/643 648/540/643
f 656/548/644 657/556/644 649/549/644
f 649/549/645 658/557/645 650/550/645
f 650/550/646 659/558/646 651/551/646
f 651/551/647 660/559/647 652/552/647
f 653/553/648 660/559/648 661/560/648
f 654/554/649 661/560/649 662/561/649
f 655/555/650 662/561/650 663/562/650
f 656/548/651 663/562/651 664/563/651
f 664/563/652 665/564/652 657/556/652
f 657/556/653 666/565/653 658/557/653
f 658/557/654 667/566/654 659/558/654
f 659/558/655 668/567/655 660/559/655
f 661/560/656 668/567/656 669/568/656
f 662/561/657 669/568/657 670/569/657
f 663/562/658 670/569/658 671/570/658
f 664/563/659 671/570/659 672/571/659
f 665/564/660 680/572/660 673/573/660
f 666/565/661 673/573/661 674/574/661
f 667/566/662 674/574/662 675/575/662
f 668/567/663 675/575/663 676/576/663
f 668/567/664 677/577/664 669/568/664
f 669/568/665 678/578/665 670/569/665
f 670/569/666 679/579/666 671/570/666
f 671/570/667 680/572/667 672/571/667
f 680/572/668 681/580/668 673/573/668
f 673/573/669 682/581/669 674/574/669
f 674/574/670 683/582/670 675/575/670
f 675/575/671 684/583/671 676/576/671
f 677/577/672 684/583/672 685/584/672
f 678/578/673 685/584/673 686/585/673
f 679/579/674 686/585/674 687/586/674
f 680/572/675 687/586/675 688/587/675
f 688/587/676 689/588/676 681/580/676
f 681/580/677 690/589/677 682/581/677
f 682/581/678 691/590/678 683/582/678
f 683/582/679 692/591/679 684/583/679
f 685/584/680 692/591/680 693/592/680
f 686/585/681 693/592/681 694/593/681
f 687/586/682 694/593/682 695/594/682
f 688/587/683 695/594/683 696/595/683
f 696/595/684 697/596/684 689/588/684
f 689/588/685 698/597/685 690/589/685
f 690/589/686 699/598/686 691/590/686
f 691/590/687 700/599/687 692/591/687
f 693/592/688 700/599/688 701/600/688
f 694/593/689 701/600/689 702/601/689
f 695/594/690 702/601/690 703/602/690
f 696/595/691 703/602/691 704/603/691
f 704/603/692 705/604/692 697/596/692
f 697/596/693 706/605/693 698/597/693
f 698/597/694 707/606/694 699/598/694
f 699/598/695 708/607/695 700/599/695
f 701/600/696 708/607/696 709/608/696
f 702/601/697 709/608/697 710/585/697
f 703/602/698 710/585/698 711/609/698
f 704/603/699 711/609/699 712/610/699
f 712/610/700 713/611/700 705/604/700
f 705/604/701 714/612/701 706/605/701
f 706/605/702 715/613/702 707/606/702
f 707/606/703 716/614/703 708/607/703
f 709/608/704 716/614/704 717/615/704
f 710/585/705 717/615/705 718/616/705
f 711/609/706 718/616/706 719/617/706
f 712/610/707 719/617/707 720/618/707
f 713/611/708 728/619/708 721/620/708
f 714/612/709 721/620/709 722/621/709
f 715/613/710 722/621/710 723/622/710
f 716/614/711 723/622/711 724/623/711
f 716/614/712 725/624/712 717/615/712
f 717/615/713 726/625/713 718/616/713
f 718/616/714 727/626/714 719/617/714
f 719/617/715 728/619/715 720/618/715
f 721/620/716 730/627/716 722/621/716
f 735/628/717 728/619/717 727/626/717
f 726/625/717 735/628/717 727/626/717
f 723/622/718 732/629/718 724/623/718
f 724/623/719 733/630/719 725/624/719
f 725/624/718 734/631/718 726/625/718
f 730/627/718 723/622/718 722/621/718
f 736/632/720 721/620/719 728/619/720
f 731/633/721 740/634/721 732/629/721
f 730/627/722 739/635/723 731/633/724
f 741/636/716 734/631/716 733/630/716
f 734/631/725 743/637/725 735/628/725
f 740/634/726 733/630/726 732/629/726
f 744/638/727 729/639/728 736/632/716
f 735/628/729 744/638/729 736/632/729
f 729/639/730 738/640/731 730/627/732
f 743/637/717 737/641/717 744/638/717
f 743/637/716 739/635/716 738/640/716
f 739/635/733 741/636/733 740/634/733
f 81/51/734 88/57/734 416/52/734
f 82/54/735 81/51/735 409/53/735
f 411/53/736 83/51/736 82/54/736
f 412/52/737 84/57/737 83/51/737
f 413/56/738 85/59/738 84/57/738
f 414/58/739 86/63/739 85/59/739
f 87/59/740 86/63/740 414/58/740
f 88/57/741 87/59/741 415/56/741
f 89/60/742 96/62/742 88/57/742
f 90/61/743 89/60/743 81/51/743
f 83/51/744 91/60/744 90/61/744
f 84/57/745 92/62/745 91/60/745
f 85/59/746 93/64/746 92/62/746
f 86/63/747 94/69/747 93/64/747
f 95/64/748 94/69/748 86/63/748
f 96/62/749 95/64/749 87/59/749
f 89/60/750 97/66/750 104/65/750
f 90/61/751 98/71/751 97/66/751
f 99/66/752 98/71/752 90/61/752
f 100/65/753 99/66/753 91/60/753
f 101/67/754 100/65/754 92/62/754
f 102/68/755 101/67/755 93/64/755
f 95/64/756 103/67/756 102/68/756
f 96/62/757 104/65/757 103/67/757
f 97/66/758 105/72/758 112/70/758
f 98/71/759 106/76/759 105/72/759
f 107/72/760 106/76/760 98/71/760
f 108/70/761 107/72/761 99/66/761
f 109/73/762 108/70/762 100/65/762
f 110/74/763 109/73/763 101/67/763
f 103/67/764 111/73/764 110/74/764
f 104/65/765 112/70/765 111/73/765
f 105/72/766 113/77/766 120/75/766
f 106/76/767 114/82/767 113/77/767
f 115/77/768 114/82/768 106/76/768
f 116/75/769 115/77/769 107/72/769
f 117/78/770 116/75/770 108/70/770
f 118/79/771 117/78/771 109/73/771
f 111/73/772 119/78/772 118/79/772
f 112/70/773 120/75/773 119/78/773
f 121/80/774 128/83/774 120/75/774
f 122/81/775 121/80/775 113/77/775
f 115/77/776 123/80/776 122/81/776
f 116/75/777 124/83/777 123/80/777
f 117/78/778 125/84/778 124/83/778
f 118/79/779 126/88/779 125/84/779
f 127/84/780 126/88/780 118/79/780
f 128/83/781 127/84/781 119/78/781
f 129/85/782 136/87/782 128/83/782
f 130/86/783 129/85/783 121/80/783
f 123/80/784 131/85/785 130/86/785
f 124/83/786 132/87/786 131/85/786
f 125/84/787 133/89/787 132/87/787
f 126/88/788 134/93/788 133/89/788
f 135/89/789 134/93/789 126/88/789
f 136/87/790 135/89/790 127/84/790
f 137/90/791 144/92/791 136/87/791
f 138/91/792 137/90/792 129/85/792
f 131/85/793 139/90/793 138/91/793
f 132/87/794 140/92/794 139/90/794
f 133/89/795 141/94/795 140/92/795
f 134/93/796 142/98/796 141/94/796
f 143/94/797 142/98/797 134/93/797
f 144/92/798 143/94/798 135/89/798
f 145/95/799 152/97/799 144/92/799
f 146/96/800 145/95/800 137/90/800
f 139/90/801 147/95/801 146/96/801
f 140/92/802 148/97/802 147/95/802
f 141/94/803 149/99/803 148/97/803
f 142/98/804 150/103/804 149/99/804
f 151/99/805 150/103/805 142/98/805
f 152/97/806 151/99/806 143/94/806
f 153/100/807 160/102/807 152/97/807
f 154/101/808 153/100/808 145/95/808
f 147/95/809 155/100/809 154/101/809
f 148/97/810 156/102/810 155/100/810
f 149/99/811 157/104/811 156/102/811
f 150/103/812 158/109/812 157/104/812
f 159/104/813 158/109/813 150/103/813
f 160/102/814 159/104/814 151/99/814
f 153/100/815 161/106/815 168/105/815
f 154/101/816 162/111/816 161/106/816
f 163/106/817 162/111/817 154/101/817
f 164/105/818 163/106/818 155/100/818
f 165/107/819 164/105/819 156/102/819
f 166/108/820 165/107/820 157/104/820
f 159/104/821 167/107/821 166/108/821
f 160/102/822 168/105/822 167/107/822
f 161/106/823 169/112/823 176/110/823
f 162/111/824 170/118/824 169/112/824
f 171/113/825 170/118/825 162/111/825
f 172/110/826 171/113/826 163/106/826
f 173/114/827 172/110/827 164/105/827
f 174/115/828 173/114/828 165/107/828
f 167/107/829 175/116/829 174/115/829
f 168/105/830 176/110/830 175/116/830
f 169/112/831 177/119/831 184/117/831
f 170/118/832 178/127/832 177/119/832
f 179/120/833 178/127/833 170/118/833
f 180/121/834 179/120/834 171/113/834
f 181/122/835 180/121/835 172/110/835
f 182/123/836 181/122/836 173/114/836
f 175/116/170 183/124/170 182/123/170
f 176/110/837 184/117/837 183/124/837
f 185/125/838 192/132/838 184/117/838
f 186/126/839 185/125/839 177/119/839
f 179/120/840 187/128/840 186/126/840
f 180/121/841 188/129/841 187/128/841
f 181/122/842 189/130/842 188/129/842
f 182/123/843 190/137/843 189/130/843
f 191/131/178 190/137/178 182/123/178
f 192/132/179 191/131/179 183/124/179
f 193/133/844 200/140/844 192/132/844
f 194/134/181 193/133/181 185/125/181
f 187/128/845 195/135/845 194/134/845
f 188/129/183 196/136/183 195/135/183
f 189/130/184 197/138/184 196/136/184
f 190/137/846 198/145/846 197/138/846
f 199/139/847 198/145/847 190/137/847
f 200/140/848 199/139/848 191/131/848
f 201/141/849 208/148/849 200/140/849
f 202/142/850 201/141/850 193/133/850
f 203/143/190 202/142/190 194/134/190
f 196/136/191 204/144/191 203/143/191
f 197/138/851 205/146/851 204/144/851
f 198/145/852 206/147/852 205/146/852
f 199/139/853 207/154/853 206/147/853
f 208/148/195 207/154/195 199/139/195
f 209/149/196 216/158/196 208/148/196
f 210/150/854 209/149/854 201/141/854
f 211/151/855 210/150/855 202/142/855
f 212/152/856 211/151/856 203/143/856
f 205/146/857 213/153/857 212/152/857
f 206/147/201 214/155/201 213/153/201
f 207/154/858 215/156/858 214/155/858
f 208/148/203 216/158/203 215/156/203
f 209/149/204 217/159/204 224/157/204
f 210/150/859 218/166/859 217/159/859
f 219/160/860 218/166/860 210/150/860
f 220/161/861 219/160/861 211/151/861
f 221/162/862 220/161/862 212/152/862
f 222/163/863 221/162/863 213/153/863
f 215/156/210 223/164/210 222/163/210
f 216/158/211 224/157/211 223/164/211
f 217/159/864 225/167/864 232/165/864
f 218/166/865 226/168/865 225/167/865
f 219/160/866 227/169/866 226/168/866
f 220/161/867 228/175/867 227/169/867
f 229/170/868 228/175/868 220/161/868
f 230/171/869 229/170/869 221/162/869
f 231/172/870 230/171/870 222/163/870
f 232/165/871 231/172/871 223/164/871
f 233/173/872 240/180/872 232/165/872
f 226/168/873 234/174/873 233/173/873
f 227/169/874 235/176/874 234/174/874
f 228/175/875 236/177/875 235/176/875
f 229/170/224 237/185/224 236/177/224
f 238/178/876 237/185/876 229/170/876
f 239/179/877 238/178/877 230/171/877
f 240/180/878 239/179/878 231/172/878
f 241/181/228 248/190/228 240/180/228
f 242/182/879 241/181/879 233/173/879
f 243/183/880 242/182/880 234/174/880
f 244/184/881 243/183/881 235/176/881
f 237/185/232 245/186/232 244/184/232
f 238/178/882 246/187/882 245/186/882
f 239/179/883 247/188/883 246/187/883
f 240/180/884 248/190/884 247/188/884
f 249/189/885 256/198/885 248/190/885
f 250/191/886 249/189/886 241/181/886
f 251/192/887 250/191/887 242/182/887
f 252/193/888 251/192/888 243/183/888
f 245/186/889 253/194/889 252/193/889
f 246/187/890 254/195/890 253/194/890
f 247/188/891 255/196/891 254/195/891
f 248/190/892 256/198/892 255/196/892
f 257/197/893 264/206/893 256/198/893
f 258/199/894 257/197/894 249/189/894
f 259/200/895 258/199/895 250/191/895
f 260/201/896 259/200/896 251/192/896
f 253/194/897 261/202/897 260/201/897
f 254/195/898 262/203/898 261/202/898
f 255/196/899 263/204/899 262/203/899
f 256/198/900 264/206/900 263/204/900
f 265/205/901 272/214/901 264/206/901
f 266/207/902 265/205/902 257/197/902
f 267/208/903 266/207/903 258/199/903
f 268/209/904 267/208/904 259/200/904
f 261/202/905 269/210/905 268/209/905
f 262/203/906 270/211/906 269/210/906
f 263/204/907 271/212/907 270/211/907
f 264/206/908 272/214/908 271/212/908
f 265/205/909 273/215/909 280/213/909
f 266/207/910 274/216/910 273/215/910
f 267/208/911 275/217/911 274/216/911
f 268/209/912 276/224/912 275/217/912
f 277/218/913 276/224/913 268/209/913
f 278/219/914 277/218/914 269/210/914
f 279/220/915 278/219/915 270/211/915
f 280/213/916 279/220/916 271/212/916
f 273/215/917 281/222/917 288/221/917
f 274/216/918 282/223/918 281/222/918
f 275/217/919 283/225/919 282/223/919
f 276/224/920 284/233/920 283/225/920
f 285/226/921 284/233/921 276/224/921
f 286/227/922 285/226/922 277/218/922
f 287/228/923 286/227/923 278/219/923
f 288/221/924 287/228/924 279/220/924
f 289/229/925 296/238/925 288/221/925
f 290/230/926 289/229/926 281/222/926
f 291/231/927 290/230/927 282/223/927
f 292/232/928 291/231/928 283/225/928
f 285/226/929 293/234/929 292/232/929
f 286/227/930 294/235/930 293/234/930
f 287/228/931 295/236/931 294/235/931
f 288/221/932 296/238/932 295/236/932
f 297/237/933 304/246/933 296/238/933
f 298/239/934 297/237/934 289/229/934
f 299/240/935 298/239/935 290/230/935
f 300/241/936 299/240/936 291/231/936
f 293/234/937 301/242/937 300/241/937
f 294/235/938 302/243/938 301/242/938
f 295/236/939 303/244/939 302/243/939
f 296/238/940 304/246/940 303/244/940
f 297/237/941 305/247/941 312/245/941
f 298/239/942 306/248/942 305/247/942
f 299/240/943 307/249/943 306/248/943
f 300/241/944 308/256/944 307/249/944
f 309/250/945 308/256/945 300/241/945
f 310/251/946 309/250/946 301/242/946
f 311/252/947 310/251/947 302/243/947
f 312/245/948 311/252/948 303/244/948
f 305/247/949 313/254/949 320/253/949
f 306/248/950 314/255/950 313/254/950
f 307/249/951 315/257/951 314/255/951
f 308/256/952 316/265/952 315/257/952
f 317/258/953 316/265/953 308/256/953
f 318/259/954 317/258/954 309/250/954
f 319/260/955 318/259/955 310/251/955
f 320/253/956 319/260/956 311/252/956
f 321/261/957 328/270/957 320/253/957
f 322/262/958 321/261/958 313/254/958
f 323/263/959 322/262/959 314/255/959
f 324/264/960 323/263/960 315/257/960
f 317/258/961 325/266/961 324/264/961
f 318/259/962 326/267/962 325/266/962
f 319/260/963 327/268/963 326/267/963
f 320/253/964 328/270/964 327/268/964
f 329/269/965 336/278/965 328/270/965
f 330/271/966 329/269/966 321/261/966
f 331/272/967 330/271/967 322/262/967
f 332/273/968 331/272/968 323/263/968
f 325/266/969 333/274/969 332/273/969
f 326/267/970 334/275/970 333/274/970
f 327/268/971 335/276/971 334/275/971
f 328/270/972 336/278/972 335/276/972
f 329/269/973 337/279/973 344/277/973
f 330/271/974 338/280/974 337/279/974
f 331/272/975 339/281/975 338/280/975
f 332/273/976 340/289/976 339/281/976
f 341/282/977 340/289/977 332/273/977
f 342/283/978 341/282/978 333/274/978
f 343/284/979 342/283/979 334/275/979
f 344/277/980 343/284/980 335/276/980
f 345/285/981 352/294/981 344/277/981
f 346/286/982 345/285/982 337/279/982
f 347/287/334 346/286/334 338/280/334
f 348/288/983 347/287/983 339/281/983
f 341/282/984 349/290/984 348/288/984
f 342/283/985 350/291/985 349/290/985
f 343/284/986 351/292/986 350/291/986
f 344/277/987 352/294/987 351/292/987
f 353/293/988 360/302/988 352/294/988
f 354/295/989 353/293/989 345/285/989
f 355/296/990 354/295/990 346/286/990
f 356/297/991 355/296/991 347/287/991
f 349/290/992 357/298/992 356/297/992
f 350/291/993 358/299/993 357/298/993
f 351/292/994 359/300/994 358/299/994
f 352/294/995 360/302/995 359/300/995
f 361/301/996 368/310/996 360/302/996
f 362/303/997 361/301/997 353/293/997
f 363/304/998 362/303/998 354/295/998
f 364/305/999 363/304/1000 355/296/1000
f 357/298/1001 365/306/1001 364/305/1001
f 358/299/1002 366/307/1002 365/306/1002
f 359/300/1003 367/308/1003 366/307/1003
f 360/302/1004 368/310/1004 367/308/1004
f 369/309/1005 376/318/1005 368/310/1005
f 370/311/1006 369/309/1006 361/301/1006
f 371/312/1007 370/311/1007 362/303/1007
f 372/313/1008 371/312/1008 363/304/1008
f 365/306/1009 373/314/1009 372/313/1009
f 366/307/1010 374/315/1010 373/314/1010
f 367/308/1011 375/316/1011 374/315/1011
f 368/310/1012 376/318/1012 375/316/1012
f 377/317/1013 384/326/1013 376/318/1013
f 378/319/1014 377/317/1014 369/309/1014
f 379/320/1015 378/319/1015 370/311/1015
f 380/321/1016 379/320/1016 371/312/1016
f 373/314/1017 381/322/1017 380/321/1017
f 374/315/1018 382/323/1018 381/322/1018
f 375/316/1019 383/324/1019 382/323/1019
f 376/318/1020 384/326/1020 383/324/1020
f 377/317/1021 385/327/1021 392/325/1021
f 378/319/1022 386/328/1022 385/327/1022
f 379/320/1023 387/329/1023 386/328/1023
f 380/321/1024 388/336/1024 387/329/1024
f 389/330/1025 388/336/1025 380/321/1025
f 390/331/1026 389/330/1026 381/322/1026
f 391/332/1027 390/331/1027 382/323/1027
f 392/325/1028 391/332/1028 383/324/1028
f 386/328/1029 394/340/1030 393/333/1031
f 392/325/1032 400/341/1032 399/334/1032
f 390/331/390 391/332/390 399/334/390
f 388/336/387 396/338/387 395/337/387
f 389/330/394 397/339/394 396/338/394
f 389/330/388 390/331/388 398/335/388
f 387/329/1033 395/337/1033 394/340/1033
f 385/327/1034 393/333/1034 400/341/1034
f 395/337/390 396/338/390 404/342/390
f 394/340/1035 395/337/1035 403/343/1035
f 397/339/1036 398/335/1036 406/345/1036
f 398/335/1037 399/334/1037 407/347/1037
f 397/339/399 405/346/1038 404/342/1039
f 400/341/388 393/333/388 401/348/388
f 400/341/1029 408/349/1029 407/347/1029
f 394/340/399 402/344/399 401/348/399
f 408/349/1040 401/348/1040 402/344/1040
f 402/344/388 403/343/388 406/345/388
f 403/343/1032 404/342/1032 405/346/1032
f 416/52/1041 424/352/1041 417/350/1041
f 409/53/1042 417/350/1042 418/351/1042
f 411/53/1043 410/55/1043 418/351/1043
f 412/52/1044 411/53/1044 419/350/1044
f 413/56/1045 412/52/1045 420/352/1045
f 414/58/1046 413/56/1046 421/353/1046
f 414/58/1047 422/354/1047 423/353/1047
f 415/56/1048 423/353/1048 424/352/1048
f 424/352/1049 432/357/1049 425/355/1049
f 417/350/1050 425/355/1050 426/356/1050
f 419/350/1051 418/351/1051 426/356/1051
f 420/352/1052 419/350/1052 427/355/1052
f 421/353/1053 420/352/1053 428/357/1053
f 422/354/1054 421/353/1054 429/358/1055
f 422/354/1056 430/359/1057 431/358/1057
f 423/353/1058 431/358/1058 432/357/1058
f 425/355/1059 432/357/1059 440/360/1059
f 426/356/1060 425/355/1060 433/361/1060
f 426/356/1061 434/362/1061 435/361/1061
f 427/355/1062 435/361/1062 436/360/1062
f 428/357/1063 436/360/1063 437/363/1063
f 429/358/1064 437/363/1064 438/364/1064
f 431/358/1065 430/359/1065 438/364/1065
f 432/357/1066 431/358/1066 439/363/1066
f 433/361/1067 440/360/1067 448/365/1067
f 434/362/1068 433/361/1068 441/366/1068
f 434/362/1069 442/367/1069 443/366/1069
f 435/361/1070 443/366/1070 444/365/1070
f 436/360/1071 444/365/1071 445/368/1071
f 437/363/1072 445/368/1072 446/369/1072
f 439/363/1073 438/364/1073 446/369/1073
f 440/360/1074 439/363/1074 447/368/1074
f 441/366/1075 448/365/1075 456/370/1075
f 442/367/1076 441/366/1076 449/371/1076
f 442/367/1077 450/372/1077 451/371/1077
f 443/366/1078 451/371/1078 452/370/1078
f 444/365/1079 452/370/1079 453/373/1079
f 445/368/1080 453/373/1080 454/374/1080
f 447/368/1081 446/369/1081 454/374/1081
f 448/365/1082 447/368/1082 455/373/1082
f 456/370/1083 464/377/1083 457/375/1083
f 449/371/1084 457/375/1084 458/376/1084
f 451/371/1085 450/372/1085 458/376/1085
f 452/370/1086 451/371/1086 459/375/1086
f 453/373/1087 452/370/1087 460/377/1087
f 454/374/1088 453/373/1088 461/378/1088
f 454/374/1089 462/379/1089 463/378/1089
f 455/373/1090 463/378/1090 464/377/1090
f 464/377/1091 472/382/1091 465/380/1091
f 457/375/1092 465/380/1092 466/381/1092
f 459/375/1093 458/376/1093 466/381/1093
f 460/377/1094 459/375/1094 467/380/1094
f 461/378/1095 460/377/1095 468/382/1095
f 462/379/1096 461/378/1096 469/383/1096
f 462/379/1097 470/384/1097 471/383/1097
f 463/378/1098 471/383/1098 472/382/1098
f 472/382/1099 480/387/1099 473/385/1099
f 465/380/1100 473/385/1100 474/386/1100
f 467/380/1101 466/381/1101 474/386/1101
f 468/382/1102 467/380/1102 475/385/1102
f 469/383/1103 468/382/1103 476/387/1103
f 470/384/1104 469/383/1104 477/388/1104
f 470/384/1105 478/389/1105 479/388/1105
f 471/383/1106 479/388/1106 480/387/1106
f 480/387/1107 488/392/1107 481/390/1107
f 473/385/1108 481/390/1108 482/391/1108
f 475/385/1109 474/386/1109 482/391/1109
f 476/387/1110 475/385/1110 483/390/1110
f 477/388/1111 476/387/1111 484/392/1111
f 478/389/1112 477/388/1112 485/393/1112
f 478/389/1113 486/394/1113 487/393/1113
f 479/388/1114 487/393/1114 488/392/1114
f 488/392/1115 496/397/1115 489/395/1115
f 481/390/1116 489/395/1116 490/396/1116
f 483/390/1117 482/391/1117 490/396/1117
f 484/392/1118 483/390/1118 491/395/1118
f 485/393/1119 484/392/1119 492/397/1119
f 486/394/1120 485/393/1120 493/398/1120
f 486/394/1121 494/399/1121 495/398/1121
f 487/393/1122 495/398/1122 496/397/1122
f 489/395/1123 496/397/1123 504/400/1123
f 490/396/1124 489/395/1124 497/401/1124
f 490/396/1125 498/402/1125 499/401/1125
f 491/395/1126 499/401/1126 500/400/1126
f 492/397/1127 500/400/1127 501/403/1127
f 493/398/1128 501/403/1128 502/404/1128
f 495/398/1129 494/399/1129 502/404/1129
f 496/397/1130 495/398/1130 503/403/1130
f 497/401/1131 504/400/1131 512/405/1131
f 498/402/1132 497/401/1132 505/406/1132
f 498/402/1133 506/407/1133 507/408/1133
f 499/401/1134 507/408/1134 508/405/1134
f 500/400/1135 508/405/1135 509/409/1135
f 501/403/1136 509/409/1136 510/410/1136
f 503/403/1137 502/404/1137 510/410/1137
f 504/400/1138 503/403/1138 511/411/1138
f 505/406/1139 512/405/1139 520/412/1139
f 506/407/1140 505/406/1140 513/413/1140
f 506/407/1141 514/414/1141 515/415/1141
f 507/408/1142 515/415/1142 516/416/1142
f 508/405/1143 516/416/1143 517/417/1143
f 509/409/1144 517/417/1144 518/418/1144
f 511/411/506 510/410/506 518/418/506
f 512/405/507 511/411/507 519/419/507
f 520/412/1145 528/427/1145 521/420/1145
f 513/413/509 521/420/509 522/421/509
f 515/415/1146 514/414/1146 522/421/1146
f 516/416/1147 515/415/1147 523/422/1147
f 517/417/1148 516/416/1148 524/423/1148
f 518/418/1149 517/417/1149 525/424/1149
f 518/418/514 526/425/514 527/426/514
f 519/419/515 527/426/515 528/427/515
f 528/427/1150 536/435/1150 529/428/1150
f 521/420/1151 529/428/1151 530/429/1151
f 523/422/518 522/421/518 530/429/518
f 524/423/519 523/422/519 531/430/519
f 525/424/520 524/423/520 532/431/520
f 526/425/1152 525/424/1152 533/432/1152
f 526/425/1153 534/433/1153 535/434/1153
f 527/426/523 535/434/523 536/435/523
f 536/435/524 544/443/524 537/436/524
f 529/428/525 537/436/525 538/437/525
f 530/429/1154 538/437/1154 539/438/1154
f 532/431/527 531/430/527 539/438/527
f 533/432/528 532/431/528 540/439/528
f 534/433/1155 533/432/1155 541/440/1155
f 535/434/1156 534/433/1156 542/441/1156
f 535/434/531 543/442/531 544/443/531
f 544/443/532 552/451/532 545/444/532
f 537/436/533 545/444/533 546/445/533
f 538/437/1157 546/445/1157 547/446/1157
f 539/438/1158 547/446/1158 548/447/1158
f 541/440/1159 540/439/1159 548/447/1159
f 542/441/537 541/440/537 549/448/537
f 543/442/1160 542/441/1160 550/449/1160
f 544/443/539 543/442/539 551/450/539
f 545/444/540 552/451/540 560/452/540
f 546/445/1161 545/444/1161 553/453/1161
f 546/445/1162 554/454/1162 555/455/1162
f 547/446/1163 555/455/1163 556/456/1163
f 548/447/544 556/456/544 557/457/544
f 549/448/545 557/457/545 558/458/545
f 551/450/546 550/449/546 558/458/546
f 552/451/1164 551/450/1164 559/459/1164
f 553/453/1165 560/452/1165 568/460/1165
f 554/454/1166 553/453/1166 561/461/1166
f 555/455/1167 554/454/1167 562/462/1167
f 556/456/1168 555/455/1168 563/463/1168
f 556/456/1169 564/464/1169 565/465/1169
f 557/457/1170 565/465/1170 566/466/1170
f 558/458/1171 566/466/1171 567/467/1171
f 559/459/1172 567/467/1172 568/460/1172
f 568/460/1173 576/475/1173 569/468/1173
f 562/462/1174 561/461/1174 569/468/1174
f 563/463/1175 562/462/1175 570/469/1175
f 564/464/1176 563/463/1176 571/470/1176
f 565/465/560 564/464/560 572/471/560
f 565/465/1177 573/472/1177 574/473/1177
f 566/466/1178 574/473/1178 575/474/1178
f 567/467/1179 575/474/1179 576/475/1179
f 576/475/1180 584/483/1180 577/476/1180
f 569/468/1181 577/476/1181 578/477/1181
f 570/469/1182 578/477/1182 579/478/1182
f 571/470/1183 579/478/1183 580/479/1183
f 573/472/1184 572/471/1184 580/479/1184
f 574/473/1185 573/472/1185 581/480/1185
f 575/474/1186 574/473/1186 582/481/1186
f 576/475/1187 575/474/1187 583/482/1187
f 584/483/1188 592/491/1188 585/484/1188
f 577/476/1189 585/484/1189 586/485/1189
f 578/477/1190 586/485/1190 587/486/1190
f 579/478/1191 587/486/1191 588/487/1191
f 581/480/1192 580/479/1192 588/487/1192
f 582/481/1193 581/480/1193 589/488/1193
f 583/482/1194 582/481/1194 590/489/1194
f 584/483/1195 583/482/1195 591/490/1195
f 592/491/1196 600/499/1196 593/492/1196
f 585/484/1197 593/492/1197 594/493/1197
f 586/485/1198 594/493/1198 595/494/1198
f 587/486/1199 595/494/1199 596/495/1199
f 589/488/1200 588/487/1200 596/495/1200
f 590/489/1201 589/488/1201 597/496/1201
f 591/490/1202 590/489/1202 598/497/1202
f 592/491/1203 591/490/1203 599/498/1203
f 600/499/1204 608/507/1204 601/500/1204
f 593/492/1205 601/500/1205 602/501/1205
f 594/493/1206 602/501/1206 603/502/1206
f 595/494/1207 603/502/1207 604/503/1207
f 597/496/1208 596/495/1208 604/503/1208
f 598/497/1209 597/496/1209 605/504/1209
f 599/498/1210 598/497/1210 606/505/1210
f 600/499/1211 599/498/1211 607/506/1211
f 601/500/1212 608/507/1212 616/508/1212
f 602/501/1213 601/500/1213 609/509/1213
f 603/502/1214 602/501/1214 610/510/1214
f 604/503/1215 603/502/1215 611/511/1215
f 604/503/1216 612/512/1216 613/513/1216
f 605/504/1217 613/513/1217 614/514/1217
f 606/505/1218 614/514/1218 615/515/1218
f 607/506/1219 615/515/1219 616/508/1219
f 609/509/1220 616/508/1220 624/516/1220
f 610/510/1221 609/509/1221 617/517/1221
f 611/511/1222 610/510/1222 618/518/1222
f 612/512/1223 611/511/1223 619/519/1223
f 612/512/1224 620/520/1224 621/521/1224
f 613/513/1225 621/521/1225 622/522/1225
f 614/514/1226 622/522/1226 623/523/1226
f 615/515/1227 623/523/1227 624/516/1227
f 624/516/1228 632/531/1228 625/524/1228
f 617/517/1229 625/524/1229 626/525/1229
f 618/518/1230 626/525/1230 627/526/1230
f 619/519/1231 627/526/1231 628/527/1231
f 621/521/1232 620/520/1232 628/527/1232
f 622/522/1233 621/521/1233 629/528/1233
f 623/523/1234 622/522/1234 630/529/1234
f 624/516/1235 623/523/1235 631/530/1235
f 632/531/1236 640/539/1236 633/532/1236
f 625/524/1237 633/532/1237 634/533/1237
f 626/525/1238 634/533/1238 635/534/1238
f 627/526/1239 635/534/1239 636/535/1239
f 629/528/1240 628/527/1240 636/535/1240
f 630/529/1241 629/528/1241 637/536/1241
f 631/530/1242 630/529/1242 638/537/1242
f 632/531/1243 631/530/1243 639/538/1243
f 633/532/1244 640/539/1244 648/540/1244
f 634/533/1245 633/532/1245 641/541/1245
f 635/534/1246 634/533/1246 642/542/1246
f 636/535/1247 635/534/1247 643/543/1247
f 636/535/1248 644/544/1248 645/545/1248
f 637/536/1249 645/545/1249 646/546/1249
f 638/537/1250 646/546/1250 647/547/1250
f 639/538/1251 647/547/1251 648/540/1251
f 641/541/1252 648/540/1252 656/548/1252
f 642/542/1253 641/541/1253 649/549/1253
f 643/543/1254 642/542/1254 650/550/1254
f 644/544/1255 643/543/1255 651/551/1255
f 644/544/1256 652/552/1256 653/553/1256
f 645/545/1257 653/553/1257 654/554/1257
f 646/546/1258 654/554/1258 655/555/1258
f 647/547/1259 655/555/1259 656/548/1259
f 656/548/1260 664/563/1260 657/556/1260
f 649/549/1261 657/556/1261 658/557/1261
f 650/550/1262 658/557/1262 659/558/1262
f 651/551/1263 659/558/1263 660/559/1263
f 653/553/1264 652/552/1264 660/559/1264
f 654/554/1265 653/553/1265 661/560/1265
f 655/555/1266 654/554/1266 662/561/1266
f 656/548/1267 655/555/1267 663/562/1267
f 664/563/1268 672/571/1268 665/564/1268
f 657/556/1269 665/564/1269 666/565/1269
f 658/557/1270 666/565/1270 667/566/1270
f 659/558/1271 667/566/1271 668/567/1271
f 661/560/1272 660/559/1272 668/567/1272
f 662/561/1273 661/560/1273 669/568/1273
f 663/562/1274 662/561/1274 670/569/1274
f 664/563/1275 663/562/1275 671/570/1275
f 665/564/1276 672/571/1276 680/572/1276
f 666/565/1277 665/564/1277 673/573/1277
f 667/566/1278 666/565/1278 674/574/1278
f 668/567/1279 667/566/1279 675/575/1279
f 668/567/1280 676/576/1280 677/577/1280
f 669/568/1281 677/577/1281 678/578/1281
f 670/569/1282 678/578/1282 679/579/1282
f 671/570/1283 679/579/1283 680/572/1283
f 680/572/1284 688/587/1284 681/580/1284
f 673/573/1285 681/580/1285 682/581/1285
f 674/574/670 682/581/670 683/582/670
f 675/575/1286 683/582/1286 684/583/1286
f 677/577/1287 676/576/1287 684/583/1287
f 678/578/1288 677/577/1288 685/584/1288
f 679/579/674 678/578/674 686/585/674
f 680/572/1289 679/579/1289 687/586/1289
f 688/587/1290 696/595/1290 689/588/1290
f 681/580/1291 689/588/1291 690/589/1291
f 682/581/1292 690/589/1292 691/590/1292
f 683/582/1293 691/590/1293 692/591/1293
f 685/584/1294 684/583/1294 692/591/1294
f 686/585/1295 685/584/1295 693/592/1295
f 687/586/1296 686/585/1296 694/593/1296
f 688/587/1297 687/586/1297 695/594/1297
f 696/595/1298 704/603/1298 697/596/1298
f 689/588/1299 697/596/1299 698/597/1299
f 690/589/1300 698/597/1300 699/598/1300
f 691/590/1301 699/598/1301 700/599/1301
f 693/592/1302 692/591/1302 700/599/1302
f 694/593/1303 693/592/1303 701/600/1303
f 695/594/1304 694/593/1304 702/601/1304
f 696/595/1305 695/594/1305 703/602/1305
f 704/603/1306 712/610/1306 705/604/1306
f 697/596/1307 705/604/1307 706/605/1307
f 698/597/1308 706/605/1308 707/606/1308
f 699/598/1309 707/606/1309 708/607/1309
f 701/600/1310 700/599/1310 708/607/1310
f 702/601/1311 701/600/1311 709/608/1311
f 703/602/1312 702/601/1312 710/585/1312
f 704/603/1313 703/602/1313 711/609/1313
f 712/610/1314 720/618/1314 713/611/1314
f 705/604/1315 713/611/1315 714/612/1315
f 706/605/1316 714/612/1316 715/613/1316
f 707/606/1317 715/613/1317 716/614/1317
f 709/608/1318 708/607/1318 716/614/1318
f 710/585/1319 709/608/1319 717/615/1319
f 711/609/1320 710/585/1320 718/616/1320
f 712/610/1321 711/609/1321 719/617/1321
f 713/611/1322 720/618/1322 728/619/1322
f 714/612/1323 713/611/1323 721/620/1323
f 715/613/1324 714/612/1324 722/621/1324
f 716/614/1325 715/613/1325 723/622/1325
f 716/614/1326 724/623/1326 725/624/1326
f 717/615/1327 725/624/1327 726/625/1327
f 718/616/1328 726/625/1328 727/626/1328
f 719/617/1329 727/626/1329 728/619/1329
f 721/620/716 729/639/716 730/627/716
f 735/628/1330 736/632/1330 728/619/1330
f 726/625/716 734/631/716 735/628/716
f 723/622/718 731/633/718 732/629/718
f 724/623/720 732/629/720 733/630/720
f 725/624/1331 733/630/1331 734/631/1331
f 730/627/1332 731/633/1332 723/622/1332
f 736/632/1333 729/639/729 721/620/1334
f 731/633/725 739/635/725 740/634/725
f 730/627/731 738/640/1335 739/635/1336
f 741/636/733 742/642/733 734/631/733
f 734/631/717 742/642/717 743/637/717
f 740/634/733 741/636/733 733/630/733
f 744/638/1337 737/641/718 729/639/718
f 735/628/725 743/637/725 744/638/725
f 729/639/726 737/641/726 738/640/1338
f 743/637/716 738/640/716 737/641/716
f 743/637/718 742/642/718 739/635/718
f 739/635/716 742/642/716 741/636/716
o Lantern_Hand_CUNurbsPath.001
v -1.192443 0.344695 0.025489
v -1.192050 0.355231 0.000033
v -1.192443 0.344695 -0.025423
v -1.193392 0.319257 -0.035967
v -1.194341 0.293818 -0.025423
v -1.194734 0.283282 0.000033
v -1.194341 0.293818 0.025489
v -1.193392 0.319257 0.036033
v -1.296946 0.362492 0.025489
v -1.293101 0.372310 0.000033
v -1.296946 0.362492 -0.025423
v -1.306229 0.338789 -0.035967
v -1.315512 0.315086 -0.025423
v -1.319357 0.305268 0.000033
v -1.315512 0.315086 0.025489
v -1.306229 0.338789 0.036033
v -1.345240 0.393881 0.025489
v -1.337955 0.401503 0.000033
v -1.345240 0.393881 -0.025423
v -1.362829 0.375479 -0.035967
v -1.380417 0.357076 -0.025423
v -1.387703 0.349454 0.000033
v -1.380417 0.357076 0.025489
v -1.362829 0.375479 0.036033
v -1.372717 0.432667 0.025489
v -1.363354 0.437516 0.000033
v -1.372717 0.432667 -0.025423
v -1.395320 0.420958 -0.035967
v -1.417923 0.409249 -0.025423
v -1.427286 0.404399 0.000033
v -1.417923 0.409249 0.025489
v -1.395320 0.420958 0.036033
v -1.389164 0.480238 0.025489
v -1.378916 0.482720 0.000033
v -1.389164 0.480238 -0.025423
v -1.413905 0.474247 -0.035967
v -1.438645 0.468256 -0.025423
v -1.448894 0.465775 0.000033
v -1.438645 0.468256 0.025489
v -1.413905 0.474247 0.036033
v -1.397224 0.538226 0.025489
v -1.386720 0.539143 0.000033
v -1.397224 0.538226 -0.025423
v -1.422583 0.536011 -0.035967
v -1.447942 0.533796 -0.025423
v -1.458447 0.532879 0.000033
v -1.447942 0.533796 0.025489
v -1.422583 0.536011 0.036033
v -1.399567 0.606651 0.025489
v -1.389023 0.606772 0.000033
v -1.399567 0.606651 -0.025423
v -1.425021 0.606359 -0.035967
v -1.450475 0.606068 -0.025423
v -1.461018 0.605947 0.000033
v -1.450475 0.606068 0.025489
v -1.425021 0.606359 0.036033
v -1.398661 0.683568 0.025489
v -1.388119 0.683324 0.000033
v -1.398661 0.683568 -0.025423
v -1.424110 0.684156 -0.035967
v -1.449559 0.684744 -0.025423
v -1.460100 0.684988 0.000033
v -1.449559 0.684744 0.025489
v -1.424110 0.684156 0.036033
v -1.395848 0.765030 0.025489
v -1.385315 0.764552 0.000033
v -1.395848 0.765030 -0.025423
v -1.421278 0.766184 -0.035967
v -1.446707 0.767338 -0.025423
v -1.457241 0.767816 0.000033
v -1.446707 0.767338 0.025489
v -1.421278 0.766184 0.036033
v -1.391302 0.845862 0.025489
v -1.380782 0.845150 0.000033
v -1.391302 0.845862 -0.025423
v -1.416700 0.847580 -0.035967
v -1.442098 0.849299 -0.025423
v -1.452618 0.850011 0.000033
v -1.442098 0.849299 0.025489
v -1.416700 0.847580 0.036033
v -1.385276 0.922038 0.025489
v -1.374771 0.921126 0.000033
v -1.385276 0.922038 -0.025423
v -1.410636 0.924238 -0.035967
v -1.435997 0.926439 -0.025423
v -1.446501 0.927350 0.000033
v -1.435997 0.926439 0.025489
v -1.410636 0.924238 0.036033
v -1.378711 0.991531 0.025489
v -1.368215 0.990527 0.000033
v -1.378711 0.991531 -0.025423
v -1.404051 0.993955 -0.035967
v -1.429391 0.996379 -0.025423
v -1.439887 0.997383 0.000033
v -1.429391 0.996379 0.025489
v -1.404051 0.993955 0.036033
v -1.372693 1.053660 0.025489
v -1.362197 1.052653 0.000033
v -1.372693 1.053660 -0.025423
v -1.398033 1.056090 -0.035967
v -1.423373 1.058520 -0.025423
v -1.433869 1.059526 0.000033
v -1.423373 1.058520 0.025489
v -1.398033 1.056090 0.036033
v -1.367494 1.108426 0.025489
v -1.357002 1.107377 0.000033
v -1.367494 1.108426 -0.025423
v -1.392824 1.110959 -0.035967
v -1.418153 1.113491 -0.025423
v -1.428645 1.114540 0.000033
v -1.418153 1.113491 0.025489
v -1.392824 1.110959 0.036033
v -1.362469 1.156324 0.025489
v -1.352007 1.155011 0.000033
v -1.362469 1.156324 -0.025423
v -1.387726 1.159496 -0.035967
v -1.412983 1.162668 -0.025423
v -1.423445 1.163982 0.000033
v -1.412983 1.162668 0.025489
v -1.387726 1.159496 0.036033
v -1.356562 1.196896 0.025489
v -1.346220 1.194843 0.000033
v -1.356562 1.196896 -0.025423
v -1.381531 1.201852 -0.035967
v -1.406500 1.206809 -0.025423
v -1.416842 1.208862 0.000033
v -1.406500 1.206809 0.025489
v -1.381531 1.201852 0.036033
v -1.348930 1.227690 0.025489
v -1.339047 1.224016 0.000033
v -1.348930 1.227690 -0.025423
v -1.372791 1.236560 -0.035967
v -1.396651 1.245430 -0.025423
v -1.406535 1.249104 0.000033
v -1.396651 1.245430 0.025489
v -1.372791 1.236560 0.036033
v -1.339872 1.246335 0.025489
v -1.331456 1.239983 0.000033
v -1.339872 1.246335 -0.025423
v -1.360189 1.261670 -0.035967
v -1.380507 1.277006 -0.025423
v -1.388923 1.283358 0.000033
v -1.380507 1.277006 0.025489
v -1.360190 1.261670 0.036033
v -1.329754 1.255629 0.025489
v -1.324145 1.246700 0.000033
v -1.329754 1.255629 -0.025423
v -1.343293 1.277185 -0.035967
v -1.356833 1.298741 -0.025423
v -1.362441 1.307670 0.000033
v -1.356833 1.298741 0.025489
v -1.343293 1.277185 0.036033
v -1.315892 1.260854 0.025489
v -1.313072 1.250694 0.000033
v -1.315892 1.260854 -0.025423
v -1.322701 1.285383 -0.035967
v -1.329509 1.309911 -0.025423
v -1.332329 1.320071 0.000033
v -1.329509 1.309911 0.025489
v -1.322701 1.285383 0.036033
v -1.297107 1.263820 0.025489
v -1.295935 1.253341 0.000033
v -1.297107 1.263820 -0.025423
v -1.299935 1.289118 -0.035967
v -1.302763 1.314417 -0.025423
v -1.303935 1.324896 0.000033
v -1.302763 1.314417 0.025489
v -1.299935 1.289118 0.036033
v -1.276317 1.265044 0.025489
v -1.275940 1.254506 0.000033
v -1.276317 1.265044 -0.025423
v -1.277230 1.290483 -0.035967
v -1.278142 1.315923 -0.025423
v -1.278520 1.326460 0.000033
v -1.278142 1.315923 0.025489
v -1.277230 1.290483 0.036033
v -1.250036 1.265343 0.025489
v -1.249972 1.254799 0.000033
v -1.250035 1.265343 -0.025423
v -1.250188 1.290798 -0.035967
v -1.250340 1.316254 -0.025423
v -1.250404 1.326797 0.000033
v -1.250340 1.316254 0.025489
v -1.250188 1.290798 0.036033
v -1.188251 1.265363 0.025489
v -1.188251 1.254819 0.000033
v -1.188251 1.265363 -0.025423
v -1.188251 1.290819 -0.035967
v -1.188251 1.316275 -0.025423
v -1.188251 1.326819 0.000033
v -1.188251 1.316275 0.025489
v -1.188251 1.290819 0.036033
v -0.805986 0.344695 0.025489
v -0.806379 0.355231 0.000033
v -0.805986 0.344695 -0.025423
v -0.805037 0.319256 -0.035967
v -0.804088 0.293818 -0.025423
v -0.803695 0.283281 0.000033
v -0.804088 0.293818 0.025489
v -0.805037 0.319256 0.036033
v -0.701482 0.362492 0.025489
v -0.705328 0.372310 0.000033
v -0.701482 0.362492 -0.025423
v -0.692200 0.338789 -0.035967
v -0.682917 0.315086 -0.025423
v -0.679072 0.305268 0.000033
v -0.682917 0.315086 0.025489
v -0.692200 0.338789 0.036033
v -0.653189 0.393881 0.025489
v -0.660474 0.401503 0.000033
v -0.653189 0.393881 -0.025423
v -0.635600 0.375479 -0.035967
v -0.618011 0.357076 -0.025423
v -0.610726 0.349454 0.000033
v -0.618011 0.357076 0.025489
v -0.635600 0.375479 0.036033
v -0.625712 0.432666 0.025489
v -0.635075 0.437516 0.000033
v -0.625712 0.432666 -0.025423
v -0.603109 0.420958 -0.035967
v -0.580506 0.409249 -0.025423
v -0.571143 0.404399 0.000033
v -0.580506 0.409249 0.025489
v -0.603109 0.420958 0.036033
v -0.609265 0.480238 0.025489
v -0.619513 0.482720 0.000033
v -0.609265 0.480238 -0.025423
v -0.584524 0.474247 -0.035967
v -0.559783 0.468256 -0.025423
v -0.549535 0.465775 0.000033
v -0.559783 0.468256 0.025489
v -0.584524 0.474247 0.036033
v -0.601205 0.538226 0.025489
v -0.611709 0.539143 0.000033
v -0.601205 0.538226 -0.025423
v -0.575846 0.536011 -0.035967
v -0.550486 0.533796 -0.025423
v -0.539982 0.532879 0.000033
v -0.550486 0.533796 0.025489
v -0.575846 0.536011 0.036033
v -0.598862 0.606651 0.025489
v -0.609406 0.606772 0.000033
v -0.598862 0.606651 -0.025423
v -0.573408 0.606359 -0.035967
v -0.547954 0.606068 -0.025423
v -0.537410 0.605947 0.000033
v -0.547954 0.606068 0.025489
v -0.573408 0.606359 0.036033
v -0.599768 0.683568 0.025489
v -0.610310 0.683324 0.000033
v -0.599768 0.683568 -0.025423
v -0.574319 0.684156 -0.035967
v -0.548870 0.684744 -0.025423
v -0.538329 0.684988 0.000033
v -0.548870 0.684744 0.025489
v -0.574319 0.684156 0.036033
v -0.602581 0.765030 0.025489
v -0.613114 0.764552 0.000033
v -0.602581 0.765030 -0.025423
v -0.577151 0.766184 -0.035967
v -0.551721 0.767338 -0.025423
v -0.541188 0.767816 0.000033
v -0.551721 0.767338 0.025489
v -0.577151 0.766184 0.036033
v -0.607127 0.845862 0.025489
v -0.617647 0.845150 0.000033
v -0.607127 0.845862 -0.025423
v -0.581729 0.847580 -0.035967
v -0.556331 0.849299 -0.025423
v -0.545811 0.850011 0.000033
v -0.556331 0.849299 0.025489
v -0.581729 0.847580 0.036033
v -0.613153 0.922037 0.025489
v -0.623658 0.921126 0.000033
v -0.613153 0.922037 -0.025423
v -0.587793 0.924238 -0.035967
v -0.562432 0.926439 -0.025423
v -0.551927 0.927350 0.000033
v -0.562432 0.926439 0.025489
v -0.587793 0.924238 0.036033
v -0.619718 0.991531 0.025489
v -0.630214 0.990527 0.000033
v -0.619718 0.991531 -0.025423
v -0.594378 0.993955 -0.035967
v -0.569038 0.996379 -0.025423
v -0.558541 0.997383 0.000033
v -0.569038 0.996379 0.025489
v -0.594378 0.993955 0.036033
v -0.625736 1.053660 0.025489
v -0.636232 1.052653 0.000033
v -0.625736 1.053660 -0.025423
v -0.600396 1.056090 -0.035967
v -0.575056 1.058520 -0.025423
v -0.564560 1.059526 0.000033
v -0.575056 1.058520 0.025489
v -0.600396 1.056090 0.036033
v -0.630935 1.108426 0.025489
v -0.641427 1.107377 0.000033
v -0.630935 1.108426 -0.025423
v -0.605605 1.110959 -0.035967
v -0.580276 1.113491 -0.025423
v -0.569784 1.114540 0.000033
v -0.580276 1.113491 0.025489
v -0.605605 1.110959 0.036033
v -0.635960 1.156324 0.025489
v -0.646422 1.155010 0.000033
v -0.635960 1.156324 -0.025423
v -0.610703 1.159496 -0.035967
v -0.585445 1.162668 -0.025423
v -0.574983 1.163982 0.000033
v -0.585445 1.162668 0.025489
v -0.610703 1.159496 0.036033
v -0.641866 1.196896 0.025489
v -0.652209 1.194843 0.000033
v -0.641866 1.196896 -0.025423
v -0.616898 1.201852 -0.035967
v -0.591929 1.206809 -0.025423
v -0.581587 1.208862 0.000033
v -0.591929 1.206809 0.025489
v -0.616898 1.201852 0.036033
v -0.649499 1.227690 0.025489
v -0.659382 1.224016 0.000033
v -0.649499 1.227690 -0.025423
v -0.625638 1.236560 -0.035967
v -0.601778 1.245430 -0.025423
v -0.591894 1.249104 0.000033
v -0.601778 1.245430 0.025489
v -0.625638 1.236560 0.036033
v -0.658557 1.246335 0.025489
v -0.666973 1.239982 0.000033
v -0.658557 1.246335 -0.025423
v -0.638239 1.261670 -0.035967
v -0.617921 1.277006 -0.025423
v -0.609505 1.283358 0.000033
v -0.617921 1.277006 0.025489
v -0.638239 1.261670 0.036033
v -0.668675 1.255629 0.025489
v -0.674284 1.246700 0.000033
v -0.668675 1.255629 -0.025423
v -0.655136 1.277185 -0.035967
v -0.641596 1.298741 -0.025423
v -0.635987 1.307670 0.000033
v -0.641596 1.298741 0.025489
v -0.655136 1.277185 0.036033
v -0.682536 1.260854 0.025489
v -0.685357 1.250694 0.000033
v -0.682536 1.260854 -0.025423
v -0.675728 1.285383 -0.035967
v -0.668920 1.309911 -0.025423
v -0.666100 1.320071 0.000033
v -0.668920 1.309911 0.025489
v -0.675728 1.285383 0.036033
v -0.701322 1.263820 0.025489
v -0.702494 1.253341 0.000033
v -0.701322 1.263820 -0.025423
v -0.698494 1.289118 -0.035967
v -0.695665 1.314417 -0.025423
v -0.694494 1.324895 0.000033
v -0.695665 1.314417 0.025489
v -0.698494 1.289118 0.036033
v -0.722111 1.265044 0.025489
v -0.722489 1.254506 0.000033
v -0.722111 1.265044 -0.025423
v -0.721199 1.290483 -0.035967
v -0.720287 1.315923 -0.025423
v -0.719909 1.326460 0.000033
v -0.720287 1.315923 0.025489
v -0.721199 1.290483 0.036033
v -0.748393 1.265343 0.025489
v -0.748457 1.254799 0.000033
v -0.748393 1.265343 -0.025423
v -0.748241 1.290798 -0.035967
v -0.748088 1.316253 -0.025423
v -0.748025 1.326797 0.000033
v -0.748088 1.316253 0.025489
v -0.748241 1.290798 0.036033
v -0.810178 1.265363 0.025489
v -0.810178 1.254819 0.000033
v -0.810178 1.265363 -0.025423
v -0.810178 1.290819 -0.035967
v -0.810178 1.316275 -0.025423
v -0.810178 1.326819 0.000033
v -0.810178 1.316275 0.025489
v -0.810178 1.290819 0.036033
vn 0.0647 0.3800 0.9227
vn 0.1542 0.9121 0.3799
vn 0.1542 0.9121 -0.3799
vn 0.0647 0.3800 -0.9227
vn -0.0658 -0.3800 -0.9227
vn -0.1599 -0.9112 -0.3796
vn -0.1599 -0.9112 0.3796
vn -0.0658 -0.3800 0.9227
vn 0.2118 0.3268 0.9211
vn 0.5050 0.7770 0.3759
vn 0.5050 0.7770 -0.3759
vn 0.2118 0.3268 -0.9211
vn -0.2115 -0.3269 -0.9211
vn -0.5031 -0.7781 -0.3761
vn -0.5031 -0.7781 0.3761
vn -0.2115 -0.3269 0.9211
vn 0.3161 0.2258 0.9215
vn 0.7559 0.5355 0.3767
vn 0.7559 0.5355 -0.3767
vn 0.3161 0.2258 -0.9215
vn -0.3153 -0.2267 -0.9215
vn -0.7514 -0.5414 -0.3772
vn -0.7514 -0.5414 0.3772
vn -0.3153 -0.2267 0.9215
vn 0.3645 0.1271 0.9225
vn 0.8745 0.3023 0.3792
vn 0.8745 0.3023 -0.3792
vn 0.3645 0.1271 -0.9225
vn -0.3641 -0.1279 -0.9225
vn -0.8727 -0.3072 -0.3795
vn -0.8727 -0.3072 0.3795
vn -0.3641 -0.1279 0.9225
vn 0.3805 0.0535 0.9232
vn 0.9157 0.1273 0.3811
vn 0.9157 0.1273 -0.3811
vn 0.3805 0.0535 -0.9232
vn -0.3804 -0.0540 -0.9232
vn -0.9153 -0.1303 -0.3812
vn -0.9153 -0.1303 0.3812
vn -0.3804 -0.0540 0.9232
vn 0.3829 0.0133 0.9237
vn 0.9235 0.0316 0.3822
vn 0.9235 0.0316 -0.3822
vn 0.3829 0.0133 -0.9237
vn -0.3829 -0.0134 -0.9237
vn -0.9235 -0.0325 -0.3823
vn -0.9235 -0.0325 0.3823
vn -0.3829 -0.0134 0.9237
vn 0.3827 -0.0045 0.9238
vn 0.9238 -0.0109 0.3826
vn 0.9238 -0.0109 -0.3826
vn 0.3827 -0.0045 -0.9238
vn -0.3827 0.0045 -0.9238
vn -0.9239 0.0107 -0.3826
vn -0.9239 0.0107 0.3826
vn -0.3827 0.0045 0.9238
vn 0.3825 -0.0132 0.9239
vn 0.9233 -0.0319 0.3827
vn 0.9233 -0.0319 -0.3827
vn 0.3825 -0.0132 -0.9239
vn -0.3825 0.0132 -0.9239
vn -0.9233 0.0319 -0.3827
vn -0.9233 0.0319 0.3827
vn -0.3825 0.0132 0.9239
vn 0.3821 -0.0215 0.9239
vn 0.9224 -0.0519 0.3827
vn 0.9224 -0.0519 -0.3827
vn 0.3821 -0.0215 -0.9239
vn -0.3821 0.0215 -0.9239
vn -0.9224 0.0519 -0.3827
vn -0.9224 0.0519 0.3827
vn -0.3821 0.0215 0.9239
vn 0.3815 -0.0302 0.9239
vn 0.9210 -0.0729 0.3827
vn 0.9210 -0.0729 -0.3827
vn 0.3815 -0.0302 -0.9239
vn -0.3815 0.0302 -0.9239
vn -0.9210 0.0728 -0.3827
vn -0.9210 0.0728 0.3827
vn -0.3815 0.0302 0.9239
vn 0.3810 -0.0360 0.9239
vn 0.9198 -0.0869 0.3827
vn 0.9198 -0.0869 -0.3827
vn 0.3810 -0.0360 -0.9239
vn -0.3810 0.0360 -0.9239
vn -0.9198 0.0869 -0.3826
vn -0.9198 0.0869 0.3826
vn -0.3810 0.0360 0.9239
vn 0.3809 -0.0369 0.9239
vn 0.9196 -0.0891 0.3827
vn 0.9196 -0.0891 -0.3827
vn 0.3809 -0.0369 -0.9239
vn -0.3809 0.0369 -0.9239
vn -0.9196 0.0891 -0.3827
vn -0.9196 0.0891 0.3827
vn -0.3809 0.0369 0.9239
vn 0.3810 -0.0362 0.9239
vn 0.9197 -0.0873 0.3827
vn 0.9197 -0.0873 -0.3827
vn 0.3810 -0.0362 -0.9239
vn -0.3810 0.0362 -0.9239
vn -0.9197 0.0873 -0.3827
vn -0.9197 0.0873 0.3827
vn -0.3810 0.0362 0.9239
vn 0.3806 -0.0399 0.9239
vn 0.9188 -0.0963 0.3827
vn 0.9188 -0.0963 -0.3827
vn 0.3806 -0.0399 -0.9239
vn -0.3806 0.0400 -0.9239
vn -0.9188 0.0966 -0.3827
vn -0.9188 0.0966 0.3827
vn -0.3806 0.0400 0.9239
vn 0.3788 -0.0551 0.9239
vn 0.9143 -0.1328 0.3826
vn 0.9143 -0.1328 -0.3826
vn 0.3788 -0.0551 -0.9239
vn -0.3787 0.0554 -0.9239
vn -0.9141 0.1343 -0.3826
vn -0.9141 0.1343 0.3826
vn -0.3787 0.0554 0.9239
vn 0.3718 -0.0921 0.9237
vn 0.8973 -0.2206 0.3823
vn 0.8973 -0.2206 -0.3823
vn 0.3718 -0.0921 -0.9237
vn -0.3715 0.0935 -0.9237
vn -0.8954 0.2283 -0.3822
vn -0.8954 0.2283 0.3822
vn -0.3715 0.0935 0.9237
vn 0.3456 -0.1679 0.9233
vn 0.8349 -0.3969 0.3814
vn 0.8349 -0.3969 -0.3814
vn 0.3456 -0.1679 -0.9233
vn -0.3438 0.1725 -0.9231
vn -0.8234 0.4210 -0.3805
vn -0.8234 0.4210 0.3805
vn -0.3438 0.1725 0.9231
vn 0.2625 -0.2858 0.9216
vn 0.6265 -0.6820 0.3773
vn 0.6265 -0.6820 -0.3773
vn 0.2626 -0.2858 -0.9216
vn -0.2625 0.2859 -0.9216
vn -0.6263 0.6822 -0.3773
vn -0.6263 0.6822 0.3773
vn -0.2625 0.2859 0.9216
vn 0.1436 -0.3606 0.9216
vn 0.3268 -0.8670 0.3761
vn 0.3268 -0.8670 -0.3761
vn 0.1436 -0.3606 -0.9216
vn -0.1467 0.3588 -0.9218
vn -0.3526 0.8561 -0.3779
vn -0.3526 0.8561 0.3779
vn -0.1467 0.3588 0.9218
vn 0.0623 -0.3795 0.9231
vn 0.1442 -0.9134 0.3806
vn 0.1442 -0.9134 -0.3806
vn 0.0623 -0.3795 -0.9231
vn -0.0639 0.3791 -0.9231
vn -0.1549 0.9115 -0.3810
vn -0.1549 0.9115 0.3810
vn -0.0639 0.3791 0.9231
vn 0.0230 -0.3824 0.9237
vn 0.0543 -0.9225 0.3822
vn 0.0543 -0.9225 -0.3822
vn 0.0230 -0.3824 -0.9237
vn -0.0234 0.3824 -0.9237
vn -0.0568 0.9223 -0.3823
vn -0.0568 0.9223 0.3823
vn -0.0234 0.3824 0.9237
vn 0.0045 -0.3827 0.9238
vn 0.0105 -0.9239 0.3826
vn 0.0105 -0.9239 -0.3826
vn 0.0045 -0.3828 -0.9238
vn -0.0046 0.3827 -0.9238
vn -0.0111 0.9239 -0.3826
vn -0.0111 0.9239 0.3826
vn -0.0046 0.3827 0.9238
vn 0.0001 -0.3827 0.9239
vn 0.0003 -0.9239 0.3827
vn 0.0003 -0.9239 -0.3827
vn 0.0001 -0.3827 -0.9239
vn -0.0001 0.3827 -0.9239
vn -0.0003 0.9239 -0.3826
vn -0.0003 0.9239 0.3826
vn -0.0001 0.3827 0.9239
vn -0.0647 0.3800 0.9227
vn -0.1542 0.9121 0.3799
vn -0.1556 0.9135 -0.3758
vn -0.0664 0.3837 -0.9211
vn 0.0673 -0.3834 -0.9211
vn 0.1610 -0.9124 -0.3762
vn 0.1599 -0.9112 0.3796
vn 0.0658 -0.3800 0.9227
vn -0.2117 0.3257 0.9215
vn -0.5052 0.7763 0.3770
vn -0.5050 0.7769 -0.3760
vn -0.2118 0.3268 -0.9211
vn 0.2115 -0.3269 -0.9211
vn 0.5031 -0.7781 -0.3761
vn 0.5031 -0.7777 0.3768
vn 0.2113 -0.3260 0.9215
vn -0.3148 0.2230 0.9226
vn -0.7560 0.5332 0.3797
vn -0.7559 0.5355 -0.3767
vn -0.3161 0.2258 -0.9215
vn 0.3153 -0.2266 -0.9215
vn 0.7515 -0.5414 -0.3771
vn 0.7513 -0.5401 0.3792
vn 0.3141 -0.2244 0.9225
vn -0.3631 0.1255 0.9233
vn -0.8741 0.3009 0.3812
vn -0.8745 0.3023 -0.3793
vn -0.3645 0.1271 -0.9225
vn 0.3641 -0.1279 -0.9225
vn 0.8727 -0.3072 -0.3795
vn 0.8723 -0.3064 0.3810
vn 0.3628 -0.1265 0.9232
vn -0.3795 0.0527 0.9237
vn -0.9153 0.1266 0.3823
vn -0.9157 0.1273 -0.3811
vn -0.3805 0.0535 -0.9232
vn 0.3804 -0.0540 -0.9232
vn 0.9153 -0.1303 -0.3812
vn 0.9149 -0.1298 0.3822
vn 0.3794 -0.0533 0.9237
vn -0.3825 0.0131 0.9238
vn -0.9234 0.0314 0.3826
vn -0.9235 0.0316 -0.3822
vn -0.3829 0.0133 -0.9237
vn 0.3829 -0.0134 -0.9237
vn 0.9235 -0.0325 -0.3822
vn 0.9233 -0.0323 0.3826
vn 0.3825 -0.0133 0.9238
vn -0.3827 -0.0045 0.9239
vn -0.9238 -0.0109 0.3827
vn -0.9238 -0.0109 -0.3826
vn -0.3827 -0.0045 -0.9238
vn 0.3827 0.0045 -0.9238
vn 0.9238 0.0107 -0.3826
vn 0.9238 0.0108 0.3827
vn 0.3827 0.0045 0.9239
vn -0.3825 -0.0132 0.9239
vn -0.9233 -0.0319 0.3827
vn -0.9233 -0.0319 -0.3827
vn -0.3825 -0.0132 -0.9239
vn 0.3825 0.0132 -0.9239
vn 0.9233 0.0319 -0.3827
vn 0.9233 0.0319 0.3827
vn 0.3825 0.0132 0.9239
vn -0.3821 -0.0215 0.9239
vn -0.9224 -0.0519 0.3827
vn -0.9224 -0.0519 -0.3827
vn -0.3821 -0.0215 -0.9239
vn 0.3821 0.0215 -0.9239
vn 0.9224 0.0519 -0.3827
vn 0.9224 0.0519 0.3827
vn 0.3821 0.0215 0.9239
vn -0.3815 -0.0302 0.9239
vn -0.9210 -0.0729 0.3827
vn -0.9210 -0.0729 -0.3827
vn -0.3815 -0.0302 -0.9239
vn 0.3815 0.0302 -0.9239
vn 0.9210 0.0728 -0.3827
vn 0.9210 0.0728 0.3827
vn 0.3815 0.0302 0.9239
vn -0.3810 -0.0360 0.9239
vn -0.9198 -0.0869 0.3827
vn -0.9198 -0.0869 -0.3827
vn -0.3810 -0.0360 -0.9239
vn 0.3810 0.0360 -0.9239
vn 0.9198 0.0869 -0.3827
vn 0.9198 0.0869 0.3827
vn 0.3810 0.0360 0.9239
vn -0.3809 -0.0369 0.9239
vn -0.9196 -0.0891 0.3827
vn -0.9196 -0.0891 -0.3827
vn -0.3809 -0.0369 -0.9239
vn 0.3809 0.0369 -0.9239
vn 0.9196 0.0891 -0.3827
vn 0.9196 0.0891 0.3827
vn 0.3809 0.0369 0.9239
vn -0.3810 -0.0362 0.9239
vn -0.9197 -0.0873 0.3827
vn -0.9197 -0.0873 -0.3827
vn -0.3810 -0.0362 -0.9239
vn 0.3810 0.0362 -0.9239
vn 0.9197 0.0873 -0.3827
vn 0.9197 0.0873 0.3827
vn 0.3810 0.0362 0.9239
vn -0.3806 -0.0399 0.9239
vn -0.9188 -0.0964 0.3827
vn -0.9189 -0.0964 -0.3826
vn -0.3807 -0.0400 -0.9239
vn 0.3806 0.0400 -0.9239
vn 0.9188 0.0966 -0.3826
vn 0.9188 0.0966 0.3827
vn 0.3806 0.0400 0.9239
vn -0.3788 -0.0551 0.9239
vn -0.9143 -0.1328 0.3826
vn -0.9144 -0.1331 -0.3823
vn -0.3791 -0.0554 -0.9237
vn 0.3790 0.0557 -0.9237
vn 0.9142 0.1345 -0.3823
vn 0.9141 0.1343 0.3826
vn 0.3787 0.0554 0.9239
vn -0.3718 -0.0922 0.9237
vn -0.8973 -0.2206 0.3824
vn -0.8976 -0.2225 -0.3806
vn -0.3730 -0.0939 -0.9231
vn 0.3726 0.0950 -0.9231
vn 0.8957 0.2294 -0.3809
vn 0.8954 0.2283 0.3822
vn 0.3715 0.0935 0.9237
vn -0.3456 -0.1679 0.9233
vn -0.8349 -0.3969 0.3814
vn -0.8333 -0.4048 -0.3765
vn -0.3469 -0.1741 -0.9216
vn 0.3452 0.1765 -0.9218
vn 0.8234 0.4233 -0.3779
vn 0.8234 0.4210 0.3805
vn 0.3438 0.1725 0.9231
vn -0.2625 -0.2858 0.9216
vn -0.6266 -0.6819 0.3773
vn -0.6265 -0.6820 -0.3773
vn -0.2625 -0.2859 -0.9216
vn 0.2625 0.2859 -0.9216
vn 0.6263 0.6822 -0.3773
vn 0.6263 0.6822 0.3773
vn 0.2625 0.2859 0.9216
vn -0.1354 -0.3593 0.9233
vn -0.3136 -0.8694 0.3818
vn -0.3268 -0.8670 -0.3761
vn -0.1436 -0.3606 -0.9216
vn 0.1467 0.3588 -0.9218
vn 0.3525 0.8561 -0.3779
vn 0.3500 0.8560 0.3804
vn 0.1423 0.3573 0.9231
vn -0.0597 -0.3783 0.9237
vn -0.1410 -0.9132 0.3824
vn -0.1442 -0.9134 -0.3806
vn -0.0623 -0.3795 -0.9231
vn 0.0639 0.3791 -0.9231
vn 0.1549 0.9115 -0.3810
vn 0.1535 0.9113 0.3822
vn 0.0620 0.3780 0.9237
vn -0.0225 -0.3821 0.9238
vn -0.0537 -0.9223 0.3826
vn -0.0543 -0.9225 -0.3822
vn -0.0230 -0.3824 -0.9237
vn 0.0234 0.3824 -0.9237
vn 0.0568 0.9223 -0.3823
vn 0.0564 0.9222 0.3826
vn 0.0230 0.3821 0.9238
vn -0.0044 -0.3827 0.9239
vn -0.0104 -0.9238 0.3827
vn -0.0105 -0.9239 -0.3826
vn -0.0045 -0.3828 -0.9238
vn 0.0045 0.3827 -0.9238
vn 0.0111 0.9239 -0.3826
vn 0.0110 0.9238 0.3827
vn 0.0045 0.3827 0.9239
vn -0.0001 -0.3827 0.9239
vn -0.0003 -0.9239 0.3827
vn -0.0003 -0.9239 -0.3827
vn -0.0001 -0.3827 -0.9239
vn 0.0001 0.3827 -0.9239
vn 0.0003 0.9239 -0.3827
vn 0.0003 0.9239 0.3827
vn 0.0001 0.3827 0.9239
vn 0.0664 0.3837 0.9211
vn 0.1556 0.9135 0.3758
vn 0.1556 0.9135 -0.3758
vn 0.0664 0.3837 -0.9211
vn -0.0673 -0.3834 -0.9211
vn -0.1610 -0.9124 -0.3762
vn -0.1610 -0.9124 0.3762
vn -0.0673 -0.3834 0.9211
vn 0.2117 0.3257 0.9215
vn 0.5052 0.7763 0.3770
vn 0.5052 0.7763 -0.3770
vn 0.2117 0.3257 -0.9215
vn -0.2113 -0.3260 -0.9215
vn -0.5031 -0.7777 -0.3769
vn -0.5031 -0.7777 0.3769
vn -0.2113 -0.3260 0.9215
vn 0.3148 0.2230 0.9226
vn 0.7560 0.5332 0.3796
vn 0.7560 0.5332 -0.3796
vn 0.3148 0.2230 -0.9226
vn -0.3141 -0.2244 -0.9225
vn -0.7513 -0.5401 -0.3792
vn -0.7513 -0.5401 0.3792
vn -0.3141 -0.2244 0.9225
vn 0.3631 0.1255 0.9233
vn 0.8741 0.3009 0.3812
vn 0.8741 0.3009 -0.3812
vn 0.3631 0.1255 -0.9233
vn -0.3628 -0.1265 -0.9232
vn -0.8723 -0.3063 -0.3811
vn -0.8723 -0.3063 0.3811
vn -0.3628 -0.1265 0.9232
vn 0.3795 0.0527 0.9237
vn 0.9153 0.1266 0.3823
vn 0.9153 0.1266 -0.3823
vn 0.3795 0.0527 -0.9237
vn -0.3794 -0.0533 -0.9237
vn -0.9149 -0.1298 -0.3822
vn -0.9149 -0.1298 0.3822
vn -0.3794 -0.0533 0.9237
vn 0.3825 0.0131 0.9238
vn 0.9234 0.0314 0.3826
vn 0.9234 0.0314 -0.3826
vn 0.3825 0.0131 -0.9238
vn -0.3825 -0.0133 -0.9238
vn -0.9234 -0.0324 -0.3826
vn -0.9234 -0.0324 0.3826
vn -0.3825 -0.0133 0.9238
vn 0.3827 -0.0045 0.9239
vn 0.9238 -0.0109 0.3827
vn 0.9238 -0.0109 -0.3827
vn 0.3827 -0.0045 -0.9239
vn -0.3827 0.0045 -0.9239
vn -0.9238 0.0108 -0.3827
vn -0.9238 0.0108 0.3827
vn -0.3827 0.0045 0.9239
vn -0.9210 0.0728 0.3826
vn -0.9198 0.0869 -0.3827
vn -0.9198 0.0869 0.3827
vn 0.3807 -0.0400 0.9239
vn 0.9189 -0.0964 0.3826
vn 0.9189 -0.0964 -0.3826
vn 0.3807 -0.0400 -0.9239
vn -0.3807 0.0400 -0.9239
vn -0.9188 0.0966 -0.3826
vn -0.9188 0.0966 0.3826
vn -0.3807 0.0400 0.9239
vn 0.3791 -0.0554 0.9237
vn 0.9144 -0.1331 0.3822
vn 0.9144 -0.1331 -0.3822
vn 0.3791 -0.0554 -0.9237
vn -0.3790 0.0557 -0.9237
vn -0.9142 0.1345 -0.3823
vn -0.9142 0.1345 0.3823
vn -0.3790 0.0557 0.9237
vn 0.3730 -0.0939 0.9231
vn 0.8976 -0.2225 0.3806
vn 0.8976 -0.2225 -0.3806
vn 0.3730 -0.0939 -0.9231
vn -0.3726 0.0950 -0.9231
vn -0.8957 0.2294 -0.3809
vn -0.8957 0.2294 0.3809
vn -0.3726 0.0950 0.9231
vn 0.3469 -0.1741 0.9216
vn 0.8333 -0.4048 0.3765
vn 0.8333 -0.4048 -0.3765
vn 0.3469 -0.1741 -0.9216
vn -0.3452 0.1765 -0.9218
vn -0.8234 0.4234 -0.3779
vn -0.8234 0.4234 0.3779
vn -0.3452 0.1765 0.9218
vn 0.2625 -0.2859 0.9216
vn 0.2625 -0.2859 -0.9216
vn 0.1354 -0.3593 0.9233
vn 0.3136 -0.8694 0.3817
vn 0.3136 -0.8694 -0.3817
vn 0.1354 -0.3593 -0.9233
vn -0.1423 0.3573 -0.9231
vn -0.3499 0.8560 -0.3804
vn -0.3499 0.8560 0.3804
vn -0.1423 0.3573 0.9231
vn 0.0597 -0.3783 0.9237
vn 0.1410 -0.9132 0.3824
vn 0.1410 -0.9132 -0.3824
vn 0.0597 -0.3783 -0.9237
vn -0.0620 0.3780 -0.9237
vn -0.1535 0.9112 -0.3822
vn -0.1535 0.9112 0.3822
vn -0.0620 0.3780 0.9237
vn 0.0225 -0.3821 0.9238
vn 0.0537 -0.9223 0.3826
vn 0.0537 -0.9223 -0.3826
vn 0.0225 -0.3821 -0.9238
vn -0.0230 0.3821 -0.9238
vn -0.0564 0.9222 -0.3826
vn -0.0564 0.9222 0.3826
vn -0.0230 0.3821 0.9238
vn 0.0044 -0.3827 0.9239
vn 0.0104 -0.9238 0.3827
vn 0.0104 -0.9238 -0.3827
vn 0.0044 -0.3827 -0.9239
vn -0.0045 0.3826 -0.9239
vn -0.0110 0.9238 -0.3826
vn -0.0110 0.9238 0.3826
vn -0.0045 0.3826 0.9239
vn -0.0003 0.9239 -0.3827
vn -0.0003 0.9239 0.3827
vn -0.0664 0.3837 0.9211
vn -0.1556 0.9135 0.3758
vn -0.1542 0.9121 -0.3799
vn -0.0647 0.3800 -0.9227
vn 0.0658 -0.3800 -0.9227
vn 0.1599 -0.9112 -0.3796
vn 0.1610 -0.9124 0.3762
vn 0.0673 -0.3834 0.9211
vn -0.2118 0.3268 0.9211
vn -0.5050 0.7769 0.3760
vn -0.5052 0.7763 -0.3770
vn -0.2117 0.3257 -0.9215
vn 0.2113 -0.3260 -0.9215
vn 0.5031 -0.7777 -0.3768
vn 0.5031 -0.7781 0.3761
vn 0.2115 -0.3269 0.9211
vn -0.3161 0.2258 0.9215
vn -0.7559 0.5355 0.3767
vn -0.7560 0.5332 -0.3797
vn -0.3148 0.2230 -0.9226
vn 0.3141 -0.2244 -0.9225
vn 0.7513 -0.5401 -0.3792
vn 0.7515 -0.5414 0.3771
vn 0.3153 -0.2266 0.9215
vn -0.3645 0.1271 0.9225
vn -0.8745 0.3023 0.3793
vn -0.8741 0.3009 -0.3812
vn -0.3631 0.1255 -0.9233
vn 0.3628 -0.1265 -0.9232
vn 0.8723 -0.3064 -0.3810
vn 0.8727 -0.3072 0.3795
vn 0.3641 -0.1279 0.9225
vn -0.3805 0.0535 0.9232
vn -0.9157 0.1273 0.3811
vn -0.9153 0.1266 -0.3823
vn -0.3795 0.0527 -0.9237
vn 0.3794 -0.0533 -0.9237
vn 0.9149 -0.1298 -0.3822
vn 0.9153 -0.1303 0.3812
vn 0.3804 -0.0540 0.9232
vn -0.3829 0.0133 0.9237
vn -0.9235 0.0316 0.3822
vn -0.9234 0.0314 -0.3826
vn -0.3825 0.0131 -0.9238
vn 0.3825 -0.0133 -0.9238
vn 0.9233 -0.0323 -0.3826
vn 0.9235 -0.0325 0.3822
vn 0.3829 -0.0134 0.9237
vn -0.3827 -0.0045 0.9238
vn -0.9238 -0.0109 0.3826
vn -0.9238 -0.0109 -0.3827
vn -0.3827 -0.0045 -0.9239
vn 0.3827 0.0045 -0.9239
vn 0.9238 0.0108 -0.3827
vn 0.9238 0.0107 0.3826
vn 0.3827 0.0045 0.9238
vn -0.3807 -0.0400 0.9239
vn -0.9189 -0.0964 0.3826
vn -0.9188 -0.0964 -0.3827
vn -0.3806 -0.0399 -0.9239
vn 0.9188 0.0966 -0.3827
vn 0.9188 0.0966 0.3826
vn -0.3791 -0.0554 0.9237
vn -0.9144 -0.1331 0.3823
vn -0.9143 -0.1328 -0.3826
vn -0.3788 -0.0551 -0.9239
vn 0.3787 0.0554 -0.9239
vn 0.9141 0.1343 -0.3826
vn 0.9142 0.1345 0.3823
vn 0.3790 0.0557 0.9237
vn -0.3730 -0.0939 0.9231
vn -0.8976 -0.2225 0.3806
vn -0.8973 -0.2206 -0.3824
vn -0.3718 -0.0922 -0.9237
vn 0.3715 0.0935 -0.9237
vn 0.8954 0.2283 -0.3822
vn 0.8957 0.2294 0.3809
vn 0.3726 0.0950 0.9231
vn -0.3469 -0.1741 0.9216
vn -0.8333 -0.4048 0.3765
vn -0.8349 -0.3969 -0.3814
vn -0.3456 -0.1679 -0.9233
vn 0.3438 0.1725 -0.9231
vn 0.8234 0.4210 -0.3805
vn 0.8234 0.4233 0.3779
vn 0.3452 0.1765 0.9218
vn -0.2625 -0.2859 0.9216
vn -0.6265 -0.6820 0.3773
vn -0.6266 -0.6819 -0.3773
vn -0.2625 -0.2858 -0.9216
vn -0.1436 -0.3606 0.9216
vn -0.3268 -0.8670 0.3761
vn -0.3136 -0.8694 -0.3818
vn -0.1354 -0.3593 -0.9233
vn 0.1423 0.3573 -0.9231
vn 0.3500 0.8560 -0.3804
vn 0.3525 0.8561 0.3779
vn 0.1467 0.3588 0.9218
vn -0.0623 -0.3795 0.9231
vn -0.1442 -0.9134 0.3806
vn -0.1410 -0.9132 -0.3824
vn -0.0597 -0.3783 -0.9237
vn 0.0620 0.3780 -0.9237
vn 0.1535 0.9113 -0.3822
vn 0.1549 0.9115 0.3810
vn 0.0639 0.3791 0.9231
vn -0.0230 -0.3824 0.9237
vn -0.0543 -0.9225 0.3822
vn -0.0537 -0.9223 -0.3826
vn -0.0225 -0.3821 -0.9238
vn 0.0230 0.3821 -0.9238
vn 0.0564 0.9222 -0.3826
vn 0.0568 0.9223 0.3823
vn 0.0234 0.3824 0.9237
vn -0.0045 -0.3828 0.9238
vn -0.0105 -0.9239 0.3826
vn -0.0104 -0.9238 -0.3827
vn -0.0044 -0.3827 -0.9239
vn 0.0045 0.3827 -0.9239
vn 0.0110 0.9238 -0.3827
vn 0.0111 0.9239 0.3826
vn 0.0045 0.3827 0.9238
vt 0.657822 0.403180
vt 0.660253 0.402166
vt 0.660275 0.402763
vt 0.657912 0.403411
vt 0.660284 0.403010
vt 0.660230 0.401569
vt 0.657604 0.402624
vt 0.660221 0.401321
vt 0.657386 0.402068
vt 0.656276 0.403485
vt 0.656689 0.403917
vt 0.655863 0.403053
vt 0.655692 0.402874
vt 0.657296 0.401837
vt 0.655513 0.404553
vt 0.656860 0.404096
vt 0.656044 0.404828
vt 0.654983 0.404278
vt 0.654763 0.404164
vt 0.655077 0.405803
vt 0.656264 0.404941
vt 0.655658 0.405944
vt 0.654496 0.405663
vt 0.654256 0.405605
vt 0.654873 0.407253
vt 0.655898 0.406002
vt 0.655469 0.407305
vt 0.654278 0.407201
vt 0.654032 0.407180
vt 0.654816 0.408904
vt 0.655715 0.407327
vt 0.655414 0.408911
vt 0.654219 0.408897
vt 0.653971 0.408895
vt 0.654838 0.410730
vt 0.655661 0.408914
vt 0.655435 0.410716
vt 0.654240 0.410744
vt 0.653993 0.410750
vt 0.654904 0.412655
vt 0.655682 0.410711
vt 0.655501 0.412628
vt 0.654307 0.412682
vt 0.654060 0.412694
vt 0.655608 0.414525
vt 0.655855 0.414509
vt 0.655748 0.412617
vt 0.655011 0.414566
vt 0.654415 0.414606
vt 0.655154 0.416365
vt 0.655749 0.416313
vt 0.654559 0.416417
vt 0.654312 0.416438
vt 0.654169 0.414623
vt 0.655308 0.418001
vt 0.655996 0.416292
vt 0.655903 0.417944
vt 0.654714 0.418058
vt 0.654467 0.418082
vt 0.655450 0.419460
vt 0.656149 0.417921
vt 0.656044 0.419403
vt 0.654855 0.419517
vt 0.654609 0.419540
vt 0.656166 0.420688
vt 0.656413 0.420663
vt 0.656291 0.419379
vt 0.655572 0.420747
vt 0.654977 0.420807
vt 0.656284 0.421812
vt 0.656530 0.421781
vt 0.655692 0.421887
vt 0.654731 0.420832
vt 0.655099 0.421961
vt 0.656423 0.422764
vt 0.656666 0.422716
vt 0.655837 0.422881
vt 0.654853 0.421992
vt 0.655251 0.422997
vt 0.656602 0.423487
vt 0.656834 0.423401
vt 0.656042 0.423695
vt 0.655008 0.423045
vt 0.655482 0.423904
vt 0.656815 0.423925
vt 0.657012 0.423776
vt 0.656338 0.424285
vt 0.655250 0.423990
vt 0.655861 0.424645
vt 0.657052 0.424143
vt 0.657184 0.423933
vt 0.656734 0.424649
vt 0.655663 0.424794
vt 0.656417 0.425155
vt 0.657218 0.424841
vt 0.657378 0.424266
vt 0.657058 0.425417
vt 0.656992 0.425655
vt 0.656285 0.425364
vt 0.657752 0.424929
vt 0.657444 0.424027
vt 0.657818 0.424335
vt 0.657686 0.425523
vt 0.657658 0.425769
vt 0.658285 0.424961
vt 0.657846 0.424089
vt 0.658306 0.424364
vt 0.658264 0.425558
vt 0.658255 0.425805
vt 0.658920 0.424968
vt 0.658315 0.424117
vt 0.658923 0.424371
vt 0.658916 0.425566
vt 0.658915 0.425813
vt 0.660373 0.424969
vt 0.658925 0.424123
vt 0.660373 0.424371
vt 0.660373 0.425566
vt 0.660373 0.425814
vt 0.669368 0.402166
vt 0.671798 0.403180
vt 0.669345 0.402763
vt 0.671708 0.403411
vt 0.669336 0.403010
vt 0.672016 0.402624
vt 0.669390 0.401569
vt 0.672234 0.402068
vt 0.669399 0.401321
vt 0.672324 0.401837
vt 0.673344 0.403485
vt 0.672932 0.403917
vt 0.672761 0.404096
vt 0.673757 0.403053
vt 0.673928 0.402874
vt 0.674107 0.404553
vt 0.673577 0.404828
vt 0.673357 0.404941
vt 0.674638 0.404278
vt 0.674857 0.404164
vt 0.674543 0.405803
vt 0.673963 0.405944
vt 0.673722 0.406002
vt 0.675124 0.405663
vt 0.675364 0.405605
vt 0.674747 0.407253
vt 0.674152 0.407305
vt 0.673905 0.407327
vt 0.675342 0.407201
vt 0.675589 0.407180
vt 0.674804 0.408904
vt 0.674207 0.408911
vt 0.673959 0.408914
vt 0.675402 0.408897
vt 0.675649 0.408895
vt 0.674783 0.410730
vt 0.674185 0.410716
vt 0.673938 0.410711
vt 0.675380 0.410744
vt 0.675627 0.410750
vt 0.674716 0.412655
vt 0.674119 0.412628
vt 0.673872 0.412617
vt 0.675313 0.412682
vt 0.675560 0.412694
vt 0.674013 0.414525
vt 0.673766 0.414509
vt 0.674609 0.414566
vt 0.675205 0.414606
vt 0.675452 0.414623
vt 0.674466 0.416365
vt 0.673871 0.416313
vt 0.673625 0.416292
vt 0.675062 0.416417
vt 0.675308 0.416438
vt 0.674312 0.418001
vt 0.673717 0.417944
vt 0.673471 0.417921
vt 0.674907 0.418058
vt 0.675153 0.418082
vt 0.674171 0.419460
vt 0.673576 0.419403
vt 0.673330 0.419379
vt 0.674765 0.419517
vt 0.675012 0.419540
vt 0.673454 0.420688
vt 0.673208 0.420663
vt 0.674048 0.420747
vt 0.674643 0.420807
vt 0.674889 0.420832
vt 0.673336 0.421812
vt 0.673090 0.421781
vt 0.673929 0.421887
vt 0.674522 0.421961
vt 0.674767 0.421992
vt 0.673197 0.422764
vt 0.672955 0.422716
vt 0.673783 0.422881
vt 0.674369 0.422997
vt 0.674612 0.423045
vt 0.673018 0.423487
vt 0.672786 0.423401
vt 0.673578 0.423695
vt 0.674138 0.423904
vt 0.674370 0.423990
vt 0.672806 0.423925
vt 0.672608 0.423776
vt 0.673283 0.424285
vt 0.673759 0.424645
vt 0.673957 0.424794
vt 0.672568 0.424143
vt 0.672437 0.423933
vt 0.672886 0.424649
vt 0.673204 0.425155
vt 0.673335 0.425364
vt 0.672403 0.424841
vt 0.672243 0.424266
vt 0.672177 0.424027
vt 0.672562 0.425417
vt 0.672629 0.425655
vt 0.671868 0.424929
vt 0.671802 0.424335
vt 0.671774 0.424089
vt 0.671935 0.425523
vt 0.671962 0.425769
vt 0.671335 0.424961
vt 0.671314 0.424364
vt 0.671305 0.424117
vt 0.671357 0.425558
vt 0.671366 0.425805
vt 0.670701 0.424968
vt 0.670697 0.424371
vt 0.670696 0.424123
vt 0.670704 0.425566
vt 0.670706 0.425813
vt 0.669247 0.424969
vt 0.669247 0.424371
vt 0.669247 0.424124
vt 0.669247 0.425566
vt 0.669247 0.425814
vt 0.660373 0.424124
s 0
usemtl Metal_Color_Palette
f 753/643/1339 752/644/1339 745/645/1339
f 754/646/1340 745/645/1340 746/647/1340
f 747/645/1341 754/646/1341 746/647/1341
f 748/644/1342 755/643/1342 747/645/1342
f 749/648/1343 756/649/1343 748/644/1343
f 750/650/1344 757/651/1344 749/648/1344
f 759/651/1345 750/650/1345 751/648/1345
f 760/649/1346 751/648/1346 752/644/1346
f 753/643/1347 768/652/1347 760/649/1347
f 754/646/1348 761/653/1348 753/643/1348
f 763/653/1349 754/646/1349 755/643/1349
f 764/652/1350 755/643/1350 756/649/1350
f 765/654/1351 756/649/1351 757/651/1351
f 766/655/1352 757/651/1352 758/656/1352
f 759/651/1353 766/655/1353 758/656/1353
f 760/649/1354 767/654/1354 759/651/1354
f 761/653/1355 776/657/1355 768/652/1355
f 762/658/1356 769/659/1356 761/653/1356
f 771/659/1357 762/658/1357 763/653/1357
f 772/657/1358 763/653/1358 764/652/1358
f 773/660/1359 764/652/1359 765/654/1359
f 774/661/1360 765/654/1360 766/655/1360
f 767/654/1361 774/661/1361 766/655/1361
f 768/652/1362 775/660/1362 767/654/1362
f 769/659/1363 784/662/1363 776/657/1363
f 770/663/1364 777/664/1364 769/659/1364
f 779/664/1365 770/663/1365 771/659/1365
f 780/662/1366 771/659/1366 772/657/1366
f 781/665/1367 772/657/1367 773/660/1367
f 782/666/1368 773/660/1368 774/661/1368
f 775/660/1369 782/666/1369 774/661/1369
f 776/657/1370 783/665/1370 775/660/1370
f 777/664/1371 792/667/1371 784/662/1371
f 778/668/1372 785/669/1372 777/664/1372
f 787/669/1373 778/668/1373 779/664/1373
f 788/667/1374 779/664/1374 780/662/1374
f 789/670/1375 780/662/1375 781/665/1375
f 790/671/1376 781/665/1376 782/666/1376
f 783/665/1377 790/671/1377 782/666/1377
f 784/662/1378 791/670/1378 783/665/1378
f 785/669/1379 800/672/1379 792/667/1379
f 786/673/1380 793/674/1380 785/669/1380
f 795/674/1381 786/673/1381 787/669/1381
f 796/672/1382 787/669/1382 788/667/1382
f 797/675/1383 788/667/1383 789/670/1383
f 798/676/1384 789/670/1384 790/671/1384
f 791/670/1385 798/676/1385 790/671/1385
f 792/667/1386 799/675/1386 791/670/1386
f 793/674/1387 808/677/1387 800/672/1387
f 794/678/1388 801/679/1388 793/674/1388
f 803/679/1389 794/678/1389 795/674/1389
f 804/677/1390 795/674/1390 796/672/1390
f 805/680/1391 796/672/1391 797/675/1391
f 806/681/1392 797/675/1392 798/676/1392
f 799/675/1393 806/681/1393 798/676/1393
f 800/672/1394 807/680/1394 799/675/1394
f 801/679/1395 816/682/1395 808/677/1395
f 802/683/1396 809/684/1396 801/679/1396
f 811/684/1397 802/683/1397 803/679/1397
f 812/682/1398 803/679/1398 804/677/1398
f 813/685/1399 804/677/1399 805/680/1399
f 814/686/1400 805/680/1400 806/681/1400
f 807/680/1401 814/686/1401 806/681/1401
f 808/677/1402 815/685/1402 807/680/1402
f 817/687/1403 816/682/1403 809/684/1403
f 818/688/1404 809/684/1404 810/689/1404
f 811/684/1405 818/688/1405 810/689/1405
f 812/682/1406 819/687/1406 811/684/1406
f 813/685/1407 820/690/1407 812/682/1407
f 814/686/1408 821/691/1408 813/685/1408
f 823/691/1409 814/686/1409 815/685/1409
f 824/690/1410 815/685/1410 816/682/1410
f 817/687/1411 832/692/1411 824/690/1411
f 818/688/1412 825/693/1412 817/687/1412
f 827/693/1413 818/688/1413 819/687/1413
f 828/692/1414 819/687/1414 820/690/1414
f 829/694/1415 820/690/1415 821/691/1415
f 830/695/1416 821/691/1416 822/696/1416
f 823/691/1417 830/695/1417 822/696/1417
f 824/690/1418 831/694/1418 823/691/1418
f 825/693/1419 840/697/1419 832/692/1419
f 826/698/1420 833/699/1420 825/693/1420
f 835/699/1421 826/698/1421 827/693/1421
f 836/697/1422 827/693/1422 828/692/1422
f 837/700/1423 828/692/1423 829/694/1423
f 838/701/1424 829/694/1424 830/695/1424
f 831/694/1425 838/701/1425 830/695/1425
f 832/692/1426 839/700/1426 831/694/1426
f 833/699/1427 848/702/1427 840/697/1427
f 834/703/1428 841/704/1428 833/699/1428
f 843/704/1429 834/703/1429 835/699/1429
f 844/702/1430 835/699/1430 836/697/1430
f 845/705/1431 836/697/1431 837/700/1431
f 846/706/1432 837/700/1432 838/701/1432
f 839/700/1433 846/706/1433 838/701/1433
f 840/697/1434 847/705/1434 839/700/1434
f 849/707/1435 848/702/1435 841/704/1435
f 850/708/1436 841/704/1436 842/709/1436
f 843/704/1437 850/708/1437 842/709/1437
f 844/702/1438 851/707/1438 843/704/1438
f 845/705/1439 852/710/1439 844/702/1439
f 846/706/1440 853/711/1440 845/705/1440
f 855/711/1441 846/706/1441 847/705/1441
f 856/710/1442 847/705/1442 848/702/1442
f 857/712/1443 856/710/1443 849/707/1443
f 858/713/1444 849/707/1444 850/708/1444
f 851/707/1445 858/713/1445 850/708/1445
f 852/710/1446 859/712/1446 851/707/1446
f 853/711/1447 860/714/1447 852/710/1447
f 854/715/1448 861/716/1448 853/711/1448
f 863/716/1449 854/715/1449 855/711/1449
f 864/714/1450 855/711/1450 856/710/1450
f 865/717/1451 864/714/1451 857/712/1451
f 866/718/1452 857/712/1452 858/713/1452
f 859/712/1453 866/718/1453 858/713/1453
f 860/714/1454 867/717/1454 859/712/1454
f 861/716/1455 868/719/1455 860/714/1455
f 862/720/1456 869/721/1456 861/716/1456
f 871/721/1457 862/720/1457 863/716/1457
f 872/719/1458 863/716/1458 864/714/1458
f 873/722/1459 872/719/1459 865/717/1459
f 874/723/1460 865/717/1460 866/718/1460
f 867/717/1461 874/723/1461 866/718/1461
f 868/719/1462 875/722/1462 867/717/1462
f 869/721/1463 876/724/1463 868/719/1463
f 870/725/1464 877/726/1464 869/721/1464
f 879/726/1465 870/725/1465 871/721/1465
f 880/724/1466 871/721/1466 872/719/1466
f 881/727/1467 880/724/1467 873/722/1467
f 882/728/1468 873/722/1468 874/723/1468
f 875/722/1469 882/728/1469 874/723/1469
f 876/724/1470 883/727/1470 875/722/1470
f 877/726/1471 884/729/1471 876/724/1471
f 878/730/1472 885/731/1472 877/726/1472
f 887/731/1473 878/730/1473 879/726/1473
f 888/729/1474 879/726/1474 880/724/1474
f 889/732/1475 888/729/1475 881/727/1475
f 890/733/1476 881/727/1476 882/728/1476
f 883/727/1477 890/733/1477 882/728/1477
f 884/729/1478 891/732/1478 883/727/1478
f 885/731/1479 892/734/1479 884/729/1479
f 886/735/1480 893/736/1480 885/731/1480
f 895/736/1481 886/735/1481 887/731/1481
f 896/734/1482 887/731/1482 888/729/1482
f 889/732/1483 904/737/1483 896/734/1483
f 890/733/1484 897/738/1484 889/732/1484
f 899/738/1485 890/733/1485 891/732/1485
f 900/737/1486 891/732/1486 892/734/1486
f 901/739/1487 892/734/1487 893/736/1487
f 902/740/1488 893/736/1488 894/741/1488
f 895/736/1489 902/740/1489 894/741/1489
f 896/734/1490 903/739/1490 895/736/1490
f 897/738/1491 912/742/1491 904/737/1491
f 898/743/1492 905/744/1492 897/738/1492
f 907/744/1493 898/743/1493 899/738/1493
f 908/742/1494 899/738/1494 900/737/1494
f 909/745/1495 900/737/1495 901/739/1495
f 910/746/1496 901/739/1496 902/740/1496
f 903/739/1497 910/746/1497 902/740/1497
f 904/737/1498 911/745/1498 903/739/1498
f 905/744/1499 920/747/1499 912/742/1499
f 906/748/1500 913/749/1500 905/744/1500
f 915/749/1501 906/748/1501 907/744/1501
f 916/747/1502 907/744/1502 908/742/1502
f 917/750/1503 908/742/1503 909/745/1503
f 918/751/1504 909/745/1504 910/746/1504
f 911/745/1505 918/751/1505 910/746/1505
f 912/742/1506 919/750/1506 911/745/1506
f 913/749/1507 928/752/1507 920/747/1507
f 914/753/1508 921/754/1508 913/749/1508
f 923/754/1509 914/753/1509 915/749/1509
f 924/752/1510 915/749/1510 916/747/1510
f 925/755/1511 916/747/1511 917/750/1511
f 926/756/1512 917/750/1512 918/751/1512
f 919/750/1513 926/756/1513 918/751/1513
f 920/747/1514 927/755/1514 919/750/1514
f 921/754/1515 936/757/1515 928/752/1515
f 922/758/1516 929/759/1516 921/754/1516
f 931/759/1517 922/758/1517 923/754/1517
f 932/757/1518 923/754/1518 924/752/1518
f 933/760/1519 924/752/1519 925/755/1519
f 934/761/1520 925/755/1520 926/756/1520
f 927/755/1521 934/761/1521 926/756/1521
f 928/752/1522 935/760/1522 927/755/1522
f 944/762/1523 945/763/1523 937/764/1523
f 937/764/1524 946/765/1524 938/766/1524
f 939/764/1525 946/765/1525 947/763/1525
f 940/762/1526 947/763/1526 948/767/1526
f 941/768/1527 948/767/1527 949/769/1527
f 942/770/1528 949/769/1528 950/771/1528
f 942/770/1529 951/769/1529 943/768/1529
f 943/768/1530 952/767/1530 944/762/1530
f 945/763/1531 960/772/1531 953/773/1531
f 946/765/1532 953/773/1532 954/774/1532
f 946/765/1533 955/773/1533 947/763/1533
f 947/763/1534 956/772/1534 948/767/1534
f 948/767/1535 957/775/1535 949/769/1535
f 949/769/1536 958/776/1536 950/771/1536
f 951/769/1537 958/776/1537 959/775/1537
f 952/767/1538 959/775/1538 960/772/1538
f 953/773/1539 968/777/1539 961/778/1539
f 954/774/1540 961/778/1540 962/779/1540
f 954/774/1541 963/778/1541 955/773/1541
f 955/773/1542 964/777/1542 956/772/1542
f 956/772/1543 965/780/1543 957/775/1543
f 957/775/1544 966/781/1544 958/776/1544
f 959/775/1545 966/781/1545 967/780/1545
f 960/772/1546 967/780/1546 968/777/1546
f 961/778/1547 976/782/1547 969/783/1547
f 962/779/1548 969/783/1548 970/784/1548
f 962/779/1549 971/783/1549 963/778/1549
f 963/778/1550 972/782/1550 964/777/1550
f 964/777/1551 973/785/1551 965/780/1551
f 965/780/1552 974/786/1552 966/781/1552
f 967/780/1553 974/786/1553 975/785/1553
f 968/777/1554 975/785/1554 976/782/1554
f 969/783/1555 984/787/1555 977/788/1555
f 970/784/1556 977/788/1556 978/789/1556
f 970/784/1557 979/788/1557 971/783/1557
f 971/783/1558 980/787/1558 972/782/1558
f 972/782/1559 981/790/1559 973/785/1559
f 973/785/1560 982/791/1560 974/786/1560
f 975/785/1561 982/791/1561 983/790/1561
f 976/782/1562 983/790/1562 984/787/1562
f 977/788/1563 992/792/1563 985/793/1563
f 978/789/1564 985/793/1564 986/794/1564
f 978/789/1565 987/793/1565 979/788/1565
f 979/788/1566 988/792/1566 980/787/1566
f 980/787/1567 989/795/1567 981/790/1567
f 981/790/1568 990/796/1568 982/791/1568
f 983/790/1569 990/796/1569 991/795/1569
f 984/787/1570 991/795/1570 992/792/1570
f 985/793/1571 1000/797/1571 993/798/1571
f 986/794/1572 993/798/1572 994/799/1572
f 986/794/1573 995/798/1573 987/793/1573
f 987/793/1574 996/797/1574 988/792/1574
f 988/792/1575 997/800/1575 989/795/1575
f 989/795/1576 998/801/1576 990/796/1576
f 991/795/1577 998/801/1577 999/800/1577
f 992/792/1578 999/800/1578 1000/797/1578
f 993/798/1579 1008/802/1579 1001/803/1579
f 994/799/1580 1001/803/1580 1002/804/1580
f 994/799/1581 1003/803/1581 995/798/1581
f 995/798/1582 1004/802/1582 996/797/1582
f 996/797/1583 1005/805/1583 997/800/1583
f 997/800/1584 1006/806/1584 998/801/1584
f 999/800/1585 1006/806/1585 1007/805/1585
f 1000/797/1586 1007/805/1586 1008/802/1586
f 1008/802/1587 1009/807/1587 1001/803/1587
f 1001/803/1588 1010/808/1588 1002/804/1588
f 1003/803/1589 1010/808/1589 1011/807/1589
f 1004/802/1590 1011/807/1590 1012/809/1590
f 1005/805/1591 1012/809/1591 1013/810/1591
f 1006/806/1592 1013/810/1592 1014/811/1592
f 1006/806/1593 1015/810/1593 1007/805/1593
f 1007/805/1594 1016/809/1594 1008/802/1594
f 1009/807/1595 1024/812/1595 1017/813/1595
f 1010/808/1596 1017/813/1596 1018/814/1596
f 1010/808/1597 1019/813/1597 1011/807/1597
f 1011/807/1598 1020/812/1598 1012/809/1598
f 1012/809/1599 1021/815/1599 1013/810/1599
f 1013/810/1600 1022/816/1600 1014/811/1600
f 1015/810/1601 1022/816/1601 1023/815/1601
f 1016/809/1602 1023/815/1602 1024/812/1602
f 1017/813/1603 1032/817/1603 1025/818/1603
f 1018/814/1604 1025/818/1604 1026/819/1604
f 1018/814/1605 1027/818/1605 1019/813/1605
f 1019/813/1606 1028/817/1606 1020/812/1606
f 1020/812/1607 1029/820/1607 1021/815/1607
f 1021/815/1608 1030/821/1608 1022/816/1608
f 1023/815/1609 1030/821/1609 1031/820/1609
f 1024/812/1610 1031/820/1610 1032/817/1610
f 1025/818/1611 1040/822/1611 1033/823/1611
f 1026/819/1612 1033/823/1612 1034/824/1612
f 1026/819/1613 1035/823/1613 1027/818/1613
f 1027/818/1614 1036/822/1614 1028/817/1614
f 1028/817/1615 1037/825/1615 1029/820/1615
f 1029/820/1616 1038/826/1616 1030/821/1616
f 1031/820/1617 1038/826/1617 1039/825/1617
f 1032/817/1618 1039/825/1618 1040/822/1618
f 1040/822/1619 1041/827/1619 1033/823/1619
f 1033/823/1620 1042/828/1620 1034/824/1620
f 1035/823/1621 1042/828/1621 1043/827/1621
f 1036/822/1622 1043/827/1622 1044/829/1622
f 1037/825/1623 1044/829/1623 1045/830/1623
f 1038/826/1624 1045/830/1624 1046/831/1624
f 1038/826/1625 1047/830/1625 1039/825/1625
f 1039/825/1626 1048/829/1626 1040/822/1626
f 1048/829/1627 1049/832/1627 1041/827/1627
f 1041/827/1628 1050/833/1628 1042/828/1628
f 1043/827/1629 1050/833/1629 1051/832/1629
f 1044/829/1630 1051/832/1630 1052/834/1630
f 1045/830/1631 1052/834/1631 1053/835/1631
f 1046/831/1632 1053/835/1632 1054/836/1632
f 1046/831/1633 1055/835/1633 1047/830/1633
f 1047/830/1634 1056/834/1634 1048/829/1634
f 1056/834/1635 1057/837/1635 1049/832/1635
f 1049/832/1636 1058/838/1636 1050/833/1636
f 1051/832/1637 1058/838/1637 1059/837/1637
f 1052/834/1638 1059/837/1638 1060/839/1638
f 1053/835/1639 1060/839/1639 1061/840/1639
f 1054/836/1640 1061/840/1640 1062/841/1640
f 1054/836/1641 1063/840/1641 1055/835/1641
f 1055/835/1642 1064/839/1642 1056/834/1642
f 1064/839/1643 1065/842/1643 1057/837/1643
f 1057/837/1644 1066/843/1644 1058/838/1644
f 1059/837/1645 1066/843/1645 1067/842/1645
f 1060/839/1646 1067/842/1646 1068/844/1646
f 1061/840/1647 1068/844/1647 1069/845/1647
f 1062/841/1648 1069/845/1648 1070/846/1648
f 1062/841/1649 1071/845/1649 1063/840/1649
f 1063/840/1650 1072/844/1650 1064/839/1650
f 1072/844/1651 1073/847/1651 1065/842/1651
f 1065/842/1652 1074/848/1652 1066/843/1652
f 1067/842/1653 1074/848/1653 1075/847/1653
f 1068/844/1654 1075/847/1654 1076/849/1654
f 1069/845/1655 1076/849/1655 1077/850/1655
f 1070/846/1656 1077/850/1656 1078/851/1656
f 1070/846/1657 1079/850/1657 1071/845/1657
f 1071/845/1658 1080/849/1658 1072/844/1658
f 1080/849/1659 1081/852/1659 1073/847/1659
f 1073/847/1660 1082/853/1660 1074/848/1660
f 1075/847/1661 1082/853/1661 1083/852/1661
f 1076/849/1662 1083/852/1662 1084/854/1662
f 1077/850/1663 1084/854/1663 1085/855/1663
f 1078/851/1664 1085/855/1664 1086/856/1664
f 1078/851/1665 1087/855/1665 1079/850/1665
f 1079/850/1666 1088/854/1666 1080/849/1666
f 1081/852/1667 1096/857/1667 1089/858/1667
f 1082/853/1668 1089/858/1668 1090/859/1668
f 1082/853/1669 1091/858/1669 1083/852/1669
f 1083/852/1670 1092/857/1670 1084/854/1670
f 1084/854/1671 1093/860/1671 1085/855/1671
f 1085/855/1672 1094/861/1672 1086/856/1672
f 1087/855/1673 1094/861/1673 1095/860/1673
f 1088/854/1674 1095/860/1674 1096/857/1674
f 1089/858/1675 1104/862/1675 1097/863/1675
f 1090/859/1676 1097/863/1676 1098/864/1676
f 1090/859/1677 1099/863/1677 1091/858/1677
f 1091/858/1678 1100/862/1678 1092/857/1678
f 1092/857/1679 1101/865/1679 1093/860/1679
f 1093/860/1680 1102/866/1680 1094/861/1680
f 1095/860/1681 1102/866/1681 1103/865/1681
f 1096/857/1682 1103/865/1682 1104/862/1682
f 1097/863/1683 1112/867/1683 1105/868/1683
f 1098/864/1684 1105/868/1684 1106/869/1684
f 1098/864/1685 1107/868/1685 1099/863/1685
f 1099/863/1686 1108/867/1686 1100/862/1686
f 1100/862/1687 1109/870/1687 1101/865/1687
f 1101/865/1688 1110/871/1688 1102/866/1688
f 1103/865/1689 1110/871/1689 1111/870/1689
f 1104/862/1690 1111/870/1690 1112/867/1690
f 1105/868/1691 1120/872/1691 1113/873/1691
f 1106/869/1692 1113/873/1692 1114/874/1692
f 1106/869/1693 1115/873/1693 1107/868/1693
f 1107/868/1694 1116/872/1694 1108/867/1694
f 1108/867/1695 1117/875/1695 1109/870/1695
f 1109/870/1696 1118/876/1696 1110/871/1696
f 1111/870/1697 1118/876/1697 1119/875/1697
f 1112/867/1698 1119/875/1698 1120/872/1698
f 1113/873/1699 1128/877/1699 1121/878/1699
f 1114/874/1700 1121/878/1700 1122/879/1700
f 1114/874/1701 1123/878/1701 1115/873/1701
f 1115/873/1702 1124/877/1702 1116/872/1702
f 1116/872/1703 1125/880/1703 1117/875/1703
f 1117/875/1704 1126/881/1704 1118/876/1704
f 1119/875/1705 1126/881/1705 1127/880/1705
f 1120/872/1706 1127/880/1706 1128/877/1706
f 753/643/1707 760/649/1707 752/644/1707
f 754/646/1708 753/643/1708 745/645/1708
f 747/645/1709 755/643/1709 754/646/1709
f 748/644/1710 756/649/1710 755/643/1710
f 749/648/1711 757/651/1711 756/649/1711
f 750/650/1712 758/656/1712 757/651/1712
f 759/651/1713 758/656/1713 750/650/1713
f 760/649/1714 759/651/1714 751/648/1714
f 753/643/1715 761/653/1715 768/652/1715
f 754/646/1716 762/658/1716 761/653/1716
f 763/653/1717 762/658/1717 754/646/1717
f 764/652/1718 763/653/1718 755/643/1718
f 765/654/1719 764/652/1719 756/649/1719
f 766/655/1720 765/654/1720 757/651/1720
f 759/651/1721 767/654/1721 766/655/1721
f 760/649/1722 768/652/1722 767/654/1722
f 761/653/1723 769/659/1723 776/657/1723
f 762/658/1724 770/663/1724 769/659/1724
f 771/659/1725 770/663/1725 762/658/1725
f 772/657/1726 771/659/1726 763/653/1726
f 773/660/1727 772/657/1727 764/652/1727
f 774/661/1728 773/660/1728 765/654/1728
f 767/654/1729 775/660/1729 774/661/1729
f 768/652/1730 776/657/1730 775/660/1730
f 769/659/1731 777/664/1731 784/662/1731
f 770/663/1732 778/668/1732 777/664/1732
f 779/664/1733 778/668/1733 770/663/1733
f 780/662/1734 779/664/1734 771/659/1734
f 781/665/1735 780/662/1735 772/657/1735
f 782/666/1736 781/665/1736 773/660/1736
f 775/660/1737 783/665/1737 782/666/1737
f 776/657/1738 784/662/1738 783/665/1738
f 777/664/1739 785/669/1739 792/667/1739
f 778/668/1740 786/673/1740 785/669/1740
f 787/669/1741 786/673/1741 778/668/1741
f 788/667/1742 787/669/1742 779/664/1742
f 789/670/1743 788/667/1743 780/662/1743
f 790/671/1744 789/670/1744 781/665/1744
f 783/665/1745 791/670/1745 790/671/1745
f 784/662/1746 792/667/1746 791/670/1746
f 785/669/1747 793/674/1747 800/672/1747
f 786/673/1748 794/678/1748 793/674/1748
f 795/674/1749 794/678/1749 786/673/1749
f 796/672/1750 795/674/1750 787/669/1750
f 797/675/1751 796/672/1751 788/667/1751
f 798/676/1752 797/675/1752 789/670/1752
f 791/670/1753 799/675/1753 798/676/1753
f 792/667/1754 800/672/1754 799/675/1754
f 793/674/1755 801/679/1755 808/677/1755
f 794/678/1756 802/683/1756 801/679/1756
f 803/679/1757 802/683/1757 794/678/1757
f 804/677/1758 803/679/1758 795/674/1758
f 805/680/1759 804/677/1759 796/672/1759
f 806/681/1760 805/680/1760 797/675/1760
f 799/675/1761 807/680/1761 806/681/1761
f 800/672/1762 808/677/1762 807/680/1762
f 801/679/1395 809/684/1395 816/682/1395
f 802/683/1396 810/689/1396 809/684/1396
f 811/684/1397 810/689/1397 802/683/1397
f 812/682/1398 811/684/1398 803/679/1398
f 813/685/1399 812/682/1399 804/677/1399
f 814/686/1400 813/685/1400 805/680/1400
f 807/680/1401 815/685/1401 814/686/1401
f 808/677/1402 816/682/1402 815/685/1402
f 817/687/1403 824/690/1403 816/682/1403
f 818/688/1404 817/687/1404 809/684/1404
f 811/684/1405 819/687/1405 818/688/1405
f 812/682/1406 820/690/1406 819/687/1406
f 813/685/1407 821/691/1407 820/690/1407
f 814/686/1408 822/696/1408 821/691/1408
f 823/691/1409 822/696/1409 814/686/1409
f 824/690/1410 823/691/1410 815/685/1410
f 817/687/1411 825/693/1411 832/692/1411
f 818/688/1412 826/698/1412 825/693/1412
f 827/693/1413 826/698/1413 818/688/1413
f 828/692/1414 827/693/1414 819/687/1414
f 829/694/1415 828/692/1415 820/690/1415
f 830/695/1416 829/694/1416 821/691/1416
f 823/691/1763 831/694/1763 830/695/1763
f 824/690/1418 832/692/1418 831/694/1418
f 825/693/1419 833/699/1419 840/697/1419
f 826/698/1420 834/703/1420 833/699/1420
f 835/699/1421 834/703/1421 826/698/1421
f 836/697/1422 835/699/1422 827/693/1422
f 837/700/1423 836/697/1423 828/692/1423
f 838/701/1764 837/700/1764 829/694/1764
f 831/694/1765 839/700/1765 838/701/1765
f 832/692/1426 840/697/1426 839/700/1426
f 833/699/1427 841/704/1427 848/702/1427
f 834/703/1428 842/709/1428 841/704/1428
f 843/704/1429 842/709/1429 834/703/1429
f 844/702/1430 843/704/1430 835/699/1430
f 845/705/1431 844/702/1431 836/697/1431
f 846/706/1432 845/705/1432 837/700/1432
f 839/700/1433 847/705/1433 846/706/1433
f 840/697/1434 848/702/1434 847/705/1434
f 849/707/1435 856/710/1435 848/702/1435
f 850/708/1436 849/707/1436 841/704/1436
f 843/704/1437 851/707/1437 850/708/1437
f 844/702/1438 852/710/1438 851/707/1438
f 845/705/1439 853/711/1439 852/710/1439
f 846/706/1440 854/715/1440 853/711/1440
f 855/711/1441 854/715/1441 846/706/1441
f 856/710/1442 855/711/1442 847/705/1442
f 857/712/1766 864/714/1766 856/710/1766
f 858/713/1767 857/712/1767 849/707/1767
f 851/707/1768 859/712/1768 858/713/1768
f 852/710/1769 860/714/1769 859/712/1769
f 853/711/1770 861/716/1770 860/714/1770
f 854/715/1771 862/720/1771 861/716/1771
f 863/716/1772 862/720/1772 854/715/1772
f 864/714/1773 863/716/1773 855/711/1773
f 865/717/1774 872/719/1774 864/714/1774
f 866/718/1775 865/717/1775 857/712/1775
f 859/712/1776 867/717/1776 866/718/1776
f 860/714/1777 868/719/1777 867/717/1777
f 861/716/1778 869/721/1778 868/719/1778
f 862/720/1779 870/725/1779 869/721/1779
f 871/721/1780 870/725/1780 862/720/1780
f 872/719/1781 871/721/1781 863/716/1781
f 873/722/1782 880/724/1782 872/719/1782
f 874/723/1783 873/722/1783 865/717/1783
f 867/717/1784 875/722/1784 874/723/1784
f 868/719/1785 876/724/1785 875/722/1785
f 869/721/1786 877/726/1786 876/724/1786
f 870/725/1787 878/730/1787 877/726/1787
f 879/726/1788 878/730/1788 870/725/1788
f 880/724/1789 879/726/1789 871/721/1789
f 881/727/1790 888/729/1790 880/724/1790
f 882/728/1791 881/727/1791 873/722/1791
f 875/722/1792 883/727/1792 882/728/1792
f 876/724/1793 884/729/1793 883/727/1793
f 877/726/1794 885/731/1794 884/729/1794
f 878/730/1795 886/735/1795 885/731/1795
f 887/731/1796 886/735/1796 878/730/1796
f 888/729/1797 887/731/1797 879/726/1797
f 889/732/1798 896/734/1798 888/729/1798
f 890/733/1476 889/732/1476 881/727/1476
f 883/727/1477 891/732/1477 890/733/1477
f 884/729/1799 892/734/1799 891/732/1799
f 885/731/1479 893/736/1479 892/734/1479
f 886/735/1480 894/741/1480 893/736/1480
f 895/736/1481 894/741/1481 886/735/1481
f 896/734/1482 895/736/1482 887/731/1482
f 889/732/1800 897/738/1800 904/737/1800
f 890/733/1801 898/743/1801 897/738/1801
f 899/738/1802 898/743/1802 890/733/1802
f 900/737/1803 899/738/1803 891/732/1803
f 901/739/1804 900/737/1804 892/734/1804
f 902/740/1805 901/739/1805 893/736/1805
f 895/736/1806 903/739/1806 902/740/1806
f 896/734/1807 904/737/1807 903/739/1807
f 897/738/1808 905/744/1808 912/742/1808
f 898/743/1809 906/748/1809 905/744/1809
f 907/744/1810 906/748/1810 898/743/1810
f 908/742/1811 907/744/1811 899/738/1811
f 909/745/1812 908/742/1812 900/737/1812
f 910/746/1813 909/745/1813 901/739/1813
f 903/739/1814 911/745/1814 910/746/1814
f 904/737/1815 912/742/1815 911/745/1815
f 905/744/1816 913/749/1816 920/747/1816
f 906/748/1817 914/753/1817 913/749/1817
f 915/749/1818 914/753/1818 906/748/1818
f 916/747/1819 915/749/1819 907/744/1819
f 917/750/1820 916/747/1820 908/742/1820
f 918/751/1821 917/750/1821 909/745/1821
f 911/745/1822 919/750/1822 918/751/1822
f 912/742/1823 920/747/1823 919/750/1823
f 913/749/1824 921/754/1824 928/752/1824
f 914/753/1825 922/758/1825 921/754/1825
f 923/754/1826 922/758/1826 914/753/1826
f 924/752/1827 923/754/1827 915/749/1827
f 925/755/1828 924/752/1828 916/747/1828
f 926/756/1829 925/755/1829 917/750/1829
f 919/750/1830 927/755/1830 926/756/1830
f 920/747/1831 928/752/1831 927/755/1831
f 921/754/1515 929/759/1515 936/757/1515
f 922/758/1516 930/882/1516 929/759/1516
f 931/759/1517 930/882/1517 922/758/1517
f 932/757/1518 931/759/1518 923/754/1518
f 933/760/1519 932/757/1519 924/752/1519
f 934/761/1832 933/760/1832 925/755/1832
f 927/755/1833 935/760/1833 934/761/1833
f 928/752/1522 936/757/1522 935/760/1522
f 944/762/1834 952/767/1834 945/763/1834
f 937/764/1835 945/763/1835 946/765/1835
f 939/764/1836 938/766/1836 946/765/1836
f 940/762/1837 939/764/1837 947/763/1837
f 941/768/1838 940/762/1838 948/767/1838
f 942/770/1839 941/768/1839 949/769/1839
f 942/770/1840 950/771/1840 951/769/1840
f 943/768/1841 951/769/1841 952/767/1841
f 945/763/1842 952/767/1842 960/772/1842
f 946/765/1843 945/763/1843 953/773/1843
f 946/765/1844 954/774/1844 955/773/1844
f 947/763/1845 955/773/1845 956/772/1845
f 948/767/1846 956/772/1846 957/775/1846
f 949/769/1847 957/775/1847 958/776/1847
f 951/769/1848 950/771/1848 958/776/1848
f 952/767/1849 951/769/1849 959/775/1849
f 953/773/1850 960/772/1850 968/777/1850
f 954/774/1851 953/773/1851 961/778/1851
f 954/774/1852 962/779/1852 963/778/1852
f 955/773/1853 963/778/1853 964/777/1853
f 956/772/1854 964/777/1854 965/780/1854
f 957/775/1855 965/780/1855 966/781/1855
f 959/775/1856 958/776/1856 966/781/1856
f 960/772/1857 959/775/1857 967/780/1857
f 961/778/1858 968/777/1858 976/782/1858
f 962/779/1859 961/778/1859 969/783/1859
f 962/779/1860 970/784/1860 971/783/1860
f 963/778/1861 971/783/1861 972/782/1861
f 964/777/1862 972/782/1862 973/785/1862
f 965/780/1863 973/785/1863 974/786/1863
f 967/780/1864 966/781/1864 974/786/1864
f 968/777/1865 967/780/1865 975/785/1865
f 969/783/1866 976/782/1866 984/787/1866
f 970/784/1867 969/783/1867 977/788/1867
f 970/784/1868 978/789/1868 979/788/1868
f 971/783/1869 979/788/1869 980/787/1869
f 972/782/1870 980/787/1870 981/790/1870
f 973/785/1871 981/790/1871 982/791/1871
f 975/785/1872 974/786/1872 982/791/1872
f 976/782/1873 975/785/1873 983/790/1873
f 977/788/1874 984/787/1874 992/792/1874
f 978/789/1875 977/788/1875 985/793/1875
f 978/789/1876 986/794/1876 987/793/1876
f 979/788/1877 987/793/1877 988/792/1877
f 980/787/1878 988/792/1878 989/795/1878
f 981/790/1879 989/795/1879 990/796/1879
f 983/790/1880 982/791/1880 990/796/1880
f 984/787/1881 983/790/1881 991/795/1881
f 985/793/1882 992/792/1882 1000/797/1882
f 986/794/1883 985/793/1883 993/798/1883
f 986/794/1884 994/799/1884 995/798/1884
f 987/793/1885 995/798/1885 996/797/1885
f 988/792/1886 996/797/1886 997/800/1886
f 989/795/1887 997/800/1887 998/801/1887
f 991/795/1888 990/796/1888 998/801/1888
f 992/792/1889 991/795/1889 999/800/1889
f 993/798/1579 1000/797/1579 1008/802/1579
f 994/799/1580 993/798/1580 1001/803/1580
f 994/799/1581 1002/804/1581 1003/803/1581
f 995/798/1582 1003/803/1582 1004/802/1582
f 996/797/1583 1004/802/1583 1005/805/1583
f 997/800/1584 1005/805/1584 1006/806/1584
f 999/800/1585 998/801/1585 1006/806/1585
f 1000/797/1586 999/800/1586 1007/805/1586
f 1008/802/1587 1016/809/1587 1009/807/1587
f 1001/803/1588 1009/807/1588 1010/808/1588
f 1003/803/1589 1002/804/1589 1010/808/1589
f 1004/802/1590 1003/803/1590 1011/807/1590
f 1005/805/1591 1004/802/1591 1012/809/1591
f 1006/806/1592 1005/805/1592 1013/810/1592
f 1006/806/1593 1014/811/1593 1015/810/1593
f 1007/805/1594 1015/810/1594 1016/809/1594
f 1009/807/1595 1016/809/1595 1024/812/1595
f 1010/808/1596 1009/807/1596 1017/813/1596
f 1010/808/1597 1018/814/1597 1019/813/1597
f 1011/807/1598 1019/813/1598 1020/812/1598
f 1012/809/1599 1020/812/1599 1021/815/1599
f 1013/810/1600 1021/815/1600 1022/816/1600
f 1015/810/1601 1014/811/1601 1022/816/1601
f 1016/809/1602 1015/810/1602 1023/815/1602
f 1017/813/1603 1024/812/1603 1032/817/1603
f 1018/814/1604 1017/813/1604 1025/818/1604
f 1018/814/1605 1026/819/1605 1027/818/1605
f 1019/813/1606 1027/818/1606 1028/817/1606
f 1020/812/1607 1028/817/1607 1029/820/1607
f 1021/815/1608 1029/820/1608 1030/821/1608
f 1023/815/1609 1022/816/1609 1030/821/1609
f 1024/812/1610 1023/815/1610 1031/820/1610
f 1025/818/1611 1032/817/1611 1040/822/1611
f 1026/819/1612 1025/818/1612 1033/823/1612
f 1026/819/1613 1034/824/1613 1035/823/1613
f 1027/818/1614 1035/823/1614 1036/822/1614
f 1028/817/1615 1036/822/1615 1037/825/1615
f 1029/820/1616 1037/825/1616 1038/826/1616
f 1031/820/1617 1030/821/1617 1038/826/1617
f 1032/817/1618 1031/820/1618 1039/825/1618
f 1040/822/1619 1048/829/1619 1041/827/1619
f 1033/823/1620 1041/827/1620 1042/828/1620
f 1035/823/1621 1034/824/1621 1042/828/1621
f 1036/822/1622 1035/823/1622 1043/827/1622
f 1037/825/1623 1036/822/1623 1044/829/1623
f 1038/826/1624 1037/825/1624 1045/830/1624
f 1038/826/1625 1046/831/1625 1047/830/1625
f 1039/825/1626 1047/830/1626 1048/829/1626
f 1048/829/1890 1056/834/1890 1049/832/1890
f 1041/827/1891 1049/832/1891 1050/833/1891
f 1043/827/1892 1042/828/1892 1050/833/1892
f 1044/829/1893 1043/827/1893 1051/832/1893
f 1045/830/1631 1044/829/1631 1052/834/1631
f 1046/831/1894 1045/830/1894 1053/835/1894
f 1046/831/1895 1054/836/1895 1055/835/1895
f 1047/830/1634 1055/835/1634 1056/834/1634
f 1056/834/1896 1064/839/1896 1057/837/1896
f 1049/832/1897 1057/837/1897 1058/838/1897
f 1051/832/1898 1050/833/1898 1058/838/1898
f 1052/834/1899 1051/832/1899 1059/837/1899
f 1053/835/1900 1052/834/1900 1060/839/1900
f 1054/836/1901 1053/835/1901 1061/840/1901
f 1054/836/1902 1062/841/1902 1063/840/1902
f 1055/835/1903 1063/840/1903 1064/839/1903
f 1064/839/1904 1072/844/1904 1065/842/1904
f 1057/837/1905 1065/842/1905 1066/843/1905
f 1059/837/1906 1058/838/1906 1066/843/1906
f 1060/839/1907 1059/837/1907 1067/842/1907
f 1061/840/1908 1060/839/1908 1068/844/1908
f 1062/841/1909 1061/840/1909 1069/845/1909
f 1062/841/1910 1070/846/1910 1071/845/1910
f 1063/840/1911 1071/845/1911 1072/844/1911
f 1072/844/1912 1080/849/1912 1073/847/1912
f 1065/842/1913 1073/847/1913 1074/848/1913
f 1067/842/1914 1066/843/1914 1074/848/1914
f 1068/844/1915 1067/842/1915 1075/847/1915
f 1069/845/1916 1068/844/1916 1076/849/1916
f 1070/846/1917 1069/845/1917 1077/850/1917
f 1070/846/1918 1078/851/1918 1079/850/1918
f 1071/845/1919 1079/850/1919 1080/849/1919
f 1080/849/1920 1088/854/1920 1081/852/1920
f 1073/847/1921 1081/852/1921 1082/853/1921
f 1075/847/1922 1074/848/1922 1082/853/1922
f 1076/849/1923 1075/847/1923 1083/852/1923
f 1077/850/1663 1076/849/1663 1084/854/1663
f 1078/851/1664 1077/850/1664 1085/855/1664
f 1078/851/1665 1086/856/1665 1087/855/1665
f 1079/850/1666 1087/855/1666 1088/854/1666
f 1081/852/1924 1088/854/1924 1096/857/1924
f 1082/853/1925 1081/852/1925 1089/858/1925
f 1082/853/1926 1090/859/1926 1091/858/1926
f 1083/852/1927 1091/858/1927 1092/857/1927
f 1084/854/1928 1092/857/1928 1093/860/1928
f 1085/855/1929 1093/860/1929 1094/861/1929
f 1087/855/1930 1086/856/1930 1094/861/1930
f 1088/854/1931 1087/855/1931 1095/860/1931
f 1089/858/1932 1096/857/1932 1104/862/1932
f 1090/859/1933 1089/858/1933 1097/863/1933
f 1090/859/1934 1098/864/1934 1099/863/1934
f 1091/858/1935 1099/863/1935 1100/862/1935
f 1092/857/1936 1100/862/1936 1101/865/1936
f 1093/860/1937 1101/865/1937 1102/866/1937
f 1095/860/1938 1094/861/1938 1102/866/1938
f 1096/857/1939 1095/860/1939 1103/865/1939
f 1097/863/1940 1104/862/1940 1112/867/1940
f 1098/864/1941 1097/863/1941 1105/868/1941
f 1098/864/1942 1106/869/1942 1107/868/1942
f 1099/863/1943 1107/868/1943 1108/867/1943
f 1100/862/1944 1108/867/1944 1109/870/1944
f 1101/865/1945 1109/870/1945 1110/871/1945
f 1103/865/1946 1102/866/1946 1110/871/1946
f 1104/862/1947 1103/865/1947 1111/870/1947
f 1105/868/1948 1112/867/1948 1120/872/1948
f 1106/869/1949 1105/868/1949 1113/873/1949
f 1106/869/1950 1114/874/1950 1115/873/1950
f 1107/868/1951 1115/873/1951 1116/872/1951
f 1108/867/1952 1116/872/1952 1117/875/1952
f 1109/870/1953 1117/875/1953 1118/876/1953
f 1111/870/1954 1110/871/1954 1118/876/1954
f 1112/867/1955 1111/870/1955 1119/875/1955
f 1113/873/1699 1120/872/1699 1128/877/1699
f 1114/874/1700 1113/873/1700 1121/878/1700
f 1114/874/1701 1122/879/1701 1123/878/1701
f 1115/873/1702 1123/878/1702 1124/877/1702
f 1116/872/1703 1124/877/1703 1125/880/1703
f 1117/875/1704 1125/880/1704 1126/881/1704
f 1119/875/1705 1118/876/1705 1126/881/1705
f 1120/872/1706 1119/875/1706 1127/880/1706
o Lantern_Small_Handle_A_Cylinder
v -0.987761 1.776492 -0.008499
v -0.990748 1.773565 -0.014905
v -0.991985 1.766497 -0.017558
v -0.990748 1.759429 -0.014905
v -0.987761 1.756502 -0.008499
v -0.984774 1.759429 -0.002094
v -0.983537 1.766497 0.000560
v -0.984774 1.773565 -0.002094
v -0.966237 1.776492 -0.018536
v -0.969224 1.773565 -0.024941
v -0.970461 1.766497 -0.027595
v -0.969224 1.759429 -0.024941
v -0.966237 1.756502 -0.018536
v -0.963250 1.759429 -0.012131
v -0.962013 1.766497 -0.009477
v -0.963250 1.773565 -0.012131
v -0.963018 1.776291 -0.020037
v -0.966466 1.773408 -0.026228
v -0.968815 1.766448 -0.028362
v -0.968690 1.759488 -0.025190
v -0.966164 1.756605 -0.018570
v -0.962716 1.759488 -0.012379
v -0.960367 1.766448 -0.010245
v -0.960492 1.773408 -0.013417
v -0.959880 1.775477 -0.021500
v -0.963774 1.772726 -0.027483
v -0.967202 1.766084 -0.029114
v -0.968156 1.759443 -0.025440
v -0.966076 1.756692 -0.018611
v -0.962182 1.759443 -0.012629
v -0.958754 1.766084 -0.010997
v -0.957800 1.772726 -0.014672
v -0.956917 1.774073 -0.022882
v -0.961231 1.771538 -0.028669
v -0.965671 1.765417 -0.029828
v -0.967636 1.759296 -0.025682
v -0.965976 1.756761 -0.018658
v -0.961662 1.759296 -0.012871
v -0.957222 1.765417 -0.011711
v -0.955257 1.771538 -0.015858
v -0.954221 1.772123 -0.024139
v -0.958913 1.769881 -0.029749
v -0.964268 1.764467 -0.030483
v -0.967148 1.759053 -0.025910
v -0.965866 1.756810 -0.018709
v -0.961174 1.759053 -0.013099
v -0.955819 1.764467 -0.012365
v -0.952939 1.769881 -0.016939
v -0.951872 1.769686 -0.025235
v -0.956891 1.767805 -0.030692
v -0.963035 1.763262 -0.031057
v -0.966705 1.758719 -0.026116
v -0.965751 1.756837 -0.018763
v -0.960731 1.758719 -0.013305
v -0.954587 1.763262 -0.012940
v -0.950917 1.767805 -0.017881
v -0.949942 1.766837 -0.026134
v -0.955227 1.765373 -0.031468
v -0.962012 1.761839 -0.031535
v -0.966322 1.758305 -0.026295
v -0.965632 1.756841 -0.018818
v -0.960348 1.758305 -0.013484
v -0.953563 1.761839 -0.013417
v -0.949253 1.765373 -0.018657
v -0.948491 1.763660 -0.026811
v -0.953971 1.762659 -0.032054
v -0.961227 1.760242 -0.031901
v -0.966009 1.757825 -0.026441
v -0.965515 1.756823 -0.018872
v -0.960035 1.757825 -0.013630
v -0.952779 1.760242 -0.013783
v -0.947997 1.762659 -0.019243
v -0.947561 1.760254 -0.027245
v -0.953161 1.759746 -0.032432
v -0.960706 1.758519 -0.032144
v -0.965777 1.757291 -0.026549
v -0.965403 1.756783 -0.018925
v -0.959803 1.757291 -0.013738
v -0.952258 1.758519 -0.014026
v -0.947187 1.759746 -0.019621
v -0.947181 1.756722 -0.027422
v -0.952821 1.756722 -0.032590
v -0.960464 1.756722 -0.032256
v -0.965632 1.756722 -0.026616
v -0.965299 1.756722 -0.018974
v -0.959658 1.756722 -0.013805
v -0.952016 1.756722 -0.014139
v -0.946848 1.756722 -0.019779
v -0.947181 1.638558 -0.027422
v -0.952821 1.638558 -0.032590
v -0.960464 1.638558 -0.032256
v -0.965632 1.638558 -0.026616
v -0.965299 1.638558 -0.018974
v -0.959658 1.638558 -0.013805
v -0.952016 1.638558 -0.014139
v -0.946848 1.638558 -0.019779
v -0.947424 1.634950 -0.027308
v -0.953024 1.635459 -0.032495
v -0.960570 1.636686 -0.032207
v -0.965641 1.637913 -0.026612
v -0.965267 1.638422 -0.018989
v -0.959667 1.637913 -0.013802
v -0.952121 1.636686 -0.014090
v -0.947050 1.635459 -0.019685
v -0.948232 1.631444 -0.026932
v -0.953712 1.632445 -0.032175
v -0.960968 1.634862 -0.032021
v -0.965750 1.637279 -0.026561
v -0.965257 1.638281 -0.018993
v -0.959776 1.637279 -0.013750
v -0.952520 1.634862 -0.013904
v -0.947738 1.632445 -0.019364
v -0.949579 1.628145 -0.026304
v -0.954863 1.629609 -0.031638
v -0.961648 1.633142 -0.031704
v -0.965958 1.636676 -0.026464
v -0.965269 1.638140 -0.018987
v -0.959984 1.636676 -0.013653
v -0.953200 1.633142 -0.013587
v -0.948890 1.629609 -0.018827
v -0.951424 1.625154 -0.025443
v -0.956444 1.627036 -0.030901
v -0.962588 1.631579 -0.031266
v -0.966258 1.636122 -0.026325
v -0.965303 1.638004 -0.018971
v -0.960284 1.636122 -0.013514
v -0.954140 1.631579 -0.013149
v -0.950470 1.627036 -0.018090
v -0.953713 1.622563 -0.024376
v -0.958405 1.624806 -0.029986
v -0.963760 1.630220 -0.030720
v -0.966640 1.635634 -0.026146
v -0.965358 1.637876 -0.018946
v -0.960666 1.635634 -0.013336
v -0.955311 1.630220 -0.012602
v -0.952431 1.624806 -0.017175
v -0.956374 1.620449 -0.023135
v -0.960688 1.622985 -0.028922
v -0.965127 1.629105 -0.030082
v -0.967093 1.635226 -0.025935
v -0.965433 1.637761 -0.018911
v -0.961119 1.635226 -0.013124
v -0.956679 1.629105 -0.011964
v -0.954714 1.622985 -0.016111
v -0.959328 1.618878 -0.021758
v -0.963222 1.621629 -0.027740
v -0.966650 1.628270 -0.029372
v -0.967603 1.634911 -0.025697
v -0.965524 1.637662 -0.018868
v -0.961630 1.634911 -0.012886
v -0.958202 1.628270 -0.011255
v -0.957248 1.621629 -0.014929
v -0.962484 1.617896 -0.020286
v -0.965931 1.620779 -0.026477
v -0.968281 1.627739 -0.028611
v -0.968156 1.634699 -0.025440
v -0.965630 1.637582 -0.018819
v -0.962182 1.634699 -0.012629
v -0.959832 1.627739 -0.010494
v -0.959957 1.620779 -0.013666
v -0.965746 1.617533 -0.018765
v -0.968733 1.620461 -0.025170
v -0.969970 1.627529 -0.027824
v -0.968733 1.634596 -0.025170
v -0.965746 1.637524 -0.018765
v -0.962759 1.634596 -0.012359
v -0.961522 1.627529 -0.009706
v -0.962759 1.620461 -0.012359
v -1.024340 1.776492 0.008558
v -1.027327 1.773565 0.002152
v -1.028564 1.766497 -0.000501
v -1.027327 1.759429 0.002152
v -1.024340 1.756502 0.008558
v -1.021353 1.759429 0.014963
v -1.020116 1.766497 0.017616
v -1.021353 1.773565 0.014963
v -1.006050 1.776492 0.000029
v -1.009037 1.773565 -0.006376
v -1.010275 1.766497 -0.009029
v -1.009037 1.759429 -0.006376
v -1.006050 1.756502 0.000029
v -1.003064 1.759429 0.006435
v -1.001826 1.766497 0.009088
v -1.003064 1.773565 0.006435
v -1.045864 1.776492 0.018595
v -1.048851 1.773565 0.012189
v -1.050088 1.766497 0.009536
v -1.048851 1.759429 0.012189
v -1.045864 1.756502 0.018595
v -1.042877 1.759429 0.025000
v -1.041640 1.766497 0.027653
v -1.042877 1.773565 0.025000
v -1.049083 1.776291 0.020096
v -1.051609 1.773408 0.013475
v -1.051734 1.766448 0.010304
v -1.049384 1.759488 0.012438
v -1.045937 1.756605 0.018629
v -1.043411 1.759488 0.025249
v -1.043286 1.766448 0.028421
v -1.045635 1.773408 0.026286
v -1.052221 1.775477 0.021559
v -1.054301 1.772726 0.014731
v -1.053347 1.766084 0.011056
v -1.049919 1.759443 0.012687
v -1.046025 1.756692 0.018670
v -1.043945 1.759443 0.025498
v -1.044899 1.766084 0.029173
v -1.048327 1.772726 0.027541
v -1.055184 1.774073 0.022941
v -1.056844 1.771538 0.015916
v -1.054878 1.765417 0.011770
v -1.050439 1.759296 0.012930
v -1.046125 1.756761 0.018716
v -1.044465 1.759296 0.025740
v -1.046430 1.765417 0.029887
v -1.050870 1.771538 0.028727
v -1.057880 1.772123 0.024198
v -1.059162 1.769881 0.016997
v -1.056282 1.764467 0.012424
v -1.050927 1.759053 0.013157
v -1.046235 1.756810 0.018768
v -1.044953 1.759053 0.025968
v -1.047833 1.764467 0.030541
v -1.053188 1.769881 0.029808
v -1.060229 1.769686 0.025293
v -1.061183 1.767805 0.017940
v -1.057514 1.763262 0.012999
v -1.051370 1.758719 0.013364
v -1.046350 1.756837 0.018821
v -1.045396 1.758719 0.026175
v -1.049066 1.763262 0.031116
v -1.055210 1.767805 0.030751
v -1.062159 1.766837 0.026193
v -1.062848 1.765373 0.018716
v -1.058538 1.761839 0.013476
v -1.051753 1.758305 0.013543
v -1.046468 1.756841 0.018877
v -1.045779 1.758305 0.026353
v -1.050089 1.761839 0.031593
v -1.056874 1.765373 0.031527
v -1.063610 1.763660 0.026870
v -1.064104 1.762659 0.019302
v -1.059322 1.760242 0.013842
v -1.052066 1.757825 0.013688
v -1.046586 1.756823 0.018931
v -1.046092 1.757825 0.026499
v -1.050874 1.760242 0.031959
v -1.058130 1.762659 0.032113
v -1.064540 1.760254 0.027303
v -1.064914 1.759746 0.019680
v -1.059843 1.758519 0.014085
v -1.052298 1.757291 0.013797
v -1.046698 1.756783 0.018984
v -1.046324 1.757291 0.026607
v -1.051395 1.758519 0.032202
v -1.058940 1.759746 0.032490
v -1.064920 1.756722 0.027480
v -1.065253 1.756722 0.019838
v -1.060085 1.756722 0.014198
v -1.052443 1.756722 0.013864
v -1.046802 1.756722 0.019032
v -1.046469 1.756722 0.026675
v -1.051637 1.756722 0.032315
v -1.059280 1.756722 0.032649
v -1.064920 1.638558 0.027480
v -1.065253 1.638558 0.019838
v -1.060085 1.638558 0.014198
v -1.052443 1.638558 0.013864
v -1.046802 1.638558 0.019032
v -1.046469 1.638558 0.026675
v -1.051637 1.638558 0.032315
v -1.059280 1.638558 0.032649
v -1.064677 1.634950 0.027367
v -1.065050 1.635459 0.019743
v -1.059980 1.636686 0.014148
v -1.052434 1.637913 0.013860
v -1.046834 1.638422 0.019047
v -1.046460 1.637913 0.026671
v -1.051531 1.636686 0.032266
v -1.059077 1.635459 0.032554
v -1.063869 1.631444 0.026991
v -1.064363 1.632445 0.019423
v -1.059581 1.634862 0.013963
v -1.052325 1.637279 0.013809
v -1.046844 1.638281 0.019052
v -1.046351 1.637279 0.026620
v -1.051133 1.634862 0.032080
v -1.058389 1.632445 0.032233
v -1.062522 1.628145 0.026363
v -1.063211 1.629609 0.018886
v -1.058901 1.633142 0.013646
v -1.052117 1.636676 0.013712
v -1.046832 1.638140 0.019046
v -1.046143 1.636676 0.026523
v -1.050453 1.633142 0.031763
v -1.057238 1.629609 0.031696
v -1.060677 1.625154 0.025502
v -1.061631 1.627036 0.018149
v -1.057961 1.631579 0.013207
v -1.051817 1.636122 0.013572
v -1.046798 1.638004 0.019030
v -1.045843 1.636122 0.026383
v -1.049513 1.631579 0.031325
v -1.055657 1.627036 0.030960
v -1.058388 1.622563 0.024435
v -1.059670 1.624806 0.017234
v -1.056790 1.630220 0.012661
v -1.051435 1.635634 0.013394
v -1.046743 1.637876 0.019004
v -1.045461 1.635634 0.026205
v -1.048341 1.630220 0.030778
v -1.053696 1.624806 0.030045
v -1.055727 1.620449 0.023194
v -1.057387 1.622985 0.016170
v -1.055422 1.629105 0.012023
v -1.050982 1.635226 0.013183
v -1.046668 1.637761 0.018970
v -1.045008 1.635226 0.025994
v -1.046973 1.629105 0.030140
v -1.051413 1.622985 0.028981
v -1.052773 1.618878 0.021817
v -1.054853 1.621629 0.014988
v -1.053899 1.628270 0.011313
v -1.050471 1.634911 0.012945
v -1.046577 1.637662 0.018927
v -1.044497 1.634911 0.025756
v -1.045451 1.628270 0.029431
v -1.048879 1.621629 0.027799
v -1.049617 1.617896 0.020345
v -1.052144 1.620779 0.013725
v -1.052269 1.627739 0.010553
v -1.049919 1.634699 0.012687
v -1.046471 1.637582 0.018878
v -1.043945 1.634699 0.025498
v -1.043820 1.627739 0.028670
v -1.046170 1.620779 0.026536
v -1.046355 1.617533 0.018824
v -1.049342 1.620461 0.012418
v -1.050579 1.627529 0.009765
v -1.049342 1.634596 0.012418
v -1.046355 1.637524 0.018824
v -1.043368 1.634596 0.025229
v -1.042131 1.627529 0.027882
v -1.043368 1.620461 0.025229
v -1.006050 1.617533 0.000029
v -1.009037 1.620461 -0.006376
v -1.010275 1.627529 -0.009029
v -1.009037 1.634596 -0.006376
v -1.006050 1.637524 0.000029
v -1.003064 1.634596 0.006435
v -1.001826 1.627529 0.009088
v -1.003064 1.620461 0.006435
vn -0.1617 0.9239 -0.3468
vn -0.3905 0.3827 -0.8373
vn -0.3905 -0.3827 -0.8373
vn -0.1617 -0.9239 -0.3468
vn 0.1617 -0.9239 0.3468
vn 0.3904 -0.3827 0.8373
vn 0.3905 0.3827 0.8373
vn 0.1617 0.9239 0.3467
vn 0.2081 0.9233 0.3227
vn 0.3904 0.3827 0.8373
vn -0.3904 -0.3826 -0.8373
vn 0.1617 0.9239 0.3468
vn 0.0931 -0.9263 0.3651
vn 0.3809 -0.3861 0.8401
vn 0.3807 -0.3863 0.8401
vn 0.5869 -0.5969 -0.5470
vn 0.5867 -0.5974 -0.5467
vn 0.5870 -0.5972 -0.5466
vn -0.3808 0.3827 -0.8417
vn 0.4080 0.3847 0.8280
vn 0.2396 -0.9243 0.2971
vn 0.2401 -0.9241 0.2972
vn 0.2397 -0.9243 0.2970
vn -0.3557 -0.3822 -0.8529
vn -0.3558 -0.3824 -0.8528
vn -0.1185 0.9229 -0.3664
vn 0.5262 0.3547 0.7729
vn -0.4179 -0.3830 -0.8238
vn 0.0259 0.9006 -0.4338
vn 0.3526 0.9003 0.2554
vn 0.3196 -0.3784 0.8687
vn 0.4819 -0.7213 -0.4976
vn 0.4825 -0.7203 -0.4983
vn 0.4822 -0.7205 -0.4983
vn -0.3209 0.3750 -0.8697
vn 0.4681 0.3754 0.8000
vn 0.2066 -0.3292 0.9214
vn -0.0521 -0.9000 0.4328
vn -0.0525 -0.9002 0.4323
vn -0.4761 -0.3723 -0.7967
vn 0.1650 0.8510 -0.4986
vn 0.4915 0.8498 0.1905
vn 0.2614 -0.3594 0.8958
vn 0.2613 -0.3595 0.8958
vn 0.3597 -0.8231 -0.4395
vn 0.3601 -0.8224 -0.4404
vn 0.3599 -0.8226 -0.4403
vn -0.2631 0.3560 -0.8967
vn 0.4090 0.6765 -0.6124
vn 0.2241 -0.8984 -0.3777
vn 0.2239 -0.8987 -0.3771
vn 0.2243 -0.8986 -0.3772
vn -0.2093 0.3264 -0.9218
vn 0.5798 0.3233 0.7478
vn -0.1906 -0.8463 0.4974
vn -0.1885 -0.8463 0.4983
vn -0.1905 -0.8464 0.4974
vn -0.5339 -0.3498 -0.7698
vn 0.2940 0.7755 -0.5588
vn 0.6203 0.7735 0.1304
vn 0.6686 0.2321 0.7064
vn 0.7351 0.6736 0.0772
vn 0.7348 0.6738 0.0773
vn 0.7350 0.6737 0.0772
vn 0.1578 -0.2892 0.9442
vn 0.0779 -0.9479 -0.3091
vn -0.1600 0.2863 -0.9447
vn 0.6277 0.2821 0.7256
vn -0.3187 -0.7663 0.5579
vn -0.5865 -0.3171 -0.7453
vn -0.5867 -0.3173 -0.7451
vn -0.0854 0.1825 -0.9795
vn -0.4317 -0.6641 0.6104
vn -0.4320 -0.6642 0.6101
vn -0.4318 -0.6640 0.6104
vn -0.6345 -0.2745 -0.7226
vn -0.6336 -0.2746 -0.7233
vn -0.6337 -0.2747 -0.7232
vn 0.5069 0.5568 -0.6581
vn 0.8321 0.5537 0.0317
vn 0.1155 -0.2400 0.9639
vn -0.0778 -0.9684 -0.2370
vn -0.0770 -0.9682 -0.2379
vn -0.0773 -0.9682 -0.2378
vn -0.1189 0.2383 -0.9639
vn 0.9633 0.2668 -0.0295
vn 0.7010 0.1751 0.6914
vn -0.5272 -0.5420 0.6545
vn -0.5260 -0.5425 0.6550
vn -0.6730 -0.2244 -0.7048
vn 0.5843 0.4203 -0.6943
vn 0.9093 0.4162 -0.0043
vn 0.0820 -0.1842 0.9795
vn -0.2262 -0.9595 -0.1680
vn -0.2267 -0.9595 -0.1672
vn -0.2261 -0.9596 -0.1672
vn -0.7251 -0.1045 -0.6806
vn -0.7253 -0.1043 -0.6805
vn 0.0577 -0.1223 0.9908
vn -0.3748 -0.9221 -0.0964
vn -0.3737 -0.9224 -0.0977
vn -0.3741 -0.9223 -0.0976
vn -0.0613 0.1212 -0.9907
vn 0.7238 0.1129 0.6807
vn -0.6024 -0.4018 0.6897
vn -0.6028 -0.4017 0.6894
vn -0.7040 -0.1664 -0.6905
vn 0.6391 0.2711 -0.7198
vn 0.7373 -0.0000 0.6756
vn 0.6696 0.1136 -0.7340
vn 0.9931 0.1090 -0.0433
vn 0.0435 -0.0572 0.9974
vn 0.0433 -0.0570 0.9974
vn -0.5174 -0.8552 -0.0317
vn -0.0471 0.0561 -0.9973
vn -0.0472 0.0561 -0.9973
vn 0.7365 0.0473 0.6748
vn -0.6541 -0.2506 0.7137
vn -0.9714 -0.2335 0.0433
vn -0.9712 -0.2344 0.0424
vn -0.9712 -0.2343 0.0424
vn -0.6756 -0.0000 0.7373
vn -0.7373 -0.0000 -0.6756
vn 0.6756 -0.0000 -0.7373
vn 0.9991 -0.0000 -0.0435
vn 0.0437 -0.0000 0.9990
vn -0.9991 -0.0000 0.0435
vn -0.0437 -0.0000 -0.9990
vn 0.9732 -0.2275 -0.0334
vn 0.9731 -0.2277 -0.0337
vn -0.0436 -0.0237 -0.9988
vn 0.7377 -0.0276 0.6746
vn -0.6788 0.0133 0.7342
vn -0.6784 0.0129 0.7346
vn -0.7374 0.0063 -0.6754
vn 0.6740 -0.0667 -0.7357
vn 0.9966 -0.0689 -0.0445
vn 0.9966 -0.0689 -0.0444
vn 0.0420 0.0238 0.9988
vn -0.6240 0.3292 0.7087
vn 0.0510 0.0899 0.9946
vn 0.0509 0.0900 0.9946
vn -0.9960 -0.0713 0.0531
vn -0.9960 -0.0711 0.0535
vn -0.9960 -0.0712 0.0535
vn -0.0526 -0.0899 -0.9946
vn 0.7280 -0.0938 0.6792
vn -0.6639 0.1730 0.7276
vn -0.6642 0.1730 0.7273
vn -0.7311 0.0711 -0.6786
vn 0.6509 -0.2255 -0.7249
vn 0.6786 -0.2156 0.7022
vn -0.7146 0.1360 -0.6862
vn 0.6031 -0.3778 -0.7025
vn 0.9250 -0.3798 -0.0109
vn 0.0705 0.1538 0.9856
vn -0.9947 0.0877 0.0532
vn -0.0719 -0.1532 -0.9856
vn 0.7081 -0.1572 0.6884
vn 0.1376 0.2655 0.9542
vn -0.5607 0.4739 0.6789
vn -0.6878 0.1972 -0.6986
vn 0.5320 -0.5186 -0.6693
vn 0.8536 -0.5205 0.0223
vn 0.8536 -0.5205 0.0224
vn 0.0996 0.2129 0.9720
vn 0.0998 0.2125 0.9721
vn -0.9679 0.2477 0.0416
vn -0.9681 0.2470 0.0410
vn -0.9681 0.2471 0.0410
vn -0.1008 -0.2118 -0.9721
vn 0.3294 -0.7490 -0.5749
vn -0.9170 0.3984 0.0169
vn -0.9170 0.3986 0.0171
vn -0.9170 0.3985 0.0172
vn -0.1385 -0.2640 -0.9545
vn 0.6400 -0.2680 0.7201
vn 0.6399 -0.2680 0.7202
vn -0.4744 0.6060 0.6386
vn -0.4741 0.6046 0.6400
vn -0.6534 0.2493 -0.7148
vn 0.4400 -0.6437 -0.6261
vn 0.4401 -0.6434 -0.6263
vn 0.4401 -0.6435 -0.6262
vn 0.7611 -0.6454 0.0655
vn 0.5422 -0.3458 0.7658
vn 0.6507 -0.7503 0.1171
vn 0.1829 0.3095 0.9331
vn -0.8402 0.5419 -0.0191
vn -0.1839 -0.3085 -0.9333
vn 0.5941 -0.3113 0.7417
vn 0.5945 -0.3114 0.7414
vn 0.5942 -0.3112 0.7417
vn -0.3705 0.7170 0.5905
vn -0.3705 0.7172 0.5901
vn -0.3704 0.7170 0.5904
vn -0.6097 0.2968 -0.7350
vn -0.2922 -0.3678 -0.8828
vn -0.2493 0.8077 0.5343
vn -0.2494 0.8076 0.5344
vn -0.5601 0.3338 -0.7582
vn 0.2041 -0.8316 -0.5166
vn 0.5251 -0.8327 0.1755
vn 0.5248 -0.8329 0.1753
vn 0.5251 -0.8328 0.1755
vn 0.2348 0.3446 0.9089
vn 0.2348 0.3440 0.9091
vn -0.7479 0.6608 -0.0630
vn -0.7476 0.6612 -0.0625
vn -0.7477 0.6611 -0.0625
vn -0.2357 -0.3433 -0.9092
vn 0.2451 -0.9199 0.3062
vn 0.4851 -0.3700 0.7924
vn 0.4851 -0.3698 0.7924
vn -0.1160 0.8741 0.4717
vn -0.5034 0.3620 -0.7846
vn 0.0678 -0.8889 -0.4530
vn 0.3885 -0.8898 0.2393
vn 0.2917 0.3692 0.8824
vn -0.6319 0.7664 -0.1152
vn -0.6330 0.7655 -0.1155
vn -0.6328 0.7656 -0.1155
vn -0.3904 0.3828 -0.8373
vn 0.3511 0.3824 0.8547
vn -0.5038 0.8458 -0.1756
vn -0.3512 -0.3808 -0.8553
vn 0.4259 -0.3823 0.8200
vn 0.0258 0.9137 0.4055
vn 0.0258 0.9139 0.4050
vn -0.4469 0.3775 -0.8110
vn -0.0757 -0.9194 -0.3860
vn -0.1618 -0.9239 -0.3469
vn 0.1617 -0.9239 0.3469
vn -0.1618 0.9238 -0.3469
vn 0.1617 0.9239 0.3469
vn -0.3904 0.3827 -0.8373
vn -0.1617 -0.9239 -0.3467
vn 0.3904 -0.3826 0.8374
vn -0.1617 0.9239 -0.3467
vn 0.1184 0.9229 0.3665
vn 0.3905 0.3826 0.8373
vn -0.3905 -0.3826 -0.8373
vn 0.3905 -0.3826 0.8373
vn -0.3905 0.3826 -0.8373
vn -0.4808 -0.7222 0.4973
vn -0.4812 -0.7218 0.4975
vn -0.4809 -0.7219 0.4976
vn 0.3554 -0.3824 0.8529
vn -0.7955 -0.5980 0.0976
vn -0.7960 -0.5974 0.0973
vn -0.7958 -0.5976 0.0980
vn -0.4000 0.3826 -0.8328
vn 0.3813 0.3826 0.8415
vn -0.5873 -0.5965 0.5471
vn -0.5871 -0.5969 0.5468
vn -0.5873 -0.5968 0.5467
vn -0.4252 -0.3824 -0.8203
vn -0.4253 -0.3823 -0.8204
vn -0.2047 0.9229 -0.3262
vn 0.2630 0.3561 0.8967
vn -0.3631 -0.3830 -0.8494
vn -0.3490 0.9006 -0.2589
vn -0.0259 0.9006 0.4339
vn 0.4167 -0.3831 0.8244
vn -0.6919 -0.7203 0.0494
vn -0.6908 -0.7213 0.0499
vn -0.6916 -0.7206 0.0494
vn -0.4599 0.3750 -0.8049
vn 0.3208 0.3751 0.8697
vn 0.5338 -0.3500 0.7698
vn -0.3631 -0.8206 0.4413
vn -0.3044 -0.3725 -0.8767
vn -0.4880 0.8509 -0.1942
vn -0.1650 0.8510 0.4986
vn 0.4761 -0.3727 0.7965
vn -0.5699 -0.8217 -0.0071
vn -0.5685 -0.8227 -0.0070
vn -0.5696 -0.8219 -0.0073
vn -0.5179 0.3560 -0.7779
vn -0.7322 0.6763 -0.0802
vn -0.4328 -0.8987 -0.0711
vn -0.4335 -0.8983 -0.0713
vn -0.4332 -0.8985 -0.0707
vn -0.5718 0.3265 -0.7526
vn -0.5716 0.3261 -0.7529
vn -0.5718 0.3264 -0.7527
vn 0.2089 0.3262 0.9219
vn -0.2215 -0.8992 0.3772
vn -0.2213 -0.8995 0.3768
vn -0.2216 -0.8994 0.3768
vn -0.2466 -0.3500 -0.9037
vn -0.2460 -0.3502 -0.9038
vn -0.6169 0.7755 -0.1341
vn -0.2938 0.7756 0.5588
vn 0.1186 0.2379 0.9640
vn -0.4090 0.6765 0.6124
vn 0.5871 -0.3170 0.7449
vn -0.2873 -0.9479 -0.1378
vn -0.2865 -0.9481 -0.1377
vn -0.2870 -0.9479 -0.1379
vn -0.6207 0.2862 -0.7299
vn 0.1604 0.2866 0.9445
vn -0.0805 -0.9476 0.3092
vn -0.0813 -0.9473 0.3099
vn -0.0810 -0.9473 0.3099
vn -0.1941 -0.3177 -0.9281
vn -0.6956 0.1822 -0.6950
vn 0.0799 -0.9687 0.2352
vn 0.0781 -0.9683 0.2372
vn 0.0788 -0.9683 0.2369
vn -0.1468 -0.2749 -0.9502
vn -0.8299 0.5568 -0.0347
vn -0.8299 0.5569 -0.0351
vn -0.5069 0.5568 0.6580
vn 0.6333 -0.2748 0.7234
vn -0.1333 -0.9685 -0.2101
vn -0.1325 -0.9686 -0.2103
vn -0.1332 -0.9685 -0.2103
vn -0.6620 0.2382 -0.7106
vn -0.6392 0.2709 0.7198
vn 0.0855 0.1824 0.9795
vn 0.2254 -0.9595 0.1687
vn 0.2263 -0.9596 0.1673
vn 0.2252 -0.9598 0.1673
vn -0.1067 -0.2232 -0.9689
vn -0.9074 0.4202 0.0013
vn -0.5843 0.4203 0.6942
vn 0.6729 -0.2242 0.7049
vn 0.0180 -0.9598 -0.2800
vn 0.0175 -0.9599 -0.2799
vn 0.0179 -0.9599 -0.2798
vn -0.0547 -0.1030 -0.9932
vn 0.7039 -0.1660 0.6906
vn 0.7041 -0.1659 0.6904
vn 0.7041 -0.1659 0.6905
vn 0.1650 -0.9224 -0.3491
vn 0.1645 -0.9225 -0.3492
vn 0.1647 -0.9226 -0.3489
vn -0.7194 0.1216 -0.6839
vn -0.7196 0.1216 -0.6837
vn 0.0614 0.1212 0.9907
vn 0.3747 -0.9221 0.0967
vn 0.3740 -0.9223 0.0975
vn 0.3743 -0.9222 0.0974
vn -0.0766 -0.1674 -0.9829
vn -0.9622 0.2710 0.0270
vn -0.9927 0.1134 0.0411
vn -0.6693 0.1137 0.7342
vn -0.6696 0.1136 0.7339
vn -0.6696 0.1136 0.7340
vn 0.7256 -0.1035 0.6803
vn 0.3078 -0.8553 -0.4168
vn 0.3090 -0.8551 -0.4163
vn 0.3081 -0.8552 -0.4168
vn -0.7337 0.0563 -0.6772
vn 0.0472 0.0563 0.9973
vn 0.5157 -0.8562 0.0317
vn 0.6567 -0.2339 -0.7170
vn 0.6574 -0.2333 -0.7166
vn -0.6757 -0.0000 0.7372
vn 0.6755 -0.0000 -0.7373
vn -0.6509 -0.2258 0.7249
vn -0.7372 -0.0233 -0.6753
vn 0.0436 -0.0237 0.9988
vn 0.9714 -0.2333 -0.0429
vn 0.9713 -0.2338 -0.0425
vn 0.9714 -0.2338 -0.0425
vn -0.0437 0.0056 -0.9990
vn -0.9968 -0.0666 0.0434
vn -0.6741 -0.0667 0.7356
vn 0.7377 0.0057 0.6751
vn 0.7373 0.0055 0.6756
vn 0.7373 0.0054 0.6755
vn 0.9949 0.0860 -0.0532
vn 0.7311 0.0714 0.6785
vn 0.6824 -0.0734 -0.7273
vn 0.6820 -0.0735 -0.7276
vn 0.6824 -0.0735 -0.7273
vn -0.7281 -0.0904 -0.6795
vn 0.0526 -0.0899 0.9946
vn 0.9960 -0.0713 -0.0534
vn 0.9960 -0.0712 -0.0537
vn -0.0497 0.0719 -0.9962
vn -0.0498 0.0719 -0.9962
vn -0.9737 -0.2254 0.0326
vn 0.1012 -0.2117 0.9721
vn 0.1008 -0.2123 0.9720
vn 0.1010 -0.2122 0.9720
vn -0.0663 0.1361 -0.9885
vn -0.9257 -0.3781 0.0104
vn -0.6031 -0.3777 0.7026
vn 0.7145 0.1360 0.6863
vn 0.6803 0.0895 -0.7275
vn 0.6805 0.0898 -0.7272
vn 0.6803 0.0895 -0.7274
vn -0.7087 -0.1534 -0.6886
vn 0.0718 -0.1532 0.9856
vn 0.6528 0.2502 0.7150
vn 0.9682 0.2467 -0.0414
vn 0.9684 0.2461 -0.0411
vn 0.9684 0.2462 -0.0411
vn -0.0926 0.1961 -0.9762
vn -0.0924 0.1967 -0.9761
vn -0.8549 -0.5184 -0.0228
vn -0.5320 -0.5184 0.6695
vn 0.6883 0.1964 0.6983
vn 0.6535 0.2454 -0.7160
vn 0.6539 0.2461 -0.7154
vn 0.6535 0.2455 -0.7160
vn -0.6799 -0.2117 -0.7021
vn -0.6521 -0.7490 -0.1172
vn 0.6013 0.3999 -0.6917
vn 0.6012 0.3999 -0.6919
vn 0.6013 0.3999 -0.6918
vn -0.6421 -0.2641 -0.7197
vn 0.1385 -0.2643 0.9544
vn 0.1386 -0.2642 0.9545
vn 0.9175 0.3974 -0.0166
vn 0.9173 0.3977 -0.0171
vn 0.9174 0.3976 -0.0171
vn -0.1278 0.2499 -0.9598
vn -0.7625 -0.6436 -0.0658
vn -0.4397 -0.6436 0.6264
vn 0.2354 -0.3430 0.9093
vn -0.3294 -0.7489 0.5750
vn 0.6095 0.2968 0.7351
vn 0.5282 0.5387 -0.6563
vn 0.5280 0.5385 -0.6566
vn 0.5282 0.5386 -0.6564
vn -0.5968 -0.3084 -0.7408
vn 0.1839 -0.3083 0.9333
vn 0.8407 0.5411 0.0188
vn 0.8409 0.5408 0.0191
vn 0.8409 0.5409 0.0191
vn -0.1709 0.2963 -0.9397
vn -0.4887 -0.3676 -0.7912
vn 0.7472 0.6617 0.0623
vn 0.7471 0.6618 0.0622
vn 0.7471 0.6617 0.0622
vn -0.2209 0.3340 -0.9163
vn -0.5272 -0.8314 -0.1756
vn -0.5271 -0.8315 -0.1755
vn -0.2040 -0.8315 0.5166
vn 0.5595 0.3345 0.7583
vn 0.5596 0.3341 0.7584
vn 0.5597 0.3341 0.7584
vn 0.4316 0.6633 -0.6113
vn -0.5449 -0.3434 -0.7650
vn 0.0761 -0.9193 0.3861
vn 0.0760 -0.9195 0.3856
vn 0.0761 -0.9195 0.3857
vn 0.2922 -0.3678 0.8828
vn 0.6329 0.7655 0.1159
vn -0.2771 0.3619 -0.8901
vn -0.3905 -0.8890 -0.2392
vn -0.0678 -0.8890 0.4529
vn 0.5050 0.3612 0.7839
vn 0.3200 0.7641 -0.5600
vn 0.3199 0.7643 -0.5599
vn 0.3200 0.7642 -0.5601
vn 0.4458 0.3778 0.8115
vn 0.1896 0.8454 -0.4993
vn -0.4292 -0.3809 -0.8190
vn 0.3516 -0.3809 0.8551
vn 0.5045 0.8454 0.1755
vn 0.5048 0.8452 0.1758
vn 0.5047 0.8452 0.1758
vn -0.3350 0.3779 -0.8631
vn -0.2468 -0.9195 -0.3061
vn -0.2471 -0.9193 -0.3063
vn -0.2468 -0.9194 -0.3062
vn 0.9063 -0.0000 -0.4226
vn -0.1617 -0.9239 -0.3469
vn 0.1618 -0.9239 0.3469
vn -0.1617 0.9239 -0.3469
vn 0.1618 0.9239 0.3469
vn 0.2047 0.9228 0.3263
vn 0.3905 0.3828 0.8373
vn -0.3904 0.3826 -0.8373
vn 0.6907 -0.7216 -0.0481
vn 0.4236 -0.3828 0.8210
vn 0.4239 -0.3825 0.8210
vn -0.0735 -0.9243 -0.3746
vn -0.0734 -0.9243 -0.3746
vn -0.0730 -0.9239 -0.3756
vn -0.3723 0.3846 -0.8447
vn 0.4000 0.3827 0.8328
vn 0.7962 -0.5970 -0.0979
vn 0.7962 -0.5971 -0.0981
vn 0.7961 -0.5972 -0.0980
vn -0.3993 -0.3861 -0.8315
vn -0.3991 -0.3859 -0.8318
vn -0.1134 0.9234 -0.3668
vn 0.5176 0.3561 0.7780
vn -0.4599 -0.3784 -0.8033
vn 0.0311 0.9003 -0.4342
vn 0.3489 0.9006 0.2590
vn 0.3650 -0.3833 0.8485
vn -0.2201 -0.9262 -0.3060
vn -0.2201 -0.9265 -0.3052
vn -0.3119 0.3753 -0.8729
vn 0.4599 0.3751 0.8049
vn 0.2474 -0.3506 0.9033
vn 0.5696 -0.8219 0.0074
vn 0.5704 -0.8213 0.0076
vn 0.5706 -0.8212 0.0074
vn -0.5184 -0.3593 -0.7760
vn 0.1700 0.8498 -0.4990
vn 0.4881 0.8509 0.1941
vn 0.3029 -0.3723 0.8773
vn 0.3033 -0.3722 0.8772
vn 0.3033 -0.3721 0.8772
vn -0.3649 -0.8999 -0.2388
vn -0.3647 -0.9001 -0.2384
vn -0.2540 0.3546 -0.8998
vn 0.4133 0.6738 -0.6125
vn -0.5039 -0.8461 -0.1737
vn -0.5038 -0.8462 -0.1738
vn -0.5033 -0.8462 -0.1753
vn -0.2000 0.3232 -0.9250
vn 0.5718 0.3264 0.7526
vn 0.4324 -0.8988 0.0719
vn 0.4323 -0.8989 0.0714
vn 0.4319 -0.8991 0.0717
vn -0.5732 -0.3290 -0.7505
vn 0.2988 0.7735 -0.5590
vn 0.6169 0.7755 0.1341
vn 0.6620 0.2382 0.7106
vn 0.7321 0.6764 0.0806
vn 0.1929 -0.3167 0.9287
vn -0.6314 -0.7670 -0.1144
vn -0.1522 0.2820 -0.9473
vn 0.6208 0.2864 0.7298
vn 0.2875 -0.9478 0.1377
vn -0.6221 -0.2890 -0.7276
vn -0.6221 -0.2890 -0.7277
vn -0.6214 -0.2889 -0.7283
vn -0.0791 0.1753 -0.9813
vn 0.1305 -0.9684 0.2126
vn 0.1311 -0.9682 0.2128
vn 0.1314 -0.9682 0.2127
vn -0.6639 -0.2405 -0.7081
vn -0.6642 -0.2406 -0.7078
vn 0.5107 0.5535 -0.6579
vn 0.8299 0.5568 0.0346
vn 0.1468 -0.2749 0.9502
vn -0.7451 -0.6641 -0.0613
vn -0.7452 -0.6640 -0.0613
vn -0.7451 -0.6641 -0.0606
vn -0.1114 0.2321 -0.9663
vn 0.9622 0.2710 -0.0270
vn 0.6955 0.1821 0.6950
vn -0.0181 -0.9595 0.2812
vn -0.0184 -0.9596 0.2809
vn -0.0186 -0.9595 0.2811
vn -0.6975 -0.1842 -0.6925
vn 0.5877 0.4163 -0.6938
vn 0.9074 0.4202 -0.0013
vn 0.1074 -0.2246 0.9685
vn -0.8406 -0.5414 -0.0167
vn -0.8406 -0.5415 -0.0168
vn -0.8400 -0.5423 -0.0189
vn -0.7360 -0.0566 -0.6746
vn -0.7358 -0.0570 -0.6748
vn 0.0760 -0.1659 0.9832
vn -0.9152 -0.4026 0.0180
vn -0.9152 -0.4025 0.0180
vn -0.9152 -0.4026 0.0188
vn -0.0562 0.1131 -0.9920
vn 0.7195 0.1211 0.6839
vn -0.1647 -0.9228 0.3483
vn -0.1642 -0.9229 0.3483
vn -0.1641 -0.9230 0.3481
vn -0.7219 -0.1222 -0.6811
vn 0.6417 0.2668 -0.7190
vn 0.6716 0.1090 -0.7329
vn 0.9927 0.1135 -0.0411
vn 0.0544 -0.1031 0.9932
vn 0.0546 -0.1034 0.9931
vn 0.0547 -0.1034 0.9931
vn -0.9670 -0.2514 0.0421
vn -0.0437 0.0475 -0.9979
vn -0.0437 0.0476 -0.9979
vn -0.0433 0.0474 -0.9979
vn 0.7336 0.0562 0.6772
vn -0.3069 -0.8564 0.4152
vn -0.9988 0.0131 0.0481
vn -0.9988 0.0132 0.0481
vn -0.9987 0.0132 0.0486
vn 0.9737 -0.2254 -0.0329
vn 0.9737 -0.2254 -0.0328
vn -0.0426 -0.0278 -0.9987
vn 0.7371 -0.0236 0.6754
vn -0.6572 -0.2336 0.7166
vn -0.6574 -0.2335 0.7165
vn -0.6574 -0.2334 0.7165
vn -0.7381 0.0241 -0.6743
vn 0.6746 -0.0687 -0.7350
vn 0.9968 -0.0666 -0.0432
vn 0.9968 -0.0666 -0.0436
vn 0.9968 -0.0665 -0.0437
vn 0.0437 0.0040 0.9990
vn -0.6806 0.0885 0.7273
vn 0.0495 0.0731 0.9961
vn 0.0497 0.0728 0.9961
vn 0.0498 0.0728 0.9961
vn -0.9840 0.1734 0.0412
vn -0.9842 0.1725 0.0404
vn -0.0523 -0.0936 -0.9942
vn 0.7280 -0.0900 0.6796
vn -0.6826 -0.0690 0.7275
vn -0.6819 -0.0698 0.7281
vn -0.6819 -0.0699 0.7281
vn -0.7292 0.0900 -0.6784
vn 0.6511 -0.2277 -0.7240
vn 0.6797 -0.2121 0.7022
vn -0.7097 0.1539 -0.6875
vn 0.6030 -0.3797 -0.7016
vn 0.9258 -0.3780 -0.0104
vn 0.0663 0.1361 0.9885
vn -0.9440 0.3291 0.0225
vn -0.0723 -0.1572 -0.9849
vn 0.7088 -0.1533 0.6886
vn 0.1278 0.2499 0.9598
vn -0.6533 0.2472 0.7156
vn -0.6805 0.2128 -0.7012
vn 0.5316 -0.5203 -0.6683
vn 0.8547 -0.5186 0.0230
vn 0.8547 -0.5187 0.0227
vn 0.8547 -0.5187 0.0226
vn 0.0924 0.1954 0.9764
vn 0.0923 0.1955 0.9764
vn -0.8805 0.4740 -0.0071
vn -0.8805 0.4741 -0.0071
vn -0.8804 0.4742 -0.0068
vn -0.1018 -0.2157 -0.9712
vn 0.3285 -0.7503 -0.5737
vn -0.7945 0.6054 -0.0470
vn -0.7949 0.6049 -0.0474
vn -0.1402 -0.2679 -0.9532
vn 0.6419 -0.2638 0.7200
vn 0.6420 -0.2643 0.7197
vn 0.6421 -0.2643 0.7196
vn -0.6031 0.3964 0.6922
vn -0.6035 0.3966 0.6918
vn -0.6034 0.3967 0.6917
vn -0.6426 0.2654 -0.7187
vn 0.4394 -0.6451 -0.6251
vn 0.4394 -0.6452 -0.6250
vn 0.4394 -0.6454 -0.6249
vn 0.7625 -0.6436 0.0658
vn 0.5445 -0.3436 0.7651
vn 0.6521 -0.7490 0.1172
vn 0.1718 0.2973 0.9392
vn -0.6903 0.7172 -0.0957
vn -0.1859 -0.3115 -0.9319
vn 0.5969 -0.3078 0.7409
vn 0.5968 -0.3078 0.7410
vn -0.5254 0.5428 0.6552
vn -0.5255 0.5423 0.6556
vn -0.5255 0.5422 0.6557
vn -0.5975 0.3093 -0.7398
vn -0.2948 -0.3697 -0.8811
vn -0.4319 0.6633 0.6111
vn -0.4316 0.6634 0.6113
vn -0.5452 0.3446 -0.7642
vn 0.2028 -0.8329 -0.5150
vn 0.5271 -0.8315 0.1754
vn 0.5272 -0.8314 0.1755
vn 0.5272 -0.8314 0.1756
vn 0.2214 0.3341 0.9162
vn 0.2213 0.3343 0.9161
vn -0.5689 0.8082 -0.1523
vn -0.5700 0.8073 -0.1529
vn -0.2382 -0.3460 -0.9075
vn 0.2471 -0.9194 0.3060
vn 0.4889 -0.3672 0.7913
vn 0.4888 -0.3675 0.7912
vn 0.4888 -0.3676 0.7912
vn -0.3194 0.7643 0.5602
vn -0.4890 0.3689 -0.7905
vn 0.0664 -0.8899 -0.4513
vn 0.3904 -0.8890 0.2392
vn 0.2760 0.3612 0.8907
vn -0.4358 0.8742 -0.2141
vn -0.4358 0.8742 -0.2142
vn -0.4354 0.8745 -0.2137
vn 0.3361 0.3780 0.8626
vn -0.2944 0.9136 -0.2804
vn -0.3546 -0.3824 -0.8532
vn 0.4292 -0.3809 0.8190
vn -0.1901 0.8456 0.4989
vn -0.1904 0.8451 0.4996
vn -0.1905 0.8450 0.4996
vn -0.4289 0.3825 -0.8184
vn -0.0770 -0.9198 -0.3847
vn -0.1618 -0.9238 -0.3469
vn -0.1618 0.9239 -0.3469
vn -0.3904 -0.3827 -0.8373
vn 0.3904 0.3826 0.8373
vn 0.1134 0.9233 0.3669
vn 0.2201 -0.9263 0.3059
vn 0.2203 -0.9264 0.3054
vn 0.3994 -0.3861 0.8315
vn -0.2415 -0.9235 -0.2980
vn -0.2396 -0.9243 -0.2971
vn -0.2394 -0.9243 -0.2972
vn -0.4080 0.3846 -0.8280
vn 0.3720 0.3847 0.8448
vn 0.0734 -0.9243 0.3746
vn 0.0733 -0.9243 0.3747
vn 0.0730 -0.9239 0.3755
vn -0.3806 -0.3858 -0.8404
vn -0.3803 -0.3861 -0.8404
vn -0.2081 0.9233 -0.3227
vn 0.2539 0.3547 0.8998
vn -0.3196 -0.3783 -0.8687
vn -0.3526 0.9003 -0.2553
vn -0.0311 0.9003 0.4343
vn 0.4599 -0.3784 0.8033
vn -0.0931 -0.9264 -0.3648
vn -0.0932 -0.9262 -0.3654
vn -0.0933 -0.9262 -0.3653
vn -0.4683 0.3753 -0.7999
vn 0.3118 0.3754 0.8728
vn 0.5729 -0.3293 0.7506
vn 0.3655 -0.8998 0.2384
vn -0.2613 -0.3593 -0.8959
vn -0.4915 0.8498 -0.1905
vn -0.1699 0.8498 0.4990
vn 0.5184 -0.3593 0.7760
vn 0.0516 -0.9005 -0.4319
vn 0.0513 -0.9002 -0.4325
vn 0.0512 -0.9002 -0.4325
vn -0.5259 0.3547 -0.7730
vn -0.7349 0.6738 -0.0770
vn 0.1891 -0.8459 -0.4987
vn 0.1911 -0.8459 -0.4980
vn 0.1912 -0.8458 -0.4980
vn -0.5801 0.3231 -0.7477
vn -0.5801 0.3232 -0.7477
vn 0.2002 0.3233 0.9249
vn 0.5036 -0.8462 0.1738
vn 0.5036 -0.8463 0.1739
vn 0.5031 -0.8463 0.1753
vn -0.2068 -0.3295 -0.9212
vn -0.2070 -0.3293 -0.9213
vn -0.6203 0.7735 -0.1304
vn -0.2988 0.7735 0.5590
vn 0.1115 0.2321 0.9663
vn -0.4135 0.6737 0.6125
vn 0.6219 -0.2891 0.7278
vn 0.3179 -0.7675 -0.5567
vn 0.3177 -0.7673 -0.5570
vn 0.3177 -0.7674 -0.5570
vn -0.6280 0.2819 -0.7254
vn 0.1522 0.2820 0.9473
vn 0.6310 -0.7673 0.1144
vn 0.6310 -0.7674 0.1138
vn -0.1578 -0.2892 -0.9442
vn -0.7010 0.1751 -0.6914
vn 0.7445 -0.6647 0.0617
vn 0.7446 -0.6646 0.0616
vn 0.7445 -0.6649 0.0603
vn -0.1155 -0.2400 -0.9639
vn -0.8323 0.5534 -0.0318
vn -0.8323 0.5534 -0.0317
vn -0.8323 0.5534 -0.0316
vn -0.5106 0.5537 0.6579
vn 0.6641 -0.2401 0.7081
vn 0.4324 -0.6641 -0.6099
vn 0.4319 -0.6642 -0.6102
vn 0.4318 -0.6642 -0.6102
vn -0.6685 0.2323 -0.7065
vn -0.6418 0.2667 0.7190
vn 0.0792 0.1752 0.9813
vn 0.8412 -0.5405 0.0165
vn 0.8411 -0.5406 0.0166
vn 0.8401 -0.5421 0.0203
vn -0.0821 -0.1841 -0.9795
vn -0.9093 0.4162 0.0043
vn -0.5877 0.4162 0.6938
vn 0.6975 -0.1842 0.6925
vn 0.5269 -0.5414 -0.6552
vn 0.5275 -0.5411 -0.6550
vn 0.5275 -0.5410 -0.6550
vn -0.0436 -0.0568 -0.9974
vn 0.7220 -0.1218 0.6811
vn 0.7220 -0.1219 0.6811
vn 0.7217 -0.1222 0.6814
vn 0.6014 -0.4022 -0.6903
vn 0.6026 -0.4016 -0.6896
vn 0.6026 -0.4015 -0.6897
vn -0.7240 0.1131 -0.6804
vn -0.7237 0.1133 -0.6808
vn -0.7236 0.1133 -0.6808
vn 0.0562 0.1128 0.9920
vn 0.9156 -0.4017 -0.0181
vn 0.9156 -0.4017 -0.0186
vn -0.0577 -0.1223 -0.9908
vn -0.9633 0.2669 0.0295
vn -0.9931 0.1089 0.0433
vn -0.6717 0.1086 0.7329
vn -0.6716 0.1086 0.7329
vn 0.7360 -0.0566 0.6746
vn 0.6540 -0.2517 -0.7134
vn 0.6537 -0.2514 -0.7137
vn 0.6537 -0.2515 -0.7137
vn -0.7364 0.0473 -0.6748
vn 0.0436 0.0476 0.9979
vn 0.9671 -0.2510 -0.0421
vn 0.6791 0.0135 -0.7339
vn 0.6789 0.0134 -0.7341
vn -0.6511 -0.2277 0.7241
vn -0.7377 -0.0276 -0.6746
vn 0.0426 -0.0278 0.9987
vn 0.9988 0.0131 -0.0481
vn 0.9987 0.0133 -0.0484
vn -0.0421 0.0243 -0.9988
vn -0.9967 -0.0685 0.0442
vn -0.6746 -0.0685 0.7350
vn 0.7380 0.0237 0.6744
vn 0.7381 0.0237 0.6743
vn 0.9440 0.3293 -0.0225
vn 0.7292 0.0898 0.6784
vn 0.6631 0.1726 -0.7283
vn 0.6638 0.1736 -0.7274
vn 0.6639 0.1737 -0.7274
vn -0.7280 -0.0938 -0.6792
vn 0.0523 -0.0940 0.9942
vn 0.9840 0.1734 -0.0413
vn 0.9840 0.1733 -0.0413
vn 0.9841 0.1727 -0.0407
vn -0.0513 0.0897 -0.9946
vn -0.0510 0.0901 -0.9946
vn -0.9731 -0.2278 0.0334
vn 0.1018 -0.2158 0.9711
vn 0.1020 -0.2157 0.9711
vn -0.0705 0.1538 -0.9856
vn -0.9250 -0.3798 0.0109
vn -0.6029 -0.3797 0.7016
vn 0.7097 0.1540 0.6875
vn 0.6243 0.3287 -0.7087
vn 0.6241 0.3288 -0.7088
vn -0.7081 -0.1572 -0.6884
vn 0.0721 -0.1572 0.9849
vn 0.6429 0.2651 0.7186
vn 0.8801 0.4746 0.0071
vn 0.8801 0.4747 0.0068
vn -0.0993 0.2128 -0.9720
vn -0.0995 0.2126 -0.9721
vn -0.8537 -0.5202 -0.0224
vn -0.5316 -0.5204 0.6683
vn 0.6806 0.2128 0.7011
vn 0.5607 0.4745 -0.6786
vn 0.5604 0.4744 -0.6788
vn 0.5605 0.4744 -0.6789
vn -0.6786 -0.2156 -0.7021
vn -0.6506 -0.7503 -0.1171
vn 0.4745 0.6050 -0.6394
vn 0.4748 0.6054 -0.6388
vn -0.6403 -0.2676 -0.7200
vn 0.1401 -0.2675 0.9533
vn 0.1400 -0.2676 0.9533
vn 0.1400 -0.2679 0.9532
vn 0.7943 0.6057 0.0472
vn 0.7950 0.6047 0.0480
vn -0.1374 0.2651 -0.9544
vn -0.7611 -0.6454 -0.0655
vn -0.4390 -0.6453 0.6252
vn 0.2382 -0.3460 0.9075
vn -0.3285 -0.7503 0.5737
vn 0.5973 0.3094 0.7400
vn 0.3701 0.7167 -0.5911
vn 0.3701 0.7174 -0.5902
vn -0.5942 -0.3116 -0.7415
vn 0.1859 -0.3114 0.9319
vn 0.6905 0.7170 0.0957
vn 0.6905 0.7170 0.0955
vn -0.1829 0.3095 -0.9331
vn -0.4854 -0.3698 -0.7922
vn 0.5689 0.8082 0.1523
vn 0.5692 0.8079 0.1525
vn -0.2348 0.3446 -0.9089
vn -0.5248 -0.8330 -0.1753
vn -0.5251 -0.8328 -0.1755
vn -0.5251 -0.8327 -0.1755
vn -0.2028 -0.8329 0.5150
vn 0.5454 0.3444 0.7642
vn 0.5454 0.3446 0.7641
vn 0.2494 0.8078 -0.5340
vn -0.5422 -0.3459 -0.7657
vn 0.0773 -0.9199 0.3844
vn 0.0774 -0.9199 0.3845
vn 0.2948 -0.3697 0.8811
vn 0.4358 0.8741 0.2144
vn -0.2913 0.3689 -0.8826
vn -0.3885 -0.8898 -0.2393
vn -0.0664 -0.8899 0.4513
vn 0.4889 0.3690 0.7904
vn 0.1156 0.8745 -0.4711
vn 0.1157 0.8743 -0.4713
vn 0.4293 0.3824 0.8182
vn -0.0260 0.9137 -0.4056
vn -0.4259 -0.3823 -0.8200
vn 0.3546 -0.3824 0.8533
vn 0.2943 0.9136 0.2805
vn 0.2943 0.9137 0.2804
vn -0.3511 0.3823 -0.8547
vn -0.2449 -0.9199 -0.3064
vn -0.2448 -0.9199 -0.3063
vn 0.9063 0.0001 -0.4226
vn 0.9063 -0.0001 -0.4226
vn 0.9064 0.0002 -0.4224
vn 0.9064 -0.0002 -0.4224
vn 0.9063 -0.0000 -0.4227
vn 0.3905 -0.3827 0.8373
vt 0.271206 0.608825
vt 0.275056 0.608088
vt 0.270454 0.608088
vt 0.274745 0.606310
vt 0.270143 0.606310
vt 0.270454 0.604532
vt 0.275807 0.603795
vt 0.271206 0.603795
vt 0.276559 0.604532
vt 0.271957 0.604532
vt 0.272269 0.606310
vt 0.275807 0.608825
vt 0.280472 0.608088
vt 0.276559 0.608088
vt 0.271957 0.608088
vt 0.281223 0.608825
vt 0.282668 0.608049
vt 0.282033 0.608774
vt 0.282286 0.606310
vt 0.281974 0.608088
vt 0.281223 0.603795
vt 0.281974 0.604532
vt 0.280472 0.604532
vt 0.275056 0.604532
vt 0.276870 0.606310
vt 0.280160 0.606310
vt 0.282109 0.604546
vt 0.281263 0.603843
vt 0.282243 0.604535
vt 0.282700 0.606297
vt 0.281241 0.603821
vt 0.280574 0.606297
vt 0.280606 0.604546
vt 0.281165 0.608049
vt 0.283346 0.607877
vt 0.283491 0.606038
vt 0.283986 0.607578
vt 0.280740 0.604535
vt 0.281843 0.607877
vt 0.282822 0.608569
vt 0.283106 0.606206
vt 0.280980 0.606206
vt 0.282497 0.604437
vt 0.283844 0.605799
vt 0.281289 0.603860
vt 0.282374 0.604498
vt 0.280871 0.604498
vt 0.282483 0.607578
vt 0.283568 0.608216
vt 0.281365 0.606038
vt 0.284246 0.607725
vt 0.283574 0.606639
vt 0.283066 0.607161
vt 0.281316 0.603872
vt 0.281718 0.605799
vt 0.284569 0.607161
vt 0.280994 0.604437
vt 0.285077 0.606639
vt 0.284412 0.605138
vt 0.285496 0.606027
vt 0.284837 0.607112
vt 0.282608 0.604353
vt 0.284154 0.605496
vt 0.281345 0.603879
vt 0.282028 0.605496
vt 0.281105 0.604353
vt 0.283993 0.606027
vt 0.282483 0.604736
vt 0.282286 0.605138
vt 0.281375 0.603880
vt 0.282705 0.604249
vt 0.281202 0.604249
vt 0.285323 0.606395
vt 0.285688 0.605596
vt 0.286016 0.604611
vt 0.285922 0.604739
vt 0.284609 0.604736
vt 0.285812 0.605344
vt 0.281405 0.603876
vt 0.282783 0.604128
vt 0.281280 0.604128
vt 0.284309 0.605344
vt 0.282615 0.604302
vt 0.281375 0.603850
vt 0.281339 0.603994
vt 0.282842 0.603994
vt 0.284740 0.604302
vt 0.281433 0.603866
vt 0.284513 0.604611
vt 0.284801 0.603850
vt 0.286101 0.574120
vt 0.286101 0.603850
vt 0.284598 0.603850
vt 0.286017 0.603850
vt 0.282878 0.603850
vt 0.281459 0.603850
vt 0.282675 0.603850
vt 0.281375 0.574120
vt 0.281467 0.574086
vt 0.281459 0.574120
vt 0.282878 0.574120
vt 0.284598 0.574120
vt 0.286017 0.574120
vt 0.284801 0.574120
vt 0.282675 0.574120
vt 0.285956 0.573212
vt 0.285877 0.572582
vt 0.285753 0.572330
vt 0.282649 0.573649
vt 0.284774 0.573649
vt 0.286050 0.573340
vt 0.282876 0.573958
vt 0.281373 0.573958
vt 0.284547 0.573340
vt 0.282848 0.573798
vt 0.281467 0.574015
vt 0.282796 0.573646
vt 0.284674 0.573190
vt 0.281470 0.574050
vt 0.282549 0.573190
vt 0.281345 0.573798
vt 0.284374 0.572582
vt 0.285588 0.571868
vt 0.284267 0.572364
vt 0.285190 0.571221
vt 0.281293 0.573646
vt 0.284085 0.571868
vt 0.285414 0.571500
vt 0.284503 0.572757
vt 0.282378 0.572757
vt 0.282625 0.573384
vt 0.283972 0.572022
vt 0.281458 0.573981
vt 0.282721 0.573507
vt 0.281218 0.573507
vt 0.283687 0.571221
vt 0.284950 0.570748
vt 0.282141 0.572364
vt 0.284374 0.570096
vt 0.282619 0.570202
vt 0.283194 0.570660
vt 0.281444 0.573948
vt 0.281846 0.572022
vt 0.284697 0.570660
vt 0.281122 0.573384
vt 0.284122 0.570202
vt 0.283245 0.571531
vt 0.283485 0.569860
vt 0.283705 0.569564
vt 0.282511 0.573282
vt 0.283628 0.571742
vt 0.281425 0.573920
vt 0.281502 0.571742
vt 0.281008 0.573282
vt 0.281982 0.569860
vt 0.280709 0.571398
vt 0.281119 0.571531
vt 0.281402 0.573895
vt 0.282382 0.573202
vt 0.280879 0.573202
vt 0.282961 0.569168
vt 0.282167 0.568921
vt 0.282098 0.569567
vt 0.281346 0.568830
vt 0.282834 0.571398
vt 0.282803 0.569647
vt 0.281376 0.573875
vt 0.282243 0.573149
vt 0.280740 0.573149
vt 0.281300 0.569647
vt 0.280284 0.571345
vt 0.270454 0.573123
vt 0.280595 0.573123
vt 0.282098 0.573123
vt 0.282409 0.571345
vt 0.281346 0.573860
vt 0.280595 0.569567
vt 0.271206 0.568830
vt 0.270454 0.569567
vt 0.272269 0.571345
vt 0.271206 0.573860
vt 0.270143 0.571345
vt 0.271957 0.569567
vt 0.271957 0.573123
vt 0.266604 0.608825
vt 0.265853 0.608088
vt 0.265853 0.604532
vt 0.265541 0.606310
vt 0.266604 0.603795
vt 0.267667 0.606310
vt 0.267356 0.604532
vt 0.260437 0.608088
vt 0.267356 0.608088
vt 0.261189 0.608825
vt 0.261246 0.608049
vt 0.261940 0.608088
vt 0.261940 0.604532
vt 0.260126 0.606310
vt 0.260437 0.604532
vt 0.261806 0.604546
vt 0.261148 0.603843
vt 0.261170 0.603821
vt 0.262251 0.606310
vt 0.261189 0.603795
vt 0.259712 0.606297
vt 0.261837 0.606297
vt 0.260303 0.604546
vt 0.259743 0.608049
vt 0.260569 0.607877
vt 0.261046 0.606038
vt 0.261431 0.606206
vt 0.260168 0.604535
vt 0.259066 0.607877
vt 0.260379 0.608774
vt 0.261671 0.604535
vt 0.259306 0.606206
vt 0.261418 0.604437
vt 0.261541 0.604498
vt 0.261123 0.603860
vt 0.260038 0.604498
vt 0.258426 0.607578
vt 0.259589 0.608569
vt 0.259929 0.607578
vt 0.258921 0.606038
vt 0.257334 0.606639
vt 0.258165 0.607725
vt 0.257843 0.607161
vt 0.261095 0.603872
vt 0.258568 0.605799
vt 0.260693 0.605799
vt 0.259915 0.604437
vt 0.258844 0.608216
vt 0.259346 0.607161
vt 0.258837 0.606639
vt 0.260126 0.605138
vt 0.260383 0.605496
vt 0.261306 0.604353
vt 0.261066 0.603879
vt 0.258258 0.605496
vt 0.259803 0.604353
vt 0.257803 0.604736
vt 0.256915 0.606027
vt 0.258000 0.605138
vt 0.261037 0.603880
vt 0.259707 0.604249
vt 0.257574 0.607112
vt 0.258419 0.606027
vt 0.261210 0.604249
vt 0.256724 0.605596
vt 0.257899 0.604611
vt 0.258102 0.605344
vt 0.259928 0.604736
vt 0.261007 0.603876
vt 0.259628 0.604128
vt 0.256599 0.605344
vt 0.257089 0.606395
vt 0.261131 0.604128
vt 0.259533 0.603850
vt 0.257671 0.604302
vt 0.259570 0.603994
vt 0.261073 0.603994
vt 0.260979 0.603866
vt 0.259797 0.604302
vt 0.256396 0.604611
vt 0.257813 0.574120
vt 0.259736 0.603850
vt 0.257813 0.603850
vt 0.256310 0.603850
vt 0.256490 0.604739
vt 0.261036 0.603850
vt 0.260953 0.603850
vt 0.257610 0.603850
vt 0.260944 0.574086
vt 0.259533 0.574120
vt 0.260953 0.574120
vt 0.261036 0.574120
vt 0.256310 0.574120
vt 0.256394 0.603850
vt 0.256394 0.574120
vt 0.259736 0.574120
vt 0.257610 0.574120
vt 0.256455 0.573212
vt 0.258037 0.572582
vt 0.257864 0.573340
vt 0.257637 0.573649
vt 0.259763 0.573649
vt 0.259536 0.573958
vt 0.256361 0.573340
vt 0.261039 0.573958
vt 0.261066 0.573798
vt 0.260945 0.574015
vt 0.260942 0.574050
vt 0.257737 0.573190
vt 0.259863 0.573190
vt 0.259563 0.573798
vt 0.256534 0.572582
vt 0.258327 0.571868
vt 0.260270 0.572364
vt 0.260034 0.572757
vt 0.259615 0.573646
vt 0.256824 0.571868
vt 0.256658 0.572330
vt 0.261118 0.573646
vt 0.257908 0.572757
vt 0.261290 0.573384
vt 0.261194 0.573507
vt 0.260954 0.573981
vt 0.259691 0.573507
vt 0.257222 0.571221
vt 0.256997 0.571500
vt 0.258725 0.571221
vt 0.258145 0.572364
vt 0.258289 0.570202
vt 0.258037 0.570096
vt 0.257715 0.570660
vt 0.260968 0.573948
vt 0.258440 0.572022
vt 0.260565 0.572022
vt 0.259787 0.573384
vt 0.257462 0.570748
vt 0.259218 0.570660
vt 0.259792 0.570202
vt 0.261293 0.571531
vt 0.260909 0.571742
vt 0.261404 0.573282
vt 0.260986 0.573920
vt 0.258784 0.571742
vt 0.259901 0.573282
vt 0.259577 0.571398
vt 0.258927 0.569860
vt 0.259167 0.571531
vt 0.261009 0.573895
vt 0.260029 0.573202
vt 0.258707 0.569564
vt 0.260430 0.569860
vt 0.261532 0.573202
vt 0.260244 0.568921
vt 0.261817 0.569567
vt 0.261112 0.569647
vt 0.261703 0.571398
vt 0.261036 0.573875
vt 0.260168 0.573149
vt 0.259609 0.569647
vt 0.259450 0.569168
vt 0.261671 0.573149
vt 0.260314 0.573123
vt 0.260002 0.571345
vt 0.261817 0.573123
vt 0.261065 0.573860
vt 0.262128 0.571345
vt 0.260314 0.569567
vt 0.261065 0.568830
s 0
usemtl Metal_Color_Palette
f 1305/883/1956 1130/884/1956 1306/885/1956
f 1306/885/1957 1131/886/1957 1307/887/1957
f 1131/886/1958 1308/888/1958 1307/887/1958
f 1308/888/1959 1133/889/1959 1309/890/1959
f 1309/890/1960 1134/891/1960 1310/892/1960
f 1134/891/1961 1311/893/1961 1310/892/1961
f 1129/894/1956 1138/895/1956 1130/884/1956
f 1311/893/1962 1136/896/1962 1312/897/1962
f 1136/896/1963 1305/883/1963 1312/897/1963
f 1137/898/1964 1152/899/1964 1145/900/1964
f 1136/896/1965 1143/901/1965 1144/902/1965
f 1134/891/1960 1141/903/1960 1142/904/1960
f 1131/886/1966 1140/905/1966 1132/906/1966
f 1136/896/1967 1137/898/1967 1129/894/1967
f 1134/891/1961 1143/901/1961 1135/907/1961
f 1133/889/1959 1140/905/1959 1141/903/1959
f 1131/886/1957 1138/895/1957 1139/908/1957
f 1150/909/1968 1157/910/1968 1158/911/1968
f 1143/901/1969 1150/909/1970 1151/912/1969
f 1140/905/1971 1149/913/1972 1141/903/1973
f 1138/895/1974 1147/914/1974 1139/908/1974
f 1144/902/1975 1151/912/1975 1152/899/1975
f 1142/904/1976 1149/913/1977 1150/909/1978
f 1139/908/1979 1148/915/1980 1140/905/1980
f 1137/898/1981 1146/916/1981 1138/895/1981
f 1160/917/1982 1167/918/1982 1168/919/1982
f 1147/914/1983 1156/920/1983 1148/915/1983
f 1145/900/1984 1154/921/1984 1146/916/1984
f 1145/900/1985 1160/917/1985 1153/922/1985
f 1151/912/1986 1158/911/1986 1159/923/1986
f 1148/915/1987 1157/910/1988 1149/913/1989
f 1146/916/1990 1155/924/1990 1147/914/1990
f 1152/899/1991 1159/923/1991 1160/917/1991
f 1167/918/1992 1174/925/1992 1175/926/1992
f 1158/911/1993 1165/927/1994 1166/928/1993
f 1155/924/1995 1164/929/1995 1156/920/1995
f 1153/922/1996 1162/930/1996 1154/921/1996
f 1153/922/1997 1168/919/1997 1161/931/1997
f 1159/923/1998 1166/928/1999 1167/918/1998
f 1156/920/2000 1165/927/2001 1157/910/2002
f 1154/921/2003 1163/932/2003 1155/924/2003
f 1169/933/2004 1178/934/2004 1170/935/2004
f 1164/929/2005 1173/936/2006 1165/927/2007
f 1162/930/2008 1171/937/2008 1163/932/2008
f 1168/919/2009 1175/926/2009 1176/938/2009
f 1166/928/2010 1173/936/2011 1174/925/2012
f 1163/932/2013 1172/939/2013 1164/929/2013
f 1161/931/2014 1170/935/2014 1162/930/2014
f 1161/931/2015 1176/938/2015 1169/933/2015
f 1184/940/2016 1191/941/2016 1192/942/2016
f 1169/933/2017 1184/940/2018 1177/943/2019
f 1175/926/2020 1182/944/2020 1183/945/2020
f 1172/939/2021 1181/946/2021 1173/936/2021
f 1170/935/2022 1179/947/2022 1171/937/2022
f 1176/938/2023 1183/945/2023 1184/940/2023
f 1174/925/2024 1181/946/2024 1182/944/2024
f 1171/937/2025 1180/948/2026 1172/939/2026
f 1186/949/2027 1195/950/2027 1187/951/2027
f 1182/944/2028 1189/952/2029 1190/953/2030
f 1179/947/2031 1188/954/2032 1180/948/2033
f 1177/943/2034 1186/949/2034 1178/934/2034
f 1177/943/2035 1192/942/2035 1185/955/2035
f 1183/945/2036 1190/953/2036 1191/941/2036
f 1180/948/2037 1189/952/2038 1181/946/2039
f 1178/934/2040 1187/951/2040 1179/947/2040
f 1193/956/2041 1208/957/2041 1201/958/2041
f 1192/942/2042 1199/959/2042 1200/960/2042
f 1190/953/2043 1197/961/2044 1198/962/2043
f 1187/951/2045 1196/963/2045 1188/954/2045
f 1185/955/2046 1194/964/2046 1186/949/2046
f 1185/955/2047 1200/960/2047 1193/956/2047
f 1191/941/2048 1198/962/2048 1199/959/2048
f 1188/954/2049 1197/961/2050 1189/952/2051
f 1203/965/2052 1212/966/2053 1204/967/2053
f 1199/959/2054 1206/968/2054 1207/969/2054
f 1196/963/2055 1205/970/2056 1197/961/2057
f 1194/964/2058 1203/965/2058 1195/950/2058
f 1200/960/2059 1207/969/2059 1208/957/2059
f 1198/962/2060 1205/970/2061 1206/968/2060
f 1195/950/2062 1204/967/2062 1196/963/2062
f 1193/956/2063 1202/971/2063 1194/964/2063
f 1215/972/2064 1224/973/2064 1216/974/2064
f 1201/958/2065 1210/975/2065 1202/971/2065
f 1201/958/2066 1216/974/2066 1209/976/2066
f 1207/969/2067 1214/977/2068 1215/972/2067
f 1204/967/2069 1213/978/2069 1205/970/2069
f 1202/971/2070 1211/979/2071 1203/965/2071
f 1208/957/2072 1215/972/2072 1216/974/2072
f 1206/968/2073 1213/978/2073 1214/977/2073
f 1220/980/2074 1229/981/2075 1221/982/2076
f 1213/978/2077 1222/983/2077 1214/977/2077
f 1211/979/2078 1220/980/2078 1212/966/2078
f 1209/976/2079 1218/984/2079 1210/975/2079
f 1216/974/2080 1217/985/2080 1209/976/2080
f 1214/977/2081 1223/986/2081 1215/972/2081
f 1212/966/2082 1221/982/2082 1213/978/2082
f 1210/975/2083 1219/987/2083 1211/979/2083
f 1225/988/2084 1240/989/2085 1233/990/2084
f 1218/984/2086 1227/991/2086 1219/987/2086
f 1224/973/2087 1231/992/2087 1232/993/2087
f 1222/983/2088 1229/981/2089 1230/994/2088
f 1219/987/2090 1228/995/2090 1220/980/2090
f 1217/985/2091 1226/996/2091 1218/984/2091
f 1217/985/2092 1232/993/2093 1225/988/2092
f 1223/986/2094 1230/994/2094 1231/992/2094
f 1238/997/2095 1245/998/2095 1246/999/2095
f 1231/992/2096 1238/997/2097 1239/1000/2096
f 1228/995/2098 1237/1001/2099 1229/981/2100
f 1226/996/2101 1235/1002/2101 1227/991/2101
f 1232/993/2102 1239/1000/2102 1240/989/2102
f 1230/994/2103 1237/1001/2104 1238/997/2103
f 1227/991/2105 1236/1003/2105 1228/995/2105
f 1225/988/2106 1234/1004/2106 1226/996/2106
f 1248/1005/2107 1255/1006/2107 1256/1007/2107
f 1235/1002/2108 1244/1008/2108 1236/1003/2108
f 1233/990/2109 1242/1009/2109 1234/1004/2109
f 1233/990/2110 1248/1005/2110 1241/1010/2110
f 1239/1000/2111 1246/999/2111 1247/1011/2111
f 1236/1003/2112 1245/998/2112 1237/1001/2112
f 1234/1004/2113 1243/1012/2113 1235/1002/2113
f 1240/989/2114 1247/1011/2114 1248/1005/2114
f 1255/1006/2115 1262/1013/2115 1263/1014/2115
f 1246/999/2116 1253/1015/2116 1254/1016/2116
f 1243/1012/2117 1252/1017/2117 1244/1008/2117
f 1241/1010/2118 1250/1018/2118 1242/1009/2118
f 1241/1010/2119 1256/1007/2120 1249/1019/2119
f 1247/1011/2121 1254/1016/2122 1255/1006/2121
f 1244/1008/2123 1253/1015/2124 1245/998/2125
f 1242/1009/2126 1251/1020/2126 1243/1012/2126
f 1257/1021/2127 1266/1022/2127 1258/1023/2127
f 1252/1017/2128 1261/1024/2129 1253/1015/2130
f 1250/1018/2131 1259/1025/2131 1251/1020/2131
f 1256/1007/2132 1263/1014/2133 1264/1026/2132
f 1254/1016/2134 1261/1024/2135 1262/1013/2134
f 1251/1020/2136 1260/1027/2136 1252/1017/2136
f 1249/1019/2137 1258/1023/2138 1250/1018/2139
f 1249/1019/2140 1264/1026/2140 1257/1021/2140
f 1272/1028/2141 1279/1029/2141 1280/1030/2141
f 1257/1021/2142 1272/1028/2142 1265/1031/2142
f 1263/1014/2143 1270/1032/2143 1271/1033/2143
f 1260/1027/2144 1269/1034/2144 1261/1024/2144
f 1258/1023/2145 1267/1035/2145 1259/1025/2145
f 1264/1026/2146 1271/1033/2147 1272/1028/2148
f 1262/1013/2149 1269/1034/2150 1270/1032/2151
f 1259/1025/2152 1268/1036/2152 1260/1027/2152
f 1274/1037/2153 1283/1038/2153 1275/1039/2153
f 1270/1032/2154 1277/1040/2155 1278/1041/2154
f 1267/1035/2156 1276/1042/2156 1268/1036/2156
f 1265/1031/2157 1274/1037/2157 1266/1022/2157
f 1265/1031/2158 1280/1030/2159 1273/1043/2160
f 1271/1033/2161 1278/1041/2162 1279/1029/2161
f 1268/1036/2163 1277/1040/2164 1269/1034/2165
f 1266/1022/2166 1275/1039/2166 1267/1035/2166
f 1281/1044/2167 1296/1045/2167 1289/1046/2167
f 1280/1030/2168 1287/1047/2169 1288/1048/2168
f 1278/1041/2170 1285/1049/2170 1286/1050/2170
f 1275/1039/2171 1284/1051/2171 1276/1042/2171
f 1273/1043/2172 1282/1052/2172 1274/1037/2172
f 1273/1043/2173 1288/1048/2173 1281/1044/2173
f 1279/1029/2174 1286/1050/2174 1287/1047/2174
f 1276/1042/2175 1285/1049/2176 1277/1040/2177
f 1291/1053/2178 1476/1054/2178 1292/1055/2178
f 1287/1047/2179 1294/1056/2179 1295/1057/2179
f 1284/1051/2180 1293/1058/2180 1285/1049/2180
f 1282/1052/2181 1291/1053/2181 1283/1038/2181
f 1288/1048/2182 1295/1057/2182 1296/1045/2182
f 1286/1050/2183 1293/1058/2184 1294/1056/2183
f 1283/1038/2185 1292/1055/2185 1284/1051/2185
f 1281/1044/2186 1290/1059/2186 1282/1052/2186
f 1290/1059/2187 1473/1060/2187 1474/1061/2187
f 1296/1045/2188 1473/1060/2188 1289/1046/2188
f 1294/1056/1965 1479/1062/1965 1295/1057/1965
f 1292/1055/2189 1477/1063/2189 1293/1058/2189
f 1291/1053/1958 1474/1061/1958 1475/1064/1958
f 1296/1045/1961 1479/1062/1961 1480/1065/1961
f 1294/1056/2190 1477/1063/2190 1478/1066/2190
f 1306/885/1956 1297/1067/1956 1305/883/1956
f 1307/887/2191 1298/1068/2191 1306/885/2191
f 1307/887/1966 1300/1069/1966 1299/1070/1966
f 1308/888/2192 1301/1071/2192 1300/1069/2192
f 1310/892/1960 1301/1071/1960 1309/890/1960
f 1310/892/2193 1303/1072/2193 1302/1073/2193
f 1314/1074/2194 1297/1067/2194 1298/1068/2194
f 1312/897/1965 1303/1072/1965 1311/893/1965
f 1312/897/1967 1297/1067/1967 1304/1075/1967
f 1313/1076/2195 1328/1077/2195 1320/1078/2195
f 1320/1078/2196 1303/1072/2196 1304/1075/2196
f 1318/1079/1960 1301/1071/1960 1302/1073/1960
f 1300/1069/2197 1315/1080/2197 1299/1070/2197
f 1297/1067/1967 1320/1078/1967 1304/1075/1967
f 1303/1072/2198 1318/1079/2198 1302/1073/2198
f 1301/1071/1959 1316/1081/1959 1300/1069/1959
f 1315/1080/2199 1298/1068/2199 1299/1070/2199
f 1326/1082/2200 1333/1083/2201 1325/1084/2202
f 1319/1085/2203 1326/1082/2203 1318/1079/2203
f 1325/1084/2204 1316/1081/2205 1317/1086/2206
f 1323/1087/2207 1314/1074/2207 1315/1080/2207
f 1320/1078/2208 1327/1088/2208 1319/1085/2208
f 1318/1079/2209 1325/1084/2210 1317/1086/2211
f 1324/1089/2212 1315/1080/2213 1316/1081/2212
f 1322/1090/2214 1313/1076/2214 1314/1074/2214
f 1336/1091/2215 1343/1092/2215 1335/1093/2215
f 1332/1094/2216 1323/1087/2216 1324/1089/2216
f 1330/1095/2217 1321/1096/2217 1322/1090/2217
f 1321/1096/2218 1336/1091/2218 1328/1077/2218
f 1327/1088/2219 1334/1097/2219 1326/1082/2219
f 1333/1083/2220 1324/1089/2221 1325/1084/2222
f 1331/1098/2223 1322/1090/2223 1323/1087/2223
f 1328/1077/2224 1335/1093/2224 1327/1088/2224
f 1343/1092/2225 1350/1099/2225 1342/1100/2225
f 1334/1097/2226 1341/1101/2226 1333/1083/2226
f 1340/1102/2227 1331/1098/2227 1332/1094/2227
f 1338/1103/2228 1329/1104/2228 1330/1095/2228
f 1329/1104/2229 1344/1105/2229 1336/1091/2229
f 1335/1093/2230 1342/1100/2230 1334/1097/2230
f 1341/1101/2231 1332/1094/2232 1333/1083/2233
f 1339/1106/2234 1330/1095/2234 1331/1098/2234
f 1354/1107/2235 1345/1108/2235 1346/1109/2235
f 1349/1110/2236 1340/1102/2237 1341/1101/2238
f 1347/1111/2239 1338/1103/2240 1339/1106/2241
f 1344/1105/2242 1351/1112/2242 1343/1092/2242
f 1342/1100/2243 1349/1110/2244 1341/1101/2245
f 1348/1113/2246 1339/1106/2247 1340/1102/2246
f 1346/1109/2248 1337/1114/2248 1338/1103/2248
f 1337/1114/2249 1352/1115/2249 1344/1105/2249
f 1360/1116/2250 1367/1117/2250 1359/1118/2250
f 1345/1108/2251 1360/1116/2251 1352/1115/2251
f 1351/1112/2252 1358/1119/2252 1350/1099/2252
f 1357/1120/2253 1348/1113/2254 1349/1110/2255
f 1355/1121/2256 1346/1109/2256 1347/1111/2256
f 1352/1115/2257 1359/1118/2257 1351/1112/2257
f 1350/1099/2258 1357/1120/2259 1349/1110/2260
f 1356/1122/2261 1347/1111/2261 1348/1113/2261
f 1371/1123/2262 1362/1124/2262 1363/1125/2262
f 1358/1119/2263 1365/1126/2264 1357/1120/2265
f 1364/1127/2266 1355/1121/2266 1356/1122/2266
f 1362/1124/2267 1353/1128/2268 1354/1107/2267
f 1353/1128/2269 1368/1129/2269 1360/1116/2269
f 1359/1118/2270 1366/1130/2270 1358/1119/2270
f 1365/1126/2271 1356/1122/2272 1357/1120/2273
f 1363/1125/2274 1354/1107/2274 1355/1121/2274
f 1369/1131/2275 1384/1132/2275 1376/1133/2275
f 1368/1129/2276 1375/1134/2276 1367/1117/2276
f 1366/1130/2277 1373/1135/2278 1365/1126/2279
f 1372/1136/2280 1363/1125/2280 1364/1127/2280
f 1370/1137/2281 1361/1138/2281 1362/1124/2281
f 1361/1138/2282 1376/1133/2282 1368/1129/2282
f 1367/1117/2283 1374/1139/2283 1366/1130/2283
f 1373/1135/2284 1364/1127/2285 1365/1126/2286
f 1388/1140/2287 1379/1141/2287 1380/1142/2287
f 1375/1134/2288 1382/1143/2289 1374/1139/2290
f 1381/1144/2291 1372/1136/2292 1373/1135/2293
f 1379/1141/2294 1370/1137/2295 1371/1123/2294
f 1376/1133/2296 1383/1145/2296 1375/1134/2296
f 1374/1139/2297 1381/1144/2298 1373/1135/2299
f 1380/1142/2300 1371/1123/2300 1372/1136/2300
f 1378/1146/2301 1369/1131/2301 1370/1137/2301
f 1400/1147/2081 1391/1148/2081 1392/1149/2081
f 1386/1150/2302 1377/1151/2302 1378/1146/2302
f 1377/1151/2303 1392/1149/2304 1384/1132/2305
f 1383/1145/2306 1390/1152/2306 1382/1143/2306
f 1389/1153/2307 1380/1142/2308 1381/1144/2309
f 1387/1154/2310 1378/1146/2310 1379/1141/2310
f 1384/1132/2311 1391/1148/2311 1383/1145/2311
f 1382/1143/2312 1389/1153/2312 1381/1144/2312
f 1405/1155/2313 1396/1156/2314 1397/1157/2313
f 1398/1158/2080 1389/1153/2080 1390/1152/2080
f 1396/1156/2083 1387/1154/2083 1388/1140/2083
f 1394/1159/2082 1385/1160/2082 1386/1150/2082
f 1393/1161/2315 1392/1149/2315 1385/1160/2315
f 1399/1162/2064 1390/1152/2064 1391/1148/2064
f 1397/1157/2316 1388/1140/2316 1389/1153/2316
f 1395/1163/2078 1386/1150/2078 1387/1154/2078
f 1401/1164/2317 1416/1165/2317 1408/1166/2317
f 1403/1167/2318 1394/1159/2318 1395/1163/2318
f 1400/1147/2319 1407/1168/2319 1399/1162/2319
f 1398/1158/2320 1405/1155/2321 1397/1157/2322
f 1404/1169/2323 1395/1163/2323 1396/1156/2323
f 1402/1170/2324 1393/1161/2324 1394/1159/2324
f 1393/1161/2325 1408/1166/2325 1400/1147/2325
f 1399/1162/2326 1406/1171/2327 1398/1158/2328
f 1414/1172/2329 1421/1173/2329 1413/1174/2329
f 1407/1168/2330 1414/1172/2330 1406/1171/2330
f 1413/1174/2331 1404/1169/2332 1405/1155/2333
f 1411/1175/2334 1402/1170/2334 1403/1167/2334
f 1408/1166/2335 1415/1176/2335 1407/1168/2335
f 1406/1171/2336 1413/1174/2337 1405/1155/2337
f 1412/1177/2338 1403/1167/2339 1404/1169/2338
f 1410/1178/2340 1401/1164/2340 1402/1170/2340
f 1424/1179/2341 1431/1180/2342 1423/1181/2343
f 1420/1182/2344 1411/1175/2344 1412/1177/2344
f 1418/1183/2345 1409/1184/2345 1410/1178/2345
f 1409/1184/2346 1424/1179/2346 1416/1165/2346
f 1415/1176/2347 1422/1185/2347 1414/1172/2347
f 1421/1173/2348 1412/1177/2349 1413/1174/2350
f 1419/1186/2351 1410/1178/2351 1411/1175/2351
f 1416/1165/2352 1423/1181/2352 1415/1176/2352
f 1431/1180/2353 1438/1187/2353 1430/1188/2353
f 1422/1185/2354 1429/1189/2355 1421/1173/2356
f 1428/1190/2357 1419/1186/2358 1420/1182/2357
f 1426/1191/2359 1417/1192/2359 1418/1183/2359
f 1417/1192/2360 1432/1193/2360 1424/1179/2360
f 1423/1181/2361 1430/1188/2361 1422/1185/2361
f 1429/1189/2362 1420/1182/2363 1421/1173/2364
f 1427/1194/2365 1418/1183/2365 1419/1186/2365
f 1442/1195/2366 1433/1196/2366 1434/1197/2366
f 1437/1198/2367 1428/1190/2368 1429/1189/2369
f 1435/1199/2370 1426/1191/2370 1427/1194/2370
f 1432/1193/2371 1439/1200/2372 1431/1180/2372
f 1430/1188/2373 1437/1198/2374 1429/1189/2375
f 1436/1201/2376 1427/1194/2376 1428/1190/2376
f 1434/1197/2377 1425/1202/2377 1426/1191/2377
f 1425/1202/2378 1440/1203/2378 1432/1193/2378
f 1448/1204/2379 1455/1205/2379 1447/1206/2379
f 1433/1196/2380 1448/1204/2380 1440/1203/2380
f 1439/1200/2381 1446/1207/2381 1438/1187/2381
f 1445/1208/2382 1436/1201/2383 1437/1198/2384
f 1443/1209/2385 1434/1197/2385 1435/1199/2385
f 1440/1203/2386 1447/1206/2386 1439/1200/2386
f 1438/1187/2387 1445/1208/2388 1437/1198/2389
f 1444/1210/2390 1435/1199/2390 1436/1201/2390
f 1459/1211/2391 1450/1212/2391 1451/1213/2391
f 1446/1207/2392 1453/1214/2393 1445/1208/2394
f 1452/1215/2395 1443/1209/2395 1444/1210/2395
f 1450/1212/2396 1441/1216/2397 1442/1195/2396
f 1441/1216/2398 1456/1217/2398 1448/1204/2398
f 1447/1206/2399 1454/1218/2400 1446/1207/2401
f 1453/1214/2402 1444/1210/2402 1445/1208/2402
f 1451/1213/2403 1442/1195/2403 1443/1209/2403
f 1457/1219/2404 1472/1220/2405 1464/1221/2406
f 1456/1217/2407 1463/1222/2407 1455/1205/2407
f 1454/1218/2408 1461/1223/2408 1453/1214/2408
f 1460/1224/2409 1451/1213/2409 1452/1215/2409
f 1458/1225/2410 1449/1226/2410 1450/1212/2410
f 1449/1226/2411 1464/1221/2411 1456/1217/2411
f 1455/1205/2412 1462/1227/2412 1454/1218/2412
f 1461/1223/2413 1452/1215/2414 1453/1214/2415
f 1468/1228/1957 1475/1064/1957 1467/1229/1957
f 1463/1222/2416 1470/1230/2416 1462/1227/2416
f 1469/1231/2417 1460/1224/2417 1461/1223/2417
f 1467/1229/2418 1458/1225/2418 1459/1211/2418
f 1464/1221/2419 1471/1232/2419 1463/1222/2419
f 1462/1227/2420 1469/1231/2421 1461/1223/2422
f 1468/1228/2423 1459/1211/2423 1460/1224/2423
f 1466/1233/2424 1457/1219/2425 1458/1225/2426
f 1477/1063/2427 1479/1062/2427 1473/1060/2427
f 1474/1061/2428 1465/1234/2428 1466/1233/2428
f 1465/1234/2429 1480/1065/2429 1472/1220/2429
f 1471/1232/1962 1478/1066/1962 1470/1230/1962
f 1469/1231/2430 1476/1054/2430 1468/1228/2430
f 1475/1064/2197 1466/1233/2197 1467/1229/2197
f 1480/1065/2193 1471/1232/2193 1472/1220/2193
f 1478/1066/2431 1469/1231/2431 1470/1230/2431
f 1305/883/1956 1129/894/1956 1130/884/1956
f 1306/885/2199 1130/884/2199 1131/886/2199
f 1131/886/2197 1132/906/2197 1308/888/2197
f 1308/888/2192 1132/906/2192 1133/889/2192
f 1309/890/1960 1133/889/1960 1134/891/1960
f 1134/891/1961 1135/907/1961 1311/893/1961
f 1129/894/1956 1137/898/1956 1138/895/1956
f 1311/893/1965 1135/907/1965 1136/896/1965
f 1136/896/1967 1129/894/1967 1305/883/1967
f 1137/898/2432 1144/902/2432 1152/899/2432
f 1136/896/2433 1135/907/2433 1143/901/2433
f 1134/891/1960 1133/889/1960 1141/903/1960
f 1131/886/1958 1139/908/1958 1140/905/1958
f 1136/896/1967 1144/902/1967 1137/898/1967
f 1134/891/1961 1142/904/1961 1143/901/1961
f 1133/889/2192 1132/906/2192 1140/905/2192
f 1131/886/2434 1130/884/2434 1138/895/2434
f 1150/909/2435 1149/913/2435 1157/910/2435
f 1143/901/2436 1142/904/2437 1150/909/2437
f 1140/905/2438 1148/915/2439 1149/913/2440
f 1138/895/2441 1146/916/2441 1147/914/2441
f 1144/902/2442 1143/901/2442 1151/912/2442
f 1142/904/2443 1141/903/2444 1149/913/2445
f 1139/908/2446 1147/914/2446 1148/915/2447
f 1137/898/2448 1145/900/2448 1146/916/2448
f 1160/917/2449 1159/923/2449 1167/918/2449
f 1147/914/2450 1155/924/2450 1156/920/2450
f 1145/900/2451 1153/922/2451 1154/921/2451
f 1145/900/2452 1152/899/2452 1160/917/2452
f 1151/912/2453 1150/909/2453 1158/911/2453
f 1148/915/2454 1156/920/2454 1157/910/2455
f 1146/916/2456 1154/921/2456 1155/924/2456
f 1152/899/2457 1151/912/2457 1159/923/2457
f 1167/918/2458 1166/928/2458 1174/925/2458
f 1158/911/2459 1157/910/2460 1165/927/2461
f 1155/924/2462 1163/932/2462 1164/929/2462
f 1153/922/2463 1161/931/2463 1162/930/2463
f 1153/922/2464 1160/917/2464 1168/919/2464
f 1159/923/2465 1158/911/2466 1166/928/2467
f 1156/920/2468 1164/929/2468 1165/927/2469
f 1154/921/2470 1162/930/2470 1163/932/2470
f 1169/933/2471 1177/943/2471 1178/934/2471
f 1164/929/2472 1172/939/2473 1173/936/2474
f 1162/930/2475 1170/935/2475 1171/937/2475
f 1168/919/2476 1167/918/2476 1175/926/2476
f 1166/928/2477 1165/927/2478 1173/936/2479
f 1163/932/2480 1171/937/2480 1172/939/2480
f 1161/931/2481 1169/933/2481 1170/935/2481
f 1161/931/2482 1168/919/2482 1176/938/2482
f 1184/940/2483 1183/945/2483 1191/941/2483
f 1169/933/2484 1176/938/2484 1184/940/2484
f 1175/926/2485 1174/925/2485 1182/944/2485
f 1172/939/2486 1180/948/2486 1181/946/2486
f 1170/935/2487 1178/934/2487 1179/947/2487
f 1176/938/2488 1175/926/2488 1183/945/2488
f 1174/925/2489 1173/936/2489 1181/946/2489
f 1171/937/2490 1179/947/2491 1180/948/2492
f 1186/949/2493 1194/964/2493 1195/950/2493
f 1182/944/2494 1181/946/2495 1189/952/2496
f 1179/947/2497 1187/951/2497 1188/954/2498
f 1177/943/2499 1185/955/2499 1186/949/2499
f 1177/943/2500 1184/940/2500 1192/942/2500
f 1183/945/2501 1182/944/2501 1190/953/2501
f 1180/948/2502 1188/954/2503 1189/952/2504
f 1178/934/2505 1186/949/2505 1187/951/2505
f 1193/956/2506 1200/960/2506 1208/957/2506
f 1192/942/2507 1191/941/2507 1199/959/2507
f 1190/953/2508 1189/952/2509 1197/961/2510
f 1187/951/2511 1195/950/2511 1196/963/2511
f 1185/955/2512 1193/956/2512 1194/964/2512
f 1185/955/2513 1192/942/2513 1200/960/2513
f 1191/941/2514 1190/953/2514 1198/962/2514
f 1188/954/2515 1196/963/2516 1197/961/2517
f 1203/965/2518 1211/979/2518 1212/966/2519
f 1199/959/2520 1198/962/2520 1206/968/2520
f 1196/963/2521 1204/967/2522 1205/970/2523
f 1194/964/2524 1202/971/2524 1203/965/2524
f 1200/960/2525 1199/959/2525 1207/969/2525
f 1198/962/2526 1197/961/2527 1205/970/2528
f 1195/950/2529 1203/965/2529 1204/967/2529
f 1193/956/2530 1201/958/2530 1202/971/2530
f 1215/972/2064 1223/986/2064 1224/973/2064
f 1201/958/2531 1209/976/2531 1210/975/2531
f 1201/958/2532 1208/957/2532 1216/974/2532
f 1207/969/2533 1206/968/2534 1214/977/2535
f 1204/967/2536 1212/966/2536 1213/978/2536
f 1202/971/2537 1210/975/2538 1211/979/2539
f 1208/957/2540 1207/969/2540 1215/972/2540
f 1206/968/2541 1205/970/2541 1213/978/2541
f 1220/980/2542 1228/995/2543 1229/981/2544
f 1213/978/2077 1221/982/2077 1222/983/2077
f 1211/979/2078 1219/987/2078 1220/980/2078
f 1209/976/2079 1217/985/2079 1218/984/2079
f 1216/974/2080 1224/973/2080 1217/985/2080
f 1214/977/2081 1222/983/2081 1223/986/2081
f 1212/966/2082 1220/980/2082 1221/982/2082
f 1210/975/2083 1218/984/2083 1219/987/2083
f 1225/988/2545 1232/993/2546 1240/989/2546
f 1218/984/2547 1226/996/2547 1227/991/2547
f 1224/973/2548 1223/986/2548 1231/992/2548
f 1222/983/2549 1221/982/2550 1229/981/2551
f 1219/987/2552 1227/991/2552 1228/995/2552
f 1217/985/2553 1225/988/2553 1226/996/2553
f 1217/985/2554 1224/973/2555 1232/993/2556
f 1223/986/2557 1222/983/2557 1230/994/2557
f 1238/997/2558 1237/1001/2558 1245/998/2558
f 1231/992/2559 1230/994/2560 1238/997/2561
f 1228/995/2562 1236/1003/2562 1237/1001/2563
f 1226/996/2564 1234/1004/2564 1235/1002/2564
f 1232/993/2565 1231/992/2565 1239/1000/2565
f 1230/994/2566 1229/981/2567 1237/1001/2568
f 1227/991/2569 1235/1002/2569 1236/1003/2569
f 1225/988/2570 1233/990/2570 1234/1004/2570
f 1248/1005/2571 1247/1011/2571 1255/1006/2571
f 1235/1002/2572 1243/1012/2572 1244/1008/2572
f 1233/990/2573 1241/1010/2573 1242/1009/2573
f 1233/990/2574 1240/989/2574 1248/1005/2574
f 1239/1000/2575 1238/997/2575 1246/999/2575
f 1236/1003/2576 1244/1008/2576 1245/998/2576
f 1234/1004/2577 1242/1009/2577 1243/1012/2577
f 1240/989/2578 1239/1000/2578 1247/1011/2578
f 1255/1006/2579 1254/1016/2579 1262/1013/2579
f 1246/999/2580 1245/998/2580 1253/1015/2580
f 1243/1012/2581 1251/1020/2581 1252/1017/2581
f 1241/1010/2582 1249/1019/2582 1250/1018/2582
f 1241/1010/2583 1248/1005/2584 1256/1007/2585
f 1247/1011/2586 1246/999/2587 1254/1016/2587
f 1244/1008/2588 1252/1017/2589 1253/1015/2590
f 1242/1009/2591 1250/1018/2591 1251/1020/2591
f 1257/1021/2592 1265/1031/2592 1266/1022/2592
f 1252/1017/2593 1260/1027/2593 1261/1024/2594
f 1250/1018/2595 1258/1023/2595 1259/1025/2595
f 1256/1007/2596 1255/1006/2597 1263/1014/2598
f 1254/1016/2599 1253/1015/2600 1261/1024/2601
f 1251/1020/2602 1259/1025/2602 1260/1027/2602
f 1249/1019/2603 1257/1021/2604 1258/1023/2605
f 1249/1019/2606 1256/1007/2606 1264/1026/2606
f 1272/1028/2607 1271/1033/2607 1279/1029/2607
f 1257/1021/2608 1264/1026/2608 1272/1028/2608
f 1263/1014/2609 1262/1013/2609 1270/1032/2609
f 1260/1027/2610 1268/1036/2610 1269/1034/2610
f 1258/1023/2611 1266/1022/2611 1267/1035/2611
f 1264/1026/2612 1263/1014/2613 1271/1033/2613
f 1262/1013/2614 1261/1024/2615 1269/1034/2616
f 1259/1025/2617 1267/1035/2617 1268/1036/2617
f 1274/1037/2618 1282/1052/2618 1283/1038/2618
f 1270/1032/2619 1269/1034/2620 1277/1040/2620
f 1267/1035/2621 1275/1039/2621 1276/1042/2621
f 1265/1031/2622 1273/1043/2622 1274/1037/2622
f 1265/1031/2623 1272/1028/2624 1280/1030/2625
f 1271/1033/2626 1270/1032/2627 1278/1041/2627
f 1268/1036/2628 1276/1042/2628 1277/1040/2629
f 1266/1022/2630 1274/1037/2630 1275/1039/2630
f 1281/1044/2631 1288/1048/2631 1296/1045/2631
f 1280/1030/2632 1279/1029/2633 1287/1047/2634
f 1278/1041/2635 1277/1040/2635 1285/1049/2635
f 1275/1039/2636 1283/1038/2636 1284/1051/2636
f 1273/1043/2637 1281/1044/2637 1282/1052/2637
f 1273/1043/2638 1280/1030/2638 1288/1048/2638
f 1279/1029/2639 1278/1041/2639 1286/1050/2639
f 1276/1042/2640 1284/1051/2641 1285/1049/2642
f 1291/1053/2191 1475/1064/2191 1476/1054/2191
f 1287/1047/2643 1286/1050/2643 1294/1056/2643
f 1284/1051/2644 1292/1055/2644 1293/1058/2644
f 1282/1052/2645 1290/1059/2645 1291/1053/2645
f 1288/1048/2646 1287/1047/2646 1295/1057/2646
f 1286/1050/2647 1285/1049/2648 1293/1058/2649
f 1283/1038/2650 1291/1053/2650 1292/1055/2650
f 1281/1044/2651 1289/1046/2651 1290/1059/2651
f 1290/1059/2652 1289/1046/2652 1473/1060/2652
f 1296/1045/2188 1480/1065/2188 1473/1060/2188
f 1294/1056/1965 1478/1066/1965 1479/1062/1965
f 1292/1055/2653 1476/1054/2653 1477/1063/2653
f 1291/1053/2654 1290/1059/2654 1474/1061/2654
f 1296/1045/2198 1295/1057/2198 1479/1062/2198
f 1294/1056/2190 1293/1058/2190 1477/1063/2190
f 1306/885/1956 1298/1068/1956 1297/1067/1956
f 1307/887/2199 1299/1070/2199 1298/1068/2199
f 1307/887/2654 1308/888/2654 1300/1069/2654
f 1308/888/1959 1309/890/1959 1301/1071/1959
f 1310/892/1960 1302/1073/1960 1301/1071/1960
f 1310/892/1961 1311/893/1961 1303/1072/1961
f 1314/1074/2194 1313/1076/2194 1297/1067/2194
f 1312/897/2655 1304/1075/2655 1303/1072/2655
f 1312/897/1967 1305/883/1967 1297/1067/1967
f 1313/1076/2656 1321/1096/2656 1328/1077/2656
f 1320/1078/2196 1319/1085/2196 1303/1072/2196
f 1318/1079/1960 1317/1086/1960 1301/1071/1960
f 1300/1069/2197 1316/1081/2197 1315/1080/2197
f 1297/1067/1967 1313/1076/1967 1320/1078/1967
f 1303/1072/2198 1319/1085/2198 1318/1079/2198
f 1301/1071/1959 1317/1086/1959 1316/1081/1959
f 1315/1080/2434 1314/1074/2434 1298/1068/2434
f 1326/1082/2657 1334/1097/2657 1333/1083/2658
f 1319/1085/2659 1327/1088/2659 1326/1082/2659
f 1325/1084/2660 1324/1089/2661 1316/1081/2662
f 1323/1087/2663 1322/1090/2663 1314/1074/2663
f 1320/1078/2664 1328/1077/2664 1327/1088/2664
f 1318/1079/2665 1326/1082/2666 1325/1084/2667
f 1324/1089/2668 1323/1087/2669 1315/1080/2669
f 1322/1090/2670 1321/1096/2670 1313/1076/2670
f 1336/1091/2671 1344/1105/2671 1343/1092/2671
f 1332/1094/2672 1331/1098/2672 1323/1087/2672
f 1330/1095/2673 1329/1104/2673 1321/1096/2673
f 1321/1096/2674 1329/1104/2674 1336/1091/2674
f 1327/1088/2675 1335/1093/2675 1334/1097/2675
f 1333/1083/2676 1332/1094/2677 1324/1089/2678
f 1331/1098/2679 1330/1095/2679 1322/1090/2679
f 1328/1077/2680 1336/1091/2680 1335/1093/2680
f 1343/1092/2681 1351/1112/2681 1350/1099/2681
f 1334/1097/2682 1342/1100/2682 1341/1101/2682
f 1340/1102/2683 1339/1106/2683 1331/1098/2683
f 1338/1103/2684 1337/1114/2684 1329/1104/2684
f 1329/1104/2685 1337/1114/2685 1344/1105/2685
f 1335/1093/2686 1343/1092/2686 1342/1100/2686
f 1341/1101/2687 1340/1102/2688 1332/1094/2689
f 1339/1106/2690 1338/1103/2690 1330/1095/2690
f 1354/1107/2691 1353/1128/2691 1345/1108/2691
f 1349/1110/2692 1348/1113/2693 1340/1102/2694
f 1347/1111/2695 1346/1109/2696 1338/1103/2696
f 1344/1105/2697 1352/1115/2697 1351/1112/2697
f 1342/1100/2698 1350/1099/2699 1349/1110/2700
f 1348/1113/2701 1347/1111/2702 1339/1106/2702
f 1346/1109/2703 1345/1108/2703 1337/1114/2703
f 1337/1114/2704 1345/1108/2704 1352/1115/2704
f 1360/1116/2705 1368/1129/2705 1367/1117/2705
f 1345/1108/2706 1353/1128/2706 1360/1116/2706
f 1351/1112/2707 1359/1118/2707 1358/1119/2707
f 1357/1120/2708 1356/1122/2709 1348/1113/2710
f 1355/1121/2711 1354/1107/2711 1346/1109/2711
f 1352/1115/2712 1360/1116/2712 1359/1118/2712
f 1350/1099/2713 1358/1119/2713 1357/1120/2714
f 1356/1122/2715 1355/1121/2715 1347/1111/2715
f 1371/1123/2716 1370/1137/2716 1362/1124/2716
f 1358/1119/2717 1366/1130/2718 1365/1126/2719
f 1364/1127/2720 1363/1125/2720 1355/1121/2720
f 1362/1124/2721 1361/1138/2722 1353/1128/2723
f 1353/1128/2724 1361/1138/2724 1368/1129/2724
f 1359/1118/2725 1367/1117/2725 1366/1130/2725
f 1365/1126/2726 1364/1127/2727 1356/1122/2728
f 1363/1125/2729 1362/1124/2729 1354/1107/2729
f 1369/1131/2730 1377/1151/2730 1384/1132/2730
f 1368/1129/2731 1376/1133/2731 1375/1134/2731
f 1366/1130/2732 1374/1139/2733 1373/1135/2734
f 1372/1136/2735 1371/1123/2735 1363/1125/2735
f 1370/1137/2736 1369/1131/2736 1361/1138/2736
f 1361/1138/2737 1369/1131/2737 1376/1133/2737
f 1367/1117/2738 1375/1134/2738 1374/1139/2738
f 1373/1135/2739 1372/1136/2740 1364/1127/2741
f 1388/1140/2742 1387/1154/2742 1379/1141/2742
f 1375/1134/2743 1383/1145/2744 1382/1143/2745
f 1381/1144/2746 1380/1142/2747 1372/1136/2748
f 1379/1141/2749 1378/1146/2750 1370/1137/2751
f 1376/1133/2752 1384/1132/2752 1383/1145/2752
f 1374/1139/2753 1382/1143/2753 1381/1144/2754
f 1380/1142/2755 1379/1141/2755 1371/1123/2755
f 1378/1146/2756 1377/1151/2756 1369/1131/2756
f 1400/1147/2081 1399/1162/2081 1391/1148/2081
f 1386/1150/2757 1385/1160/2757 1377/1151/2757
f 1377/1151/2758 1385/1160/2758 1392/1149/2759
f 1383/1145/2760 1391/1148/2760 1390/1152/2760
f 1389/1153/2761 1388/1140/2762 1380/1142/2763
f 1387/1154/2764 1386/1150/2764 1378/1146/2764
f 1384/1132/2765 1392/1149/2765 1391/1148/2765
f 1382/1143/2766 1390/1152/2766 1389/1153/2766
f 1405/1155/2767 1404/1169/2768 1396/1156/2768
f 1398/1158/2080 1397/1157/2080 1389/1153/2080
f 1396/1156/2083 1395/1163/2083 1387/1154/2083
f 1394/1159/2082 1393/1161/2082 1385/1160/2082
f 1393/1161/2315 1400/1147/2315 1392/1149/2315
f 1399/1162/2064 1398/1158/2064 1390/1152/2064
f 1397/1157/2316 1396/1156/2316 1388/1140/2316
f 1395/1163/2078 1394/1159/2078 1386/1150/2078
f 1401/1164/2769 1409/1184/2769 1416/1165/2769
f 1403/1167/2770 1402/1170/2770 1394/1159/2770
f 1400/1147/2771 1408/1166/2771 1407/1168/2771
f 1398/1158/2772 1406/1171/2772 1405/1155/2773
f 1404/1169/2774 1403/1167/2774 1395/1163/2774
f 1402/1170/2775 1401/1164/2775 1393/1161/2775
f 1393/1161/2776 1401/1164/2776 1408/1166/2776
f 1399/1162/2777 1407/1168/2777 1406/1171/2778
f 1414/1172/2779 1422/1185/2779 1421/1173/2779
f 1407/1168/2780 1415/1176/2780 1414/1172/2780
f 1413/1174/2781 1412/1177/2782 1404/1169/2783
f 1411/1175/2784 1410/1178/2784 1402/1170/2784
f 1408/1166/2785 1416/1165/2785 1415/1176/2785
f 1406/1171/2786 1414/1172/2787 1413/1174/2788
f 1412/1177/2789 1411/1175/2790 1403/1167/2790
f 1410/1178/2791 1409/1184/2791 1401/1164/2791
f 1424/1179/2792 1432/1193/2792 1431/1180/2793
f 1420/1182/2794 1419/1186/2794 1411/1175/2794
f 1418/1183/2795 1417/1192/2795 1409/1184/2795
f 1409/1184/2796 1417/1192/2796 1424/1179/2796
f 1415/1176/2797 1423/1181/2797 1422/1185/2797
f 1421/1173/2798 1420/1182/2799 1412/1177/2799
f 1419/1186/2800 1418/1183/2800 1410/1178/2800
f 1416/1165/2801 1424/1179/2801 1423/1181/2801
f 1431/1180/2802 1439/1200/2802 1438/1187/2802
f 1422/1185/2803 1430/1188/2803 1429/1189/2804
f 1428/1190/2805 1427/1194/2806 1419/1186/2806
f 1426/1191/2807 1425/1202/2807 1417/1192/2807
f 1417/1192/2808 1425/1202/2808 1432/1193/2808
f 1423/1181/2809 1431/1180/2809 1430/1188/2809
f 1429/1189/2810 1428/1190/2811 1420/1182/2812
f 1427/1194/2813 1426/1191/2813 1418/1183/2813
f 1442/1195/2814 1441/1216/2814 1433/1196/2814
f 1437/1198/2815 1436/1201/2816 1428/1190/2816
f 1435/1199/2817 1434/1197/2817 1426/1191/2817
f 1432/1193/2818 1440/1203/2819 1439/1200/2820
f 1430/1188/2821 1438/1187/2821 1437/1198/2822
f 1436/1201/2823 1435/1199/2823 1427/1194/2823
f 1434/1197/2824 1433/1196/2824 1425/1202/2824
f 1425/1202/2825 1433/1196/2825 1440/1203/2825
f 1448/1204/2826 1456/1217/2826 1455/1205/2826
f 1433/1196/2827 1441/1216/2827 1448/1204/2827
f 1439/1200/2828 1447/1206/2828 1446/1207/2828
f 1445/1208/2829 1444/1210/2830 1436/1201/2830
f 1443/1209/2831 1442/1195/2831 1434/1197/2831
f 1440/1203/2832 1448/1204/2832 1447/1206/2832
f 1438/1187/2833 1446/1207/2833 1445/1208/2834
f 1444/1210/2835 1443/1209/2835 1435/1199/2835
f 1459/1211/2836 1458/1225/2836 1450/1212/2836
f 1446/1207/2837 1454/1218/2837 1453/1214/2838
f 1452/1215/2839 1451/1213/2839 1443/1209/2839
f 1450/1212/2840 1449/1226/2841 1441/1216/2842
f 1441/1216/2843 1449/1226/2843 1456/1217/2843
f 1447/1206/2844 1455/1205/2844 1454/1218/2845
f 1453/1214/2846 1452/1215/2846 1444/1210/2846
f 1451/1213/2847 1450/1212/2847 1442/1195/2847
f 1457/1219/2848 1465/1234/2848 1472/1220/2849
f 1456/1217/2850 1464/1221/2850 1463/1222/2850
f 1454/1218/2851 1462/1227/2851 1461/1223/2851
f 1460/1224/2852 1459/1211/2852 1451/1213/2852
f 1458/1225/2853 1457/1219/2853 1449/1226/2853
f 1449/1226/2854 1457/1219/2854 1464/1221/2854
f 1455/1205/2855 1463/1222/2855 1462/1227/2855
f 1461/1223/2856 1460/1224/2857 1452/1215/2857
f 1468/1228/2191 1476/1054/2191 1475/1064/2191
f 1463/1222/2858 1471/1232/2858 1470/1230/2858
f 1469/1231/2859 1468/1228/2859 1460/1224/2859
f 1467/1229/2860 1466/1233/2860 1458/1225/2860
f 1464/1221/2861 1472/1220/2861 1471/1232/2861
f 1462/1227/2862 1470/1230/2862 1469/1231/2863
f 1468/1228/2864 1467/1229/2864 1459/1211/2864
f 1466/1233/2865 1465/1234/2866 1457/1219/2866
f 1473/1060/2867 1474/1061/2867 1475/1064/2867
f 1475/1064/2868 1476/1054/2868 1477/1063/2868
f 1477/1063/2869 1478/1066/2869 1479/1062/2869
f 1479/1062/2870 1480/1065/2870 1473/1060/2870
f 1473/1060/2871 1475/1064/2871 1477/1063/2871
f 1474/1061/2652 1473/1060/2652 1465/1234/2652
f 1465/1234/2429 1473/1060/2429 1480/1065/2429
f 1471/1232/1965 1479/1062/1965 1478/1066/1965
f 1469/1231/2653 1477/1063/2653 1476/1054/2653
f 1475/1064/2654 1474/1061/2654 1466/1233/2654
f 1480/1065/2872 1479/1062/2872 1471/1232/2872
f 1478/1066/2431 1477/1063/2431 1469/1231/2431
o Lantern_top_A_Circle.005
v -1.006228 0.947802 -0.199640
v -1.147415 0.947802 -0.141158
v -1.205897 0.947802 0.000029
v -1.147415 0.947802 0.141216
v -1.006228 0.947802 0.199698
v -0.865040 0.947802 0.141216
v -0.806559 0.947802 0.000029
v -0.865040 0.947802 -0.141158
v -1.006228 0.947802 -0.229727
v -1.168690 0.947802 -0.162433
v -1.235984 0.947802 0.000029
v -1.168690 0.947802 0.162491
v -1.006228 0.947802 0.229785
v -0.843765 0.947802 0.162491
v -0.776471 0.947802 0.000029
v -0.843765 0.947802 -0.162433
v -1.006228 1.043294 -0.211517
v -1.155814 1.043294 -0.149557
v -1.217774 1.043294 0.000029
v -1.155814 1.043294 0.149615
v -1.006228 1.043294 0.211576
v -0.856642 1.043294 0.149615
v -0.794681 1.043294 0.000029
v -0.856642 1.043294 -0.149557
v -1.006228 1.054807 -0.169208
v -1.125897 1.054807 -0.119640
v -1.175465 1.054807 0.000029
v -1.125897 1.054807 0.119698
v -1.006228 1.054807 0.169266
v -0.886559 1.054807 0.119698
v -0.836991 1.054807 0.000029
v -0.886559 1.054807 -0.119640
v -1.006228 1.111266 -0.169208
v -1.125897 1.111266 -0.119640
v -1.175465 1.111266 0.000029
v -1.125897 1.111266 0.119698
v -1.006228 1.111266 0.169266
v -0.886559 1.111266 0.119698
v -0.836991 1.111266 0.000029
v -0.886559 1.111266 -0.119640
v -1.006228 1.121692 -0.253827
v -1.185731 1.121692 -0.179474
v -1.260083 1.121692 0.000029
v -1.185731 1.121692 0.179532
v -1.006228 1.121692 0.253885
v -0.826725 1.121692 0.179532
v -0.752372 1.121692 0.000029
v -0.826725 1.121692 -0.179474
v -1.006228 1.161627 -0.253827
v -1.185731 1.161627 -0.179474
v -1.260083 1.161627 0.000029
v -1.185731 1.161627 0.179532
v -1.006228 1.161627 0.253885
v -0.826725 1.161627 0.179532
v -0.752372 1.161627 0.000029
v -0.826725 1.161627 -0.179474
v -1.006228 1.172054 -0.217354
v -1.159941 1.172054 -0.153684
v -1.223611 1.172054 0.000029
v -1.159941 1.172054 0.153742
v -1.006228 1.172054 0.217412
v -0.852515 1.172054 0.153742
v -0.788844 1.172054 0.000029
v -0.852515 1.172054 -0.153684
v -1.006228 1.342410 -0.207822
v -1.153201 1.342410 -0.146944
v -1.214078 1.342410 0.000029
v -1.153201 1.342410 0.147002
v -1.006228 1.342410 0.207880
v -0.859255 1.342410 0.147002
v -0.798377 1.342410 0.000029
v -0.859255 1.342410 -0.146944
v -1.006228 1.372985 -0.166252
v -1.123806 1.372985 -0.117549
v -1.172508 1.372985 0.000029
v -1.123806 1.372985 0.117607
v -1.006228 1.372985 0.166310
v -0.888650 1.372985 0.117607
v -0.839947 1.372985 0.000029
v -0.888650 1.372985 -0.117549
v -1.006228 1.450573 -0.166252
v -1.123806 1.450573 -0.117549
v -1.172508 1.450573 0.000029
v -1.123806 1.450573 0.117607
v -1.006228 1.450573 0.166310
v -0.888650 1.450573 0.117607
v -0.839947 1.450573 0.000029
v -0.888650 1.450573 -0.117549
v -1.006228 1.450573 -0.199508
v -1.147322 1.450573 -0.141065
v -1.205765 1.450573 0.000029
v -1.147322 1.450573 0.141123
v -1.006228 1.450573 0.199566
v -0.865134 1.450573 0.141123
v -0.806691 1.450573 0.000029
v -0.865134 1.450573 -0.141065
v -1.006228 1.490361 -0.199508
v -1.147322 1.490361 -0.141065
v -1.205765 1.490361 0.000029
v -1.147322 1.490361 0.141123
v -1.006228 1.490361 0.199566
v -0.865134 1.490361 0.141123
v -0.806691 1.490361 0.000029
v -0.865134 1.490361 -0.141065
v -1.006228 1.490361 -0.221720
v -1.163028 1.490361 -0.156771
v -1.227977 1.490361 0.000029
v -1.163028 1.490361 0.156829
v -1.006228 1.490361 0.221778
v -0.849428 1.490361 0.156829
v -0.784479 1.490361 0.000029
v -0.849428 1.490361 -0.156771
v -1.006228 1.601438 -0.173796
v -1.129141 1.601438 -0.122884
v -1.180053 1.601438 0.000029
v -1.129141 1.601438 0.122942
v -1.006228 1.601438 0.173855
v -0.883314 1.601438 0.122942
v -0.832402 1.601438 0.000029
v -0.883314 1.601438 -0.122884
v -0.852905 1.545899 -0.153294
v -0.789396 1.545899 0.000029
v -0.852905 1.545899 0.153352
v -1.006228 1.545899 0.216860
v -1.159551 1.545899 0.153352
v -1.223059 1.545899 0.000029
v -1.159551 1.545899 -0.153294
v -1.006228 1.545899 -0.216802
v -1.006228 1.601438 -0.121649
v -1.092267 1.601438 -0.086010
v -1.127906 1.601438 0.000029
v -1.092267 1.601438 0.086068
v -1.006228 1.601438 0.121707
v -0.920188 1.601438 0.086068
v -0.884550 1.601438 0.000029
v -0.920188 1.601438 -0.086010
v -1.091402 1.601438 0.000029
v -1.066455 1.601438 0.060257
v -0.921053 1.601438 0.000029
v -0.946000 1.601438 -0.060198
v -1.006228 0.947802 -0.139739
v -1.105059 0.947802 -0.098802
v -1.145996 0.947802 0.000029
v -1.105059 0.947802 0.098860
v -1.006228 0.947802 0.139797
v -0.907397 0.947802 0.098860
v -0.866459 0.947802 0.000029
v -0.907397 0.947802 -0.098802
v -1.033027 1.613857 -0.036847
v -0.999103 1.613857 0.045054
v -1.013353 1.613857 -0.044996
v -0.979428 1.613857 0.036905
v -1.066455 1.601438 -0.060198
v -1.006228 1.601438 -0.085145
v -0.946000 1.601438 0.060257
v -1.006228 1.601438 0.085204
v -1.050104 1.601438 -0.053426
v -1.013001 1.601438 -0.068794
v -0.962351 1.601438 0.053484
v -0.999455 1.601438 0.068853
v -1.023422 1.639480 -0.013657
v -1.033027 1.614380 -0.036847
v -1.013353 1.614380 -0.044996
v -1.003747 1.639480 -0.021807
v -0.989034 1.639480 0.013715
v -0.979428 1.614380 0.036905
v -0.999103 1.614380 0.045054
v -1.008708 1.639480 0.021865
v -1.037780 1.601438 -0.048321
v -0.994350 1.601438 0.056528
v -1.018105 1.601438 -0.056470
v -0.974676 1.601438 0.048379
v -1.037780 1.619524 -0.048321
v -1.025391 1.651900 -0.018410
v -1.005716 1.651900 -0.026559
v -1.018105 1.619524 -0.056470
v -0.974676 1.619524 0.048379
v -0.987065 1.651900 0.018468
v -1.006740 1.651900 0.026617
v -0.994350 1.619524 0.056528
v -1.154916 1.071969 -0.049580
v -1.154916 1.094104 -0.049580
v -1.146445 1.094104 -0.070030
v -1.146445 1.071969 -0.070030
v -0.866010 1.071969 -0.070030
v -0.866010 1.094104 -0.070030
v -0.857539 1.094104 -0.049580
v -0.857539 1.071969 -0.049580
v -0.936168 1.071969 0.140247
v -0.936168 1.094104 0.140247
v -0.956618 1.094104 0.148717
v -0.956618 1.071969 0.148717
v -1.146445 1.071969 0.070089
v -1.146445 1.094104 0.070089
v -1.154916 1.094104 0.049638
v -1.154916 1.071969 0.049638
v -1.076287 1.071969 -0.140189
v -1.076287 1.094104 -0.140189
v -1.055837 1.094104 -0.148659
v -1.055837 1.071969 -0.148659
v -0.956618 1.071969 -0.148659
v -0.956618 1.094104 -0.148659
v -0.936168 1.094104 -0.140189
v -0.936168 1.071969 -0.140189
v -0.857539 1.071969 0.049638
v -0.857539 1.094104 0.049638
v -0.866010 1.094104 0.070089
v -0.866010 1.071969 0.070089
v -1.055837 1.071969 0.148717
v -1.055837 1.094104 0.148717
v -1.076287 1.094104 0.140247
v -1.076287 1.071969 0.140247
v -1.156670 1.083036 -0.045345
v -1.150681 1.067384 -0.059805
v -1.150681 1.098688 -0.059805
v -1.144691 1.083036 -0.074266
v -0.867764 1.083036 -0.074266
v -0.861775 1.067384 -0.059805
v -0.861775 1.098688 -0.059805
v -0.855785 1.083036 -0.045345
v -0.931933 1.083036 0.138492
v -0.946393 1.067384 0.144482
v -0.946393 1.098688 0.144482
v -0.960854 1.083036 0.150472
v -1.144691 1.083036 0.074324
v -1.150681 1.067384 0.059864
v -1.150681 1.098688 0.059863
v -1.156670 1.083036 0.045403
v -1.080523 1.083036 -0.138434
v -1.066062 1.067384 -0.144424
v -1.066062 1.098688 -0.144424
v -1.051602 1.083036 -0.150414
v -0.960854 1.083036 -0.150414
v -0.946393 1.067384 -0.144424
v -0.946393 1.098688 -0.144424
v -0.931933 1.083036 -0.138434
v -0.855785 1.083036 0.045403
v -0.861775 1.067384 0.059864
v -0.861775 1.098688 0.059863
v -0.867764 1.083036 0.074324
v -1.051602 1.083036 0.150472
v -1.066062 1.067384 0.144482
v -1.066062 1.098688 0.144482
v -1.080523 1.083036 0.138492
v -1.172403 1.083036 -0.007362
v -1.172403 1.062807 -0.007362
v -1.150681 1.062807 -0.059805
v -1.128958 1.062807 -0.112249
v -1.150681 1.103266 -0.059805
v -1.128958 1.103266 -0.112249
v -1.128958 1.083036 -0.112249
v -0.883497 1.083036 -0.112249
v -0.883497 1.062807 -0.112249
v -0.861775 1.062807 -0.059805
v -0.840052 1.062807 -0.007362
v -0.861775 1.103266 -0.059805
v -0.840052 1.103266 -0.007362
v -0.840052 1.083036 -0.007362
v -0.893950 1.083036 0.122759
v -0.893950 1.062807 0.122759
v -0.946393 1.062807 0.144482
v -0.998837 1.062807 0.166205
v -0.946393 1.103266 0.144482
v -0.998837 1.103266 0.166205
v -0.998837 1.083036 0.166205
v -1.128958 1.083036 0.112307
v -1.128958 1.062807 0.112307
v -1.150681 1.062807 0.059864
v -1.172403 1.062807 0.007420
v -1.150681 1.103266 0.059864
v -1.172403 1.103266 0.007420
v -1.172403 1.083036 0.007420
v -1.118505 1.083036 -0.122701
v -1.118505 1.103266 -0.122701
v -1.066062 1.062807 -0.144424
v -1.013619 1.062807 -0.166147
v -1.066062 1.103266 -0.144424
v -1.013619 1.103266 -0.166147
v -1.013619 1.083036 -0.166147
v -0.998837 1.083036 -0.166147
v -0.998837 1.103266 -0.166147
v -0.946393 1.062807 -0.144424
v -0.893950 1.062807 -0.122701
v -0.946393 1.103266 -0.144424
v -0.893950 1.103266 -0.122701
v -0.893950 1.083036 -0.122701
v -0.840052 1.083036 0.007420
v -0.840052 1.103266 0.007420
v -0.861775 1.062807 0.059864
v -0.883497 1.062807 0.112307
v -0.861775 1.103266 0.059863
v -0.883497 1.103266 0.112307
v -0.883497 1.083036 0.112307
v -1.013619 1.083036 0.166205
v -1.013619 1.103266 0.166205
v -1.066062 1.062807 0.144482
v -1.118505 1.062807 0.122759
v -1.066062 1.103266 0.144482
v -1.118505 1.103266 0.122759
v -1.118505 1.083036 0.122759
v -1.172403 1.103266 -0.007362
v -0.883497 1.103266 -0.112249
v -0.893950 1.103266 0.122759
v -1.128958 1.103266 0.112307
v -1.118505 1.062807 -0.122701
v -0.998837 1.062807 -0.166147
v -0.840052 1.062807 0.007420
v -1.013619 1.062807 0.166205
v -1.062711 1.083036 0.136391
v -1.077171 1.083036 0.130402
v -1.048250 1.083036 0.142381
v -1.062711 1.067384 0.136391
v -1.062711 1.098688 0.136391
v -0.869865 1.083036 0.056512
v -0.875855 1.083036 0.070973
v -0.863876 1.083036 0.042052
v -0.869865 1.067384 0.056512
v -0.869865 1.098688 0.056512
v -0.949745 1.083036 -0.136333
v -0.935284 1.083036 -0.130343
v -0.964205 1.083036 -0.142323
v -0.949745 1.067384 -0.136333
v -0.949745 1.098688 -0.136333
v -1.062711 1.083036 -0.136333
v -1.048250 1.083036 -0.142323
v -1.077171 1.083036 -0.130343
v -1.062711 1.067384 -0.136333
v -1.062711 1.098688 -0.136333
v -1.142590 1.083036 0.056512
v -1.148580 1.083036 0.042052
v -1.136600 1.083036 0.070973
v -1.142590 1.067384 0.056512
v -1.142590 1.098688 0.056512
v -0.949745 1.083036 0.136391
v -0.964205 1.083036 0.142381
v -0.935284 1.083036 0.130402
v -0.949745 1.067384 0.136391
v -0.949745 1.098688 0.136391
v -0.869865 1.083036 -0.056454
v -0.863876 1.083036 -0.041994
v -0.875855 1.083036 -0.070914
v -0.869865 1.067384 -0.056454
v -0.869865 1.098688 -0.056454
v -1.142590 1.083036 -0.056454
v -1.136600 1.083036 -0.070914
v -1.148580 1.083036 -0.041994
v -1.142590 1.067384 -0.056454
v -1.142590 1.098688 -0.056454
v -1.146825 1.071969 -0.046229
v -1.138355 1.071969 -0.066679
v -1.138355 1.094104 -0.066679
v -0.874101 1.071969 -0.066679
v -0.865630 1.071969 -0.046229
v -0.865630 1.094104 -0.046229
v -0.939520 1.071969 0.132156
v -0.959970 1.071969 0.140627
v -0.959970 1.094104 0.140627
v -1.138355 1.071969 0.066737
v -1.146825 1.071969 0.046287
v -1.146825 1.094104 0.046287
v -1.072936 1.094104 -0.132098
v -1.052486 1.071969 -0.140569
v -1.052486 1.094104 -0.140568
v -0.959970 1.094104 -0.140568
v -0.939520 1.071969 -0.132098
v -0.939520 1.094104 -0.132098
v -0.865630 1.094104 0.046287
v -0.874101 1.071969 0.066737
v -0.874101 1.094104 0.066737
v -1.052486 1.094104 0.140627
v -1.072936 1.071969 0.132156
v -1.072936 1.094104 0.132156
v -1.146825 1.094104 -0.046229
v -0.874101 1.094104 -0.066679
v -0.939520 1.094104 0.132156
v -1.138355 1.094104 0.066737
v -1.072936 1.071969 -0.132098
v -0.959970 1.071969 -0.140569
v -0.865630 1.071969 0.046287
v -1.052486 1.071969 0.140627
v -0.929456 1.392314 0.134510
v -0.929455 1.431244 0.134510
v -0.965422 1.431244 0.149407
v -0.965422 1.392314 0.149407
v -1.140708 1.392314 0.076801
v -1.140708 1.431244 0.076801
v -1.155606 1.431244 0.040835
v -1.155606 1.392314 0.040835
v -1.083000 1.392314 -0.134451
v -1.083000 1.431244 -0.134451
v -1.047034 1.431244 -0.149349
v -1.047034 1.392314 -0.149349
v -0.965422 1.392314 -0.149349
v -0.965422 1.431244 -0.149349
v -0.929456 1.431244 -0.134451
v -0.929455 1.392314 -0.134451
v -0.856849 1.392314 0.040835
v -0.856849 1.431244 0.040835
v -0.871747 1.431244 0.076801
v -0.871747 1.392314 0.076801
v -1.047034 1.392314 0.149407
v -1.047034 1.431244 0.149407
v -1.083000 1.431244 0.134510
v -1.083000 1.392314 0.134510
v -1.155606 1.392314 -0.040777
v -1.155606 1.431244 -0.040777
v -1.140708 1.431244 -0.076743
v -1.140708 1.392314 -0.076743
v -0.871747 1.392314 -0.076743
v -0.871747 1.431244 -0.076743
v -0.856849 1.431244 -0.040777
v -0.856849 1.392314 -0.040777
v -0.922007 1.411779 0.131424
v -0.947439 1.384252 0.141959
v -0.947439 1.439307 0.141959
v -0.972871 1.411779 0.152493
v -1.137623 1.411779 0.084250
v -1.148157 1.384252 0.058818
v -1.148157 1.439306 0.058818
v -1.158691 1.411779 0.033386
v -1.090449 1.411779 -0.131366
v -1.065017 1.384252 -0.141900
v -1.065017 1.439306 -0.141900
v -1.039585 1.411779 -0.152435
v -0.972871 1.411779 -0.152435
v -0.947439 1.384252 -0.141900
v -0.947439 1.439306 -0.141900
v -0.922007 1.411779 -0.131366
v -0.853764 1.411779 0.033386
v -0.864298 1.384252 0.058818
v -0.864298 1.439306 0.058818
v -0.874833 1.411779 0.084250
v -1.039585 1.411779 0.152493
v -1.065017 1.384252 0.141959
v -1.065017 1.439306 0.141959
v -1.090449 1.411779 0.131424
v -1.158691 1.411779 -0.033328
v -1.148157 1.384252 -0.058760
v -1.148157 1.439306 -0.058760
v -1.137623 1.411779 -0.084192
v -0.874833 1.411779 -0.084192
v -0.864298 1.384252 -0.058760
v -0.864298 1.439306 -0.058760
v -0.853764 1.411779 -0.033328
v -0.925205 1.411779 0.123703
v -0.932654 1.392314 0.126789
v -0.950637 1.384252 0.134238
v -0.968620 1.392314 0.141687
v -0.950637 1.439307 0.134238
v -0.968620 1.431244 0.141687
v -0.976069 1.411779 0.144772
v -1.129902 1.411779 0.081052
v -1.132987 1.392314 0.073603
v -1.140436 1.384252 0.055620
v -1.147885 1.392314 0.037637
v -1.140436 1.439306 0.055620
v -1.147885 1.431244 0.037637
v -1.150971 1.411779 0.030188
v -1.087251 1.411779 -0.123645
v -1.079802 1.392314 -0.126731
v -1.061819 1.384252 -0.134180
v -1.043836 1.392314 -0.141628
v -1.061819 1.439306 -0.134180
v -1.043836 1.431244 -0.141628
v -1.036387 1.411779 -0.144714
v -0.976069 1.411779 -0.144714
v -0.968620 1.431244 -0.141628
v -0.950637 1.384252 -0.134180
v -0.932654 1.392314 -0.126731
v -0.950637 1.439306 -0.134180
v -0.932654 1.431244 -0.126731
v -0.925205 1.411779 -0.123645
v -0.861485 1.411779 0.030188
v -0.864570 1.392314 0.037637
v -0.872019 1.384252 0.055620
v -0.879468 1.392314 0.073603
v -0.872019 1.439306 0.055620
v -0.879468 1.431244 0.073603
v -0.882553 1.411779 0.081052
v -1.036387 1.411779 0.144772
v -1.043836 1.431244 0.141687
v -1.061819 1.384252 0.134238
v -1.079802 1.392314 0.126789
v -1.061819 1.439306 0.134238
v -1.079802 1.431244 0.126789
v -1.087251 1.411779 0.123703
v -1.150971 1.411779 -0.030130
v -1.147885 1.431244 -0.037579
v -1.140436 1.384252 -0.055562
v -1.132987 1.392314 -0.073545
v -1.140436 1.439306 -0.055562
v -1.132987 1.431244 -0.073545
v -1.129902 1.411779 -0.080994
v -0.882553 1.411779 -0.080994
v -0.879468 1.431244 -0.073545
v -0.872019 1.384252 -0.055562
v -0.864570 1.392314 -0.037579
v -0.872019 1.439306 -0.055562
v -0.864570 1.431244 -0.037579
v -0.861485 1.411779 -0.030130
v -0.932654 1.431244 0.126789
v -1.132987 1.431244 0.073603
v -1.079802 1.431244 -0.126731
v -0.968620 1.392314 -0.141628
v -0.864570 1.431244 0.037637
v -1.043836 1.392314 0.141687
v -1.147885 1.392314 -0.037579
v -0.879468 1.392314 -0.073545
v -0.872019 1.411779 -0.055562
v -1.140436 1.411779 -0.055562
v -1.061819 1.411779 0.134238
v -0.872019 1.411779 0.055620
v -0.950637 1.411779 -0.134180
v -1.061819 1.411779 -0.134180
v -1.140436 1.411779 0.055620
v -0.950637 1.411779 0.134238
vn -0.0000 -1.0000 -0.0000
vn -0.3769 0.1735 -0.9099
vn 0.3769 0.1735 -0.9099
vn 0.9099 0.1735 0.3769
vn -0.3769 0.1735 0.9099
vn -0.9099 0.1735 -0.3769
vn 0.9099 0.1735 -0.3769
vn 0.3769 0.1735 0.9099
vn -0.9099 0.1735 0.3769
vn 0.2610 0.9593 -0.1081
vn 0.1081 0.9593 0.2610
vn -0.2610 0.9593 0.1081
vn -0.1081 0.9593 -0.2610
vn 0.1081 0.9593 -0.2610
vn 0.2610 0.9593 0.1081
vn -0.1081 0.9593 0.2610
vn -0.2610 0.9593 -0.1081
vn 0.3536 -0.3827 0.8535
vn -0.3535 -0.9239 -0.1464
vn 0.3536 0.9239 -0.1465
vn -0.3536 0.3827 0.8535
vn -0.3536 0.9239 -0.1464
vn -0.8535 0.3827 0.3536
vn 0.1464 -0.9239 -0.3535
vn -0.8535 0.3827 -0.3536
vn 0.0506 -0.9912 -0.1221
vn 0.1221 -0.9912 0.0506
vn -0.0506 -0.9912 0.1221
vn -0.1221 -0.9912 -0.0506
vn 0.1221 -0.9912 -0.0506
vn 0.0506 -0.9912 0.1221
vn -0.1221 -0.9912 0.0506
vn -0.0506 -0.9912 -0.1221
vn -0.9239 -0.0000 0.3827
vn -0.3827 -0.0000 -0.9239
vn 0.3827 -0.0000 -0.9239
vn 0.9239 -0.0000 0.3827
vn -0.3827 -0.0000 0.9239
vn -0.9239 -0.0000 -0.3827
vn 0.9239 -0.0000 -0.3827
vn 0.3827 -0.0000 0.9239
vn 0.2731 0.9553 -0.1131
vn 0.1131 0.9553 0.2731
vn -0.2731 0.9553 0.1131
vn -0.1131 0.9553 -0.2731
vn 0.1131 0.9553 -0.2731
vn 0.2731 0.9553 0.1131
vn -0.1131 0.9553 0.2731
vn -0.2731 0.9553 -0.1131
vn -0.3822 0.0516 0.9226
vn -0.9226 0.0516 -0.3822
vn 0.9226 0.0516 -0.3822
vn 0.3822 0.0516 0.9226
vn -0.9226 0.0516 0.3822
vn -0.3822 0.0516 -0.9226
vn 0.3822 0.0516 -0.9226
vn 0.9226 0.0516 0.3822
vn 0.2383 0.7824 -0.5754
vn 0.5754 0.7824 0.2383
vn -0.2383 0.7824 0.5754
vn -0.5754 0.7824 -0.2383
vn 0.5754 0.7824 -0.2383
vn 0.2383 0.7824 0.5754
vn -0.5754 0.7824 0.2383
vn -0.2383 0.7824 -0.5754
vn -0.3535 0.9239 -0.1464
vn -0.3535 0.3827 0.8536
vn -0.1464 -0.9239 -0.3535
vn -0.1464 0.9239 -0.3535
vn 0.3535 -0.3827 -0.8536
vn -0.1464 -0.9239 0.3535
vn 0.7514 0.5818 -0.3112
vn 0.3112 0.5818 0.7514
vn -0.7514 0.5818 0.3112
vn -0.3112 0.5818 -0.7514
vn 0.3112 0.5818 -0.7514
vn 0.7514 0.5818 0.3112
vn -0.3112 0.5818 0.7514
vn -0.7514 0.5818 -0.3112
vn -0.9208 0.0815 -0.3814
vn -0.3814 0.0815 0.9208
vn 0.9208 0.0815 0.3814
vn 0.3814 0.0815 -0.9208
vn -0.3814 0.0815 -0.9208
vn -0.9208 0.0815 0.3814
vn 0.3814 0.0815 0.9208
vn 0.9208 0.0815 -0.3814
vn -0.0000 1.0000 -0.0000
vn 0.2706 -0.7071 0.6533
vn 0.3824 -0.0000 0.9240
vn -0.2706 0.7071 -0.6533
vn 0.2706 0.7071 0.6533
vn 0.9239 -0.0000 -0.3826
vn -0.2706 -0.7071 -0.6533
vn -0.9239 -0.0000 -0.3826
vn -0.9239 -0.0001 -0.3827
vn 0.9239 -0.0001 -0.3827
vn 0.9239 0.0001 -0.3827
vn 0.3826 -0.0000 0.9239
vn 0.3827 0.0001 0.9239
vn -0.9239 -0.0000 0.3826
vn -0.9239 0.0001 0.3827
vn -0.9239 -0.0001 0.3827
vn -0.3829 -0.0000 -0.9238
vn -0.3826 0.0003 -0.9239
vn -0.3827 0.0001 -0.9239
vn -0.3826 -0.0000 -0.9239
vn 0.3826 -0.0000 -0.9239
vn 0.3827 -0.0001 -0.9239
vn 0.9239 -0.0000 0.3826
vn 0.9239 -0.0001 0.3827
vn -0.3826 -0.0000 0.9239
vn -0.3827 -0.0001 0.9239
vn -0.3830 -0.0000 0.9237
vn -0.3830 0.0001 0.9237
vn -0.3826 -0.0005 0.9239
vn -0.3535 -0.3826 -0.8536
vn 0.1465 0.9239 -0.3536
vn 0.3536 -0.3827 -0.8535
vn 0.3536 -0.3826 -0.8536
vn -0.1465 0.9239 -0.3536
vn 0.8535 0.3828 0.3536
vn -0.1465 0.9239 0.3536
vn 0.3535 0.3827 0.8536
vn 0.3535 -0.9239 0.1464
vn -0.3536 -0.3827 0.8536
vn 0.3536 0.9239 0.1465
vn -0.8535 -0.3827 -0.3536
vn 0.3535 -0.9239 0.1465
vn 0.3535 0.3827 -0.8536
vn 0.3827 0.0001 -0.9239
vn 0.9239 0.0001 0.3827
vn -0.3827 0.0001 0.9239
vn 0.3827 -0.0001 0.9239
vn -0.3827 -0.0001 -0.9239
vn -0.9239 0.0001 -0.3827
vn 0.3535 -0.9239 -0.1465
vn 0.8536 -0.3826 0.3535
vn 0.1465 0.9239 0.3536
vn 0.8535 -0.3827 -0.3536
vn 0.1464 -0.9239 0.3535
vn -0.3536 0.3828 -0.8535
vn -0.3535 0.3827 -0.8536
vn 0.1464 0.9239 0.3536
vn -0.8535 -0.3827 0.3536
vn 0.1464 -0.9239 0.3536
vn -0.3536 0.9239 0.1465
vn 0.3536 0.3827 0.8536
vn -0.3535 -0.9239 0.1465
vn 0.8536 0.3827 -0.3535
vn -0.3535 -0.9239 0.1464
vn -0.8535 -0.3827 0.3535
vn -0.1465 -0.9239 -0.3535
vn 0.8535 -0.3827 0.3535
vn 0.3535 -0.3826 0.8536
vn -0.3536 0.9239 -0.1465
vn 0.8535 0.3827 -0.3535
vn -0.3535 -0.9239 -0.1465
vn 0.3536 0.9239 -0.1464
vn -0.8535 0.3828 -0.3535
vn 0.3535 -0.9239 -0.1464
vn -0.3535 -0.3826 0.8536
vn 0.9239 -0.0001 0.3826
vn -0.1464 0.9239 0.3535
vn 0.3536 -0.9239 -0.1464
vn -0.3535 -0.3827 0.8536
vn 0.3535 0.9239 -0.1465
vn -0.8536 0.3826 -0.3535
vn -0.8536 0.3827 0.3535
vn -0.3535 0.9239 -0.1465
vn 0.3535 0.9239 0.1464
vn 0.8536 -0.3827 0.3535
vn 0.8536 0.3827 0.3535
vn 0.3535 0.9239 -0.1464
vn 0.8536 -0.3827 -0.3535
vn -0.8536 -0.3827 0.3535
vn 0.3536 0.3827 0.8535
vn 0.1464 0.9239 -0.3535
vn 0.3536 0.3827 -0.8535
vn 0.1464 0.9239 0.3535
vn 0.3535 -0.3827 0.8536
vn -0.3535 0.9239 0.1464
vn -0.8536 -0.3827 -0.3535
vn -0.3535 -0.3827 -0.8536
vn 0.8535 0.3827 -0.3536
vn 0.1464 -0.9239 -0.3536
vn -0.9227 0.0516 -0.3822
vn -0.9227 0.0516 0.3822
vn -0.2384 0.7824 0.5754
vn 0.5754 0.7824 -0.2384
vn 0.2384 0.7824 0.5754
vn -0.2384 0.7824 -0.5754
vn -0.8536 0.3827 -0.3535
vn 0.3827 -0.0003 0.9239
vn -0.3829 0.0001 -0.9238
vn -0.3829 -0.0001 -0.9238
vn -0.3830 -0.0001 0.9237
vn 0.3535 -0.3826 -0.8536
vn -0.3536 -0.3827 0.8535
vn 0.3536 0.9239 0.1464
vn -0.8536 -0.3827 -0.3536
vn -0.1464 0.9239 0.3536
vn 0.3536 0.3827 -0.8536
vn 0.1465 -0.9239 -0.3535
vn 0.8535 -0.3827 0.3536
vn 0.8536 -0.3826 -0.3535
vn 0.8535 0.3828 -0.3536
vn -0.3536 0.9239 0.1464
vn -0.3536 -0.3827 -0.8535
vn -0.8535 -0.3826 0.3536
vn -0.1464 -0.9239 -0.3536
vn 0.3536 -0.3826 0.8536
vn 0.3536 -0.9239 -0.1465
vn -0.8535 0.3827 -0.3537
vn -0.3536 -0.9239 0.1465
vn -0.3535 0.9239 0.1465
vt 0.670737 0.443401
vt 0.675182 0.443401
vt 0.673672 0.443401
vt 0.663650 0.443401
vt 0.655496 0.443401
vt 0.653628 0.443401
vt 0.656564 0.443401
vt 0.663650 0.448194
vt 0.671158 0.448194
vt 0.671805 0.443401
vt 0.674268 0.448194
vt 0.656142 0.448194
vt 0.653032 0.448194
vt 0.652118 0.443401
vt 0.672145 0.448772
vt 0.669657 0.448772
vt 0.657644 0.448772
vt 0.670688 0.450744
vt 0.670194 0.450189
vt 0.670600 0.450189
vt 0.660647 0.450974
vt 0.661328 0.450744
vt 0.661160 0.450744
vt 0.666140 0.449633
vt 0.666485 0.449403
vt 0.665972 0.449633
vt 0.656612 0.449633
vt 0.657106 0.450189
vt 0.656700 0.450189
vt 0.660647 0.449403
vt 0.661328 0.449633
vt 0.660815 0.449403
vt 0.667167 0.449633
vt 0.667211 0.450189
vt 0.666998 0.449633
vt 0.656400 0.450974
vt 0.656593 0.450744
vt 0.656187 0.450744
vt 0.661373 0.450189
vt 0.661160 0.449633
vt 0.663650 0.452129
vt 0.669657 0.451606
vt 0.663650 0.451606
vt 0.676392 0.452129
vt 0.672145 0.451606
vt 0.657644 0.451606
vt 0.650908 0.452129
vt 0.655156 0.451606
vt 0.654640 0.454133
vt 0.654640 0.452129
vt 0.663650 0.454133
vt 0.672660 0.452129
vt 0.676392 0.454133
vt 0.650908 0.454133
vt 0.672660 0.454133
vt 0.674561 0.454657
vt 0.663650 0.454657
vt 0.655935 0.454657
vt 0.663650 0.463207
vt 0.653218 0.463207
vt 0.652739 0.454657
vt 0.671365 0.454657
vt 0.674083 0.463207
vt 0.671027 0.463207
vt 0.656273 0.463207
vt 0.663650 0.464742
vt 0.671996 0.464742
vt 0.657749 0.464742
vt 0.669552 0.464742
vt 0.661602 0.465712
vt 0.660860 0.465308
vt 0.660699 0.465308
vt 0.671303 0.466689
vt 0.670760 0.465712
vt 0.671148 0.465712
vt 0.670774 0.468071
vt 0.670760 0.467666
vt 0.670386 0.468071
vt 0.661976 0.466689
vt 0.661762 0.465712
vt 0.670774 0.465308
vt 0.670245 0.466689
vt 0.670013 0.467666
vt 0.670400 0.467666
vt 0.669858 0.466689
vt 0.671148 0.467666
vt 0.670732 0.468636
vt 0.671996 0.468636
vt 0.669552 0.468636
vt 0.663650 0.468636
vt 0.657749 0.468636
vt 0.653635 0.468636
vt 0.655304 0.468636
vt 0.656568 0.468636
vt 0.673665 0.470634
vt 0.673665 0.468636
vt 0.663650 0.470634
vt 0.653635 0.470634
vt 0.670732 0.470634
vt 0.656568 0.470634
vt 0.655780 0.470634
vt 0.671520 0.470634
vt 0.652520 0.470634
vt 0.669820 0.476209
vt 0.674534 0.473421
vt 0.671346 0.473421
vt 0.663650 0.476209
vt 0.663650 0.473421
vt 0.657481 0.476209
vt 0.652767 0.473421
vt 0.655954 0.473421
vt 0.674780 0.470634
vt 0.657543 0.476209
vt 0.654925 0.476209
vt 0.667969 0.476209
vt 0.672375 0.476209
vt 0.659332 0.476209
vt 0.659375 0.476209
vt 0.666673 0.476209
vt 0.667925 0.476209
vt 0.669757 0.476209
vt 0.660627 0.476209
vt 0.670666 0.443401
vt 0.668611 0.443401
vt 0.656635 0.443401
vt 0.658690 0.443401
vt 0.663293 0.476858
vt 0.662787 0.478118
vt 0.662305 0.476858
vt 0.661448 0.476209
vt 0.663990 0.476209
vt 0.665852 0.476209
vt 0.663310 0.476209
vt 0.662066 0.476209
vt 0.665234 0.476209
vt 0.664246 0.476209
vt 0.663054 0.476209
vt 0.663293 0.476832
vt 0.662305 0.476832
vt 0.664246 0.477117
vt 0.663054 0.477117
vt 0.662688 0.478742
vt 0.662066 0.477117
vt 0.664612 0.478742
vt 0.665234 0.477117
vt 0.663624 0.478742
vt 0.663676 0.478742
vt 0.664008 0.476832
vt 0.663775 0.478118
vt 0.664995 0.476858
vt 0.663526 0.478118
vt 0.664513 0.478118
vt 0.664008 0.476858
vt 0.664995 0.476832
vt 0.655309 0.450189
vt 0.655309 0.449173
vt 0.656400 0.451204
vt 0.655309 0.451204
vt 0.657490 0.450189
vt 0.657490 0.451204
vt 0.655156 0.448772
vt 0.656400 0.449173
vt 0.657490 0.449173
vt 0.669810 0.450189
vt 0.669810 0.449173
vt 0.670901 0.451204
vt 0.669810 0.451204
vt 0.671991 0.450189
vt 0.671991 0.451204
vt 0.670901 0.449173
vt 0.671991 0.449173
vt 0.669286 0.450189
vt 0.669286 0.449173
vt 0.666653 0.451204
vt 0.669286 0.451204
vt 0.663650 0.448772
vt 0.664021 0.450189
vt 0.664021 0.451204
vt 0.666653 0.449173
vt 0.664021 0.449173
vt 0.658015 0.450189
vt 0.658015 0.449173
vt 0.660647 0.451204
vt 0.658015 0.451204
vt 0.663279 0.450189
vt 0.663279 0.451204
vt 0.660647 0.449173
vt 0.663279 0.449173
vt 0.671201 0.450189
vt 0.670707 0.450744
vt 0.671113 0.450744
vt 0.656400 0.449403
vt 0.656593 0.449633
vt 0.656806 0.449403
vt 0.670282 0.450744
vt 0.670901 0.450974
vt 0.670495 0.450974
vt 0.656505 0.450189
vt 0.656099 0.450189
vt 0.670901 0.449403
vt 0.670707 0.449633
vt 0.671113 0.449633
vt 0.660134 0.449633
vt 0.660089 0.450189
vt 0.659921 0.450189
vt 0.670495 0.449403
vt 0.670688 0.449633
vt 0.670282 0.449633
vt 0.660134 0.450744
vt 0.660815 0.450974
vt 0.670795 0.450189
vt 0.656612 0.450744
vt 0.657018 0.450744
vt 0.660302 0.449633
vt 0.667379 0.450189
vt 0.666998 0.450744
vt 0.667167 0.450744
vt 0.656806 0.450974
vt 0.661541 0.450189
vt 0.666140 0.450744
vt 0.666485 0.450974
vt 0.665972 0.450744
vt 0.657018 0.449633
vt 0.666653 0.449403
vt 0.656187 0.449633
vt 0.665928 0.450189
vt 0.666653 0.450974
vt 0.105846 0.443918
vt 0.106051 0.444452
vt 0.106135 0.443918
vt 0.119023 0.443918
vt 0.119228 0.444452
vt 0.119313 0.443918
vt 0.115164 0.443918
vt 0.114670 0.444452
vt 0.114465 0.443918
vt 0.105641 0.444452
vt 0.105557 0.443918
vt 0.109706 0.443918
vt 0.110200 0.444452
vt 0.110404 0.443918
vt 0.115658 0.444452
vt 0.115862 0.443918
vt 0.118819 0.444452
vt 0.118734 0.443918
vt 0.109211 0.444452
vt 0.109007 0.443918
vt 0.109211 0.443383
vt 0.109706 0.443161
vt 0.110200 0.443383
vt 0.118819 0.443383
vt 0.119023 0.443161
vt 0.119228 0.443383
vt 0.115658 0.443383
vt 0.115164 0.443161
vt 0.114670 0.443383
vt 0.105641 0.443383
vt 0.105846 0.443161
vt 0.106051 0.443383
vt 0.660302 0.450744
vt 0.665759 0.450189
vt 0.667877 0.466689
vt 0.667504 0.465712
vt 0.666601 0.468071
vt 0.665324 0.466689
vt 0.665698 0.467666
vt 0.666601 0.465308
vt 0.657055 0.466689
vt 0.656900 0.465712
vt 0.656526 0.468071
vt 0.655304 0.464742
vt 0.655998 0.466689
vt 0.656152 0.467666
vt 0.656526 0.465308
vt 0.659423 0.466689
vt 0.659797 0.465712
vt 0.660699 0.468071
vt 0.661602 0.467666
vt 0.665698 0.465712
vt 0.667504 0.467666
vt 0.659797 0.467666
vt 0.656152 0.465712
vt 0.656900 0.467666
vt 0.670400 0.465712
vt 0.665538 0.467666
vt 0.670386 0.465308
vt 0.666440 0.468071
vt 0.670915 0.466689
vt 0.666440 0.465308
vt 0.665538 0.465712
vt 0.667343 0.467666
vt 0.667717 0.466689
vt 0.667343 0.465712
vt 0.657443 0.466689
vt 0.665164 0.466689
vt 0.656914 0.468071
vt 0.656914 0.465308
vt 0.657288 0.465712
vt 0.662136 0.466689
vt 0.656385 0.466689
vt 0.659957 0.467666
vt 0.659957 0.465712
vt 0.659583 0.466689
vt 0.661762 0.467666
vt 0.115121 0.459802
vt 0.114252 0.460742
vt 0.113892 0.459802
vt 0.105950 0.459802
vt 0.105590 0.460742
vt 0.105441 0.459802
vt 0.109749 0.459802
vt 0.110618 0.460742
vt 0.110977 0.459802
vt 0.115990 0.460742
vt 0.116349 0.459802
vt 0.118919 0.459802
vt 0.118559 0.460742
vt 0.118410 0.459802
vt 0.108880 0.460742
vt 0.108520 0.459802
vt 0.106310 0.460742
vt 0.106459 0.459802
vt 0.119279 0.460742
vt 0.119428 0.459802
vt 0.119279 0.458861
vt 0.118919 0.458472
vt 0.118559 0.458861
vt 0.106310 0.458861
vt 0.105950 0.458472
vt 0.105590 0.458861
vt 0.108880 0.458861
vt 0.109749 0.458472
vt 0.110618 0.458861
vt 0.115990 0.458861
vt 0.115121 0.458472
vt 0.114252 0.458861
vt 0.670013 0.465712
vt 0.660860 0.468071
vt 0.656540 0.465712
vt 0.656540 0.467666
vt 0.657288 0.467666
vt 0.105846 0.444674
vt 0.119023 0.444674
vt 0.115164 0.444674
vt 0.109706 0.444674
vt 0.115121 0.461132
vt 0.105950 0.461132
vt 0.109749 0.461132
vt 0.118919 0.461132
s 0
usemtl Metal_Color_Palette
f 1488/1235/2873 1495/1236/2873 1487/1237/2873
f 1486/1235/2873 1493/1238/2873 1485/1238/2873
f 1492/1239/2873 1483/1240/2873 1484/1241/2873
f 1490/1239/2873 1481/1238/2873 1482/1241/2873
f 1489/1238/2873 1488/1235/2873 1481/1238/2873
f 1495/1236/2873 1486/1235/2873 1487/1237/2873
f 1485/1238/2873 1492/1239/2873 1484/1241/2873
f 1483/1240/2873 1490/1239/2873 1482/1241/2873
f 1490/1239/2874 1497/1242/2874 1489/1238/2874
f 1489/1238/2875 1504/1243/2875 1496/1244/2875
f 1503/1245/2876 1494/1244/2876 1495/1236/2876
f 1493/1238/2877 1500/1246/2877 1492/1239/2877
f 1499/1247/2878 1490/1239/2878 1491/1248/2878
f 1496/1244/2879 1503/1245/2879 1495/1236/2879
f 1502/1243/2880 1493/1238/2880 1494/1244/2880
f 1492/1239/2881 1499/1247/2881 1491/1248/2881
f 1504/1243/2882 1511/1249/2882 1503/1245/2882
f 1510/1250/2883 1501/1242/2883 1502/1243/2883
f 1508/1251/2884 1499/1247/2884 1500/1246/2884
f 1506/1251/2885 1497/1242/2885 1498/1246/2885
f 1497/1242/2886 1512/1250/2886 1504/1243/2886
f 1503/1245/2887 1510/1250/2887 1502/1243/2887
f 1501/1242/2888 1508/1251/2888 1500/1246/2888
f 1499/1247/2889 1506/1251/2889 1498/1246/2889
f 1666/1252/2890 1821/1253/2890 1697/1254/2890
f 1723/1255/2891 1850/1256/2891 1690/1257/2891
f 1672/1258/2892 1817/1259/2892 1836/1260/2892
f 1664/1261/2893 1825/1262/2893 1696/1263/2893
f 1722/1264/2894 1860/1265/2894 1792/1266/2894
f 1669/1267/2895 1816/1268/2895 1835/1269/2895
f 1695/1270/2896 1853/1271/2896 1662/1272/2896
f 1721/1273/2897 1860/1265/2897 1689/1274/2897
f 1521/1275/2898 1520/1276/2898 1513/1277/2898
f 1527/1278/2899 1518/1276/2899 1519/1279/2899
f 1525/1275/2900 1516/1280/2900 1517/1277/2900
f 1523/1281/2901 1514/1280/2901 1515/1282/2901
f 1520/1276/2902 1527/1278/2902 1519/1279/2902
f 1518/1276/2903 1525/1275/2903 1517/1277/2903
f 1516/1280/2904 1523/1281/2904 1515/1282/2904
f 1514/1280/2905 1521/1275/2905 1513/1277/2905
f 1532/1283/2906 1523/1281/2906 1524/1284/2906
f 1530/1283/2907 1521/1275/2907 1522/1284/2907
f 1529/1285/2908 1528/1286/2908 1521/1275/2908
f 1535/1287/2909 1526/1286/2909 1527/1278/2909
f 1533/1285/2910 1524/1284/2910 1525/1275/2910
f 1531/1288/2911 1522/1284/2911 1523/1281/2911
f 1536/1289/2912 1527/1278/2912 1528/1286/2912
f 1534/1289/2913 1525/1275/2913 1526/1286/2913
f 1536/1289/2914 1543/1290/2914 1535/1287/2914
f 1534/1289/2915 1541/1291/2915 1533/1285/2915
f 1540/1292/2916 1531/1288/2916 1532/1283/2916
f 1538/1292/2917 1529/1285/2917 1530/1283/2917
f 1537/1291/2918 1536/1289/2918 1529/1285/2918
f 1543/1290/2919 1534/1289/2919 1535/1287/2919
f 1541/1291/2920 1532/1283/2920 1533/1285/2920
f 1531/1288/2921 1538/1292/2921 1530/1283/2921
f 1549/1293/2922 1540/1292/2922 1541/1291/2922
f 1547/1294/2923 1538/1292/2923 1539/1295/2923
f 1544/1296/2924 1551/1297/2924 1543/1290/2924
f 1550/1298/2925 1541/1291/2925 1542/1296/2925
f 1540/1292/2926 1547/1294/2926 1539/1295/2926
f 1546/1299/2927 1537/1291/2927 1538/1292/2927
f 1537/1291/2928 1552/1298/2928 1544/1296/2928
f 1551/1297/2929 1542/1296/2929 1543/1290/2929
f 1553/1300/2930 1552/1298/2930 1545/1293/2930
f 1559/1301/2931 1550/1298/2931 1551/1297/2931
f 1549/1293/2932 1556/1302/2932 1548/1299/2932
f 1547/1294/2933 1554/1302/2933 1546/1299/2933
f 1560/1303/2934 1551/1297/2934 1552/1298/2934
f 1558/1303/2935 1549/1293/2935 1550/1298/2935
f 1556/1302/2936 1547/1294/2936 1548/1299/2936
f 1554/1302/2937 1545/1293/2937 1546/1299/2937
f 1881/1304/2938 1962/1305/2938 1914/1306/2938
f 1909/1307/2939 1954/1308/2939 1877/1309/2939
f 1923/1310/2940 1979/1311/2940 1978/1312/2940
f 1913/1313/2897 1986/1314/2897 1881/1304/2897
f 1922/1315/2941 1977/1308/2941 1892/1309/2941
f 1912/1316/2942 1958/1317/2942 1879/1318/2942
f 1890/1318/2890 1974/1319/2890 1921/1316/2890
f 1911/1310/2943 1985/1311/2943 1878/1320/2943
f 1576/1321/2873 1567/1322/2873 1568/1323/2873
f 1574/1321/2873 1565/1324/2873 1566/1323/2873
f 1564/1325/2873 1571/1326/2873 1563/1327/2873
f 1570/1328/2873 1561/1324/2873 1562/1325/2873
f 1561/1324/2873 1576/1321/2873 1568/1323/2873
f 1567/1322/2873 1574/1321/2873 1566/1323/2873
f 1565/1324/2873 1572/1328/2873 1564/1325/2873
f 1571/1326/2873 1562/1325/2873 1563/1327/2873
f 1583/1329/2909 1574/1321/2909 1575/1330/2909
f 1581/1331/2910 1572/1328/2910 1573/1324/2910
f 1579/1332/2911 1570/1328/2911 1571/1326/2911
f 1584/1333/2912 1575/1330/2912 1576/1321/2912
f 1582/1333/2913 1573/1324/2913 1574/1321/2913
f 1580/1334/2906 1571/1326/2906 1572/1328/2906
f 1578/1334/2907 1569/1324/2907 1570/1328/2907
f 1577/1331/2908 1576/1321/2908 1569/1324/2908
f 1586/1335/2873 1577/1331/2873 1578/1334/2873
f 1577/1331/2873 1592/1336/2873 1584/1333/2873
f 1583/1329/2873 1590/1336/2873 1582/1333/2873
f 1581/1331/2873 1588/1335/2873 1580/1334/2873
f 1587/1337/2873 1578/1334/2873 1579/1332/2873
f 1592/1336/2873 1583/1329/2873 1584/1333/2873
f 1590/1336/2873 1581/1331/2873 1582/1333/2873
f 1588/1335/2873 1579/1332/2873 1580/1334/2873
f 1600/1338/2944 1602/1339/2944 1601/1340/2944
f 1603/1340/2945 1597/1341/2945 1604/1342/2945
f 1596/1343/2946 1606/1344/2946 1605/1345/2946
f 1594/1343/2947 1608/1342/2947 1607/1345/2947
f 1593/1341/2948 1601/1340/2948 1608/1342/2948
f 1602/1339/2949 1598/1338/2949 1603/1340/2949
f 1604/1342/2950 1596/1343/2950 1605/1345/2950
f 1606/1344/2951 1594/1343/2951 1607/1345/2951
f 1606/1344/2952 1586/1335/2952 1587/1337/2952
f 1604/1342/2953 1588/1335/2953 1589/1331/2953
f 1591/1346/2954 1603/1340/2954 1590/1336/2954
f 1608/1342/2955 1592/1336/2955 1585/1331/2955
f 1586/1335/2956 1608/1342/2956 1585/1331/2956
f 1588/1335/2957 1606/1344/2957 1587/1337/2957
f 1590/1336/2958 1604/1342/2958 1589/1331/2958
f 1601/1340/2959 1591/1346/2959 1592/1336/2959
f 1611/1347/2960 1594/1343/2960 1595/1348/2960
f 1616/1349/2960 1599/1350/2960 1600/1338/2960
f 1598/1338/2960 1613/1341/2960 1597/1341/2960
f 1596/1343/2960 1611/1347/2960 1595/1348/2960
f 1594/1343/2960 1609/1341/2960 1593/1341/2960
f 1593/1341/2960 1616/1349/2960 1600/1338/2960
f 1599/1350/2960 1614/1349/2960 1598/1338/2960
f 1613/1341/2960 1596/1343/2960 1597/1341/2960
f 1612/1351/2960 1617/1352/2960 1611/1347/2960
f 1610/1351/2960 1634/1341/2960 1609/1341/2960
f 1609/1341/2960 1620/1353/2960 1616/1349/2960
f 1619/1354/2960 1614/1349/2960 1615/1355/2960
f 1613/1341/2960 1618/1356/2960 1612/1351/2960
f 1617/1352/2960 1610/1351/2960 1611/1347/2960
f 1620/1353/2960 1615/1355/2960 1616/1349/2960
f 1635/1353/2960 1613/1341/2960 1614/1349/2960
f 1617/1352/2960 1636/1341/2960 1633/1356/2960
f 1619/1354/2960 1634/1341/2960 1635/1353/2960
f 1488/1235/2873 1627/1357/2873 1628/1358/2873
f 1485/1238/2873 1626/1358/2873 1486/1235/2873
f 1484/1241/2873 1623/1359/2873 1624/1360/2873
f 1482/1241/2873 1621/1238/2873 1622/1360/2873
f 1481/1238/2873 1628/1358/2873 1621/1238/2873
f 1486/1235/2873 1627/1357/2873 1487/1237/2873
f 1484/1241/2873 1625/1238/2873 1485/1238/2873
f 1482/1241/2873 1623/1359/2873 1483/1240/2873
f 1623/1359/2873 1625/1238/2873 1624/1360/2873
f 1621/1238/2873 1625/1238/2873 1622/1360/2873
f 1626/1358/2873 1628/1358/2873 1627/1357/2873
f 1643/1361/2961 1641/1362/2961 1642/1363/2961
f 1637/1364/2960 1634/1341/2960 1633/1356/2960
f 1640/1365/2960 1635/1353/2960 1639/1366/2960
f 1640/1365/2960 1633/1356/2960 1636/1341/2960
f 1639/1366/2960 1634/1341/2960 1638/1367/2960
f 1649/1368/2960 1638/1367/2960 1637/1364/2960
f 1652/1369/2960 1640/1365/2960 1639/1366/2960
f 1649/1368/2960 1640/1365/2960 1650/1370/2960
f 1651/1371/2960 1639/1366/2960 1638/1367/2960
f 1631/1372/2962 1642/1363/2962 1629/1373/2962
f 1652/1369/2913 1660/1374/2913 1650/1370/2913
f 1649/1368/2907 1656/1375/2907 1651/1371/2907
f 1654/1376/2963 1656/1375/2963 1653/1377/2963
f 1658/1378/2964 1660/1374/2964 1657/1379/2964
f 1659/1380/2960 1655/1381/2960 1654/1376/2960
f 1630/1382/2906 1649/1368/2906 1650/1370/2906
f 1631/1372/2912 1652/1369/2912 1651/1371/2912
f 1642/1363/2906 1654/1376/2906 1653/1377/2906
f 1644/1383/2912 1656/1375/2912 1655/1381/2912
f 1646/1384/2965 1658/1378/2965 1657/1379/2965
f 1648/1385/2906 1660/1374/2906 1659/1380/2906
f 1641/1362/2906 1659/1380/2906 1654/1376/2906
f 1645/1386/2912 1655/1381/2912 1658/1378/2912
f 1629/1373/2906 1653/1377/2906 1649/1368/2906
f 1630/1382/2906 1660/1374/2906 1647/1387/2906
f 1631/1372/2965 1656/1375/2965 1643/1361/2965
f 1632/1388/2965 1657/1379/2965 1652/1369/2965
f 1641/1362/2873 1645/1386/2873 1648/1385/2873
f 1645/1386/2966 1647/1387/2966 1648/1385/2966
f 1646/1384/2907 1630/1382/2907 1647/1387/2907
f 1630/1382/2960 1631/1372/2960 1629/1373/2960
f 1515/1282/2911 1725/1389/2911 1726/1390/2911
f 1514/1280/2911 1729/1391/2911 1781/1392/2911
f 1506/1251/2967 1731/1393/2967 1730/1394/2967
f 1507/1395/2968 1727/1396/2968 1728/1397/2968
f 1520/1276/2912 1732/1398/2912 1733/1399/2912
f 1519/1279/2969 1736/1400/2969 1782/1401/2969
f 1511/1249/2965 1738/1402/2965 1737/1403/2965
f 1512/1250/2970 1734/1404/2970 1735/1405/2970
f 1518/1276/2971 1739/1406/2971 1740/1407/2971
f 1517/1277/2972 1743/1408/2972 1783/1409/2972
f 1509/1410/2971 1745/1411/2971 1744/1412/2971
f 1510/1250/2913 1741/1413/2913 1742/1414/2913
f 1516/1280/2973 1746/1393/2973 1747/1397/2973
f 1515/1282/2974 1750/1391/2974 1784/1394/2974
f 1507/1395/2906 1752/1389/2906 1751/1392/2906
f 1508/1251/2975 1748/1396/2975 1749/1390/2975
f 1514/1280/2976 1753/1415/2976 1785/1416/2977
f 1513/1277/2978 1757/1417/2978 1754/1418/2978
f 1505/1410/2979 1759/1419/2979 1758/1420/2979
f 1506/1251/2978 1755/1421/2978 1756/1422/2978
f 1513/1277/2980 1760/1411/2980 1786/1414/2980
f 1520/1276/2908 1764/1408/2908 1761/1412/2908
f 1512/1250/2980 1766/1406/2980 1765/1409/2980
f 1505/1410/2981 1762/1413/2981 1763/1407/2981
f 1519/1279/2982 1767/1402/2982 1787/1405/2982
f 1518/1276/2983 1771/1400/2983 1768/1403/2983
f 1510/1250/2909 1773/1398/2909 1772/1401/2909
f 1511/1249/2909 1769/1404/2909 1770/1399/2909
f 1517/1277/2984 1774/1419/2984 1788/1422/2984
f 1516/1280/2985 1778/1417/2985 1775/1420/2985
f 1508/1251/2986 1780/1415/2987 1779/1418/2988
f 1509/1410/2985 1776/1421/2985 1777/1416/2985
f 1700/1423/2989 1834/1424/2989 1667/1425/2989
f 1694/1426/2990 1829/1427/2990 1827/1428/2990
f 1687/1252/2991 1795/1253/2991 1849/1429/2991
f 1699/1430/2940 1834/1424/2940 1823/1431/2940
f 1662/1272/2992 1826/1432/2992 1693/1433/2992
f 1719/1430/2943 1847/1424/2943 1686/1425/2943
f 1698/1434/2993 1833/1435/2993 1668/1436/2993
f 1692/1437/2994 1790/1438/2994 1724/1439/2994
f 1685/1436/2995 1797/1440/2995 1718/1434/2995
f 1665/1441/2996 1821/1253/2996 1832/1442/2996
f 1691/1443/2997 1793/1444/2997 1723/1255/2997
f 1685/1436/2939 1796/1445/2939 1859/1435/2939
f 1663/1446/2998 1825/1262/2998 1831/1447/2998
f 1692/1437/2999 1792/1266/2999 1851/1448/2999
f 1716/1449/3000 1846/1450/3000 1683/1451/3000
f 1663/1446/2943 1828/1452/2943 1695/1270/2943
f 1721/1273/3000 1850/1256/3000 1791/1453/3000
f 1682/1454/3001 1803/1455/3001 1844/1456/3001
f 1664/1261/2995 1827/1428/2995 1830/1457/2995
f 1688/1441/3002 1795/1253/3002 1720/1254/3002
f 1681/1258/2999 1802/1259/2999 1714/1458/2999
f 1661/1459/3002 1826/1432/3002 1829/1427/3002
f 1719/1430/2896 1849/1429/2896 1798/1431/2896
f 1713/1460/2994 1858/1260/2994 1681/1258/2994
f 1693/1433/2911 1726/1390/2911 1725/1389/2911
f 1664/1261/2911 1727/1396/2911 1694/1426/2911
f 1663/1446/2968 1729/1391/2968 1730/1394/2968
f 1696/1263/2911 1730/1394/2911 1731/1393/2911
f 1697/1254/2912 1733/1399/2912 1732/1398/2912
f 1668/1436/2912 1734/1404/2912 1698/1434/2912
f 1667/1425/2970 1736/1400/2970 1737/1403/2970
f 1700/1423/2912 1737/1403/2912 1738/1402/2912
f 1701/1449/2913 1740/1407/2913 1739/1406/2913
f 1672/1258/2913 1741/1413/2913 1702/1458/2913
f 1671/1454/2913 1743/1408/2913 1744/1412/2913
f 1704/1460/2913 1744/1412/2913 1745/1411/2913
f 1705/1263/2906 1747/1397/2906 1746/1393/2906
f 1676/1459/2973 1748/1396/2973 1706/1426/2973
f 1675/1272/2906 1750/1391/2906 1751/1392/2906
f 1708/1433/2906 1749/1390/2906 1676/1459/2906
f 1709/1439/2907 1754/1418/2907 1678/1443/2907
f 1680/1274/2907 1755/1421/2907 1710/1264/2907
f 1679/1257/2907 1757/1417/2907 1758/1420/2907
f 1712/1273/2907 1758/1420/2907 1759/1419/2907
f 1713/1460/2908 1761/1412/2908 1682/1454/2908
f 1684/1267/2908 1762/1413/2908 1714/1458/2908
f 1683/1451/2908 1764/1408/2908 1765/1409/2908
f 1716/1449/3003 1763/1407/3003 1684/1267/3003
f 1717/1423/2909 1768/1403/2909 1686/1425/2909
f 1688/1441/2909 1769/1404/2909 1718/1434/2909
f 1687/1252/3004 1771/1400/3004 1772/1401/3004
f 1720/1254/2909 1770/1399/2909 1688/1441/2909
f 1721/1273/2910 1775/1420/2910 1690/1257/2910
f 1692/1437/2910 1776/1421/2910 1722/1264/2910
f 1691/1443/3005 1778/1417/3005 1779/1418/3005
f 1724/1439/2910 1777/1416/2910 1692/1437/2910
f 1693/1433/2911 1781/1392/2911 1662/1272/2911
f 1661/1459/2911 1727/1396/2911 1726/1390/2911
f 1662/1272/2911 1729/1391/2911 1695/1270/2911
f 1696/1263/2911 1728/1397/2911 1664/1261/2911
f 1697/1254/2912 1782/1401/2912 1666/1252/2912
f 1665/1441/2912 1734/1404/2912 1733/1399/2912
f 1666/1252/2912 1736/1400/2912 1699/1430/2912
f 1700/1423/2912 1735/1405/2912 1668/1436/2912
f 1701/1449/3006 1783/1409/3006 1670/1451/3006
f 1669/1267/2913 1741/1413/2913 1740/1407/2913
f 1670/1451/2971 1743/1408/2971 1703/1461/2971
f 1704/1460/2913 1742/1414/2913 1672/1258/2913
f 1705/1263/2906 1784/1394/2906 1674/1446/2906
f 1673/1261/2906 1748/1396/2906 1747/1397/2906
f 1674/1446/2975 1750/1391/2975 1707/1270/2975
f 1708/1433/2906 1751/1392/2906 1752/1389/2906
f 1709/1439/2907 1785/1416/2907 1753/1415/2907
f 1677/1437/2907 1755/1421/2907 1785/1416/2907
f 1678/1443/2979 1757/1417/2979 1711/1255/2979
f 1712/1273/3007 1756/1422/3007 1680/1274/3007
f 1713/1460/2908 1786/1414/2908 1760/1411/2908
f 1681/1258/2908 1762/1413/2908 1786/1414/2908
f 1682/1454/2980 1764/1408/2980 1715/1461/2980
f 1716/1449/2908 1765/1409/2908 1766/1406/2908
f 1717/1423/2909 1787/1405/2909 1767/1402/2909
f 1685/1436/2909 1769/1404/2909 1787/1405/2909
f 1686/1425/2909 1771/1400/2909 1719/1430/2909
f 1720/1254/2909 1772/1401/2909 1773/1398/2909
f 1721/1273/2910 1788/1422/2910 1774/1419/2910
f 1689/1274/2910 1776/1421/2910 1788/1422/2910
f 1690/1257/2910 1778/1417/2910 1723/1255/2910
f 1724/1439/2910 1779/1418/2910 1780/1415/2910
f 1824/1462/2968 1831/1463/2968 1825/1464/2968
f 1819/1465/2912 1834/1466/2912 1820/1467/2912
f 1814/1468/2913 1837/1469/2913 1815/1470/2913
f 1809/1462/2974 1840/1471/2974 1810/1472/2974
f 1804/1473/2907 1843/1474/2907 1805/1475/2907
f 1799/1468/2908 1846/1476/2908 1800/1477/2908
f 1794/1465/2909 1849/1478/2909 1795/1479/2909
f 1789/1473/2910 1852/1480/2910 1790/1481/2910
f 1789/1473/2910 1851/1482/2910 1792/1483/2910
f 1860/1484/2910 1789/1473/2910 1792/1483/2910
f 1850/1474/2910 1789/1473/2910 1791/1475/2910
f 1794/1465/2909 1848/1485/2909 1797/1486/2909
f 1859/1487/2909 1794/1465/2909 1797/1486/2909
f 1847/1466/2909 1794/1465/2909 1796/1467/2909
f 1799/1468/2908 1845/1488/2908 1802/1489/2908
f 1858/1490/2908 1799/1468/2908 1802/1489/2908
f 1844/1469/3003 1799/1468/3003 1801/1470/3003
f 1804/1473/2907 1842/1484/2907 1807/1483/2907
f 1857/1482/2907 1804/1473/2907 1807/1483/2907
f 1841/1480/3007 1804/1473/3007 1806/1481/3007
f 1809/1462/2906 1839/1491/2906 1812/1492/2906
f 1838/1493/2906 1809/1462/2906 1812/1492/2906
f 1856/1463/2906 1809/1462/2906 1811/1464/2906
f 1814/1468/2913 1836/1490/2913 1817/1489/2913
f 1835/1488/2913 1814/1468/2913 1817/1489/2913
f 1855/1476/2971 1814/1468/2971 1816/1477/2971
f 1819/1465/2912 1833/1487/2912 1822/1486/2912
f 1832/1485/2912 1819/1465/2912 1822/1486/2912
f 1854/1478/2912 1819/1465/2912 1821/1479/2912
f 1824/1462/2911 1830/1493/2911 1827/1492/2911
f 1829/1491/2911 1824/1462/2911 1827/1492/2911
f 1853/1471/3008 1824/1462/3008 1826/1472/3008
f 1671/1454/3009 1818/1455/3009 1703/1461/3009
f 1691/1443/3010 1790/1438/3010 1852/1494/3010
f 1665/1441/3011 1822/1440/3011 1698/1434/3011
f 1704/1460/3012 1837/1456/3012 1671/1454/3012
f 1666/1252/3013 1823/1431/3013 1854/1429/3013
f 1673/1261/3014 1811/1262/3014 1838/1457/3014
f 1700/1423/3015 1833/1435/3015 1820/1445/3015
f 1676/1459/3016 1812/1428/3016 1839/1427/3016
f 1701/1449/3017 1855/1450/3017 1816/1268/3017
f 1707/1270/3018 1840/1271/3018 1813/1452/3018
f 1702/1458/3019 1835/1269/3019 1817/1259/3019
f 1676/1459/3020 1810/1432/3020 1708/1433/3020
f 1703/1461/3021 1855/1450/3021 1670/1451/3021
f 1709/1439/3012 1841/1494/3012 1806/1438/3012
f 1704/1460/3022 1836/1260/3022 1815/1495/3022
f 1710/1264/3019 1842/1265/3019 1680/1274/3019
f 1674/1446/2989 1811/1262/2989 1705/1263/2989
f 1711/1255/3023 1843/1256/3023 1808/1444/3023
f 1706/1426/2993 1838/1457/2993 1812/1428/2993
f 1679/1257/3024 1805/1453/3024 1843/1256/3024
f 1707/1270/3025 1856/1447/3025 1674/1446/3025
f 1682/1454/3026 1801/1495/3026 1713/1460/3026
f 1675/1272/3027 1810/1432/3027 1840/1271/3027
f 1714/1458/3028 1845/1269/3028 1684/1267/3028
f 1709/1439/3029 1857/1448/3029 1677/1437/3029
f 1715/1461/3030 1846/1450/3030 1803/1455/3030
f 1677/1437/3031 1807/1266/3031 1710/1264/3031
f 1716/1449/3032 1845/1269/3032 1800/1268/3032
f 1678/1443/3033 1808/1444/3033 1841/1494/3033
f 1717/1423/3034 1847/1424/3034 1796/1445/3034
f 1712/1273/2895 1842/1265/2895 1805/1453/2895
f 1718/1434/2990 1848/1442/2990 1688/1441/2990
f 1566/1323/2971 1893/1496/2971 1861/1497/2971
f 1566/1323/2913 1565/1324/2913 1895/1498/2913
f 1557/1300/2971 1896/1499/2971 1863/1500/2971
f 1557/1300/2913 1558/1303/2913 1894/1501/2913
f 1564/1325/2906 1897/1502/2906 1865/1503/2906
f 1564/1325/2906 1563/1327/2906 1899/1504/2906
f 1555/1505/2906 1900/1506/2906 1867/1507/2906
f 1555/1505/2906 1556/1302/2906 1898/1508/2906
f 1562/1325/2907 1901/1509/2907 1869/1510/2907
f 1562/1325/2907 1561/1324/2907 1903/1511/2907
f 1553/1300/2979 1904/1313/2979 1871/1512/2979
f 1553/1300/2907 1554/1302/2907 1902/1306/2907
f 1561/1324/2980 1905/1499/2980 1873/1513/2980
f 1561/1324/2908 1568/1323/2908 1907/1498/2908
f 1560/1303/2908 1908/1496/2908 1875/1514/2908
f 1560/1303/2908 1553/1300/2908 1906/1501/2908
f 1567/1322/3004 1909/1307/3004 1877/1309/3004
f 1567/1322/2909 1566/1323/2909 1911/1310/2909
f 1558/1303/3035 1912/1316/3035 1879/1318/3035
f 1558/1303/2909 1559/1301/2909 1910/1315/2909
f 1565/1324/2984 1913/1313/2984 1881/1304/2984
f 1565/1324/2910 1564/1325/2910 1915/1511/2910
f 1556/1302/2984 1916/1509/2984 1883/1515/2984
f 1556/1302/2910 1557/1300/2910 1914/1306/2910
f 1563/1327/2911 1917/1506/2911 1885/1516/2911
f 1563/1327/2911 1562/1325/2911 1919/1504/2911
f 1554/1302/2911 1920/1502/2911 1887/1517/2911
f 1554/1302/2911 1555/1505/2911 1918/1508/2911
f 1568/1323/2965 1921/1316/2965 1889/1518/2965
f 1568/1323/2912 1567/1322/2912 1923/1310/2912
f 1559/1301/2969 1924/1307/2969 1891/1320/2969
f 1559/1301/2912 1560/1303/2912 1922/1315/2912
f 1896/1499/3012 1930/1519/3012 1863/1500/3012
f 1910/1315/3036 1954/1308/3036 1955/1520/3036
f 1863/1500/3037 1929/1521/3037 1895/1498/3037
f 1909/1307/3038 1985/1311/3038 1953/1522/3038
f 1864/1513/3039 1927/1523/3039 1928/1524/3039
f 1908/1496/3000 1951/1525/3000 1875/1514/3000
f 1876/1497/3040 1952/1526/3040 1908/1496/3040
f 1893/1496/3041 1926/1527/3041 1861/1497/3041
f 1907/1498/3030 1951/1525/3030 1950/1521/3030
f 1874/1500/2997 1950/1521/2997 1947/1519/2997
f 1906/1501/3042 1949/1527/3042 1876/1497/3042
f 1888/1503/2939 1973/1528/2939 1920/1502/2939
f 1873/1513/3043 1948/1523/3043 1906/1501/3043
f 1874/1500/3044 1946/1529/3044 1905/1499/3044
f 1887/1517/2943 1971/1530/2943 1919/1504/2943
f 1873/1513/3045 1946/1529/3045 1984/1524/3045
f 1888/1503/3036 1969/1531/3036 1970/1532/3036
f 1872/1304/3041 1945/1533/3041 1904/1313/3041
f 1886/1507/2991 1967/1534/2991 1917/1506/2991
f 1903/1511/3033 1983/1535/3033 1870/1515/3033
f 1902/1306/3046 1940/1536/3046 1941/1305/3046
f 1901/1509/3047 1983/1535/3047 1939/1537/3047
f 1871/1512/3048 1945/1533/3048 1944/1538/3048
f 1868/1516/3049 1938/1534/3049 1900/1506/3049
f 1996/1539/2913 1930/1540/2913 1931/1541/2913
f 1995/1542/2906 1937/1543/2906 1938/1544/2906
f 1994/1545/2907 1944/1546/2907 1945/1547/2907
f 1993/1539/2908 1951/1548/2908 1952/1549/2908
f 1992/1550/2909 1958/1551/2909 1959/1552/2909
f 1991/1545/2910 1965/1553/2910 1966/1554/2910
f 1990/1542/2911 1972/1555/2911 1973/1556/2911
f 1989/1550/2912 1979/1557/2912 1980/1558/2912
f 1989/1550/2912 1977/1559/2912 1976/1560/2912
f 1988/1561/2912 1989/1550/2912 1976/1560/2912
f 1975/1551/2912 1989/1550/2912 1974/1552/2912
f 1990/1542/2911 1970/1562/2911 1969/1563/2911
f 1987/1564/2911 1990/1542/2911 1969/1563/2911
f 1968/1543/2911 1990/1542/2911 1967/1544/2911
f 1991/1545/2910 1963/1565/2910 1962/1566/2910
f 1986/1567/2910 1991/1545/2910 1962/1566/2910
f 1961/1546/2910 1991/1545/2910 1960/1547/2910
f 1992/1550/2909 1956/1561/2909 1955/1560/2909
f 1954/1559/2909 1992/1550/2909 1955/1560/2909
f 1985/1557/2909 1992/1550/2909 1953/1558/2909
f 1993/1539/2908 1949/1568/2908 1948/1569/2908
f 1984/1570/2908 1993/1539/2908 1948/1569/2908
f 1947/1540/2908 1993/1539/2908 1946/1541/2908
f 1994/1545/2979 1942/1567/2979 1941/1566/2979
f 1940/1565/2907 1994/1545/2907 1941/1566/2907
f 1983/1553/2907 1994/1545/2907 1939/1554/2907
f 1995/1542/2906 1935/1564/2906 1934/1563/2906
f 1933/1562/2906 1995/1542/2906 1934/1563/2906
f 1982/1555/2906 1995/1542/2906 1932/1556/2906
f 1996/1539/2913 1928/1570/2913 1927/1569/2913
f 1926/1568/2913 1996/1539/2913 1927/1569/2913
f 1981/1548/2913 1996/1539/2913 1925/1549/2913
f 1924/1307/3015 1977/1308/3015 1980/1522/3015
f 1880/1518/3050 1955/1520/3050 1956/1571/3050
f 1882/1512/3030 1964/1572/3030 1961/1538/3030
f 1879/1318/2896 1957/1312/2896 1911/1310/2896
f 1865/1503/3015 1932/1528/3015 1933/1532/3015
f 1916/1509/3044 1965/1535/3044 1883/1515/3044
f 1880/1518/3051 1959/1319/3051 1912/1316/3051
f 1898/1508/3052 1935/1573/3052 1868/1516/3052
f 1885/1516/3002 1967/1534/3002 1987/1573/3002
f 1899/1504/3013 1937/1574/3013 1936/1530/3013
f 1918/1508/3050 1987/1573/3050 1969/1531/3050
f 1867/1507/3053 1938/1534/3053 1937/1574/3053
f 1919/1504/2896 1968/1574/2896 1886/1507/2896
f 1893/1496/3048 1981/1525/3048 1925/1526/3048
f 1887/1517/3038 1973/1528/3038 1972/1575/3038
f 1861/1497/3054 1927/1523/3054 1894/1501/3054
f 1889/1518/2996 1974/1319/2996 1988/1571/2996
f 1895/1498/3021 1981/1525/3021 1862/1514/3021
f 1913/1313/3055 1961/1538/3055 1960/1533/3055
f 1889/1518/3052 1976/1520/3052 1922/1315/3052
f 1896/1499/3022 1928/1524/3022 1931/1529/3022
f 1884/1510/3043 1962/1305/3043 1963/1536/3043
f 1890/1318/3013 1978/1312/3013 1975/1317/3013
f 1866/1517/3056 1932/1528/3056 1897/1502/3056
f 1883/1515/2997 1964/1572/2997 1915/1511/2997
f 1901/1509/3057 1940/1536/3057 1869/1510/3057
f 1924/1307/3056 1979/1311/3056 1891/1320/3056
f 1865/1503/2941 1934/1531/2941 1898/1508/2941
f 1916/1509/3045 1963/1536/3045 1966/1537/3045
f 1872/1304/3054 1941/1305/3054 1942/1314/3054
f 1866/1517/2940 1936/1530/2940 1982/1575/2940
f 1871/1512/3023 1943/1572/3023 1903/1511/3023
f 1488/1235/2873 1496/1244/2873 1495/1236/2873
f 1486/1235/2873 1494/1244/2873 1493/1238/2873
f 1492/1239/2873 1491/1248/2873 1483/1240/2873
f 1490/1239/2873 1489/1238/2873 1481/1238/2873
f 1489/1238/2873 1496/1244/2873 1488/1235/2873
f 1495/1236/2873 1494/1244/2873 1486/1235/2873
f 1485/1238/2873 1493/1238/2873 1492/1239/2873
f 1483/1240/2873 1491/1248/2873 1490/1239/2873
f 1490/1239/2874 1498/1246/2874 1497/1242/2874
f 1489/1238/2875 1497/1242/2875 1504/1243/2875
f 1503/1245/2876 1502/1243/2876 1494/1244/2876
f 1493/1238/2877 1501/1242/2877 1500/1246/2877
f 1499/1247/2878 1498/1246/2878 1490/1239/2878
f 1496/1244/2879 1504/1243/2879 1503/1245/2879
f 1502/1243/2880 1501/1242/2880 1493/1238/2880
f 1492/1239/2881 1500/1246/2881 1499/1247/2881
f 1504/1243/2882 1512/1250/2882 1511/1249/2882
f 1510/1250/2883 1509/1410/2883 1501/1242/2883
f 1508/1251/2884 1507/1395/2884 1499/1247/2884
f 1506/1251/2885 1505/1410/2885 1497/1242/2885
f 1497/1242/2886 1505/1410/2886 1512/1250/2886
f 1503/1245/2887 1511/1249/2887 1510/1250/2887
f 1501/1242/2888 1509/1410/2888 1508/1251/2888
f 1499/1247/2889 1507/1395/2889 1506/1251/2889
f 1666/1252/3027 1854/1429/3027 1821/1253/3027
f 1723/1255/2891 1793/1444/2891 1850/1256/2891
f 1672/1258/2892 1702/1458/2892 1817/1259/2892
f 1664/1261/2893 1830/1457/2893 1825/1262/2893
f 1722/1264/3028 1689/1274/3028 1860/1265/3028
f 1669/1267/2895 1701/1449/2895 1816/1268/2895
f 1695/1270/3058 1828/1452/3058 1853/1271/3058
f 1721/1273/2897 1791/1453/2897 1860/1265/2897
f 1521/1275/2898 1528/1286/2898 1520/1276/2898
f 1527/1278/2899 1526/1286/2899 1518/1276/2899
f 1525/1275/2900 1524/1284/2900 1516/1280/2900
f 1523/1281/2901 1522/1284/2901 1514/1280/2901
f 1520/1276/2902 1528/1286/2902 1527/1278/2902
f 1518/1276/2903 1526/1286/2903 1525/1275/2903
f 1516/1280/2904 1524/1284/2904 1523/1281/2904
f 1514/1280/2905 1522/1284/2905 1521/1275/2905
f 1532/1283/2906 1531/1288/2906 1523/1281/2906
f 1530/1283/2907 1529/1285/2907 1521/1275/2907
f 1529/1285/2908 1536/1289/2908 1528/1286/2908
f 1535/1287/2909 1534/1289/2909 1526/1286/2909
f 1533/1285/2910 1532/1283/2910 1524/1284/2910
f 1531/1288/2911 1530/1283/2911 1522/1284/2911
f 1536/1289/2912 1535/1287/2912 1527/1278/2912
f 1534/1289/2913 1533/1285/2913 1525/1275/2913
f 1536/1289/2914 1544/1296/2914 1543/1290/2914
f 1534/1289/2915 1542/1296/2915 1541/1291/2915
f 1540/1292/2916 1539/1295/2916 1531/1288/2916
f 1538/1292/2917 1537/1291/2917 1529/1285/2917
f 1537/1291/2918 1544/1296/2918 1536/1289/2918
f 1543/1290/2919 1542/1296/2919 1534/1289/2919
f 1541/1291/2920 1540/1292/2920 1532/1283/2920
f 1531/1288/2921 1539/1295/2921 1538/1292/2921
f 1549/1293/2922 1548/1299/2922 1540/1292/2922
f 1547/1294/3059 1546/1299/3059 1538/1292/3059
f 1544/1296/2924 1552/1298/2924 1551/1297/2924
f 1550/1298/2925 1549/1293/2925 1541/1291/2925
f 1540/1292/3060 1548/1299/3060 1547/1294/3060
f 1546/1299/2927 1545/1293/2927 1537/1291/2927
f 1537/1291/2928 1545/1293/2928 1552/1298/2928
f 1551/1297/2929 1550/1298/2929 1542/1296/2929
f 1553/1300/2930 1560/1303/2930 1552/1298/2930
f 1559/1301/2931 1558/1303/2931 1550/1298/2931
f 1549/1293/3061 1557/1300/3061 1556/1302/3061
f 1547/1294/2933 1555/1505/2933 1554/1302/2933
f 1560/1303/3062 1559/1301/3062 1551/1297/3062
f 1558/1303/3063 1557/1300/3063 1549/1293/3063
f 1556/1302/2936 1555/1505/2936 1547/1294/2936
f 1554/1302/3064 1553/1300/3064 1545/1293/3064
f 1881/1304/3042 1986/1314/3042 1962/1305/3042
f 1909/1307/2939 1953/1522/2939 1954/1308/2939
f 1923/1310/2940 1891/1320/2940 1979/1311/2940
f 1913/1313/3065 1960/1533/3065 1986/1314/3065
f 1922/1315/2941 1976/1520/2941 1977/1308/2941
f 1912/1316/2991 1959/1319/2991 1958/1317/2991
f 1890/1318/3053 1975/1317/3053 1974/1319/3053
f 1911/1310/2943 1957/1312/2943 1985/1311/2943
f 1576/1321/2873 1575/1330/2873 1567/1322/2873
f 1574/1321/2873 1573/1324/2873 1565/1324/2873
f 1564/1325/2873 1572/1328/2873 1571/1326/2873
f 1570/1328/2873 1569/1324/2873 1561/1324/2873
f 1561/1324/2873 1569/1324/2873 1576/1321/2873
f 1567/1322/2873 1575/1330/2873 1574/1321/2873
f 1565/1324/2873 1573/1324/2873 1572/1328/2873
f 1571/1326/2873 1570/1328/2873 1562/1325/2873
f 1583/1329/2909 1582/1333/2909 1574/1321/2909
f 1581/1331/2910 1580/1334/2910 1572/1328/2910
f 1579/1332/2911 1578/1334/2911 1570/1328/2911
f 1584/1333/2912 1583/1329/2912 1575/1330/2912
f 1582/1333/2913 1581/1331/2913 1573/1324/2913
f 1580/1334/2906 1579/1332/2906 1571/1326/2906
f 1578/1334/2907 1577/1331/2907 1569/1324/2907
f 1577/1331/2908 1584/1333/2908 1576/1321/2908
f 1586/1335/2873 1585/1331/2873 1577/1331/2873
f 1577/1331/2873 1585/1331/2873 1592/1336/2873
f 1583/1329/2873 1591/1346/2873 1590/1336/2873
f 1581/1331/2873 1589/1331/2873 1588/1335/2873
f 1587/1337/2873 1586/1335/2873 1578/1334/2873
f 1592/1336/2873 1591/1346/2873 1583/1329/2873
f 1590/1336/2873 1589/1331/2873 1581/1331/2873
f 1588/1335/2873 1587/1337/2873 1579/1332/2873
f 1600/1338/2944 1599/1350/2944 1602/1339/2944
f 1603/1340/2945 1598/1338/2945 1597/1341/2945
f 1596/1343/2946 1595/1348/2946 1606/1344/2946
f 1594/1343/2947 1593/1341/2947 1608/1342/2947
f 1593/1341/2948 1600/1338/2948 1601/1340/2948
f 1602/1339/2949 1599/1350/2949 1598/1338/2949
f 1604/1342/2950 1597/1341/2950 1596/1343/2950
f 1606/1344/2951 1595/1348/2951 1594/1343/2951
f 1606/1344/2952 1607/1345/2952 1586/1335/2952
f 1604/1342/2953 1605/1345/2953 1588/1335/2953
f 1591/1346/2954 1602/1339/2954 1603/1340/2954
f 1608/1342/2955 1601/1340/2955 1592/1336/2955
f 1586/1335/2956 1607/1345/2956 1608/1342/2956
f 1588/1335/2957 1605/1345/2957 1606/1344/2957
f 1590/1336/2958 1603/1340/2958 1604/1342/2958
f 1601/1340/2959 1602/1339/2959 1591/1346/2959
f 1611/1347/2960 1610/1351/2960 1594/1343/2960
f 1616/1349/2960 1615/1355/2960 1599/1350/2960
f 1598/1338/2960 1614/1349/2960 1613/1341/2960
f 1596/1343/2960 1612/1351/2960 1611/1347/2960
f 1594/1343/2960 1610/1351/2960 1609/1341/2960
f 1593/1341/2960 1609/1341/2960 1616/1349/2960
f 1599/1350/2960 1615/1355/2960 1614/1349/2960
f 1613/1341/2960 1612/1351/2960 1596/1343/2960
f 1612/1351/2960 1618/1356/2960 1617/1352/2960
f 1610/1351/2960 1633/1356/2960 1634/1341/2960
f 1609/1341/2960 1634/1341/2960 1620/1353/2960
f 1619/1354/2960 1635/1353/2960 1614/1349/2960
f 1613/1341/2960 1636/1341/2960 1618/1356/2960
f 1617/1352/2960 1633/1356/2960 1610/1351/2960
f 1620/1353/2960 1619/1354/2960 1615/1355/2960
f 1635/1353/2960 1636/1341/2960 1613/1341/2960
f 1617/1352/2960 1618/1356/2960 1636/1341/2960
f 1619/1354/2960 1620/1353/2960 1634/1341/2960
f 1488/1235/2873 1487/1237/2873 1627/1357/2873
f 1485/1238/2873 1625/1238/2873 1626/1358/2873
f 1484/1241/2873 1483/1240/2873 1623/1359/2873
f 1482/1241/2873 1481/1238/2873 1621/1238/2873
f 1481/1238/2873 1488/1235/2873 1628/1358/2873
f 1486/1235/2873 1626/1358/2873 1627/1357/2873
f 1484/1241/2873 1624/1360/2873 1625/1238/2873
f 1482/1241/2873 1622/1360/2873 1623/1359/2873
f 1623/1359/2873 1622/1360/2873 1625/1238/2873
f 1621/1238/2873 1626/1358/2873 1625/1238/2873
f 1626/1358/2873 1621/1238/2873 1628/1358/2873
f 1643/1361/2961 1644/1383/2961 1641/1362/2961
f 1637/1364/2960 1638/1367/2960 1634/1341/2960
f 1640/1365/2960 1636/1341/2960 1635/1353/2960
f 1640/1365/2960 1637/1364/2960 1633/1356/2960
f 1639/1366/2960 1635/1353/2960 1634/1341/2960
f 1649/1368/2960 1651/1371/2960 1638/1367/2960
f 1652/1369/2960 1650/1370/2960 1640/1365/2960
f 1649/1368/2960 1637/1364/2960 1640/1365/2960
f 1651/1371/2960 1652/1369/2960 1639/1366/2960
f 1631/1372/2971 1643/1361/2971 1642/1363/3066
f 1652/1369/2913 1657/1379/2913 1660/1374/2913
f 1649/1368/2907 1653/1377/2907 1656/1375/2907
f 1654/1376/2963 1655/1381/2963 1656/1375/2963
f 1658/1378/2964 1659/1380/2964 1660/1374/2964
f 1659/1380/2960 1658/1378/2960 1655/1381/2960
f 1630/1382/2906 1629/1373/2906 1649/1368/2906
f 1631/1372/2969 1632/1388/2969 1652/1369/2969
f 1642/1363/2906 1641/1362/2906 1654/1376/2906
f 1644/1383/2912 1643/1361/2912 1656/1375/2912
f 1646/1384/2912 1645/1386/2912 1658/1378/2912
f 1648/1385/2906 1647/1387/2906 1660/1374/2906
f 1641/1362/2906 1648/1385/2906 1659/1380/2906
f 1645/1386/2970 1644/1383/2970 1655/1381/2970
f 1629/1373/2906 1642/1363/2906 1653/1377/2906
f 1630/1382/2906 1650/1370/2906 1660/1374/2906
f 1631/1372/2965 1651/1371/2965 1656/1375/2965
f 1632/1388/2965 1646/1384/2965 1657/1379/2965
f 1641/1362/2873 1644/1383/2873 1645/1386/2873
f 1645/1386/2966 1646/1384/2966 1647/1387/2966
f 1646/1384/2907 1632/1388/2907 1630/1382/2907
f 1630/1382/2960 1632/1388/2960 1631/1372/2960
f 1726/1390/2911 1507/1395/2911 1515/1282/2911
f 1515/1282/2911 1781/1392/2911 1725/1389/2911
f 1781/1392/2968 1515/1282/2968 1514/1280/2968
f 1514/1280/2911 1730/1394/2911 1729/1391/2911
f 1730/1394/2967 1514/1280/2967 1506/1251/2967
f 1506/1251/2967 1728/1397/2967 1731/1393/2967
f 1728/1397/3008 1506/1251/3008 1507/1395/3008
f 1507/1395/3008 1726/1390/3008 1727/1396/3008
f 1733/1399/2912 1512/1250/2912 1520/1276/2912
f 1520/1276/2912 1782/1401/2912 1732/1398/2912
f 1782/1401/2970 1520/1276/2970 1519/1279/2970
f 1519/1279/2970 1737/1403/2970 1736/1400/2970
f 1737/1403/2965 1519/1279/2965 1511/1249/2965
f 1511/1249/2965 1735/1405/2965 1738/1402/2965
f 1735/1405/2969 1511/1249/2969 1512/1250/2969
f 1512/1250/2969 1733/1399/2969 1734/1404/2969
f 1740/1407/2971 1510/1250/2971 1518/1276/2971
f 1518/1276/2971 1783/1409/2971 1739/1406/2971
f 1783/1409/2913 1518/1276/2913 1517/1277/2913
f 1517/1277/2913 1744/1412/2913 1743/1408/2913
f 1744/1412/2971 1517/1277/2971 1509/1410/2971
f 1509/1410/2971 1742/1414/2971 1745/1411/2971
f 1742/1414/2913 1509/1410/2913 1510/1250/2913
f 1510/1250/2972 1740/1407/2972 1741/1413/2972
f 1747/1397/2973 1508/1251/2973 1516/1280/2973
f 1516/1280/2973 1784/1394/2973 1746/1393/2973
f 1784/1394/2975 1516/1280/2975 1515/1282/2975
f 1515/1282/2975 1751/1392/2975 1750/1391/2975
f 1751/1392/2906 1515/1282/2906 1507/1395/2906
f 1507/1395/2906 1749/1390/2906 1752/1389/2906
f 1749/1390/2974 1507/1395/2974 1508/1251/2974
f 1508/1251/2974 1747/1397/2974 1748/1396/2974
f 1785/1416/2976 1506/1251/2976 1514/1280/3067
f 1514/1280/3068 1754/1418/2976 1753/1415/2977
f 1754/1418/3007 1514/1280/3007 1513/1277/3007
f 1513/1277/2978 1758/1420/2978 1757/1417/2978
f 1758/1420/2979 1513/1277/2979 1505/1410/2979
f 1505/1410/2979 1756/1422/2979 1759/1419/2979
f 1756/1422/3007 1505/1410/3007 1506/1251/3007
f 1506/1251/2978 1785/1416/2978 1755/1421/2978
f 1786/1414/2980 1505/1410/2980 1513/1277/2980
f 1513/1277/2980 1761/1412/2980 1760/1411/2980
f 1761/1412/2908 1513/1277/2908 1520/1276/2908
f 1520/1276/2981 1765/1409/2981 1764/1408/2981
f 1765/1409/2980 1520/1276/2980 1512/1250/2980
f 1512/1250/2980 1763/1407/2980 1766/1406/2980
f 1763/1407/2908 1512/1250/2908 1505/1410/2908
f 1505/1410/2908 1786/1414/2908 1762/1413/2908
f 1787/1405/2982 1511/1249/2982 1519/1279/2982
f 1519/1279/2982 1768/1403/2982 1767/1402/2982
f 1768/1403/3004 1519/1279/3004 1518/1276/3004
f 1518/1276/3004 1772/1401/3004 1771/1400/3004
f 1772/1401/2909 1518/1276/2909 1510/1250/2909
f 1510/1250/2909 1770/1399/2909 1773/1398/2909
f 1770/1399/2983 1510/1250/2983 1511/1249/2983
f 1511/1249/2909 1787/1405/2909 1769/1404/2909
f 1788/1422/2984 1509/1410/2984 1517/1277/2984
f 1517/1277/2984 1775/1420/2984 1774/1419/2984
f 1775/1420/3005 1517/1277/3005 1516/1280/3005
f 1516/1280/2985 1779/1418/2985 1778/1417/2985
f 1779/1418/2986 1516/1280/2986 1508/1251/3069
f 1508/1251/2987 1777/1416/2986 1780/1415/2988
f 1777/1416/3005 1508/1251/3005 1509/1410/3005
f 1509/1410/2985 1788/1422/2985 1776/1421/2985
f 1700/1423/2989 1820/1445/2989 1834/1424/2989
f 1694/1426/2990 1661/1459/2990 1829/1427/2990
f 1687/1252/3070 1720/1254/3070 1795/1253/3070
f 1699/1430/2940 1667/1425/2940 1834/1424/2940
f 1662/1272/3070 1853/1271/3070 1826/1432/3070
f 1719/1430/2943 1798/1431/2943 1847/1424/2943
f 1698/1434/2993 1822/1440/2993 1833/1435/2993
f 1692/1437/3045 1851/1448/3045 1790/1438/3045
f 1685/1436/2995 1859/1435/2995 1797/1440/2995
f 1665/1441/3049 1697/1254/3049 1821/1253/3049
f 1691/1443/2997 1852/1494/2997 1793/1444/2997
f 1685/1436/2939 1717/1423/2939 1796/1445/2939
f 1663/1446/3071 1696/1263/3071 1825/1262/3071
f 1692/1437/3072 1722/1264/3072 1792/1266/3072
f 1716/1449/3055 1800/1268/3055 1846/1450/3055
f 1663/1446/2943 1831/1447/2943 1828/1452/2943
f 1721/1273/3073 1690/1257/3073 1850/1256/3073
f 1682/1454/3001 1715/1461/3001 1803/1455/3001
f 1664/1261/3074 1694/1426/3074 1827/1428/3074
f 1688/1441/3051 1848/1442/3051 1795/1253/3051
f 1681/1258/2999 1858/1260/2999 1802/1259/2999
f 1661/1459/3075 1693/1433/3075 1826/1432/3075
f 1719/1430/3076 1687/1252/3076 1849/1429/3076
f 1713/1460/3045 1801/1495/3045 1858/1260/3045
f 1693/1433/2911 1661/1459/2911 1726/1390/2911
f 1664/1261/3008 1728/1397/3008 1727/1396/3008
f 1663/1446/2911 1695/1270/2911 1729/1391/2911
f 1696/1263/2911 1663/1446/2911 1730/1394/2911
f 1697/1254/2912 1665/1441/2912 1733/1399/2912
f 1668/1436/2969 1735/1405/2969 1734/1404/2969
f 1667/1425/2912 1699/1430/2912 1736/1400/2912
f 1700/1423/2912 1667/1425/2912 1737/1403/2912
f 1701/1449/2972 1669/1267/2972 1740/1407/2972
f 1672/1258/2913 1742/1414/2913 1741/1413/2913
f 1671/1454/2971 1703/1461/2971 1743/1408/2971
f 1704/1460/2913 1671/1454/2913 1744/1412/2913
f 1705/1263/2906 1673/1261/2906 1747/1397/2906
f 1676/1459/2906 1749/1390/2906 1748/1396/2906
f 1675/1272/2975 1707/1270/2975 1750/1391/2975
f 1708/1433/2906 1752/1389/2906 1749/1390/2906
f 1709/1439/2907 1753/1415/2907 1754/1418/2907
f 1680/1274/2907 1756/1422/2907 1755/1421/2907
f 1679/1257/2907 1711/1255/2907 1757/1417/2907
f 1712/1273/2978 1679/1257/2978 1758/1420/2978
f 1713/1460/2908 1760/1411/2908 1761/1412/2908
f 1684/1267/2908 1763/1407/2908 1762/1413/2908
f 1683/1451/2980 1715/1461/2980 1764/1408/2980
f 1716/1449/2908 1766/1406/2908 1763/1407/2908
f 1717/1423/2909 1767/1402/2909 1768/1403/2909
f 1688/1441/2909 1770/1399/2909 1769/1404/2909
f 1687/1252/2982 1719/1430/2982 1771/1400/2982
f 1720/1254/2909 1773/1398/2909 1770/1399/2909
f 1721/1273/2910 1774/1419/2910 1775/1420/2910
f 1692/1437/2985 1777/1416/2985 1776/1421/2985
f 1691/1443/2984 1723/1255/2984 1778/1417/2984
f 1724/1439/2910 1780/1415/2910 1777/1416/2910
f 1693/1433/2911 1725/1389/2911 1781/1392/2911
f 1661/1459/2911 1694/1426/2911 1727/1396/2911
f 1662/1272/2911 1781/1392/2911 1729/1391/2911
f 1696/1263/2911 1731/1393/2911 1728/1397/2911
f 1697/1254/2912 1732/1398/2912 1782/1401/2912
f 1665/1441/2912 1698/1434/2912 1734/1404/2912
f 1666/1252/2912 1782/1401/2912 1736/1400/2912
f 1700/1423/2912 1738/1402/2912 1735/1405/2912
f 1701/1449/2913 1739/1406/2913 1783/1409/2913
f 1669/1267/2913 1702/1458/2913 1741/1413/2913
f 1670/1451/2913 1783/1409/2913 1743/1408/2913
f 1704/1460/2913 1745/1411/2913 1742/1414/2913
f 1705/1263/2906 1746/1393/2906 1784/1394/2906
f 1673/1261/2906 1706/1426/2906 1748/1396/2906
f 1674/1446/2906 1784/1394/2906 1750/1391/2906
f 1708/1433/2906 1675/1272/2906 1751/1392/2906
f 1709/1439/2907 1677/1437/2907 1785/1416/2907
f 1677/1437/2907 1710/1264/2907 1755/1421/2907
f 1678/1443/2907 1754/1418/2907 1757/1417/2907
f 1712/1273/2907 1759/1419/2907 1756/1422/2907
f 1713/1460/2908 1681/1258/2908 1786/1414/2908
f 1681/1258/2908 1714/1458/2908 1762/1413/2908
f 1682/1454/2908 1761/1412/2908 1764/1408/2908
f 1716/1449/2981 1683/1451/2981 1765/1409/2981
f 1717/1423/2909 1685/1436/2909 1787/1405/2909
f 1685/1436/2909 1718/1434/2909 1769/1404/2909
f 1686/1425/3004 1768/1403/3004 1771/1400/3004
f 1720/1254/2909 1687/1252/2909 1772/1401/2909
f 1721/1273/2910 1689/1274/2910 1788/1422/2910
f 1689/1274/2910 1722/1264/2910 1776/1421/2910
f 1690/1257/2910 1775/1420/2910 1778/1417/2910
f 1724/1439/2910 1691/1443/2910 1779/1418/2910
f 1824/1462/2911 1828/1576/2911 1831/1463/2911
f 1819/1465/2912 1823/1577/2912 1834/1466/2912
f 1814/1468/2913 1818/1578/2913 1837/1469/2913
f 1809/1462/2906 1813/1576/2906 1840/1471/2906
f 1804/1473/2907 1808/1579/2907 1843/1474/2907
f 1799/1468/2908 1803/1578/2908 1846/1476/2908
f 1794/1465/2909 1798/1577/2909 1849/1478/2909
f 1789/1473/2910 1793/1579/2910 1852/1480/2910
f 1789/1473/2910 1790/1481/2910 1851/1482/2910
f 1860/1484/2910 1791/1475/2910 1789/1473/2910
f 1850/1474/2910 1793/1579/2910 1789/1473/2910
f 1794/1465/2909 1795/1479/2909 1848/1485/2909
f 1859/1487/2909 1796/1467/2909 1794/1465/2909
f 1847/1466/2909 1798/1577/2909 1794/1465/2909
f 1799/1468/2908 1800/1477/2908 1845/1488/2908
f 1858/1490/2908 1801/1470/2908 1799/1468/2908
f 1844/1469/2908 1803/1578/2908 1799/1468/2908
f 1804/1473/2907 1805/1475/2907 1842/1484/2907
f 1857/1482/2978 1806/1481/2978 1804/1473/2978
f 1841/1480/2907 1808/1579/2907 1804/1473/2907
f 1809/1462/2975 1810/1472/2975 1839/1491/2975
f 1838/1493/2906 1811/1464/2906 1809/1462/2906
f 1856/1463/2906 1813/1576/2906 1809/1462/2906
f 1814/1468/2913 1815/1470/2913 1836/1490/2913
f 1835/1488/2971 1816/1477/2971 1814/1468/2971
f 1855/1476/2913 1818/1578/2913 1814/1468/2913
f 1819/1465/2912 1820/1467/2912 1833/1487/2912
f 1832/1485/2912 1821/1479/2912 1819/1465/2912
f 1854/1478/2912 1823/1577/2912 1819/1465/2912
f 1824/1462/3008 1825/1464/3008 1830/1493/3008
f 1829/1491/2968 1826/1472/2968 1824/1462/2968
f 1853/1471/2911 1828/1576/2911 1824/1462/2911
f 1671/1454/3009 1837/1456/3009 1818/1455/3009
f 1691/1443/3077 1724/1439/3077 1790/1438/3077
f 1665/1441/3016 1832/1442/3016 1822/1440/3016
f 1704/1460/3078 1815/1495/3078 1837/1456/3078
f 1666/1252/3013 1699/1430/3013 1823/1431/3013
f 1673/1261/3015 1705/1263/3015 1811/1262/3015
f 1700/1423/3015 1668/1436/3015 1833/1435/3015
f 1676/1459/3011 1706/1426/3011 1812/1428/3011
f 1701/1449/3017 1670/1451/3017 1855/1450/3017
f 1707/1270/3013 1675/1272/3013 1840/1271/3013
f 1702/1458/3019 1669/1267/3019 1835/1269/3019
f 1676/1459/2996 1839/1427/2996 1810/1432/2996
f 1703/1461/3021 1818/1455/3021 1855/1450/3021
f 1709/1439/3047 1678/1443/3047 1841/1494/3047
f 1704/1460/3079 1672/1258/3079 1836/1260/3079
f 1710/1264/3080 1807/1266/3080 1842/1265/3080
f 1674/1446/3081 1856/1447/3081 1811/1262/3081
f 1711/1255/3023 1679/1257/3023 1843/1256/3023
f 1706/1426/2993 1673/1261/2993 1838/1457/2993
f 1679/1257/3082 1712/1273/3082 1805/1453/3082
f 1707/1270/3083 1813/1452/3083 1856/1447/3083
f 1682/1454/3077 1844/1456/3077 1801/1495/3077
f 1675/1272/3084 1708/1433/3084 1810/1432/3084
f 1714/1458/3028 1802/1259/3028 1845/1269/3028
f 1709/1439/3057 1806/1438/3057 1857/1448/3057
f 1715/1461/3030 1683/1451/3030 1846/1450/3030
f 1677/1437/2892 1857/1448/2892 1807/1266/2892
f 1716/1449/2897 1684/1267/2897 1845/1269/2897
f 1678/1443/3033 1711/1255/3033 1808/1444/3033
f 1717/1423/3034 1686/1425/3034 1847/1424/3034
f 1712/1273/2895 1680/1274/2895 1842/1265/2895
f 1718/1434/2990 1797/1440/2990 1848/1442/2990
f 1861/1497/2913 1558/1303/2913 1566/1323/2913
f 1566/1323/2913 1862/1514/2913 1893/1496/2913
f 1565/1324/3006 1863/1500/3006 1895/1498/3006
f 1895/1498/2913 1862/1514/2913 1566/1323/2913
f 1863/1500/2913 1565/1324/2913 1557/1300/2913
f 1557/1300/2913 1864/1513/2913 1896/1499/2913
f 1558/1303/2913 1861/1497/2913 1894/1501/2913
f 1894/1501/2972 1864/1513/2972 1557/1300/2972
f 1865/1503/2906 1556/1302/2906 1564/1325/2906
f 1564/1325/2906 1866/1517/2906 1897/1502/2906
f 1563/1327/2906 1867/1507/2906 1899/1504/2906
f 1899/1504/2906 1866/1517/2906 1564/1325/2906
f 1867/1507/2906 1563/1327/2906 1555/1505/2906
f 1555/1505/2906 1868/1516/2906 1900/1506/2906
f 1556/1302/2906 1865/1503/2906 1898/1508/2906
f 1898/1508/2906 1868/1516/2906 1555/1505/2906
f 1869/1510/2907 1554/1302/2907 1562/1325/2907
f 1562/1325/2907 1870/1515/2907 1901/1509/2907
f 1561/1324/2907 1871/1512/2907 1903/1511/2907
f 1903/1511/2907 1870/1515/2907 1562/1325/2907
f 1871/1512/2907 1561/1324/2907 1553/1300/2907
f 1553/1300/2907 1872/1304/2907 1904/1313/2907
f 1554/1302/2907 1869/1510/2907 1902/1306/2907
f 1902/1306/2907 1872/1304/2907 1553/1300/2907
f 1873/1513/2908 1553/1300/2908 1561/1324/2908
f 1561/1324/2908 1874/1500/2908 1905/1499/2908
f 1568/1323/2908 1875/1514/2908 1907/1498/2908
f 1907/1498/2908 1874/1500/2908 1561/1324/2908
f 1875/1514/2908 1568/1323/2908 1560/1303/2908
f 1560/1303/2908 1876/1497/2908 1908/1496/2908
f 1553/1300/2908 1873/1513/2908 1906/1501/2908
f 1906/1501/2908 1876/1497/2908 1560/1303/2908
f 1877/1309/2909 1559/1301/2909 1567/1322/2909
f 1567/1322/2909 1878/1320/2909 1909/1307/2909
f 1566/1323/2909 1879/1318/2909 1911/1310/2909
f 1911/1310/2909 1878/1320/2909 1567/1322/2909
f 1879/1318/2909 1566/1323/2909 1558/1303/2909
f 1558/1303/2909 1880/1518/2909 1912/1316/2909
f 1559/1301/2909 1877/1309/2909 1910/1315/2909
f 1910/1315/2909 1880/1518/2909 1558/1303/2909
f 1881/1304/2910 1557/1300/2910 1565/1324/2910
f 1565/1324/2910 1882/1512/2910 1913/1313/2910
f 1564/1325/2910 1883/1515/2910 1915/1511/2910
f 1915/1511/2985 1882/1512/2985 1565/1324/2985
f 1883/1515/2910 1564/1325/2910 1556/1302/2910
f 1556/1302/2910 1884/1510/2910 1916/1509/2910
f 1557/1300/3005 1881/1304/3005 1914/1306/3005
f 1914/1306/2910 1884/1510/2910 1556/1302/2910
f 1885/1516/2911 1555/1505/2911 1563/1327/2911
f 1563/1327/2911 1886/1507/2911 1917/1506/2911
f 1562/1325/2911 1887/1517/2911 1919/1504/2911
f 1919/1504/2911 1886/1507/2911 1563/1327/2911
f 1887/1517/2911 1562/1325/2911 1554/1302/2911
f 1554/1302/2911 1888/1503/2911 1920/1502/2911
f 1555/1505/2911 1885/1516/2911 1918/1508/2911
f 1918/1508/2911 1888/1503/2911 1554/1302/2911
f 1889/1518/2912 1560/1303/2912 1568/1323/2912
f 1568/1323/2912 1890/1318/2912 1921/1316/2912
f 1567/1322/2912 1891/1320/2912 1923/1310/2912
f 1923/1310/2912 1890/1318/2912 1568/1323/2912
f 1891/1320/2912 1567/1322/2912 1559/1301/2912
f 1559/1301/2912 1892/1309/2912 1924/1307/2912
f 1560/1303/2912 1889/1518/2912 1922/1315/2912
f 1922/1315/2912 1892/1309/2912 1559/1301/2912
f 1896/1499/3047 1931/1529/3047 1930/1519/3047
f 1910/1315/3036 1877/1309/3036 1954/1308/3036
f 1863/1500/3085 1930/1519/3085 1929/1521/3085
f 1909/1307/3038 1878/1320/3038 1985/1311/3038
f 1864/1513/3046 1894/1501/3046 1927/1523/3046
f 1908/1496/3055 1952/1526/3055 1951/1525/3055
f 1876/1497/3086 1949/1527/3086 1952/1526/3086
f 1893/1496/3041 1925/1526/3041 1926/1527/3041
f 1907/1498/2891 1875/1514/2891 1951/1525/2891
f 1874/1500/2997 1907/1498/2997 1950/1521/2997
f 1906/1501/2938 1948/1523/2938 1949/1527/2938
f 1888/1503/2939 1970/1532/2939 1973/1528/2939
f 1873/1513/3043 1984/1524/3043 1948/1523/3043
f 1874/1500/3044 1947/1519/3044 1946/1529/3044
f 1887/1517/2943 1972/1575/2943 1971/1530/2943
f 1873/1513/3045 1905/1499/3045 1946/1529/3045
f 1888/1503/3036 1918/1508/3036 1969/1531/3036
f 1872/1304/3041 1942/1314/3041 1945/1533/3041
f 1886/1507/2942 1968/1574/2942 1967/1534/2942
f 1903/1511/3033 1943/1572/3033 1983/1535/3033
f 1902/1306/3046 1869/1510/3046 1940/1536/3046
f 1901/1509/3012 1870/1515/3012 1983/1535/3012
f 1871/1512/3048 1904/1313/3048 1945/1533/3048
f 1868/1516/2996 1935/1573/2996 1938/1534/2996
f 1996/1539/2913 1929/1580/2913 1930/1540/2913
f 1995/1542/2906 1936/1581/2906 1937/1543/2906
f 1994/1545/2979 1943/1582/2979 1944/1546/2979
f 1993/1539/2908 1950/1580/2908 1951/1548/2908
f 1992/1550/2909 1957/1583/2909 1958/1551/2909
f 1991/1545/2910 1964/1582/2910 1965/1553/2910
f 1990/1542/2911 1971/1581/2911 1972/1555/2911
f 1989/1550/2912 1978/1583/2912 1979/1557/2912
f 1989/1550/2912 1980/1558/2912 1977/1559/2912
f 1988/1561/2912 1974/1552/2912 1989/1550/2912
f 1975/1551/2912 1978/1583/2912 1989/1550/2912
f 1990/1542/2911 1973/1556/2911 1970/1562/2911
f 1987/1564/2911 1967/1544/2911 1990/1542/2911
f 1968/1543/2911 1971/1581/2911 1990/1542/2911
f 1991/1545/2910 1966/1554/2910 1963/1565/2910
f 1986/1567/2910 1960/1547/2910 1991/1545/2910
f 1961/1546/2910 1964/1582/2910 1991/1545/2910
f 1992/1550/2909 1959/1552/2909 1956/1561/2909
f 1954/1559/2909 1953/1558/2909 1992/1550/2909
f 1985/1557/2909 1957/1583/2909 1992/1550/2909
f 1993/1539/2908 1952/1549/2908 1949/1568/2908
f 1984/1570/2908 1946/1541/2908 1993/1539/2908
f 1947/1540/2980 1950/1580/2980 1993/1539/2980
f 1994/1545/2907 1945/1547/2907 1942/1567/2907
f 1940/1565/2907 1939/1554/2907 1994/1545/2907
f 1983/1553/2907 1943/1582/2907 1994/1545/2907
f 1995/1542/2906 1938/1544/2906 1935/1564/2906
f 1933/1562/2906 1932/1556/2906 1995/1542/2906
f 1982/1555/2906 1936/1581/2906 1995/1542/2906
f 1996/1539/2913 1931/1541/2913 1928/1570/2913
f 1926/1568/2913 1925/1549/2913 1996/1539/2913
f 1981/1548/2913 1929/1580/2913 1996/1539/2913
f 1924/1307/3015 1892/1309/3015 1977/1308/3015
f 1880/1518/3050 1910/1315/3050 1955/1520/3050
f 1882/1512/2891 1915/1511/2891 1964/1572/2891
f 1879/1318/2896 1958/1317/2896 1957/1312/2896
f 1865/1503/3015 1897/1502/3015 1932/1528/3015
f 1916/1509/3044 1966/1537/3044 1965/1535/3044
f 1880/1518/3002 1956/1571/3002 1959/1319/3002
f 1898/1508/3052 1934/1531/3052 1935/1573/3052
f 1885/1516/3051 1917/1506/3051 1967/1534/3051
f 1899/1504/3013 1867/1507/3013 1937/1574/3013
f 1918/1508/3050 1885/1516/3050 1987/1573/3050
f 1867/1507/2890 1900/1506/2890 1938/1534/2890
f 1919/1504/2896 1971/1530/2896 1968/1574/2896
f 1893/1496/3017 1862/1514/3017 1981/1525/3017
f 1887/1517/3038 1920/1502/3038 1973/1528/3038
f 1861/1497/3054 1926/1527/3054 1927/1523/3054
f 1889/1518/3049 1921/1316/3049 1974/1319/3049
f 1895/1498/3087 1929/1521/3087 1981/1525/3087
f 1913/1313/3000 1882/1512/3000 1961/1538/3000
f 1889/1518/3052 1988/1571/3052 1976/1520/3052
f 1896/1499/3057 1864/1513/3057 1928/1524/3057
f 1884/1510/3043 1914/1306/3043 1962/1305/3043
f 1890/1318/3013 1923/1310/3013 1978/1312/3013
f 1866/1517/3056 1982/1575/3056 1932/1528/3056
f 1883/1515/2997 1965/1535/2997 1964/1572/2997
f 1901/1509/3022 1939/1537/3022 1940/1536/3022
f 1924/1307/3056 1980/1522/3056 1979/1311/3056
f 1865/1503/2941 1933/1532/2941 1934/1531/2941
f 1916/1509/3045 1884/1510/3045 1963/1536/3045
f 1872/1304/3088 1902/1306/3088 1941/1305/3088
f 1866/1517/2940 1899/1504/2940 1936/1530/2940
f 1871/1512/3023 1944/1538/3023 1943/1572/3023
