# Blender 4.2.3 LTS
# www.blender.org
mtllib light03.mtl
o Cylinder189
v 20.240644 3.234634 0.000002
v 20.490583 0.149510 0.000002
v 19.539219 3.234633 -5.235518
v 19.780495 0.149511 -5.300168
v 17.528912 3.234633 -10.120323
v 17.745363 0.149509 -10.245293
v 14.303699 3.234633 -14.303701
v 14.480327 0.149510 -14.480329
v 10.245291 0.149509 -17.745365
v 10.120321 3.234632 -17.528913
v 5.300167 0.149510 -19.780497
v 5.235517 3.234632 -19.539219
v -0.000001 0.149508 -20.490585
v -0.000001 3.234632 -20.240646
v -5.235519 3.234632 -19.539219
v -5.300169 0.149510 -19.780495
v -10.120323 3.234632 -17.528912
v -10.245293 0.149509 -17.745365
v -14.303701 3.234633 -14.303701
v -14.480329 0.149510 -14.480329
v -17.745365 0.149509 -10.245294
v -17.528912 3.234633 -10.120323
v -19.780495 0.149511 -5.300170
v -19.539219 3.234633 -5.235520
v -20.490585 0.149510 -0.000003
v -20.240646 3.234634 -0.000003
v -19.539223 3.234634 5.235514
v -19.780499 0.149511 5.300164
v -17.528915 3.234635 10.120317
v -17.745369 0.149511 10.245287
v -14.303705 3.234635 14.303696
v -14.480332 0.149512 14.480323
v -10.245299 0.149511 17.745361
v -10.120329 3.234635 17.528908
v -5.300176 0.149512 19.780495
v -5.235526 3.234635 19.539217
v -0.000009 0.149512 20.490585
v -0.000009 3.234635 20.240646
v 5.235508 3.234635 19.539223
v 5.300158 0.149512 19.780499
v 10.120313 3.234635 17.528919
v 10.245282 0.149511 17.745371
v 14.303693 3.234635 14.303711
v 14.480319 0.149512 14.480338
v 17.745358 0.149511 10.245302
v 17.528908 3.234635 10.120333
v 19.780493 0.149511 5.300174
v 19.539215 3.234634 5.235524
v 16.613661 5.235735 -9.591903
v 18.519003 5.235736 -4.962152
v 19.183804 5.235737 0.000001
v 13.556850 5.235736 -13.556852
v 9.591902 5.235735 -16.613665
v 4.962151 5.235735 -18.519005
v -0.000001 5.235735 -19.183805
v -9.591904 5.235735 -16.613661
v -4.962153 5.235735 -18.519003
v -13.556852 5.235736 -13.556851
v -16.613661 5.235735 -9.591904
v -18.519005 5.235736 -4.962154
v -19.183805 5.235737 -0.000003
v -16.613667 5.235738 9.591900
v -18.519005 5.235737 4.962149
v -13.556857 5.235738 13.556847
v -9.591909 5.235738 16.613659
v -4.962160 5.235738 18.519001
v -0.000009 5.235737 19.183805
v 9.591893 5.235738 16.613670
v 4.962142 5.235738 18.519009
v 13.556843 5.235738 13.556861
v 16.613657 5.235738 9.591912
v 18.519001 5.235737 4.962158
v 16.537388 6.885523 0.000000
v 15.964294 6.885522 -4.277620
v 14.321796 6.885522 -8.268695
v 12.185301 8.106968 -7.035190
v 13.582775 8.106970 -3.639495
v 14.070375 8.106969 0.000000
v 11.686674 6.885522 -11.686677
v 8.268692 6.885523 -14.321800
v 7.035187 8.106969 -12.185306
v 9.943281 8.106969 -9.943284
v 4.277619 6.885521 -15.964297
v -0.000002 6.885521 -16.537388
v -0.000002 8.106968 -14.070378
v 3.639493 8.106969 -13.582778
v -4.277622 6.885521 -15.964296
v -8.268696 6.885522 -14.321798
v -7.035189 8.106969 -12.185304
v -3.639496 8.106969 -13.582778
v -11.686677 6.885522 -11.686676
v -14.321798 6.885522 -8.268695
v -12.185305 8.106968 -7.035190
v -9.943284 8.106969 -9.943284
v -15.964296 6.885522 -4.277623
v -16.537388 6.885524 -0.000003
v -14.070378 8.106970 -0.000003
v -13.582779 8.106970 -3.639496
v -15.964297 6.885523 4.277617
v -14.321802 6.885523 8.268690
v -12.185307 8.106970 7.035185
v -13.582779 8.106970 3.639491
v -11.686681 6.885524 11.686671
v -8.268700 6.885524 14.321795
v -7.035194 8.106971 12.185300
v -9.943288 8.106971 9.943278
v -4.277627 6.885524 15.964293
v -0.000008 6.885524 16.537390
v -0.000008 8.106970 14.070376
v -3.639501 8.106971 13.582774
v 4.277611 6.885524 15.964299
v 8.268685 6.885525 14.321804
v 7.035181 8.106971 12.185308
v 3.639486 8.106971 13.582780
v 11.686667 6.885524 11.686684
v 14.321793 6.885523 8.268703
v 12.185298 8.106970 7.035195
v 9.943275 8.106971 9.943290
v 15.964293 6.885523 4.277625
v 13.582774 8.106970 3.639498
v 12.360351 9.401737 -3.311947
v 12.804068 9.401736 0.000000
v 11.088647 9.401736 -6.402036
v 9.048405 9.401736 -9.048408
v 6.402033 9.401735 -11.088651
v 3.311945 9.401735 -12.360354
v -0.000002 9.401735 -12.804071
v -3.311948 9.401735 -12.360354
v -6.402037 9.401736 -11.088651
v -9.048408 9.401736 -9.048408
v -11.088650 9.401736 -6.402036
v -12.360353 9.401737 -3.311948
v -12.804070 9.401736 -0.000002
v -12.360355 9.401736 3.311943
v -11.088653 9.401736 6.402031
v -9.048410 9.401736 9.048402
v -6.402040 9.401737 11.088645
v -3.311953 9.401736 12.360349
v -0.000007 9.401737 12.804068
v 3.311939 9.401736 12.360353
v 6.402028 9.401737 11.088653
v 9.048399 9.401736 9.048411
v 11.088644 9.401736 6.402040
v 12.360350 9.401736 3.311950
v 6.381750 11.098049 0.000000
v 6.160594 11.098049 -1.650728
v 5.526757 11.098049 -3.190877
v 4.509868 11.098049 -4.509872
v 3.190874 11.098049 -5.526761
v 1.650724 11.098049 -6.160598
v -0.000003 11.098048 -6.381754
v -1.650730 11.098049 -6.160598
v -3.190879 11.098049 -5.526761
v -4.509873 11.098049 -4.509871
v -5.526763 11.098049 -3.190877
v -6.160600 11.098049 -1.650728
v -6.381756 11.098049 -0.000001
v -6.160601 11.098049 1.650725
v -5.526763 11.098047 3.190875
v -4.509874 11.098047 4.509868
v -3.190881 11.098047 5.526757
v -1.650732 11.098047 6.160596
v -0.000006 11.098048 6.381751
v 1.650721 11.098047 6.160597
v 3.190871 11.098047 5.526761
v 4.509865 11.098047 4.509872
v 5.526755 11.098047 3.190879
v 6.160594 11.098049 1.650728
v 5.292381 11.910194 0.000000
v 5.108977 11.910194 -1.368948
v 4.583336 11.910194 -2.646193
v 5.457932 13.237677 -1.462450
v 4.896388 13.237679 -2.826933
v 5.653862 13.237679 0.000000
v 3.740030 11.910194 -3.740034
v 2.646189 11.910194 -4.583341
v 3.995482 13.237677 -3.995486
v 2.826930 13.237679 -4.896392
v 1.368944 11.910194 -5.108981
v -0.000003 11.910194 -5.292385
v -0.000003 13.237679 -5.653866
v 1.462446 13.237677 -5.457935
v -1.368950 11.910194 -5.108981
v -2.646195 11.910194 -4.583340
v -1.462452 13.237677 -5.457935
v -2.826935 13.237679 -4.896392
v -3.740036 11.910194 -3.740034
v -4.583342 11.910194 -2.646193
v -3.995488 13.237677 -3.995486
v -4.896394 13.237679 -2.826933
v -5.108983 11.910194 -1.368948
v -5.292387 11.910194 -0.000001
v -5.653869 13.237679 -0.000001
v -5.457937 13.237677 -1.462450
v -5.108984 11.910194 1.368946
v -4.583343 11.910194 2.646191
v -5.457937 13.237677 1.462448
v -4.896394 13.237675 2.826931
v -3.740037 11.910193 3.740031
v -2.646196 11.910193 4.583338
v -3.995489 13.237677 3.995483
v -2.826937 13.237675 4.896389
v -1.368952 11.910193 5.108979
v -0.000005 11.910193 5.292383
v -1.462454 13.237677 5.457932
v -0.000005 13.237675 5.653864
v 1.368942 11.910193 5.108980
v 2.646187 11.910193 4.583341
v 1.462444 13.237677 5.457934
v 2.826927 13.237675 4.896392
v 3.740028 11.910193 3.740035
v 4.583335 11.910194 2.646194
v 3.995480 13.237677 3.995488
v 4.896387 13.237676 2.826935
v 5.108976 11.910194 1.368948
v 5.457931 13.237677 1.462450
v 5.018399 14.176289 -1.344677
v 5.198552 14.176291 -0.000000
v 4.502078 14.176291 -2.599278
v 3.673723 14.176289 -3.673726
v 2.599274 14.176291 -4.502082
v 1.344674 14.176289 -5.018404
v -0.000003 14.176291 -5.198556
v -1.344680 14.176289 -5.018403
v -2.599280 14.176291 -4.502081
v -3.673728 14.176289 -3.673726
v -4.502083 14.176291 -2.599278
v -5.018405 14.176289 -1.344678
v -5.198557 14.176291 -0.000001
v -5.018405 14.176289 1.344675
v -4.502084 14.176289 2.599276
v -3.673729 14.176288 3.673723
v -2.599282 14.176289 4.502078
v -1.344682 14.176288 5.018401
v -0.000005 14.176289 5.198554
v 1.344671 14.176288 5.018402
v 2.599272 14.176289 4.502081
v 3.673720 14.176288 3.673727
v 4.502076 14.176290 2.599280
v 5.018398 14.176289 1.344678
v 4.789016 16.187601 -1.283214
v 4.960934 16.187599 -0.000000
v 4.296295 16.187601 -2.480469
v 3.505803 16.187601 -3.505806
v 2.480466 16.187601 -4.296300
v 1.283211 16.187601 -4.789022
v -0.000003 16.187601 -4.960940
v -1.283217 16.187601 -4.789021
v -2.480471 16.187601 -4.296299
v -3.505808 16.187601 -3.505806
v -4.296300 16.187601 -2.480470
v -4.789022 16.187601 -1.283215
v -4.960940 16.187599 -0.000001
v -4.789022 16.187599 1.283213
v -4.296301 16.187599 2.480467
v -3.505809 16.187599 3.505803
v -2.480473 16.187599 4.296296
v -1.283219 16.187599 4.789017
v -0.000005 16.187599 4.960936
v 1.283209 16.187599 4.789019
v 2.480464 16.187599 4.296298
v 3.505800 16.187599 3.505807
v 4.296293 16.187599 2.480471
v 4.789015 16.187599 1.283215
v 3.914037 17.102123 -1.048764
v 4.054545 17.102123 -0.000000
v 3.511339 17.102123 -2.027275
v 2.865273 17.102123 -2.865278
v 2.027271 17.102123 -3.511344
v 1.048761 17.102123 -3.914042
v -0.000003 17.102123 -4.054551
v -1.048767 17.102123 -3.914042
v -2.027277 17.102123 -3.511343
v -2.865280 17.102123 -2.865278
v -3.511345 17.102123 -2.027275
v -3.914044 17.102123 -1.048765
v -4.054551 17.102121 -0.000001
v -3.914044 17.102123 1.048763
v -3.511345 17.102121 2.027273
v -2.865281 17.102123 2.865275
v -2.027278 17.102121 3.511340
v -1.048769 17.102123 3.914039
v -0.000005 17.102121 4.054546
v 1.048759 17.102123 3.914040
v 2.027269 17.102121 3.511342
v 2.865272 17.102123 2.865278
v 3.511338 17.102121 2.027276
v 3.914037 17.102123 1.048765
v 3.641587 18.213737 -0.975762
v 3.772314 18.213739 -0.000000
v 3.266920 18.213739 -1.886159
v 2.665826 18.213737 -2.665830
v 1.886155 18.213739 -3.266924
v 0.975758 18.213737 -3.641593
v -0.000003 18.213739 -3.772319
v -0.975764 18.213737 -3.641593
v -1.886162 18.213739 -3.266924
v -2.665832 18.213737 -2.665830
v -3.266926 18.213739 -1.886160
v -3.641593 18.213737 -0.975762
v -3.772321 18.213739 -0.000001
v -3.641593 18.213737 0.975760
v -3.266927 18.213739 1.886157
v -2.665833 18.213737 2.665827
v -1.886163 18.213739 3.266921
v -0.975766 18.213737 3.641589
v -0.000005 18.213739 3.772316
v 0.975756 18.213737 3.641590
v 1.886154 18.213739 3.266922
v 2.665824 18.213737 2.665830
v 3.266918 18.213739 1.886160
v 3.641586 18.213737 0.975762
v 2.985317 18.581310 -0.000000
v 2.881863 18.581310 -0.772194
v 2.585360 18.581310 -1.492661
v 2.109669 18.581310 -2.109674
v 1.492657 18.581310 -2.585364
v 0.772190 18.581310 -2.881867
v -0.000003 18.581310 -2.985322
v -0.772197 18.581310 -2.881867
v -1.492664 18.581310 -2.585364
v -2.109675 18.581310 -2.109674
v -2.585366 18.581310 -1.492661
v -2.881869 18.581310 -0.772194
v -2.985323 18.581310 -0.000001
v -2.881869 18.581310 0.772193
v -2.585367 18.581310 1.492659
v -2.109676 18.581310 2.109670
v -1.492664 18.581310 2.585361
v -0.772198 18.581310 2.881864
v -0.000005 18.581310 2.985319
v 0.772189 18.581310 2.881865
v 1.492655 18.581310 2.585363
v 2.109668 18.581310 2.109673
v 2.585359 18.581310 1.492661
v 2.881862 18.581310 0.772194
v 2.854150 19.164373 -0.000000
v 2.755242 19.164373 -0.738266
v 2.471766 19.164373 -1.427078
v 2.968498 19.869406 -0.795408
v 2.663082 19.869404 -1.537534
v 3.075062 19.869404 -0.000001
v 2.016976 19.164373 -2.016980
v 1.427074 19.164373 -2.471771
v 1.537529 19.869404 -2.663086
v 2.173090 19.869406 -2.173095
v 0.738262 19.164373 -2.755247
v -0.000003 19.164373 -2.854156
v -0.000003 19.869404 -3.075068
v 0.795404 19.869406 -2.968503
v -0.738269 19.164373 -2.755246
v -1.427080 19.164373 -2.471771
v -0.795411 19.869406 -2.968503
v -1.537536 19.869404 -2.663086
v -2.016983 19.164373 -2.016980
v -2.471773 19.164373 -1.427078
v -2.663088 19.869404 -1.537534
v -2.173097 19.869406 -2.173095
v -2.755248 19.164373 -0.738266
v -2.854157 19.164373 -0.000001
v -3.075069 19.869404 -0.000002
v -2.968504 19.869406 -0.795408
v -2.755249 19.164373 0.738265
v -2.471774 19.164373 1.427076
v -2.968504 19.869406 0.795406
v -2.663089 19.869404 1.537531
v -2.016983 19.164373 2.016978
v -1.427081 19.164373 2.471768
v -1.537537 19.869404 2.663083
v -2.173098 19.869406 2.173092
v -0.738270 19.164373 2.755243
v -0.000005 19.164373 2.854153
v -0.000005 19.869404 3.075063
v -0.795412 19.869406 2.968498
v 0.738261 19.164373 2.755244
v 1.427072 19.164373 2.471770
v 0.795403 19.869406 2.968501
v 1.537528 19.869404 2.663085
v 2.016975 19.164373 2.016979
v 2.471766 19.164373 1.427078
v 2.663080 19.869404 1.537533
v 2.173089 19.869406 2.173094
v 2.755241 19.164373 0.738266
v 2.968497 19.869406 0.795408
v 5.482158 21.436222 -0.000001
v 5.292178 21.436222 -1.418037
v 4.747688 21.436222 -2.741083
v 3.874143 21.436222 -3.874148
v 2.741078 21.436222 -4.747694
v 1.418033 21.436222 -5.292183
v -0.000003 21.436222 -5.482163
v -1.418039 21.436222 -5.292183
v -2.741084 21.436222 -4.747694
v -3.874148 21.436222 -3.874148
v -4.747694 21.436222 -2.741083
v -5.292183 21.436222 -1.418038
v -5.482163 21.436222 -0.000002
v -5.292183 21.436222 1.418033
v -4.747694 21.436222 2.741077
v -3.874149 21.436222 3.874141
v -2.741085 21.436222 4.747686
v -1.418041 21.436222 5.292178
v -0.000005 21.436222 5.482160
v 1.418030 21.436222 5.292180
v 2.741076 21.436222 4.747691
v 3.874140 21.436222 3.874145
v 4.747686 21.436222 2.741081
v 5.292177 21.436222 1.418036
v 5.605118 21.771885 -0.000001
v 5.410876 21.771885 -1.449842
v 4.854175 21.771885 -2.802562
v 4.664506 22.229786 -2.693057
v 5.199456 22.229786 -1.393193
v 5.386107 22.229786 -0.000001
v 3.961036 21.771885 -3.961041
v 2.802557 21.771885 -4.854179
v 3.806266 22.229786 -3.806271
v 2.693053 22.229786 -4.664512
v 1.449838 21.771885 -5.410882
v -0.000003 21.771885 -5.605124
v 1.393188 22.229786 -5.199462
v -0.000003 22.229786 -5.386114
v -1.449844 21.771885 -5.410882
v -2.802563 21.771885 -4.854179
v -2.693058 22.229786 -4.664512
v -1.393194 22.229786 -5.199462
v -3.961041 21.771885 -3.961041
v -4.854179 21.771885 -2.802563
v -3.806271 22.229786 -3.806271
v -4.664512 22.229786 -2.693057
v -5.410881 21.771885 -1.449843
v -5.605123 21.771885 -0.000002
v -5.199461 22.229786 -1.393193
v -5.386113 22.229786 -0.000002
v -5.410882 21.771885 1.449838
v -4.854180 21.771885 2.802557
v -4.664513 22.229786 2.693052
v -5.199462 22.229786 1.393188
v -3.961042 21.771885 3.961034
v -2.802565 21.771885 4.854173
v -3.806272 22.229786 3.806264
v -2.693060 22.229786 4.664504
v -1.449846 21.771885 5.410876
v -0.000005 21.771885 5.605119
v -1.393196 22.229786 5.199455
v -0.000005 22.229786 5.386109
v 1.449835 21.771885 5.410878
v 2.802555 21.771885 4.854177
v 2.693050 22.229786 4.664508
v 1.393185 22.229786 5.199457
v 3.961033 21.771885 3.961038
v 4.854172 21.771885 2.802561
v 3.806263 22.229786 3.806268
v 4.664504 22.229786 2.693056
v 5.410875 21.771885 1.449841
v 5.199455 22.229786 1.393191
v 4.072051 23.528427 -0.000001
v 3.930937 23.528429 -1.053294
v 3.526499 23.528427 -2.036029
v 2.877645 23.528429 -2.877650
v 2.036024 23.528427 -3.526505
v 1.053289 23.528429 -3.930943
v -0.000003 23.528427 -4.072057
v -1.053295 23.528429 -3.930943
v -2.036030 23.528427 -3.526505
v -2.877651 23.528429 -2.877650
v -3.526506 23.528427 -2.036029
v -3.930943 23.528429 -1.053294
v -4.072057 23.528427 -0.000002
v -3.930943 23.528429 1.053290
v -3.526506 23.528427 2.036024
v -2.877652 23.528429 2.877644
v -2.036031 23.528427 3.526498
v -1.053297 23.528429 3.930936
v -0.000005 23.528427 4.072051
v 1.053287 23.528429 3.930938
v 2.036022 23.528427 3.526501
v 2.877643 23.528429 2.877648
v 3.526498 23.528427 2.036028
v 3.930936 23.528429 1.053292
v 3.519553 24.515497 -0.943064
v 3.645899 24.515493 -0.000001
v 3.157441 24.515493 -1.822953
v 2.576491 24.515497 -2.576496
v 1.822948 24.515493 -3.157446
v 0.943059 24.515497 -3.519559
v -0.000003 24.515493 -3.645905
v -0.943065 24.515497 -3.519559
v -1.822955 24.515493 -3.157446
v -2.576497 24.515497 -2.576496
v -3.157447 24.515493 -1.822953
v -3.519559 24.515497 -0.943064
v -3.645905 24.515493 -0.000002
v -3.519559 24.515497 0.943060
v -3.157447 24.515493 1.822949
v -2.576498 24.515497 2.576490
v -1.822955 24.515493 3.157440
v -0.943067 24.515497 3.519553
v -0.000005 24.515493 3.645899
v 0.943057 24.515497 3.519554
v 1.822946 24.515493 3.157442
v 2.576489 24.515497 2.576494
v 3.157439 24.515493 1.822952
v 3.519552 24.515497 0.943062
v 2.403044 25.757412 -0.000001
v 2.319768 25.757414 -0.621582
v 2.081097 25.757414 -1.201525
v 1.698187 25.757414 -1.698192
v 1.201520 25.757414 -2.081102
v 0.621578 25.757414 -2.319774
v -0.000003 25.757414 -2.403050
v -0.621584 25.757414 -2.319774
v -1.201527 25.757414 -2.081102
v -1.698194 25.757414 -1.698192
v -2.081104 25.757414 -1.201525
v -2.319775 25.757414 -0.621582
v -2.403051 25.757414 -0.000001
v -2.319775 25.757414 0.621579
v -2.081104 25.757414 1.201522
v -1.698194 25.757414 1.698188
v -1.201528 25.757414 2.081098
v -0.621585 25.757414 2.319769
v -0.000004 25.757414 2.403046
v 0.621576 25.757414 2.319770
v 1.201519 25.757414 2.081099
v 1.698186 25.757414 1.698190
v 2.081096 25.757414 1.201524
v 2.319768 25.757414 0.621580
v 2.195902 26.467056 -0.000001
v 2.119804 26.467058 -0.568002
v 1.901706 26.467056 -1.097954
v 1.809976 27.160950 -1.044993
v 2.017554 27.160950 -0.540604
v 2.089981 27.160950 -0.000001
v 1.551803 26.467058 -1.551808
v 1.097949 26.467056 -1.901712
v 1.476951 27.160950 -1.476956
v 1.044989 27.160950 -1.809982
v 0.567997 26.467058 -2.119809
v -0.000003 26.467056 -2.195907
v 0.540599 27.160950 -2.017560
v -0.000004 27.160950 -2.089986
v -0.568004 26.467058 -2.119809
v -1.097956 26.467056 -1.901712
v -1.044996 27.160950 -1.809982
v -0.540606 27.160950 -2.017560
v -1.551810 26.467058 -1.551808
v -1.901713 26.467056 -1.097954
v -1.476958 27.160950 -1.476956
v -1.809983 27.160950 -1.044993
v -2.119811 26.467058 -0.568002
v -2.195908 26.467056 -0.000001
v -2.017561 27.160950 -0.540604
v -2.089988 27.160950 -0.000001
v -2.119811 26.467058 0.567999
v -1.901713 26.467056 1.097951
v -1.809983 27.160950 1.044990
v -2.017561 27.160950 0.540601
v -1.551811 26.467058 1.551804
v -1.097957 26.467056 1.901707
v -1.476958 27.160950 1.476952
v -1.044996 27.160950 1.809977
v -0.568005 26.467058 2.119805
v -0.000004 26.467056 2.195903
v -0.540607 27.160950 2.017555
v -0.000004 27.160950 2.089983
v 0.567996 26.467058 2.119806
v 1.097948 26.467056 1.901709
v 1.044988 27.160950 1.809979
v 0.540599 27.160950 2.017556
v 1.551802 26.467058 1.551806
v 1.901706 26.467056 1.097952
v 1.476950 27.160950 1.476954
v 1.809976 27.160950 1.044992
v 2.119804 26.467058 0.568000
v 2.017554 27.160950 0.540602
v 1.348538 28.343472 -0.000001
v 1.301805 28.343472 -0.348819
v 1.167868 28.343472 -0.674272
v 0.952986 28.343472 -0.952991
v 0.674267 28.343472 -1.167872
v 0.348815 28.343472 -1.301810
v -0.000004 28.343472 -1.348543
v -0.348822 28.343472 -1.301810
v -0.674274 28.343472 -1.167872
v -0.952994 28.343472 -0.952991
v -1.167875 28.343472 -0.674272
v -1.301812 28.343472 -0.348820
v -1.348545 28.343472 -0.000001
v -1.301812 28.343472 0.348817
v -1.167875 28.343472 0.674269
v -0.952994 28.343472 0.952988
v -0.674275 28.343472 1.167869
v -0.348823 28.343472 1.301807
v -0.000004 28.343472 1.348540
v 0.348814 28.343472 1.301808
v 0.674266 28.343472 1.167870
v 0.952986 28.343472 0.952990
v 1.167867 28.343472 0.674270
v 1.301805 28.343472 0.348818
v 13.023769 7.291447 -3.489709
v 13.492199 7.291057 0.000000
v 11.858692 8.547178 -3.177528
v 12.284356 8.547394 0.000000
v 10.638563 8.547396 -6.142179
v 11.684585 7.291058 -6.746100
v 9.534060 7.291446 -9.534063
v 8.681166 8.547177 -8.681169
v 6.746099 7.291057 -11.684590
v 6.142177 8.547393 -10.638568
v 3.489707 7.291446 -13.023772
v 3.177526 8.547176 -11.858696
v -0.000002 7.291057 -13.492202
v -0.000002 8.547394 -12.284359
v -3.489711 7.291446 -13.023772
v -3.177530 8.547176 -11.858696
v -6.142181 8.547395 -10.638567
v -6.746100 7.291058 -11.684587
v -9.534063 7.291446 -9.534063
v -8.681169 8.547177 -8.681169
v -10.638567 8.547396 -6.142179
v -11.684588 7.291058 -6.746100
v -13.023773 7.291447 -3.489711
v -11.858696 8.547178 -3.177529
v -13.492201 7.291059 -0.000003
v -12.284359 8.547394 -0.000002
v -13.023773 7.291448 3.489707
v -11.858698 8.547177 3.177525
v -11.684591 7.291058 6.746098
v -10.638570 8.547393 6.142176
v -9.534067 7.291448 9.534059
v -8.681171 8.547177 8.681163
v -6.142184 8.547395 10.638562
v -6.746106 7.291059 11.684585
v -3.489716 7.291448 13.023769
v -3.177534 8.547177 11.858691
v -0.000007 7.291059 13.492200
v -0.000007 8.547395 12.284357
v 3.489702 7.291448 13.023775
v 3.177521 8.547177 11.858696
v 6.746092 7.291059 11.684592
v 6.142172 8.547395 10.638570
v 9.534056 7.291448 9.534069
v 8.681160 8.547177 8.681172
v 11.684582 7.291058 6.746107
v 10.638561 8.547393 6.142186
v 13.023768 7.291448 3.489712
v 11.858692 8.547177 3.177531
v 5.960543 10.191085 0.000000
v 5.753108 10.191389 -1.541542
v 5.161981 10.191085 -2.980273
v 4.211567 10.191389 -4.211571
v 2.980270 10.191085 -5.161984
v 1.541539 10.191389 -5.753112
v -0.000003 10.191085 -5.960547
v -1.541544 10.191389 -5.753112
v -2.980276 10.191085 -5.161985
v -4.211572 10.191389 -4.211570
v -5.161987 10.191085 -2.980274
v -5.753113 10.191389 -1.541542
v -5.960549 10.191085 -0.000001
v -5.753114 10.191389 1.541539
v -5.161987 10.191083 2.980270
v -4.211573 10.191387 4.211567
v -2.980277 10.191083 5.161981
v -1.541546 10.191387 5.753109
v -0.000005 10.191083 5.960544
v 1.541536 10.191387 5.753110
v 2.980267 10.191083 5.161985
v 4.211564 10.191387 4.211571
v 5.161979 10.191083 2.980275
v 5.753107 10.191389 1.541542
v 4.356800 11.557082 0.000000
v 4.205038 11.557734 -1.126738
v 3.773099 11.557083 -2.178402
v 3.078301 11.557734 -3.078305
v 2.178399 11.557083 -3.773104
v 1.126734 11.557734 -4.205042
v -0.000003 11.557083 -4.356804
v -1.126740 11.557734 -4.205042
v -2.178404 11.557083 -3.773103
v -3.078306 11.557734 -3.078304
v -3.773105 11.557082 -2.178402
v -4.205044 11.557734 -1.126738
v -4.356806 11.557082 -0.000001
v -4.205044 11.557734 1.126736
v -3.773105 11.557083 2.178400
v -3.078307 11.557734 3.078302
v -2.178406 11.557082 3.773101
v -1.126742 11.557734 4.205039
v -0.000005 11.557082 4.356802
v 1.126733 11.557734 4.205040
v 2.178397 11.557082 3.773103
v 3.078299 11.557734 3.078305
v 3.773098 11.557083 2.178403
v 4.205037 11.557734 1.126738
v 19.652695 0.000000 0.000001
v 19.647297 -0.000000 -5.264478
v 20.352695 0.000000 0.000002
v 18.971149 -0.000000 -5.083304
v 17.019732 0.000002 -9.826348
v 17.625950 -0.000001 -10.176349
v 14.382820 -0.000001 -14.382822
v 13.887845 -0.000001 -13.887847
v 9.826346 -0.000001 -17.019733
v 10.176347 -0.000001 -17.625952
v 5.083303 -0.000001 -18.971153
v 5.264477 -0.000001 -19.647301
v -0.000001 -0.000004 -19.652697
v -0.000001 -0.000003 -20.352697
v -5.264479 -0.000001 -19.647297
v -5.083305 -0.000001 -18.971149
v -9.826348 -0.000001 -17.019733
v -10.176349 -0.000001 -17.625952
v -14.382822 -0.000001 -14.382822
v -13.887847 -0.000002 -13.887847
v -17.019733 -0.000002 -9.826349
v -17.625952 -0.000001 -10.176350
v -19.647297 -0.000000 -5.264480
v -18.971149 -0.000000 -5.083306
v -19.652697 -0.000000 -0.000003
v -20.352697 -0.000000 -0.000003
v -18.971155 0.000000 5.083301
v -19.647301 0.000000 5.264474
v -17.019737 0.000001 9.826343
v -17.625956 0.000001 10.176343
v -14.382826 0.000001 14.382816
v -13.887851 0.000001 13.887841
v -9.826354 0.000000 17.019730
v -10.176355 0.000001 17.625948
v -5.264486 0.000001 19.647299
v -5.083313 0.000001 18.971149
v -0.000009 0.000001 19.652697
v -0.000009 0.000002 20.352697
v 5.083295 0.000001 18.971155
v 5.264468 0.000001 19.647301
v 9.826338 0.000004 17.019739
v 10.176338 0.000001 17.625957
v 13.887837 0.000001 13.887856
v 14.382813 0.000001 14.382832
v 17.019726 0.000001 9.826358
v 17.625944 0.000001 10.176358
v 19.647297 0.000000 5.264484
v 18.971148 0.000000 5.083311
v 19.468746 0.146108 0.000001
v 18.793495 0.146114 -5.035702
v 16.860426 0.146110 -9.734374
v 13.757793 0.146113 -13.757795
v 9.734372 0.146107 -16.860428
v 5.035701 0.146113 -18.793497
v -0.000001 0.146103 -19.468748
v -5.035703 0.146113 -18.793495
v -9.734374 0.146107 -16.860428
v -13.757795 0.146112 -13.757795
v -16.860428 0.146106 -9.734375
v -18.793495 0.146114 -5.035704
v -19.468748 0.146108 -0.000003
v -18.793499 0.146114 5.035699
v -16.860432 0.146109 9.734368
v -13.757799 0.146115 13.757790
v -9.734380 0.146108 16.860424
v -5.035710 0.146115 18.793495
v -0.000009 0.146109 19.468748
v 5.035693 0.146115 18.793499
v 9.734364 0.146112 16.860434
v 13.757786 0.146115 13.757804
v 16.860420 0.146109 9.734384
v 18.793493 0.146114 5.035708
v 15.890112 2.904031 -9.174162
v 17.712000 2.903999 -4.745916
v 18.348322 2.904031 0.000001
v 12.966083 2.903998 -12.966084
v 9.174161 2.904030 -15.890115
v 4.745915 2.903998 -17.712002
v -0.000001 2.904027 -18.348324
v -9.174163 2.904030 -15.890113
v -4.745917 2.903998 -17.712000
v -12.966085 2.903998 -12.966084
v -15.890113 2.904029 -9.174163
v -17.712000 2.903999 -4.745918
v -18.348326 2.904031 -0.000003
v -15.890118 2.904032 9.174158
v -17.712002 2.904000 4.745913
v -12.966089 2.904000 12.966080
v -9.174168 2.904032 15.890110
v -4.745924 2.904001 17.711998
v -0.000009 2.904032 18.348324
v 9.174152 2.904033 15.890121
v 4.745907 2.904001 17.712004
v 12.966076 2.904000 12.966093
v 15.890107 2.904032 9.174171
v 17.711998 2.904000 4.745922
v 14.164831 5.285680 -8.178071
v 15.788757 5.285777 -4.230586
v 16.356140 5.285681 0.000001
v 8.178070 5.285680 -14.164835
v 11.558172 5.285776 -11.558174
v 4.230584 5.285776 -15.788759
v -0.000001 5.285678 -16.356142
v -8.178072 5.285680 -14.164832
v -4.230587 5.285776 -15.788758
v -11.558174 5.285776 -11.558173
v -14.164833 5.285680 -8.178071
v -15.788759 5.285777 -4.230587
v -16.356142 5.285681 -0.000002
v -14.164837 5.285681 8.178068
v -15.788760 5.285778 4.230582
v -8.178077 5.285682 14.164831
v -11.558179 5.285778 11.558169
v -4.230592 5.285778 15.788757
v -0.000008 5.285681 16.356142
v 8.178062 5.285682 14.164840
v 4.230577 5.285778 15.788763
v 14.164828 5.285680 8.178080
v 11.558167 5.285778 11.558182
v 15.788755 5.285778 4.230589
vn 0.9880 0.0800 -0.1324
vn 0.9218 0.0800 -0.3794
vn 0.7894 0.0800 -0.6086
vn 0.6086 0.0800 -0.7894
vn 0.3794 0.0800 -0.9218
vn 0.1324 0.0800 -0.9880
vn -0.1324 0.0800 -0.9880
vn -0.3794 0.0800 -0.9218
vn -0.6086 0.0800 -0.7894
vn -0.7894 0.0800 -0.6086
vn -0.9218 0.0800 -0.3794
vn -0.9880 0.0800 -0.1324
vn -0.9880 0.0800 0.1324
vn -0.9218 0.0800 0.3794
vn -0.7894 0.0800 0.6086
vn -0.6086 0.0800 0.7894
vn -0.3794 0.0800 0.9218
vn -0.1324 0.0800 0.9880
vn 0.1324 0.0800 0.9880
vn 0.3794 0.0800 0.9218
vn 0.6086 0.0800 0.7894
vn 0.7894 0.0800 0.6086
vn 0.9218 0.0800 0.3794
vn 0.9880 0.0800 0.1324
vn 0.8193 0.4638 -0.3372
vn 0.8781 0.4638 -0.1176
vn 0.5409 0.4638 -0.7016
vn 0.7016 0.4638 -0.5409
vn 0.1176 0.4638 -0.8781
vn 0.3372 0.4638 -0.8193
vn -0.3372 0.4638 -0.8193
vn -0.1176 0.4638 -0.8781
vn -0.7016 0.4638 -0.5409
vn -0.5409 0.4638 -0.7016
vn -0.8781 0.4638 -0.1176
vn -0.8193 0.4638 -0.3372
vn -0.8193 0.4638 0.3372
vn -0.8781 0.4638 0.1176
vn -0.5409 0.4638 0.7016
vn -0.7016 0.4638 0.5409
vn -0.1176 0.4638 0.8781
vn -0.3372 0.4638 0.8193
vn 0.3372 0.4638 0.8193
vn 0.1176 0.4638 0.8781
vn 0.7016 0.4638 0.5409
vn 0.5409 0.4638 0.7016
vn 0.8781 0.4638 0.1176
vn 0.8193 0.4638 0.3372
vn 0.5277 0.8465 -0.0707
vn 0.4924 0.8465 -0.2026
vn 0.4133 0.8946 -0.1701
vn 0.4429 0.8946 -0.0593
vn 0.4217 0.8465 -0.3251
vn 0.3251 0.8465 -0.4217
vn 0.2729 0.8946 -0.3539
vn 0.3539 0.8946 -0.2729
vn 0.2026 0.8465 -0.4924
vn 0.0707 0.8465 -0.5277
vn 0.0593 0.8946 -0.4429
vn 0.1701 0.8946 -0.4133
vn -0.0707 0.8465 -0.5277
vn -0.2026 0.8465 -0.4924
vn -0.1701 0.8946 -0.4133
vn -0.0593 0.8946 -0.4429
vn -0.3251 0.8465 -0.4217
vn -0.4217 0.8465 -0.3251
vn -0.3539 0.8946 -0.2729
vn -0.2729 0.8946 -0.3539
vn -0.4924 0.8465 -0.2026
vn -0.5277 0.8465 -0.0707
vn -0.4429 0.8946 -0.0593
vn -0.4133 0.8946 -0.1701
vn -0.5277 0.8465 0.0707
vn -0.4924 0.8465 0.2026
vn -0.4133 0.8946 0.1701
vn -0.4429 0.8946 0.0593
vn -0.4217 0.8465 0.3251
vn -0.3251 0.8465 0.4217
vn -0.2729 0.8946 0.3539
vn -0.3539 0.8946 0.2729
vn -0.2026 0.8465 0.4924
vn -0.0707 0.8465 0.5277
vn -0.0593 0.8946 0.4429
vn -0.1701 0.8946 0.4133
vn 0.0707 0.8465 0.5277
vn 0.2026 0.8465 0.4924
vn 0.1701 0.8946 0.4133
vn 0.0593 0.8946 0.4429
vn 0.3251 0.8465 0.4217
vn 0.4217 0.8465 0.3251
vn 0.3539 0.8946 0.2729
vn 0.2729 0.8946 0.3539
vn 0.4924 0.8465 0.2026
vn 0.5277 0.8465 0.0707
vn 0.4429 0.8946 0.0593
vn 0.4133 0.8946 0.1701
vn 0.7117 0.6960 -0.0953
vn 0.6640 0.6960 -0.2733
vn 0.5686 0.6960 -0.4384
vn 0.4384 0.6960 -0.5686
vn 0.2733 0.6960 -0.6640
vn 0.0953 0.6960 -0.7117
vn -0.0953 0.6960 -0.7117
vn -0.2733 0.6960 -0.6640
vn -0.4384 0.6960 -0.5686
vn -0.5686 0.6960 -0.4384
vn -0.6640 0.6960 -0.2733
vn -0.7117 0.6960 -0.0953
vn -0.7117 0.6960 0.0953
vn -0.6640 0.6960 0.2733
vn -0.5686 0.6960 0.4384
vn -0.4384 0.6960 0.5686
vn -0.2733 0.6960 0.6640
vn -0.0953 0.6960 0.7117
vn 0.0953 0.6960 0.7117
vn 0.2733 0.6960 0.6640
vn 0.4384 0.6960 0.5686
vn 0.5686 0.6960 0.4384
vn 0.6640 0.6960 0.2733
vn 0.7117 0.6960 0.0953
vn 0.2552 0.9663 -0.0342
vn 0.2381 0.9663 -0.0980
vn 0.2039 0.9663 -0.1572
vn 0.1572 0.9663 -0.2039
vn 0.0980 0.9663 -0.2381
vn 0.0342 0.9663 -0.2552
vn -0.0342 0.9663 -0.2552
vn -0.0980 0.9663 -0.2381
vn -0.1572 0.9663 -0.2039
vn -0.2039 0.9663 -0.1572
vn -0.2381 0.9663 -0.0980
vn -0.2552 0.9663 -0.0342
vn -0.2552 0.9663 0.0342
vn -0.2381 0.9663 0.0980
vn -0.2039 0.9663 0.1572
vn -0.1572 0.9663 0.2039
vn -0.0980 0.9663 0.2381
vn -0.0342 0.9663 0.2552
vn 0.0342 0.9663 0.2552
vn 0.0980 0.9663 0.2381
vn 0.1572 0.9663 0.2039
vn 0.2039 0.9663 0.1572
vn 0.2381 0.9663 0.0980
vn 0.2552 0.9663 0.0342
vn 0.5958 0.7992 -0.0798
vn 0.5559 0.7992 -0.2288
vn 0.8928 -0.2606 -0.3674
vn 0.9569 -0.2606 -0.1282
vn 0.4761 0.7992 -0.3670
vn 0.3670 0.7992 -0.4761
vn 0.5895 -0.2606 -0.7646
vn 0.7646 -0.2606 -0.5895
vn 0.2288 0.7992 -0.5559
vn 0.0798 0.7992 -0.5958
vn 0.1282 -0.2606 -0.9569
vn 0.3674 -0.2606 -0.8928
vn -0.0798 0.7992 -0.5958
vn -0.2288 0.7992 -0.5559
vn -0.3674 -0.2606 -0.8928
vn -0.1282 -0.2606 -0.9569
vn -0.3670 0.7992 -0.4761
vn -0.4761 0.7992 -0.3670
vn -0.7646 -0.2606 -0.5895
vn -0.5895 -0.2606 -0.7646
vn -0.5559 0.7992 -0.2288
vn -0.5958 0.7992 -0.0798
vn -0.9569 -0.2606 -0.1282
vn -0.8928 -0.2606 -0.3674
vn -0.5958 0.7992 0.0798
vn -0.5559 0.7992 0.2288
vn -0.8928 -0.2606 0.3674
vn -0.9569 -0.2606 0.1282
vn -0.4761 0.7992 0.3670
vn -0.3670 0.7992 0.4761
vn -0.5895 -0.2606 0.7646
vn -0.7646 -0.2606 0.5895
vn -0.2288 0.7992 0.5559
vn -0.0798 0.7992 0.5958
vn -0.1282 -0.2606 0.9569
vn -0.3674 -0.2606 0.8928
vn 0.0798 0.7992 0.5958
vn 0.2288 0.7992 0.5559
vn 0.3674 -0.2606 0.8928
vn 0.1282 -0.2606 0.9569
vn 0.3670 0.7992 0.4761
vn 0.4761 0.7992 0.3670
vn 0.7646 -0.2606 0.5895
vn 0.5895 -0.2606 0.7646
vn 0.5559 0.7992 0.2288
vn 0.5958 0.7992 0.0798
vn 0.9569 -0.2606 0.1282
vn 0.8928 -0.2606 0.3674
vn 0.8933 0.4333 -0.1197
vn 0.8334 0.4333 -0.3430
vn 0.7138 0.4333 -0.5503
vn 0.5503 0.4333 -0.7138
vn 0.3430 0.4333 -0.8334
vn 0.1197 0.4333 -0.8933
vn -0.1197 0.4333 -0.8933
vn -0.3430 0.4333 -0.8334
vn -0.5503 0.4333 -0.7138
vn -0.7138 0.4333 -0.5503
vn -0.8334 0.4333 -0.3430
vn -0.8933 0.4333 -0.1197
vn -0.8933 0.4333 0.1197
vn -0.8334 0.4333 0.3430
vn -0.7138 0.4333 0.5503
vn -0.5503 0.4333 0.7138
vn -0.3430 0.4333 0.8334
vn -0.1197 0.4333 0.8933
vn 0.1197 0.4333 0.8933
vn 0.3430 0.4333 0.8334
vn 0.5503 0.4333 0.7138
vn 0.7138 0.4333 0.5503
vn 0.8334 0.4333 0.3430
vn 0.8933 0.4333 0.1197
vn 0.9844 0.1163 -0.1319
vn 0.9185 0.1163 -0.3780
vn 0.7866 0.1163 -0.6064
vn 0.6064 0.1163 -0.7866
vn 0.3780 0.1163 -0.9185
vn 0.1319 0.1163 -0.9844
vn -0.1319 0.1163 -0.9844
vn -0.3780 0.1163 -0.9185
vn -0.6064 0.1163 -0.7866
vn -0.7866 0.1163 -0.6064
vn -0.9185 0.1163 -0.3780
vn -0.9844 0.1163 -0.1319
vn -0.9844 0.1163 0.1319
vn -0.9185 0.1163 0.3780
vn -0.7866 0.1163 0.6064
vn -0.6064 0.1163 0.7866
vn -0.3780 0.1163 0.9185
vn -0.1319 0.1163 0.9844
vn 0.1319 0.1163 0.9844
vn 0.3780 0.1163 0.9185
vn 0.6064 0.1163 0.7866
vn 0.7866 0.1163 0.6064
vn 0.9185 0.1163 0.3780
vn 0.9844 0.1163 0.1319
vn 0.7071 0.7008 -0.0947
vn 0.6597 0.7008 -0.2715
vn 0.5650 0.7008 -0.4356
vn 0.4356 0.7008 -0.5650
vn 0.2715 0.7008 -0.6597
vn 0.0947 0.7008 -0.7071
vn -0.0947 0.7008 -0.7071
vn -0.2715 0.7008 -0.6597
vn -0.4356 0.7008 -0.5650
vn -0.5650 0.7008 -0.4356
vn -0.6597 0.7008 -0.2715
vn -0.7071 0.7008 -0.0947
vn -0.7071 0.7008 0.0947
vn -0.6597 0.7008 0.2715
vn -0.5650 0.7008 0.4356
vn -0.4356 0.7008 0.5650
vn -0.2715 0.7008 0.6597
vn -0.0947 0.7008 0.7071
vn 0.0947 0.7008 0.7071
vn 0.2715 0.7008 0.6597
vn 0.4356 0.7008 0.5650
vn 0.5650 0.7008 0.4356
vn 0.6597 0.7008 0.2715
vn 0.7071 0.7008 0.0947
vn 0.9612 0.2440 -0.1288
vn 0.8968 0.2440 -0.3691
vn 0.7680 0.2440 -0.5921
vn 0.5921 0.2440 -0.7680
vn 0.3691 0.2440 -0.8968
vn 0.1288 0.2440 -0.9612
vn -0.1288 0.2440 -0.9612
vn -0.3691 0.2440 -0.8968
vn -0.5921 0.2440 -0.7680
vn -0.7680 0.2440 -0.5921
vn -0.8968 0.2440 -0.3691
vn -0.9612 0.2440 -0.1288
vn -0.9612 0.2440 0.1288
vn -0.8968 0.2440 0.3691
vn -0.7680 0.2440 0.5921
vn -0.5921 0.2440 0.7680
vn -0.3691 0.2440 0.8968
vn -0.1288 0.2440 0.9612
vn 0.1288 0.2440 0.9612
vn 0.3691 0.2440 0.8968
vn 0.5921 0.2440 0.7680
vn 0.7680 0.2440 0.5921
vn 0.8968 0.2440 0.3691
vn 0.9612 0.2440 0.1288
vn 0.4225 0.9046 -0.0566
vn 0.3942 0.9046 -0.1622
vn 0.3376 0.9046 -0.2603
vn 0.2603 0.9046 -0.3376
vn 0.1622 0.9046 -0.3942
vn 0.0566 0.9046 -0.4225
vn -0.0566 0.9046 -0.4225
vn -0.1622 0.9046 -0.3942
vn -0.2603 0.9046 -0.3376
vn -0.3376 0.9046 -0.2603
vn -0.3942 0.9046 -0.1622
vn -0.4225 0.9046 -0.0566
vn -0.4225 0.9046 0.0566
vn -0.3942 0.9046 0.1622
vn -0.3376 0.9046 0.2603
vn -0.2603 0.9046 0.3376
vn -0.1622 0.9046 0.3942
vn -0.0566 0.9046 0.4225
vn 0.0566 0.9046 0.4225
vn 0.1622 0.9046 0.3942
vn 0.2603 0.9046 0.3376
vn 0.3376 0.9046 0.2603
vn 0.3942 0.9046 0.1622
vn 0.4225 0.9046 0.0566
vn 0.9674 0.2176 -0.1296
vn 0.9026 0.2176 -0.3715
vn 0.8831 -0.2966 -0.3635
vn 0.8831 -0.2966 -0.3634
vn 0.9465 -0.2966 -0.1268
vn 0.7730 0.2176 -0.5959
vn 0.5959 0.2176 -0.7730
vn 0.5831 -0.2966 -0.7563
vn 0.7563 -0.2966 -0.5831
vn 0.3715 0.2176 -0.9026
vn 0.1296 0.2176 -0.9674
vn 0.1268 -0.2966 -0.9465
vn 0.3635 -0.2966 -0.8831
vn -0.1296 0.2176 -0.9674
vn -0.3715 0.2176 -0.9026
vn -0.3635 -0.2966 -0.8831
vn -0.1268 -0.2966 -0.9465
vn -0.5959 0.2176 -0.7730
vn -0.7730 0.2176 -0.5959
vn -0.7563 -0.2966 -0.5831
vn -0.5831 -0.2966 -0.7563
vn -0.9026 0.2176 -0.3715
vn -0.9674 0.2176 -0.1296
vn -0.9465 -0.2966 -0.1268
vn -0.8831 -0.2966 -0.3634
vn -0.9674 0.2176 0.1296
vn -0.9026 0.2176 0.3715
vn -0.8831 -0.2966 0.3634
vn -0.8831 -0.2966 0.3635
vn -0.9465 -0.2966 0.1268
vn -0.7730 0.2176 0.5959
vn -0.5959 0.2176 0.7730
vn -0.5831 -0.2966 0.7563
vn -0.7563 -0.2966 0.5831
vn -0.3715 0.2176 0.9026
vn -0.1296 0.2176 0.9674
vn -0.1268 -0.2966 0.9465
vn -0.3635 -0.2966 0.8831
vn 0.1296 0.2176 0.9674
vn 0.3715 0.2176 0.9026
vn 0.3635 -0.2966 0.8831
vn 0.3634 -0.2966 0.8831
vn 0.1268 -0.2966 0.9465
vn 0.5959 0.2176 0.7730
vn 0.7730 0.2176 0.5959
vn 0.7563 -0.2966 0.5831
vn 0.5831 -0.2966 0.7563
vn 0.9026 0.2176 0.3715
vn 0.9674 0.2176 0.1296
vn 0.9465 -0.2966 0.1268
vn 0.8831 -0.2966 0.3634
vn 0.8831 -0.2966 0.3635
vn 0.5441 -0.8359 -0.0729
vn 0.5076 -0.8359 -0.2089
vn 0.4347 -0.8359 -0.3352
vn 0.3352 -0.8359 -0.4347
vn 0.2089 -0.8359 -0.5076
vn 0.0729 -0.8359 -0.5441
vn -0.0729 -0.8359 -0.5441
vn -0.2089 -0.8359 -0.5076
vn -0.3352 -0.8359 -0.4347
vn -0.4347 -0.8359 -0.3352
vn -0.5076 -0.8359 -0.2089
vn -0.5441 -0.8359 -0.0729
vn -0.5441 -0.8359 0.0729
vn -0.5076 -0.8359 0.2089
vn -0.4347 -0.8359 0.3352
vn -0.3352 -0.8359 0.4347
vn -0.2089 -0.8359 0.5076
vn -0.0729 -0.8359 0.5441
vn 0.0729 -0.8359 0.5441
vn 0.2089 -0.8359 0.5076
vn 0.3352 -0.8359 0.4347
vn 0.4347 -0.8359 0.3352
vn 0.5076 -0.8359 0.2089
vn 0.5441 -0.8359 0.0729
vn 0.9316 -0.3413 -0.1248
vn 0.8692 -0.3413 -0.3577
vn 0.8356 0.4284 -0.3439
vn 0.8956 0.4284 -0.1200
vn 0.7444 -0.3413 -0.5739
vn 0.5739 -0.3413 -0.7444
vn 0.5517 0.4284 -0.7156
vn 0.7156 0.4284 -0.5517
vn 0.3577 -0.3413 -0.8692
vn 0.1248 -0.3413 -0.9316
vn 0.1200 0.4284 -0.8956
vn 0.3439 0.4284 -0.8356
vn -0.1248 -0.3413 -0.9316
vn -0.3577 -0.3413 -0.8692
vn -0.3439 0.4284 -0.8356
vn -0.1200 0.4284 -0.8956
vn -0.5739 -0.3413 -0.7444
vn -0.7444 -0.3413 -0.5739
vn -0.7156 0.4284 -0.5517
vn -0.5517 0.4284 -0.7156
vn -0.8692 -0.3413 -0.3577
vn -0.9316 -0.3413 -0.1248
vn -0.8956 0.4284 -0.1200
vn -0.8356 0.4284 -0.3439
vn -0.9316 -0.3413 0.1248
vn -0.8692 -0.3413 0.3577
vn -0.8356 0.4284 0.3439
vn -0.8956 0.4284 0.1200
vn -0.7444 -0.3413 0.5739
vn -0.5739 -0.3413 0.7444
vn -0.5517 0.4284 0.7156
vn -0.7156 0.4284 0.5517
vn -0.3577 -0.3413 0.8692
vn -0.1248 -0.3413 0.9316
vn -0.1200 0.4284 0.8956
vn -0.3439 0.4284 0.8356
vn 0.1248 -0.3413 0.9316
vn 0.3577 -0.3413 0.8692
vn 0.3439 0.4284 0.8356
vn 0.1200 0.4284 0.8956
vn 0.5739 -0.3413 0.7444
vn 0.7444 -0.3413 0.5739
vn 0.7156 0.4284 0.5517
vn 0.5517 0.4284 0.7156
vn 0.8692 -0.3413 0.3577
vn 0.9316 -0.3413 0.1248
vn 0.8956 0.4284 0.1200
vn 0.8356 0.4284 0.3439
vn 0.6998 0.7081 -0.0938
vn 0.6529 0.7081 -0.2687
vn 0.5592 0.7081 -0.4311
vn 0.4311 0.7081 -0.5592
vn 0.2687 0.7081 -0.6529
vn 0.0938 0.7081 -0.6998
vn -0.0938 0.7081 -0.6998
vn -0.2687 0.7081 -0.6529
vn -0.4311 0.7081 -0.5592
vn -0.5592 0.7081 -0.4311
vn -0.6529 0.7081 -0.2687
vn -0.6998 0.7081 -0.0938
vn -0.6998 0.7081 0.0938
vn -0.6529 0.7081 0.2687
vn -0.5592 0.7081 0.4311
vn -0.4311 0.7081 0.5592
vn -0.2687 0.7081 0.6529
vn -0.0938 0.7081 0.6998
vn 0.0938 0.7081 0.6998
vn 0.2687 0.7081 0.6529
vn 0.4311 0.7081 0.5592
vn 0.5592 0.7081 0.4311
vn 0.6529 0.7081 0.2687
vn 0.6998 0.7081 0.0938
vn 0.9112 0.3934 -0.1221
vn 0.8502 0.3934 -0.3499
vn 0.7281 0.3934 -0.5613
vn 0.5613 0.3934 -0.7281
vn 0.3499 0.3934 -0.8502
vn 0.1221 0.3934 -0.9112
vn -0.1221 0.3934 -0.9112
vn -0.3499 0.3934 -0.8502
vn -0.5613 0.3934 -0.7281
vn -0.7281 0.3934 -0.5613
vn -0.8502 0.3934 -0.3499
vn -0.9112 0.3934 -0.1221
vn -0.9112 0.3934 0.1221
vn -0.8502 0.3934 0.3499
vn -0.7281 0.3934 0.5613
vn -0.5613 0.3934 0.7281
vn -0.3499 0.3934 0.8502
vn -0.1221 0.3934 0.9112
vn 0.1221 0.3934 0.9112
vn 0.3499 0.3934 0.8502
vn 0.5613 0.3934 0.7281
vn 0.7281 0.3934 0.5613
vn 0.8502 0.3934 0.3499
vn 0.9112 0.3934 0.1221
vn 0.7037 0.7042 -0.0943
vn 0.6566 0.7042 -0.2702
vn 0.5623 0.7042 -0.4335
vn 0.4335 0.7042 -0.5623
vn 0.2702 0.7042 -0.6566
vn 0.0943 0.7042 -0.7037
vn -0.0943 0.7042 -0.7037
vn -0.2702 0.7042 -0.6566
vn -0.4335 0.7042 -0.5623
vn -0.5623 0.7042 -0.4335
vn -0.6566 0.7042 -0.2702
vn -0.7037 0.7042 -0.0943
vn -0.7037 0.7042 0.0943
vn -0.6566 0.7042 0.2702
vn -0.5623 0.7042 0.4335
vn -0.4335 0.7042 0.5623
vn -0.2702 0.7042 0.6566
vn -0.0943 0.7042 0.7037
vn 0.0943 0.7042 0.7037
vn 0.2702 0.7042 0.6566
vn 0.4335 0.7042 0.5623
vn 0.5623 0.7042 0.4335
vn 0.6566 0.7042 0.2702
vn 0.7037 0.7042 0.0943
vn 0.9521 0.2779 -0.1276
vn 0.8883 0.2779 -0.3656
vn 0.9143 0.1496 -0.3763
vn 0.9800 0.1496 -0.1313
vn 0.7608 0.2779 -0.5865
vn 0.5865 0.2779 -0.7608
vn 0.6037 0.1496 -0.7830
vn 0.6037 0.1496 -0.7831
vn 0.7831 0.1496 -0.6037
vn 0.3656 0.2779 -0.8883
vn 0.1276 0.2779 -0.9521
vn 0.1313 0.1496 -0.9800
vn 0.3763 0.1496 -0.9143
vn -0.1276 0.2779 -0.9521
vn -0.3656 0.2779 -0.8883
vn -0.3763 0.1496 -0.9143
vn -0.1313 0.1496 -0.9800
vn -0.5865 0.2779 -0.7608
vn -0.7608 0.2779 -0.5865
vn -0.7831 0.1496 -0.6037
vn -0.6037 0.1496 -0.7830
vn -0.6037 0.1496 -0.7831
vn -0.8883 0.2779 -0.3656
vn -0.9521 0.2779 -0.1276
vn -0.9800 0.1496 -0.1313
vn -0.9143 0.1496 -0.3763
vn -0.9521 0.2779 0.1276
vn -0.8883 0.2779 0.3656
vn -0.9143 0.1496 0.3763
vn -0.9800 0.1496 0.1313
vn -0.7608 0.2779 0.5865
vn -0.5865 0.2779 0.7608
vn -0.6037 0.1496 0.7830
vn -0.6037 0.1496 0.7831
vn -0.7831 0.1496 0.6037
vn -0.7830 0.1496 0.6037
vn -0.3656 0.2779 0.8883
vn -0.1276 0.2779 0.9521
vn -0.1313 0.1496 0.9800
vn -0.3763 0.1496 0.9143
vn 0.1276 0.2779 0.9521
vn 0.3656 0.2779 0.8883
vn 0.3763 0.1496 0.9143
vn 0.1313 0.1496 0.9800
vn 0.5865 0.2779 0.7608
vn 0.7608 0.2779 0.5865
vn 0.7831 0.1496 0.6037
vn 0.7830 0.1496 0.6037
vn 0.6037 0.1496 0.7830
vn 0.6037 0.1496 0.7831
vn 0.8883 0.2779 0.3656
vn 0.9521 0.2779 0.1276
vn 0.9800 0.1496 0.1313
vn 0.9143 0.1496 0.3763
vn 0.8418 0.5278 -0.1128
vn 0.7854 0.5278 -0.3232
vn 0.6727 0.5278 -0.5186
vn 0.5186 0.5278 -0.6727
vn 0.3232 0.5278 -0.7854
vn 0.1128 0.5278 -0.8418
vn -0.1128 0.5278 -0.8418
vn -0.3232 0.5278 -0.7854
vn -0.5186 0.5278 -0.6727
vn -0.6727 0.5278 -0.5186
vn -0.7854 0.5278 -0.3232
vn -0.8418 0.5278 -0.1128
vn -0.8418 0.5278 0.1128
vn -0.7854 0.5278 0.3232
vn -0.6727 0.5278 0.5186
vn -0.5186 0.5278 0.6727
vn -0.3232 0.5278 0.7854
vn -0.1128 0.5278 0.8418
vn 0.1128 0.5278 0.8418
vn 0.3232 0.5278 0.7854
vn 0.5186 0.5278 0.6727
vn 0.6727 0.5278 0.5186
vn 0.7854 0.5278 0.3232
vn 0.8418 0.5278 0.1128
vn -0.7176 -0.6897 0.0963
vn -0.7175 -0.6898 0.0962
vn -0.6695 -0.6898 0.2754
vn -0.6696 -0.6897 0.2755
vn -0.5734 -0.6897 0.4421
vn -0.5733 -0.6898 0.4421
vn -0.4421 -0.6898 0.5733
vn -0.4421 -0.6897 0.5734
vn -0.2755 -0.6897 0.6696
vn -0.2754 -0.6898 0.6695
vn -0.0962 -0.6898 0.7175
vn -0.0963 -0.6897 0.7176
vn 0.0963 -0.6897 0.7176
vn 0.0962 -0.6898 0.7175
vn 0.2755 -0.6897 0.6696
vn 0.2754 -0.6898 0.6695
vn 0.4421 -0.6898 0.5733
vn 0.4421 -0.6897 0.5734
vn 0.5733 -0.6898 0.4421
vn 0.5734 -0.6897 0.4421
vn 0.6696 -0.6897 0.2755
vn 0.6695 -0.6898 0.2754
vn 0.7175 -0.6898 0.0962
vn 0.7176 -0.6897 0.0963
vn 0.7176 -0.6897 -0.0963
vn 0.7175 -0.6898 -0.0962
vn 0.6695 -0.6898 -0.2754
vn 0.6696 -0.6897 -0.2755
vn 0.5734 -0.6897 -0.4421
vn 0.5733 -0.6898 -0.4421
vn 0.4421 -0.6897 -0.5734
vn 0.4421 -0.6898 -0.5733
vn 0.2754 -0.6898 -0.6695
vn 0.2755 -0.6897 -0.6696
vn 0.0962 -0.6898 -0.7175
vn 0.0963 -0.6897 -0.7176
vn -0.0963 -0.6897 -0.7176
vn -0.0962 -0.6898 -0.7175
vn -0.2754 -0.6898 -0.6695
vn -0.2755 -0.6897 -0.6696
vn -0.4421 -0.6897 -0.5734
vn -0.4421 -0.6898 -0.5733
vn -0.5733 -0.6898 -0.4421
vn -0.5734 -0.6897 -0.4421
vn -0.6696 -0.6897 -0.2755
vn -0.6695 -0.6898 -0.2754
vn -0.7175 -0.6898 -0.0962
vn -0.7176 -0.6897 -0.0963
vn -0.2514 -0.9673 0.0337
vn -0.2515 -0.9673 0.0336
vn -0.2346 -0.9673 0.0965
vn -0.2346 -0.9673 0.0966
vn -0.2010 -0.9673 0.1549
vn -0.2009 -0.9673 0.1549
vn -0.1549 -0.9673 0.2009
vn -0.1549 -0.9673 0.2010
vn -0.0966 -0.9673 0.2346
vn -0.0965 -0.9673 0.2346
vn -0.0336 -0.9673 0.2515
vn -0.0337 -0.9673 0.2514
vn 0.0337 -0.9673 0.2514
vn 0.0336 -0.9673 0.2515
vn 0.0966 -0.9673 0.2346
vn 0.0965 -0.9673 0.2346
vn 0.1549 -0.9673 0.2009
vn 0.1549 -0.9673 0.2010
vn 0.2009 -0.9673 0.1549
vn 0.2010 -0.9673 0.1549
vn 0.2346 -0.9673 0.0966
vn 0.2346 -0.9673 0.0965
vn 0.2514 -0.9673 0.0337
vn 0.2515 -0.9673 0.0336
vn 0.2515 -0.9673 -0.0336
vn 0.2514 -0.9673 -0.0337
vn 0.2346 -0.9673 -0.0966
vn 0.2346 -0.9673 -0.0965
vn 0.2009 -0.9673 -0.1549
vn 0.2010 -0.9673 -0.1549
vn 0.1549 -0.9673 -0.2010
vn 0.1549 -0.9673 -0.2009
vn 0.0965 -0.9673 -0.2346
vn 0.0966 -0.9673 -0.2346
vn 0.0337 -0.9673 -0.2514
vn 0.0336 -0.9673 -0.2515
vn -0.0336 -0.9673 -0.2515
vn -0.0337 -0.9673 -0.2514
vn -0.0965 -0.9673 -0.2346
vn -0.0966 -0.9673 -0.2346
vn -0.1549 -0.9673 -0.2010
vn -0.1549 -0.9673 -0.2009
vn -0.2010 -0.9673 -0.1549
vn -0.2009 -0.9673 -0.1549
vn -0.2346 -0.9673 -0.0965
vn -0.2346 -0.9673 -0.0966
vn -0.2515 -0.9673 -0.0336
vn -0.2514 -0.9673 -0.0337
vn -0.6460 -0.7584 0.0868
vn -0.6461 -0.7583 0.0866
vn -0.6028 -0.7584 0.2478
vn -0.6028 -0.7583 0.2481
vn -0.5162 -0.7583 0.3980
vn -0.5160 -0.7584 0.3981
vn -0.3981 -0.7584 0.5160
vn -0.3980 -0.7583 0.5162
vn -0.2481 -0.7583 0.6028
vn -0.2478 -0.7584 0.6028
vn -0.0868 -0.7584 0.6460
vn -0.0866 -0.7583 0.6461
vn 0.0868 -0.7584 0.6460
vn 0.0866 -0.7583 0.6461
vn 0.2481 -0.7583 0.6028
vn 0.2478 -0.7584 0.6028
vn 0.3981 -0.7584 0.5160
vn 0.3980 -0.7583 0.5162
vn 0.5160 -0.7584 0.3981
vn 0.5162 -0.7583 0.3980
vn 0.6028 -0.7583 0.2481
vn 0.6028 -0.7584 0.2478
vn 0.6460 -0.7584 0.0868
vn 0.6461 -0.7583 0.0866
vn 0.6461 -0.7583 -0.0866
vn 0.6460 -0.7584 -0.0868
vn 0.6028 -0.7584 -0.2478
vn 0.6028 -0.7583 -0.2481
vn 0.5160 -0.7584 -0.3981
vn 0.5162 -0.7583 -0.3980
vn 0.3980 -0.7583 -0.5162
vn 0.3981 -0.7584 -0.5160
vn 0.2478 -0.7584 -0.6028
vn 0.2481 -0.7583 -0.6028
vn 0.0868 -0.7584 -0.6460
vn 0.0866 -0.7583 -0.6461
vn -0.0866 -0.7583 -0.6461
vn -0.0868 -0.7584 -0.6460
vn -0.2478 -0.7584 -0.6028
vn -0.2481 -0.7583 -0.6028
vn -0.3980 -0.7583 -0.5162
vn -0.3981 -0.7584 -0.5160
vn -0.5160 -0.7584 -0.3981
vn -0.5162 -0.7583 -0.3980
vn -0.6028 -0.7584 -0.2478
vn -0.6028 -0.7583 -0.2481
vn -0.6461 -0.7583 -0.0866
vn -0.6460 -0.7584 -0.0868
vn -0.0000 -1.0000 -0.0000
vn -0.0043 -1.0000 -0.0000
vn -0.0037 -1.0000 -0.0021
vn -0.0021 -1.0000 -0.0037
vn -0.0000 -1.0000 -0.0043
vn 0.0021 -1.0000 -0.0037
vn 0.0037 -1.0000 -0.0021
vn 0.0043 -1.0000 -0.0000
vn 0.0037 -1.0000 0.0022
vn 0.0021 -1.0000 0.0037
vn -0.0000 -1.0000 0.0043
vn -0.0021 -1.0000 0.0037
vn -0.0037 -1.0000 0.0021
vn -0.0000 1.0000 -0.0000
vn -0.0000 1.0000 0.0001
vn -0.0000 1.0000 -0.0001
vn 0.7316 -0.6747 -0.0980
vn 0.7313 -0.6749 -0.0980
vn 0.6824 -0.6749 -0.2808
vn 0.6826 -0.6747 -0.2809
vn 0.5845 -0.6747 -0.4507
vn 0.5844 -0.6749 -0.4505
vn 0.4505 -0.6749 -0.5844
vn 0.4507 -0.6747 -0.5845
vn 0.2809 -0.6747 -0.6826
vn 0.2808 -0.6749 -0.6824
vn 0.0980 -0.6749 -0.7313
vn 0.0980 -0.6747 -0.7316
vn -0.0980 -0.6747 -0.7316
vn -0.0980 -0.6749 -0.7313
vn -0.2808 -0.6749 -0.6824
vn -0.2809 -0.6747 -0.6826
vn -0.4507 -0.6747 -0.5845
vn -0.4505 -0.6749 -0.5844
vn -0.5844 -0.6749 -0.4505
vn -0.5845 -0.6747 -0.4507
vn -0.6826 -0.6747 -0.2809
vn -0.6824 -0.6749 -0.2808
vn -0.7313 -0.6749 -0.0980
vn -0.7316 -0.6747 -0.0980
vn -0.7316 -0.6747 0.0980
vn -0.7313 -0.6749 0.0980
vn -0.6823 -0.6749 0.2808
vn -0.6826 -0.6747 0.2809
vn -0.5845 -0.6747 0.4507
vn -0.5844 -0.6749 0.4505
vn -0.4505 -0.6749 0.5844
vn -0.4507 -0.6747 0.5845
vn -0.2809 -0.6747 0.6826
vn -0.2808 -0.6749 0.6824
vn -0.0980 -0.6749 0.7313
vn -0.0980 -0.6747 0.7316
vn 0.0980 -0.6747 0.7316
vn 0.0980 -0.6749 0.7313
vn 0.2808 -0.6749 0.6824
vn 0.2809 -0.6747 0.6826
vn 0.4505 -0.6749 0.5844
vn 0.4507 -0.6747 0.5845
vn 0.5845 -0.6747 0.4507
vn 0.5844 -0.6749 0.4505
vn 0.6826 -0.6747 0.2809
vn 0.6824 -0.6749 0.2808
vn 0.7313 -0.6749 0.0980
vn 0.7316 -0.6747 0.0980
vn -0.6198 -0.7803 0.0831
vn -0.6197 -0.7805 0.0831
vn -0.5782 -0.7805 0.2379
vn -0.5783 -0.7803 0.2379
vn -0.4951 -0.7805 0.3818
vn -0.4952 -0.7803 0.3819
vn -0.3819 -0.7803 0.4952
vn -0.3818 -0.7805 0.4951
vn -0.2379 -0.7805 0.5782
vn -0.2379 -0.7803 0.5783
vn -0.0831 -0.7803 0.6198
vn -0.0831 -0.7805 0.6196
vn 0.0831 -0.7805 0.6196
vn 0.0831 -0.7803 0.6198
vn 0.2379 -0.7803 0.5783
vn 0.2379 -0.7805 0.5782
vn 0.3819 -0.7803 0.4952
vn 0.3818 -0.7805 0.4951
vn 0.4952 -0.7803 0.3819
vn 0.4951 -0.7805 0.3818
vn 0.5782 -0.7805 0.2379
vn 0.5783 -0.7803 0.2379
vn 0.6198 -0.7803 0.0831
vn 0.6196 -0.7805 0.0831
vn 0.6196 -0.7805 -0.0831
vn 0.6198 -0.7803 -0.0831
vn 0.5783 -0.7803 -0.2379
vn 0.5782 -0.7805 -0.2379
vn 0.4951 -0.7805 -0.3818
vn 0.4952 -0.7803 -0.3819
vn 0.3819 -0.7803 -0.4952
vn 0.3818 -0.7805 -0.4951
vn 0.2379 -0.7803 -0.5783
vn 0.2379 -0.7805 -0.5782
vn 0.0831 -0.7803 -0.6198
vn 0.0831 -0.7805 -0.6196
vn -0.0831 -0.7805 -0.6196
vn -0.0831 -0.7803 -0.6198
vn -0.2379 -0.7803 -0.5783
vn -0.2379 -0.7805 -0.5782
vn -0.3818 -0.7805 -0.4951
vn -0.3819 -0.7803 -0.4952
vn -0.4952 -0.7803 -0.3819
vn -0.4951 -0.7805 -0.3818
vn -0.5782 -0.7805 -0.2379
vn -0.5783 -0.7803 -0.2379
vn -0.6198 -0.7803 -0.0831
vn -0.6196 -0.7805 -0.0831
vn -0.8579 -0.3735 0.3529
vn -0.9194 -0.3735 0.1233
vn -0.5665 -0.3735 0.7346
vn -0.7346 -0.3735 0.5665
vn -0.1233 -0.3735 0.9194
vn -0.3529 -0.3735 0.8579
vn 0.3529 -0.3735 0.8579
vn 0.1233 -0.3735 0.9194
vn 0.7346 -0.3735 0.5665
vn 0.5665 -0.3735 0.7346
vn 0.9194 -0.3735 0.1233
vn 0.8579 -0.3735 0.3529
vn 0.8579 -0.3735 -0.3529
vn 0.9194 -0.3735 -0.1233
vn 0.5665 -0.3735 -0.7346
vn 0.7346 -0.3735 -0.5665
vn 0.1233 -0.3735 -0.9194
vn 0.3529 -0.3735 -0.8579
vn -0.3529 -0.3735 -0.8579
vn -0.1233 -0.3735 -0.9194
vn -0.7346 -0.3735 -0.5665
vn -0.5665 -0.3735 -0.7346
vn -0.9194 -0.3735 -0.1233
vn -0.8579 -0.3735 -0.3529
vn -0.7119 -0.6382 0.2929
vn -0.5336 -0.8167 0.2195
vn -0.7630 -0.6382 0.1023
vn -0.5719 -0.8167 0.0767
vn -0.4701 -0.6382 0.6096
vn -0.3524 -0.8167 0.4569
vn -0.6096 -0.6382 0.4701
vn -0.4569 -0.8167 0.3524
vn -0.1023 -0.6382 0.7630
vn -0.0767 -0.8167 0.5719
vn -0.2929 -0.6382 0.7119
vn -0.2195 -0.8167 0.5336
vn 0.2929 -0.6382 0.7119
vn 0.2195 -0.8167 0.5336
vn 0.1023 -0.6382 0.7630
vn 0.0767 -0.8167 0.5719
vn 0.6096 -0.6382 0.4701
vn 0.4569 -0.8167 0.3524
vn 0.4701 -0.6382 0.6096
vn 0.3524 -0.8167 0.4569
vn 0.7630 -0.6382 0.1023
vn 0.5719 -0.8167 0.0767
vn 0.7119 -0.6382 0.2929
vn 0.5336 -0.8167 0.2195
vn 0.7119 -0.6382 -0.2929
vn 0.5336 -0.8167 -0.2195
vn 0.7630 -0.6382 -0.1023
vn 0.5719 -0.8167 -0.0767
vn 0.4701 -0.6382 -0.6096
vn 0.3524 -0.8167 -0.4569
vn 0.6096 -0.6382 -0.4701
vn 0.4569 -0.8167 -0.3524
vn 0.1023 -0.6382 -0.7630
vn 0.0767 -0.8167 -0.5719
vn 0.2929 -0.6382 -0.7119
vn 0.2195 -0.8167 -0.5336
vn -0.2929 -0.6382 -0.7119
vn -0.2195 -0.8167 -0.5336
vn -0.1023 -0.6382 -0.7630
vn -0.0767 -0.8167 -0.5719
vn -0.6096 -0.6382 -0.4701
vn -0.4569 -0.8167 -0.3524
vn -0.4701 -0.6382 -0.6096
vn -0.3524 -0.8167 -0.4569
vn -0.7630 -0.6382 -0.1023
vn -0.5719 -0.8167 -0.0767
vn -0.7119 -0.6382 -0.2929
vn -0.5336 -0.8167 -0.2195
vt 0.539372 0.460216
vt 0.568607 0.485962
vt 0.492799 0.500954
vt 0.515375 0.533626
vt 0.437853 0.530120
vt 0.451697 0.567025
vt 0.376580 0.544102
vt 0.381008 0.584548
vt 0.306637 0.583691
vt 0.312666 0.543173
vt 0.232630 0.563650
vt 0.250124 0.524392
vt 0.164487 0.521756
vt 0.193368 0.488949
vt 0.151016 0.437140
vt 0.114288 0.459471
vt 0.124459 0.377473
vt 0.085025 0.388588
vt 0.115442 0.314180
vt 0.074752 0.314910
vt 0.083186 0.242555
vt 0.121556 0.251618
vt 0.108265 0.175145
vt 0.143539 0.193410
vt 0.148822 0.116295
vt 0.178067 0.142046
vt 0.224649 0.101295
vt 0.202066 0.068615
vt 0.279609 0.072122
vt 0.265763 0.035206
vt 0.340898 0.058140
vt 0.336473 0.017682
vt 0.410866 0.018548
vt 0.404829 0.059075
vt 0.484891 0.038609
vt 0.467383 0.077872
vt 0.553038 0.080534
vt 0.524141 0.113337
vt 0.566479 0.165164
vt 0.603216 0.142846
vt 0.593015 0.224838
vt 0.632450 0.213736
vt 0.602013 0.288126
vt 0.642696 0.287407
vt 0.634245 0.359744
vt 0.595885 0.350675
vt 0.609161 0.427133
vt 0.573898 0.408867
vt 0.428756 0.505450
vt 0.478017 0.479437
vt 0.519837 0.443011
vt 0.373910 0.517592
vt 0.316978 0.516374
vt 0.261756 0.499132
vt 0.212136 0.467631
vt 0.150499 0.369801
vt 0.174600 0.422400
vt 0.142081 0.313473
vt 0.147184 0.257521
vt 0.166759 0.205354
vt 0.197609 0.159253
vt 0.288708 0.096798
vt 0.239436 0.122817
vt 0.343567 0.084656
vt 0.400512 0.085880
vt 0.455743 0.103135
vt 0.505364 0.134652
vt 0.566975 0.232502
vt 0.542889 0.179898
vt 0.575377 0.288827
vt 0.570263 0.344769
vt 0.550685 0.396923
vt 0.493846 0.420122
vt 0.458754 0.451254
vt 0.416840 0.472641
vt 0.406689 0.444315
vt 0.442060 0.426723
vt 0.471384 0.400341
vt 0.370686 0.483059
vt 0.322984 0.481138
vt 0.328341 0.451046
vt 0.368077 0.453179
vt 0.276975 0.466815
vt 0.236381 0.440092
vt 0.256882 0.416808
vt 0.290153 0.439241
vt 0.204732 0.403209
vt 0.184695 0.359380
vt 0.213870 0.350255
vt 0.230416 0.386644
vt 0.176750 0.312299
vt 0.181243 0.265191
vt 0.210630 0.271677
vt 0.206723 0.311105
vt 0.197158 0.220901
vt 0.223607 0.182145
vt 0.246073 0.201928
vt 0.223609 0.234360
vt 0.258704 0.151006
vt 0.300626 0.129614
vt 0.310778 0.157946
vt 0.275402 0.175541
vt 0.346789 0.119196
vt 0.394500 0.121122
vt 0.389139 0.151219
vt 0.349398 0.149082
vt 0.440515 0.135455
vt 0.481109 0.162188
vt 0.460602 0.185471
vt 0.427331 0.163030
vt 0.512752 0.199081
vt 0.532778 0.242914
vt 0.503602 0.252032
vt 0.487064 0.215640
vt 0.540713 0.289993
vt 0.536211 0.337095
vt 0.506829 0.330605
vt 0.510742 0.291181
vt 0.520292 0.381376
vt 0.493848 0.367916
vt 0.431215 0.410758
vt 0.457084 0.387747
vt 0.400278 0.426302
vt 0.366437 0.433818
vt 0.331796 0.432036
vt 0.298678 0.421512
vt 0.269776 0.402163
vt 0.246924 0.375943
vt 0.232291 0.344421
vt 0.226139 0.310281
vt 0.229313 0.275758
vt 0.240819 0.243098
vt 0.260376 0.214523
vt 0.286248 0.191508
vt 0.317190 0.175962
vt 0.351036 0.168446
vt 0.385682 0.170231
vt 0.418803 0.180760
vt 0.447704 0.200114
vt 0.470553 0.226339
vt 0.485180 0.257863
vt 0.491328 0.292002
vt 0.488150 0.326522
vt 0.476641 0.359177
vt 0.402904 0.340033
vt 0.390958 0.351261
vt 0.376309 0.358360
vt 0.360747 0.362436
vt 0.344936 0.361435
vt 0.329886 0.357213
vt 0.317200 0.348305
vt 0.306757 0.336848
vt 0.300665 0.322452
vt 0.297672 0.306895
vt 0.299747 0.290941
vt 0.304936 0.275511
vt 0.314565 0.262241
vt 0.326511 0.251011
vt 0.341161 0.243912
vt 0.356724 0.239836
vt 0.372536 0.240838
vt 0.387587 0.245060
vt 0.400273 0.253970
vt 0.410715 0.265428
vt 0.416806 0.279824
vt 0.419798 0.295382
vt 0.417722 0.311335
vt 0.412532 0.326764
vt 0.393059 0.331363
vt 0.383433 0.340400
vt 0.371778 0.346276
vt 0.678156 0.128666
vt 0.661937 0.113433
vt 0.678084 0.113458
vt 0.662001 0.128652
vt 0.678201 0.143875
vt 0.662043 0.143869
vt 0.359426 0.349666
vt 0.346957 0.349146
vt 0.677984 0.098217
vt 0.661851 0.098202
vt 0.677791 0.082895
vt 0.661671 0.082864
vt 0.335175 0.345957
vt 0.325272 0.339137
vt 0.661521 0.067257
vt 0.677704 0.051745
vt 0.677640 0.067437
vt 0.661611 0.051269
vt 0.317254 0.330177
vt 0.312601 0.318893
vt 0.678273 0.035719
vt 0.663443 0.018199
vt 0.679566 0.019251
vt 0.662192 0.034864
vt 0.310507 0.306589
vt 0.312308 0.293907
vt 0.681011 0.376461
vt 0.664215 0.376699
vt 0.679402 0.359299
vt 0.663235 0.360080
vt 0.664704 0.001547
vt 0.681423 0.002099
vt 0.316662 0.281602
vt 0.324411 0.270911
vt 0.662065 0.343421
vt 0.677811 0.326900
vt 0.678181 0.342888
vt 0.661782 0.327090
vt 0.334036 0.261873
vt 0.345692 0.255997
vt 0.677865 0.311237
vt 0.661825 0.295945
vt 0.677947 0.295872
vt 0.661771 0.311348
vt 0.358045 0.252607
vt 0.370515 0.253127
vt 0.678040 0.280667
vt 0.661891 0.280693
vt 0.678129 0.265518
vt 0.661983 0.265511
vt 0.382297 0.256317
vt 0.392200 0.263137
vt 0.678194 0.250365
vt 0.662037 0.250353
vt 0.678226 0.235192
vt 0.662075 0.235184
vt 0.400217 0.272099
vt 0.404870 0.283382
vt 0.678244 0.219995
vt 0.662095 0.204780
vt 0.678248 0.204779
vt 0.662084 0.219992
vt 0.406963 0.295686
vt 0.405162 0.308368
vt 0.678247 0.189550
vt 0.662087 0.189555
vt 0.678240 0.174321
vt 0.662082 0.174322
vt 0.400807 0.320672
vt 0.662068 0.159092
vt 0.678226 0.159094
vt 0.689671 0.128711
vt 0.689721 0.143895
vt 0.689581 0.113547
vt 0.689420 0.098349
vt 0.689222 0.083104
vt 0.689066 0.067811
vt 0.689107 0.052369
vt 0.689692 0.036677
vt 0.691175 0.020681
vt 0.693845 0.004624
vt 0.693614 0.374062
vt 0.691067 0.357989
vt 0.689647 0.342018
vt 0.689133 0.326373
vt 0.689195 0.310947
vt 0.689339 0.295654
vt 0.689543 0.280522
vt 0.689628 0.265459
vt 0.689703 0.250340
vt 0.689735 0.235180
vt 0.689763 0.219989
vt 0.689763 0.204776
vt 0.689769 0.189551
vt 0.689762 0.174324
vt 0.689748 0.159102
vt 0.712654 0.128775
vt 0.712706 0.143923
vt 0.712547 0.113685
vt 0.712371 0.098719
vt 0.712150 0.083886
vt 0.711956 0.069143
vt 0.711905 0.054452
vt 0.712399 0.039737
vt 0.713947 0.024930
vt 0.717449 0.010090
vt 0.717358 0.368627
vt 0.713888 0.353787
vt 0.712377 0.339000
vt 0.711909 0.324325
vt 0.712024 0.309701
vt 0.712237 0.295056
vt 0.712498 0.280246
vt 0.712595 0.265277
vt 0.712684 0.250237
vt 0.712712 0.235127
vt 0.712748 0.219963
vt 0.712742 0.204765
vt 0.712757 0.189550
vt 0.712741 0.174327
vt 0.712735 0.159111
vt 0.726720 0.128830
vt 0.726769 0.143950
vt 0.726620 0.113816
vt 0.726478 0.098964
vt 0.726246 0.084326
vt 0.726024 0.069949
vt 0.725901 0.055864
vt 0.726278 0.042087
vt 0.727718 0.028700
vt 0.731137 0.016176
vt 0.727688 0.350004
vt 0.731108 0.362516
vt 0.726261 0.336646
vt 0.725884 0.322914
vt 0.726081 0.308879
vt 0.726344 0.294570
vt 0.726549 0.279984
vt 0.726662 0.265160
vt 0.726753 0.250185
vt 0.726776 0.235103
vt 0.726812 0.219951
vt 0.726804 0.204760
vt 0.726819 0.189546
vt 0.726804 0.174331
vt 0.726797 0.159128
vt 0.739527 0.128875
vt 0.739564 0.143970
vt 0.739437 0.113899
vt 0.739314 0.099109
vt 0.739093 0.084615
vt 0.738869 0.070542
vt 0.738696 0.057022
vt 0.738944 0.044161
vt 0.740175 0.032005
vt 0.743418 0.020604
vt 0.743415 0.358063
vt 0.740158 0.346682
vt 0.738926 0.334567
vt 0.738680 0.321777
vt 0.738920 0.308335
vt 0.739182 0.294304
vt 0.739371 0.279841
vt 0.739475 0.265097
vt 0.739565 0.250161
vt 0.739563 0.235092
vt 0.739612 0.219943
vt 0.739600 0.204758
vt 0.739615 0.189549
vt 0.739599 0.174334
vt 0.739597 0.159134
vt 0.749568 0.143959
vt 0.749540 0.128858
vt 0.749448 0.113874
vt 0.749335 0.099085
vt 0.749124 0.084620
vt 0.748913 0.070657
vt 0.748741 0.057438
vt 0.748941 0.045246
vt 0.749948 0.034337
vt 0.752667 0.024910
vt 0.749932 0.344335
vt 0.752665 0.353737
vt 0.748921 0.333485
vt 0.748735 0.321379
vt 0.748965 0.308229
vt 0.749199 0.294296
vt 0.749391 0.279859
vt 0.749488 0.265112
vt 0.749577 0.250153
vt 0.749563 0.235089
vt 0.749618 0.219955
vt 0.749605 0.204759
vt 0.749621 0.189548
vt 0.749602 0.174331
vt 0.749606 0.159128
vt 0.884935 0.216461
vt 0.891340 0.216455
vt 0.884883 0.230443
vt 0.891292 0.230432
vt 0.884806 0.244226
vt 0.891221 0.244207
vt 0.877060 0.230479
vt 0.876961 0.244289
vt 0.877112 0.216479
vt 0.884697 0.257709
vt 0.891128 0.257697
vt 0.890918 0.270732
vt 0.884471 0.270750
vt 0.876543 0.270962
vt 0.876819 0.257818
vt 0.890704 0.283085
vt 0.884241 0.283185
vt 0.890602 0.294542
vt 0.884123 0.294823
vt 0.876084 0.295603
vt 0.876262 0.283605
vt 0.884384 0.305489
vt 0.890837 0.304906
vt 0.885364 0.315023
vt 0.891722 0.314174
vt 0.876395 0.306786
vt 0.877657 0.316902
vt 0.887090 0.323396
vt 0.893091 0.322715
vt 0.887092 0.023949
vt 0.891747 0.033163
vt 0.885390 0.032345
vt 0.893095 0.024609
vt 0.877682 0.030493
vt 0.880574 0.021855
vt 0.880574 0.325516
vt 0.890912 0.042478
vt 0.884454 0.041929
vt 0.890717 0.052927
vt 0.884221 0.052647
vt 0.876189 0.051913
vt 0.876461 0.040652
vt 0.884372 0.064362
vt 0.890832 0.064503
vt 0.884519 0.076886
vt 0.890960 0.076961
vt 0.876389 0.063984
vt 0.876587 0.076673
vt 0.884646 0.089997
vt 0.891067 0.090018
vt 0.891217 0.103518
vt 0.884798 0.103528
vt 0.876943 0.103477
vt 0.876774 0.089883
vt 0.891312 0.117343
vt 0.884903 0.117354
vt 0.891368 0.131368
vt 0.884960 0.131375
vt 0.877137 0.131367
vt 0.877080 0.117335
vt 0.884989 0.145514
vt 0.891392 0.145511
vt 0.884996 0.159716
vt 0.891402 0.159715
vt 0.877180 0.145511
vt 0.877177 0.159715
vt 0.884996 0.173942
vt 0.891398 0.173943
vt 0.891389 0.188164
vt 0.884986 0.188165
vt 0.877169 0.188168
vt 0.877187 0.173943
vt 0.891371 0.202348
vt 0.884967 0.202351
vt 0.877156 0.202359
vt 0.846316 0.216558
vt 0.846268 0.230665
vt 0.846165 0.244693
vt 0.846059 0.258652
vt 0.845710 0.272571
vt 0.845448 0.286535
vt 0.845358 0.300680
vt 0.846191 0.315077
vt 0.848979 0.329581
vt 0.855415 0.343349
vt 0.855383 0.004061
vt 0.848983 0.017853
vt 0.846228 0.032387
vt 0.845537 0.046829
vt 0.845606 0.061024
vt 0.845751 0.075057
vt 0.845917 0.089044
vt 0.846141 0.103061
vt 0.846306 0.117140
vt 0.846346 0.131278
vt 0.846404 0.145467
vt 0.846379 0.159692
vt 0.846404 0.173934
vt 0.846378 0.188173
vt 0.846369 0.202388
vt 0.842535 0.216568
vt 0.842479 0.230685
vt 0.842404 0.244727
vt 0.759336 0.098092
vt 0.759450 0.110216
vt 0.754076 0.110192
vt 0.753996 0.098055
vt 0.759511 0.122298
vt 0.754140 0.122285
vt 0.842347 0.258681
vt 0.841967 0.272618
vt 0.759215 0.085853
vt 0.753451 0.073411
vt 0.758779 0.073407
vt 0.753949 0.085854
vt 0.841700 0.286669
vt 0.841557 0.300992
vt 0.758470 0.060602
vt 0.752987 0.046832
vt 0.758427 0.047251
vt 0.753120 0.060480
vt 0.842321 0.315781
vt 0.845199 0.330931
vt 0.762718 0.018871
vt 0.759556 0.033281
vt 0.754084 0.032284
vt 0.757384 0.017075
vt 0.851730 0.345334
vt 0.845196 0.016509
vt 0.851688 0.002081
vt 0.769110 0.311555
vt 0.757518 0.299201
vt 0.762844 0.297378
vt 0.763977 0.314164
vt 0.768906 0.004641
vt 0.763748 0.002057
vt 0.842338 0.031695
vt 0.841785 0.046519
vt 0.759617 0.283036
vt 0.753121 0.269565
vt 0.758535 0.269145
vt 0.754135 0.284041
vt 0.841894 0.060856
vt 0.842013 0.074952
vt 0.758752 0.243167
vt 0.758577 0.255886
vt 0.753286 0.256064
vt 0.753434 0.243281
vt 0.842107 0.089004
vt 0.842381 0.103062
vt 0.758949 0.230828
vt 0.753946 0.218643
vt 0.759281 0.218691
vt 0.753534 0.230843
vt 0.842536 0.117140
vt 0.842567 0.131276
vt 0.759493 0.206628
vt 0.754145 0.194596
vt 0.759520 0.194601
vt 0.754156 0.206612
vt 0.842619 0.145464
vt 0.842589 0.159690
vt 0.759571 0.170533
vt 0.759606 0.182573
vt 0.754244 0.182572
vt 0.754184 0.170536
vt 0.842610 0.173936
vt 0.842595 0.188175
vt 0.759606 0.158484
vt 0.754208 0.146423
vt 0.759583 0.146426
vt 0.754224 0.158478
vt 0.842572 0.202392
vt 0.759567 0.134365
vt 0.754182 0.134358
vt 0.779347 0.122358
vt 0.779275 0.110347
vt 0.779137 0.098359
vt 0.778929 0.086372
vt 0.778586 0.074370
vt 0.778304 0.062336
vt 0.778309 0.050245
vt 0.779240 0.038147
vt 0.781777 0.026257
vt 0.786614 0.015183
vt 0.781874 0.289919
vt 0.786758 0.300947
vt 0.779300 0.278110
vt 0.778365 0.266097
vt 0.778325 0.254087
vt 0.778555 0.242146
vt 0.778857 0.230279
vt 0.779089 0.218412
vt 0.779280 0.206492
vt 0.779355 0.194534
vt 0.779420 0.182541
vt 0.779419 0.170519
vt 0.779440 0.158479
vt 0.779422 0.146433
vt 0.779404 0.134389
vt 0.790004 0.110442
vt 0.790081 0.122409
vt 0.789856 0.098529
vt 0.789646 0.086694
vt 0.789345 0.074974
vt 0.789119 0.063404
vt 0.789160 0.052039
vt 0.789987 0.040983
vt 0.792205 0.030415
vt 0.796730 0.020754
vt 0.796847 0.295344
vt 0.792284 0.285730
vt 0.790034 0.275243
vt 0.789185 0.264284
vt 0.789118 0.253031
vt 0.789333 0.241585
vt 0.789627 0.229978
vt 0.789831 0.218241
vt 0.790004 0.206406
vt 0.790083 0.194492
vt 0.790149 0.182521
vt 0.790154 0.170512
vt 0.790175 0.158484
vt 0.790156 0.146445
vt 0.790139 0.134415
vt 0.808347 0.122533
vt 0.808276 0.110698
vt 0.808146 0.099033
vt 0.807967 0.087634
vt 0.807707 0.076607
vt 0.807477 0.066080
vt 0.807394 0.056191
vt 0.807760 0.047082
vt 0.808933 0.038913
vt 0.811508 0.031991
vt 0.808956 0.277149
vt 0.811548 0.284040
vt 0.807768 0.269047
vt 0.807390 0.260038
vt 0.807467 0.250267
vt 0.807719 0.239883
vt 0.807957 0.228993
vt 0.808137 0.217696
vt 0.808278 0.206117
vt 0.808351 0.194346
vt 0.808405 0.182451
vt 0.808417 0.170483
vt 0.808430 0.158477
vt 0.808416 0.146464
vt 0.808398 0.134471
vt 0.815341 0.122578
vt 0.815280 0.110780
vt 0.815184 0.099179
vt 0.822212 0.099269
vt 0.822292 0.110831
vt 0.822345 0.122605
vt 0.815045 0.087878
vt 0.814844 0.077012
vt 0.822097 0.088035
vt 0.821928 0.077276
vt 0.814667 0.066732
vt 0.814613 0.057197
vt 0.821784 0.067172
vt 0.821737 0.057894
vt 0.814906 0.048551
vt 0.815813 0.040909
vt 0.822729 0.042270
vt 0.821982 0.049577
vt 0.817510 0.034276
vt 0.817521 0.281771
vt 0.815823 0.275165
vt 0.824189 0.280149
vt 0.822726 0.273817
vt 0.824195 0.035917
vt 0.814902 0.267590
vt 0.814605 0.259041
vt 0.821969 0.266580
vt 0.821730 0.258372
vt 0.814666 0.249640
vt 0.814877 0.239501
vt 0.821970 0.239241
vt 0.821795 0.249213
vt 0.815043 0.228758
vt 0.815182 0.217562
vt 0.822105 0.228615
vt 0.822215 0.217483
vt 0.815288 0.206044
vt 0.815348 0.194308
vt 0.822304 0.206002
vt 0.822351 0.194287
vt 0.815387 0.182433
vt 0.815400 0.170476
vt 0.822394 0.170473
vt 0.822386 0.182424
vt 0.815407 0.158479
vt 0.815399 0.146474
vt 0.822402 0.158478
vt 0.822395 0.146481
vt 0.815378 0.134494
vt 0.822377 0.134508
vt 0.837784 0.122614
vt 0.837734 0.110847
vt 0.837659 0.099298
vt 0.837549 0.088090
vt 0.837397 0.077451
vt 0.837264 0.067633
vt 0.837208 0.058910
vt 0.837364 0.051526
vt 0.837842 0.045606
vt 0.838848 0.041132
vt 0.838846 0.274978
vt 0.837842 0.270531
vt 0.837358 0.264700
vt 0.837208 0.257451
vt 0.837280 0.248880
vt 0.837439 0.239142
vt 0.837565 0.228568
vt 0.837664 0.217480
vt 0.837745 0.206013
vt 0.837790 0.194299
vt 0.837823 0.182432
vt 0.837831 0.170479
vt 0.837838 0.158489
vt 0.837831 0.146482
vt 0.837814 0.134511
vt 0.599831 0.827989
vt 0.578555 0.791247
vt 0.613739 0.817337
vt 0.594759 0.784554
vt 0.640442 0.844206
vt 0.629756 0.858105
vt 0.666552 0.879286
vt 0.673271 0.863108
vt 0.707527 0.890404
vt 0.709831 0.873025
vt 0.749984 0.890349
vt 0.747713 0.872979
vt 0.791028 0.879491
vt 0.784335 0.863287
vt 0.827770 0.858215
vt 0.817119 0.844307
vt 0.843988 0.817604
vt 0.857886 0.828290
vt 0.879067 0.791494
vt 0.862889 0.784775
vt 0.872807 0.748215
vt 0.890186 0.750519
vt 0.890131 0.708063
vt 0.872761 0.710333
vt 0.879273 0.667018
vt 0.863070 0.673712
vt 0.857998 0.630277
vt 0.844090 0.640929
vt 0.828073 0.600160
vt 0.817387 0.614059
vt 0.791277 0.578980
vt 0.784558 0.595158
vt 0.747998 0.585241
vt 0.750302 0.567861
vt 0.707846 0.567916
vt 0.710116 0.585286
vt 0.666801 0.578774
vt 0.673494 0.594977
vt 0.630059 0.600050
vt 0.640710 0.613957
vt 0.599942 0.629975
vt 0.613841 0.640661
vt 0.578762 0.666771
vt 0.594939 0.673490
vt 0.567643 0.707746
vt 0.585022 0.710050
vt 0.567697 0.750202
vt 0.585067 0.747932
vt 0.663591 0.756118
vt 0.672840 0.772075
vt 0.685835 0.785164
vt 0.701824 0.794358
vt 0.719622 0.799196
vt 0.738065 0.799164
vt 0.755898 0.794455
vt 0.771855 0.785206
vt 0.784945 0.772211
vt 0.794139 0.756223
vt 0.798978 0.738425
vt 0.798946 0.719981
vt 0.794237 0.702148
vt 0.784987 0.686191
vt 0.771993 0.673101
vt 0.756004 0.663907
vt 0.738206 0.659069
vt 0.719762 0.659101
vt 0.701929 0.663810
vt 0.685972 0.673060
vt 0.672883 0.686054
vt 0.663689 0.702043
vt 0.658850 0.719841
vt 0.658882 0.738285
vt 0.683865 0.747743
vt 0.690249 0.758743
vt 0.699205 0.767774
vt 0.710234 0.774109
vt 0.722506 0.777451
vt 0.735224 0.777423
vt 0.747524 0.774182
vt 0.758524 0.767798
vt 0.767555 0.758841
vt 0.773890 0.747813
vt 0.777232 0.735541
vt 0.777204 0.722822
vt 0.773963 0.710523
vt 0.767579 0.699522
vt 0.758623 0.690492
vt 0.747594 0.684157
vt 0.735322 0.680814
vt 0.722603 0.680843
vt 0.710304 0.684084
vt 0.699304 0.690468
vt 0.690273 0.699424
vt 0.683938 0.710453
vt 0.680595 0.722725
vt 0.680623 0.735444
vt 0.578233 0.494439
vt 0.516957 0.535906
vt 0.570728 0.487830
vt 0.522459 0.543825
vt 0.456320 0.579170
vt 0.452712 0.569702
vt 0.381336 0.587379
vt 0.382496 0.597217
vt 0.304817 0.597134
vt 0.306234 0.586649
vt 0.227409 0.576398
vt 0.231474 0.566543
vt 0.153231 0.534545
vt 0.161563 0.525079
vt 0.111564 0.460985
vt 0.102302 0.466268
vt 0.071918 0.392097
vt 0.082141 0.389363
vt 0.071902 0.314942
vt 0.061994 0.315038
vt 0.070552 0.239506
vt 0.080402 0.241886
vt 0.105802 0.173864
vt 0.097248 0.169407
vt 0.139193 0.107816
vt 0.146701 0.114427
vt 0.194980 0.058413
vt 0.200484 0.066334
vt 0.261138 0.023059
vt 0.264746 0.032529
vt 0.336144 0.014850
vt 0.334984 0.005009
vt 0.412688 0.005100
vt 0.411269 0.015588
vt 0.486048 0.035715
vt 0.490117 0.025858
vt 0.564305 0.067748
vt 0.555966 0.077212
vt 0.615205 0.136055
vt 0.605941 0.141334
vt 0.645557 0.210233
vt 0.635334 0.212963
vt 0.655452 0.287283
vt 0.645545 0.287376
vt 0.646875 0.362795
vt 0.637028 0.360414
vt 0.611622 0.428415
vt 0.620174 0.432871
vt 0.106106 0.026733
vt 0.103142 0.004609
vt 0.108130 0.011080
vt 0.083982 0.029697
vt 0.077909 0.015129
vt 0.091538 0.032806
vt 0.081018 0.007573
vt 0.099635 0.031721
vt 0.087489 0.002585
vt 0.095586 0.001500
vt 0.095659 0.032806
vt 0.087552 0.031758
vt 0.078994 0.023226
vt 0.081055 0.026796
vt 0.077909 0.019250
vt 0.078957 0.011143
vt 0.083919 0.004646
vt 0.091465 0.001500
vt 0.099572 0.002549
vt 0.106069 0.007510
vt 0.109215 0.019177
vt 0.109215 0.015056
vt 0.108167 0.023163
vt 0.103205 0.029660
vt 0.580799 0.496699
vt 0.524421 0.546646
vt 0.457558 0.582406
vt 0.382916 0.600725
vt 0.304344 0.600725
vt 0.225987 0.579938
vt 0.149759 0.538492
vt 0.098971 0.468127
vt 0.068416 0.393022
vt 0.058460 0.315066
vt 0.067184 0.238688
vt 0.094200 0.167817
vt 0.136626 0.105556
vt 0.193018 0.055591
vt 0.259900 0.019821
vt 0.334564 0.001500
vt 0.413162 0.001508
vt 0.491540 0.022317
vt 0.567781 0.063803
vt 0.618537 0.134197
vt 0.649059 0.209309
vt 0.658984 0.287257
vt 0.650242 0.363614
vt 0.623220 0.434461
vt 0.585250 0.915994
vt 0.514626 0.893241
vt 0.541844 0.872397
vt 0.564361 0.943165
vt 0.479391 0.832213
vt 0.511067 0.819127
vt 0.693424 0.996765
vt 0.638539 0.946738
vt 0.697929 0.962791
vt 0.625390 0.978399
vt 0.759450 0.962771
vt 0.831995 0.978654
vt 0.763893 0.996764
vt 0.818909 0.946979
vt 0.915776 0.872796
vt 0.893023 0.943420
vt 0.872179 0.916202
vt 0.942946 0.893685
vt 0.996547 0.764624
vt 0.946520 0.819508
vt 0.962573 0.760118
vt 0.978180 0.832657
vt 0.962554 0.698597
vt 0.978438 0.626053
vt 0.996548 0.694155
vt 0.946762 0.639138
vt 0.872580 0.542271
vt 0.943204 0.565024
vt 0.915986 0.585869
vt 0.893469 0.515101
vt 0.764407 0.461500
vt 0.819291 0.511527
vt 0.759902 0.495475
vt 0.832441 0.479867
vt 0.698381 0.495494
vt 0.625836 0.479610
vt 0.693938 0.461500
vt 0.638921 0.511286
vt 0.542054 0.585468
vt 0.564808 0.514844
vt 0.585652 0.542062
vt 0.514884 0.564579
vt 0.461282 0.693641
vt 0.511309 0.638757
vt 0.495256 0.698146
vt 0.479649 0.625607
vt 0.495275 0.759668
vt 0.461282 0.764110
vt 0.606256 0.888672
vt 0.569219 0.851432
vt 0.542920 0.805969
vt 0.702459 0.928626
vt 0.651764 0.914894
vt 0.754981 0.928581
vt 0.805750 0.915126
vt 0.888453 0.851790
vt 0.851213 0.888827
vt 0.914676 0.806282
vt 0.928408 0.755588
vt 0.928364 0.703066
vt 0.914909 0.652297
vt 0.851573 0.569594
vt 0.888610 0.606834
vt 0.755371 0.529640
vt 0.806066 0.543371
vt 0.702849 0.529684
vt 0.652080 0.543139
vt 0.569376 0.606475
vt 0.606616 0.569438
vt 0.529421 0.702677
vt 0.543154 0.651982
vt 0.529465 0.755199
s 0
usemtl wire_153228153
f 1/1/1 2/2/1 3/3/1
f 3/3/1 2/2/1 4/4/1
f 3/3/2 4/4/2 5/5/2
f 5/5/2 4/4/2 6/6/2
f 5/5/3 6/6/3 7/7/3
f 7/7/3 6/6/3 8/8/3
f 7/7/4 9/9/4 10/10/4
f 9/9/4 7/7/4 8/8/4
f 10/10/5 11/11/5 12/12/5
f 11/11/5 10/10/5 9/9/5
f 12/12/6 13/13/6 14/14/6
f 13/13/6 12/12/6 11/11/6
f 14/14/7 13/13/7 15/15/7
f 15/15/7 13/13/7 16/16/7
f 15/15/8 16/16/8 17/17/8
f 17/17/8 16/16/8 18/18/8
f 17/17/9 18/18/9 19/19/9
f 19/19/9 18/18/9 20/20/9
f 19/19/10 21/21/10 22/22/10
f 21/21/10 19/19/10 20/20/10
f 22/22/11 23/23/11 24/24/11
f 23/23/11 22/22/11 21/21/11
f 24/24/12 25/25/12 26/26/12
f 25/25/12 24/24/12 23/23/12
f 26/26/13 25/25/13 27/27/13
f 27/27/13 25/25/13 28/28/13
f 27/27/14 28/28/14 29/29/14
f 29/29/14 28/28/14 30/30/14
f 29/29/15 30/30/15 31/31/15
f 31/31/15 30/30/15 32/32/15
f 31/31/16 33/33/16 34/34/16
f 33/33/16 31/31/16 32/32/16
f 34/34/17 35/35/17 36/36/17
f 35/35/17 34/34/17 33/33/17
f 36/36/18 37/37/18 38/38/18
f 37/37/18 36/36/18 35/35/18
f 38/38/19 37/37/19 39/39/19
f 39/39/19 37/37/19 40/40/19
f 39/39/20 40/40/20 41/41/20
f 41/41/20 40/40/20 42/42/20
f 41/41/21 42/42/21 43/43/21
f 43/43/21 42/42/21 44/44/21
f 43/43/22 45/45/22 46/46/22
f 45/45/22 43/43/22 44/44/22
f 46/46/23 47/47/23 48/48/23
f 47/47/23 46/46/23 45/45/23
f 48/48/24 2/2/24 1/1/24
f 2/2/24 48/48/24 47/47/24
f 49/49/25 50/50/25 3/3/25
f 3/3/25 5/5/25 49/49/25
f 50/50/26 51/51/26 1/1/26
f 50/50/26 1/1/26 3/3/26
f 52/52/27 10/10/27 53/53/27
f 10/10/27 52/52/27 7/7/27
f 52/52/28 49/49/28 5/5/28
f 5/5/28 7/7/28 52/52/28
f 54/54/29 14/14/29 55/55/29
f 14/14/29 54/54/29 12/12/29
f 53/53/30 12/12/30 54/54/30
f 12/12/30 53/53/30 10/10/30
f 56/56/31 57/57/31 15/15/31
f 15/15/31 17/17/31 56/56/31
f 57/57/32 55/55/32 14/14/32
f 57/57/32 14/14/32 15/15/32
f 58/58/33 22/22/33 59/59/33
f 22/22/33 58/58/33 19/19/33
f 58/58/34 56/56/34 17/17/34
f 17/17/34 19/19/34 58/58/34
f 60/60/35 26/26/35 61/61/35
f 26/26/35 60/60/35 24/24/35
f 59/59/36 24/24/36 60/60/36
f 24/24/36 59/59/36 22/22/36
f 62/62/37 63/63/37 27/27/37
f 27/27/37 29/29/37 62/62/37
f 63/63/38 61/61/38 26/26/38
f 63/63/38 26/26/38 27/27/38
f 64/64/39 34/34/39 65/65/39
f 34/34/39 64/64/39 31/31/39
f 64/64/40 62/62/40 29/29/40
f 29/29/40 31/31/40 64/64/40
f 66/66/41 38/38/41 67/67/41
f 38/38/41 66/66/41 36/36/41
f 65/65/42 36/36/42 66/66/42
f 36/36/42 65/65/42 34/34/42
f 68/68/43 69/69/43 39/39/43
f 39/39/43 41/41/43 68/68/43
f 69/69/44 67/67/44 38/38/44
f 69/69/44 38/38/44 39/39/44
f 70/70/45 46/46/45 71/71/45
f 46/46/45 70/70/45 43/43/45
f 70/70/46 68/68/46 41/41/46
f 41/41/46 43/43/46 70/70/46
f 72/72/47 1/1/47 51/51/47
f 1/1/47 72/72/47 48/48/47
f 71/71/48 48/48/48 72/72/48
f 48/48/48 71/71/48 46/46/48
f 73/73/49 50/50/49 74/74/49
f 50/50/49 73/73/49 51/51/49
f 75/75/50 74/74/50 50/50/50
f 75/75/50 50/50/50 49/49/50
f 74/74/51 76/76/51 77/77/51
f 76/76/51 74/74/51 75/75/51
f 78/78/52 74/74/52 77/77/52
f 74/74/52 78/78/52 73/73/52
f 75/75/53 52/52/53 79/79/53
f 52/52/53 75/75/53 49/49/53
f 52/52/54 80/80/54 79/79/54
f 80/80/54 52/52/54 53/53/54
f 81/81/55 82/82/55 79/79/55
f 79/79/55 80/80/55 81/81/55
f 76/76/56 79/79/56 82/82/56
f 79/79/56 76/76/56 75/75/56
f 54/54/57 80/80/57 53/53/57
f 80/80/57 54/54/57 83/83/57
f 54/54/58 55/55/58 84/84/58
f 54/54/58 84/84/58 83/83/58
f 83/83/59 84/84/59 85/85/59
f 83/83/59 85/85/59 86/86/59
f 83/83/60 81/81/60 80/80/60
f 81/81/60 83/83/60 86/86/60
f 57/57/61 84/84/61 55/55/61
f 84/84/61 57/57/61 87/87/61
f 57/57/62 56/56/62 88/88/62
f 88/88/62 87/87/62 57/57/62
f 89/89/63 87/87/63 88/88/63
f 87/87/63 89/89/63 90/90/63
f 87/87/64 85/85/64 84/84/64
f 85/85/64 87/87/64 90/90/64
f 88/88/65 58/58/65 91/91/65
f 58/58/65 88/88/65 56/56/65
f 92/92/66 91/91/66 58/58/66
f 92/92/66 58/58/66 59/59/66
f 91/91/67 93/93/67 94/94/67
f 93/93/67 91/91/67 92/92/67
f 89/89/68 91/91/68 94/94/68
f 91/91/68 89/89/68 88/88/68
f 92/92/69 60/60/69 95/95/69
f 60/60/69 92/92/69 59/59/69
f 60/60/70 96/96/70 95/95/70
f 96/96/70 60/60/70 61/61/70
f 97/97/71 98/98/71 95/95/71
f 95/95/71 96/96/71 97/97/71
f 93/93/72 95/95/72 98/98/72
f 95/95/72 93/93/72 92/92/72
f 63/63/73 96/96/73 61/61/73
f 96/96/73 63/63/73 99/99/73
f 63/63/74 62/62/74 100/100/74
f 63/63/74 100/100/74 99/99/74
f 99/99/75 100/100/75 101/101/75
f 99/99/75 101/101/75 102/102/75
f 99/99/76 97/97/76 96/96/76
f 97/97/76 99/99/76 102/102/76
f 64/64/77 100/100/77 62/62/77
f 100/100/77 64/64/77 103/103/77
f 64/64/78 65/65/78 104/104/78
f 104/104/78 103/103/78 64/64/78
f 105/105/79 103/103/79 104/104/79
f 103/103/79 105/105/79 106/106/79
f 103/103/80 101/101/80 100/100/80
f 101/101/80 103/103/80 106/106/80
f 104/104/81 66/66/81 107/107/81
f 66/66/81 104/104/81 65/65/81
f 108/108/82 107/107/82 66/66/82
f 108/108/82 66/66/82 67/67/82
f 107/107/83 109/109/83 110/110/83
f 109/109/83 107/107/83 108/108/83
f 105/105/84 107/107/84 110/110/84
f 107/107/84 105/105/84 104/104/84
f 108/108/85 69/69/85 111/111/85
f 69/69/85 108/108/85 67/67/85
f 69/69/86 112/112/86 111/111/86
f 112/112/86 69/69/86 68/68/86
f 113/113/87 114/114/87 111/111/87
f 111/111/87 112/112/87 113/113/87
f 109/109/88 111/111/88 114/114/88
f 111/111/88 109/109/88 108/108/88
f 70/70/89 112/112/89 68/68/89
f 112/112/89 70/70/89 115/115/89
f 70/70/90 71/71/90 116/116/90
f 70/70/90 116/116/90 115/115/90
f 115/115/91 116/116/91 117/117/91
f 115/115/91 117/117/91 118/118/91
f 115/115/92 113/113/92 112/112/92
f 113/113/92 115/115/92 118/118/92
f 72/72/93 116/116/93 71/71/93
f 116/116/93 72/72/93 119/119/93
f 72/72/94 51/51/94 73/73/94
f 73/73/94 119/119/94 72/72/94
f 78/78/95 119/119/95 73/73/95
f 119/119/95 78/78/95 120/120/95
f 119/119/96 117/117/96 116/116/96
f 117/117/96 119/119/96 120/120/96
f 121/121/97 122/122/97 78/78/97
f 78/78/97 77/77/97 121/121/97
f 77/77/98 123/123/98 121/121/98
f 123/123/98 77/77/98 76/76/98
f 123/123/99 82/82/99 124/124/99
f 82/82/99 123/123/99 76/76/99
f 125/125/100 124/124/100 82/82/100
f 82/82/100 81/81/100 125/125/100
f 125/125/101 86/86/101 126/126/101
f 86/86/101 125/125/101 81/81/101
f 126/126/102 85/85/102 127/127/102
f 85/85/102 126/126/102 86/86/102
f 128/128/103 127/127/103 85/85/103
f 85/85/103 90/90/103 128/128/103
f 129/129/104 90/90/104 89/89/104
f 90/90/104 129/129/104 128/128/104
f 129/129/105 94/94/105 130/130/105
f 94/94/105 129/129/105 89/89/105
f 94/94/106 131/131/106 130/130/106
f 131/131/106 94/94/106 93/93/106
f 131/131/107 98/98/107 132/132/107
f 98/98/107 131/131/107 93/93/107
f 132/132/108 97/97/108 133/133/108
f 97/97/108 132/132/108 98/98/108
f 134/134/109 133/133/109 97/97/109
f 97/97/109 102/102/109 134/134/109
f 102/102/110 101/101/110 135/135/110
f 102/102/110 135/135/110 134/134/110
f 106/106/111 135/135/111 101/101/111
f 135/135/111 106/106/111 136/136/111
f 137/137/112 106/106/112 105/105/112
f 106/106/112 137/137/112 136/136/112
f 137/137/113 110/110/113 138/138/113
f 110/110/113 137/137/113 105/105/113
f 138/138/114 109/109/114 139/139/114
f 109/109/114 138/138/114 110/110/114
f 140/140/115 139/139/115 109/109/115
f 109/109/115 114/114/115 140/140/115
f 141/141/116 140/140/116 114/114/116
f 114/114/116 113/113/116 141/141/116
f 141/141/117 118/118/117 142/142/117
f 118/118/117 141/141/117 113/113/117
f 118/118/118 117/117/118 143/143/118
f 118/118/118 143/143/118 142/142/118
f 120/120/119 143/143/119 117/117/119
f 143/143/119 120/120/119 144/144/119
f 144/144/120 78/78/120 122/122/120
f 78/78/120 144/144/120 120/120/120
f 121/121/121 145/145/121 122/122/121
f 145/145/121 121/121/121 146/146/121
f 146/146/122 121/121/122 147/147/122
f 147/147/122 121/121/122 123/123/122
f 147/147/123 124/124/123 148/148/123
f 124/124/123 147/147/123 123/123/123
f 125/125/124 149/149/124 124/124/124
f 148/148/124 124/124/124 149/149/124
f 126/126/125 149/149/125 125/125/125
f 149/149/125 126/126/125 150/150/125
f 127/127/126 151/151/126 126/126/126
f 126/126/126 151/151/126 150/150/126
f 128/128/127 151/151/127 127/127/127
f 151/151/127 128/128/127 152/152/127
f 153/153/128 128/128/128 129/129/128
f 128/128/128 153/153/128 152/152/128
f 130/130/129 153/153/129 129/129/129
f 153/153/129 130/130/129 154/154/129
f 154/154/130 130/130/130 155/155/130
f 155/155/130 130/130/130 131/131/130
f 155/155/131 132/132/131 156/156/131
f 132/132/131 155/155/131 131/131/131
f 133/133/132 157/157/132 132/132/132
f 156/156/132 132/132/132 157/157/132
f 134/134/133 157/157/133 133/133/133
f 157/157/133 134/134/133 158/158/133
f 135/135/134 159/159/134 134/134/134
f 134/134/134 159/159/134 158/158/134
f 136/136/135 159/159/135 135/135/135
f 159/159/135 136/136/135 160/160/135
f 161/161/136 136/136/136 137/137/136
f 136/136/136 161/161/136 160/160/136
f 138/138/137 161/161/137 137/137/137
f 161/161/137 138/138/137 162/162/137
f 162/162/138 138/138/138 163/163/138
f 163/163/138 138/138/138 139/139/138
f 163/163/139 140/140/139 164/164/139
f 140/140/139 163/163/139 139/139/139
f 141/141/140 165/165/140 140/140/140
f 164/164/140 140/140/140 165/165/140
f 142/142/141 165/165/141 141/141/141
f 165/165/141 142/142/141 166/166/141
f 143/143/142 167/167/142 142/142/142
f 142/142/142 167/167/142 166/166/142
f 144/144/143 167/167/143 143/143/143
f 167/167/143 144/144/143 168/168/143
f 145/145/144 144/144/144 122/122/144
f 144/144/144 145/145/144 168/168/144
f 169/169/145 146/146/145 170/170/145
f 146/146/145 169/169/145 145/145/145
f 171/171/146 170/170/146 146/146/146
f 171/171/146 146/146/146 147/147/146
f 172/172/147 171/173/147 173/174/147
f 171/173/147 172/172/147 170/175/147
f 174/176/148 170/175/148 172/172/148
f 170/175/148 174/176/148 169/177/148
f 171/171/149 148/148/149 175/178/149
f 148/148/149 171/171/149 147/147/149
f 148/148/150 176/179/150 175/178/150
f 176/179/150 148/148/150 149/149/150
f 177/180/151 175/181/151 178/182/151
f 178/182/151 175/181/151 176/183/151
f 173/174/152 175/181/152 177/180/152
f 175/181/152 173/174/152 171/173/152
f 150/150/153 176/179/153 149/149/153
f 176/179/153 150/150/153 179/184/153
f 150/150/154 151/151/154 180/185/154
f 150/150/154 180/185/154 179/184/154
f 179/186/155 181/187/155 182/188/155
f 181/187/155 179/186/155 180/189/155
f 178/182/156 176/183/156 182/188/156
f 182/188/156 176/183/156 179/186/156
f 152/152/157 180/185/157 151/151/157
f 180/185/157 152/152/157 183/190/157
f 152/152/158 153/153/158 184/191/158
f 184/191/158 183/190/158 152/152/158
f 185/192/159 184/193/159 186/194/159
f 184/193/159 185/192/159 183/195/159
f 181/187/160 183/195/160 185/192/160
f 183/195/160 181/187/160 180/189/160
f 184/191/161 154/154/161 187/196/161
f 154/154/161 184/191/161 153/153/161
f 188/197/162 187/196/162 154/154/162
f 188/197/162 154/154/162 155/155/162
f 189/198/163 187/199/163 190/200/163
f 190/200/163 187/199/163 188/201/163
f 186/194/164 187/202/164 189/203/164
f 187/202/164 186/194/164 184/193/164
f 188/197/165 156/156/165 191/204/165
f 156/156/165 188/197/165 155/155/165
f 156/156/166 192/205/166 191/204/166
f 192/205/166 156/156/166 157/157/166
f 191/206/167 193/207/167 194/208/167
f 193/207/167 191/206/167 192/209/167
f 190/200/168 188/201/168 194/208/168
f 194/208/168 188/201/168 191/206/168
f 192/205/169 158/158/169 195/210/169
f 158/158/169 192/205/169 157/157/169
f 158/158/170 159/159/170 196/211/170
f 158/158/170 196/211/170 195/210/170
f 197/212/171 196/213/171 198/214/171
f 196/213/171 197/212/171 195/215/171
f 193/207/172 195/215/172 197/212/172
f 195/215/172 193/207/172 192/209/172
f 160/160/173 196/211/173 159/159/173
f 196/211/173 160/160/173 199/216/173
f 160/160/174 161/161/174 200/217/174
f 200/217/174 199/216/174 160/160/174
f 201/218/175 199/219/175 202/220/175
f 202/220/175 199/219/175 200/221/175
f 198/214/176 199/219/176 201/218/176
f 199/219/176 198/214/176 196/213/176
f 200/217/177 162/162/177 203/222/177
f 162/162/177 200/217/177 161/161/177
f 204/223/178 203/222/178 162/162/178
f 204/223/178 162/162/178 163/163/178
f 205/224/179 203/225/179 206/226/179
f 206/226/179 203/225/179 204/227/179
f 202/220/180 200/221/180 205/224/180
f 205/224/180 200/221/180 203/225/180
f 204/223/181 164/164/181 207/228/181
f 164/164/181 204/223/181 163/163/181
f 164/164/182 208/229/182 207/228/182
f 208/229/182 164/164/182 165/165/182
f 209/230/183 208/231/183 210/232/183
f 208/231/183 209/230/183 207/233/183
f 206/226/184 207/233/184 209/230/184
f 207/233/184 206/226/184 204/227/184
f 166/166/185 208/229/185 165/165/185
f 208/229/185 166/166/185 211/234/185
f 166/166/186 167/167/186 212/235/186
f 166/166/186 212/235/186 211/234/186
f 213/236/187 211/237/187 214/238/187
f 214/238/187 211/237/187 212/239/187
f 210/232/188 211/237/188 213/236/188
f 211/237/188 210/232/188 208/231/188
f 168/168/189 212/235/189 167/167/189
f 212/235/189 168/168/189 215/240/189
f 168/168/190 145/145/190 169/169/190
f 169/169/190 215/240/190 168/168/190
f 215/241/191 174/176/191 216/242/191
f 174/176/191 215/241/191 169/177/191
f 214/238/192 212/239/192 216/242/192
f 216/242/192 212/239/192 215/241/192
f 217/243/193 218/244/193 174/176/193
f 217/243/193 174/176/193 172/172/193
f 219/245/194 217/243/194 172/172/194
f 172/172/194 173/174/194 219/245/194
f 220/246/195 219/245/195 173/174/195
f 173/174/195 177/180/195 220/246/195
f 220/246/196 178/182/196 221/247/196
f 178/182/196 220/246/196 177/180/196
f 221/247/197 182/188/197 222/248/197
f 182/188/197 221/247/197 178/182/197
f 222/248/198 181/187/198 223/249/198
f 181/187/198 222/248/198 182/188/198
f 224/250/199 223/249/199 181/187/199
f 224/250/199 181/187/199 185/192/199
f 225/251/200 224/250/200 185/192/200
f 185/192/200 186/194/200 225/251/200
f 226/252/201 225/251/201 186/194/201
f 186/194/201 189/203/201 226/252/201
f 226/253/202 190/200/202 227/254/202
f 190/200/202 226/253/202 189/198/202
f 227/254/203 194/208/203 228/255/203
f 194/208/203 227/254/203 190/200/203
f 228/255/204 193/207/204 229/256/204
f 193/207/204 228/255/204 194/208/204
f 230/257/205 229/256/205 193/207/205
f 230/257/205 193/207/205 197/212/205
f 231/258/206 230/257/206 197/212/206
f 197/212/206 198/214/206 231/258/206
f 232/259/207 231/258/207 198/214/207
f 198/214/207 201/218/207 232/259/207
f 232/259/208 202/220/208 233/260/208
f 202/220/208 232/259/208 201/218/208
f 233/260/209 205/224/209 234/261/209
f 205/224/209 233/260/209 202/220/209
f 234/261/210 206/226/210 235/262/210
f 206/226/210 234/261/210 205/224/210
f 236/263/211 235/262/211 206/226/211
f 236/263/211 206/226/211 209/230/211
f 237/264/212 236/263/212 209/230/212
f 209/230/212 210/232/212 237/264/212
f 238/265/213 237/264/213 210/232/213
f 210/232/213 213/236/213 238/265/213
f 238/265/214 214/238/214 239/266/214
f 214/238/214 238/265/214 213/236/214
f 239/266/215 216/242/215 240/267/215
f 216/242/215 239/266/215 214/238/215
f 240/267/216 174/176/216 218/244/216
f 174/176/216 240/267/216 216/242/216
f 241/268/217 242/269/217 218/244/217
f 241/268/217 218/244/217 217/243/217
f 241/268/218 217/243/218 243/270/218
f 243/270/218 217/243/218 219/245/218
f 243/270/219 219/245/219 244/271/219
f 244/271/219 219/245/219 220/246/219
f 244/271/220 221/247/220 245/272/220
f 221/247/220 244/271/220 220/246/220
f 245/272/221 222/248/221 246/273/221
f 222/248/221 245/272/221 221/247/221
f 246/273/222 223/249/222 247/274/222
f 223/249/222 246/273/222 222/248/222
f 248/275/223 247/274/223 223/249/223
f 248/275/223 223/249/223 224/250/223
f 248/275/224 224/250/224 249/276/224
f 249/276/224 224/250/224 225/251/224
f 249/276/225 225/251/225 250/277/225
f 250/277/225 225/251/225 226/252/225
f 250/278/226 227/254/226 251/279/226
f 227/254/226 250/278/226 226/253/226
f 251/279/227 228/255/227 252/280/227
f 228/255/227 251/279/227 227/254/227
f 252/280/228 229/256/228 253/281/228
f 229/256/228 252/280/228 228/255/228
f 254/282/229 253/281/229 229/256/229
f 254/282/229 229/256/229 230/257/229
f 254/282/230 230/257/230 255/283/230
f 255/283/230 230/257/230 231/258/230
f 255/283/231 231/258/231 256/284/231
f 256/284/231 231/258/231 232/259/231
f 256/284/232 233/260/232 257/285/232
f 233/260/232 256/284/232 232/259/232
f 257/285/233 234/261/233 258/286/233
f 234/261/233 257/285/233 233/260/233
f 258/286/234 235/262/234 259/287/234
f 235/262/234 258/286/234 234/261/234
f 260/288/235 259/287/235 235/262/235
f 260/288/235 235/262/235 236/263/235
f 260/288/236 236/263/236 261/289/236
f 261/289/236 236/263/236 237/264/236
f 261/289/237 237/264/237 262/290/237
f 262/290/237 237/264/237 238/265/237
f 262/290/238 239/266/238 263/291/238
f 239/266/238 262/290/238 238/265/238
f 263/291/239 240/267/239 264/292/239
f 240/267/239 263/291/239 239/266/239
f 264/292/240 218/244/240 242/269/240
f 218/244/240 264/292/240 240/267/240
f 265/293/241 266/294/241 242/269/241
f 242/269/241 241/268/241 265/293/241
f 241/268/242 267/295/242 265/293/242
f 267/295/242 241/268/242 243/270/242
f 267/295/243 244/271/243 268/296/243
f 244/271/243 267/295/243 243/270/243
f 269/297/244 268/296/244 244/271/244
f 244/271/244 245/272/244 269/297/244
f 246/273/245 269/297/245 245/272/245
f 269/297/245 246/273/245 270/298/245
f 270/298/246 247/274/246 271/299/246
f 247/274/246 270/298/246 246/273/246
f 272/300/247 271/299/247 247/274/247
f 247/274/247 248/275/247 272/300/247
f 273/301/248 248/275/248 249/276/248
f 248/275/248 273/301/248 272/300/248
f 273/301/249 250/277/249 274/302/249
f 250/277/249 273/301/249 249/276/249
f 250/278/250 275/303/250 274/304/250
f 275/303/250 250/278/250 251/279/250
f 275/303/251 252/280/251 276/305/251
f 252/280/251 275/303/251 251/279/251
f 276/305/252 253/281/252 277/306/252
f 253/281/252 276/305/252 252/280/252
f 278/307/253 277/306/253 253/281/253
f 253/281/253 254/282/253 278/307/253
f 255/283/254 279/308/254 254/282/254
f 254/282/254 279/308/254 278/307/254
f 256/284/255 279/308/255 255/283/255
f 279/308/255 256/284/255 280/309/255
f 281/310/256 256/284/256 257/285/256
f 256/284/256 281/310/256 280/309/256
f 281/310/257 258/286/257 282/311/257
f 258/286/257 281/310/257 257/285/257
f 282/311/258 259/287/258 283/312/258
f 259/287/258 282/311/258 258/286/258
f 284/313/259 283/312/259 259/287/259
f 259/287/259 260/288/259 284/313/259
f 284/313/260 260/288/260 285/314/260
f 260/288/260 261/289/260 285/314/260
f 262/290/261 285/314/261 261/289/261
f 285/314/261 262/290/261 286/315/261
f 263/291/262 287/316/262 262/290/262
f 262/290/262 287/316/262 286/315/262
f 264/292/263 287/316/263 263/291/263
f 287/316/263 264/292/263 288/317/263
f 288/317/264 242/269/264 266/294/264
f 242/269/264 288/317/264 264/292/264
f 289/318/265 290/319/265 266/294/265
f 289/318/265 266/294/265 265/293/265
f 291/320/266 289/318/266 265/293/266
f 291/320/266 265/293/266 267/295/266
f 291/320/267 267/295/267 292/321/267
f 267/295/267 268/296/267 292/321/267
f 292/321/268 269/297/268 293/322/268
f 269/297/268 292/321/268 268/296/268
f 293/322/269 270/298/269 294/323/269
f 270/298/269 293/322/269 269/297/269
f 294/323/270 271/299/270 295/324/270
f 271/299/270 294/323/270 270/298/270
f 296/325/271 295/324/271 271/299/271
f 296/325/271 271/299/271 272/300/271
f 297/326/272 296/325/272 272/300/272
f 297/326/272 272/300/272 273/301/272
f 297/326/273 273/301/273 298/327/273
f 273/301/273 274/302/273 298/327/273
f 298/328/274 275/303/274 299/329/274
f 275/303/274 298/328/274 274/304/274
f 299/329/275 276/305/275 300/330/275
f 276/305/275 299/329/275 275/303/275
f 300/330/276 277/306/276 301/331/276
f 277/306/276 300/330/276 276/305/276
f 302/332/277 301/331/277 277/306/277
f 302/332/277 277/306/277 278/307/277
f 303/333/278 302/332/278 278/307/278
f 303/333/278 278/307/278 279/308/278
f 303/333/279 279/308/279 304/334/279
f 279/308/279 280/309/279 304/334/279
f 304/334/280 281/310/280 305/335/280
f 281/310/280 304/334/280 280/309/280
f 305/335/281 282/311/281 306/336/281
f 282/311/281 305/335/281 281/310/281
f 306/336/282 283/312/282 307/337/282
f 283/312/282 306/336/282 282/311/282
f 308/338/283 307/337/283 283/312/283
f 308/338/283 283/312/283 284/313/283
f 309/339/284 308/338/284 284/313/284
f 309/339/284 284/313/284 285/314/284
f 309/339/285 285/314/285 310/340/285
f 285/314/285 286/315/285 310/340/285
f 310/340/286 287/316/286 311/341/286
f 287/316/286 310/340/286 286/315/286
f 311/341/287 288/317/287 312/342/287
f 288/317/287 311/341/287 287/316/287
f 312/342/288 266/294/288 290/319/288
f 266/294/288 312/342/288 288/317/288
f 289/318/289 313/343/289 290/319/289
f 313/343/289 289/318/289 314/344/289
f 289/318/290 315/345/290 314/344/290
f 315/345/290 289/318/290 291/320/290
f 315/345/291 292/321/291 316/346/291
f 292/321/291 315/345/291 291/320/291
f 316/346/292 292/321/292 317/347/292
f 292/321/292 293/322/292 317/347/292
f 317/347/293 294/323/293 318/348/293
f 294/323/293 317/347/293 293/322/293
f 295/324/294 319/349/294 294/323/294
f 294/323/294 319/349/294 318/348/294
f 296/325/295 319/349/295 295/324/295
f 319/349/295 296/325/295 320/350/295
f 321/351/296 296/325/296 297/326/296
f 296/325/296 321/351/296 320/350/296
f 321/351/297 298/327/297 322/352/297
f 298/327/297 321/351/297 297/326/297
f 298/328/298 323/353/298 322/354/298
f 323/353/298 298/328/298 299/329/298
f 323/353/299 300/330/299 324/355/299
f 300/330/299 323/353/299 299/329/299
f 324/355/300 300/330/300 325/356/300
f 300/330/300 301/331/300 325/356/300
f 325/356/301 302/332/301 326/357/301
f 302/332/301 325/356/301 301/331/301
f 303/333/302 327/358/302 302/332/302
f 302/332/302 327/358/302 326/357/302
f 304/334/303 327/358/303 303/333/303
f 327/358/303 304/334/303 328/359/303
f 329/360/304 304/334/304 305/335/304
f 304/334/304 329/360/304 328/359/304
f 329/360/305 306/336/305 330/361/305
f 306/336/305 329/360/305 305/335/305
f 306/336/306 331/362/306 330/361/306
f 331/362/306 306/336/306 307/337/306
f 331/362/307 308/338/307 332/363/307
f 308/338/307 331/362/307 307/337/307
f 332/363/308 308/338/308 333/364/308
f 308/338/308 309/339/308 333/364/308
f 333/364/309 310/340/309 334/365/309
f 310/340/309 333/364/309 309/339/309
f 311/341/310 335/366/310 310/340/310
f 310/340/310 335/366/310 334/365/310
f 312/342/311 335/366/311 311/341/311
f 335/366/311 312/342/311 336/367/311
f 313/343/312 312/342/312 290/319/312
f 312/342/312 313/343/312 336/367/312
f 337/368/313 313/369/313 338/370/313
f 338/370/313 313/369/313 314/371/313
f 338/370/314 314/371/314 339/372/314
f 339/372/314 314/371/314 315/373/314
f 340/374/315 339/372/315 341/375/315
f 339/372/316 340/374/316 338/370/316
f 342/376/317 338/370/317 340/374/317
f 338/370/317 342/376/317 337/368/317
f 339/372/318 315/373/318 343/377/318
f 343/377/318 315/373/318 316/378/318
f 343/377/319 317/379/319 344/380/319
f 317/379/319 343/377/319 316/378/319
f 345/381/320 346/382/320 343/377/320
f 343/377/320 344/380/320 345/381/320
f 341/375/321 343/377/321 346/382/321
f 343/377/321 341/375/321 339/372/321
f 344/380/322 318/383/322 347/384/322
f 318/383/322 344/380/322 317/379/322
f 347/384/323 319/385/323 348/386/323
f 319/385/323 347/384/323 318/383/323
f 349/387/324 350/388/324 347/384/324
f 349/387/324 347/384/324 348/386/324
f 350/388/325 345/381/325 344/380/325
f 350/388/325 344/380/325 347/384/325
f 348/386/326 319/385/326 351/389/326
f 351/389/326 319/385/326 320/390/326
f 351/389/327 320/390/327 352/391/327
f 352/391/327 320/390/327 321/392/327
f 353/393/328 352/391/328 354/394/328
f 352/391/328 353/393/328 351/389/328
f 349/387/329 351/389/329 353/393/329
f 351/389/329 349/387/329 348/386/329
f 352/391/330 321/392/330 355/395/330
f 355/395/330 321/392/330 322/396/330
f 355/397/331 323/398/331 356/399/331
f 323/398/331 355/397/331 322/400/331
f 357/401/332 358/402/332 355/397/332
f 355/397/332 356/399/332 357/401/332
f 354/394/333 355/395/333 358/403/333
f 355/395/333 354/394/333 352/391/333
f 356/399/334 324/404/334 359/405/334
f 324/404/334 356/399/334 323/398/334
f 359/405/335 325/406/335 360/407/335
f 325/406/335 359/405/335 324/404/335
f 361/408/336 362/409/336 359/405/336
f 361/408/336 359/405/336 360/407/336
f 362/409/337 357/401/337 356/399/337
f 362/409/337 356/399/337 359/405/337
f 360/407/338 325/406/338 363/410/338
f 363/410/338 325/406/338 326/411/338
f 363/410/339 326/411/339 364/412/339
f 364/412/339 326/411/339 327/413/339
f 365/414/340 364/412/340 366/415/340
f 364/412/341 365/414/341 363/410/341
f 361/408/342 363/410/342 365/414/342
f 363/410/342 361/408/342 360/407/342
f 364/412/343 327/413/343 367/416/343
f 367/416/343 327/413/343 328/417/343
f 367/416/344 329/418/344 368/419/344
f 329/418/344 367/416/344 328/417/344
f 369/420/345 370/421/345 367/416/345
f 367/416/345 368/419/345 369/420/345
f 366/415/346 367/416/346 370/421/346
f 367/416/346 366/415/346 364/412/346
f 368/419/347 330/422/347 371/423/347
f 330/422/347 368/419/347 329/418/347
f 371/423/348 331/424/348 372/425/348
f 331/424/348 371/423/348 330/422/348
f 373/426/349 374/427/349 371/423/349
f 373/426/349 371/423/349 372/425/349
f 374/427/350 369/420/350 368/419/350
f 374/427/350 368/419/350 371/423/350
f 372/425/351 331/424/351 375/428/351
f 375/428/351 331/424/351 332/429/351
f 375/428/352 332/429/352 376/430/352
f 376/430/352 332/429/352 333/431/352
f 377/432/353 376/430/353 378/433/353
f 376/430/354 377/432/354 375/428/354
f 373/426/355 375/428/355 377/432/355
f 375/428/355 373/426/355 372/425/355
f 376/430/356 333/431/356 379/434/356
f 379/434/356 333/431/356 334/435/356
f 379/434/357 335/436/357 380/437/357
f 335/436/357 379/434/357 334/435/357
f 381/438/358 382/439/358 379/434/358
f 379/434/358 380/437/358 381/438/358
f 378/433/359 379/434/359 382/439/359
f 379/434/359 378/433/359 376/430/359
f 380/437/360 336/440/360 383/441/360
f 336/440/360 380/437/360 335/436/360
f 383/441/361 313/369/361 337/368/361
f 313/369/361 383/441/361 336/440/361
f 342/376/362 384/442/362 383/441/362
f 342/376/362 383/441/362 337/368/362
f 384/442/363 381/438/363 380/437/363
f 384/442/364 380/437/364 383/441/364
f 385/443/365 342/376/365 386/444/365
f 342/376/365 340/374/365 386/444/365
f 386/444/366 341/375/366 387/445/366
f 341/375/366 386/444/366 340/374/366
f 388/446/367 387/445/367 341/375/367
f 388/446/367 341/375/367 346/382/367
f 345/381/368 388/446/368 346/382/368
f 388/446/368 345/381/368 389/447/368
f 390/448/369 345/381/369 350/388/369
f 345/381/369 390/448/369 389/447/369
f 349/387/370 390/448/370 350/388/370
f 390/448/370 349/387/370 391/449/370
f 353/393/371 392/450/371 349/387/371
f 349/387/371 392/450/371 391/449/371
f 354/394/372 392/450/372 353/393/372
f 392/450/372 354/394/372 393/451/372
f 393/451/373 354/394/373 394/452/373
f 354/394/373 358/403/373 394/452/373
f 394/453/374 357/401/374 395/454/374
f 357/401/374 394/453/374 358/402/374
f 396/455/375 395/454/375 357/401/375
f 396/455/375 357/401/375 362/409/375
f 361/408/376 396/455/376 362/409/376
f 396/455/376 361/408/376 397/456/376
f 398/457/377 361/408/377 365/414/377
f 361/408/377 398/457/377 397/456/377
f 366/415/378 398/457/378 365/414/378
f 398/457/378 366/415/378 399/458/378
f 370/421/379 400/459/379 366/415/379
f 366/415/379 400/459/379 399/458/379
f 369/420/380 400/459/380 370/421/380
f 400/459/380 369/420/380 401/460/380
f 401/460/381 369/420/381 402/461/381
f 369/420/381 374/427/381 402/461/381
f 402/461/382 373/426/382 403/462/382
f 373/426/382 402/461/382 374/427/382
f 404/463/383 403/462/383 373/426/383
f 404/463/383 373/426/383 377/432/383
f 378/433/384 404/463/384 377/432/384
f 404/463/384 378/433/384 405/464/384
f 406/465/385 378/433/385 382/439/385
f 378/433/385 406/465/385 405/464/385
f 381/438/386 406/465/386 382/439/386
f 406/465/386 381/438/386 407/466/386
f 384/442/387 408/467/387 381/438/387
f 381/438/387 408/467/387 407/466/387
f 342/376/388 408/467/388 384/442/388
f 408/467/388 342/376/388 385/443/388
f 409/468/389 386/444/389 410/469/389
f 386/444/389 409/468/389 385/443/389
f 410/469/390 387/445/390 411/470/390
f 387/445/390 410/469/390 386/444/390
f 412/471/391 413/472/391 410/473/391
f 410/473/391 411/474/391 412/471/391
f 413/472/392 414/475/392 409/476/392
f 413/472/392 409/476/392 410/473/392
f 411/470/393 388/446/393 415/477/393
f 388/446/393 411/470/393 387/445/393
f 416/478/394 415/477/394 388/446/394
f 416/478/394 388/446/394 389/447/394
f 417/479/395 416/480/395 418/481/395
f 416/480/395 417/479/395 415/482/395
f 417/479/396 412/471/396 411/474/396
f 411/474/396 415/482/396 417/479/396
f 419/483/397 416/478/397 389/447/397
f 419/483/397 389/447/397 390/448/397
f 420/484/398 419/483/398 390/448/398
f 420/484/398 390/448/398 391/449/398
f 421/485/399 420/486/399 422/487/399
f 420/486/399 421/485/399 419/488/399
f 418/481/400 419/488/400 421/485/400
f 419/488/400 418/481/400 416/480/400
f 420/484/401 392/450/401 423/489/401
f 392/450/401 420/484/401 391/449/401
f 423/489/402 393/451/402 424/490/402
f 393/451/402 423/489/402 392/450/402
f 425/491/403 426/492/403 423/493/403
f 423/493/403 424/494/403 425/491/403
f 426/492/404 422/487/404 420/486/404
f 426/492/404 420/486/404 423/493/404
f 424/490/405 394/452/405 427/495/405
f 394/452/405 424/490/405 393/451/405
f 428/496/406 427/497/406 394/453/406
f 428/496/406 394/453/406 395/454/406
f 429/498/407 428/499/407 430/500/407
f 428/499/407 429/498/407 427/501/407
f 429/502/408 425/491/408 424/494/408
f 424/494/408 427/503/408 429/502/408
f 431/504/409 428/496/409 395/454/409
f 431/504/409 395/454/409 396/455/409
f 432/505/410 431/504/410 396/455/410
f 432/505/410 396/455/410 397/456/410
f 433/506/411 432/507/411 434/508/411
f 432/507/411 433/506/411 431/509/411
f 430/500/412 431/509/412 433/506/412
f 431/509/412 430/500/412 428/499/412
f 432/505/413 398/457/413 435/510/413
f 398/457/413 432/505/413 397/456/413
f 435/510/414 399/458/414 436/511/414
f 399/458/414 435/510/414 398/457/414
f 437/512/415 438/513/415 435/514/415
f 435/514/415 436/515/415 437/512/415
f 438/513/416 434/508/416 432/507/416
f 438/513/416 432/507/416 435/514/416
f 436/511/417 400/459/417 439/516/417
f 400/459/417 436/511/417 399/458/417
f 440/517/418 439/516/418 400/459/418
f 440/517/418 400/459/418 401/460/418
f 441/518/419 440/519/419 442/520/419
f 440/519/419 441/518/419 439/521/419
f 441/518/420 437/512/420 436/515/420
f 436/515/420 439/521/420 441/518/420
f 443/522/421 440/517/421 401/460/421
f 443/522/421 401/460/421 402/461/421
f 444/523/422 443/522/422 402/461/422
f 444/523/422 402/461/422 403/462/422
f 445/524/423 444/525/423 446/526/423
f 444/525/423 445/524/423 443/527/423
f 442/520/424 443/527/424 445/524/424
f 443/527/424 442/520/424 440/519/424
f 444/523/425 404/463/425 447/528/425
f 404/463/425 444/523/425 403/462/425
f 447/528/426 405/464/426 448/529/426
f 405/464/426 447/528/426 404/463/426
f 449/530/427 450/531/427 447/532/427
f 447/532/427 448/533/427 449/530/427
f 450/531/428 446/526/428 444/525/428
f 450/531/428 444/525/428 447/532/428
f 448/529/429 406/465/429 451/534/429
f 406/465/429 448/529/429 405/464/429
f 452/535/430 451/534/430 406/465/430
f 452/535/430 406/465/430 407/466/430
f 453/536/431 452/537/431 454/538/431
f 452/537/431 453/536/431 451/539/431
f 453/536/432 449/530/432 448/533/432
f 448/533/432 451/539/432 453/536/432
f 455/540/433 452/535/433 407/466/433
f 455/540/433 407/466/433 408/467/433
f 409/468/434 455/540/434 408/467/434
f 409/468/434 408/467/434 385/443/434
f 456/541/435 409/476/435 414/475/435
f 409/476/435 456/541/435 455/542/435
f 454/538/436 455/542/436 456/541/436
f 455/542/436 454/538/436 452/537/436
f 413/472/437 457/543/437 414/475/437
f 457/543/437 413/472/437 458/544/437
f 413/472/438 459/545/438 458/544/438
f 459/545/438 413/472/438 412/471/438
f 459/545/439 417/479/439 460/546/439
f 417/479/439 459/545/439 412/471/439
f 460/546/440 417/479/440 461/547/440
f 417/479/440 418/481/440 461/547/440
f 461/547/441 421/485/441 462/548/441
f 421/485/441 461/547/441 418/481/441
f 422/487/442 463/549/442 421/485/442
f 421/485/442 463/549/442 462/548/442
f 426/492/443 463/549/443 422/487/443
f 463/549/443 426/492/443 464/550/443
f 465/551/444 426/492/444 425/491/444
f 426/492/444 465/551/444 464/550/444
f 465/551/445 429/502/445 466/552/445
f 429/502/445 465/551/445 425/491/445
f 429/498/446 467/553/446 466/554/446
f 467/553/446 429/498/446 430/500/446
f 467/553/447 433/506/447 468/555/447
f 433/506/447 467/553/447 430/500/447
f 468/555/448 433/506/448 469/556/448
f 433/506/448 434/508/448 469/556/448
f 469/556/449 438/513/449 470/557/449
f 438/513/449 469/556/449 434/508/449
f 437/512/450 471/558/450 438/513/450
f 438/513/450 471/558/450 470/557/450
f 441/518/451 471/558/451 437/512/451
f 471/558/451 441/518/451 472/559/451
f 473/560/452 441/518/452 442/520/452
f 441/518/452 473/560/452 472/559/452
f 473/560/453 445/524/453 474/561/453
f 445/524/453 473/560/453 442/520/453
f 445/524/454 475/562/454 474/561/454
f 475/562/454 445/524/454 446/526/454
f 475/562/455 450/531/455 476/563/455
f 450/531/455 475/562/455 446/526/455
f 476/563/456 450/531/456 477/564/456
f 450/531/456 449/530/456 477/564/456
f 477/564/457 453/536/457 478/565/457
f 453/536/457 477/564/457 449/530/457
f 454/538/458 479/566/458 453/536/458
f 453/536/458 479/566/458 478/565/458
f 456/541/459 479/566/459 454/538/459
f 479/566/459 456/541/459 480/567/459
f 457/543/460 456/541/460 414/475/460
f 456/541/460 457/543/460 480/567/460
f 481/568/461 482/569/461 457/543/461
f 481/568/461 457/543/461 458/544/461
f 483/570/462 481/568/462 458/544/462
f 458/544/462 459/545/462 483/570/462
f 483/570/463 459/545/463 484/571/463
f 459/545/463 460/546/463 484/571/463
f 484/571/464 461/547/464 485/572/464
f 461/547/464 484/571/464 460/546/464
f 485/572/465 462/548/465 486/573/465
f 462/548/465 485/572/465 461/547/465
f 486/573/466 463/549/466 487/574/466
f 463/549/466 486/573/466 462/548/466
f 488/575/467 487/574/467 463/549/467
f 488/575/467 463/549/467 464/550/467
f 489/576/468 488/575/468 464/550/468
f 464/550/468 465/551/468 489/576/468
f 489/576/469 465/551/469 490/577/469
f 465/551/469 466/552/469 490/577/469
f 490/578/470 467/553/470 491/579/470
f 467/553/470 490/578/470 466/554/470
f 491/579/471 468/555/471 492/580/471
f 468/555/471 491/579/471 467/553/471
f 492/580/472 469/556/472 493/581/472
f 469/556/472 492/580/472 468/555/472
f 494/582/473 493/581/473 469/556/473
f 494/582/473 469/556/473 470/557/473
f 495/583/474 494/582/474 470/557/474
f 470/557/474 471/558/474 495/583/474
f 495/583/475 471/558/475 496/584/475
f 471/558/475 472/559/475 496/584/475
f 496/584/476 473/560/476 497/585/476
f 473/560/476 496/584/476 472/559/476
f 497/585/477 474/561/477 498/586/477
f 474/561/477 497/585/477 473/560/477
f 498/586/478 475/562/478 499/587/478
f 475/562/478 498/586/478 474/561/478
f 500/588/479 499/587/479 475/562/479
f 500/588/479 475/562/479 476/563/479
f 501/589/480 500/588/480 476/563/480
f 476/563/480 477/564/480 501/589/480
f 501/589/481 477/564/481 502/590/481
f 477/564/481 478/565/481 502/590/481
f 502/590/482 479/566/482 503/591/482
f 479/566/482 502/590/482 478/565/482
f 503/591/483 480/567/483 504/592/483
f 480/567/483 503/591/483 479/566/483
f 504/592/484 457/543/484 482/569/484
f 457/543/484 504/592/484 480/567/484
f 481/568/485 505/593/485 482/569/485
f 505/593/485 481/568/485 506/594/485
f 481/568/486 507/595/486 506/594/486
f 507/595/486 481/568/486 483/570/486
f 507/595/487 484/571/487 508/596/487
f 484/571/487 507/595/487 483/570/487
f 508/596/488 484/571/488 509/597/488
f 484/571/488 485/572/488 509/597/488
f 486/573/489 509/597/489 485/572/489
f 509/597/489 486/573/489 510/598/489
f 487/574/490 511/599/490 486/573/490
f 486/573/490 511/599/490 510/598/490
f 488/575/491 511/599/491 487/574/491
f 511/599/491 488/575/491 512/600/491
f 513/601/492 488/575/492 489/576/492
f 488/575/492 513/601/492 512/600/492
f 490/577/493 513/601/493 489/576/493
f 513/601/493 490/577/493 514/602/493
f 490/578/494 515/603/494 514/604/494
f 515/603/494 490/578/494 491/579/494
f 515/603/495 492/580/495 516/605/495
f 492/580/495 515/603/495 491/579/495
f 516/605/496 492/580/496 517/606/496
f 492/580/496 493/581/496 517/606/496
f 494/582/497 517/606/497 493/581/497
f 517/606/497 494/582/497 518/607/497
f 495/583/498 519/608/498 494/582/498
f 494/582/498 519/608/498 518/607/498
f 496/584/499 519/608/499 495/583/499
f 519/608/499 496/584/499 520/609/499
f 521/610/500 496/584/500 497/585/500
f 496/584/500 521/610/500 520/609/500
f 498/586/501 521/610/501 497/585/501
f 521/610/501 498/586/501 522/611/501
f 498/586/502 523/612/502 522/611/502
f 523/612/502 498/586/502 499/587/502
f 523/612/503 500/588/503 524/613/503
f 500/588/503 523/612/503 499/587/503
f 524/613/504 500/588/504 525/614/504
f 500/588/504 501/589/504 525/614/504
f 502/590/505 525/614/505 501/589/505
f 525/614/505 502/590/505 526/615/505
f 503/591/506 527/616/506 502/590/506
f 502/590/506 527/616/506 526/615/506
f 504/592/507 527/616/507 503/591/507
f 527/616/507 504/592/507 528/617/507
f 505/593/508 504/592/508 482/569/508
f 504/592/508 505/593/508 528/617/508
f 529/618/509 505/593/509 530/619/509
f 530/619/509 505/593/509 506/594/509
f 530/619/510 506/594/510 531/620/510
f 531/620/510 506/594/510 507/595/510
f 532/621/511 533/622/511 530/619/511
f 532/621/511 530/619/511 531/620/511
f 533/622/512 534/623/512 529/618/512
f 533/622/512 529/618/512 530/619/512
f 531/620/513 507/595/513 535/624/513
f 535/624/513 507/595/513 508/596/513
f 535/624/514 509/597/514 536/625/514
f 509/597/514 535/624/514 508/596/514
f 537/626/515 536/625/515 538/627/515
f 536/625/516 537/626/516 535/624/516
f 532/621/517 531/620/517 537/626/517
f 537/626/517 531/620/517 535/624/517
f 536/625/518 510/598/518 539/628/518
f 510/598/518 536/625/518 509/597/518
f 539/628/519 511/599/519 540/629/519
f 511/599/519 539/628/519 510/598/519
f 541/630/520 540/629/520 542/631/520
f 540/629/520 541/630/520 539/628/520
f 538/627/521 539/628/521 541/630/521
f 539/628/521 538/627/521 536/625/521
f 540/629/522 511/599/522 543/632/522
f 543/632/522 511/599/522 512/600/522
f 543/632/523 512/600/523 544/633/523
f 544/633/523 512/600/523 513/601/523
f 545/634/524 546/635/524 543/632/524
f 545/634/524 543/632/524 544/633/524
f 546/635/525 542/631/525 540/629/525
f 546/635/525 540/629/525 543/632/525
f 544/633/526 513/601/526 547/636/526
f 547/636/526 513/601/526 514/602/526
f 547/637/527 515/603/527 548/638/527
f 515/603/527 547/637/527 514/604/527
f 549/639/528 548/638/528 550/640/528
f 548/638/528 549/639/528 547/637/528
f 545/634/529 544/633/529 549/641/529
f 549/641/530 544/633/530 547/636/530
f 548/638/531 516/605/531 551/642/531
f 516/605/531 548/638/531 515/603/531
f 551/642/532 517/606/532 552/643/532
f 517/606/532 551/642/532 516/605/532
f 553/644/533 552/643/533 554/645/533
f 552/643/533 553/644/533 551/642/533
f 550/640/534 551/642/534 553/644/534
f 551/642/534 550/640/534 548/638/534
f 552/643/535 517/606/535 555/646/535
f 555/646/535 517/606/535 518/607/535
f 555/646/536 518/607/536 556/647/536
f 556/647/536 518/607/536 519/608/536
f 557/648/537 558/649/537 555/646/537
f 557/648/537 555/646/537 556/647/537
f 558/649/538 554/645/538 552/643/538
f 558/649/538 552/643/538 555/646/538
f 556/647/539 519/608/539 559/650/539
f 559/650/539 519/608/539 520/609/539
f 559/650/540 521/610/540 560/651/540
f 521/610/540 559/650/540 520/609/540
f 561/652/541 560/651/541 562/653/541
f 560/651/542 561/652/542 559/650/542
f 557/648/543 556/647/543 561/652/543
f 561/652/544 556/647/544 559/650/544
f 560/651/545 522/611/545 563/654/545
f 522/611/545 560/651/545 521/610/545
f 563/654/546 523/612/546 564/655/546
f 523/612/546 563/654/546 522/611/546
f 565/656/547 564/655/547 566/657/547
f 564/655/547 565/656/547 563/654/547
f 562/653/548 563/654/548 565/656/548
f 563/654/548 562/653/548 560/651/548
f 564/655/549 523/612/549 567/658/549
f 567/658/549 523/612/549 524/613/549
f 567/658/550 524/613/550 568/659/550
f 568/659/550 524/613/550 525/614/550
f 569/660/551 570/661/551 567/658/551
f 569/660/551 567/658/551 568/659/551
f 570/661/552 566/657/552 564/655/552
f 570/661/552 564/655/552 567/658/552
f 568/659/553 525/614/553 571/662/553
f 571/662/553 525/614/553 526/615/553
f 571/662/554 527/616/554 572/663/554
f 527/616/554 571/662/554 526/615/554
f 573/664/555 572/663/555 574/665/555
f 572/663/556 573/664/556 571/662/556
f 569/660/557 568/659/557 573/664/557
f 573/664/558 568/659/558 571/662/558
f 572/663/559 528/617/559 575/666/559
f 528/617/559 572/663/559 527/616/559
f 575/666/560 505/593/560 529/618/560
f 505/593/560 575/666/560 528/617/560
f 576/667/561 529/618/561 534/623/561
f 529/618/561 576/667/561 575/666/561
f 574/665/562 575/666/562 576/667/562
f 575/666/562 574/665/562 572/663/562
f 577/668/563 534/623/563 578/669/563
f 534/623/563 533/622/563 578/669/563
f 578/669/564 533/622/564 579/670/564
f 533/622/564 532/621/564 579/670/564
f 537/626/565 580/671/565 532/621/565
f 579/670/565 532/621/565 580/671/565
f 580/671/566 538/627/566 581/672/566
f 538/627/566 580/671/566 537/626/566
f 581/672/567 541/630/567 582/673/567
f 541/630/567 581/672/567 538/627/567
f 582/673/568 542/631/568 583/674/568
f 542/631/568 582/673/568 541/630/568
f 583/674/569 542/631/569 584/675/569
f 542/631/569 546/635/569 584/675/569
f 584/675/570 546/635/570 585/676/570
f 546/635/570 545/634/570 585/676/570
f 549/641/571 586/677/571 545/634/571
f 585/676/571 545/634/571 586/677/571
f 586/678/572 550/640/572 587/679/572
f 550/640/572 586/678/572 549/639/572
f 587/679/573 553/644/573 588/680/573
f 553/644/573 587/679/573 550/640/573
f 588/680/574 554/645/574 589/681/574
f 554/645/574 588/680/574 553/644/574
f 589/681/575 554/645/575 590/682/575
f 554/645/575 558/649/575 590/682/575
f 590/682/576 558/649/576 591/683/576
f 558/649/576 557/648/576 591/683/576
f 561/652/577 592/684/577 557/648/577
f 591/683/577 557/648/577 592/684/577
f 592/684/578 562/653/578 593/685/578
f 562/653/578 592/684/578 561/652/578
f 593/685/579 565/656/579 594/686/579
f 565/656/579 593/685/579 562/653/579
f 594/686/580 566/657/580 595/687/580
f 566/657/580 594/686/580 565/656/580
f 595/687/581 566/657/581 596/688/581
f 566/657/581 570/661/581 596/688/581
f 596/688/582 570/661/582 597/689/582
f 570/661/582 569/660/582 597/689/582
f 573/664/583 598/690/583 569/660/583
f 597/689/583 569/660/583 598/690/583
f 598/690/584 574/665/584 599/691/584
f 574/665/584 598/690/584 573/664/584
f 599/691/585 576/667/585 600/692/585
f 576/667/585 599/691/585 574/665/585
f 600/692/586 534/623/586 577/668/586
f 534/623/586 600/692/586 576/667/586
f 601/693/587 602/694/587 603/695/587
f 604/696/588 603/695/588 602/694/588
f 601/693/589 605/697/589 606/698/589
f 605/697/590 601/693/590 603/695/590
f 607/699/591 605/697/591 608/700/591
f 605/697/592 607/699/592 606/698/592
f 609/701/593 607/699/593 610/702/593
f 610/702/594 607/699/594 608/700/594
f 611/703/595 610/702/595 612/704/595
f 610/702/596 611/703/596 609/701/596
f 613/705/597 612/704/597 614/706/597
f 612/704/598 613/705/598 611/703/598
f 615/707/599 613/705/599 616/708/599
f 614/706/600 616/708/600 613/705/600
f 616/708/601 617/709/601 615/707/601
f 617/709/602 618/710/602 615/707/602
f 617/709/603 619/711/603 618/710/603
f 619/711/604 617/709/604 620/712/604
f 619/711/605 621/713/605 622/714/605
f 621/713/606 619/711/606 620/712/606
f 623/715/607 621/713/607 624/716/607
f 621/713/608 623/715/608 622/714/608
f 625/717/609 624/716/609 626/718/609
f 624/716/610 625/717/610 623/715/610
f 627/719/611 625/717/611 628/720/611
f 626/718/612 628/720/612 625/717/612
f 629/721/613 627/719/613 630/722/613
f 630/722/614 627/719/614 628/720/614
f 631/723/615 630/722/615 632/724/615
f 630/722/616 631/723/616 629/721/616
f 632/724/617 633/725/617 631/723/617
f 633/725/618 634/726/618 631/723/618
f 633/725/619 635/727/619 634/726/619
f 635/727/620 633/725/620 636/728/620
f 637/729/621 636/728/621 638/730/621
f 636/728/622 637/729/622 635/727/622
f 639/731/623 637/729/623 640/732/623
f 638/730/624 640/732/624 637/729/624
f 641/733/625 639/731/625 642/734/625
f 642/734/626 639/731/626 640/732/626
f 643/735/627 642/734/627 644/736/627
f 642/734/628 643/735/628 641/733/628
f 645/737/629 643/735/629 646/738/629
f 646/738/630 643/735/630 644/736/630
f 647/739/631 646/738/631 648/740/631
f 646/738/632 647/739/632 645/737/632
f 602/694/633 648/740/633 604/696/633
f 648/740/634 602/694/634 647/739/634
f 649/741/635 603/695/635 604/696/635
f 603/695/636 649/741/636 650/742/636
f 603/695/637 651/743/637 605/697/637
f 651/743/638 603/695/638 650/742/638
f 608/700/639 651/743/639 652/744/639
f 651/743/640 608/700/640 605/697/640
f 608/700/641 653/745/641 610/702/641
f 653/745/642 608/700/642 652/744/642
f 612/704/643 653/745/643 654/746/643
f 653/745/644 612/704/644 610/702/644
f 612/704/645 654/746/645 655/747/645
f 655/747/646 614/706/646 612/704/646
f 655/747/647 616/708/647 614/706/647
f 616/708/648 655/747/648 656/748/648
f 616/708/649 656/748/649 657/749/649
f 616/708/650 657/749/650 617/709/650
f 657/749/651 620/712/651 617/709/651
f 620/712/652 657/749/652 658/750/652
f 620/712/653 659/751/653 621/713/653
f 659/751/654 620/712/654 658/750/654
f 624/716/655 659/751/655 660/752/655
f 659/751/656 624/716/656 621/713/656
f 661/753/657 626/718/657 624/716/657
f 661/753/658 624/716/658 660/752/658
f 628/720/659 661/753/659 662/754/659
f 661/753/660 628/720/660 626/718/660
f 628/720/661 662/754/661 663/755/661
f 663/755/662 630/722/662 628/720/662
f 663/755/663 632/724/663 630/722/663
f 632/724/664 663/755/664 664/756/664
f 632/724/665 664/756/665 665/757/665
f 632/724/666 665/757/666 633/725/666
f 665/757/667 636/728/667 633/725/667
f 636/728/668 665/757/668 666/758/668
f 636/728/669 667/759/669 638/730/669
f 667/759/670 636/728/670 666/758/670
f 640/732/671 667/759/671 668/760/671
f 667/759/672 640/732/672 638/730/672
f 640/732/673 669/761/673 642/734/673
f 669/761/674 640/732/674 668/760/674
f 644/736/675 669/761/675 670/762/675
f 669/761/676 644/736/676 642/734/676
f 644/736/677 670/762/677 671/763/677
f 671/763/678 646/738/678 644/736/678
f 671/763/679 648/740/679 646/738/679
f 648/740/680 671/763/680 672/764/680
f 648/740/681 672/764/681 649/741/681
f 648/740/682 649/741/682 604/696/682
f 673/765/683 650/742/683 649/741/683
f 650/742/684 673/765/684 674/766/684
f 651/743/685 650/742/685 675/767/685
f 650/742/686 674/766/686 675/767/686
f 652/744/687 675/767/687 676/768/687
f 675/767/688 652/744/688 651/743/688
f 677/769/689 653/745/689 652/744/689
f 677/769/690 652/744/690 676/768/690
f 654/746/691 677/769/691 678/770/691
f 677/769/692 654/746/692 653/745/692
f 654/746/693 679/771/693 655/747/693
f 679/771/694 654/746/694 678/770/694
f 679/771/695 656/748/695 655/747/695
f 656/748/696 679/771/696 680/772/696
f 681/773/697 656/748/697 680/772/697
f 656/748/698 681/773/698 657/749/698
f 681/773/699 658/750/699 657/749/699
f 658/750/700 681/773/700 682/774/700
f 659/751/701 658/750/701 683/775/701
f 658/750/702 682/774/702 683/775/702
f 660/752/703 683/775/703 684/776/703
f 683/775/704 660/752/704 659/751/704
f 685/777/705 661/753/705 660/752/705
f 685/777/706 660/752/706 684/776/706
f 662/754/707 685/777/707 686/778/707
f 685/777/708 662/754/708 661/753/708
f 662/754/709 687/779/709 663/755/709
f 687/779/710 662/754/710 686/778/710
f 687/779/711 664/756/711 663/755/711
f 664/756/712 687/779/712 688/780/712
f 689/781/713 664/756/713 688/780/713
f 664/756/714 689/781/714 665/757/714
f 689/781/715 666/758/715 665/757/715
f 666/758/716 689/781/716 690/782/716
f 667/759/717 666/758/717 691/783/717
f 666/758/718 690/782/718 691/783/718
f 668/760/719 691/783/719 692/784/719
f 691/783/720 668/760/720 667/759/720
f 693/785/721 669/761/721 668/760/721
f 693/785/722 668/760/722 692/784/722
f 670/762/723 693/785/723 694/786/723
f 693/785/724 670/762/724 669/761/724
f 670/762/725 695/787/725 671/763/725
f 695/787/726 670/762/726 694/786/726
f 695/787/727 672/764/727 671/763/727
f 672/764/728 695/787/728 696/788/728
f 673/765/729 672/764/729 696/788/729
f 672/764/730 673/765/730 649/741/730
f 697/789/731 698/790/731 699/791/731
f 698/790/731 697/789/731 700/792/731
f 698/790/731 701/793/731 702/794/731
f 701/793/731 698/790/731 700/792/731
f 703/795/731 702/794/731 701/793/731
f 703/795/731 701/793/731 704/796/731
f 705/797/731 703/795/731 704/796/731
f 703/795/731 705/797/731 706/798/731
f 705/797/731 707/799/731 708/800/731
f 708/800/731 706/798/731 705/797/731
f 709/801/731 708/800/731 707/799/731
f 708/800/731 709/801/731 710/802/731
f 711/803/731 709/801/731 712/804/731
f 709/801/731 711/803/731 710/802/731
f 713/805/731 711/803/731 712/804/731
f 711/803/731 713/805/731 714/806/731
f 713/805/731 715/807/731 714/806/731
f 715/807/731 713/805/731 716/808/731
f 715/807/731 717/809/731 718/810/731
f 717/809/731 715/807/731 716/808/731
f 719/811/731 718/810/731 717/809/731
f 719/811/731 717/809/731 720/812/731
f 721/813/731 719/811/731 720/812/731
f 719/811/731 721/813/731 722/814/731
f 721/813/731 723/815/731 724/816/731
f 724/816/731 722/814/731 721/813/731
f 725/817/731 724/816/731 723/815/731
f 724/816/731 725/817/731 726/818/731
f 727/819/731 725/817/731 728/820/731
f 725/817/731 727/819/731 726/818/731
f 729/821/731 727/819/731 728/820/731
f 727/819/731 729/821/731 730/822/731
f 729/821/731 731/823/731 730/822/731
f 731/823/731 729/821/731 732/824/731
f 731/823/731 733/825/731 734/826/731
f 733/825/731 731/823/731 732/824/731
f 733/825/731 735/827/731 736/828/731
f 736/828/731 734/826/731 733/825/731
f 737/829/731 736/828/731 735/827/731
f 736/828/731 737/829/731 738/830/731
f 737/829/731 739/831/731 740/832/731
f 740/832/731 738/830/731 737/829/731
f 741/833/731 740/832/731 739/831/731
f 740/832/731 741/833/731 742/834/731
f 743/835/731 741/833/731 744/836/731
f 741/833/731 743/835/731 742/834/731
f 697/789/731 743/835/731 744/836/731
f 743/835/731 697/789/731 699/791/731
f 688/780/731 684/776/731 682/774/731
f 696/788/731 694/786/731 692/784/731
f 696/788/731 688/780/731 682/774/731
f 696/788/732 674/766/732 673/765/732
f 678/770/731 674/766/731 696/788/731
f 694/786/733 696/788/733 695/787/733
f 692/784/734 694/786/734 693/785/734
f 690/782/731 696/788/731 692/784/731
f 690/782/735 692/784/735 691/783/735
f 688/780/731 696/788/731 690/782/731
f 688/780/736 690/782/736 689/781/736
f 686/778/737 688/780/737 687/779/737
f 684/776/731 688/780/731 686/778/731
f 684/776/738 686/778/738 685/777/738
f 682/774/739 684/776/739 683/775/739
f 682/774/731 678/770/731 696/788/731
f 680/772/740 682/774/740 681/773/740
f 678/770/731 682/774/731 680/772/731
f 678/770/741 680/772/741 679/771/741
f 676/768/742 678/770/742 677/769/742
f 674/766/731 678/770/731 676/768/731
f 674/766/743 676/768/743 675/767/743
f 600/837/744 594/838/744 596/839/744
f 582/840/744 586/841/744 580/842/744
f 588/843/744 594/838/744 578/844/744
f 594/838/744 590/845/744 592/846/744
f 594/838/744 600/837/744 578/844/744
f 580/842/744 588/843/744 578/844/744
f 580/842/744 578/844/744 579/847/744
f 580/842/744 586/841/744 588/843/744
f 582/840/744 580/842/744 581/848/744
f 584/849/745 582/840/745 583/850/745
f 586/841/744 582/840/744 584/849/744
f 586/841/746 584/849/746 585/851/746
f 588/843/744 586/841/744 587/852/744
f 590/845/744 588/843/744 589/853/744
f 590/845/744 594/838/744 588/843/744
f 592/846/744 590/845/744 591/854/744
f 594/838/745 592/846/745 593/855/745
f 596/839/744 594/838/744 595/856/744
f 598/857/745 596/839/745 597/858/745
f 600/837/744 596/839/744 598/857/744
f 600/837/744 598/857/744 599/859/744
f 578/844/744 600/837/744 577/860/744
f 699/791/747 698/790/747 2/2/747
f 4/4/748 2/2/748 698/790/748
f 698/790/749 702/794/749 4/4/749
f 6/6/750 4/4/750 702/794/750
f 702/794/751 8/8/751 6/6/751
f 8/8/752 702/794/752 703/795/752
f 703/795/753 706/798/753 8/8/753
f 9/9/754 8/8/754 706/798/754
f 706/798/755 11/11/755 9/9/755
f 11/11/756 706/798/756 708/800/756
f 708/800/757 13/13/757 11/11/757
f 13/13/758 708/800/758 710/802/758
f 710/802/759 711/803/759 13/13/759
f 16/16/760 13/13/760 711/803/760
f 711/803/761 714/806/761 16/16/761
f 18/18/762 16/16/762 714/806/762
f 714/806/763 20/20/763 18/18/763
f 20/20/764 714/806/764 715/807/764
f 715/807/765 718/810/765 20/20/765
f 21/21/766 20/20/766 718/810/766
f 718/810/767 23/23/767 21/21/767
f 23/23/768 718/810/768 719/811/768
f 719/811/769 25/25/769 23/23/769
f 25/25/770 719/811/770 722/814/770
f 722/814/771 724/816/771 25/25/771
f 28/28/772 25/25/772 724/816/772
f 724/816/773 726/818/773 28/28/773
f 30/30/774 28/28/774 726/818/774
f 726/818/775 32/32/775 30/30/775
f 32/32/776 726/818/776 727/819/776
f 730/822/777 32/32/777 727/819/777
f 32/32/778 730/822/778 33/33/778
f 730/822/779 35/35/779 33/33/779
f 35/35/780 730/822/780 731/823/780
f 731/823/781 37/37/781 35/35/781
f 37/37/782 731/823/782 734/826/782
f 734/826/783 736/828/783 37/37/783
f 40/40/784 37/37/784 736/828/784
f 736/828/785 738/830/785 40/40/785
f 42/42/786 40/40/786 738/830/786
f 44/44/787 738/830/787 740/832/787
f 738/830/788 44/44/788 42/42/788
f 45/45/789 44/44/789 742/834/789
f 742/834/790 44/44/790 740/832/790
f 742/834/791 47/47/791 45/45/791
f 47/47/792 742/834/792 743/835/792
f 743/835/793 2/2/793 47/47/793
f 2/2/794 743/835/794 699/791/794
f 745/861/795 700/792/795 697/789/795
f 700/792/796 745/861/796 746/862/796
f 746/862/797 747/863/797 700/792/797
f 700/792/798 747/863/798 701/793/798
f 704/796/799 747/863/799 748/864/799
f 747/863/800 704/796/800 701/793/800
f 705/797/801 704/796/801 749/865/801
f 749/865/802 704/796/802 748/864/802
f 707/799/803 749/865/803 750/866/803
f 749/865/804 707/799/804 705/797/804
f 709/801/805 707/799/805 751/867/805
f 751/867/806 707/799/806 750/866/806
f 712/804/807 751/867/807 752/868/807
f 751/867/808 712/804/808 709/801/808
f 713/805/809 712/804/809 753/869/809
f 752/868/810 753/869/810 712/804/810
f 753/869/811 716/808/811 713/805/811
f 716/808/812 753/869/812 754/870/812
f 716/808/813 755/871/813 717/809/813
f 754/870/814 755/871/814 716/808/814
f 720/812/815 755/871/815 756/872/815
f 755/871/816 720/812/816 717/809/816
f 721/813/817 720/812/817 757/873/817
f 757/873/818 720/812/818 756/872/818
f 723/815/819 757/873/819 758/874/819
f 757/873/820 723/815/820 721/813/820
f 725/817/821 723/815/821 759/875/821
f 759/875/822 723/815/822 758/874/822
f 728/820/823 759/875/823 760/876/823
f 759/875/824 728/820/824 725/817/824
f 729/821/825 728/820/825 761/877/825
f 760/876/826 761/877/826 728/820/826
f 761/877/827 732/824/827 729/821/827
f 732/824/828 761/877/828 762/878/828
f 732/824/829 763/879/829 733/825/829
f 762/878/830 763/879/830 732/824/830
f 735/827/831 763/879/831 764/880/831
f 763/879/832 735/827/832 733/825/832
f 737/829/833 735/827/833 765/881/833
f 765/881/834 735/827/834 764/880/834
f 739/831/835 765/881/835 766/882/835
f 765/881/836 739/831/836 737/829/836
f 741/833/837 739/831/837 767/883/837
f 767/883/838 739/831/838 766/882/838
f 744/836/839 767/883/839 768/884/839
f 767/883/840 744/836/840 741/833/840
f 697/789/841 744/836/841 745/861/841
f 768/884/842 745/861/842 744/836/842
f 769/885/843 746/886/843 770/887/843
f 746/886/843 769/885/843 747/888/843
f 770/887/844 745/889/844 771/890/844
f 745/889/844 770/887/844 746/886/844
f 749/891/845 772/892/845 773/893/845
f 772/892/845 749/891/845 748/894/845
f 772/892/846 747/888/846 769/885/846
f 747/888/846 772/892/846 748/894/846
f 774/895/847 751/896/847 750/897/847
f 751/896/847 774/895/847 775/898/847
f 750/897/848 773/893/848 774/895/848
f 773/893/848 750/897/848 749/891/848
f 776/899/849 752/900/849 777/901/849
f 752/900/849 776/899/849 753/902/849
f 777/901/850 751/896/850 775/898/850
f 751/896/850 777/901/850 752/900/850
f 755/903/851 778/904/851 779/905/851
f 778/904/851 755/903/851 754/906/851
f 778/904/852 753/902/852 776/899/852
f 753/902/852 778/904/852 754/906/852
f 780/907/853 757/908/853 756/909/853
f 757/908/853 780/907/853 781/910/853
f 756/909/854 779/905/854 780/907/854
f 779/905/854 756/909/854 755/903/854
f 782/911/855 758/912/855 783/913/855
f 758/912/855 782/911/855 759/914/855
f 783/913/856 757/908/856 781/910/856
f 757/908/856 783/913/856 758/912/856
f 761/915/857 784/916/857 785/917/857
f 784/916/857 761/915/857 760/918/857
f 784/916/858 759/914/858 782/911/858
f 759/914/858 784/916/858 760/918/858
f 786/919/859 763/920/859 762/921/859
f 763/920/859 786/919/859 787/922/859
f 762/921/860 785/917/860 786/919/860
f 785/917/860 762/921/860 761/915/860
f 788/923/861 764/924/861 789/925/861
f 764/924/861 788/923/861 765/926/861
f 789/925/862 763/920/862 787/922/862
f 763/920/862 789/925/862 764/924/862
f 767/927/863 790/928/863 791/929/863
f 790/928/863 767/927/863 766/930/863
f 790/928/864 765/926/864 788/923/864
f 765/926/864 790/928/864 766/930/864
f 792/931/865 745/889/865 768/932/865
f 745/889/865 792/931/865 771/890/865
f 768/932/866 791/929/866 792/931/866
f 791/929/866 768/932/866 767/927/866
f 793/933/867 770/887/867 794/934/867
f 770/887/867 793/933/867 769/885/867
f 601/693/868 606/698/868 794/934/868
f 793/933/868 794/934/868 606/698/868
f 794/934/869 771/890/869 795/935/869
f 771/890/869 794/934/869 770/887/869
f 602/694/870 794/934/870 795/935/870
f 794/934/870 602/694/870 601/693/870
f 773/893/871 772/892/871 796/936/871
f 772/892/871 797/937/871 796/936/871
f 796/936/872 797/937/872 609/701/872
f 797/937/872 607/699/872 609/701/872
f 772/892/873 793/933/873 797/937/873
f 793/933/873 772/892/873 769/885/873
f 797/937/874 606/698/874 607/699/874
f 606/698/874 797/937/874 793/933/874
f 775/898/875 798/938/875 799/939/875
f 798/938/875 775/898/875 774/895/875
f 798/938/876 613/705/876 799/939/876
f 613/705/876 798/938/876 611/703/876
f 774/895/877 796/936/877 798/938/877
f 796/936/877 774/895/877 773/893/877
f 798/938/878 609/701/878 611/703/878
f 609/701/878 798/938/878 796/936/878
f 800/940/879 777/901/879 801/941/879
f 777/901/879 800/940/879 776/899/879
f 618/710/880 801/941/880 615/707/880
f 801/941/880 618/710/880 800/940/880
f 801/941/881 775/898/881 799/939/881
f 775/898/881 801/941/881 777/901/881
f 613/705/882 801/941/882 799/939/882
f 801/941/882 613/705/882 615/707/882
f 802/942/883 803/943/883 778/904/883
f 779/905/883 778/904/883 803/943/883
f 619/711/884 622/714/884 802/942/884
f 803/943/884 802/942/884 622/714/884
f 800/940/885 778/904/885 776/899/885
f 778/904/885 800/940/885 802/942/885
f 618/710/886 802/942/886 800/940/886
f 802/942/886 618/710/886 619/711/886
f 781/910/887 804/944/887 805/945/887
f 804/944/887 781/910/887 780/907/887
f 805/945/888 804/944/888 625/717/888
f 625/717/888 804/944/888 623/715/888
f 780/907/889 803/943/889 804/944/889
f 803/943/889 780/907/889 779/905/889
f 804/944/890 622/714/890 623/715/890
f 622/714/890 804/944/890 803/943/890
f 806/946/891 783/913/891 807/947/891
f 783/913/891 806/946/891 782/911/891
f 807/947/892 629/721/892 806/946/892
f 629/721/892 807/947/892 627/719/892
f 807/947/893 781/910/893 805/945/893
f 781/910/893 807/947/893 783/913/893
f 807/947/894 625/717/894 627/719/894
f 625/717/894 807/947/894 805/945/894
f 808/948/895 784/916/895 809/949/895
f 784/916/895 808/948/895 785/917/895
f 634/726/896 809/949/896 631/723/896
f 809/949/896 634/726/896 808/948/896
f 806/946/897 784/916/897 782/911/897
f 784/916/897 806/946/897 809/949/897
f 629/721/898 809/949/898 806/946/898
f 809/949/898 629/721/898 631/723/898
f 787/922/899 810/950/899 811/951/899
f 810/950/899 787/922/899 786/919/899
f 635/727/900 637/729/900 810/950/900
f 811/951/900 810/950/900 637/729/900
f 786/919/901 808/948/901 810/950/901
f 808/948/901 786/919/901 785/917/901
f 634/726/902 810/950/902 808/948/902
f 810/950/902 634/726/902 635/727/902
f 812/952/903 789/925/903 813/953/903
f 789/925/903 812/952/903 788/923/903
f 812/952/904 813/953/904 641/733/904
f 813/953/904 639/731/904 641/733/904
f 813/953/905 787/922/905 811/951/905
f 787/922/905 813/953/905 789/925/905
f 813/953/906 637/729/906 639/731/906
f 637/729/906 813/953/906 811/951/906
f 790/928/907 814/954/907 791/929/907
f 814/954/907 790/928/907 815/955/907
f 815/955/908 645/737/908 814/954/908
f 645/737/908 815/955/908 643/735/908
f 790/928/909 812/952/909 815/955/909
f 812/952/909 790/928/909 788/923/909
f 815/955/910 641/733/910 643/735/910
f 641/733/910 815/955/910 812/952/910
f 771/890/911 816/956/911 795/935/911
f 816/956/911 771/890/911 792/931/911
f 602/694/912 816/956/912 647/739/912
f 816/956/912 602/694/912 795/935/912
f 792/931/913 814/954/913 816/956/913
f 814/954/913 792/931/913 791/929/913
f 645/737/914 816/956/914 814/954/914
f 816/956/914 645/737/914 647/739/914
o Cylinder190
v 0.000000 28.343473 -1.000002
v -0.866025 28.343473 -0.500002
v -0.500000 28.343473 -0.866027
v -1.000000 28.343473 -0.000002
v -0.866026 28.343473 0.499998
v 0.866025 28.343473 -0.500002
v 0.499999 28.343473 0.866024
v 1.000000 28.343473 -0.000002
v 0.866025 28.343473 0.499999
v -0.500000 28.343473 0.866023
v 0.000000 28.343473 0.999998
v 0.500000 28.343473 -0.866027
v 1.000000 128.343475 -0.000010
v 0.866025 128.343475 -0.500010
v 0.500000 128.343475 -0.866035
v 0.000000 128.343475 -1.000010
v -0.500000 128.343475 -0.866035
v -0.866025 128.343475 -0.500010
v -1.000000 128.343475 -0.000010
v -0.866026 128.343475 0.499990
v -0.500000 128.343475 0.866015
v 0.000000 128.343475 0.999990
v 0.499999 128.343475 0.866016
v 0.866025 128.343475 0.499991
vn -0.0000 -1.0000 -0.0000
vn 0.9659 -0.0000 -0.2588
vn 0.7071 -0.0000 -0.7071
vn 0.2588 -0.0000 -0.9659
vn -0.2588 -0.0000 -0.9659
vn -0.7071 -0.0000 -0.7071
vn -0.9659 -0.0000 -0.2588
vn -0.9659 -0.0000 0.2588
vn -0.7071 -0.0000 0.7071
vn -0.2588 -0.0000 0.9659
vn 0.2588 -0.0000 0.9659
vn 0.7071 -0.0000 0.7071
vn 0.9659 -0.0000 0.2588
vn -0.0000 1.0000 -0.0000
vn -0.0000 1.0000 0.0001
vn -0.0000 1.0000 -0.0001
vt 0.076039 0.032943
vt 0.071061 0.024320
vt 0.074706 0.027965
vt 0.066080 0.022986
vt 0.061101 0.024320
vt 0.071061 0.041566
vt 0.057456 0.037921
vt 0.066080 0.042901
vt 0.061101 0.041566
vt 0.057456 0.027965
vt 0.056122 0.032943
vt 0.074706 0.037921
vt 0.010257 0.000638
vt 0.010478 0.996889
vt 0.005491 0.000652
vt 0.005608 0.996900
vt 0.000500 0.000659
vt 0.000534 0.996904
vt 0.055533 0.000500
vt 0.055650 0.996745
vt 0.050453 0.000504
vt 0.050649 0.996753
vt 0.045597 0.000516
vt 0.045870 0.996767
vt 0.040948 0.000531
vt 0.041286 0.996782
vt 0.036476 0.000547
vt 0.036863 0.996798
vt 0.032117 0.003234
vt 0.032548 0.999485
vt 0.027832 0.003249
vt 0.028277 0.999500
vt 0.023566 0.000592
vt 0.023992 0.996843
vt 0.019253 0.000607
vt 0.019631 0.996858
vt 0.014837 0.000623
vt 0.015141 0.996874
vt 0.076042 0.010457
vt 0.061100 0.019078
vt 0.071063 0.001835
vt 0.057456 0.005480
vt 0.057456 0.015433
vt 0.071063 0.019078
vt 0.074708 0.015433
vt 0.066081 0.000500
vt 0.061101 0.001835
vt 0.074708 0.005480
vt 0.066081 0.020414
vt 0.056122 0.010457
s 0
usemtl wire_153228153
f 817/957/915 818/958/915 819/959/915
f 818/958/915 817/957/915 820/960/915
f 821/961/915 817/957/915 822/962/915
f 823/963/915 824/964/915 825/965/915
f 826/966/915 822/962/915 823/963/915
f 826/966/915 823/963/915 827/967/915
f 821/961/915 822/962/915 826/966/915
f 817/957/915 821/961/915 820/960/915
f 822/962/915 817/957/915 828/968/915
f 824/964/915 823/963/915 822/962/915
f 829/969/916 824/970/916 830/971/916
f 830/971/916 824/970/916 822/972/916
f 830/971/917 822/972/917 831/973/917
f 831/973/917 822/972/917 828/974/917
f 831/975/918 828/976/918 832/977/918
f 832/977/918 828/976/918 817/978/918
f 832/977/919 817/978/919 833/979/919
f 833/979/919 817/978/919 819/980/919
f 833/979/920 819/980/920 834/981/920
f 834/981/920 819/980/920 818/982/920
f 834/981/921 818/982/921 835/983/921
f 835/983/921 818/982/921 820/984/921
f 835/983/922 820/984/922 836/985/922
f 836/985/922 820/984/922 821/986/922
f 836/985/923 821/986/923 837/987/923
f 837/987/923 821/986/923 826/988/923
f 837/987/924 826/988/924 838/989/924
f 838/989/924 826/988/924 827/990/924
f 838/989/925 827/990/925 839/991/925
f 839/991/925 827/990/925 823/992/925
f 839/991/926 823/992/926 840/993/926
f 840/993/926 823/992/926 825/994/926
f 840/993/927 825/994/927 829/969/927
f 829/969/927 825/994/927 824/970/927
f 832/995/928 836/996/928 830/997/928
f 839/998/928 830/997/928 837/999/928
f 834/1000/928 832/995/928 833/1001/928
f 829/1002/928 839/998/928 840/1003/928
f 830/997/928 839/998/928 829/1002/928
f 832/995/929 830/997/929 831/1004/929
f 835/1005/928 832/995/928 834/1000/928
f 836/996/928 832/995/928 835/1005/928
f 837/999/928 830/997/928 836/996/928
f 839/998/930 837/999/930 838/1006/930
