# Blender 4.2.3 LTS
# www.blender.org
mtllib tree.mtl
o _6_tree
v 0.413804 1.243591 0.889412
v 0.436061 1.338427 0.698442
v 0.570117 1.330692 0.867488
v 0.543069 1.343940 0.742507
v 0.298462 1.283569 0.880398
v 0.299624 1.357903 0.779433
v 0.591507 1.435274 0.941600
v 0.573458 1.492024 0.834410
v 0.262633 1.435274 0.813725
v 0.490040 1.397632 1.336235
v 0.201296 1.298726 1.258429
v 0.165547 1.283112 1.157137
v 0.533203 1.306836 0.942700
v 0.201070 1.534308 1.215331
v 0.351157 1.201177 1.121220
v 0.445788 1.219008 1.195468
v 0.418904 1.272778 1.362785
v 0.480357 1.209188 1.052089
v 0.311997 1.203432 0.969043
v 0.183015 1.279903 0.967002
v 0.603932 1.408331 1.211462
v 0.580737 1.408330 1.023888
v 0.351128 1.408331 1.420145
v 0.123373 1.462842 1.143289
v 0.218937 1.408331 1.330896
v 0.232150 1.402275 0.884649
v 0.101014 1.416486 1.010103
v 0.527032 1.550418 1.274368
v 0.290063 1.530460 1.338067
v 0.395906 1.602158 1.242519
v 0.745466 1.621050 0.730767
v 0.597381 1.807410 0.699715
v 0.782390 1.840075 0.896836
v 0.648102 1.512323 0.987468
v 0.605043 1.598444 1.122172
v 0.757989 1.588469 0.896836
v 0.645953 1.516623 0.808073
v 0.618448 1.571634 0.622128
v 0.767200 1.719817 0.975188
v 0.543860 1.720810 1.191537
v 0.696362 1.720810 1.148023
v 0.706752 1.720810 0.628533
v 0.645058 1.837615 1.142362
v 0.482278 1.843974 1.123640
v 0.694074 1.835565 0.766233
v 0.582068 1.920878 1.037562
v 0.664787 1.916475 0.896836
v 0.585873 1.940803 0.742095
v 0.060506 1.477291 1.007952
v 0.340421 1.681571 1.231222
v 0.282189 1.578876 1.239538
v 0.124059 1.586876 1.275656
v 0.223743 1.703186 1.229860
v 0.316765 1.769446 1.144094
v 0.041764 1.425831 0.771178
v -0.032827 1.584884 1.045904
v -0.190873 1.849358 0.973442
v -0.004037 1.465755 0.939869
v -0.104661 1.468658 0.771178
v -0.166888 1.546182 0.952590
v -0.245915 1.705580 0.883035
v -0.125065 1.705580 1.045963
v -0.011884 1.812874 0.968759
v 0.088962 1.952721 0.945015
v 0.509421 1.288039 0.015300
v 0.726908 1.326291 -0.291597
v 0.728047 1.461098 -0.194684
v 0.540120 1.219197 -0.110817
v 0.615462 1.284145 -0.013735
v 0.641922 1.229313 -0.260316
v 0.427659 1.274275 -0.074027
v 0.524972 1.210025 -0.299860
v 0.442336 1.285487 -0.302580
v 0.616398 1.280361 -0.378702
v 0.697425 1.331416 -0.103104
v 0.658124 1.385387 -0.020902
v 0.617307 1.414083 -0.371135
v 0.657719 1.450027 -0.115317
v 0.247717 1.201982 -0.085388
v 0.381604 1.405127 0.031019
v 0.339919 1.303470 -0.005223
v 0.201783 1.247356 -0.254567
v 0.307541 1.368228 -0.305719
v -0.778756 1.387986 0.276046
v -0.960232 1.364243 0.041320
v -0.789348 1.364280 -0.240012
v -0.899547 1.606413 0.208936
v -0.612468 1.598992 -0.178608
v -0.712964 1.772711 0.041320
v -0.792410 1.340319 0.013974
v -0.854526 1.379731 0.164400
v -0.873104 1.365539 -0.097913
v -0.691504 1.492786 0.281155
v -0.871750 1.487877 -0.220218
v -0.939080 1.487877 -0.046599
v -0.779393 1.620734 0.285976
v -0.913951 1.599044 -0.018164
v -0.793407 1.648763 -0.254951
v -0.812617 1.687183 0.127962
v -0.812533 1.687016 -0.045249
v -0.571362 1.011082 0.073759
v -0.622818 1.165842 0.315798
v -0.484180 1.115535 0.149559
v -0.515181 1.177538 0.280672
v -0.725070 1.079862 0.073032
v -0.736431 1.163797 -0.069759
v -0.727622 1.289900 0.331137
v -0.634036 1.669839 -0.073619
v -0.454069 1.279679 0.309632
v -0.275414 1.312808 0.238522
v -0.313227 1.388436 -0.190422
v -0.611734 1.570458 0.449429
v -0.416833 1.548391 -0.266623
v -0.679942 1.708802 0.110753
v -0.318644 0.784311 -0.207222
v -0.361083 0.843518 -0.145740
v -0.327712 0.947890 -0.137728
v -0.281273 0.960976 -0.378977
v -0.254621 0.953384 -0.166961
v -0.300542 0.840645 -0.097659
v -0.244305 0.851158 -0.151845
v -0.241984 0.834930 -0.291374
v -0.435967 0.838107 -0.167502
v -0.354750 0.790486 -0.297308
v -0.298261 0.836082 -0.343936
v -0.223130 0.905233 -0.259253
v -0.243795 0.914802 -0.156923
v -0.535116 0.869544 -0.386318
v -0.495598 0.861361 -0.470364
v -0.336166 0.894661 -0.375919
v -0.457925 0.829738 -0.302830
v -0.543325 0.784137 -0.312870
v -0.549360 0.856815 -0.228948
v -0.426391 0.851976 -0.452179
v -0.545768 0.930552 -0.465938
v -0.586624 0.937336 -0.278188
v -0.399890 0.930552 -0.400075
v -0.457397 0.938157 -0.489523
v -0.489146 1.003172 -0.446598
v -0.355359 1.008376 -0.374835
v -0.522968 0.926028 -0.035043
v -0.564759 0.933809 -0.151506
v -0.446766 0.908805 -0.086183
v -0.316822 0.987444 -0.115953
v -0.343948 1.001673 -0.011366
v -0.521846 1.015822 -0.186885
v -0.244323 1.038138 -0.221746
v -0.355991 1.044463 -0.399426
v -0.167498 1.107147 -0.201318
v -0.276785 1.050514 -0.167372
v -0.204786 1.035582 -0.260132
v -0.291417 1.052150 -0.358667
v -0.211146 1.167439 -0.337834
v -0.375734 1.103621 -0.341055
v -0.233562 1.057983 -0.346456
v -0.289012 1.155876 -0.407862
v -0.268428 1.210003 -0.257562
v 0.666094 1.522956 -0.088909
v 0.474383 1.643839 -0.500033
v 0.669635 1.519616 -0.392883
v 0.560463 1.733123 -0.000654
v 0.636589 1.649485 -0.468437
v 0.657910 1.808930 -0.231891
v 0.500566 1.892926 -0.243276
v 0.570162 1.486405 -0.005644
v 0.718930 1.496736 -0.260424
v 0.459146 1.438892 -0.373815
v 0.321568 1.494840 -0.392110
v 0.561728 1.494307 -0.486368
v 0.736387 1.627451 -0.147388
v 0.751074 1.627451 -0.340691
v 0.354200 1.627451 -0.473353
v 0.655635 1.750047 -0.101657
v 0.430140 1.757484 -0.480639
v 0.657026 1.751111 -0.381922
v 0.516453 1.832471 -0.102043
v 0.533843 1.830024 -0.383673
v -0.382936 1.521791 0.797874
v -0.581832 1.868720 0.392123
v -0.330554 1.401585 0.604943
v -0.521812 1.508828 0.611839
v -0.273904 1.698214 0.817489
v -0.635036 1.698214 0.536713
v -0.495960 1.698214 0.762047
v -0.404025 1.958457 0.509429
v 0.263250 1.326920 0.374663
v 0.509018 1.546319 0.588343
v 0.571294 1.507832 0.106839
v 0.585768 1.859474 0.374663
v 0.204273 1.389395 0.591884
v 0.423537 1.377639 0.514023
v 0.558148 1.515954 0.374663
v 0.416074 1.392564 0.241793
v 0.605614 1.698214 0.241544
v 0.486101 1.894606 0.589311
v 0.532361 1.903798 0.140686
v -0.035444 1.205920 0.000236
v -0.139533 1.387867 -0.383134
v 0.059628 1.710127 -0.349927
v -0.090070 1.270260 0.201428
v 0.111569 1.262262 0.128056
v -0.231534 1.239009 0.000236
v -0.094678 1.246133 -0.217926
v 0.051037 1.383328 -0.318273
v -0.243476 1.556291 -0.342414
v -0.035444 1.556291 -0.439588
v -0.130601 1.746604 -0.350223
v 0.003596 1.426383 0.633115
v -0.176781 1.407275 0.643606
v -0.050786 1.297237 0.537784
v -0.069571 1.374744 0.668153
v -0.030980 1.297558 0.375394
v -0.159749 1.314568 0.336025
v 0.341665 2.162270 0.953119
v 0.055501 2.131893 0.785746
v 0.503340 2.144850 0.629443
v 0.253784 2.262927 0.629443
v 0.537336 2.020071 0.739695
v 0.490730 2.020071 0.537312
v 0.447866 2.020071 0.949118
v 0.076718 2.020071 0.921091
v 0.453178 2.172397 0.802805
v 0.167731 2.192178 0.946376
v 0.460851 2.178257 0.449410
v 0.326613 2.295176 0.787115
v 0.157010 2.213620 0.713583
v 0.294030 2.230804 0.481215
v 0.168120 1.759050 -0.356514
v 0.326838 2.015869 -0.354924
v 0.511813 2.036638 -0.034343
v 0.474882 1.887809 0.024905
v 0.528184 1.887809 -0.172492
v 0.062066 1.887809 -0.369184
v 0.432424 1.887809 -0.367700
v 0.247695 1.887809 -0.386951
v 0.176646 2.029907 -0.325103
v 0.408866 2.148590 -0.063431
v 0.302945 2.131552 -0.228968
v -0.343998 1.831467 -0.201472
v -0.158936 1.863585 -0.283829
v -0.223625 1.967469 -0.212215
v 0.321753 1.866996 1.093536
v 0.257930 1.775903 1.200594
v 0.226012 1.857510 1.036997
v 0.290507 1.965325 1.011111
v 0.177137 1.955261 0.966398
v 0.491841 2.122481 0.250433
v 0.536159 1.996053 0.365980
v 0.463377 1.996053 0.163184
v 0.442531 2.151549 0.073462
v 0.361944 2.207409 0.242354
v -0.282003 2.352469 0.507280
v 0.214928 2.325066 0.357171
v -0.069503 2.537070 0.359838
v -0.241750 2.237545 0.642287
v 0.099322 2.369263 0.506622
v -0.138711 2.378706 0.614727
v -0.006608 2.436250 0.559620
v 0.076072 2.475835 0.359838
v 0.045079 2.115152 -0.298177
v -0.215405 1.966972 -0.246513
v -0.044781 1.969751 -0.285782
v -0.122191 2.124571 -0.252311
v -0.611340 1.920001 0.134809
v -0.432687 1.918143 -0.165566
v -0.275488 2.172505 -0.143797
v -0.556828 1.892966 -0.044033
v -0.612733 2.050106 0.236526
v -0.526030 2.050106 0.422884
v -0.525395 2.050106 -0.152221
v -0.624753 2.050106 0.028418
v -0.351132 2.050106 -0.209387
v -0.622742 2.217487 0.123431
v -0.433266 2.214374 -0.167688
v -0.522149 2.309446 0.336328
v -0.418808 2.467127 0.003126
v -0.136030 2.448917 -0.119614
v -0.172923 2.563507 0.021904
v -0.376409 2.309066 0.469867
v -0.370292 2.261856 -0.035716
v -0.225678 2.303858 -0.134951
v -0.303387 2.459276 0.496773
v -0.488512 2.466300 0.210572
v -0.029071 2.431855 0.039981
v -0.182109 2.531994 0.371041
v -0.089987 2.523410 0.210572
v -0.370873 2.594251 0.336810
v -0.356012 2.564528 0.097255
v 0.148345 2.302072 -0.182311
v 0.073651 2.458494 0.092794
v -0.072272 2.156350 -0.160989
v 0.232983 2.144450 -0.149321
v 0.073651 2.181211 -0.180210
v 0.243536 2.310993 0.240499
v 0.284011 2.336045 0.013865
v 0.215564 2.410832 0.092794
v -0.051237 2.397919 0.020760
v 0.116437 2.405249 -0.064793
v -0.215181 1.780861 0.802647
v -0.045681 2.106305 0.895883
v -0.318434 1.828930 0.770951
v -0.405980 1.933723 0.698491
v -0.276617 1.981882 0.866392
v -0.208789 2.134740 0.866681
v -0.348093 2.121262 0.612671
v -0.075963 2.225954 0.784348
v -0.258593 1.064967 0.021611
v -0.400854 1.280106 -0.361079
v -0.277044 1.278402 -0.151540
v -0.397338 1.067235 0.070941
v -0.605760 1.074976 -0.280230
v -0.293810 1.188050 -0.087798
v -0.607774 1.188050 -0.398655
v -0.634845 1.188050 -0.220401
v -0.457746 1.188050 -0.366754
v -0.518051 1.308661 -0.373644
v -0.342475 1.276111 -0.251762
v -0.582923 1.299261 -0.293476
v -0.481209 1.497136 -0.309051
v -0.658503 1.282310 -0.170595
v -0.655266 1.401276 -0.279961
v -0.540452 1.401276 -0.317269
v -0.587989 1.496349 -0.265928
v -0.302343 1.275838 0.213742
v -0.338436 1.196965 0.050846
v -0.643260 1.248940 -0.193061
v -0.619286 1.288203 -0.292062
v -0.299880 1.281018 -0.051547
v -0.509720 1.314945 -0.260004
v -0.437271 1.356465 -0.287903
v -0.407397 1.375042 -0.297058
v -0.293327 2.170204 0.500329
v -0.133959 2.296795 -0.119338
v -0.101764 2.316393 -0.118846
v -0.373585 2.027848 0.469333
v -0.465021 2.218022 0.296704
v -0.327497 2.080360 0.453709
v -0.410071 2.198313 0.389069
v -0.328781 2.132188 0.442953
v -0.270271 2.248360 -0.142685
v -0.481766 2.318234 0.016927
v -0.518685 2.295785 0.081284
v -0.509430 2.283130 0.220027
v -0.233083 2.104668 -0.152354
v 0.083987 2.093834 -0.222021
v 0.032355 2.127369 -0.214091
v -0.165822 2.205961 -0.089156
v -0.103315 2.169652 -0.181518
v -0.200162 2.175558 -0.044519
v -0.261308 2.183086 0.520009
v 0.165142 2.351466 0.302616
v 0.094862 2.417502 0.263525
v -0.254614 2.409410 0.522498
v -0.215215 2.436520 0.467130
v 0.016938 2.436850 0.160561
v -0.041268 2.468291 0.204975
v -0.057024 2.494709 0.276602
v -0.107070 2.463600 0.327176
v -0.138506 2.523556 0.409083
v -0.186318 2.479890 0.454551
v 0.324920 2.178415 0.044696
v 0.253794 2.260830 0.301809
v -0.109167 1.845951 -0.267144
v -0.378187 1.912612 -0.142327
v -0.404921 1.874859 -0.002143
v -0.257037 2.038857 -0.218380
v -0.298648 1.988148 -0.161371
v 0.031159 1.814429 -0.257852
v 0.065971 2.030984 -0.277661
v 0.450972 2.098320 0.024449
v 0.138651 2.118946 -0.264610
v 0.204583 2.147932 -0.218910
v 0.313405 2.167889 -0.031538
v 0.330332 2.135541 -0.007655
v 0.388890 1.958304 0.937941
v 0.261601 2.002429 0.940157
v 0.213712 1.963129 0.935110
v 0.038736 2.175769 0.798273
v 0.126939 2.278768 0.607824
v 0.144105 2.252284 0.534084
v 0.094426 2.226122 0.633891
v 0.217067 2.283890 0.484632
v 0.448945 2.005553 0.434113
v 0.414770 2.140521 0.424604
v 0.283855 2.229986 0.433762
v -0.113838 1.342418 0.284402
v 0.098375 1.739425 -0.303349
v -0.272943 1.700906 -0.229317
v -0.049139 1.815859 -0.244786
v 0.244905 2.265371 0.344286
v 0.248359 2.233846 0.432745
v 0.074380 2.215185 0.667494
v -0.040492 2.245092 0.720550
v 0.048756 2.145635 0.685222
v 0.065138 1.392935 0.317165
v 0.048412 1.381380 0.356145
v 0.207558 1.367295 0.173346
v 0.075661 1.375200 0.448129
v 0.447255 1.875564 0.111634
v 0.513340 1.830608 0.078546
v 0.472802 1.921824 0.177301
v 0.498190 1.969838 0.379631
v 0.508106 1.917707 0.554532
v -0.264478 1.393618 0.573325
v -0.266363 1.334844 0.373928
v -0.168098 1.474171 0.691691
v -0.557332 1.874509 0.238624
v -0.382819 1.958622 0.590795
v -0.358035 1.902444 0.714592
v -0.389043 1.908412 0.783792
v -0.551016 1.893949 0.304791
v -0.484326 1.982269 0.439551
v -0.382833 2.012754 0.516015
v 0.494052 1.631208 0.046715
v 0.426419 1.578451 0.026230
v 0.298877 1.740664 -0.387747
v 0.304280 1.684728 -0.228281
v 0.472712 1.714370 0.016620
v 0.499970 1.759198 0.000214
v 0.409867 1.846770 -0.356850
v 0.338540 1.774978 -0.327737
v 0.505593 1.843156 -0.150656
v -0.268198 1.099582 -0.117422
v -0.342989 1.069435 -0.171434
v -0.411945 1.051156 -0.357786
v -0.366242 1.171983 -0.351718
v -0.327763 1.214915 -0.376109
v -0.242326 1.227371 -0.235262
v -0.282186 1.162814 -0.184270
v -0.291550 1.253934 -0.362819
v -0.570813 1.004715 -0.182480
v -0.577296 0.990167 -0.145066
v -0.322734 1.034918 -0.169749
v -0.542765 1.011912 -0.111211
v -0.517374 1.013512 -0.006869
v -0.442891 1.004742 -0.012143
v -0.361520 1.048087 -0.060495
v -0.522445 1.064061 0.037165
v -0.484308 0.904673 -0.168808
v -0.533773 0.936964 -0.191009
v -0.499103 0.977759 -0.230318
v -0.433554 1.052441 -0.390722
v -0.494993 1.040938 -0.346289
v -0.558353 1.014384 -0.300030
v -0.376552 0.860183 -0.328605
v -0.402189 0.766636 -0.309995
v -0.420656 0.794982 -0.249829
v -0.385451 0.828650 -0.215175
v -0.378324 0.919076 -0.056276
v -0.406120 0.874923 -0.057751
v -0.447488 0.864664 -0.152778
v -0.349638 0.924354 -0.323875
v -0.336163 0.969283 -0.350748
v -0.267574 0.981275 -0.288161
v -0.340339 0.920173 -0.061361
v -0.347759 0.991725 -0.317003
v -0.356933 1.393800 -0.186179
v -0.308532 1.349023 -0.137079
v -0.362528 1.367177 -0.159786
v -0.262165 1.270732 -0.001276
v -0.298625 1.400957 -0.205217
v -0.242240 1.303768 0.015655
v -0.181832 1.283519 0.240809
v -0.218245 1.387822 0.313807
v -0.173230 1.350617 0.272702
v -0.223131 1.253551 0.129251
v -0.279546 1.252570 0.091494
v -0.372486 1.286197 0.278047
v -0.286172 1.351560 0.394041
v -0.367217 1.348161 0.430651
v -0.462773 1.430713 0.462873
v -0.582983 1.566780 0.445789
v -0.590820 1.518203 0.470797
v -0.301589 1.563679 -0.241195
v -0.501201 1.556538 -0.202647
v -0.600782 1.585733 -0.170534
v -0.305194 1.710335 -0.171608
v -0.509286 1.837515 0.205003
v -0.599187 1.753319 0.314440
v -0.603946 1.694591 0.331195
v -0.431279 1.801846 -0.023365
v -0.426641 1.833862 0.023826
v -0.468573 1.752444 -0.155414
v -0.518131 1.851709 0.005955
v -0.550800 1.847829 0.134809
v -0.661134 1.142783 -0.105949
v -0.614425 1.060357 -0.022836
v -0.401299 1.190280 0.219487
v -0.358710 1.175758 0.166071
v -0.361071 1.162930 0.072602
v -0.503120 1.090336 0.054042
v -0.399138 1.234733 0.280686
v -0.412408 1.273489 0.321911
v -0.648924 1.187955 -0.147024
v -0.724977 1.290159 -0.176464
v -0.559411 1.311879 0.304093
v -0.647341 1.389305 0.314505
v -0.717686 1.366740 -0.192971
v -0.749193 1.270047 -0.120706
v -0.803740 1.219949 0.061831
v -0.652381 1.385889 0.337071
v -0.667684 1.389291 0.237437
v -0.729505 1.356742 0.251832
v -0.789573 1.293251 0.167167
v -0.689345 1.484603 -0.219598
v -0.692942 1.430448 -0.216443
v -0.692813 1.540454 0.356217
v -0.699368 1.613096 0.279792
v -0.674601 1.554990 0.276006
v -0.679742 1.685380 0.201754
v -0.638535 1.658507 -0.047922
v -0.674766 1.729215 0.042237
v 0.111747 1.313380 -0.253500
v 0.166200 1.382499 -0.305492
v 0.125300 1.273301 -0.112118
v 0.315320 1.393740 0.148824
v 0.186875 1.332087 0.108626
v 0.443680 1.470284 0.090685
v 0.399526 1.421253 -0.262053
v 0.316485 1.487983 -0.362034
v 0.105128 1.433581 -0.330720
v 0.498965 1.483056 -0.002110
v 0.179585 1.577557 -0.321937
v 0.161171 1.594242 -0.265761
v 0.278437 1.611887 -0.315715
v 0.240738 1.666296 -0.221592
v 0.182977 1.663475 -0.192825
v 0.448029 1.369344 -0.009943
v 0.392235 1.301732 -0.177394
v 0.406525 1.354869 -0.192125
v 0.399883 1.382733 -0.239223
v 0.627035 1.458008 -0.391778
v 0.445276 1.388942 -0.387625
v 0.573094 1.452427 -0.354448
v 0.631357 1.479446 -0.333520
v 0.680981 1.482419 -0.291633
v 0.674793 1.493419 -0.204153
v 0.642698 1.498796 -0.118339
v 0.481552 1.458073 -0.035871
v 0.106300 1.479310 0.628396
v 0.049146 1.450971 0.601818
v -0.056108 1.445084 0.693003
v -0.183600 1.555294 0.746172
v -0.165797 1.510959 0.743564
v -0.101766 1.522530 0.685504
v 0.173266 1.446589 0.692530
v -0.228561 1.568243 0.805051
v -0.216773 1.702509 0.782881
v -0.152103 1.884259 0.928717
v 0.160189 1.778373 1.039888
v 0.126002 1.836618 1.056214
v -0.116868 1.967107 0.938328
v 0.127344 1.955993 0.948101
v 0.119991 1.853046 1.001081
v 0.038509 1.963713 0.887941
v 0.091393 1.956819 0.863855
v 0.060819 1.977328 0.851943
v 0.219623 1.482703 0.779711
v 0.170647 1.490494 0.890047
v 0.140215 1.490659 0.905311
v 0.079047 1.605567 1.080305
v 0.104550 1.702201 1.088912
v 0.136265 1.724259 1.129671
v 0.124331 1.739418 1.101603
v 0.192213 1.752557 1.075994
v 0.328237 1.778206 1.134406
v 0.298800 1.757111 1.105772
v 0.535972 1.601365 0.647768
v 0.407848 1.736313 1.180997
v 0.434906 1.686220 1.148398
v 0.529000 1.727160 0.632661
v 0.572656 1.690379 0.611968
v 0.378693 1.760040 1.107054
v 0.414258 1.888861 0.980441
v 0.421952 1.919074 1.015142
v 0.468538 1.948996 0.847069
v 0.427249 1.945331 0.898064
v 0.498677 1.859007 0.664046
v 0.148349 1.461570 1.049639
v 0.137206 1.491002 1.144214
v 0.226414 1.443697 0.933054
v 0.511921 1.508821 0.968712
v 0.544895 1.553110 1.097144
v 0.463759 1.631928 1.174039
v 0.383907 1.645079 1.261404
v 0.276261 1.315768 0.878487
v 0.481310 1.274024 0.940572
v 0.389659 1.270068 0.902936
v 0.240068 1.359136 0.872842
v 0.556741 1.435219 0.983638
v 0.262277 1.450572 0.898111
v 0.385157 1.468800 0.654946
v 0.301802 1.459024 0.683229
v 0.239518 1.499581 0.767637
v 0.576338 1.480926 0.919544
v 0.512333 1.526679 0.779161
v 0.505516 1.523676 0.748107
v 0.434383 1.522162 0.680094
v 0.461593 1.570567 0.718190
v -0.316545 1.147810 0.093073
v 0.350933 1.361378 0.718528
v -0.247542 0.833817 -0.075408
v -0.227922 0.833817 -0.121744
v -0.826802 1.295878 0.021055
v 0.439286 1.268341 -0.180520
v 0.400844 1.295096 -0.153960
v 0.398636 1.297309 -0.183300
v 0.398930 1.296748 -0.167218
v 0.442541 1.266975 -0.223808
v 0.444876 1.264804 -0.200511
v 0.445747 1.263954 -0.190004
v 0.412362 1.295205 -0.227685
v 0.439972 1.276875 -0.256363
v 0.400437 1.299072 -0.197888
v 0.444310 1.273579 -0.259083
v 0.414744 1.309150 -0.228295
v 0.382566 1.288326 -0.199940
v 0.373561 1.242008 -0.196868
v 0.389220 1.292071 -0.193614
v 0.373354 1.236599 -0.195573
v 0.373045 1.235896 -0.195183
v 0.324405 1.222594 -0.152063
v 0.350942 1.230132 -0.176605
v 0.389372 1.291543 -0.180108
v 0.377268 1.282861 -0.150991
v 0.358738 1.265831 -0.110830
v 0.255454 1.206064 -0.087930
v 0.302424 1.234879 -0.094926
v 0.355374 1.368194 0.729263
v 0.357202 1.365902 0.730078
v 0.320822 1.369703 0.752976
v 0.320675 1.366548 0.756036
v 0.355618 1.360849 0.735958
v 0.363063 1.348847 0.741774
v 0.324538 1.354347 0.764643
v 0.371776 1.337777 0.749829
v 0.348788 1.335988 0.770299
v 0.330839 1.340677 0.778091
v 0.035967 1.241989 0.087699
v 0.047002 1.251794 0.113554
v 0.063203 1.264180 0.145655
v -0.000055 1.238430 0.086260
v -0.016448 1.240065 0.095099
v -0.068243 1.246151 0.125702
v -0.066276 1.269316 0.192770
v -0.078345 1.259246 0.166398
v 0.068358 1.315745 0.212982
v 0.038774 1.320594 0.228659
v 0.077005 1.288046 0.173267
v -0.042301 1.308016 0.237049
v -0.065505 1.270630 0.194287
v -0.022027 1.324041 0.252167
v -0.004032 1.330016 0.254561
v -0.034994 1.320819 0.250279
v -0.288504 0.856376 -0.110230
v -0.287969 0.853341 -0.110520
v -0.258250 0.848551 -0.138409
v -0.258903 0.851608 -0.138008
v -0.286201 0.859385 -0.112636
v -0.286384 0.843292 -0.111300
v -0.259283 0.847530 -0.139399
v -0.280452 0.826126 -0.160850
v -0.300246 0.827982 -0.128450
v -0.289101 0.860182 -0.109791
v -0.459968 1.118879 0.098589
v -0.397990 1.147817 0.090292
v -0.458882 1.123114 0.120793
v -0.456845 1.126059 0.132471
v -0.385890 1.153375 0.088117
v -0.455439 1.127459 0.138433
v -0.390491 1.156845 0.132750
v -0.376522 1.157515 0.086509
v -0.374568 1.163119 0.123937
v -0.372900 1.164693 0.130318
v -0.793764 1.275608 0.029658
v -0.793031 1.281791 0.026880
v -0.794878 1.283659 0.030426
v -0.795666 1.278046 0.033206
vn -0.2733 -0.6234 0.7325
vn -0.2600 -0.8524 -0.4536
vn 0.2160 -0.8843 -0.4140
vn 0.3739 0.1068 -0.9213
vn -0.2536 -0.3938 -0.8835
vn 0.8040 0.1856 -0.5649
vn 0.6184 0.7576 -0.2090
vn -0.7742 -0.6234 0.1097
vn 0.6525 0.4943 0.5744
vn 0.6649 -0.2887 -0.6889
vn -0.8328 -0.1638 -0.5288
vn 0.9786 -0.0606 -0.1969
vn 0.9739 -0.0648 -0.2176
vn -0.4243 -0.7269 -0.5400
vn -0.7422 -0.5356 -0.4029
vn 0.4163 -0.8903 -0.1845
vn 0.4969 -0.8553 -0.1470
vn 0.8810 -0.4076 0.2403
vn -0.3883 -0.9175 0.0863
vn 0.0475 -0.9985 -0.0270
vn 0.5551 -0.7018 0.4465
vn -0.4184 -0.5233 0.7423
vn -0.9167 -0.1880 0.3525
vn -0.5088 -0.4163 0.7535
vn -0.9510 -0.2053 0.2311
vn 0.1213 0.7248 0.6782
vn 0.7342 0.6736 0.0842
vn 0.8554 0.4829 -0.1874
vn -0.7370 0.3971 0.5469
vn -0.5392 0.2671 0.7987
vn 0.1590 0.6042 0.7808
vn 0.7310 0.0966 0.6755
vn 0.8926 0.4403 0.0967
vn -0.5021 0.6268 -0.5959
vn -0.6891 -0.1933 -0.6984
vn -0.8649 -0.4968 -0.0711
vn -0.7895 0.3503 0.5040
vn -0.8982 -0.1325 0.4191
vn 0.5173 0.2106 0.8295
vn 0.5079 -0.1077 0.8546
vn 0.9485 0.2942 -0.1173
vn 0.8814 -0.4597 -0.1090
vn 0.8944 -0.4460 0.0339
vn 0.6092 -0.6878 -0.3947
vn -0.5093 -0.8600 -0.0323
vn -0.3470 -0.9007 0.2613
vn 0.1120 -0.9892 0.0948
vn -0.2716 -0.8993 0.3427
vn -0.0539 -0.9532 0.2976
vn 0.8591 -0.4307 0.2764
vn 0.7313 -0.3865 0.5620
vn 0.6824 -0.3770 -0.6263
vn 0.5063 0.7793 -0.3693
vn 0.1426 0.9864 0.0824
vn 0.7029 0.6644 -0.2540
vn 0.4786 0.3031 -0.8240
vn -0.3537 0.8150 -0.4590
vn -0.0343 0.9855 0.1659
vn -0.0931 0.7937 0.6011
vn -0.0432 0.7694 0.6373
vn 0.1492 0.9872 0.0568
vn 0.5450 0.7846 0.2958
vn 0.5199 0.8003 0.2988
vn 0.7909 0.2795 -0.5444
vn 0.9608 0.2500 -0.1199
vn 0.2020 0.7614 -0.6160
vn -0.0848 0.4482 0.8899
vn 0.8523 0.3912 0.3471
vn 0.8534 0.2046 0.4794
vn 0.0049 0.6387 -0.7694
vn 0.1303 -0.0346 -0.9909
vn -0.3601 -0.2165 -0.9074
vn 0.2706 0.1648 0.9485
vn 0.2541 -0.3777 0.8904
vn 0.7318 -0.6102 0.3034
vn 0.9891 -0.1443 -0.0297
vn 0.9966 -0.0224 -0.0796
vn 0.5631 -0.7661 -0.3099
vn 0.6341 -0.7484 -0.1946
vn 0.5545 -0.8318 -0.0266
vn 0.7617 -0.4074 0.5039
vn -0.1540 0.9312 0.3304
vn 0.1245 0.7153 0.6876
vn -0.5956 0.8030 0.0208
vn -0.8200 0.1677 0.5473
vn -0.4979 0.6519 0.5719
vn 0.2277 0.1815 0.9567
vn 0.0030 0.0790 0.9969
vn -0.9096 0.3379 0.2419
vn -0.2776 -0.9490 0.1492
vn -0.8205 0.5613 -0.1083
vn -0.9000 0.4334 -0.0457
vn -0.9309 0.3651 -0.0140
vn -0.1840 -0.1411 0.9727
vn -0.2726 0.0043 0.9621
vn -0.3284 0.3834 0.8633
vn -0.0886 0.9949 0.0476
vn 0.1227 0.4911 0.8624
vn -0.1279 0.6646 0.7361
vn -0.5481 0.2793 0.7884
vn -0.8014 -0.0670 0.5944
vn -0.7956 -0.1369 0.5901
vn -0.4632 -0.3543 0.8124
vn -0.4159 -0.8790 0.2330
vn -0.2801 -0.6751 0.6824
vn 0.1125 0.9704 0.2137
vn 0.1508 -0.9879 0.0358
vn 0.2624 -0.0423 0.9640
vn 0.6080 0.0407 -0.7929
vn 0.0255 0.3139 0.9491
vn 0.7935 0.2780 0.5413
vn 0.4282 0.8180 0.3841
vn 0.8896 0.2616 -0.3743
vn 0.6748 0.1983 -0.7109
vn -0.5309 -0.2613 -0.8062
vn 0.0549 -0.1017 0.9933
vn 0.0541 -0.1029 0.9932
vn 0.0550 -0.1015 0.9933
vn 0.7233 0.5712 0.3880
vn 0.9175 0.3300 0.2220
vn 0.6930 0.2995 0.6558
vn 0.0872 0.0557 -0.9946
vn 0.7768 -0.2877 0.5602
vn 0.9802 -0.1209 0.1566
vn 0.6106 -0.6708 -0.4209
vn 0.2868 -0.8557 -0.4308
vn -0.2897 -0.5224 -0.8020
vn -0.4790 -0.5493 -0.6847
vn -0.6615 -0.7305 -0.1699
vn -0.5794 -0.8148 -0.0179
vn -0.4180 -0.9052 0.0774
vn -0.2933 -0.8674 0.4021
vn 0.7665 -0.6275 0.1369
vn 0.6619 -0.7135 0.2297
vn 0.4381 -0.8664 0.2397
vn 0.1041 -0.8621 0.4959
vn 0.3030 -0.7448 0.5945
vn 0.0277 -0.9636 -0.2660
vn -0.0441 -0.4224 -0.9053
vn 0.5822 -0.7762 0.2419
vn 0.5776 -0.7776 0.2482
vn 0.5768 -0.7779 0.2494
vn -0.0380 -0.3611 -0.9318
vn -0.3075 -0.4054 -0.8609
vn -0.5841 -0.7939 -0.1690
vn 0.5255 -0.7675 0.3672
vn 0.2324 -0.8225 0.5191
vn 0.7896 -0.4661 0.3992
vn 0.3157 -0.3066 0.8979
vn -0.7137 -0.2688 0.6468
vn -0.7738 -0.4435 -0.4522
vn -0.9769 0.2065 0.0553
vn -0.9769 0.2066 0.0553
vn 0.0063 0.1622 -0.9867
vn -0.3710 0.8256 0.4252
vn 0.3748 0.8697 -0.3213
vn 0.0950 0.6507 -0.7534
vn 0.1571 0.9740 -0.1633
vn -0.6718 0.7154 -0.1918
vn -0.6520 0.7582 -0.0010
vn -0.6552 0.7555 -0.0010
vn -0.6518 0.7584 -0.0010
vn -0.6554 0.7553 -0.0010
vn -0.6712 0.7410 0.0185
vn 0.1214 0.7128 0.6908
vn 0.4015 0.0577 -0.9140
vn -0.0005 -0.2108 -0.9775
vn -0.8646 0.3415 -0.3685
vn -0.9768 0.2067 0.0552
vn -0.5362 -0.0374 0.8433
vn -0.0073 -0.0426 0.9991
vn -0.8922 0.2902 -0.3460
vn -0.8797 -0.3313 -0.3411
vn -0.8246 -0.2274 -0.5181
vn -0.7885 -0.2656 0.5548
vn -0.6109 -0.7083 -0.3538
vn -0.5670 -0.7908 0.2307
vn -0.1575 -0.9816 -0.1077
vn -0.1040 -0.9718 0.2117
vn 0.3971 -0.7326 0.5528
vn -0.3677 -0.8170 0.4442
vn 0.3887 -0.7390 -0.5503
vn 0.3157 -0.0612 0.9469
vn -0.8111 -0.4232 0.4036
vn 0.1573 0.0108 0.9875
vn -0.8655 0.3726 0.3346
vn -0.8601 -0.3998 0.3168
vn -0.6392 -0.5996 0.4816
vn -0.8426 -0.4909 -0.2215
vn 0.4346 -0.8883 0.1482
vn 0.2432 -0.8534 0.4611
vn 0.3419 -0.8157 0.4666
vn -0.7343 0.6038 -0.3104
vn -0.5745 0.6066 -0.5496
vn 0.4242 -0.6967 0.5785
vn 0.4243 -0.6967 0.5784
vn 0.4226 -0.6965 0.5799
vn 0.0680 -0.9448 0.3206
vn -0.0906 -0.6290 0.7721
vn 0.2847 -0.9330 0.2200
vn -0.5460 -0.7592 0.3542
vn -0.5589 -0.8119 0.1684
vn 0.3681 -0.9059 -0.2096
vn -0.5325 -0.5573 0.6371
vn 0.6510 -0.2858 -0.7032
vn 0.8927 -0.0341 -0.4494
vn -0.1826 0.7886 -0.5872
vn 0.8587 0.5118 0.0260
vn 0.8759 0.4256 -0.2272
vn 0.3303 0.3234 0.8867
vn 0.3067 -0.2956 -0.9048
vn 0.4128 0.8322 0.3703
vn 0.7040 0.0284 0.7096
vn 0.6878 0.0523 0.7240
vn 0.9386 0.3052 0.1610
vn 0.9803 0.0079 0.1972
vn 0.9590 -0.2793 0.0484
vn 0.3544 -0.8461 -0.3980
vn -0.3064 -0.4680 -0.8289
vn 0.0109 -0.9786 0.2057
vn 0.6228 -0.7759 0.1006
vn -0.4102 -0.7818 0.4697
vn 0.4774 -0.8110 0.3381
vn 0.4736 -0.8802 -0.0311
vn 0.3299 -0.9414 -0.0705
vn -0.8720 -0.4753 -0.1174
vn -0.7783 -0.5443 -0.3130
vn 0.4996 0.3554 -0.7900
vn -0.2467 -0.1173 -0.9620
vn 0.2228 0.6106 -0.7600
vn 0.4455 0.5305 -0.7212
vn -0.4064 0.8470 -0.3426
vn -0.5558 0.7668 -0.3211
vn 0.7923 -0.2771 -0.5436
vn 0.7960 -0.2817 -0.5357
vn 0.7956 -0.2812 -0.5366
vn -0.2669 0.4369 -0.8590
vn -0.6822 0.6305 -0.3703
vn -0.5763 0.4116 0.7060
vn 0.8418 0.0710 -0.5351
vn 0.1980 -0.3289 -0.9234
vn -0.9351 0.2826 -0.2137
vn -0.9008 -0.3945 -0.1818
vn -0.8526 -0.0787 0.5166
vn 0.5279 -0.8346 -0.1575
vn -0.1419 -0.9894 0.0296
vn -0.4988 -0.5371 -0.6802
vn -0.9959 0.0196 -0.0886
vn 0.3039 -0.7092 0.6361
vn 0.1571 -0.8485 0.5053
vn 0.1160 -0.3844 0.9158
vn -0.9358 0.0873 0.3416
vn 0.0310 -0.3082 0.9508
vn -0.0242 -0.6580 0.7526
vn -0.9715 -0.0141 0.2366
vn -0.0215 -0.4706 0.8821
vn 0.1284 -0.5144 0.8479
vn -0.3295 -0.9425 0.0552
vn -0.1449 -0.9827 0.1150
vn 0.0017 -0.9469 0.3214
vn 0.4788 -0.6927 0.5393
vn 0.4883 -0.6985 0.5231
vn -0.6967 0.3724 -0.6131
vn -0.5019 0.3503 -0.7908
vn 0.6815 0.7246 0.1021
vn 0.7060 0.6953 0.1351
vn 0.5980 0.3473 -0.7223
vn 0.7371 -0.6753 -0.0258
vn 0.4304 0.7200 0.5444
vn 0.6731 -0.0799 -0.7352
vn -0.5933 -0.0430 -0.8038
vn 0.4251 0.7003 0.5734
vn 0.2278 -0.4216 -0.8777
vn 0.5264 -0.3743 -0.7634
vn 0.6058 -0.6172 0.5021
vn 0.9134 -0.1731 -0.3685
vn 0.9229 -0.1615 -0.3495
vn 0.6958 -0.6039 -0.3887
vn 0.5271 -0.8128 0.2482
vn 0.5267 -0.8129 0.2486
vn 0.5272 -0.8127 0.2481
vn -0.1231 -0.4962 -0.8594
vn 0.6672 -0.2404 -0.7050
vn 0.7097 -0.2106 -0.6723
vn 0.4314 0.7309 0.5289
vn 0.3326 0.5492 -0.7666
vn 0.4689 0.8422 -0.2662
vn 0.5159 0.7983 -0.3107
vn 0.3684 0.5586 -0.7432
vn 0.0368 0.9152 -0.4013
vn -0.0176 0.8095 -0.5868
vn 0.4727 0.7999 0.3699
vn 0.8106 0.5449 -0.2148
vn 0.7257 0.3555 -0.5890
vn 0.1781 0.2325 -0.9561
vn -0.2261 0.0777 -0.9710
vn -0.5769 0.2942 -0.7620
vn 0.7199 0.0719 0.6904
vn 0.5723 0.0722 0.8169
vn 0.8500 0.4743 0.2293
vn 0.1904 0.0215 -0.9815
vn -0.8924 -0.1040 -0.4392
vn -0.8986 -0.0463 -0.4364
vn 0.9036 0.4227 0.0687
vn 0.9780 -0.1949 0.0743
vn 0.8174 -0.4338 -0.3791
vn -0.5712 -0.3992 -0.7172
vn -0.0970 -0.5167 -0.8507
vn -0.2420 0.0418 0.9694
vn -0.9143 0.3280 0.2376
vn -0.8415 0.3892 0.3747
vn -0.2422 0.0228 0.9700
vn -0.6936 0.5794 0.4281
vn -0.8150 -0.2877 0.5030
vn -0.7370 -0.3554 0.5749
vn 0.5175 -0.2192 0.8271
vn 0.5104 0.0963 0.8545
vn -0.4407 -0.8107 0.3855
vn 0.0947 -0.8332 0.5448
vn 0.0513 -0.9560 0.2889
vn 0.8099 -0.5254 0.2609
vn -0.2570 -0.9451 0.2020
vn 0.8669 -0.4255 0.2598
vn 0.6259 -0.6929 0.3580
vn -0.0874 0.8301 -0.5508
vn 0.9517 0.2564 -0.1687
vn 0.8613 0.0593 -0.5047
vn 0.8548 0.3991 0.3316
vn 0.9948 0.0485 0.0895
vn 0.9775 -0.1940 0.0829
vn 0.9753 -0.2143 0.0544
vn 0.3407 -0.8599 -0.3801
vn -0.3215 -0.8701 0.3735
vn 0.6253 -0.7785 0.0543
vn 0.6853 -0.7259 -0.0586
vn 0.3488 -0.9352 -0.0608
vn 0.0802 -0.9429 0.3233
vn 0.0803 -0.9429 0.3233
vn -0.1606 -0.9519 0.2608
vn -0.1649 -0.9770 -0.1353
vn 0.2303 -0.9439 -0.2365
vn -0.7229 -0.2951 -0.6247
vn -0.4228 -0.0421 -0.9052
vn -0.4580 0.8630 -0.2130
vn 0.0895 0.4597 -0.8836
vn -0.4139 0.2091 -0.8860
vn 0.2772 -0.4550 -0.8463
vn 0.0803 -0.6388 -0.7652
vn 0.3527 -0.7668 -0.5363
vn 0.2107 -0.7129 -0.6688
vn -0.5582 -0.6985 -0.4477
vn -0.5735 -0.7240 -0.3834
vn -0.9671 -0.1979 0.1598
vn 0.3738 -0.9273 -0.0212
vn 0.1831 -0.7872 0.5889
vn 0.6746 -0.6007 0.4290
vn -0.2567 -0.9649 0.0558
vn -0.1257 -0.9919 -0.0173
vn 0.6386 -0.6408 0.4261
vn 0.4422 -0.5766 -0.6870
vn -0.0236 -0.8710 -0.4908
vn -0.7308 -0.6483 -0.2135
vn -0.3622 -0.8968 0.2542
vn -0.2819 -0.8129 0.5097
vn 0.5573 -0.8276 0.0663
vn -0.3515 -0.8261 0.4405
vn 0.6485 -0.6096 0.4559
vn 0.5813 0.6601 0.4758
vn -0.5793 0.8088 0.1012
vn 0.6429 0.7659 -0.0096
vn 0.0162 0.9781 -0.2076
vn 0.2535 0.9408 -0.2250
vn -0.4402 0.8977 0.0197
vn -0.4668 0.8784 0.1024
vn 0.1104 0.7807 0.6150
vn 0.6884 0.7204 0.0847
vn 0.9731 0.0649 -0.2211
vn 0.9739 0.0627 -0.2182
vn -0.8210 0.3703 0.4346
vn -0.1104 -0.0871 0.9901
vn -0.0482 -0.0567 0.9972
vn -0.0426 -0.0596 0.9973
vn -0.0484 -0.0566 0.9972
vn 0.6820 0.4941 0.5392
vn 0.8692 0.3264 0.3714
vn 0.8905 0.4124 0.1921
vn -0.0423 -0.0597 0.9973
vn 0.9723 0.0671 -0.2239
vn -0.0938 -0.1737 -0.9803
vn -0.0673 0.7284 -0.6818
vn 0.6984 0.5124 -0.4996
vn 0.6946 0.5289 -0.4875
vn 0.7260 0.5883 -0.3561
vn 0.6778 0.6011 -0.4235
vn -0.1543 0.3284 -0.9318
vn -0.0889 0.3598 -0.9288
vn -0.3337 0.5142 -0.7901
vn 0.1019 0.1816 -0.9781
vn 0.9566 -0.1345 0.2583
vn -0.8881 -0.4104 -0.2069
vn -0.4310 0.3146 -0.8457
vn 0.2126 0.6665 0.7145
vn -0.1269 0.9869 0.0998
vn -0.3652 0.4181 0.8318
vn -0.4835 0.4670 0.7404
vn 0.3137 0.8879 0.3365
vn -0.6874 0.5874 0.4271
vn -0.3584 0.8056 0.4718
vn 0.5478 0.8364 -0.0153
vn 0.2622 0.9465 -0.1880
vn 0.3137 0.7502 -0.5820
vn 0.9617 -0.0284 -0.2726
vn 0.9410 0.0212 -0.3377
vn -0.1258 0.8214 0.5563
vn 0.3667 0.8719 0.3245
vn 0.6238 0.6761 0.3921
vn 0.6924 0.6315 0.3489
vn -0.5671 0.5360 0.6254
vn -0.3432 0.4150 0.8426
vn -0.2595 0.0783 -0.9626
vn -0.2247 0.0972 -0.9696
vn -0.6586 0.3653 -0.6579
vn -0.9262 -0.2383 0.2922
vn -0.6142 -0.3605 -0.7020
vn -0.9968 -0.0557 0.0576
vn -0.3094 -0.1220 -0.9431
vn -0.7202 0.5065 -0.4741
vn -0.7112 0.2763 0.6465
vn 0.2295 0.3457 -0.9098
vn -0.3106 0.0850 -0.9467
vn -0.7716 0.3851 -0.5063
vn -0.9981 -0.0207 0.0576
vn -0.6848 0.3794 0.6222
vn -0.6234 0.6017 0.4993
vn -0.8429 0.2733 -0.4636
vn -0.8657 -0.1547 -0.4761
vn -0.9266 -0.2906 -0.2385
vn -0.7614 0.5429 0.3543
vn -0.8933 -0.1714 0.4156
vn -0.7009 0.3713 0.6090
vn -0.6996 0.6757 -0.2324
vn -0.2346 0.7247 -0.6479
vn 0.6779 0.7208 -0.1448
vn 0.6528 0.6629 -0.3666
vn -0.2477 0.7511 -0.6120
vn -0.0463 0.9910 -0.1258
vn -0.6610 0.7386 -0.1326
vn -0.8343 0.4426 0.3289
vn 0.2965 0.9504 0.0936
vn 0.1505 0.7860 0.5997
vn 0.2527 0.9630 0.0936
vn -0.3606 0.3157 -0.8777
vn -0.5698 0.0208 -0.8215
vn -0.8781 0.3779 -0.2935
vn -0.9812 0.1915 -0.0236
vn -0.6627 0.1925 0.7238
vn -0.8639 0.3300 -0.3805
vn -0.1293 0.7275 -0.6738
vn 0.3100 0.9231 -0.2277
vn 0.4901 0.8040 -0.3368
vn 0.5179 0.7076 -0.4807
vn -0.2264 0.9025 -0.3664
vn -0.2517 0.8726 -0.4185
vn 0.8202 0.5338 0.2055
vn 0.7627 0.2895 -0.5784
vn 0.7630 0.2892 -0.5781
vn 0.7630 0.2891 -0.5781
vn 0.7633 0.2889 -0.5779
vn -0.2369 0.1297 -0.9628
vn -0.1645 0.2227 -0.9609
vn 0.1628 -0.1176 -0.9796
vn -0.4081 -0.3869 0.8269
vn -0.7305 0.5738 0.3702
vn -0.3121 0.8455 0.4332
vn -0.0127 0.6801 0.7330
vn -0.7985 0.4363 0.4148
vn -0.3912 0.1719 0.9041
vn -0.1080 0.3401 0.9342
vn -0.7881 0.3488 0.5072
vn -0.7507 -0.1896 0.6328
vn -0.4313 -0.3898 0.8137
vn 0.3084 0.1296 0.9424
vn -0.5345 -0.6158 -0.5789
vn 0.8527 0.4616 0.2448
vn 0.2044 -0.1855 -0.9612
vn -0.1917 0.9806 -0.0402
vn 0.1056 -0.0040 -0.9944
vn 0.2077 0.0481 -0.9770
vn -0.9808 -0.0510 -0.1882
vn -0.9876 0.0461 -0.1500
vn -0.9739 -0.1723 -0.1479
vn -0.9588 -0.1076 -0.2628
vn 0.3349 -0.0061 0.9422
vn -0.8827 -0.4588 -0.1020
vn -0.8751 -0.4838 0.0120
vn 0.0230 -0.5104 -0.8596
vn 0.0053 -0.5395 -0.8419
vn 0.0362 -0.4880 -0.8721
vn -0.7313 -0.4507 -0.5120
vn -0.3077 -0.0927 -0.9470
vn -0.2107 0.8362 -0.5064
vn -0.3769 0.6501 -0.6597
vn -0.3593 0.2979 -0.8844
vn -0.2909 0.3379 -0.8951
vn 0.1488 -0.0072 -0.9888
vn -0.8544 0.0265 -0.5190
vn 0.7860 -0.5636 0.2539
vn 0.6909 -0.7229 -0.0121
vn 0.6128 -0.5936 0.5216
vn -0.5004 0.8657 -0.0112
vn 0.4508 -0.3764 -0.8094
vn -0.6952 -0.2979 0.6542
vn -0.6962 -0.2869 0.6580
vn -0.6921 -0.3262 0.6438
vn -0.8418 -0.5390 0.0299
vn 0.7426 0.6647 -0.0818
vn 0.0420 0.6391 0.7680
vn 0.4628 0.8864 0.0066
vn 0.5769 0.7232 0.3796
vn 0.3129 0.9316 0.1848
vn -0.5518 0.5578 -0.6200
vn -0.7374 0.5508 -0.3909
vn 0.9608 0.2152 -0.1748
vn 0.9203 0.3439 -0.1865
vn -0.0203 0.0035 -0.9998
vn -0.0823 0.0702 -0.9941
vn 0.2237 -0.2579 -0.9399
vn -0.5900 -0.3394 -0.7326
vn 0.7303 0.6820 0.0402
vn 0.1339 -0.1116 -0.9847
vn 0.5989 0.7649 0.2371
vn -0.0533 0.9814 0.1844
vn -0.6069 -0.6061 0.5142
vn 0.5655 0.8137 0.1347
vn -0.5632 0.6155 0.5513
vn 0.5344 0.8317 0.1503
vn -0.9796 0.0496 0.1946
vn -0.8359 -0.3681 -0.4070
vn -0.1319 -0.8612 -0.4909
vn -0.4030 -0.0242 -0.9149
vn 0.4331 0.0695 0.8986
vn 0.8942 0.4303 0.1238
vn 0.8941 0.4304 0.1240
vn 0.8969 0.4262 0.1177
vn 0.6350 0.7107 0.3026
vn 0.7452 0.2317 0.6253
vn 0.9205 0.0430 -0.3884
vn 0.9185 0.0912 -0.3847
vn 0.5391 -0.3930 0.7449
vn 0.5489 -0.6931 0.4672
vn -0.7499 -0.3185 0.5799
vn 0.7399 0.6123 0.2787
vn -0.9270 0.3696 -0.0642
vn 0.3282 0.7420 0.5846
vn 0.6411 0.0603 0.7651
vn -0.0569 0.0154 0.9983
vn 0.6018 0.7425 -0.2942
vn 0.0388 -0.9873 0.1544
vn 0.5138 0.8015 -0.3058
vn -0.1066 0.9884 0.1085
vn 0.2191 -0.6501 -0.7276
vn -0.7528 -0.5449 0.3693
vn 0.7918 -0.2764 -0.5447
vn 0.8949 0.4461 0.0108
vn 0.1404 0.4273 -0.8932
vn -0.6789 -0.7274 0.0999
vn -0.5740 -0.8155 -0.0732
vn -0.8929 -0.3122 0.3245
vn 0.7404 -0.3542 0.5713
vn 0.9097 0.3650 0.1982
vn -0.9859 -0.0789 -0.1477
vn 0.4260 -0.6969 0.5769
vn 0.8951 0.1239 -0.4283
vn -0.1492 0.0394 0.9880
vn -0.4839 -0.5135 -0.7086
vn -0.4645 -0.5464 -0.6969
vn 0.7257 0.6425 0.2462
vn 0.9336 0.3180 0.1653
vn -0.9826 -0.0267 -0.1838
vn 0.7523 0.4217 0.5062
vn 0.6931 -0.7027 0.1608
vn -0.9100 0.3445 -0.2308
vn -0.9306 0.1983 -0.3077
vn -0.8309 0.5469 -0.1026
vn 0.0591 -0.0949 0.9937
vn 0.9640 -0.2651 -0.0213
vn -0.8952 -0.3001 0.3293
vn -0.1101 0.4610 0.8805
vn -0.3016 0.4532 0.8388
vn -0.3020 0.4534 0.8386
vn -0.3022 0.4535 0.8385
vn -0.0781 0.8629 0.4993
vn -0.9592 0.0379 -0.2803
vn -0.3030 0.4538 0.8380
vn -0.9555 0.0902 -0.2808
vn 0.2749 -0.9378 0.2121
vn 0.8816 -0.2844 0.3766
vn -0.9715 0.2369 0.0092
vn 0.4590 0.3477 0.8176
vn 0.1906 0.9560 0.2230
vn 0.4605 0.3045 -0.8338
vn 0.4605 0.3044 -0.8339
vn 0.2354 -0.3876 0.8913
vn 0.4497 0.5655 0.6914
vn -0.0976 -0.8087 0.5801
vn -0.4874 -0.4999 -0.7160
vn 0.6609 0.5135 0.5473
vn 0.6600 -0.6573 0.3638
vn -0.7873 -0.5202 -0.3310
vn -0.6353 0.5480 -0.5442
vn -0.4691 -0.6034 -0.6449
vn -0.4690 -0.6035 -0.6449
vn 0.0095 -0.8977 -0.4406
vn -0.1860 -0.7610 -0.6215
vn 0.1647 -0.9492 -0.2681
vn 0.0007 -0.5824 -0.8129
vn 0.6179 -0.0210 -0.7860
vn 0.9475 0.3195 0.0096
vn -0.6696 -0.6133 -0.4188
vn 0.8603 0.0048 -0.5097
vn -0.5301 0.7435 0.4077
vn 0.1904 0.8173 0.5439
vn 0.8510 0.3891 -0.3527
vn -0.4518 -0.2709 0.8500
vn -0.6010 0.7808 -0.1709
vn -0.7917 0.3730 0.4838
vn 0.4942 -0.7534 -0.4338
vn -0.4488 -0.6384 -0.6253
vn -0.4755 -0.5832 -0.6586
vn -0.4100 -0.7069 -0.5764
vn 0.0577 -0.7362 -0.6743
vn 0.0539 -0.9692 -0.2403
vn -0.0057 -0.9946 -0.1036
vn 0.0774 -0.9529 -0.2933
vn 0.4605 0.3046 -0.8337
vn -0.0028 0.4878 -0.8730
vn 0.3775 -0.9240 -0.0601
vn 0.3553 -0.9316 -0.0765
vn 0.4218 -0.9063 -0.0268
vn -0.8674 -0.0587 0.4942
vn -0.8690 0.1379 0.4753
vn -0.8539 -0.1566 0.4964
vn 0.4172 0.2795 0.8648
vn 0.2551 0.4641 0.8483
vn 0.6573 -0.1282 0.7426
vn 0.3354 0.9097 0.2449
vn 0.1440 0.8455 0.5142
vn -0.0013 0.7425 0.6698
vn -0.2585 -0.9621 0.0866
vn -0.2625 -0.9605 0.0921
vn -0.2406 -0.9686 0.0626
vn -0.9139 -0.3660 0.1756
vn -0.3745 0.2838 0.8827
vn 0.2123 -0.9365 0.2793
vn 0.2665 -0.9431 -0.1987
vn 0.3498 -0.7310 -0.5859
vn 0.2261 -0.9148 -0.3346
vn -0.2926 -0.0080 0.9562
vn 0.1618 0.7051 0.6904
vn -0.3448 0.8886 0.3024
vn -0.6041 -0.7968 0.0137
vn -0.5845 -0.8113 0.0115
vn -0.7432 -0.6683 0.0307
vn -0.8154 0.2564 0.5190
vn 0.7488 0.2698 0.6054
vn -0.5432 -0.2650 0.7967
vn -0.3202 -0.7971 -0.5120
vn -0.3038 -0.5403 0.7847
vn -0.3928 -0.5897 0.7057
vn -0.1811 -0.4632 0.8676
vn 0.7576 0.5172 0.3982
vn 0.5899 0.6750 0.4431
vn 0.9003 0.2970 0.3181
vn 0.1478 -0.9886 0.0274
vn 0.6108 -0.6575 -0.4411
vn 0.9554 -0.0367 -0.2931
vn 0.7893 0.1699 -0.5900
vn 0.6059 0.2949 -0.7388
vn -0.9130 0.1392 -0.3835
vn -0.9641 -0.1220 -0.2360
vn 0.0250 0.4230 -0.9058
vn -0.9379 -0.1833 -0.2946
vn -0.9313 -0.2151 -0.2939
vn 0.6356 -0.6218 0.4576
vn 0.6139 -0.1914 0.7658
vn 0.5405 0.0414 0.8403
vn -0.6786 -0.3050 0.6682
vn 0.2971 -0.4264 0.8543
vn -0.5273 -0.7729 0.3529
vn -0.4841 -0.8691 -0.1016
vn 0.6811 -0.3624 -0.6362
vn 0.7299 -0.1855 -0.6579
vn 0.5831 -0.7759 0.2406
vn -0.0143 -0.4565 -0.8896
vn -0.0569 0.3342 -0.9408
vn -0.1835 0.1541 -0.9709
vn -0.0783 0.8691 0.4884
vn -0.0821 0.8786 0.4705
vn -0.0299 0.7283 0.6846
vn 0.3011 -0.8748 0.3797
vn -0.2196 0.8819 0.4171
vn 0.0742 0.1591 0.9845
vn -0.8835 -0.0525 0.4655
vn -0.9545 0.1709 0.2443
vn -0.9105 -0.4087 -0.0623
vn -0.9261 -0.3492 0.1429
vn -0.9181 -0.3137 0.2424
vn -0.9712 -0.2323 -0.0534
vn -0.9530 -0.2942 -0.0727
vn -0.7856 -0.5954 -0.1684
vn 0.4433 -0.6248 -0.6427
vn 0.4178 -0.9015 0.1132
vn 0.3852 -0.8794 0.2798
vn -0.5534 0.7658 0.3276
vn -0.5798 0.7166 0.3878
vn -0.6244 0.5899 0.5120
vn -0.3918 -0.8785 -0.2735
vn 0.1533 0.0414 0.9873
vn -0.8189 -0.3251 -0.4729
vn -0.9575 -0.2098 -0.1978
vn -0.9012 -0.0842 -0.4251
vn -0.9012 -0.0841 -0.4251
vn -0.1144 -0.2070 0.9716
vn 0.0476 -0.5177 0.8543
vn 0.2735 -0.6119 0.7421
vn 0.3293 -0.7151 0.6166
vn 0.7622 -0.6460 0.0417
vn 0.7626 -0.6452 0.0463
vn 0.7665 -0.6331 0.1080
vn -0.7576 0.6323 0.1622
vn -0.8379 0.4981 0.2233
vn -0.6279 0.7742 0.0798
vn -0.7094 0.6865 -0.1592
vn -0.6814 0.5493 0.4837
vn -0.3925 0.2768 -0.8771
vn -0.4166 0.2781 -0.8655
vn -0.2252 0.2636 -0.9380
vn 0.0386 0.4857 -0.8733
vn -0.1443 -0.5002 -0.8538
vn -0.5036 -0.4585 0.7322
vn -0.8714 -0.0833 0.4835
vn -0.5141 -0.2883 0.8078
vn 0.3392 -0.8233 -0.4551
vn 0.8366 -0.3415 -0.4285
vn 0.8564 -0.3018 -0.4190
vn 0.5510 -0.6336 -0.5430
vn -0.9704 -0.2269 -0.0822
vn -0.3046 -0.7060 0.6393
vn -0.2711 -0.6842 0.6771
vn -0.5669 -0.7999 0.1968
vn 0.4924 -0.6159 0.6150
vn 0.3940 -0.6633 0.6362
vn 0.7100 -0.4646 0.5292
vn -0.3649 -0.6734 0.6430
vn 0.7682 -0.6381 0.0525
vn -0.7523 0.2106 -0.6243
vn -0.6730 0.2364 -0.7008
vn -0.4019 0.2927 -0.8676
vn 0.3500 -0.5239 0.7766
vn 0.9644 -0.2159 -0.1528
vn 0.2109 0.9467 -0.2434
vn -0.2492 -0.8955 0.3688
vn -0.2425 -0.8168 0.5234
vn -0.1987 -0.5398 0.8180
vn -0.3286 -0.6075 -0.7232
vn 0.2929 -0.8242 0.4847
vn 0.2948 -0.8221 0.4871
vn 0.2886 -0.8289 0.4791
vn 0.3765 -0.2789 -0.8834
vn -0.2417 -0.8773 0.4146
vn -0.5087 -0.7979 0.3234
vn 0.3051 -0.8191 0.4858
vn -0.7419 -0.6650 0.0856
vn -0.7511 -0.5380 0.3826
vn 0.5520 0.7777 -0.3008
vn -0.6946 -0.6807 0.2328
vn -0.5385 0.7754 0.3298
vn -0.5368 -0.2734 0.7982
vn -0.7995 -0.5774 0.1654
vn 0.3688 -0.9261 -0.0792
vn -0.5592 -0.7456 -0.3625
vn -0.6717 -0.7067 -0.2222
vn 0.8534 0.4586 0.2477
vn 0.8611 0.4413 0.2525
vn 0.8756 0.4058 0.2619
vn 0.8578 0.4897 0.1559
vn -0.7156 -0.3524 0.6031
vn -0.6278 -0.1060 0.7712
vn -0.4186 0.2342 0.8775
vn 0.0173 0.7299 0.6834
vn -0.3857 -0.8452 -0.3700
vn 0.7710 -0.5137 0.3764
vn 0.8097 -0.5013 0.3052
vn 0.8603 -0.4744 0.1865
vn -0.4592 0.5415 -0.7042
vn 0.4316 -0.7543 0.4947
vn -0.5176 0.7581 -0.3968
vn -0.5781 0.6960 -0.4260
vn -0.3257 0.8973 -0.2978
vn 0.3721 0.8666 0.3325
vn 0.3453 0.8992 0.2686
vn 0.2892 0.9465 0.1434
vn -0.3322 -0.8910 -0.3094
vn -0.3329 -0.8997 -0.2825
vn -0.3333 -0.9055 -0.2628
vn -0.9707 0.2146 0.1082
vn -0.9539 -0.2144 -0.2101
vn 0.5016 -0.7923 -0.3473
vn 0.4259 -0.8328 -0.3537
vn 0.5635 -0.7530 -0.3398
vn -0.0077 -0.9733 0.2293
vn 0.1570 -0.9530 0.2591
vn 0.1715 -0.6801 0.7128
vn 0.1083 -0.3137 0.9433
vn 0.2856 -0.2897 0.9135
vn -0.5601 0.8140 0.1542
vn 0.0220 0.9596 0.2804
vn -0.4991 0.8216 0.2754
vn -0.2327 -0.9341 -0.2707
vn -0.2735 -0.9503 -0.1487
vn -0.2006 -0.9125 -0.3566
vn -0.1588 0.2827 0.9460
vn 0.6161 0.4420 0.6520
vn 0.1394 -0.8512 0.5059
vn 0.1928 -0.9521 -0.2373
vn 0.1927 -0.9521 -0.2373
vn 0.1793 -0.9539 -0.2409
vn 0.3157 -0.3562 -0.8795
vn 0.3408 -0.3128 -0.8866
vn 0.4104 -0.1789 -0.8942
vn 0.8293 0.1684 -0.5328
vn 0.8411 0.1279 -0.5256
vn 0.8615 0.0378 -0.5063
vn 0.9166 -0.3970 -0.0480
vn 0.6762 0.7192 -0.1599
vn 0.5077 0.8614 -0.0185
vn 0.7552 0.6101 -0.2395
vn 0.8075 0.5540 0.2027
vn 0.7526 0.6370 0.1669
vn 0.9240 0.1610 0.3468
vn -0.3343 -0.6438 0.6884
vn -0.4914 -0.7290 0.4765
vn -0.6046 -0.7581 0.2445
vn 0.3050 -0.8684 -0.3909
vn 0.2645 -0.9538 -0.1424
vn 0.1193 -0.8514 0.5108
vn 0.1193 -0.8528 0.5085
vn 0.1192 -0.8578 0.5001
vn 0.1919 -0.8233 0.5341
vn 0.1877 -0.8256 0.5321
vn 0.1341 -0.8519 0.5062
vn 0.6355 -0.6202 0.4599
vn 0.6356 -0.6180 0.4627
vn 0.6359 -0.5574 0.5338
vn 0.0538 0.7314 -0.6798
vn 0.0522 0.7306 -0.6808
vn -0.1123 0.6402 -0.7599
vn -0.8371 0.2182 -0.5016
vn -0.8388 0.2183 -0.4988
vn -0.8363 0.2181 -0.5030
vn -0.6676 0.3694 -0.6464
vn -0.8277 -0.4958 0.2627
vn -0.2467 -0.9425 0.2253
vn -0.9483 -0.2128 0.2353
vn -0.8645 -0.1235 -0.4873
vn -0.6808 -0.7192 -0.1386
vn 0.0357 -0.6209 0.7831
vn 0.0046 -0.5983 0.8012
vn -0.2297 -0.3936 0.8901
vn 0.7124 -0.6947 -0.0991
vn 0.5715 -0.8201 0.0286
vn 0.4763 -0.8663 0.1507
vn 0.4883 0.8273 -0.2779
vn 0.0962 0.6179 -0.7803
vn 0.5529 0.8226 -0.1327
vn 0.4627 -0.6721 0.5780
vn -0.2686 -0.1698 0.9482
vn 0.9762 -0.1950 0.0950
vn 0.4687 -0.5549 0.6873
vn -0.4427 -0.5976 0.6685
vn 0.5993 -0.3662 0.7118
vn 0.0229 -0.8882 -0.4588
vn -0.3718 -0.5284 -0.7632
vn 0.1144 -0.7057 0.6992
vn 0.6747 -0.6957 -0.2466
vn 0.1801 0.9789 0.0961
vn 0.1601 0.9819 0.1015
vn -0.2691 0.9412 0.2045
vn 0.3568 0.8912 -0.2803
vn 0.3904 0.8656 -0.3136
vn 0.5011 0.7539 -0.4249
vn 0.8626 0.0761 -0.5001
vn 0.7418 -0.1449 -0.6548
vn 0.6250 -0.2856 -0.7265
vn -0.6634 -0.4331 -0.6102
vn -0.5988 -0.4427 -0.6675
vn -0.7773 -0.4041 -0.4822
vn -0.0337 -0.1468 0.9886
vn 0.9665 -0.1279 -0.2226
vn 0.0851 0.9791 -0.1847
vn 0.0411 0.9823 -0.1830
vn -0.0233 0.9834 -0.1798
vn 0.1062 0.6511 -0.7515
vn 0.1395 0.6439 -0.7523
vn 0.2486 0.6147 -0.7486
vn 0.1626 0.9866 -0.0170
vn -0.4910 0.5104 -0.7060
vn -0.4944 0.5126 -0.7020
vn -0.3546 0.4172 -0.8368
vn 0.0840 -0.3519 -0.9323
vn 0.0708 -0.3927 -0.9169
vn 0.0987 -0.3047 -0.9473
vn 0.9505 -0.1222 0.2855
vn -0.9740 0.1403 -0.1779
vn 0.9681 0.1224 0.2185
vn 0.8682 0.4912 0.0702
vn 0.9807 -0.0589 0.1865
vn -0.4782 0.3451 -0.8076
vn -0.4949 0.3471 -0.7966
vn -0.5190 0.3498 -0.7799
vn -0.9304 0.0668 -0.3604
vn -0.9504 0.2240 -0.2156
vn -0.9286 0.3568 -0.1017
vn -0.5808 0.5869 -0.5640
vn -0.4669 0.2399 -0.8512
vn -0.1673 -0.2862 -0.9435
vn 0.8172 0.5733 -0.0587
vn 0.5430 0.8193 0.1838
vn 0.3051 0.8954 0.3243
vn 0.0782 0.4458 0.8917
vn 0.0104 0.6494 0.7604
vn 0.2157 -0.1441 0.9658
vn -0.1569 0.4035 0.9014
vn 0.5599 0.1528 0.8143
vn 0.4857 -0.0041 0.8741
vn 0.9731 0.1378 0.1848
vn 0.9928 -0.0353 -0.1148
vn 0.9882 0.0412 0.1474
vn 0.6915 -0.6955 -0.1954
vn 0.9838 -0.0673 -0.1664
vn 0.5128 -0.8386 -0.1840
vn 0.7873 0.5430 0.2921
vn -0.5466 0.4722 0.6915
vn -0.3966 0.5972 0.6972
vn -0.4788 0.8040 0.3527
vn 0.7037 0.6430 -0.3022
vn 0.7207 0.6394 -0.2679
vn 0.6938 0.6446 -0.3212
vn 0.3263 0.8894 -0.3201
vn 0.3343 0.8810 -0.3348
vn 0.2995 0.9147 -0.2715
vn 0.4500 0.8319 -0.3248
vn 0.4279 0.8717 -0.2388
vn 0.4645 0.7947 -0.3907
vn -0.0095 0.8614 0.5079
vn -0.0161 0.8588 0.5121
vn -0.1557 0.7892 0.5941
vn 0.0336 0.9776 -0.2075
vn 0.0539 0.9562 -0.2877
vn 0.0730 0.9289 -0.3631
vn -0.6242 0.6676 -0.4058
vn -0.6859 0.6542 -0.3186
vn -0.5581 0.6732 -0.4851
vn 0.3333 0.5047 -0.7964
vn -0.8160 -0.2733 -0.5094
vn -0.8796 -0.4294 -0.2046
vn 0.0152 0.5441 -0.8389
vn -0.0770 0.8036 -0.5901
vn -0.1573 0.9508 -0.2670
vn -0.1967 0.3829 0.9026
vn -0.1862 0.3856 0.9037
vn -0.1440 0.3962 0.9068
vn -0.6207 0.7796 -0.0841
vn -0.5680 0.8153 0.1123
vn 0.1392 0.6781 0.7217
vn -0.6538 0.6563 0.3766
vn -0.1859 0.7892 0.5853
vn 0.6014 0.7376 0.3071
vn 0.2898 0.9571 0.0059
vn 0.4706 0.8768 0.0985
vn -0.4034 0.0092 0.9150
vn -0.4219 0.0047 0.9066
vn -0.3748 0.0162 0.9270
vn -0.6981 -0.4336 0.5698
vn -0.7074 -0.4580 0.5383
vn -0.7389 -0.5971 0.3122
vn -0.3919 0.0808 -0.9164
vn 0.1744 0.9568 -0.2327
vn 0.1214 0.9176 -0.3785
vn 0.2331 0.9713 -0.0465
vn -0.2833 0.9566 0.0685
vn 0.3919 0.2461 -0.8865
vn -0.1258 0.2309 -0.9648
vn -0.6350 0.2104 -0.7433
vn 0.2688 0.4747 -0.8381
vn -0.8080 0.0900 -0.5822
vn 0.5340 0.3987 0.7456
vn 0.3893 0.5574 0.7333
vn 0.7245 0.0814 0.6845
vn -0.9156 0.3716 0.1533
vn 0.6354 0.7711 0.0401
vn 0.4980 0.8343 0.2365
vn 0.3175 0.8451 0.4301
vn -0.1226 0.9673 0.2220
vn 0.6932 0.3595 0.6247
vn 0.6713 0.3278 0.6648
vn 0.7110 0.3871 0.5871
vn 0.3878 -0.9037 -0.1816
vn 0.3883 -0.9036 -0.1808
vn 0.3470 -0.9042 -0.2491
vn 0.6041 0.5794 -0.5472
vn 0.6419 0.5468 -0.5376
vn 0.4669 0.6772 -0.5687
vn 0.9608 0.2773 0.0027
vn -0.9778 0.0938 -0.1875
vn 0.2461 0.7292 -0.6385
vn 0.1228 0.5607 -0.8189
vn 0.6697 0.4464 -0.5935
vn -0.5080 0.4572 -0.7300
vn -0.5547 0.6338 -0.5391
vn -0.4801 0.6570 -0.5813
vn -0.6610 0.5883 -0.4659
vn 0.9487 -0.1245 0.2907
vn 0.9424 -0.1293 0.3085
vn 0.9865 -0.0837 0.1408
vn -0.9694 -0.0242 -0.2444
vn 0.9745 -0.0234 0.2232
vn -0.1634 -0.9149 0.3691
vn -0.3099 -0.9169 0.2513
vn 0.0442 -0.8605 0.5076
vn 0.9636 0.2631 0.0473
vn 0.4384 0.1785 -0.8809
vn -0.4176 0.4148 -0.8084
vn -0.7452 -0.2299 -0.6260
vn -0.6869 -0.3554 -0.6340
vn -0.8286 0.1204 -0.5468
vn 0.7537 -0.6571 0.0117
vn 0.7540 -0.6567 0.0118
vn 0.6907 -0.7231 -0.0115
vn 0.0606 -0.2158 -0.9746
vn -0.9174 0.0016 -0.3979
vn -0.0959 -0.9810 0.1688
vn 0.6242 -0.2860 0.7270
vn 0.8428 -0.5355 0.0531
vn -0.9513 0.0433 -0.3051
vn -0.4538 0.8850 -0.1036
vn -0.9263 -0.2148 -0.3095
vn 0.9630 -0.2399 -0.1229
vn 0.9316 -0.3633 0.0064
vn 0.7967 0.2640 -0.5437
vn 0.8305 -0.4704 -0.2984
vn 0.8578 0.4463 -0.2548
vn 0.8641 -0.3340 0.3764
vn 0.8694 0.1470 -0.4718
vn 0.8437 -0.0640 -0.5329
vn 0.8682 0.2219 -0.4438
vn 0.1235 -0.0001 -0.9923
vn 0.1058 -0.0004 -0.9944
vn 0.1678 0.0005 -0.9858
vn -0.0798 0.9670 0.2421
vn -0.4903 -0.1035 0.8654
vn 0.1304 -0.3535 -0.9263
vn 0.2389 0.8718 -0.4277
vn -0.8744 -0.4849 0.0141
vn -0.5758 0.5473 -0.6074
vn 0.1422 0.5515 -0.8220
vn 0.2073 0.4561 -0.8655
vn 0.0165 0.7052 -0.7089
vn 0.7965 -0.0459 -0.6029
vn -0.4435 0.1716 0.8797
vn 0.5399 0.8408 -0.0405
vn -0.2059 0.6294 -0.7493
vn 0.6846 0.4954 -0.5347
vn 0.0868 -0.6915 -0.7171
vn 0.2874 -0.3942 -0.8729
vn 0.3875 -0.1855 -0.9030
vn -0.2192 0.8484 -0.4818
vn 0.6062 0.5877 -0.5359
vn -0.1499 -0.6819 -0.7160
vn 0.4924 0.5936 0.6366
vn 0.5098 0.5299 0.6777
vn 0.4271 0.7534 0.5000
vn -0.6986 0.6885 -0.1949
vn 0.5896 0.7706 0.2419
vn 0.6362 0.7619 -0.1212
vn 0.5354 0.8322 -0.1442
vn 0.7414 0.6647 -0.0920
vn -0.5155 -0.2320 0.8249
vn -0.8980 0.4182 0.1368
vn -0.8676 0.4832 0.1174
vn -0.6873 -0.0294 0.7257
vn -0.8736 -0.0706 0.4814
vn -0.9739 -0.1038 0.2020
vn 0.3842 0.6914 0.6119
vn 0.1969 0.9380 0.2852
vn 0.5506 0.8301 0.0886
vn 0.0926 0.9391 0.3310
vn 0.6288 0.7239 0.2839
vn 0.6259 0.7208 0.2976
vn 0.5826 0.6741 0.4541
vn 0.9557 0.2071 -0.2094
vn 0.0517 -0.8505 -0.5234
vn 0.0001 -0.9178 -0.3970
vn -0.0180 -0.9673 -0.2531
vn 0.1460 -0.4008 -0.9045
vn 0.1477 -0.4024 -0.9035
vn 0.1559 -0.4103 -0.8985
vn 0.2860 -0.4649 -0.8379
vn 0.2579 -0.4641 -0.8474
vn 0.2352 -0.4631 -0.8546
vn -0.4081 0.3543 -0.8414
vn -0.2769 0.3879 -0.8791
vn -0.6647 0.2571 -0.7015
vn 0.3537 0.6683 0.6544
vn 0.8973 0.1191 -0.4251
vn 0.3766 0.6591 -0.6510
vn 0.1767 -0.1915 -0.9655
vn -0.3753 0.8242 0.4240
vn -0.4062 0.7985 0.4443
vn -0.5675 0.6192 0.5428
vn 0.1591 0.8879 0.4317
vn 0.0286 -0.1633 -0.9862
vn 0.6160 0.2095 0.7594
vn 0.0151 0.6035 0.7973
vn 0.7682 0.2838 0.5738
vn 0.4111 0.7324 0.5427
vn 0.6016 -0.5570 0.5725
vn 0.5807 -0.5623 0.5887
vn 0.4841 -0.5807 0.6546
vn 0.0811 0.9688 0.2343
vn 0.1131 0.9916 0.0629
vn 0.0178 0.8535 0.5207
vn 0.6204 0.5092 0.5965
vn 0.8999 0.4048 0.1621
vn 0.9000 0.4042 0.1628
vn 0.8965 0.4194 0.1428
vn 0.4819 0.8712 0.0938
vn 0.2985 0.6761 -0.6736
vn -0.1214 -0.7366 -0.6654
vn 0.8974 0.4255 0.1166
vn 0.0149 0.6151 0.7883
vn 0.0475 0.8856 0.4621
vn -0.5393 0.8356 0.1048
vn 0.8927 0.2466 -0.3771
vn -0.5813 0.4586 0.6721
vn -0.6764 -0.2068 0.7069
vn -0.6431 0.7299 0.2318
vn -0.9753 0.2151 -0.0508
vn -0.9779 0.2090 -0.0016
vn -0.9723 0.1892 0.1371
vn -0.8323 0.5292 -0.1649
vn -0.8233 0.5521 -0.1322
vn -0.8467 0.4785 -0.2328
vn -0.7883 0.6066 -0.1030
vn -0.1848 -0.6587 -0.7293
vn -0.2827 0.0614 0.9572
vn 0.9650 -0.2618 0.0131
vn 0.1893 0.6065 -0.7722
vn 0.8655 -0.4349 0.2486
vn 0.6081 -0.0275 0.7934
vn -0.6997 0.6183 0.3578
vn 0.7649 -0.5090 -0.3948
vn 0.7665 -0.5271 -0.3669
vn 0.3623 0.1310 -0.9228
vn 0.1334 0.0518 -0.9897
vn 0.7316 0.2579 -0.6310
vn 0.1135 0.3316 0.9366
vn 0.1163 0.3213 0.9398
vn 0.1301 0.2700 0.9540
vn 0.3597 0.9328 -0.0213
vn -0.1369 0.9575 -0.2540
vn -0.5944 0.6915 -0.4106
vn 0.6911 -0.6598 -0.2951
vn 0.4493 0.7697 -0.4535
vn 0.4335 0.6977 -0.5704
vn 0.3644 0.4783 -0.7990
vn -0.1053 -0.1192 -0.9873
vn -0.0526 -0.1028 -0.9933
vn -0.3611 -0.1945 -0.9120
vn 0.0933 -0.0340 -0.9951
vn 0.0752 -0.0401 -0.9964
vn -0.1236 -0.1060 -0.9867
vn -0.0838 -0.6458 0.7589
vn -0.1878 -0.6801 0.7087
vn -0.2591 -0.6983 0.6673
vn 0.1306 -0.1705 -0.9767
vn -0.2353 -0.6728 0.7014
vn 0.5724 -0.7747 0.2688
vn -0.8040 0.1517 -0.5750
vn -0.7937 0.1509 -0.5893
vn -0.7837 0.1501 -0.6027
vn -0.4100 -0.6221 0.6670
vn -0.2652 -0.8254 -0.4985
vn -0.5651 -0.8235 -0.0497
vn -0.2641 -0.9042 -0.3356
vn 0.5736 -0.6575 -0.4886
vn 0.5715 -0.6496 -0.5014
vn 0.5894 -0.7524 -0.2941
vn -0.5403 -0.1523 -0.8275
vn -0.5618 -0.4725 -0.6790
vn -0.2588 -0.1198 -0.9585
vn 0.1749 -0.6642 -0.7268
vn 0.6490 0.3475 0.6767
vn 0.4690 0.1107 0.8762
vn 0.3425 0.3163 0.8847
vn 0.9644 -0.1797 0.1940
vn 0.9651 -0.2044 0.1639
vn 0.9569 -0.1199 0.2645
vn 0.3136 0.8238 -0.4722
vn 0.3142 0.8243 -0.4710
vn 0.2626 0.7863 -0.5593
vn 0.0195 -0.5175 -0.8555
vn -0.3069 0.8053 -0.5072
vn -0.0563 0.2006 -0.9781
vn -0.5056 0.5718 -0.6460
vn 0.3764 -0.2168 -0.9008
vn -0.9801 0.1595 -0.1185
vn -0.9825 0.1393 -0.1239
vn -0.9880 0.0372 -0.1501
vn -0.1672 -0.4903 -0.8554
vn 0.1841 -0.2485 -0.9510
vn 0.2368 -0.2056 -0.9496
vn -0.9357 0.1144 -0.3337
vn -0.8594 -0.0228 -0.5108
vn -0.6661 -0.2165 -0.7137
vn -0.0460 -0.5987 0.7997
vn -0.0619 -0.5721 0.8178
vn -0.1499 -0.4087 0.9003
vn -0.0312 -0.7826 -0.6217
vn -0.7224 -0.6710 -0.1670
vn -0.6956 -0.7068 -0.1286
vn -0.7492 -0.6285 -0.2089
vn -0.5425 -0.8131 0.2114
vn 0.6883 -0.6879 -0.2304
vn 0.5994 -0.6900 -0.4058
vn 0.0096 -0.9666 0.2561
vn -0.5045 -0.8082 0.3038
vn -0.4992 -0.8138 0.2977
vn -0.5427 -0.7642 0.3484
vn -0.0791 -0.7549 -0.6511
vn -0.0698 -0.7635 -0.6421
vn -0.0213 -0.8050 -0.5929
vn -0.7618 -0.6372 0.1171
vn -0.7281 -0.6626 0.1753
vn -0.6756 -0.7259 0.1292
vn -0.4851 -0.2580 -0.8355
vn -0.3078 -0.2599 -0.9153
vn -0.9178 -0.1814 -0.3532
vn 0.4071 -0.7458 0.5273
vn -0.4717 -0.7595 -0.4479
vn -0.4769 -0.7616 -0.4388
vn -0.4920 -0.7671 -0.4118
vn -0.8835 0.0409 0.4667
vn -0.8333 0.2497 0.4932
vn -0.7033 0.5130 0.4922
vn -0.4260 -0.6612 0.6176
vn -0.5464 -0.6042 0.5800
vn -0.1456 -0.7392 0.6576
vn -0.0068 0.7292 -0.6842
vn 0.3235 -0.2059 0.9236
vn -0.8607 0.0862 0.5018
vn -0.7558 0.0084 0.6547
vn -0.8070 -0.2880 0.5155
vn 0.4463 -0.3580 -0.8202
vn 0.3491 -0.1811 -0.9194
vn 0.4974 -0.4634 -0.7334
vn -0.9534 -0.1765 -0.2447
vn -0.7105 0.5963 0.3736
vn -0.4787 0.8500 0.2198
vn 0.5279 -0.0510 -0.8478
vn 0.7371 0.6429 -0.2080
vn -0.1035 -0.8907 -0.4427
vn -0.0553 -0.9040 -0.4240
vn -0.2091 -0.8602 -0.4650
vn 0.7386 0.3653 -0.5666
vn 0.9222 0.3787 -0.0781
vn 0.8908 0.4521 -0.0452
vn -0.3801 0.7508 -0.5402
vn -0.4544 0.7731 -0.4425
vn -0.3322 0.7317 -0.5952
vn 0.3639 -0.3493 -0.8635
vn 0.4137 -0.2913 -0.8625
vn 0.4855 -0.1991 -0.8513
vn -0.2672 0.7841 -0.5602
vn -0.2546 0.7895 -0.5584
vn -0.2412 0.7952 -0.5563
vn 0.4504 0.2252 -0.8640
vn 0.0328 -0.3118 0.9496
vn -0.0089 -0.3133 0.9496
vn -0.0424 -0.3140 0.9485
vn 0.6806 -0.7326 0.0052
vn 0.6203 -0.7488 0.2335
vn 0.6567 -0.7342 0.1721
vn 0.7154 -0.6955 0.0675
vn 0.5674 -0.3847 -0.7280
vn 0.1013 -0.3405 -0.9348
vn 0.5739 -0.4136 -0.7068
vn 0.5261 -0.8131 0.2492
vn 0.1889 -0.2209 -0.9568
vn 0.1849 -0.8495 -0.4941
vn 0.1367 0.2285 -0.9639
vn -0.9470 -0.0134 0.3210
vn -0.9029 0.3924 0.1754
vn 0.4160 -0.8121 -0.4092
vn 0.7882 -0.4641 -0.4042
vn 0.8187 -0.0223 -0.5738
vn 0.2308 0.9438 0.2367
vn 0.2304 0.9442 0.2356
vn 0.3347 0.7939 0.5077
vn -0.8494 0.3460 -0.3985
vn -0.8026 -0.4918 0.3377
vn 0.0273 0.3005 0.9534
vn -0.0632 0.0925 0.9937
vn -0.1028 -0.0025 0.9947
vn 0.3249 -0.9223 0.2093
vn 0.6392 -0.7688 -0.0214
vn 0.0120 0.4691 0.8831
vn -0.2153 0.5161 0.8290
vn 0.2935 0.3734 0.8800
vn -0.4886 -0.2060 0.8478
vn -0.7946 -0.5016 -0.3422
vn 0.0821 0.8437 0.5304
vn -0.8108 -0.3230 0.4881
vn -0.8253 0.2694 0.4964
vn -0.5059 0.5160 0.6912
vn 0.0880 0.9959 -0.0221
vn 0.0377 0.5366 0.8430
vn -0.5563 0.5664 0.6081
vn -0.5835 0.6153 0.5301
vn -0.6047 0.6575 0.4494
vn -0.0137 0.4775 0.8785
vn 0.9597 0.2679 0.0851
vn 0.7108 0.3413 0.6150
vn 0.6219 0.3417 0.7046
vn 0.9305 -0.3128 0.1905
vn 0.9757 -0.2156 -0.0395
vn 0.9664 -0.1271 -0.2232
vn 0.6856 0.5455 0.4821
vn -0.3085 -0.1905 0.9320
vn -0.2814 -0.2641 0.9225
vn -0.4147 0.1990 0.8879
vn 0.3218 -0.7477 0.5809
vn -0.0366 0.0507 0.9980
vn -0.1719 0.7595 0.6274
vn -0.1908 0.8749 0.4452
vn -0.2691 -0.8057 -0.5277
vn -0.1623 -0.9863 -0.0299
vn 0.1370 -0.6536 0.7444
vn 0.6645 0.5539 0.5016
vn 0.7308 0.4655 0.4993
vn 0.9009 0.0629 0.4295
vn -0.3666 -0.6892 -0.6250
vn -0.5122 -0.5990 -0.6156
vn -0.6685 -0.4658 -0.5798
vn 0.1396 -0.6141 0.7768
vn 0.7839 -0.3515 0.5119
vn 0.8439 -0.3799 0.3788
vn 0.8690 -0.3919 0.3022
vn -0.3737 -0.9017 -0.2174
vn -0.3612 -0.8871 -0.2875
vn -0.3137 -0.8176 -0.4828
vn 0.6778 0.1801 -0.7129
vn 0.0645 -0.8117 -0.5805
vn -0.3572 -0.6829 -0.6372
vn -0.3998 -0.6620 -0.6339
vn -0.4291 -0.6465 -0.6308
vn -0.8506 -0.0122 -0.5257
vn -0.0288 -0.9239 0.3817
vn -0.0285 -0.9248 0.3794
vn -0.0395 -0.8904 0.4534
vn -0.9016 -0.2879 -0.3230
vn 0.5346 -0.8451 -0.0057
vn 0.0309 -0.4219 -0.9061
vn 0.5505 0.2231 -0.8045
vn -0.6944 -0.1890 0.6944
vn 0.7362 0.3907 -0.5526
vn -0.0130 -0.4086 -0.9126
vn 0.2408 -0.5492 -0.8002
vn 0.2407 -0.5493 -0.8002
vn -0.5183 0.8543 0.0393
vn -0.5182 0.8543 0.0393
vn -0.5182 0.8544 0.0393
vn 0.4092 0.8777 -0.2493
vn -0.0875 0.4521 0.8877
vn -0.5528 -0.7949 0.2500
vn -0.4244 -0.7268 -0.5400
vn -0.7517 0.6421 -0.1505
vn -0.5794 -0.8149 -0.0179
vn -0.5796 -0.8147 -0.0178
vn 0.4346 -0.8883 0.1483
vn -0.5285 -0.8316 0.1707
vn 0.2039 -0.9075 0.3672
vn -0.0761 -0.6794 0.7298
vn 0.2403 -0.9687 -0.0619
vn 0.4764 -0.8119 0.3374
vn -0.0034 -0.5536 -0.8328
vn -0.6974 -0.2718 0.6631
vn -0.2221 0.2214 -0.9495
vn -0.8619 -0.3837 0.3316
vn -0.8301 0.3552 0.4298
vn -0.9082 -0.0531 -0.4151
vn -0.4690 -0.6034 -0.6449
vn -0.5819 -0.1198 -0.8044
vn -0.5377 -0.4143 -0.7343
vn -0.0998 -0.9881 0.1174
vn 0.2746 -0.9522 -0.1334
vn -0.8191 0.3885 0.4220
vn -0.0352 0.6988 0.7144
vn 0.3991 0.9071 0.1337
vn -0.2789 -0.9535 0.1143
vn 0.1321 -0.9904 -0.0405
vn 0.4566 -0.8890 -0.0339
vn -0.2984 -0.9543 -0.0180
vn -0.5006 -0.6399 0.5830
vn 0.3982 0.7917 0.4633
vn 0.9769 -0.2135 0.0061
vn -0.9314 -0.3553 -0.0788
vn -0.9630 -0.0967 -0.2515
vn 0.5842 -0.7667 0.2661
vn 0.4723 -0.7278 -0.4972
vn 0.6684 -0.3968 -0.6291
vn -0.1245 0.9608 0.2476
vn 0.8924 0.3629 0.2684
vn 0.0786 0.0164 0.9968
vn -0.8554 -0.4485 -0.2590
vn -0.9920 0.1147 0.0536
vn 0.3845 -0.8787 0.2830
vn 0.4178 -0.9014 0.1133
vn 0.3269 -0.8131 0.4817
vn 0.4179 -0.9014 0.1132
vn -0.4414 0.8898 0.1163
vn -0.4322 -0.7223 0.5399
vn -0.2942 -0.0936 0.9511
vn 0.7602 -0.6494 0.0206
vn -0.9283 0.1696 0.3310
vn -0.5625 0.2811 -0.7776
vn 0.0403 -0.5260 0.8495
vn -0.3507 -0.5799 0.7353
vn 0.2783 -0.8509 -0.4455
vn -0.6559 -0.7108 -0.2541
vn -0.2484 -0.6969 0.6728
vn 0.1091 -0.7490 0.6536
vn -0.9472 0.1025 -0.3037
vn -0.2485 -0.9455 0.2103
vn 0.2984 -0.8181 0.4917
vn -0.7877 -0.5937 0.1645
vn 0.1806 -0.9269 -0.3291
vn -0.8995 0.3717 -0.2295
vn 0.8332 0.5004 0.2355
vn -0.7345 -0.5619 0.3804
vn 0.6832 -0.5277 0.5047
vn -0.7109 0.5100 -0.4843
vn 0.4047 0.8145 0.4157
vn -0.3319 -0.8884 -0.3173
vn 0.3533 -0.8646 -0.3572
vn -0.0159 -0.1008 0.9948
vn 0.2444 0.0411 0.9688
vn -0.4947 0.8627 0.1052
vn -0.5149 0.8470 0.1325
vn 0.5036 0.8504 0.1523
vn -0.2847 -0.9520 -0.1122
vn 0.2048 -0.9504 -0.2340
vn 0.2450 -0.4671 -0.8496
vn 0.8048 0.2392 -0.5431
vn 0.3433 0.9340 0.0986
vn 0.7542 0.5851 0.2982
vn 0.8808 -0.1791 0.4383
vn -0.1457 -0.5044 0.8511
vn 0.1194 -0.8469 0.5181
vn 0.2848 -0.7676 0.5741
vn 0.6193 -0.7195 0.3144
vn 0.1486 0.7700 -0.6206
vn -0.8393 0.2183 -0.4978
vn -0.0586 -0.9794 0.1933
vn 0.1863 -0.7143 0.6746
vn -0.0980 -0.7647 0.6369
vn 0.0318 -0.8175 0.5750
vn 0.0864 -0.7394 0.6677
vn 0.0865 -0.7394 0.6677
vn 0.0100 0.5407 -0.8411
vn 0.5669 0.8234 -0.0245
vn 0.1091 0.9932 -0.0405
vn 0.8981 0.1998 -0.3918
vn -0.4569 -0.4518 -0.7662
vn 0.1345 0.9732 -0.1862
vn 0.0342 0.6640 -0.7470
vn -0.6441 0.6022 -0.4717
vn 0.0599 -0.4256 -0.9029
vn 0.9081 -0.3395 0.2452
vn 0.9575 0.1381 0.2533
vn -0.4604 0.3428 -0.8188
vn -0.8957 0.4417 -0.0519
vn -0.8934 -0.0511 -0.4463
vn -0.5673 0.8109 -0.1432
vn 0.9339 0.1399 -0.3289
vn -0.1403 0.9446 0.2968
vn 0.5430 0.3835 0.7470
vn 0.8986 -0.1415 0.4154
vn 0.7827 0.2155 0.5839
vn 0.9897 0.1420 0.0162
vn 0.9844 0.0971 -0.1466
vn -0.8195 0.4393 -0.3681
vn -0.6074 0.0810 0.7903
vn 0.7325 0.6361 -0.2424
vn 0.3586 0.8526 -0.3801
vn 0.3944 0.9101 -0.1274
vn 0.1209 0.9010 0.4166
vn 0.0170 0.9898 -0.1412
vn -0.7683 0.6168 -0.1710
vn 0.4577 0.5412 -0.7054
vn 0.1508 0.0041 -0.9886
vn -0.2192 0.3768 0.9000
vn 0.3901 0.5825 0.7131
vn -0.2761 0.8216 0.4987
vn 0.7646 -0.3438 0.5451
vn 0.4068 0.8944 0.1857
vn -0.4729 -0.0080 0.8811
vn -0.6416 -0.3152 0.6993
vn 0.0382 0.8180 -0.5740
vn 0.6184 0.4605 -0.6368
vn 0.2206 0.6944 0.6850
vn 0.7175 0.6863 -0.1193
vn 0.6616 0.3143 0.6808
vn 0.4332 -0.8957 -0.1000
vn 0.7489 0.4361 -0.4989
vn 0.8321 0.3484 -0.4316
vn -0.2377 0.6949 -0.6786
vn 0.8693 -0.1701 0.4642
vn -0.4477 -0.8858 0.1225
vn -0.5564 -0.5541 -0.6192
vn 0.8464 -0.5300 0.0514
vn -0.2923 0.9551 -0.0480
vn 0.7596 -0.5860 0.2822
vn 0.8023 -0.2070 -0.5598
vn 0.0163 -0.0016 -0.9999
vn 0.2985 0.3009 -0.9057
vn -0.0332 -0.8140 -0.5799
vn 0.5177 0.4955 0.6975
vn 0.3608 0.9160 -0.1756
vn -0.8706 0.0792 0.4855
vn -0.7279 0.6354 -0.2578
vn -0.3776 0.0234 0.9257
vn 0.6141 0.7880 0.0443
vn 0.6438 0.7395 0.1967
vn 0.0119 -0.9661 -0.2579
vn 0.1502 -0.5846 -0.7973
vn 0.1401 -0.3950 -0.9079
vn 0.3068 -0.4653 -0.8303
vn 0.1507 0.4412 -0.8847
vn -0.1175 0.9628 0.2433
vn 0.5762 -0.7173 0.3918
vn -0.4465 0.6030 0.6611
vn 0.6756 -0.5338 0.5086
vn 0.1682 0.9395 -0.2983
vn 0.9017 0.3962 0.1733
vn -0.9384 0.3039 -0.1642
vn 0.5840 -0.0086 0.8117
vn -0.4897 0.8684 0.0780
vn -0.4264 0.5855 0.6895
vn -0.9618 0.2261 -0.1546
vn -0.7393 0.6697 0.0701
vn 0.0502 0.6388 -0.7677
vn 0.8653 -0.4351 0.2489
vn 0.7577 -0.5205 -0.3936
vn 0.7460 -0.5564 -0.3660
vn -0.2421 -0.0790 -0.9670
vn 0.1049 0.3621 0.9262
vn 0.6644 0.7303 0.1588
vn 0.4567 0.8311 -0.3172
vn 0.1560 -0.0355 -0.9871
vn 0.3507 0.0561 -0.9348
vn 0.0740 -0.5769 0.8134
vn -0.8143 0.1525 -0.5600
vn -0.4864 -0.7826 -0.3886
vn -0.7243 -0.6457 0.2419
vn 0.5087 -0.4787 -0.7156
vn 0.6814 0.5843 0.4408
vn 0.8608 0.1984 0.4687
vn 0.9551 -0.2916 0.0521
vn 0.3447 0.8431 -0.4128
vn -0.5740 0.6192 -0.5358
vn -0.9710 0.2155 -0.1032
vn -0.2998 -0.5616 -0.7712
vn -0.9597 0.2413 -0.1441
vn 0.0355 -0.7213 0.6917
vn -0.6682 -0.7383 -0.0921
vn 0.3009 -0.8525 -0.4275
vn -0.2879 -0.8928 0.3464
vn -0.4652 -0.8463 0.2594
vn -0.1530 -0.6793 -0.7177
vn -0.8429 -0.4891 0.2242
vn -0.7212 -0.6049 0.3376
vn 0.0577 -0.2364 -0.9699
vn -0.4452 -0.7482 -0.4919
vn -0.8553 -0.3870 0.3446
vn -0.6957 -0.5062 0.5096
vn -0.8848 -0.0841 0.4583
vn -0.4159 0.9067 0.0699
vn 0.2848 -0.0746 -0.9557
vn -0.2327 -0.8489 -0.4745
vn 0.2310 -0.9156 -0.3290
vn 0.5828 0.3752 -0.7208
vn 0.8434 0.2404 -0.4804
vn -0.4886 0.7796 -0.3917
vn 0.2438 -0.4722 -0.8471
vn -0.2844 0.7763 -0.5626
vn 0.0617 -0.3106 0.9486
vn 0.8490 -0.5258 -0.0522
vn 0.9504 -0.2046 -0.2341
vn 0.4954 -0.7866 0.3686
vn 0.1641 -0.9360 -0.3113
vn 0.4465 -0.8479 -0.2858
vn -0.1043 -0.9505 -0.2928
vn 0.1534 0.9867 0.0544
vn 0.0963 0.4503 0.8877
vn -0.5843 0.5262 0.6178
vn -0.1320 0.9600 -0.2471
vn -0.7982 0.5065 0.3261
vn -0.5332 0.5273 0.6615
vn 0.9705 0.2354 -0.0512
vn 0.8752 -0.3612 0.3217
vn -0.1289 -0.5889 0.7979
vn 0.0555 -0.3891 0.9195
vn 0.3623 0.8113 0.4589
vn -0.2144 -0.7576 -0.6165
vn 0.7288 -0.3257 0.6023
vn -0.3891 -0.9148 -0.1081
vn -0.3143 -0.7021 -0.6390
vn -0.0213 -0.9435 0.3308
vn 0.5504 0.2231 -0.8045
vt 0.086596 0.778180
vt 0.087296 0.770695
vt 0.103810 0.755912
vt 0.109259 0.799086
vt 0.086542 0.813166
vt 0.885731 0.445025
vt 0.875799 0.428355
vt 0.922911 0.425523
vt 0.816725 0.581978
vt 0.798797 0.572480
vt 0.810397 0.541743
vt 0.925405 0.448966
vt 0.335158 0.939762
vt 0.331603 0.934485
vt 0.335158 0.916906
vt 0.450333 0.469036
vt 0.463245 0.480159
vt 0.440111 0.475338
vt 0.969303 0.318909
vt 0.969064 0.307430
vt 0.985906 0.298695
vt 0.898377 0.404217
vt 0.914257 0.407900
vt 0.837984 0.565307
vt 0.855686 0.575923
vt 0.837157 0.586227
vt 0.921089 0.473540
vt 0.892475 0.469256
vt 0.855995 0.553912
vt 0.831598 0.554497
vt 0.855508 0.562991
vt 0.064008 0.804301
vt 0.067880 0.782810
vt 0.967152 0.365468
vt 0.954096 0.315847
vt 0.967152 0.298695
vt 0.062089 0.742170
vt 0.081596 0.699464
vt 0.090885 0.752616
vt 0.053157 0.773337
vt 0.954489 0.210761
vt 0.954489 0.276423
vt 0.928928 0.234269
vt 0.060456 0.693305
vt 0.013191 0.722332
vt 0.010294 0.695581
vt 0.541800 0.726782
vt 0.560770 0.716237
vt 0.558741 0.762399
vt 0.614531 0.712611
vt 0.586513 0.726889
vt 0.533552 0.770936
vt 0.743650 0.793426
vt 0.709087 0.749182
vt 0.736698 0.758723
vt 0.508447 0.979644
vt 0.527821 0.951615
vt 0.531603 0.979644
vt 0.887419 0.149723
vt 0.898679 0.152078
vt 0.911686 0.165131
vt 0.613053 0.746592
vt 0.587158 0.764654
vt 0.716092 0.809385
vt 0.690082 0.783278
vt 0.670033 0.754495
vt 0.854037 0.161818
vt 0.890963 0.184037
vt 0.862987 0.192843
vt 0.852016 0.596084
vt 0.852440 0.585756
vt 0.883410 0.608961
vt 0.883410 0.570441
vt 0.107919 0.724973
vt 0.109259 0.697228
vt 0.679776 0.815514
vt 0.875385 0.102391
vt 0.896820 0.120226
vt 0.911686 0.097109
vt 0.899334 0.110230
vt 0.036247 0.749777
vt 0.945700 0.343515
vt 0.839734 0.904434
vt 0.813782 0.952202
vt 0.812805 0.915987
vt 0.897228 0.695689
vt 0.871197 0.719297
vt 0.868113 0.681562
vt 0.253340 0.926454
vt 0.236752 0.897764
vt 0.267371 0.899836
vt 0.247475 0.871261
vt 0.276096 0.852726
vt 0.137781 0.964458
vt 0.143866 0.941915
vt 0.166155 0.964458
vt 0.235482 0.847212
vt 0.308037 0.854600
vt 0.299395 0.891502
vt 0.779915 0.688012
vt 0.761784 0.698875
vt 0.757026 0.665031
vt 0.736912 0.676460
vt 0.308037 0.913545
vt 0.880128 0.648962
vt 0.909904 0.635950
vt 0.849981 0.966805
vt 0.872720 0.942483
vt 0.883145 0.966805
vt 0.733419 0.713808
vt 0.708813 0.687124
vt 0.691318 0.662973
vt 0.707226 0.635950
vt 0.858049 0.925708
vt 0.383562 0.928910
vt 0.382559 0.890319
vt 0.404527 0.910703
vt 0.403399 0.886889
vt 0.699957 0.717969
vt 0.330111 0.942369
vt 0.330111 0.982560
vt 0.309949 0.951960
vt 0.931630 0.658708
vt 0.928795 0.692652
vt 0.909392 0.719297
vt 0.919155 0.476381
vt 0.908786 0.501021
vt 0.886295 0.475454
vt 0.839734 0.960105
vt 0.838638 0.962018
vt 0.846691 0.989465
vt 0.831830 0.989465
vt 0.779915 0.768409
vt 0.758613 0.754038
vt 0.774309 0.737268
vt 0.379518 0.884706
vt 0.380315 0.887531
vt 0.370435 0.885275
vt 0.593861 0.811574
vt 0.581848 0.813358
vt 0.564514 0.797375
vt 0.591423 0.768700
vt 0.614531 0.793186
vt 0.776150 0.805185
vt 0.749572 0.779455
vt 0.409891 0.502734
vt 0.429070 0.533547
vt 0.388725 0.531308
vt 0.470293 0.286415
vt 0.466532 0.252396
vt 0.489881 0.251713
vt 0.875340 0.210761
vt 0.898037 0.238432
vt 0.852316 0.237744
vt 0.879838 0.266625
vt 0.855639 0.302242
vt 0.851143 0.282803
vt 0.647719 0.830969
vt 0.665310 0.811770
vt 0.665310 0.850814
vt 0.179882 0.977893
vt 0.174771 0.985252
vt 0.168068 0.968046
vt 0.840186 0.272757
vt 0.598746 0.841456
vt 0.567015 0.851310
vt 0.506976 0.290410
vt 0.529457 0.255443
vt 0.531640 0.290217
vt 0.408392 0.568753
vt 0.443927 0.558340
vt 0.482017 0.623803
vt 0.479542 0.616567
vt 0.482017 0.590689
vt 0.808627 0.871416
vt 0.844547 0.879922
vt 0.827018 0.902520
vt 0.175670 0.824054
vt 0.150501 0.824046
vt 0.142287 0.800092
vt 0.836598 0.656049
vt 0.866200 0.657480
vt 0.850989 0.685134
vt 0.187955 0.804384
vt 0.135553 0.782342
vt 0.139251 0.770854
vt 0.163899 0.776955
vt 0.947590 0.079625
vt 0.947590 0.094186
vt 0.937699 0.085028
vt 0.825013 0.690745
vt 0.807371 0.676518
vt 0.218722 0.072071
vt 0.204857 0.068955
vt 0.217205 0.060884
vt 0.179392 0.777915
vt 0.095536 0.968418
vt 0.108181 0.959294
vt 0.108181 0.987572
vt 0.126280 0.810412
vt 0.114107 0.777475
vt 0.233570 0.099602
vt 0.189088 0.091701
vt 0.809791 0.642560
vt 0.850526 0.635950
vt 0.848068 0.901834
vt 0.218227 0.126850
vt 0.194140 0.118324
vt 0.840601 0.856871
vt 0.840299 0.855604
vt 0.848068 0.858552
vt 0.808377 0.841951
vt 0.827023 0.851229
vt 0.784932 0.854001
vt 0.789131 0.900815
vt 0.781827 0.879352
vt 0.307801 0.349802
vt 0.336841 0.348888
vt 0.331115 0.391553
vt 0.277032 0.340205
vt 0.310938 0.322023
vt 0.310284 0.329279
vt 0.159147 0.112901
vt 0.130097 0.122524
vt 0.151595 0.083965
vt 0.351632 0.351694
vt 0.371934 0.351582
vt 0.358599 0.377060
vt 0.148335 0.150399
vt 0.123584 0.144713
vt 0.287200 0.372516
vt 0.265357 0.360194
vt 0.315752 0.340797
vt 0.951034 0.057703
vt 0.969468 0.043515
vt 0.974744 0.067448
vt 0.778282 0.824695
vt 0.769372 0.848251
vt 0.751283 0.824762
vt 0.502640 0.865955
vt 0.468491 0.864858
vt 0.459322 0.818120
vt 0.171624 0.889298
vt 0.144035 0.900949
vt 0.143431 0.868060
vt 0.510264 0.832713
vt 0.180956 0.857417
vt 0.430938 0.814275
vt 0.458887 0.792282
vt 0.668332 0.340825
vt 0.713364 0.349647
vt 0.662176 0.369416
vt 0.698598 0.389647
vt 0.670031 0.399336
vt 0.717325 0.399336
vt 0.487327 0.783124
vt 0.457608 0.764576
vt 0.498692 0.808287
vt 0.749986 0.879158
vt 0.767635 0.876602
vt 0.778282 0.895125
vt 0.631787 0.926448
vt 0.631787 0.967854
vt 0.606088 0.945159
vt 0.149105 0.825968
vt 0.111171 0.855647
vt 0.440261 0.865955
vt 0.117005 0.880448
vt 0.116169 0.913240
vt 0.178686 0.913240
vt 0.461342 0.867868
vt 0.464109 0.899728
vt 0.437376 0.890431
vt 0.430938 0.922852
vt 0.464109 0.934175
vt 0.777118 0.323805
vt 0.800601 0.309074
vt 0.829534 0.347253
vt 0.774893 0.361774
vt 0.285998 0.945462
vt 0.303606 0.928367
vt 0.299078 0.948379
vt 0.616443 0.777549
vt 0.627050 0.753726
vt 0.653060 0.774919
vt 0.501949 0.013408
vt 0.531640 0.010977
vt 0.497994 0.037482
vt 0.637023 0.809856
vt 0.515684 0.068148
vt 0.494047 0.063775
vt 0.835291 0.376160
vt 0.847414 0.537229
vt 0.813091 0.522088
vt 0.839774 0.513838
vt 0.780397 0.310139
vt 0.792067 0.302247
vt 0.796546 0.302714
vt 0.827665 0.321764
vt 0.821160 0.294185
vt 0.397748 0.063549
vt 0.408640 0.087074
vt 0.369551 0.108765
vt 0.062949 0.562892
vt 0.019550 0.579323
vt 0.040099 0.540631
vt 0.278943 0.488518
vt 0.270041 0.488197
vt 0.268991 0.462600
vt 0.301505 0.511427
vt 0.269137 0.520728
vt 0.044099 0.878976
vt 0.031298 0.865066
vt 0.046311 0.862251
vt 0.062407 0.873378
vt 0.053622 0.897587
vt 0.019579 0.877551
vt 0.010294 0.864347
vt 0.078470 0.900015
vt 0.093624 0.902042
vt 0.093624 0.932258
vt 0.068479 0.915400
vt 0.962419 0.966119
vt 0.970674 0.964970
vt 0.953491 0.977195
vt 0.075714 0.934162
vt 0.054254 0.923871
vt 0.934112 0.206926
vt 0.930416 0.198145
vt 0.946339 0.189495
vt 0.976349 0.412326
vt 0.976349 0.442904
vt 0.967893 0.429604
vt 0.232049 0.747583
vt 0.232049 0.776638
vt 0.223065 0.757373
vt 0.800027 0.990426
vt 0.786576 0.975225
vt 0.800027 0.961722
vt 0.781827 0.978638
vt 0.784978 0.974902
vt 0.785688 0.975050
vt 0.052653 0.914523
vt 0.053987 0.899500
vt 0.066079 0.886292
vt 0.957413 0.440709
vt 0.963090 0.457104
vt 0.039181 0.848711
vt 0.026587 0.891909
vt 0.031324 0.884767
vt 0.026048 0.879079
vt 0.066132 0.848373
vt 0.074476 0.830648
vt 0.091569 0.859729
vt 0.065539 0.866883
vt 0.678644 0.920385
vt 0.675451 0.903287
vt 0.696082 0.902795
vt 0.675434 0.935627
vt 0.693718 0.927357
vt 0.455599 0.946141
vt 0.455124 0.971669
vt 0.443742 0.952672
vt 0.691626 0.948174
vt 0.711260 0.937523
vt 0.720201 0.925623
vt 0.736311 0.933552
vt 0.742192 0.952378
vt 0.740259 0.918113
vt 0.743755 0.902795
vt 0.432694 0.971669
vt 0.430938 0.936089
vt 0.707894 0.940264
vt 0.709806 0.916781
vt 0.802372 0.930865
vt 0.781827 0.940365
vt 0.785578 0.920533
vt 0.670033 0.948174
vt 0.810893 0.904434
vt 0.810893 0.950851
vt 0.791166 0.948849
vt 0.070693 0.876506
vt 0.233425 0.615567
vt 0.233425 0.644616
vt 0.223065 0.628855
vt 0.987901 0.593359
vt 0.987901 0.634036
vt 0.971949 0.617683
vt 0.804600 0.401679
vt 0.785279 0.401679
vt 0.797085 0.378074
vt 0.055022 0.823914
vt 0.038075 0.835231
vt 0.010294 0.925038
vt 0.042149 0.917000
vt 0.027945 0.939414
vt 0.729637 0.954292
vt 0.729637 0.979285
vt 0.710896 0.961845
vt 0.012221 0.944808
vt 0.202584 0.867727
vt 0.189778 0.847723
vt 0.201210 0.850012
vt 0.709806 0.982668
vt 0.048472 0.934169
vt 0.050578 0.915562
vt 0.013541 0.821182
vt 0.036992 0.815079
vt 0.020547 0.841035
vt 0.011168 0.855465
vt 0.423461 0.954777
vt 0.414722 0.962741
vt 0.406570 0.947600
vt 0.428746 0.930824
vt 0.911648 0.855933
vt 0.899083 0.865658
vt 0.885410 0.842049
vt 0.882807 0.863443
vt 0.863434 0.847380
vt 0.903553 0.348840
vt 0.902261 0.322587
vt 0.923692 0.330157
vt 0.920463 0.311141
vt 0.499208 0.890276
vt 0.483562 0.876335
vt 0.506118 0.867868
vt 0.667454 0.926448
vt 0.667454 0.947725
vt 0.664227 0.937438
vt 0.946124 0.605762
vt 0.962345 0.630478
vt 0.934394 0.615882
vt 0.476503 0.903674
vt 0.962345 0.601769
vt 0.970799 0.184476
vt 0.980662 0.178887
vt 0.987988 0.203566
vt 0.988819 0.784065
vt 0.974682 0.781844
vt 0.988819 0.757886
vt 0.922289 0.176037
vt 0.913599 0.183881
vt 0.918892 0.166042
vt 0.506118 0.921668
vt 0.483843 0.921273
vt 0.466021 0.920713
vt 0.168068 0.938017
vt 0.176111 0.941343
vt 0.178825 0.959356
vt 0.174480 0.029635
vt 0.153824 0.080387
vt 0.151128 0.045257
vt 0.838022 0.707417
vt 0.866200 0.713650
vt 0.839592 0.742354
vt 0.810357 0.723023
vt 0.170082 0.719328
vt 0.141617 0.712464
vt 0.172633 0.693305
vt 0.748074 0.818257
vt 0.748074 0.870015
vt 0.723993 0.848823
vt 0.693950 0.820217
vt 0.694262 0.859703
vt 0.725812 0.817427
vt 0.719947 0.878588
vt 0.670033 0.855060
vt 0.672042 0.819795
vt 0.813470 0.755973
vt 0.784044 0.755747
vt 0.152251 0.010977
vt 0.203323 0.015796
vt 0.122421 0.031408
vt 0.137029 0.765985
vt 0.118712 0.739819
vt 0.131268 0.695068
vt 0.206806 0.053800
vt 0.127680 0.064134
vt 0.781827 0.707523
vt 0.814798 0.689838
vt 0.185447 0.080831
vt 0.478740 0.457610
vt 0.509295 0.490812
vt 0.468702 0.505047
vt 0.399992 0.204876
vt 0.408371 0.219014
vt 0.389770 0.214208
vt 0.478160 0.200906
vt 0.438283 0.239817
vt 0.405515 0.155690
vt 0.500546 0.546073
vt 0.454606 0.151118
vt 0.500919 0.157075
vt 0.517824 0.202715
vt 0.524233 0.488197
vt 0.527263 0.505912
vt 0.512312 0.458338
vt 0.327459 0.547660
vt 0.351615 0.587202
vt 0.302363 0.588775
vt 0.376521 0.541317
vt 0.382108 0.409723
vt 0.428846 0.400882
vt 0.407133 0.450038
vt 0.721085 0.418033
vt 0.765181 0.404217
vt 0.748083 0.436603
vt 0.348057 0.448931
vt 0.689138 0.435460
vt 0.983875 0.073509
vt 0.983875 0.093572
vt 0.968840 0.069362
vt 0.113714 0.927430
vt 0.130231 0.915154
vt 0.129670 0.931104
vt 0.730582 0.481335
vt 0.715750 0.533800
vt 0.689579 0.493306
vt 0.767121 0.521045
vt 0.505885 0.659195
vt 0.484493 0.613708
vt 0.523978 0.610200
vt 0.781225 0.468116
vt 0.387789 0.370243
vt 0.386664 0.482444
vt 0.365686 0.454810
vt 0.432939 0.368059
vt 0.395007 0.332947
vt 0.796884 0.441546
vt 0.277212 0.410834
vt 0.295204 0.420858
vt 0.291984 0.434134
vt 0.300584 0.448548
vt 0.248143 0.447700
vt 0.236989 0.397404
vt 0.146845 0.653387
vt 0.098010 0.648866
vt 0.123820 0.611869
vt 0.176332 0.615658
vt 0.927016 0.264551
vt 0.907604 0.296781
vt 0.902261 0.247869
vt 0.151337 0.569901
vt 0.191169 0.583168
vt 0.181701 0.660071
vt 0.108456 0.131885
vt 0.951579 0.961338
vt 0.922600 0.929392
vt 0.951579 0.909916
vt 0.140084 0.690058
vt 0.092220 0.691391
vt 0.106571 0.957380
vt 0.095536 0.949261
vt 0.106571 0.899500
vt 0.320373 0.403292
vt 0.303301 0.443329
vt 0.314311 0.446507
vt 0.493435 0.955790
vt 0.466021 0.951773
vt 0.493435 0.923581
vt 0.357274 0.483666
vt 0.311178 0.479759
vt 0.336244 0.460570
vt 0.383590 0.492920
vt 0.584145 0.947243
vt 0.602056 0.927246
vt 0.602056 0.959231
vt 0.300799 0.476605
vt 0.311392 0.466955
vt 0.301102 0.491734
vt 0.332662 0.531608
vt 0.356930 0.525238
vt 0.376031 0.507209
vt 0.476848 0.970424
vt 0.368007 0.828085
vt 0.385780 0.860266
vt 0.345799 0.857286
vt 0.633867 0.887790
vt 0.664283 0.856437
vt 0.658082 0.898335
vt 0.852125 0.075283
vt 0.839843 0.107971
vt 0.807625 0.036333
vt 0.799483 0.098594
vt 0.790265 0.068244
vt 0.769618 0.054538
vt 0.774514 0.010977
vt 0.339041 0.803777
vt 0.840904 0.040327
vt 0.872867 0.798032
vt 0.861075 0.757886
vt 0.895279 0.772481
vt 0.618276 0.853224
vt 0.360311 0.767120
vt 0.388038 0.793928
vt 0.409545 0.826619
vt 0.428099 0.858554
vt 0.912753 0.805705
vt 0.920864 0.772122
vt 0.321273 0.620079
vt 0.309833 0.656677
vt 0.285633 0.623331
vt 0.536514 0.925332
vt 0.533552 0.889388
vt 0.563816 0.909433
vt 0.717365 0.579808
vt 0.743886 0.634036
vt 0.711567 0.609210
vt 0.757256 0.570812
vt 0.789563 0.601618
vt 0.776212 0.628660
vt 0.272445 0.659815
vt 0.254405 0.629948
vt 0.289171 0.681854
vt 0.264050 0.592152
vt 0.737582 0.549393
vt 0.123090 0.517708
vt 0.127766 0.517549
vt 0.141397 0.542681
vt 0.094548 0.546790
vt 0.932222 0.505729
vt 0.952497 0.528883
vt 0.922007 0.528883
vt 0.231310 0.613654
vt 0.223065 0.591579
vt 0.230924 0.585561
vt 0.349820 0.938179
vt 0.358787 0.911802
vt 0.372305 0.937564
vt 0.380647 0.909842
vt 0.481892 0.555609
vt 0.468702 0.579225
vt 0.469843 0.547987
vt 0.344024 0.894115
vt 0.380647 0.880495
vt 0.847175 0.149352
vt 0.833441 0.181673
vt 0.814249 0.145957
vt 0.804885 0.185461
vt 0.806973 0.197884
vt 0.703883 0.551147
vt 0.691327 0.590282
vt 0.670033 0.559835
vt 0.672632 0.520874
vt 0.289760 0.279968
vt 0.326773 0.298111
vt 0.309923 0.313953
vt 0.339041 0.680892
vt 0.370740 0.656355
vt 0.375239 0.692157
vt 0.861200 0.054746
vt 0.889347 0.068687
vt 0.869540 0.090559
vt 0.916927 0.095195
vt 0.357776 0.273684
vt 0.320593 0.261431
vt 0.364922 0.312089
vt 0.167415 0.520569
vt 0.150441 0.482797
vt 0.189759 0.488504
vt 0.118025 0.486120
vt 0.391562 0.150258
vt 0.352829 0.148675
vt 0.368676 0.121314
vt 0.073942 0.524762
vt 0.036783 0.529296
vt 0.055098 0.491694
vt 0.331448 0.118170
vt 0.097010 0.495206
vt 0.078471 0.455216
vt 0.013336 0.453865
vt 0.053924 0.432227
vt 0.325563 0.193987
vt 0.304409 0.184146
vt 0.307396 0.148896
vt 0.109308 0.469275
vt 0.372218 0.186087
vt 0.339191 0.212089
vt 0.018521 0.491759
vt 0.010294 0.524102
vt 0.310981 0.201324
vt 0.297878 0.268143
vt 0.253999 0.250872
vt 0.245298 0.185040
vt 0.266516 0.204503
vt 0.235482 0.216507
vt 0.473301 0.686641
vt 0.463576 0.756565
vt 0.443069 0.704765
vt 0.405111 0.690939
vt 0.438541 0.667189
vt 0.438055 0.749459
vt 0.392164 0.762662
vt 0.379060 0.718155
vt 0.942555 0.399244
vt 0.910369 0.382918
vt 0.942555 0.357741
vt 0.284698 0.780290
vt 0.287897 0.845298
vt 0.247907 0.786649
vt 0.317072 0.804778
vt 0.287595 0.164949
vt 0.325219 0.239208
vt 0.324061 0.835307
vt 0.337129 0.841967
vt 0.477630 0.613361
vt 0.477630 0.673515
vt 0.452213 0.629023
vt 0.417167 0.612200
vt 0.422117 0.646619
vt 0.432115 0.590689
vt 0.444883 0.670218
vt 0.970962 0.139930
vt 0.945692 0.155369
vt 0.945670 0.128344
vt 0.492968 0.699407
vt 0.492256 0.669445
vt 0.530544 0.710988
vt 0.530544 0.661108
vt 0.267144 0.707724
vt 0.268128 0.761378
vt 0.235482 0.712214
vt 0.291104 0.730596
vt 0.256268 0.676245
vt 0.443150 0.303518
vt 0.432277 0.273813
vt 0.377881 0.243441
vt 0.401655 0.298633
vt 0.375216 0.314261
vt 0.837203 0.342462
vt 0.870498 0.336925
vt 0.869780 0.368003
vt 0.424370 0.228327
vt 0.453244 0.239224
vt 0.893037 0.304991
vt 0.913485 0.890091
vt 0.906850 0.919678
vt 0.877567 0.911370
vt 0.719237 0.396704
vt 0.720418 0.375516
vt 0.751024 0.396139
vt 0.878543 0.881934
vt 0.404658 0.959234
vt 0.389328 0.973265
vt 0.382559 0.956138
vt 0.849981 0.895514
vt 0.857159 0.871189
vt 0.231648 0.715719
vt 0.223065 0.705859
vt 0.231648 0.698675
vt 0.558229 0.933114
vt 0.539902 0.954159
vt 0.533552 0.927246
vt 0.558229 0.968490
vt 0.769039 0.985789
vt 0.749986 0.963061
vt 0.769039 0.957684
vt 0.751024 0.362276
vt 0.359187 0.975367
vt 0.339041 0.954671
vt 0.359187 0.941335
vt 0.340866 0.981584
vt 0.871280 0.424765
vt 0.848510 0.428444
vt 0.873887 0.416876
vt 0.855957 0.453790
vt 0.839643 0.475453
vt 0.827333 0.446284
vt 0.968887 0.194808
vt 0.948251 0.181677
vt 0.968887 0.168686
vt 0.823203 0.421541
vt 0.805645 0.440310
vt 0.802372 0.414141
vt 0.843204 0.404217
vt 0.813262 0.450587
vt 0.528855 0.437930
vt 0.500819 0.439464
vt 0.514447 0.424649
vt 0.495581 0.421143
vt 0.510518 0.409841
vt 0.641411 0.713062
vt 0.664544 0.712611
vt 0.646508 0.734219
vt 0.386137 0.940602
vt 0.986525 0.989280
vt 0.972586 0.985448
vt 0.986525 0.964970
vt 0.356652 0.240165
vt 0.358331 0.223561
vt 0.647371 0.989237
vt 0.633699 0.980148
vt 0.647371 0.965235
vt 0.392315 0.684612
vt 0.406285 0.677371
vt 0.889870 0.010977
vt 0.854037 0.020070
vt 0.382866 0.628916
vt 0.371278 0.618414
vt 0.392528 0.607104
vt 0.970962 0.097109
vt 0.390714 0.646255
vt 0.966927 0.074958
vt 0.966927 0.093706
vt 0.951517 0.082245
vt 0.951034 0.069362
vt 0.492583 0.714228
vt 0.484493 0.704020
vt 0.150274 0.548282
vt 0.103111 0.511711
vt 0.117598 0.500046
vt 0.836558 0.194028
vt 0.852125 0.208847
vt 0.824589 0.208077
vt 0.178810 0.559279
vt 0.191169 0.509055
vt 0.076736 0.962331
vt 0.093296 0.947251
vt 0.093296 0.988836
vt 0.231310 0.573256
vt 0.950426 0.978493
vt 0.942610 0.978493
vt 0.945285 0.963252
vt 0.796759 0.107739
vt 0.829922 0.114698
vt 0.986060 0.883838
vt 0.986060 0.906164
vt 0.975445 0.891818
vt 0.604930 0.862383
vt 0.110056 0.578791
vt 0.098405 0.576587
vt 0.891758 0.974607
vt 0.885986 0.957522
vt 0.912306 0.955905
vt 0.921754 0.016403
vt 0.911900 0.031242
vt 0.990789 0.856975
vt 0.990789 0.881924
vt 0.978294 0.881308
vt 0.905617 0.617277
vt 0.914676 0.633757
vt 0.901548 0.633757
vt 0.516530 0.604051
vt 0.519541 0.579507
vt 0.713455 0.536117
vt 0.731303 0.538171
vt 0.849981 0.797386
vt 0.873456 0.822549
vt 0.519782 0.580089
vt 0.504442 0.587411
vt 0.495359 0.581155
vt 0.923666 0.094027
vt 0.925306 0.079625
vt 0.935787 0.094027
vt 0.387760 0.186950
vt 0.512571 0.542836
vt 0.511617 0.523488
vt 0.381964 0.210510
vt 0.183502 0.713312
vt 0.186689 0.744578
vt 0.931221 0.164204
vt 0.932068 0.173547
vt 0.924309 0.303237
vt 0.943788 0.298695
vt 0.942517 0.323990
vt 0.192131 0.909693
vt 0.182869 0.877187
vt 0.209047 0.885611
vt 0.743755 0.936988
vt 0.973134 0.162190
vt 0.035507 0.844624
vt 0.453140 0.936330
vt 0.976070 0.791446
vt 0.985146 0.798913
vt 0.979112 0.802097
vt 0.102918 0.610113
vt 0.080385 0.610494
vt 0.471529 0.128917
vt 0.471991 0.131855
vt 0.659592 0.732511
vt 0.652300 0.742923
vt 0.505126 0.397914
vt 0.496846 0.385221
vt 0.509765 0.375469
vt 0.434360 0.126331
vt 0.269132 0.509054
vt 0.528855 0.320969
vt 0.510463 0.358284
vt 0.492798 0.340127
vt 0.728827 0.369130
vt 0.744639 0.340825
vt 0.857510 0.505031
vt 0.854657 0.492532
vt 0.827564 0.482460
vt 0.976689 0.296781
vt 0.969389 0.291036
vt 0.976689 0.279773
vt 0.428506 0.862180
vt 0.428506 0.890733
vt 0.420383 0.871884
vt 0.336390 0.847212
vt 0.336390 0.868077
vt 0.331603 0.865972
vt 0.198698 0.783535
vt 0.198698 0.756440
vt 0.344929 0.397702
vt 0.182869 0.986459
vt 0.190437 0.974618
vt 0.197232 0.986459
vt 0.516476 0.889838
vt 0.520338 0.890218
vt 0.508938 0.900250
vt 0.509673 0.229025
vt 0.977078 0.239154
vt 0.983788 0.264230
vt 0.975837 0.264230
vt 0.340565 0.939421
vt 0.339041 0.912906
vt 0.223808 0.812615
vt 0.228201 0.808988
vt 0.228201 0.823742
vt 0.987137 0.367074
vt 0.987137 0.399244
vt 0.972704 0.369979
vt 0.983357 0.349406
vt 0.449194 0.497824
vt 0.419006 0.471004
vt 0.429026 0.828633
vt 0.208413 0.965724
vt 0.208413 0.985927
vt 0.199144 0.985180
vt 0.953052 0.486503
vt 0.288281 0.847255
vt 0.162470 0.934107
vt 0.138428 0.915154
vt 0.729106 0.738416
vt 0.742032 0.732428
vt 0.635114 0.828122
vt 0.645807 0.849685
vt 0.616443 0.839040
vt 0.980234 0.317862
vt 0.972427 0.092102
vt 0.829087 0.600390
vt 0.842106 0.591833
vt 0.822966 0.558745
vt 0.830655 0.564137
vt 0.835678 0.599962
vt 0.928697 0.464218
vt 0.606649 0.767821
vt 0.916588 0.633465
vt 0.922243 0.617277
vt 0.929232 0.633465
vt 0.223808 0.790114
vt 0.232049 0.778552
vt 0.232049 0.807075
vt 0.564437 0.767095
vt 0.871221 0.539143
vt 0.843854 0.540389
vt 0.897519 0.754614
vt 0.868113 0.735139
vt 0.897519 0.721211
vt 0.418471 0.912759
vt 0.886644 0.499723
vt 0.536162 0.783316
vt 0.756195 0.731360
vt 0.506109 0.946736
vt 0.504216 0.925584
vt 0.506109 0.923581
vt 0.383875 0.511865
vt 0.987009 0.909916
vt 0.987009 0.937373
vt 0.975534 0.914309
vt 0.400209 0.477095
vt 0.895917 0.215869
vt 0.230440 0.646530
vt 0.230440 0.683444
vt 0.223065 0.676761
vt 0.375501 0.547364
vt 0.590955 0.818109
vt 0.702284 0.950088
vt 0.705992 0.965999
vt 0.690624 0.971250
vt 0.336195 0.894050
vt 0.336195 0.914992
vt 0.331603 0.907116
vt 0.940698 0.968522
vt 0.927396 0.977967
vt 0.922600 0.963252
vt 0.449399 0.530917
vt 0.466790 0.543739
vt 0.125217 0.769703
vt 0.836897 0.695355
vt 0.181301 0.120035
vt 0.174369 0.126456
vt 0.172348 0.113276
vt 0.171139 0.105403
vt 0.168392 0.096118
vt 0.970591 0.013699
vt 0.954933 0.030494
vt 0.361100 0.978651
vt 0.378791 0.961242
vt 0.378791 0.986818
vt 0.530544 0.922090
vt 0.522334 0.890699
vt 0.529863 0.882578
vt 0.367031 0.331273
vt 0.114337 0.115891
vt 0.112597 0.079742
vt 0.865646 0.397203
vt 0.852075 0.369917
vt 0.865646 0.373522
vt 0.837203 0.401628
vt 0.837467 0.377073
vt 0.762723 0.857736
vt 0.494161 0.086762
vt 0.469702 0.086929
vt 0.486196 0.073351
vt 0.472769 0.020680
vt 0.480038 0.037381
vt 0.969374 0.937989
vt 0.973622 0.963056
vt 0.953491 0.935921
vt 0.803954 0.284418
vt 0.795125 0.283879
vt 0.811879 0.282427
vt 0.759912 0.332956
vt 0.664544 0.799786
vt 0.823776 0.493150
vt 0.798797 0.495927
vt 0.807787 0.508657
vt 0.807095 0.507270
vt 0.651830 0.751107
vt 0.639526 0.726817
vt 0.303606 0.955118
vt 0.420797 0.130692
vt 0.392859 0.136126
vt 0.383445 0.121920
vt 0.057107 0.607389
vt 0.033645 0.598525
vt 0.093452 0.651649
vt 0.083886 0.649369
vt 0.237953 0.571822
vt 0.271156 0.584609
vt 0.270098 0.582999
vt 0.512122 0.361926
vt 0.519979 0.409620
vt 0.233450 0.469591
vt 0.233222 0.446253
vt 0.233450 0.432227
vt 0.245108 0.547000
vt 0.287000 0.555778
vt 0.050740 0.899500
vt 0.034848 0.908050
vt 0.261116 0.527031
vt 0.294409 0.530094
vt 0.971949 0.688188
vt 0.986176 0.685293
vt 0.986176 0.710524
vt 0.962138 0.413410
vt 0.941365 0.182393
vt 0.059761 0.945337
vt 0.970674 0.984884
vt 0.056300 0.856474
vt 0.068300 0.863711
vt 0.801939 0.967735
vt 0.809404 0.961722
vt 0.809404 0.984253
vt 0.945700 0.296781
vt 0.948053 0.280599
vt 0.957898 0.296781
vt 0.759912 0.386312
vt 0.776830 0.378074
vt 0.783367 0.388366
vt 0.790614 0.959808
vt 0.206317 0.823465
vt 0.203898 0.807037
vt 0.203427 0.818116
vt 0.946339 0.163380
vt 0.974682 0.804011
vt 0.988772 0.809775
vt 0.975599 0.818283
vt 0.232424 0.731996
vt 0.223065 0.725323
vt 0.232424 0.717633
vt 0.050740 0.946173
vt 0.042812 0.823400
vt 0.910952 0.871462
vt 0.428746 0.970637
vt 0.719247 0.893160
vt 0.733204 0.900882
vt 0.678988 0.857590
vt 0.034377 0.976630
vt 0.011309 0.950232
vt 0.016266 0.948087
vt 0.951306 0.721836
vt 0.951306 0.755723
vt 0.929596 0.746064
vt 0.525898 0.452607
vt 0.345186 0.441915
vt 0.926179 0.754273
vt 0.910363 0.727383
vt 0.926179 0.721211
vt 0.775155 0.501708
vt 0.702448 0.418170
vt 0.111171 0.972564
vt 0.135869 0.972564
vt 0.437698 0.447686
vt 0.441874 0.471309
vt 0.260358 0.967130
vt 0.235482 0.939932
vt 0.260358 0.928367
vt 0.927016 0.218818
vt 0.904056 0.228969
vt 0.292753 0.470421
vt 0.250718 0.455205
vt 0.248534 0.367242
vt 0.317774 0.447539
vt 0.670033 0.964240
vt 0.688087 0.950088
vt 0.688087 0.985775
vt 0.531386 0.441378
vt 0.531386 0.471898
vt 0.529175 0.453790
vt 0.671300 0.978863
vt 0.492235 0.973967
vt 0.731549 0.968300
vt 0.747395 0.954292
vt 0.747395 0.980802
vt 0.301061 0.504506
vt 0.594004 0.976649
vt 0.779958 0.094854
vt 0.764127 0.086905
vt 0.788320 0.107641
vt 0.850261 0.765476
vt 0.337129 0.632269
vt 0.334720 0.657408
vt 0.413692 0.809254
vt 0.876110 0.829058
vt 0.603017 0.901473
vt 0.575022 0.889491
vt 0.560428 0.886012
vt 0.546551 0.874334
vt 0.264846 0.682718
vt 0.275140 0.590689
vt 0.961116 0.560482
vt 0.976698 0.539143
vt 0.976698 0.590847
vt 0.758643 0.553272
vt 0.763819 0.561921
vt 0.083445 0.527732
vt 0.060307 0.554068
vt 0.057733 0.547330
vt 0.481892 0.587860
vt 0.705992 0.988855
vt 0.939362 0.484999
vt 0.937446 0.479805
vt 0.705322 0.586847
vt 0.678521 0.517151
vt 0.527263 0.547987
vt 0.496112 0.548355
vt 0.310742 0.273058
vt 0.370063 0.709195
vt 0.365940 0.720035
vt 0.580534 0.958306
vt 0.560142 0.927246
vt 0.582233 0.930641
vt 0.262271 0.941329
vt 0.284086 0.938163
vt 0.267045 0.971741
vt 0.943758 0.157821
vt 0.913599 0.134748
vt 0.943758 0.126286
vt 0.211355 0.911607
vt 0.183925 0.943748
vt 0.182869 0.927315
vt 0.426866 0.892647
vt 0.426866 0.925788
vt 0.420383 0.904514
vt 0.914272 0.361131
vt 0.926485 0.358902
vt 0.561168 0.853224
vt 0.413201 0.661181
vt 0.950814 0.842049
vt 0.950319 0.872419
vt 0.946381 0.863207
vt 0.275693 0.764108
vt 0.291109 0.736837
vt 0.298418 0.758053
vt 0.894553 0.357285
vt 0.900349 0.347668
vt 0.458782 0.288955
vt 0.924130 0.759390
vt 0.934325 0.780921
vt 0.922777 0.787803
vt 0.947590 0.829030
vt 0.900349 0.309593
vt 0.216634 0.906073
vt 0.482337 0.365254
vt 0.507343 0.365282
vt 0.972875 0.134260
vt 0.974823 0.097109
vt 0.988161 0.120575
vt 0.231578 0.685358
vt 0.404658 0.930824
vt 0.468702 0.343675
vt 0.487906 0.341512
vt 0.853940 0.916009
vt 0.812559 0.401911
vt 0.823851 0.378074
vt 0.823851 0.402211
vt 0.779710 0.957684
vt 0.779710 0.984172
vt 0.770951 0.972655
vt 0.483989 0.405301
vt 0.221291 0.843704
vt 0.201658 0.825968
vt 0.229136 0.836002
vt 0.988161 0.140693
vt 0.510282 0.316175
vt 0.817774 0.466786
vt 0.254718 0.468047
vt 0.842059 0.954194
vt 0.847846 0.937711
vt 0.847846 0.956871
vt 0.922600 0.895039
vt 0.950814 0.908002
vt 0.356171 0.248483
vt 0.934917 0.097109
vt 0.299923 0.779552
vt 0.970792 0.369271
vt 0.970792 0.399244
vt 0.955503 0.378722
vt 0.369905 0.219882
vt 0.582233 0.971662
vt 0.565952 0.967177
vt 0.279884 0.705233
vt 0.944467 0.389885
vt 0.280886 0.962864
vt 0.752936 0.378124
vt 0.757946 0.372535
vt 0.757946 0.395300
vt 0.913251 0.038872
vt 0.902261 0.369927
vt 0.785941 0.122916
vt 0.783533 0.140373
vt 0.787830 0.131352
vt 0.491938 0.753500
vt 0.658815 0.926448
vt 0.662314 0.963321
vt 0.633699 0.942547
vt 0.279129 0.690903
vt 0.833563 0.378074
vt 0.833563 0.401725
vt 0.825763 0.398380
vt 0.666117 0.984090
vt 0.649283 0.972307
vt 0.666117 0.965235
vt 0.651135 0.918291
vt 0.664283 0.924534
vt 0.907820 0.053403
vt 0.921754 0.079726
vt 0.422574 0.817108
vt 0.759912 0.071239
vt 0.975445 0.857889
vt 0.978814 0.863521
vt 0.916122 0.210761
vt 0.160656 0.557139
vt 0.641845 0.891083
vt 0.648235 0.913428
vt 0.736997 0.530401
vt 0.759457 0.528978
vt 0.388682 0.138223
vt 0.757527 0.340825
vt 0.757527 0.370622
vt 0.752936 0.359442
vt 0.211355 0.955495
vt 0.194928 0.963810
vt 0.767520 0.582393
vt 0.306345 0.592892
vt 0.299174 0.594238
vt 0.190023 0.724294
vt 0.967477 0.280055
vt 0.967477 0.296781
vt 0.959810 0.282310
vt 0.921576 0.337638
vt 0.872227 0.853612
vt 0.184937 0.851676
vt 0.228918 0.889039
vt 0.229136 0.905092
vt 0.221174 0.813505
vt 0.219956 0.823465
vt 0.778278 0.398368
vt 0.760634 0.400851
vt 0.920688 0.907247
vt 0.920688 0.857482
vt 0.949502 0.830228
vt 0.968920 0.817605
vt 0.968920 0.837382
vt 0.987988 0.158991
vt 0.988772 0.830472
vt 0.954846 0.740271
vt 0.975424 0.750975
vt 0.953218 0.750975
vt 0.959466 0.425202
vt 0.957996 0.404217
vt 0.954130 0.158991
vt 0.032054 0.595012
vt 0.074824 0.982593
vt 0.060159 0.952740
vt 0.074824 0.947251
vt 0.463936 0.936089
vt 0.463936 0.963744
vt 0.457511 0.945996
vt 0.923666 0.045459
vt 0.949122 0.018983
vt 0.939980 0.042625
vt 0.080035 0.655846
vt 0.089286 0.661758
vt 0.936357 0.063827
vt 0.949122 0.056333
vt 0.848509 0.477754
vt 0.835291 0.296773
vt 0.873887 0.519270
vt 0.445241 0.098101
vt 0.816143 0.990257
vt 0.829918 0.967591
vt 0.829918 0.991470
vt 0.948473 0.206926
vt 0.763895 0.817427
vt 0.467769 0.102097
vt 0.971133 0.922521
vt 0.335924 0.892136
vt 0.331603 0.891224
vt 0.335924 0.869991
vt 0.422703 0.097325
vt 0.604930 0.941293
vt 0.661827 0.392857
vt 0.885058 0.925708
vt 0.909670 0.941765
vt 0.922800 0.615363
vt 0.893880 0.593606
vt 0.898870 0.586597
vt 0.881650 0.396034
vt 0.895641 0.380491
vt 0.895755 0.398633
vt 0.888823 0.551822
vt 0.932482 0.557622
vt 0.867752 0.377382
vt 0.888904 0.369917
vt 0.929611 0.602804
vt 0.971949 0.673919
vt 0.987480 0.635950
vt 0.987480 0.683379
vt 0.354674 0.332847
vt 0.322948 0.330626
vt 0.320341 0.323461
vt 0.518650 0.949702
vt 0.508447 0.920879
vt 0.511369 0.911242
vt 0.178825 0.915154
vt 0.367308 0.941335
vt 0.914218 0.947664
vt 0.920355 0.925708
vt 0.920355 0.955174
vt 0.848623 0.695799
vt 0.179882 0.961659
vt 0.172171 0.961270
vt 0.899635 0.633043
vt 0.885322 0.633043
vt 0.895312 0.617277
vt 0.389214 0.780986
vt 0.841647 0.919778
vt 0.847951 0.904434
vt 0.847951 0.935634
vt 0.940698 0.989471
vt 0.193082 0.690487
vt 0.199939 0.672570
vt 0.201284 0.690487
vt 0.351519 0.885815
vt 0.374518 0.862180
vt 0.952726 0.864511
vt 0.973532 0.884533
vt 0.959376 0.894118
vt 0.517219 0.650816
vt 0.888860 0.840135
vt 0.429026 0.800510
vt 0.919155 0.532347
vt 0.904185 0.534727
vt 0.858552 0.615388
vt 0.852087 0.611038
vt 0.036290 0.960369
vt 0.050472 0.948087
vt 0.050472 0.977689
vt 0.645807 0.811770
vt 0.746803 0.755394
vt 0.882364 0.625970
vt 0.700037 0.732209
vt 0.985906 0.346259
vt 0.970866 0.341531
vt 0.462723 0.490369
vt 0.928697 0.412118
vt 0.975837 0.220676
vt 0.984195 0.210761
vt 0.984195 0.237240
vt 0.406518 0.862180
vt 0.881433 0.518101
vt 0.058833 0.790165
vt 0.035406 0.236903
vt 0.021644 0.241638
vt 0.023122 0.239850
vt 0.959526 0.704163
vt 0.961699 0.710770
vt 0.961199 0.711275
vt 0.569396 0.612305
vt 0.559339 0.617809
vt 0.559245 0.617166
vt 0.650549 0.013467
vt 0.651956 0.010977
vt 0.652491 0.011293
vt 0.799539 0.508843
vt 0.178973 0.140690
vt 0.325460 0.856034
vt 0.324646 0.854196
vt 0.326775 0.852498
vt 0.529175 0.493829
vt 0.529978 0.493396
vt 0.529978 0.501768
vt 0.327934 0.424323
vt 0.530475 0.481249
vt 0.529175 0.480662
vt 0.530475 0.473812
vt 0.530024 0.491482
vt 0.529175 0.491037
vt 0.530024 0.483163
vt 0.831822 0.842364
vt 0.829409 0.841159
vt 0.828642 0.839195
vt 0.784920 0.966368
vt 0.784991 0.962080
vt 0.806315 0.507434
vt 0.806910 0.508727
vt 0.832946 0.561004
vt 0.834719 0.557928
vt 0.825740 0.551316
vt 0.825157 0.554350
vt 0.834670 0.854630
vt 0.836446 0.846971
vt 0.826498 0.840274
vt 0.824021 0.839965
vt 0.830365 0.853829
vt 0.828431 0.853422
vt 0.311743 0.316175
vt 0.308731 0.348351
vt 0.798998 0.302644
vt 0.793385 0.280116
vt 0.794840 0.285954
vt 0.794479 0.288630
vt 0.786426 0.974363
vt 0.782624 0.974470
vt 0.024849 0.888349
vt 0.025139 0.888180
vt 0.021343 0.881166
vt 0.315626 0.414147
vt 0.308015 0.412450
vt 0.302198 0.410733
vt 0.296859 0.441598
vt 0.302919 0.443208
vt 0.296358 0.416776
vt 0.864121 0.443673
vt 0.484340 0.129277
vt 0.188713 0.965724
vt 0.518652 0.888507
vt 0.824417 0.557474
vt 0.823013 0.558088
vt 0.831336 0.563629
vt 0.868138 0.741486
vt 0.875799 0.488427
vt 0.495347 0.936040
vt 0.377724 0.563227
vt 0.182312 0.123189
vt 0.177606 0.125125
vt 0.974744 0.010977
vt 0.530544 0.881468
vt 0.773332 0.862774
vt 0.497149 0.088874
vt 0.800259 0.302520
vt 0.803304 0.288297
vt 0.802595 0.284586
vt 0.303281 0.974801
vt 0.266340 0.588775
vt 0.514216 0.359256
vt 0.235482 0.568399
vt 0.015134 0.850686
vt 0.203434 0.818079
vt 0.229176 0.745669
vt 0.111171 0.767320
vt 0.010294 0.976630
vt 0.527263 0.441378
vt 0.432491 0.233711
vt 0.899431 0.751993
vt 0.446572 0.429979
vt 0.239959 0.953326
vt 0.320137 0.445640
vt 0.602013 0.925332
vt 0.065190 0.537886
vt 0.473531 0.587182
vt 0.690000 0.977374
vt 0.921067 0.475454
vt 0.299716 0.273401
vt 0.284086 0.928367
vt 0.941212 0.161467
vt 0.942122 0.350754
vt 0.386752 0.696650
vt 0.947590 0.757886
vt 0.856510 0.923795
vt 0.806512 0.382495
vt 0.489366 0.427040
vt 0.841647 0.937547
vt 0.311297 0.762032
vt 0.790584 0.182671
vt 0.633999 0.928845
vt 0.662314 0.929569
vt 0.917239 0.059026
vt 0.981428 0.842049
vt 0.631911 0.906468
vt 0.796884 0.594725
vt 0.939299 0.348840
vt 0.214026 0.800716
vt 0.783367 0.402160
vt 0.974833 0.828867
vt 0.965979 0.713255
vt 0.052653 0.969841
vt 0.939465 0.010977
vt 0.936427 0.077711
vt 0.456666 0.094876
vt 0.812805 0.962018
vt 0.973622 0.909916
vt 0.912306 0.927546
vt 0.889376 0.615363
vt 0.885322 0.539143
vt 0.867559 0.398633
vt 0.318139 0.318293
vt 0.319283 0.318698
vt 0.848913 0.693444
vt 0.378512 0.764576
vt 0.899509 0.301229
vt 0.973532 0.842049
vt 0.527263 0.620487
vt 0.920864 0.825739
vt 0.418471 0.869256
vt 0.019751 0.243996
vt 0.962076 0.710794
vt 0.559478 0.618614
vt 0.178963 0.140886
vt 0.329691 0.847212
vt 0.329690 0.855256
vt 0.327694 0.854763
vt 0.322438 0.860832
vt 0.321969 0.855692
vt 0.323428 0.443066
vt 0.325868 0.431768
vt 0.322546 0.416394
vt 0.784206 0.966186
s 1
usemtl _6_tree
f 1/1/1 588/2/1 5/3/1
f 1/1/2 5/3/2 2/4/2
f 1/1/3 2/4/3 4/5/3
f 4/6/4 2/7/4 597/8/4
f 593/9/5 592/10/5 2/11/5
f 4/6/6 597/8/6 8/12/6
f 597/13/7 596/14/7 8/15/7
f 9/16/8 591/17/8 558/18/8
f 7/19/9 595/20/9 582/21/9
f 597/8/10 592/22/10 598/23/10
f 6/24/11 589/25/11 9/26/11
f 7/27/12 3/28/12 8/12/12
f 3/28/13 4/6/13 8/12/13
f 2/11/14 5/29/14 637/30/14
f 6/24/15 5/29/15 586/31/15
f 3/32/16 587/33/16 4/5/16
f 587/33/17 1/1/17 4/5/17
f 10/34/18 16/35/18 18/36/18
f 15/37/19 12/38/19 19/39/19
f 15/37/20 19/39/20 18/40/20
f 10/41/21 18/42/21 21/43/21
f 11/44/22 17/45/22 23/46/22
f 12/47/23 11/48/23 24/49/23
f 11/48/24 23/50/24 25/51/24
f 12/47/25 24/49/25 27/52/25
f 29/53/26 28/54/26 30/55/26
f 28/56/27 583/57/27 584/58/27
f 22/59/28 590/60/28 582/61/28
f 25/51/29 29/62/29 14/63/29
f 25/51/30 23/50/30 29/62/30
f 23/64/31 28/54/31 29/53/31
f 10/65/32 21/66/32 28/54/32
f 21/67/33 583/68/33 28/69/33
f 581/70/34 26/71/34 27/72/34
f 26/71/35 20/73/35 27/72/35
f 20/74/36 12/38/36 27/75/36
f 24/49/37 25/51/37 14/63/37
f 24/49/38 11/48/38 25/51/38
f 23/64/39 10/65/39 28/54/39
f 23/64/40 17/76/40 10/65/40
f 21/67/41 22/59/41 583/68/41
f 21/67/42 18/77/42 22/59/42
f 18/77/43 13/78/43 22/59/43
f 18/77/44 1/79/44 587/80/44
f 19/39/45 12/38/45 20/74/45
f 12/38/46 15/37/46 11/44/46
f 16/81/47 15/37/47 18/40/47
f 15/37/48 17/45/48 11/44/48
f 15/37/49 16/81/49 17/45/49
f 16/35/50 10/34/50 17/82/50
f 39/83/51 34/84/51 36/85/51
f 31/86/52 38/87/52 42/88/52
f 33/89/53 45/90/53 47/91/53
f 47/91/54 48/92/54 576/93/54
f 47/91/55 45/90/55 48/92/55
f 45/94/56 32/95/56 48/96/56
f 48/92/57 578/97/57 576/93/57
f 575/98/58 46/99/58 576/93/58
f 575/100/59 44/101/59 46/102/59
f 44/101/60 43/103/60 46/102/60
f 46/99/61 47/91/61 576/93/61
f 46/99/62 43/104/62 47/91/62
f 43/104/63 33/89/63 47/91/63
f 31/86/64 45/105/64 33/106/64
f 31/86/65 42/88/65 45/105/65
f 42/107/66 32/108/66 45/109/66
f 40/110/67 43/103/67 44/101/67
f 41/111/68 39/112/68 43/103/68
f 39/112/69 33/113/69 43/103/69
f 571/114/70 32/108/70 42/107/70
f 42/115/71 38/116/71 572/117/71
f 38/116/72 568/118/72 572/117/72
f 40/110/73 41/111/73 43/103/73
f 40/110/74 35/119/74 41/111/74
f 35/120/75 39/121/75 41/122/75
f 39/123/76 31/86/76 33/106/76
f 39/123/77 36/124/77 31/86/77
f 37/125/78 38/87/78 31/86/78
f 36/124/79 37/125/79 31/86/79
f 36/126/80 34/127/80 37/128/80
f 34/84/81 39/83/81 35/129/81
f 53/130/82 565/131/82 563/132/82
f 53/133/83 50/134/83 54/135/83
f 54/136/84 566/137/84 567/138/84
f 563/139/85 562/140/85 561/141/85
f 52/142/86 53/143/86 563/139/86
f 52/144/87 51/145/87 53/133/87
f 51/145/88 50/134/88 53/133/88
f 561/141/89 52/142/89 563/139/89
f 55/146/90 58/147/90 59/148/90
f 57/149/91 299/150/92 61/151/93
f 56/152/94 562/153/94 62/154/94
f 63/155/95 552/156/95 549/157/95
f 554/158/96 64/159/96 63/160/96
f 64/161/97 553/162/97 556/163/97
f 62/154/98 63/155/98 57/164/98
f 62/154/99 562/153/99 63/155/99
f 562/140/100 551/165/100 63/166/100
f 61/151/101 62/167/101 57/149/101
f 61/151/102 60/168/102 62/167/102
f 60/168/103 56/169/103 62/167/103
f 59/148/104 58/147/104 60/170/104
f 58/147/105 56/171/105 60/170/105
f 559/172/106 560/173/106 49/174/106
f 68/175/107 72/176/107 70/177/107
f 65/178/108 69/179/108 76/180/108
f 66/181/109 74/182/109 77/183/109
f 76/180/110 528/184/110 65/178/110
f 78/185/111 538/186/111 165/187/111
f 166/188/112 537/189/112 67/190/112
f 66/181/113 536/191/113 67/192/113
f 66/181/114 77/183/114 536/191/114
f 77/193/115 534/194/115 532/195/115
f 76/180/116 165/187/117 522/196/118
f 76/180/119 78/185/119 165/187/119
f 76/197/120 75/198/120 78/199/120
f 75/200/121 67/201/121 78/185/121
f 74/202/122 533/203/122 77/193/122
f 69/179/123 75/200/123 76/180/123
f 75/204/124 66/181/124 67/192/124
f 70/205/125 74/182/125 66/181/125
f 70/177/126 72/176/126 74/206/126
f 72/207/127 533/203/127 74/202/127
f 72/207/128 73/208/128 533/203/128
f 615/209/129 613/210/129 73/211/129
f 72/176/130 71/212/130 605/213/130
f 72/176/131 68/175/131 71/212/131
f 68/175/132 65/214/132 71/212/132
f 75/204/133 70/205/133 66/181/133
f 75/215/134 69/216/134 70/177/134
f 69/216/135 68/175/135 70/177/135
f 68/175/136 69/216/136 65/214/136
f 79/217/137 81/218/137 517/219/137
f 82/220/138 623/221/138 622/222/138
f 83/223/139 514/224/139 520/225/139
f 80/226/140 518/227/141 516/228/142
f 82/229/143 514/224/143 83/223/143
f 513/230/144 514/224/144 82/229/144
f 515/231/145 513/232/145 82/220/145
f 81/218/146 79/217/146 628/233/146
f 517/219/147 81/218/147 516/228/147
f 81/234/148 80/235/148 516/236/148
f 502/237/149 93/238/149 84/239/149
f 85/240/150 91/241/150 87/242/150
f 86/243/151 92/244/151 94/245/151
f 85/240/152 87/242/153 95/246/153
f 86/243/154 94/245/154 505/247/154
f 87/242/155 96/248/155 99/249/155
f 88/250/156 98/251/156 511/252/156
f 511/252/157 100/253/157 89/254/157
f 511/252/158 98/251/158 100/253/158
f 98/251/159 97/255/159 100/253/159
f 100/256/160 99/249/161 89/257/162
f 100/256/160 97/258/163 99/249/161
f 97/258/164 87/242/164 99/249/164
f 96/259/165 508/260/165 510/261/165
f 505/262/166 98/263/166 88/264/166
f 505/247/167 94/245/167 98/265/167
f 94/245/168 97/266/168 98/265/168
f 95/246/153 87/242/153 97/258/169
f 84/267/170 96/248/170 87/242/170
f 84/239/171 93/238/171 96/259/171
f 94/245/172 95/268/172 97/266/172
f 94/245/173 92/244/173 95/268/173
f 92/244/174 85/269/174 95/268/174
f 87/242/175 91/241/175 84/267/175
f 499/270/176 92/244/176 86/243/176
f 499/271/177 90/272/177 92/273/177
f 90/272/178 85/274/178 92/273/178
f 90/272/179 91/275/179 85/274/179
f 101/276/180 103/277/180 102/278/180
f 101/276/181 102/278/181 105/279/181
f 101/280/182 487/281/182 438/282/182
f 102/283/183 104/284/183 496/285/183
f 500/286/184 105/287/184 504/288/184
f 102/283/185 496/285/185 107/289/185
f 107/290/186 503/291/186 504/288/186
f 504/288/187 105/287/187 107/290/187
f 105/279/188 102/278/188 107/292/188
f 105/293/189 500/294/189 106/295/189
f 491/296/190 665/297/190 667/298/190
f 102/278/191 103/277/191 104/299/191
f 103/277/192 488/300/192 104/299/192
f 108/301/193 114/302/193 484/303/193
f 483/304/194 108/305/194 484/306/194
f 110/307/195 324/308/196 466/309/197
f 469/310/198 493/311/199 110/307/200
f 115/312/201 116/313/201 448/314/201
f 115/312/202 448/314/202 124/315/202
f 115/312/203 124/315/203 122/316/203
f 116/313/204 120/317/204 455/318/204
f 122/319/205 125/320/205 118/321/205
f 122/319/206 118/321/206 126/322/206
f 453/323/207 456/324/207 118/325/207
f 126/322/208 454/326/208 119/327/208
f 126/322/209 118/321/209 454/326/209
f 127/328/210 119/329/210 117/330/210
f 118/331/211 125/332/211 130/333/211
f 455/334/212 127/335/212 117/336/212
f 455/337/213 664/338/213 127/339/213
f 120/340/214 656/341/214 655/342/214
f 127/343/215 126/322/215 119/327/215
f 127/343/216 121/344/216 126/322/216
f 121/344/217 122/319/217 126/322/217
f 122/316/218 124/315/218 125/345/218
f 445/346/219 125/332/219 124/347/219
f 448/314/220 116/313/220 123/348/220
f 121/349/221 115/312/221 122/316/221
f 116/313/222 115/312/222 120/317/222
f 115/312/223 662/350/223 663/351/223
f 131/352/224 132/353/224 134/354/224
f 131/352/225 134/354/225 445/355/225
f 128/356/226 133/357/226 136/358/226
f 129/359/227 128/356/227 135/360/227
f 130/361/228 134/362/228 137/363/228
f 129/359/229 135/360/229 138/364/229
f 138/365/230 139/366/230 442/367/230
f 140/368/231 138/365/231 442/367/231
f 442/367/232 139/366/232 443/369/232
f 139/366/233 444/370/233 443/369/233
f 137/363/234 138/371/235 140/372/236
f 138/364/237 135/360/237 139/373/237
f 135/374/238 444/370/238 139/366/238
f 136/375/239 441/376/239 444/377/239
f 137/363/240 134/362/240 138/371/240
f 134/378/241 129/359/241 138/364/241
f 135/379/242 136/375/242 444/377/242
f 135/360/243 128/356/243 136/358/243
f 133/380/244 440/381/244 136/375/244
f 445/355/245 134/354/245 130/382/245
f 134/383/246 128/384/246 129/385/246
f 134/386/247 132/387/247 128/388/247
f 132/389/248 133/390/248 128/391/248
f 132/353/249 131/352/249 133/392/249
f 131/352/250 439/393/250 133/392/250
f 141/394/251 449/395/251 436/396/251
f 142/397/252 141/398/252 434/399/252
f 141/394/253 436/396/253 435/400/253
f 436/401/254 438/402/254 435/403/254
f 434/399/255 141/398/255 435/404/255
f 436/396/256 449/395/256 145/405/256
f 455/406/257 145/405/257 449/395/257
f 439/393/258 141/407/258 142/408/258
f 439/393/259 143/409/259 141/407/259
f 143/409/260 449/410/260 141/407/260
f 147/411/261 151/412/261 149/413/261
f 147/411/262 149/413/262 423/414/262
f 148/415/263 154/416/263 156/417/263
f 156/417/264 426/418/264 430/419/264
f 149/420/265 153/421/265 157/422/265
f 157/422/266 153/421/266 430/423/266
f 153/424/267 156/425/267 430/426/267
f 430/427/268 426/428/268 427/429/268
f 429/430/269 149/431/269 157/432/269
f 155/433/270 156/425/270 153/424/270
f 156/417/271 154/416/271 426/418/271
f 423/434/272 149/431/272 429/430/272
f 155/435/273 152/436/273 156/437/273
f 152/438/274 148/439/274 156/440/274
f 150/441/275 147/442/275 423/443/275
f 149/444/276 151/445/276 153/424/276
f 151/445/277 155/433/277 153/424/277
f 151/445/278 454/446/278 155/433/278
f 158/447/279 538/448/280 537/449/281
f 159/450/282 168/451/282 172/452/282
f 160/453/283 169/454/283 162/455/283
f 160/453/284 162/455/284 171/456/284
f 161/457/285 173/458/285 176/459/285
f 162/460/286 174/461/286 177/462/286
f 163/463/287 177/462/287 164/464/287
f 163/463/288 175/465/288 177/462/288
f 175/465/289 162/460/289 177/462/289
f 177/462/290 420/466/290 164/464/290
f 174/461/291 420/466/291 177/462/291
f 176/467/292 173/468/292 163/463/292
f 171/456/293 175/469/293 163/470/293
f 171/456/294 162/455/294 175/469/294
f 159/450/295 174/471/295 162/472/295
f 159/450/296 172/452/296 174/471/296
f 172/452/297 416/473/297 174/471/297
f 158/474/298 173/458/298 161/457/298
f 158/474/299 170/475/299 173/458/299
f 170/475/300 163/476/300 173/458/300
f 162/472/301 169/477/301 159/450/301
f 172/452/302 525/478/302 416/473/302
f 172/452/303 168/451/303 525/478/303
f 170/479/304 171/456/304 163/470/304
f 170/479/305 166/480/305 171/456/305
f 166/480/306 160/453/306 171/456/306
f 167/481/307 159/450/307 169/477/307
f 167/481/308 168/451/308 159/450/308
f 178/482/309 182/483/309 184/484/309
f 185/485/310 408/486/310 413/487/310
f 184/488/311 410/489/311 179/490/311
f 184/484/312 182/483/312 410/491/312
f 183/492/313 184/488/313 179/490/313
f 183/492/314 181/493/314 184/488/314
f 181/493/315 178/494/315 184/488/315
f 182/483/316 548/495/316 299/496/316
f 182/483/317 547/497/317 548/495/317
f 180/498/318 178/499/318 181/500/318
f 180/498/319 544/501/319 178/499/319
f 186/502/320 191/503/320 190/504/320
f 187/505/321 191/506/321 192/507/321
f 186/502/322 190/504/322 396/508/322
f 187/505/323 192/507/323 572/509/323
f 568/510/324 599/511/324 187/512/324
f 196/513/325 399/514/325 401/515/325
f 194/516/326 196/517/326 189/518/326
f 194/516/327 418/519/327 196/517/327
f 572/520/328 189/521/328 195/522/328
f 572/509/329 194/516/329 189/518/329
f 572/509/330 192/507/330 194/516/330
f 192/507/331 188/523/331 194/516/331
f 516/228/332 518/227/332 193/524/332
f 190/504/333 541/525/333 398/526/333
f 192/527/334 193/524/334 188/528/334
f 192/507/335 191/506/335 193/529/335
f 191/503/336 186/502/336 193/524/336
f 197/530/337 643/531/337 644/532/338
f 197/530/339 200/533/339 202/534/339
f 197/530/340 202/534/340 203/535/340
f 197/530/341 203/535/341 515/231/341
f 198/536/342 461/537/342 205/538/342
f 198/536/343 205/538/343 206/539/343
f 207/540/344 388/541/344 389/542/344
f 206/539/345 207/543/345 199/544/345
f 206/539/346 205/538/346 207/543/346
f 204/545/347 198/536/347 206/539/347
f 204/546/348 514/224/348 513/230/348
f 515/547/349 203/548/349 204/549/349
f 203/550/350 198/536/350 204/545/350
f 203/550/351 461/537/351 198/536/351
f 203/550/352 202/551/352 461/537/352
f 202/552/353 462/553/353 461/554/353
f 201/555/354 197/530/354 515/231/354
f 200/533/355 651/556/355 650/557/355
f 208/558/356 210/559/356 398/560/356
f 210/561/357 469/310/357 213/562/357
f 210/561/358 213/562/358 212/563/358
f 208/564/359 398/526/359 541/525/359
f 212/565/360 386/566/360 396/567/360
f 213/562/361 465/568/361 386/569/361
f 465/568/362 213/562/362 464/570/362
f 469/310/363 210/561/363 404/571/363
f 210/561/364 209/572/364 404/571/364
f 398/526/365 210/561/365 212/563/365
f 210/561/366 211/573/366 209/572/366
f 210/559/367 208/558/367 211/574/367
f 214/575/368 222/576/368 225/577/368
f 215/578/369 223/579/369 226/580/369
f 216/581/370 224/582/370 225/583/370
f 225/583/371 227/584/371 217/585/371
f 225/583/372 224/582/372 227/584/372
f 226/586/373 225/583/373 217/585/373
f 226/586/374 223/587/374 225/583/374
f 223/588/375 214/575/375 225/577/375
f 222/589/376 216/581/376 225/583/376
f 219/590/377 224/591/378 216/592/377
f 221/593/379 223/579/379 215/578/379
f 221/594/380 376/595/380 223/588/380
f 376/595/381 214/575/382 223/588/383
f 220/596/384 222/576/384 214/575/384
f 220/596/385 218/597/385 222/576/385
f 218/598/386 216/592/386 222/599/386
f 376/595/381 220/596/387 214/575/382
f 218/598/388 219/590/377 216/592/377
f 228/600/389 233/601/389 235/602/389
f 229/603/390 236/604/390 238/605/390
f 230/606/391 238/607/391 237/608/391
f 232/609/392 238/607/392 230/606/392
f 232/609/393 234/610/393 238/607/393
f 234/610/394 229/611/394 238/607/394
f 235/602/395 236/612/395 229/613/395
f 235/602/396 233/601/396 236/612/396
f 369/614/397 236/612/397 233/601/397
f 234/615/398 235/602/398 229/613/398
f 231/616/399 232/609/399 230/606/399
f 241/617/400 261/618/400 240/619/400
f 240/619/401 239/620/401 241/617/401
f 242/621/402 575/622/402 245/623/402
f 245/624/403 377/625/403 246/626/403
f 246/627/404 244/628/404 245/629/404
f 244/628/405 242/630/405 245/629/405
f 245/631/406 375/632/406 376/633/406
f 550/634/407 243/635/407 244/628/407
f 243/635/408 242/630/408 244/628/408
f 247/636/409 250/637/409 251/638/409
f 250/637/410 361/639/410 251/638/410
f 250/637/411 374/640/411 361/639/411
f 249/641/412 250/642/412 247/643/412
f 248/644/413 249/641/413 247/643/413
f 360/645/414 257/646/414 258/647/414
f 258/648/415 259/649/415 254/650/415
f 258/651/416 256/652/416 259/653/416
f 256/652/417 253/654/417 259/653/417
f 255/655/418 257/646/418 252/656/418
f 255/655/419 393/657/419 257/646/419
f 262/658/420 263/659/420 260/660/420
f 262/658/421 261/618/421 263/659/421
f 344/661/422 263/659/422 261/618/422
f 411/662/423 268/663/423 264/664/423
f 265/665/424 267/666/424 270/667/424
f 264/664/425 268/663/425 271/668/425
f 265/665/426 270/667/426 272/669/426
f 274/670/427 273/671/427 341/672/427
f 336/673/428 343/674/428 273/675/428
f 272/669/429 274/670/429 266/676/429
f 272/669/430 270/667/430 274/670/430
f 270/667/431 273/671/431 274/670/431
f 271/668/432 268/663/432 273/675/432
f 268/663/433 336/673/433 273/675/433
f 269/677/434 338/678/434 336/673/434
f 270/667/435 271/679/435 273/671/435
f 270/667/436 267/666/436 271/679/436
f 267/666/437 264/680/437 271/679/437
f 268/663/438 269/677/438 336/673/438
f 411/662/439 269/677/439 268/663/439
f 275/681/440 282/682/440 287/683/440
f 276/684/441 283/685/441 288/686/441
f 277/687/442 276/688/442 278/689/442
f 286/690/443 284/691/443 278/689/443
f 284/691/444 277/687/444 278/689/444
f 278/689/445 276/688/445 288/692/445
f 288/692/446 287/693/446 278/689/446
f 288/686/447 283/685/447 287/683/447
f 283/685/448 275/681/448 287/683/448
f 287/693/449 285/694/449 278/689/449
f 287/695/450 282/696/450 285/697/450
f 285/694/451 286/690/451 278/689/451
f 281/698/452 276/699/452 277/700/452
f 281/698/453 280/701/453 276/699/453
f 342/702/454 283/685/454 276/684/454
f 342/702/455 275/681/455 283/685/455
f 279/703/456 282/682/456 275/681/456
f 341/704/457 342/705/457 276/699/457
f 289/706/458 334/707/458 298/708/458
f 296/709/459 298/708/459 290/710/459
f 296/709/460 295/711/460 298/708/460
f 295/711/461 289/706/461 298/708/461
f 298/708/462 297/712/462 290/710/462
f 298/708/463 334/707/463 297/712/463
f 294/713/464 295/714/464 296/715/464
f 373/716/465 292/717/466 295/718/467
f 292/717/466 289/719/468 295/718/467
f 293/720/469 334/721/469 289/722/469
f 293/720/470 291/723/470 334/721/470
f 292/724/471 293/720/471 289/722/471
f 299/150/472 552/725/472 303/726/472
f 305/727/473 304/728/473 255/655/473
f 255/655/474 304/728/474 306/729/474
f 304/730/475 300/731/475 306/732/475
f 302/733/476 304/728/476 305/727/476
f 303/726/477 552/725/477 304/728/477
f 552/156/478 300/731/478 304/730/478
f 302/733/479 303/726/479 304/728/479
f 302/733/480 301/734/480 303/726/480
f 301/734/481 299/150/481 303/726/481
f 552/156/482 555/735/482 300/731/482
f 443/736/483 311/737/483 313/738/483
f 312/739/484 325/740/484 307/741/484
f 443/736/485 313/738/485 315/742/485
f 316/743/486 318/744/486 329/745/486
f 315/742/487 316/746/487 308/747/487
f 315/742/488 313/738/488 316/746/488
f 326/748/489 314/749/489 494/750/489
f 313/751/490 314/752/490 327/753/490
f 313/751/491 311/754/491 314/752/491
f 311/755/492 486/756/492 314/757/492
f 307/741/493 325/740/493 310/758/493
f 432/759/494 486/760/494 311/761/494
f 432/759/495 487/762/495 486/760/495
f 330/763/496 322/764/497 331/765/498
f 318/766/499 320/767/499 321/768/499
f 318/766/500 321/768/500 322/764/500
f 323/769/501 475/770/501 319/771/501
f 323/772/502 505/773/502 476/774/502
f 322/764/503 323/772/503 319/775/503
f 322/764/504 321/768/504 323/772/504
f 331/765/505 322/764/505 319/775/505
f 321/768/506 506/776/506 505/773/506
f 324/777/507 489/778/507 467/779/507
f 467/779/508 325/780/508 460/781/508
f 489/782/509 324/783/509 492/784/509
f 329/745/510 330/785/510 316/743/510
f 329/786/511 318/787/511 322/788/511
f 332/789/512 338/678/513 339/790/514
f 343/791/515 336/792/515 275/793/515
f 357/794/516 356/795/516 286/690/516
f 393/796/517 258/651/517 257/797/517
f 351/798/518 253/799/518 294/800/518
f 352/801/519 294/713/519 296/715/519
f 352/802/520 296/709/520 290/710/520
f 358/803/521 359/804/521 254/805/521
f 357/806/522 358/803/522 254/805/522
f 361/807/523 373/716/523 295/718/523
f 361/807/524 374/808/524 373/716/524
f 240/619/525 262/658/526 363/809/527
f 367/810/528 366/811/528 241/617/528
f 370/812/529 230/813/529 237/814/529
f 368/815/530 262/658/530 369/816/530
f 382/817/531 253/818/531 256/819/531
f 553/820/532 246/626/532 377/625/532
f 557/821/533 556/822/533 221/823/533
f 385/824/534 384/825/534 251/638/534
f 377/826/535 245/827/535 376/828/535
f 384/825/536 247/636/536 251/638/536
f 557/829/537 221/593/537 215/578/537
f 239/620/538 388/830/538 477/831/538
f 387/832/539 228/833/539 527/834/539
f 388/830/540 239/620/540 240/619/540
f 393/796/541 394/835/541 392/836/541
f 253/837/542 382/838/543 391/839/544
f 399/840/545 400/841/545 231/842/545
f 195/522/546 403/843/546 219/844/546
f 401/845/547 399/846/547 249/641/547
f 383/847/548 219/590/548 403/848/548
f 383/849/549 402/850/549 248/851/549
f 406/852/550 545/853/550 544/854/550
f 411/662/551 412/855/551 269/677/551
f 409/856/552 410/491/552 301/857/552
f 413/487/553 335/858/553 185/485/553
f 419/859/554 161/457/554 176/459/554
f 165/187/555 158/474/555 414/860/555
f 424/861/556 433/862/556 150/441/556
f 427/863/557 308/864/557 317/865/557
f 307/866/558 310/867/558 437/868/558
f 425/869/559 140/368/559 442/367/559
f 443/369/560 425/869/560 442/367/560
f 454/870/561 152/436/561 155/435/561
f 451/871/562 143/409/562 439/393/562
f 452/872/563 137/363/234 140/372/236
f 140/873/564 456/874/564 453/875/564
f 477/831/565 474/876/565 113/877/565
f 112/878/566 472/879/567 181/493/568
f 468/880/569 493/881/569 492/784/569
f 328/882/570 309/883/570 458/884/570
f 112/878/571 183/492/571 480/885/571
f 468/886/572 324/308/196 110/307/195
f 113/887/573 457/888/573 331/889/573
f 490/890/574 491/891/574 310/758/574
f 486/892/575 106/295/575 494/893/575
f 494/893/576 106/295/576 495/894/576
f 114/895/577 512/896/577 89/897/577
f 114/898/578 108/899/578 512/900/578
f 88/901/579 511/902/579 108/903/579
f 518/904/580 522/196/580 415/905/580
f 397/906/581 201/555/581 517/219/581
f 9/907/582 26/908/583 591/909/584
f 528/184/585 76/180/116 522/196/118
f 529/910/586 619/911/586 530/912/586
f 547/913/587 60/168/587 61/151/587
f 554/914/588 553/915/588 64/916/588
f 553/917/589 554/918/590 246/627/591
f 564/919/592 563/920/592 550/921/592
f 548/922/593 547/923/593 61/924/593
f 554/918/590 244/628/594 246/627/591
f 299/925/595 548/922/595 61/924/595
f 559/926/596 55/146/596 546/927/596
f 576/928/597 218/597/597 220/596/597
f 577/929/598 574/930/598 575/931/598
f 575/622/599 242/621/599 573/932/599
f 577/933/600 575/98/600 576/93/600
f 578/934/601 32/95/601 571/935/602
f 584/936/603 35/119/603 40/110/603
f 30/55/604 584/936/604 570/937/604
f 14/938/605 52/939/605 580/940/605
f 589/25/606 586/31/606 20/73/606
f 582/21/607 590/941/607 7/19/607
f 598/942/608 187/512/608 599/511/608
f 594/943/609 593/9/609 9/26/609
f 26/71/610 581/70/610 591/944/610
f 629/945/611 631/946/612 593/9/612
f 19/39/613 1/1/614 18/40/615
f 594/943/616 9/26/616 558/947/616
f 597/8/617 2/7/617 592/22/617
f 595/948/618 7/27/618 8/12/618
f 586/31/619 589/25/619 6/24/619
f 13/78/620 590/60/620 22/59/620
f 14/63/621 29/62/621 51/949/621
f 30/55/622 28/54/622 584/936/622
f 22/59/623 582/61/623 583/68/623
f 27/950/624 579/951/624 49/952/624
f 579/953/625 27/954/625 24/955/625
f 24/49/626 14/63/626 580/956/626
f 587/80/627 13/78/627 18/77/627
f 20/73/628 5/29/629 19/957/630
f 588/958/631 19/957/631 5/29/631
f 37/959/632 597/960/633 38/961/634
f 48/96/635 32/95/601 578/934/601
f 572/117/636 571/962/636 42/115/636
f 595/963/637 37/128/638 34/127/639
f 49/964/640 580/956/641 561/141/642
f 569/965/643 50/134/644 570/937/645
f 569/966/646 566/967/647 54/968/648
f 55/146/649 542/969/650 208/564/651
f 52/142/652 561/141/652 580/956/652
f 50/970/653 51/971/653 585/972/653
f 58/147/654 55/146/654 559/926/654
f 208/564/655 540/973/656 546/927/657
f 562/153/658 56/152/658 561/974/658
f 549/157/659 57/164/659 63/155/659
f 63/975/660 551/976/660 554/977/660
f 60/170/661 543/978/662 59/148/663
f 551/165/664 562/140/664 564/979/664
f 564/980/665 550/981/665 551/982/665
f 59/983/666 543/984/666 544/985/666
f 545/986/667 59/987/667 544/988/667
f 56/171/668 49/989/669 561/990/670
f 78/185/671 537/991/672 538/186/673
f 49/989/674 58/147/674 559/926/674
f 67/192/675 536/191/675 166/480/675
f 77/183/676 535/992/677 536/191/678
f 616/993/679 529/994/679 530/995/680
f 534/194/681 77/193/681 533/203/681
f 533/203/682 531/996/682 519/997/682
f 533/203/683 73/208/683 531/996/683
f 539/998/684 80/235/685 528/999/686
f 528/1000/687 71/1001/687 65/1002/687
f 80/235/688 81/234/688 528/999/688
f 79/217/689 517/219/689 515/231/689
f 82/220/690 79/217/690 515/231/690
f 83/1003/691 617/1004/692 618/1005/692
f 80/226/140 522/1006/693 518/227/141
f 520/225/694 514/224/694 521/1007/694
f 520/225/695 523/1008/695 525/478/695
f 520/225/696 521/1007/696 523/1008/696
f 99/1009/697 114/1010/698 89/1011/699
f 517/219/700 516/228/700 397/906/700
f 99/1009/701 96/1012/701 510/1013/701
f 508/260/702 93/238/703 507/1014/704
f 497/1015/705 93/1016/706 502/1017/707
f 90/1018/708 504/288/709 91/1019/710
f 498/1020/711 499/1021/711 86/1022/711
f 674/1023/712 672/1024/712 489/1025/713
f 497/1015/714 503/291/715 107/290/716
f 101/276/717 105/279/717 487/1026/717
f 107/289/718 496/285/718 497/1027/718
f 495/894/719 106/295/719 499/1028/719
f 106/295/720 90/1029/720 499/1028/720
f 106/295/721 675/1030/722 676/1031/721
f 496/285/723 104/284/723 109/1032/723
f 493/881/724 104/284/725 488/1033/726
f 491/1034/727 101/280/728 438/282/729
f 114/302/730 479/1035/731 478/1036/732
f 484/303/733 114/302/733 485/1037/733
f 114/302/734 478/1036/734 485/1037/734
f 483/304/735 475/1038/736 476/1039/737
f 113/877/738 483/304/738 477/831/738
f 113/877/739 111/1040/739 457/1041/739
f 501/1042/740 473/1043/741 472/1044/742
f 111/1045/743 462/1046/744 460/781/745
f 460/781/746 328/882/746 111/1045/746
f 328/1047/747 458/1048/747 111/1049/747
f 496/1050/748 471/1051/749 501/1042/750
f 116/1052/751 449/395/752 450/1053/753
f 471/1051/754 109/1054/754 470/1055/754
f 464/1056/755 405/1057/755 110/1058/755
f 130/333/756 453/1059/757 118/331/758
f 144/1060/759 117/330/759 119/329/759
f 119/327/760 454/326/760 147/1061/760
f 118/325/761 456/324/761 454/1062/761
f 116/313/762 451/871/763 123/348/764
f 125/332/765 445/346/765 130/333/765
f 124/315/766 447/1063/767 446/1064/768
f 124/1065/769 446/1066/769 445/1067/769
f 123/348/770 447/1063/771 448/314/772
f 131/352/773 446/1064/773 447/1063/773
f 439/393/774 123/348/774 451/871/774
f 130/1068/775 137/1069/775 452/1070/775
f 444/1071/776 441/1072/776 146/1073/776
f 136/375/777 440/381/777 441/376/777
f 440/381/778 133/380/778 439/1074/778
f 439/393/779 131/352/779 123/348/779
f 432/1075/780 146/1076/781 434/1077/782
f 433/862/783 437/1078/784 144/1060/785
f 437/1079/786 145/1080/786 144/1081/786
f 143/1082/787 450/1083/788 449/1084/789
f 436/396/790 145/405/790 437/1085/790
f 439/393/791 142/408/791 440/1086/791
f 537/991/792 170/475/793 158/474/794
f 154/416/795 148/415/795 425/1087/795
f 151/412/796 147/411/796 454/1088/796
f 421/1089/797 174/461/798 416/1090/799
f 163/463/800 422/1091/801 176/467/802
f 167/1092/803 520/1093/804 168/1094/805
f 416/1095/806 525/1096/806 417/1097/806
f 525/478/807 168/451/807 520/225/807
f 536/191/808 160/453/809 166/480/810
f 180/498/811 469/310/811 404/571/811
f 469/310/812 180/498/812 470/1055/812
f 547/497/813 178/482/814 543/1098/815
f 179/490/816 410/489/817 302/733/818
f 395/1099/819 186/502/820 396/508/821
f 182/483/822 299/496/822 301/857/822
f 410/491/823 182/483/823 301/857/823
f 544/501/824 180/498/824 404/571/824
f 516/228/825 186/502/826 397/906/827
f 188/1100/828 415/1101/829 414/1102/830
f 194/516/831 414/1103/832 418/519/833
f 187/505/834 572/509/834 568/1104/834
f 189/1105/835 401/515/836 402/1106/837
f 189/521/838 383/849/839 403/843/840
f 540/973/841 190/504/842 546/927/843
f 188/528/844 193/524/844 518/227/844
f 396/508/845 190/504/845 398/526/845
f 546/927/846 593/1107/847 594/1108/848
f 191/503/849 593/1107/850 190/504/851
f 187/1109/852 592/1110/853 191/1111/854
f 199/1112/855 389/542/856 368/1113/857
f 388/830/858 474/876/859 477/831/860
f 207/543/861 205/538/861 388/830/861
f 202/534/862 463/1114/863 462/1115/864
f 474/876/865 205/538/865 461/537/865
f 515/231/866 204/1116/866 513/232/866
f 463/1114/867 386/569/868 465/568/869
f 654/1117/870 395/1099/871 396/508/872
f 227/584/873 384/825/874 385/824/875
f 201/555/876 397/906/876 395/1099/876
f 209/1118/877 211/1119/877 545/1120/877
f 544/1121/878 209/1122/878 406/1123/878
f 545/1120/879 406/1124/879 209/1118/879
f 404/571/880 209/572/880 544/501/880
f 542/1125/881 211/574/881 208/558/881
f 212/563/882 213/562/882 386/569/882
f 464/1126/883 213/1127/883 405/1128/883
f 213/562/884 469/310/884 405/1129/884
f 398/1130/885 212/565/885 396/567/885
f 217/585/886 382/1131/887 380/1132/888
f 227/584/889 391/1133/890 382/1131/891
f 219/590/892 384/1134/893 224/591/894
f 233/601/895 387/1135/896 368/1136/897
f 220/596/898 376/595/898 375/1137/898
f 219/590/899 218/598/899 195/1138/899
f 373/1139/900 238/605/901 292/1140/902
f 372/1141/903 236/604/904 371/1142/905
f 238/605/906 372/1141/906 292/1140/906
f 369/614/907 371/1143/908 236/612/909
f 420/1144/910 235/602/911 234/615/912
f 231/616/913 230/606/913 399/846/913
f 233/1145/914 368/1146/914 369/1147/914
f 231/616/915 176/1148/916 422/1149/917
f 367/810/918 239/620/919 364/1150/920
f 364/1150/921 481/1151/922 482/1152/923
f 483/304/924 239/620/925 477/831/926
f 575/1153/927 375/632/928 245/631/929
f 244/1154/930 551/982/931 550/981/932
f 566/1155/933 242/621/934 567/1156/935
f 370/1157/936 249/641/937 399/846/938
f 402/1158/939 249/641/940 248/644/941
f 384/1159/942 248/851/942 247/1160/942
f 353/1161/943 257/646/944 360/645/945
f 351/798/946 259/649/947 253/799/948
f 357/794/949 259/649/950 356/795/951
f 352/802/952 356/795/953 259/649/954
f 258/648/955 359/1162/956 360/1163/957
f 346/1164/958 263/1165/959 291/1166/960
f 344/1167/961 347/1168/962 263/1169/963
f 366/811/964 261/618/965 241/617/966
f 340/1170/967 274/1171/968 280/1172/969
f 338/1173/970 335/1174/971 337/1175/972
f 341/1176/973 273/1177/973 342/1178/973
f 273/675/974 343/674/974 342/702/974
f 354/1179/975 360/1180/976 285/697/977
f 357/794/978 285/694/979 359/1162/980
f 252/656/981 282/682/982 279/703/983
f 338/678/984 275/681/985 336/673/986
f 276/699/987 280/701/987 341/704/987
f 372/1141/988 293/1181/989 292/1140/990
f 284/691/991 355/1182/991 290/710/991
f 290/1183/992 297/1184/992 284/1185/992
f 334/721/993 291/723/993 333/1186/993
f 333/1186/994 348/1187/995 347/1188/996
f 378/1189/997 300/731/998 215/1190/999
f 552/725/1000 299/150/1000 549/1191/1000
f 378/1192/1001 393/1193/1002 306/1194/1003
f 255/1195/1004 306/1194/1004 393/1193/1004
f 557/1196/1005 300/731/1006 555/735/1007
f 437/868/1008 423/1197/1009 307/866/1010
f 458/884/1011 317/1198/1012 459/1199/1013
f 312/1200/1014 307/1201/1014 423/1202/1014
f 314/749/1015 486/1203/1015 494/750/1015
f 308/1204/1016 316/743/1016 330/785/1016
f 331/889/1017 308/1205/1018 330/1206/1019
f 313/738/1020 318/1207/1021 316/746/1022
f 429/1208/1023 309/1209/1024 312/1210/1025
f 327/1211/1026 314/1212/1026 326/1213/1026
f 328/882/1027 312/1214/1027 309/883/1027
f 434/1215/1028 487/1216/1029 432/1217/1030
f 429/1218/1031 312/1200/1031 423/1202/1031
f 331/889/1032 319/1219/1032 113/887/1032
f 323/772/1033 321/768/1033 505/773/1033
f 321/768/1034 498/1220/1035 506/776/1036
f 489/778/1037 325/780/1038 467/779/1039
f 498/1220/1040 320/767/1040 495/894/1040
f 495/894/1041 499/1028/1041 498/1220/1041
f 324/308/1042 467/1221/1042 466/309/1042
f 492/784/1043 324/783/1043 468/880/1043
f 462/1046/1044 467/779/1044 460/781/1044
f 320/1222/1045 327/1223/1046 326/1224/1047
f 460/781/1048 312/1214/1049 328/882/1050
f 459/1199/1051 331/889/1051 457/888/1051
f 317/1198/1052 331/889/1052 459/1199/1052
f 310/758/1053 325/740/1053 490/890/1053
f 277/1225/1054 297/1184/1055 334/1226/1056
f 277/700/1057 333/1186/1058 281/698/1059
f 352/802/1060 290/710/1060 355/1182/1060
f 350/1227/1061 279/703/1061 332/789/1061
f 333/1186/1062 347/1188/1062 281/698/1062
f 341/1228/1063 280/1172/1063 274/1171/1063
f 275/681/1064 342/702/1064 343/674/1064
f 281/698/1065 340/1229/1065 280/701/1065
f 272/669/1066 344/661/1067 366/811/1068
f 340/1230/1069 349/1231/1069 266/1232/1069
f 338/678/1070 337/1233/1070 339/790/1070
f 346/1164/1071 345/1234/1071 260/1235/1071
f 293/720/1072 346/1236/1072 291/723/1072
f 344/1237/1073 266/1232/1073 349/1231/1073
f 347/1188/1074 340/1229/1075 281/698/1076
f 263/1169/1077 347/1168/1077 348/1238/1077
f 348/1239/1078 291/1240/1078 263/1241/1078
f 366/811/1079 367/810/1079 272/669/1079
f 381/1242/1080 393/796/1081 392/836/1082
f 255/655/1083 350/1227/1083 305/727/1083
f 294/800/1084 352/802/1084 351/798/1084
f 356/795/1085 284/691/1086 286/690/1087
f 332/789/1088 337/1233/1089 350/1227/1090
f 252/656/1091 350/1227/1092 255/655/1093
f 353/1243/1094 354/1179/1094 282/696/1094
f 385/824/1095 390/1244/1096 391/1133/1097
f 251/638/1098 294/1245/1099 362/1246/1100
f 295/718/1101 251/1247/1101 361/807/1101
f 365/1248/1102 267/1249/1103 265/1250/1104
f 363/809/1105 388/830/1106 240/619/1107
f 364/1150/1108 272/669/1109 367/810/1110
f 345/1251/1111 293/720/1112 371/1143/1113
f 237/1252/1114 373/1253/1114 374/1254/1114
f 369/1255/1115 260/1256/1115 345/1257/1115
f 370/812/1116 374/640/1116 250/637/1116
f 369/816/1117 262/658/1117 260/660/1117
f 381/1258/1118 226/580/1119 379/1259/1120
f 374/640/1121 370/812/1121 237/814/1121
f 368/815/1122 363/809/1122 262/658/1122
f 248/851/1123 384/1159/1123 383/849/1123
f 379/1260/1124 382/1261/1125 256/652/1126
f 577/1262/1127 220/596/1128 375/1137/1129
f 217/585/1130 379/1263/1131 226/586/1132
f 381/1242/1133 256/652/1133 258/651/1133
f 362/1264/1134 253/837/1135 390/1265/1136
f 362/1246/1137 385/824/1137 251/638/1137
f 199/1112/1138 368/1113/1138 387/1266/1138
f 363/809/1139 368/815/1139 389/1267/1139
f 253/837/542 391/839/544 390/1265/1140
f 378/1268/1141 226/580/1142 392/1269/1143
f 231/616/1144 400/1270/1144 419/1271/1144
f 185/485/1145 412/855/1146 411/662/1147
f 408/486/1148 305/727/1149 413/487/1150
f 337/1233/1151 413/487/1152 305/727/1153
f 411/662/1154 407/1272/1154 179/490/1154
f 301/1273/1155 302/1274/1155 409/1275/1155
f 269/1276/1156 412/1277/1156 335/1174/1156
f 400/1270/1157 196/517/1158 418/519/1159
f 414/860/1160 158/474/1160 161/457/1160
f 164/1278/1161 234/610/1162 422/1149/1163
f 416/1279/1164 235/602/1165 421/1280/1166
f 418/1281/1167 161/457/1168 419/859/1169
f 317/865/1170 430/423/1171 427/863/1172
f 428/1282/1173 429/1283/1173 157/1284/1173
f 317/865/1174 428/1285/1175 157/422/1176
f 426/418/1177 308/747/1178 427/1286/1179
f 315/742/1180 425/1087/1181 443/736/1182
f 491/1287/1183 436/401/1184 310/867/1185
f 315/742/1186 426/418/1186 154/416/1186
f 423/1197/1187 424/1288/1187 150/1289/1187
f 436/401/1188 437/868/1188 310/867/1188
f 146/1076/1189 440/1290/1190 142/1291/1191
f 487/1216/1192 435/403/1192 438/402/1192
f 431/1292/1193 311/1293/1194 146/1073/1195
f 140/873/1196 152/438/1197 456/874/1198
f 311/737/1199 443/736/1199 444/1294/1199
f 140/1295/1200 425/1087/1200 148/415/1200
f 445/1296/1201 446/1297/1201 131/1298/1201
f 152/436/1202 454/870/1202 456/1299/1202
f 119/329/1203 150/441/1204 433/862/1205
f 455/1300/1206 144/1081/1207 145/1080/1208
f 481/1301/1209 484/1302/1210 482/1303/1211
f 453/1059/1212 452/1304/1212 140/1305/1212
f 475/770/1213 113/1306/1213 319/771/1213
f 88/1307/1214 483/304/1215 476/1039/1216
f 183/492/1217 479/1035/1218 480/885/1219
f 461/537/1220 113/877/1221 474/876/1222
f 479/1308/1223 407/1309/1224 478/1310/1225
f 465/568/1226 110/307/1227 463/1114/1228
f 267/1311/1229 482/1312/1229 484/1313/1229
f 264/1314/1230 484/1315/1231 485/1316/1232
f 473/1043/1233 471/1051/1233 181/500/1233
f 466/309/1234 462/1115/1235 463/1114/1236
f 180/498/1237 471/1051/1238 470/1055/1239
f 459/1317/1240 111/1040/1241 458/1318/1242
f 407/1319/1243 264/1314/1244 478/1320/1245
f 494/893/1246 320/767/1247 326/1321/1248
f 492/1322/1249 488/300/1249 489/1025/1249
f 106/295/1250 487/1323/1251 105/293/1252
f 508/1324/1253 112/878/1254 480/885/1255
f 84/1325/1256 504/1326/1257 503/1327/1258
f 476/1328/1259 475/770/1259 323/769/1259
f 503/1329/1260 502/237/1260 84/239/1260
f 112/878/1261 507/1330/1262 93/1016/1263
f 86/1022/1264 506/1331/1265 498/1020/1266
f 108/1332/1267 511/1333/1267 512/1334/1267
f 510/1335/1268 508/1324/1268 480/885/1268
f 114/302/1269 510/1335/1269 480/885/1269
f 88/264/1270 476/1336/1270 505/262/1270
f 89/254/1271 512/1337/1271 511/252/1271
f 416/1338/1272 526/1339/1273 527/834/1274
f 387/1340/1275 524/1341/1276 523/1342/1277
f 526/1343/1278 524/1344/1279 527/1345/1280
f 521/1346/1281 206/1347/1282 523/1342/1283
f 526/1343/1284 525/1348/1285 523/1349/1286
f 523/1342/1287 206/1347/1287 199/1350/1287
f 522/196/1288 414/860/1289 415/905/1290
f 201/1351/1291 515/1352/1291 517/1353/1291
f 528/1354/1292 626/1355/1293 625/1356/1294
f 520/1357/1295 519/1358/1295 83/1003/1295
f 521/1007/1296 514/224/1296 204/546/1296
f 531/1359/1297 83/1003/1297 519/1358/1297
f 165/1360/1298 538/448/280 158/447/279
f 167/481/1299 534/194/1300 533/203/1301
f 528/1000/1302 529/1361/1302 71/1001/1302
f 539/1362/1303 528/1363/1303 522/1364/1303
f 169/454/1304 535/992/1305 532/1365/1306
f 555/1366/1307 556/163/1308 557/1367/1309
f 533/203/1310 519/997/1310 167/481/1310
f 221/1368/1311 556/1369/1311 553/1370/1311
f 221/594/1312 377/1371/1313 376/595/1314
f 558/18/1315 559/926/1315 546/927/1315
f 594/1108/1316 558/18/1316 546/927/1316
f 63/155/1317 555/735/1318 552/156/1319
f 542/1372/1320 545/1373/1320 211/1374/1320
f 545/986/1321 542/1375/1321 59/987/1321
f 550/1376/1322 563/1377/1322 565/1378/1322
f 565/1379/1323 243/635/1323 550/634/1323
f 564/979/1324 562/140/1324 563/139/1324
f 53/1380/1325 54/136/1326 243/635/1327
f 44/1381/1328 573/1382/1329 569/1383/1330
f 569/965/1331 40/110/1331 44/101/1331
f 195/522/1332 571/1384/1333 572/520/1334
f 218/598/1335 578/1385/1336 195/1138/1337
f 375/1137/1338 574/1386/1338 577/1262/1338
f 40/110/1339 570/937/1340 584/936/1341
f 35/1387/1342 583/1388/1342 34/127/1342
f 30/55/1343 51/145/1344 29/53/1345
f 560/1389/1346 559/1390/1346 581/70/1346
f 579/1391/1347 24/1392/1347 49/1393/1347
f 52/939/1348 14/938/1348 51/1394/1348
f 570/937/1349 585/1395/1350 30/55/1351
f 560/1389/1352 27/72/1353 49/1396/1354
f 35/119/1355 584/936/1355 583/1397/1355
f 7/19/1356 13/1398/1357 3/1399/1358
f 559/926/1359 591/17/1360 581/1400/1361
f 598/23/1362 599/1401/1362 597/8/1362
f 8/1402/1363 596/1403/1363 37/1404/1363
f 597/1405/1364 568/118/1365 38/116/1366
f 20/73/1367 26/71/1367 589/25/1367
f 34/127/1368 582/1406/1369 595/963/1370
f 593/9/1371 6/24/1371 9/26/1371
f 3/32/1372 13/1407/1372 587/33/1372
f 600/1408/1373 669/1409/1373 672/1410/1373
f 603/1411/1374 657/1412/1374 658/1413/1374
f 602/1414/1375 655/1415/1375 656/1416/1375
f 601/1417/1376 629/1418/1376 630/1419/1376
f 676/1031/1377 675/1030/1377 604/1420/1377
f 620/1421/1378 82/229/1379 83/223/1379
f 624/1422/1380 607/1423/1381 614/1424/1382
f 677/1425/1383 676/1426/1383 604/1427/1383
f 647/1428/355 201/555/355 395/1099/355
f 678/1429/1384 677/1430/1384 604/1431/1384
f 675/1432/1385 678/1433/1385 604/1434/1385
f 614/1435/129 607/1436/129 529/1437/129
f 658/1438/214 121/1439/214 127/339/214
f 90/1029/721 677/1440/721 678/1441/721
f 5/29/14 6/24/14 635/1442/14
f 5/29/14 635/1442/14 638/1443/14
f 636/1444/1386 634/1445/14 2/11/14
f 5/29/14 638/1443/14 637/30/14
f 637/30/14 636/1444/1386 2/11/14
f 57/149/91 549/1191/1387 299/150/92
f 72/176/129 609/1446/129 615/209/129
f 613/210/129 612/1447/129 73/211/129
f 73/211/129 72/176/129 615/209/129
f 529/1437/130 607/1436/130 608/1448/130
f 529/1437/130 608/1448/130 606/1449/1388
f 610/1450/130 609/1446/130 72/176/130
f 611/1451/1389 610/1450/130 72/176/130
f 71/212/130 529/1437/130 606/1449/1388
f 605/213/130 611/1451/1389 72/176/130
f 71/212/130 606/1449/1388 605/213/130
f 622/222/138 79/217/138 82/220/138
f 82/220/138 621/1452/138 623/221/138
f 79/217/146 622/222/146 627/1453/146
f 628/233/146 626/1355/146 81/218/146
f 79/217/146 627/1453/146 628/233/146
f 668/1454/190 103/277/190 491/296/190
f 491/296/190 490/1455/190 669/1456/190
f 669/1456/190 666/1457/1390 665/297/190
f 667/298/190 668/1454/190 491/296/190
f 491/296/190 669/1456/190 665/297/190
f 110/307/200 405/1129/1391 469/310/198
f 469/310/198 470/1055/1392 109/1054/1393
f 493/311/199 468/886/1394 110/307/200
f 469/310/198 109/1054/1393 493/311/199
f 455/337/213 120/340/213 655/342/213
f 664/338/213 659/1458/213 127/339/213
f 455/337/213 655/342/213 664/338/213
f 120/340/214 660/1459/214 656/341/214
f 115/312/223 121/349/223 657/1460/223
f 657/1460/223 661/1461/1395 662/350/223
f 663/351/223 660/1462/223 120/317/223
f 115/312/223 657/1460/223 662/350/223
f 663/351/223 120/317/223 115/312/223
f 201/555/337 641/1463/337 640/1464/337
f 201/555/337 640/1464/337 639/1465/337
f 646/1466/337 645/1467/337 200/533/337
f 644/532/338 646/1466/337 200/533/337
f 197/530/337 201/555/337 639/1465/337
f 197/530/337 639/1465/337 642/1468/337
f 644/532/338 200/533/337 197/530/337
f 197/530/337 642/1468/337 643/531/337
f 200/533/355 645/1467/355 651/556/355
f 330/763/496 329/1469/1396 322/764/497
f 332/789/512 279/703/1397 338/678/513
f 240/619/525 261/618/1398 262/658/526
f 181/493/568 183/492/1399 112/878/566
f 472/879/567 473/1470/1400 181/493/568
f 9/907/582 589/1471/1401 26/908/583
f 529/910/586 624/1472/586 619/911/586
f 2/11/612 634/1445/1402 633/1473/612
f 2/11/612 633/1473/612 630/1474/612
f 632/1475/1402 635/1442/612 6/24/612
f 631/946/612 632/1475/1402 6/24/612
f 593/9/612 2/11/612 630/1474/612
f 593/9/612 630/1474/612 629/945/611
f 631/946/612 6/24/612 593/9/612
f 19/39/613 588/2/1403 1/1/614
f 20/73/628 586/31/1404 5/29/629
f 37/959/632 596/1476/1405 597/960/633
f 595/963/637 8/1477/1406 37/128/638
f 49/964/640 24/49/1407 580/956/641
f 569/965/643 54/135/1408 50/134/644
f 569/966/646 573/1478/1409 566/967/647
f 55/146/649 59/148/1410 542/969/650
f 546/927/657 55/146/1411 208/564/655
f 208/564/655 541/525/1412 540/973/656
f 60/170/661 547/1479/1413 543/978/662
f 56/171/668 58/147/1414 49/989/669
f 78/185/671 67/201/1415 537/991/672
f 77/183/676 532/1365/1416 535/992/677
f 530/995/680 531/996/1417 73/208/1418
f 73/208/1418 612/1480/679 616/993/679
f 616/993/679 614/1481/679 529/994/679
f 530/995/680 73/208/1418 616/993/679
f 539/998/684 522/1482/1419 80/235/685
f 83/1003/691 531/1359/1420 530/912/1421
f 530/912/1421 619/911/692 617/1004/692
f 618/1005/692 620/1483/692 83/1003/691
f 83/1003/691 530/912/1421 617/1004/692
f 99/1009/697 510/1013/1422 114/1010/698
f 507/1014/704 509/1484/1423 508/260/702
f 508/260/702 96/259/1424 93/238/703
f 497/1015/705 501/1485/1425 93/1016/706
f 90/1018/708 500/286/1426 504/288/709
f 103/277/1427 668/1454/712 670/1486/712
f 103/277/1427 670/1486/712 671/1487/1428
f 489/1025/713 488/300/1429 103/277/1427
f 672/1024/712 669/1456/712 490/1455/712
f 674/1023/712 673/1488/1430 672/1024/712
f 103/277/1427 671/1487/1428 674/1023/712
f 672/1024/712 490/1455/712 489/1025/713
f 489/1025/713 103/277/1427 674/1023/712
f 497/1015/714 502/1017/1431 503/291/715
f 106/295/721 500/294/721 678/1441/721
f 106/295/721 678/1441/721 675/1030/722
f 676/1031/721 90/1029/721 106/295/721
f 488/1033/726 492/784/1432 493/881/724
f 493/881/724 109/1032/1433 104/284/725
f 491/1034/727 103/1489/1434 101/280/728
f 114/302/730 480/885/1435 479/1035/731
f 483/304/735 113/877/1436 475/1038/736
f 472/1044/742 112/1490/1437 501/1042/740
f 501/1042/740 471/1051/1438 473/1043/741
f 111/1045/743 461/1491/1439 462/1046/744
f 501/1042/750 497/1492/1440 496/1050/748
f 496/1050/748 109/1054/1441 471/1051/749
f 116/1052/751 455/406/1442 449/395/752
f 130/333/756 452/1304/1443 453/1059/757
f 116/313/762 450/1493/1444 451/871/763
f 124/315/766 448/314/1445 447/1063/767
f 123/348/770 131/352/1446 447/1063/771
f 432/1075/780 431/1494/1447 146/1076/781
f 146/1076/781 142/1291/1448 434/1077/782
f 433/862/783 424/861/1449 437/1078/784
f 143/1082/787 451/1495/1450 450/1083/788
f 537/991/792 166/1496/1451 170/475/793
f 421/1089/797 420/466/1452 174/461/798
f 163/463/800 164/464/1453 422/1091/801
f 167/1092/803 519/1497/1454 520/1093/804
f 536/191/808 535/992/1455 160/453/809
f 547/497/813 182/483/1456 178/482/814
f 178/482/814 544/1498/1457 543/1098/815
f 408/486/1458 185/485/1459 179/490/816
f 410/489/817 409/1499/1460 302/733/818
f 302/733/818 408/486/1458 179/490/816
f 395/1099/819 397/906/1461 186/502/820
f 516/228/825 193/524/1462 186/502/826
f 188/1100/828 518/1500/1463 415/1101/829
f 194/516/831 188/523/1464 414/1103/832
f 189/1105/835 196/513/1465 401/515/836
f 189/521/838 402/850/1466 383/849/839
f 403/843/840 195/522/1467 189/521/838
f 540/973/841 541/525/1468 190/504/842
f 546/927/846 190/504/1469 593/1107/847
f 191/503/849 592/1501/1470 593/1107/850
f 187/1109/852 598/1502/1471 592/1110/853
f 199/1112/855 207/540/1472 389/542/856
f 388/830/858 205/538/1473 474/876/859
f 202/534/862 200/533/1474 463/1114/863
f 463/1114/867 200/533/1475 386/569/868
f 396/508/872 386/569/1476 200/533/1477
f 200/533/1477 650/557/1478 654/1117/870
f 654/1117/870 652/1503/1479 395/1099/871
f 396/508/872 200/533/1477 654/1117/870
f 227/584/873 224/582/1480 384/825/874
f 217/585/886 227/584/1481 382/1131/887
f 227/584/889 385/824/1482 391/1133/890
f 219/590/892 383/847/1483 384/1134/893
f 233/601/895 228/600/1484 387/1135/896
f 373/1139/900 237/1504/1485 238/605/901
f 372/1141/903 238/605/1486 236/604/904
f 369/614/907 345/1251/1487 371/1143/908
f 420/1144/910 421/1280/1488 235/602/911
f 422/1149/917 232/609/1489 231/616/915
f 231/616/915 419/1271/1490 176/1148/916
f 367/810/918 241/617/1491 239/620/919
f 482/1152/923 365/1505/1492 364/1150/921
f 364/1150/921 239/620/1493 481/1151/922
f 483/304/924 481/1151/1494 239/620/925
f 575/1153/927 574/1506/1495 375/632/928
f 244/1154/930 554/1507/1496 551/982/931
f 566/1155/933 573/932/1497 242/621/934
f 242/621/934 243/1508/1498 567/1156/935
f 399/846/938 230/606/1499 370/1157/936
f 370/1157/936 250/642/1500 249/641/937
f 402/1158/939 401/845/1501 249/641/940
f 360/645/945 354/1509/1502 353/1161/943
f 353/1161/943 252/656/1503 257/646/944
f 351/798/946 352/802/1504 259/649/947
f 357/794/949 254/650/1505 259/649/950
f 352/802/952 355/1182/1506 356/795/953
f 258/648/955 254/650/1507 359/1162/956
f 346/1164/958 260/1235/1508 263/1165/959
f 344/1167/961 349/1510/1509 347/1168/962
f 366/811/964 344/661/1510 261/618/965
f 340/1170/967 266/1511/1511 274/1171/968
f 338/1173/970 269/1276/1512 335/1174/971
f 285/697/977 282/696/1513 354/1179/975
f 360/1180/976 359/1512/1514 285/697/977
f 359/1162/980 358/1513/1515 357/794/978
f 357/794/978 286/690/1516 285/694/979
f 252/656/981 353/1161/1517 282/682/982
f 338/678/984 279/703/1518 275/681/985
f 372/1141/988 371/1142/1519 293/1181/989
f 333/1186/994 291/723/1520 348/1187/995
f 378/1189/997 306/732/1521 300/731/998
f 378/1192/1001 394/1514/1522 393/1193/1002
f 557/1196/1005 215/1190/1523 300/731/1006
f 437/868/1008 424/1288/1524 423/1197/1009
f 458/884/1011 309/883/1525 317/1198/1012
f 331/889/1017 317/1198/1526 308/1205/1018
f 313/738/1020 327/1515/1527 318/1207/1021
f 429/1208/1023 428/1516/1528 309/1209/1024
f 434/1215/1028 435/403/1529 487/1216/1029
f 321/768/1034 320/767/1530 498/1220/1035
f 489/778/1037 490/1517/1531 325/780/1038
f 320/1222/1045 318/1518/1532 327/1223/1046
f 460/781/1048 325/780/1533 312/1214/1049
f 277/1225/1054 284/1185/1534 297/1184/1055
f 277/700/1057 334/721/1535 333/1186/1058
f 272/669/1066 266/676/1536 344/661/1067
f 347/1188/1074 349/1519/1537 340/1229/1075
f 381/1242/1080 258/651/1538 393/796/1081
f 356/795/1085 355/1182/1539 284/691/1086
f 332/789/1088 339/790/1540 337/1233/1089
f 337/1233/1089 305/727/1541 350/1227/1090
f 252/656/1091 279/703/1542 350/1227/1092
f 385/824/1095 362/1246/1543 390/1244/1096
f 251/638/1098 295/1520/1544 294/1245/1099
f 265/1250/1104 364/1521/1545 365/1248/1102
f 365/1248/1102 482/1522/1546 267/1249/1103
f 363/809/1105 389/1267/1547 388/830/1106
f 364/1150/1108 265/665/1548 272/669/1109
f 345/1251/1111 346/1236/1549 293/720/1112
f 381/1258/1118 392/1269/1550 226/580/1119
f 379/1260/1124 380/1523/1551 382/1261/1125
f 256/652/1126 381/1242/1552 379/1260/1124
f 577/1262/1127 576/928/1553 220/596/1128
f 217/585/1130 380/1132/1554 379/1263/1131
f 362/1264/1134 294/1524/1555 253/837/1135
f 392/1269/1143 394/1525/1556 378/1268/1141
f 378/1268/1141 215/578/1557 226/580/1142
f 411/662/1147 179/490/1558 185/485/1145
f 185/485/1145 335/858/1559 412/855/1146
f 408/486/1148 302/733/1560 305/727/1149
f 337/1233/1151 335/858/1561 413/487/1152
f 400/1270/1157 399/846/1562 196/517/1158
f 418/519/1159 419/1271/1563 400/1270/1157
f 164/1278/1161 420/1526/1564 234/610/1162
f 234/610/1162 232/609/1565 422/1149/1163
f 416/1279/1164 228/600/1566 235/602/1165
f 418/1281/1167 414/860/1567 161/457/1168
f 317/865/1170 157/422/1568 430/423/1171
f 317/865/1174 309/1527/1569 428/1285/1175
f 426/418/1177 315/742/1570 308/747/1178
f 315/742/1180 154/416/1571 425/1087/1181
f 491/1287/1183 438/402/1572 436/401/1184
f 146/1076/1189 441/1528/1573 440/1290/1190
f 431/1292/1193 432/1529/1574 311/1293/1194
f 311/1293/1194 444/1071/1575 146/1073/1195
f 140/873/1196 148/439/1576 152/438/1197
f 433/862/1205 144/1060/1577 119/329/1203
f 119/329/1203 147/442/1578 150/441/1204
f 455/1300/1206 117/1530/1579 144/1081/1207
f 481/1301/1209 483/1531/1580 484/1302/1210
f 88/1307/1214 108/305/1581 483/304/1215
f 183/492/1217 179/490/1582 479/1035/1218
f 461/537/1220 111/1040/1583 113/877/1221
f 479/1308/1223 179/1532/1584 407/1309/1224
f 465/568/1226 464/570/1585 110/307/1227
f 264/1314/1230 267/1533/1586 484/1315/1231
f 466/309/1234 467/1221/1587 462/1115/1235
f 463/1114/1236 110/307/1588 466/309/1234
f 180/498/1237 181/500/1589 471/1051/1238
f 459/1317/1240 457/1041/1590 111/1040/1241
f 407/1319/1243 411/1534/1591 264/1314/1244
f 264/1314/1244 485/1316/1592 478/1320/1245
f 494/893/1246 495/894/1593 320/767/1247
f 106/295/1250 486/892/1594 487/1323/1251
f 508/1324/1253 509/1535/1595 112/878/1254
f 84/1325/1256 91/1536/1596 504/1326/1257
f 93/1016/1263 501/1485/1597 112/878/1261
f 112/878/1261 509/1535/1598 507/1330/1262
f 86/1022/1264 505/1537/1599 506/1331/1265
f 527/834/1274 228/833/1600 416/1338/1272
f 416/1338/1272 417/1538/1601 526/1339/1273
f 523/1342/1277 199/1350/1602 387/1340/1275
f 387/1340/1275 527/1539/1603 524/1341/1276
f 526/1343/1278 523/1349/1604 524/1344/1279
f 521/1346/1281 204/1540/1605 206/1347/1282
f 526/1343/1284 417/1541/1606 525/1348/1285
f 522/196/1288 165/187/1607 414/860/1289
f 624/1542/1608 529/1543/1609 528/1354/1292
f 528/1354/1292 81/218/1610 626/1355/1293
f 625/1356/1294 624/1542/1608 528/1354/1292
f 167/481/1299 169/477/1611 534/194/1300
f 169/454/1304 160/453/1612 535/992/1305
f 532/1365/1306 534/1544/1613 169/454/1304
f 555/1366/1307 64/161/1614 556/163/1308
f 221/594/1312 553/1545/1615 377/1371/1313
f 63/155/1317 64/1546/1616 555/735/1318
f 54/136/1326 567/138/1617 243/635/1327
f 243/635/1327 565/1379/1618 53/1380/1325
f 44/1381/1328 575/1547/1619 573/1382/1329
f 195/522/1332 578/1548/1620 571/1384/1333
f 218/598/1335 576/1549/1621 578/1385/1336
f 40/110/1339 569/965/1622 570/937/1340
f 30/55/1343 585/1395/1623 51/145/1344
f 570/937/1349 50/134/1624 585/1395/1350
f 560/1389/1352 581/70/1625 27/72/1353
f 7/19/1356 590/941/1626 13/1398/1357
f 559/926/1359 558/18/1627 591/17/1360
f 597/1405/1364 599/1550/1628 568/118/1365
f 34/127/1368 583/1388/1629 582/1406/1369
f 600/1408/1373 666/1551/1373 669/1409/1373
f 603/1411/1374 661/1552/1630 657/1412/1374
f 602/1414/1375 664/1553/1375 655/1415/1375
f 620/1421/1378 621/1554/1378 82/229/1379
f 616/1555/1380 617/1556/1380 619/1557/1380
f 624/1422/1380 625/1558/1381 608/1559/1380
f 616/1555/1380 619/1557/1380 624/1422/1380
f 614/1424/1382 616/1555/1380 624/1422/1380
f 624/1422/1380 608/1559/1380 607/1423/1381
f 395/1099/355 652/1503/355 653/1560/355
f 653/1560/355 648/1561/355 647/1428/355
f 649/1562/355 641/1463/355 201/555/355
f 395/1099/355 653/1560/355 647/1428/355
f 647/1428/355 649/1562/355 201/555/355
f 127/339/214 659/1458/214 658/1438/214
f 658/1438/214 657/1563/214 121/1439/214
f 90/1029/721 676/1031/721 677/1440/721
f 678/1441/721 500/294/721 90/1029/721
